row_id,movie_id,person_id,statement_id
directors_0,Q1000210,Q2077488,Q1000210-674369A8-4331-4F85-8AC5-4B74F8449009
directors_1,Q10005695,Q7396742,Q10005695-69d28c2a-4df6-7b9f-2e8a-0ac2ee7cc3fb
directors_2,Q1000825,Q360509,q1000825-604A3A96-9DF0-4AF1-B1EE-9277B4B7CF02
directors_3,Q1001400,Q21104467,Q1001400-a5be7353-48d5-8fdf-891d-2015900ebbdc
directors_4,Q100145860,Q920040,Q100145860-bfbee4cc-4cb4-ff95-3e74-1fcc8843ee07
directors_5,Q100146136,Q99973620,Q100146136-3ea66988-40d8-b2f5-e547-99220d477629
directors_6,Q100148067,Q114917254,Q100148067-225859FB-0C8A-464E-BAE5-82BDF6AA522A
directors_7,Q100148075,Q28973985,Q100148075-56579a28-4738-b9ab-1fdc-b4f2c580979c
directors_8,Q100148079,Q106283255,Q100148079-38E7D89E-35F8-4A1D-A375-23D59C58BEFF
directors_9,Q100148104,Q106265068,Q100148104-011DDF78-8D23-4FEE-9426-03A96AA5DD48
directors_10,Q100156260,Q3756624,Q100156260-8058acf6-45f2-8c31-8ed1-8cddd1b1d300
directors_11,Q1001863,Q377755,q1001863-259D80D1-12C7-46F6-951D-516FE83BB166
directors_12,Q1002100,Q51566,q1002100-7B20B0D6-EDBB-49C7-9DE9-FE019F2B3C2F
directors_13,Q1002251,Q51582,q1002251-4C36E131-FB34-4BA8-8AF7-0CB18A6F2EBD
directors_14,Q100227242,Q970619,Q100227242-BF606491-49FD-4BAA-8CA6-0B9F7FD438F4
directors_15,Q100232971,Q24068624,Q100232971-af397b02-41e8-4091-3f2a-201c53af0ec9
directors_16,Q1002495,Q2297794,Q1002495-0af73443-234e-4175-832d-e824624a929c
directors_17,Q1002495,Q3142408,Q1002495-374F21AF-FBD7-4A21-803C-0FC7D026C40A
directors_18,Q100249779,Q115272101,Q100249779-D295C22D-E7E9-4961-B888-289CF3ED9E3E
directors_19,Q100249839,Q52745846,Q100249839-3B686AF7-CF26-4470-803A-1FBD3A7ED3BD
directors_20,Q100252108,Q10359389,Q100252108-0db77613-4a91-3d9f-d610-c062cefb2c35
directors_21,Q100255139,Q100255155,Q100255139-d41d9ce2-4511-357e-0ecc-43ac6c4866e0
directors_22,Q100255219,Q100255254,Q100255219-f6c9748f-4abf-118e-82ee-b96f7ce49501
directors_23,Q100255627,Q110075942,Q100255627-85ac9de6-48cd-54d3-69ef-7eb127af1136
directors_24,Q100255759,Q42400391,Q100255759-01e7fca6-4a53-4b6e-2cab-e4cbb9a94483
directors_25,Q100257336,Q15064148,Q100257336-68028b30-43b5-4609-bcea-bac06e5d8eca
directors_26,Q100257527,Q5748172,Q100257527-cf16438b-42cc-5e16-863f-68363fca47ff
directors_27,Q100261459,Q115079424,Q100261459-7d54c9ba-4912-cfcb-de09-8ae38fab9dda
directors_28,Q100263944,Q100292024,Q100263944-ae11be4c-4a58-5ca4-ff65-364438bfc6f0
directors_29,Q100265988,Q115298067,Q100265988-dc667650-4de0-aa5a-e66e-0e443c6ad1c4
directors_30,Q100269546,Q3419462,Q100269546-c13be4b2-46ed-87de-b4a4-dddeafd23081
directors_31,Q100271118,Q7238443,Q100271118-5a4e5310-46ea-f2ce-a4ec-175298d171cb
directors_32,Q100275068,Q100274911,Q100275068-32f0ea5b-4d94-6cc7-86de-5593d2262057
directors_33,Q100276888,Q100566035,Q100276888-341D8A96-59B2-452A-9054-3D5D8B60C41C
directors_34,Q100300781,Q22279474,Q100300781-3D33FD30-6E2A-4AC6-B984-AE02D765AE6F
directors_35,Q1003106,Q470104,q1003106-D4301CD1-1AC8-48D8-BAB9-7330A1EEECAB
directors_36,Q1003135,Q113502494,Q1003135-0376988C-D57F-43FB-8590-095568EA17B1
directors_37,Q1003220,Q101068,Q1003220-24BD07A0-E5C2-479B-902F-CF09C86C7106
directors_38,Q100323656,Q66041,Q100323656-a02d3afb-437f-7567-9de9-0a0318834cea
directors_39,Q100324181,Q259940,Q100324181-e714efeb-48b7-a438-3f81-43b39973a742
directors_40,Q1003411,Q109406141,Q1003411-33B9A4C1-1C2C-4026-9C80-B934D484A4C5
directors_41,Q100349419,Q65105,Q100349419-157e6b39-42ab-bd34-e99a-1b7f76dba8cb
directors_42,Q100361125,Q446960,Q100361125-4a03d32e-409f-5848-c71f-3eca93296a41
directors_43,Q100361355,Q6701948,Q100361355-ABDF4DBF-9167-4B18-AFBE-EF01A5EE13D9
directors_44,Q100361490,Q350405,Q100361490-32e7f819-478f-d7b4-5d1c-8c58903e82dc
directors_45,Q10037462,Q10333325,Q10037462-49e6b89c-40f5-f452-6b75-6d7d5746c233
directors_46,Q100376481,Q5214683,Q100376481-ae558ca0-4736-1878-b1b5-44d1db7d7e8c
directors_47,Q100377303,Q18328904,Q100377303-5d65775c-4207-12e9-f16b-04e0401f493e
directors_48,Q1003782,Q5258636,q1003782-63EFB158-D4CD-4560-9FE5-D068076BB558
directors_49,Q1003845,Q267524,q1003845-11E48561-AAAD-4A9C-B995-F589D51127E9
directors_50,Q100398223,Q106594220,Q100398223-4FF728B5-3EBD-4437-8D34-50B94B644D0F
directors_51,Q100401223,Q61110685,Q100401223-1cf342a7-436b-af71-bd27-2b0843661d89
directors_52,Q10041645,Q114012286,Q10041645-92C88BE0-5D25-46DA-ADE6-85B1D7BEFB4E
directors_53,Q10041645,Q123597741,Q10041645-70D71F71-EA61-4F2A-9651-AB500A4ED65F
directors_54,Q10041645,Q76505664,Q10041645-D2FAC03B-C603-4285-B145-FE85A9422680
directors_55,Q100422251,Q13600449,Q100422251-2ad5aea9-41cd-9912-ed13-236b4874cf76
directors_56,Q100422251,Q13600455,Q100422251-2fc3858e-4ae2-c403-d6d1-775d4d39b947
directors_57,Q1004392,Q202597,q1004392-A2344ED6-E95A-4E0A-865C-B2E9D97BD69D
directors_58,Q1004440,Q721446,q1004440-FEA1894A-6804-41BB-999F-60F2D6F57F3B
directors_59,Q100450069,Q1986107,Q100450069-b8ae15c6-49fd-84c2-a476-ddaf63950f7a
directors_60,Q100450102,Q628872,Q100450102-b02dee46-4362-2e9a-cc91-aa171c867cab
directors_61,Q100452749,Q98435110,Q100452749-aad25f87-47e4-bad8-ec55-c7486b449460
directors_62,Q1004657,Q714496,q1004657-A97A1258-07A2-4070-A39F-268A2F598476
directors_63,Q1004710,Q2475993,q1004710-A7C5A777-FDC2-4EE3-A813-37B923874373
directors_64,Q1004801,Q1000860,Q1004801-D1969818-7DCF-426D-8845-65A24A3F9174
directors_65,Q100489991,Q4412743,Q100489991-3ce75edb-4e8b-594d-0402-a2e25e683193
directors_66,Q100490548,Q6608626,Q100490548-964B5F9C-5807-4FE7-ADB4-DDF9768BA3F0
directors_67,Q100506077,Q105581639,Q100506077-7cdeaad4-44e0-4089-6164-77094157ccc1
directors_68,Q100532928,Q4773433,Q100532928-3ce3de6b-4336-0fde-1bc6-87cebd39af9e
directors_69,Q100535001,Q12275124,Q100535001-0F04EB57-935F-4237-B735-3D099C064247
directors_70,Q100535001,Q26906580,Q100535001-0CC4A371-DCF5-464C-9C09-5A55A622B9C4
directors_71,Q1005361,Q17638666,Q1005361-6A1BD421-4F62-4CA3-A19F-BB8924244FDC
directors_72,Q100550091,Q114340485,Q100550091-81F80A2A-F4FA-4FE0-A103-C71D4C2651B4
directors_73,Q100557141,Q3219330,Q100557141-9091BDC2-5609-4551-ADD5-B6BA15F591BD
directors_74,Q100558146,Q15456123,Q100558146-419C8410-1BA0-43BA-A219-AC01064C4817
directors_75,Q100564447,Q88552908,Q100564447-15ADE823-17BF-4DCA-BD95-7E94F4F4C2B2
directors_76,Q100573244,Q3052647,Q100573244-79A40993-B8E1-4229-BF36-3F722DFAF0E7
directors_77,Q100604555,Q19260577,Q100604555-93760FE2-F9DA-40DD-ABAD-091E76ACE817
directors_78,Q100604559,Q22279474,Q100604559-f911aed2-4190-6619-30da-b49fef07be61
directors_79,Q100606376,Q99973620,Q100606376-0a7e6e00-49be-cbf6-4ae3-e961d6993b59
directors_80,Q100613366,Q721429,Q100613366-A4DF47AF-CDAF-4ADE-86BF-1D5385A00FB3
directors_81,Q100683417,Q100589506,Q100683417-d09fdd9a-4d93-38ac-feae-f377fd744fcd
directors_82,Q100693180,Q101444744,Q100693180-539E4114-BED9-4EA5-9DE9-C85351DDE4BB
directors_83,Q100699177,Q107656618,Q100699177-D519FF16-4053-4129-AA08-B2B697C9DBB0
directors_84,Q100699177,Q42393968,Q100699177-870573A6-5EFD-4945-8870-84B1F27EFFE1
directors_85,Q100699493,Q13638906,Q100699493-e9cbc389-4698-3daa-ff76-2d319dc44ef2
directors_86,Q100700071,Q15981681,Q100700071-DBE15C83-53D8-45E5-B62E-F385AFDAE687
directors_87,Q100701374,Q83027896,Q100701374-e93aa96f-4967-7979-fb32-cc810ed1d4b1
directors_88,Q100703600,Q100703722,Q100703600-27d7c541-4b62-79c3-8149-e00c928128dc
directors_89,Q100704907,Q6748387,Q100704907-19ae08ba-41f2-7e0b-bde5-347a839a009a
directors_90,Q100707295,Q84424444,Q100707295-f8175d69-4c27-5b1d-e013-1d181e54998c
directors_91,Q100707365,Q6134858,Q100707365-648f5f0c-42f4-6211-2333-d3c7d5c2b268
directors_92,Q100708744,Q23663310,Q100708744-6866de1a-4898-a592-36b1-80851398c1cb
directors_93,Q100716189,Q1524135,Q100716189-f810e09f-41ee-75d1-3133-c5f58c43cda0
directors_94,Q100718095,Q117863872,Q100718095-426A3BF4-B296-4D59-A3D9-B4B086EF7674
directors_95,Q100718251,Q100717847,Q100718251-E81E7855-CE69-467A-8B2B-F47775BE4B04
directors_96,Q100719246,Q96581188,Q100719246-0DA67D52-D52B-4DD4-9D3B-32A086A318C5
directors_97,Q100719246,Q96581197,Q100719246-0DAC3DD2-F4E2-404B-9314-786909D8843B
directors_98,Q100721048,Q100719476,Q100721048-AC3CE4F7-C4DD-4776-AE6A-BFA077ABCBC7
directors_99,Q100722067,Q3456046,Q100722067-ca118af7-4e2e-a376-63ad-c837f0eedf10
directors_100,Q100724914,Q7334238,Q100724914-6527364a-4b9b-a3ed-c04b-896b7357c76d
directors_101,Q100736066,Q55294,Q100736066-021970A7-4B04-4691-A8D0-19252C95392F
directors_102,Q100740616,Q100742766,Q100740616-ed67978b-4c07-41a7-631c-d7acf175fa9b
directors_103,Q100740657,Q23794228,Q100740657-6655aac1-4712-ca36-51f7-266d5a793f17
directors_104,Q100744821,Q95216483,Q100744821-df2843e2-4ed7-1a26-37ee-3e9f8d38b705
directors_105,Q100744821,Q95332881,Q100744821-7c2d0712-4ae7-f1b1-d7e1-767015f38123
directors_106,Q100745823,Q89911060,Q100745823-bb6384c5-4842-fb13-f37e-5d4ac54c2266
directors_107,Q100753217,Q95832100,Q100753217-38fbd8e8-4d6d-9484-2ec1-21c08550c091
directors_108,Q1007629,Q7261235,q1007629-B2ED8F68-A316-4452-99AA-9DBD881ABDB4
directors_109,Q100774045,Q24951264,Q100774045-32d00433-4cae-c6fc-21e9-9d505f7f8f32
directors_110,Q100783666,Q106712685,Q100783666-52095839-D554-4B8D-BFA5-DFB9561CA01C
directors_111,Q100801718,Q200355,Q100801718-07b31e41-4bb6-0b44-f0e6-410e31acc962
directors_112,Q100844812,Q113699491,Q100844812-20D61331-FA75-4B68-8A47-AC07A1FC36FE
directors_113,Q100859606,Q7823525,Q100859606-9ed66b0e-4044-bd60-78b9-39cf5fde707d
directors_114,Q1008785,Q3479126,Q1008785-E4231564-2139-451B-AC4D-071C542A7C0E
directors_115,Q1008801,Q7906291,q1008801-70DFE95D-D6D5-4393-9ECA-C8CBCD237C5C
directors_116,Q100886621,Q18054704,Q100886621-83f3d444-49cb-86b1-0662-f7f49ce1e681
directors_117,Q100889636,Q315484,Q100889636-a5f9cceb-4145-08b5-dd0e-5fd64e6968b9
directors_118,Q100930419,Q1935664,Q100930419-40102147-4333-d483-d7ad-9143338810df
directors_119,Q100931010,Q3288532,Q100931010-765bccc9-4f9e-8b54-1006-967f42a8b319
directors_120,Q100941289,Q16611774,Q100941289-88c9e0a1-48e5-4d37-92b6-b99935de5a40
directors_121,Q100945934,Q108731970,Q100945934-f13e051a-404a-9182-4b88-396763ebab0d
directors_122,Q100967106,Q27044344,Q100967106-b949c17f-4578-be3a-75a0-eb8c574edf8b
directors_123,Q100980095,Q5219645,Q100980095-0416f923-4c9a-ca49-c63e-fad6ca6e7ca0
directors_124,Q100984113,Q95766010,Q100984113-90b11e8a-4f5b-94da-b994-b4ae2ddc12ff
directors_125,Q101001358,Q345771,Q101001358-3b49e33b-4eb0-1a17-665d-0a8c2ebfca59
directors_126,Q101001959,Q51893308,Q101001959-b2c71b09-43ec-0e5c-fc8d-1dd0c364df85
directors_127,Q101002778,Q104867022,Q101002778-1C8F6C85-9A77-4BB5-802C-42DC17B3DF1F
directors_128,Q101005247,Q28064800,Q101005247-838ed2bc-4a7a-397a-e51a-5dea96d9ee65
directors_129,Q1010058,Q4952230,q1010058-D2F6CB05-4E66-4A23-9F07-1761D36EE3B0
directors_130,Q1010071,Q1391329,q1010071-FCBA4C71-9256-4187-9C8F-1072419293B8
directors_131,Q1010082,Q6434855,q1010082-1E385931-4743-40C5-94C1-6020B39F4B6E
directors_132,Q1010099,Q973915,q1010099-FBAC5402-5494-41AB-A258-5DD3E23FA7B6
directors_133,Q1010104,Q7844679,q1010104-9ABAF6FC-C57B-4827-AFA3-3E31EF5D013A
directors_134,Q101010925,Q11704505,Q101010925-43a1f44a-465d-55d9-96a6-7f095e06f260
directors_135,Q101030417,Q20385072,Q101030417-e7853e21-4613-6821-c311-8c2f34b81a49
directors_136,Q101033424,Q4817823,Q101033424-cd8c0271-40ad-d32b-69b2-0632ae4d5d5a
directors_137,Q101040730,Q12263689,Q101040730-e1d346bb-42ba-66bf-3747-a526542bc2d6
directors_138,Q101046574,Q114390762,Q101046574-5c7a5b55-4bbb-56ed-c69d-c909f392bb1e
directors_139,Q101058798,Q3370199,Q101058798-5e4d2d65-4195-f9bf-2291-1a97ca1dfa35
directors_140,Q101069738,Q6216955,Q101069738-2a843b54-4ea9-8528-6d81-f7d68ddeb6f7
directors_141,Q101070072,Q1932587,Q101070072-c5832c77-4475-716c-c77e-d8b78de03646
directors_142,Q101072559,Q106651270,Q101072559-FB0D5A33-EAFC-40A2-868B-202A512422D9
directors_143,Q101078012,Q105092687,Q101078012-0EE49A36-DAFA-4757-AD1C-5226F2712A35
directors_144,Q101090249,Q101089604,Q101090249-4CBC2BCA-9B09-4974-B9D0-ECBAD8ADA535
directors_145,Q101091534,Q101090684,Q101091534-12FF23CF-3956-4BD1-BCCF-CC00907B8E9C
directors_146,Q101091774,Q3369526,Q101091774-6ABC8F9F-B8AF-4071-8642-AA3A21A7980B
directors_147,Q101093410,Q773523,Q101093410-7fb6eb29-428e-5a54-b745-0751250ae9e1
directors_148,Q101094463,Q3294263,Q101094463-cd2dceeb-4890-ca95-402f-818eb9f831fb
directors_149,Q101098258,Q3418487,Q101098258-4d77333c-4743-a015-c2aa-882c79466895
directors_150,Q101112656,Q897115,Q101112656-1be2d203-4fea-b2e7-c4b2-5872db23df01
directors_151,Q101118878,Q16885837,Q101118878-FBA6D170-1B4A-4B9E-9BAC-05C78009232B
directors_152,Q101154409,Q27043825,Q101154409-6ae85099-4add-18ef-8d93-801c64ce7b17
directors_153,Q101157677,Q115244758,Q101157677-E696D2D2-E3C5-4D47-9558-16605519A0D0
directors_154,Q101189470,Q2414254,Q101189470-89f26fed-413d-101c-708d-7b3f74b400bf
directors_155,Q101195419,Q3136157,Q101195419-67d430f7-4b9a-8255-2c81-0332d99f4977
directors_156,Q101201255,Q117862460,Q101201255-74C1E0AA-1BD3-41C5-B511-C818EC31B142
directors_157,Q101215825,Q3510258,Q101215825-b5978ec3-44ff-52b7-8747-f1410acd12a6
directors_158,Q101229556,Q8005891,Q101229556-18a98a85-49f9-3dbe-8e35-c4927ea63154
directors_159,Q101235198,Q248764,Q101235198-b81aa64d-4f8c-ff32-09c8-1eca5d42eb61
directors_160,Q101237151,Q15981681,Q101237151-99a7c4af-4ed3-c292-88d8-e429dcddbd92
directors_161,Q101242346,Q95188263,Q101242346-bd332229-413e-c483-0581-383c24b5811a
directors_162,Q101244962,Q55815086,Q101244962-7F59A0EE-304D-4397-AE73-B6528D6C255F
directors_163,Q101245020,Q1335528,Q101245020-B305C789-9513-4FC6-88B8-84FF90995975
directors_164,Q101245186,Q66293755,Q101245186-4af127e0-4f7a-8f25-64d2-b5df641f6c4e
directors_165,Q101245207,Q56529054,Q101245207-E242279C-5B26-4D8A-8CCF-66B2B3F04EF4
directors_166,Q101245257,Q2887372,Q101245257-6eba0fb0-4cad-ffb7-d01b-a80f1f49394e
directors_167,Q101245257,Q58895647,Q101245257-cf6e11c4-4559-e3ad-1237-cb8a5c5ec63c
directors_168,Q101245261,Q105076473,Q101245261-7d452579-492f-7b02-2e18-bbca9323347c
directors_169,Q101245363,Q7030022,Q101245363-AC9C4820-34F7-4005-BC09-8BA4B404761A
directors_170,Q101245383,Q263501,Q101245383-95A953AA-2B61-4FCA-A89B-30781701A834
directors_171,Q101245404,Q7913064,Q101245404-79418C8A-DEA9-4F65-A3C2-8155177F34F2
directors_172,Q101245465,Q25753785,Q101245465-83C17960-C04C-41B6-8D40-8639F7E6C90C
directors_173,Q101245576,Q116270108,Q101245576-a71d20a5-4086-ee94-82b8-fe31bbc54e34
directors_174,Q101245576,Q12059189,Q101245576-9BCEA5BD-96FA-4171-8D42-3050C27CF86B
directors_175,Q101246909,Q64288754,Q101246909-2a55af7d-4903-f5de-09da-aac0df421656
directors_176,Q101247441,Q16028903,Q101247441-ac477df3-4e0b-1fc5-1eb6-7366e5f7c9e1
directors_177,Q1012729,Q5947811,q1012729-7CF1CCA9-4F6E-4866-ADBA-FF3CB947D7DF
directors_178,Q101305401,Q16222543,Q101305401-515924aa-499f-3183-4974-820caa9c395f
directors_179,Q1014049,Q702546,q1014049-6410952F-115B-43BC-AD63-5BEA59E30817
directors_180,Q101405992,Q12042553,Q101405992-d7136931-4128-061b-e998-af37f77d92ed
directors_181,Q101417413,Q1386296,Q101417413-fe1b1180-4832-2e08-4027-dc6eed97443d
directors_182,Q101423189,Q3193693,Q101423189-bd288c3a-4893-28c0-93ce-04c03709ed9f
directors_183,Q101423732,Q6833951,Q101423732-43f6b6f0-4a4d-0981-abdd-b99d546de0f5
directors_184,Q101435417,Q101537752,Q101435417-268226f3-4d29-683f-c142-b3f256e9761b
directors_185,Q101436972,Q101466383,Q101436972-5e38c5be-49c2-b827-8033-df6216ebe45d
directors_186,Q101436972,Q101467785,Q101436972-3a3a651f-4e62-e846-4038-ebd6458d123f
directors_187,Q101438775,Q3090228,Q101438775-EECD39DC-B9FC-4F3A-AB17-E85419AEABA3
directors_188,Q101438781,Q2871973,Q101438781-272E31B9-11DD-46F1-9D99-1F60D24FD5D0
directors_189,Q101440388,Q60100,Q101440388-135a4153-4b50-f4a2-2016-8c47e522ea22
directors_190,Q101487946,Q17629552,Q101487946-6778c7ca-457c-89db-4229-3b81612be011
directors_191,Q101487946,Q65562351,Q101487946-fbcb4f0b-43d1-c803-5a51-341dd52491f0
directors_192,Q101497580,Q102318036,Q101497580-FD6A788E-4FD5-404D-83AE-31A6940DEA85
directors_193,Q101503314,Q1158546,Q101503314-18bb5777-48b1-449d-ebcb-1a0713e769a7
directors_194,Q101576107,Q61765779,Q101576107-432e99ea-4da7-1940-2009-83eeecffd219
directors_195,Q101580184,Q25315761,Q101580184-f06bba63-4c5e-1df5-3366-7f16f6a1104d
directors_196,Q1015807,Q12712786,Q1015807-9FB47EBD-CB78-4F0E-B239-0D9C02F7FB21
directors_197,Q101584110,Q101584055,Q101584110-49c4ac33-4699-0382-3866-35d3a9fae0e6
directors_198,Q1015851,Q12712786,Q1015851-EB112ED0-A811-40D8-A80B-F73BA7ABEEDE
directors_199,Q1015884,Q470104,q1015884-F13E27C8-DC88-439E-9E78-632C4163FE18
directors_200,Q1015884,Q616410,q1015884-194BC3E1-C9AB-485E-ACE6-7D2C3AE7C172
directors_201,Q1015942,Q11242471,Q1015942-1B6511DC-7E26-4AF3-AFF0-04BCEA2442D8
directors_202,Q101623511,Q23719001,Q101623511-41c98448-4d08-2ae6-e441-e49445817480
directors_203,Q101624592,Q22244961,Q101624592-EF6AA63E-A648-4938-9E52-C545CD3A760C
directors_204,Q101627010,Q3160859,Q101627010-9A706943-E98E-4730-B8CD-7EECDA6A2659
directors_205,Q101627339,Q9023319,Q101627339-df2106c5-4cae-b860-d60c-5278a5d160d3
directors_206,Q1016369,Q51564,q1016369-5A4BA3C3-08AF-4052-B0D3-02A0D166706E
directors_207,Q101666960,Q465139,Q101666960-2aface66-402b-c44c-b752-fc9962e97afe
directors_208,Q1016790,Q50384659,Q1016790-f099bfee-476b-5968-ebb5-2a45785e8dc2
directors_209,Q1016790,Q50384683,Q1016790-bf56dd33-4273-97e7-afc9-3079675aea2b
directors_210,Q101714170,Q2143300,Q101714170-6e2b7ea5-4160-d8c3-0d1e-33789c35f73e
directors_211,Q1017254,Q131340935,Q1017254-F0E03F39-00D7-4E92-9151-33697D6D0B0B
directors_212,Q101726897,Q5649107,Q101726897-a4aa77ea-438e-a1f3-a1ad-17740ea69581
directors_213,Q101799929,Q6091579,Q101799929-00c28f86-4547-acf6-9d6e-624117c3fc2c
directors_214,Q1018042,Q12810116,q1018042-BE65BB90-8E2F-4FD9-BA29-6E9279F3E4DC
directors_215,Q1018109,Q28807165,Q1018109-2b294aca-49bc-fea3-d23a-5e7a1fa68339
directors_216,Q1018477,Q108302,q1018477-81250D75-D635-4F63-91E1-2E5E5AD8AA52
directors_217,Q1018486,Q3437192,q1018486-B40FB670-04CC-4848-8C67-7502F6975429
directors_218,Q1018491,Q466341,q1018491-D3C6CC8D-E086-47F5-A5C4-AEEC110CFE3C
directors_219,Q101854947,Q101858331,Q101854947-be2dff2b-4712-7bc7-855c-7dbc56222e19
directors_220,Q101854947,Q17385819,Q101854947-12480c88-4848-a94a-4973-1262a3a52834
directors_221,Q101943976,Q101944541,Q101943976-99d21cc5-45d4-4661-c345-d3876619dd88
directors_222,Q101995706,Q101094705,Q101995706-680773b4-4fa5-7a78-3d2a-f3c5d5c84be3
directors_223,Q102015061,Q63254044,Q102015061-14b17ea5-48a8-6a32-9be5-4d569497eb08
directors_224,Q102036245,Q25132,Q102036245-A168BF69-09FA-4E9A-978A-EB19D591E019
directors_225,Q102036246,Q14566057,Q102036246-0556ba99-4635-00c9-03d1-80fbbe15cf62
directors_226,Q102036255,Q5129991,Q102036255-c366efb2-4e0b-d8ab-ffb4-577140a280a5
directors_227,Q102036260,Q4739663,Q102036260-58a316c0-419a-70f4-7967-0ea3a7bb29c7
directors_228,Q102036276,Q4062581,Q102036276-5724421B-84BB-45AF-8551-E1A8FFEE534B
directors_229,Q102036297,Q3591372,Q102036297-26A9A932-C84B-49F4-9E64-C9A5DD921F8E
directors_230,Q102036323,Q6238342,Q102036323-B9D9636C-FA89-4907-A020-221DCD8BCECF
directors_231,Q102037506,Q15709599,Q102037506-14875468-4331-85f5-692a-869286e7a3c0
directors_232,Q102039464,Q2941871,Q102039464-E42D2812-AA33-4377-A681-C34D3C743910
directors_233,Q102046208,Q1159118,Q102046208-013c851b-4a1b-9a6a-8f1b-758c9563c71b
directors_234,Q102046244,Q7135164,Q102046244-62FCEAC3-D0A8-40F1-B772-B8AAC1F6B870
directors_235,Q102047812,Q102047774,Q102047812-9a6e5ed7-439e-892b-4f02-e824367f4134
directors_236,Q102047818,Q3156247,Q102047818-d31660fd-4976-4c6f-73de-32e04dcac309
directors_237,Q102067365,Q3525156,Q102067365-11d986e8-4663-e03f-33c4-92006eb53cfd
directors_238,Q102076681,Q27042540,Q102076681-cc0995b8-4472-f284-062a-272eba9d6f22
directors_239,Q102076681,Q27042541,Q102076681-35170a53-46cb-390a-9104-c86628c89a12
directors_240,Q102076861,Q15877011,Q102076861-f3a51e1c-4b44-5126-a923-9c9e21c6262a
directors_241,Q102079399,Q235394,Q102079399-227EB04E-0FDD-4D65-AE78-2C3F3E1B687D
directors_242,Q102104699,Q65926773,Q102104699-2610be91-42bb-c7f9-8568-d2c057b1c7bc
directors_243,Q102122726,Q106561671,Q102122726-d4876908-4b10-4aaa-5025-78bcd7835a87
directors_244,Q102124437,Q116176453,Q102124437-FC9C05B4-A8C9-47BD-A32B-151467907703
directors_245,Q102128141,Q108091331,Q102128141-1ddf2f78-4f70-fe80-d1b8-f393868d90f8
directors_246,Q102147287,Q63150092,Q102147287-334457C0-3F33-4FBD-9A2F-85A9F2CEC96E
directors_247,Q1021571,Q1148979,q1021571-8567EA37-5E6D-4705-A044-70F815862ED5
directors_248,Q102162355,Q3241391,Q102162355-ce420d19-4fb5-621d-5c0a-572b0def812e
directors_249,Q102178337,Q291205,Q102178337-469aa981-4565-6af2-d311-fab7d016f1ff
directors_250,Q102180106,Q323076,Q102180106-de149c79-4054-ddc8-0eba-d37daf987f5b
directors_251,Q102185780,Q2851174,Q102185780-3c75b621-4f96-0152-38ce-d9af09b0c163
directors_252,Q102213117,Q16212569,Q102213117-1F484386-FC90-42BB-92E6-4360ADA62336
directors_253,Q102219145,Q2449260,Q102219145-26864b50-43ac-a56b-77dd-1dbf64db00a6
directors_254,Q102225,Q312088,q102225-86EC04EC-7836-4903-88EC-2D9B4A730816
directors_255,Q102227477,Q1582632,Q102227477-7a2c9055-4ba4-df44-f2f9-0f6766e7ab84
directors_256,Q102228542,Q106840253,Q102228542-b1f8ce96-4077-131a-f72f-b7750743042c
directors_257,Q102235,Q312988,q102235-DCDAA76E-7217-4882-88DC-337504752F9D
directors_258,Q1022379,Q500611,q1022379-91E0D60E-B39E-4AB5-8517-45DADFC82C1E
directors_259,Q102244,Q75079,q102244-4DD171EA-8094-4AD2-BFC8-9E0AF341117A
directors_260,Q102273941,Q115183877,Q102273941-729553C2-44DF-4E0A-BEFE-9B95B80DB727
directors_261,Q102282176,Q102282222,Q102282176-ecf120a3-4f2d-71c6-2296-2a99248fe5d3
directors_262,Q102282310,Q165760,Q102282310-3481c0d8-42a3-1dea-867c-802d1c31de33
directors_263,Q102288173,Q95836926,Q102288173-0a148016-4820-f56d-d5cf-6be171f0d84c
directors_264,Q102312685,Q115432712,Q102312685-fb8be851-4ce8-9911-72e6-72a99f58c93b
directors_265,Q102315344,Q104543507,Q102315344-8a055c68-4264-44fe-e894-1121530d104b
directors_266,Q102328447,Q105321160,Q102328447-dcaa7f3d-40b0-fc98-19ff-faa60584819e
directors_267,Q102345779,Q3802289,Q102345779-6d0ecaca-4744-6119-b9dc-9b5f558d08ed
directors_268,Q102351787,Q95485273,Q102351787-E1D7B6E5-B225-4F7C-BC4F-EEF8B062435E
directors_269,Q102389909,Q10330007,Q102389909-4D063936-2767-465C-8C72-62AAE7C3BB33
directors_270,Q102391022,Q133250636,Q102391022-5600752E-EE21-4C7A-9DB9-C4104BB646B6
directors_271,Q102395353,Q114678293,Q102395353-43FD001C-840D-4919-B874-3C7A5F5730A2
directors_272,Q102395995,Q2314462,Q102395995-c3f399f7-4d71-0c3c-b4c1-4a02119fdf30
directors_273,Q102400480,Q3380121,Q102400480-bb179fdd-4b37-376e-2c73-e53bc719e19b
directors_274,Q102410713,Q114774875,Q102410713-61cc645b-4a29-9cc8-e116-a9053cbcd45c
directors_275,Q102410713,Q114774876,Q102410713-73febf22-42a0-b484-072c-0096f3671701
directors_276,Q102411430,Q101345288,Q102411430-60bbda41-47d4-5946-09ec-49188de4bffd
directors_277,Q102438,Q75079,q102438-EC9142B5-2EB6-4508-BD4B-BABD774E7BB1
directors_278,Q1024400,Q633,Q1024400-AA114B5F-CDE4-4E03-82B9-E6C61DC49374
directors_279,Q102448,Q28028,q102448-ECC278C7-15F7-4F92-86C9-38AC9AAA49BB
directors_280,Q1024660,Q3590988,Q1024660-2235F1B6-196A-4323-B2FD-BD7DBD12551D
directors_281,Q1024664,Q7609993,q1024664-EE16B85B-9806-48FB-A9F8-8A61DAE23537
directors_282,Q1024838,Q358714,q1024838-33CC7E9C-BA12-4469-A5F6-C5BB1AEF0399
directors_283,Q102501471,Q114797002,Q102501471-D5BF9B8E-B7B0-4A21-B29C-8A13DAA7B3F7
directors_284,Q102509510,Q7720589,Q102509510-f6122ed3-4018-36cc-73b0-a37cb0ccc838
directors_285,Q1025721,Q19721342,Q1025721-024ADDA4-E12C-4BDE-8550-619BA6C494C7
directors_286,Q1025973,Q7375761,q1025973-32FC4BD4-FAD7-4FCC-8E32-94A1BD2AEF5F
directors_287,Q10260902,Q1335359,Q10260902-A32C1A51-2EDA-42CE-A516-FECB82AF5382
directors_288,Q10261480,Q9655961,Q10261480-2F9B5BC4-CF07-4903-82C3-C37975ABC882
directors_289,Q10261785,Q16941006,Q10261785-4E510E59-8607-4248-BA2C-EAEB3869C29C
directors_290,Q10262415,Q10272044,Q10262415-A529A915-EA42-417A-B22A-35AA7834CAC8
directors_291,Q10263747,Q459291,Q10263747-D097A3CB-9322-4EC4-A2E7-A1FF0CBE8B25
directors_292,Q10264518,Q10363433,Q10264518-844B306A-6FBF-40BA-B5F0-65611F0BCE9B
directors_293,Q1026470,Q4355032,q1026470-08289B71-D910-4EC5-8506-473BF2925DF4
directors_294,Q10265557,Q10346485,Q10265557-BE96077D-55F7-4EAB-8AF1-30465C95B89E
directors_295,Q10265557,Q95282662,Q10265557-2437356E-E2ED-4B25-BE69-9363E6B33F2F
directors_296,Q10265719,Q64226196,Q10265719-5EA1A6F3-C273-4D29-8512-21DAD5645470
directors_297,Q1026647,Q114179991,Q1026647-76F680C3-54A9-4997-847C-6954688F6469
directors_298,Q1026732,Q475703,q1026732-ED735D7D-F056-4FE9-86BD-DA76046468D0
directors_299,Q10267445,Q618876,Q10267445-7c20c976-455e-9fdf-f8ed-54fbb85c342a
directors_300,Q10267553,Q10308743,Q10267553-EF349108-CE40-40F9-B6C3-E4895E4BF967
directors_301,Q1026756,Q4718041,q1026756-1E89090B-294C-447A-AC5F-0F3E3252C90F
directors_302,Q1026872,Q555460,q1026872-4D4C6820-B287-46CB-99B8-721ECCD9DC26
directors_303,Q1026875,Q7260227,q1026875-77AA96A0-402F-4DBD-85D7-E0D571888FD3
directors_304,Q10269870,Q16337452,Q10269870-911CC9CB-A666-4220-B845-69578629C534
directors_305,Q1027087,Q610599,Q1027087-6F107B1A-72FE-4F32-A935-9315AF385CD6
directors_306,Q1027175,Q5126192,q1027175-3A35991B-2A20-43BE-86B0-DA48F6211A13
directors_307,Q10272103,Q85854249,Q10272103-85FCEC98-CD93-43AF-B1F6-B06289645651
directors_308,Q1027302,Q1505414,Q1027302-ffed53c9-42b8-c956-fb32-8d8add659fe8
directors_309,Q10273500,Q16336962,Q10273500-C4FE2CE6-BBB1-4D6A-BBC1-FB239B0FF246
directors_310,Q1027387,Q1421655,q1027387-361EB8B4-2635-434D-8AD3-9C4F8554E92F
directors_311,Q10275307,Q4777558,Q10275307-AB613D0D-1DE0-462E-A394-366529E91F2E
directors_312,Q10277912,Q9655961,Q10277912-19AA9ADC-C217-4671-86ED-B081EE388EEE
directors_313,Q1027834,Q21280758,Q1027834-fae7b83a-4061-a7d2-a3d6-d24b20c122d6
directors_314,Q10279936,Q363458,Q10279936-49e86360-4721-3eee-d1e5-33791eceb559
directors_315,Q10280016,Q658661,Q10280016-F6F00647-E5FC-4BAA-B959-420F0EBE0F45
directors_316,Q10280514,Q10273606,Q10280514-653770A3-29F9-4898-B3F4-793BF8BBBCDD
directors_317,Q1028206,Q113559059,Q1028206-288ABC83-123A-408D-8DCB-17D08A9DAD37
directors_318,Q10282320,Q10310491,Q10282320-1655C187-D310-4378-B1D7-FA3BEE7CDE04
directors_319,Q10282323,Q1335359,Q10282323-E53CFDEA-AF87-48EF-BE33-9B8C01096CEE
directors_320,Q10283120,Q11727279,Q10283120-C4CF6362-2E9A-487A-80E6-F00C44BD8F5C
directors_321,Q1028330,Q6503795,q1028330-322281FA-0BE5-41ED-A431-D742E0BE5F23
directors_322,Q1028330,Q7439380,Q1028330-59A37695-4411-442E-A5A0-AC2494262FCD
directors_323,Q1028548,Q4977645,q1028548-814D9134-25F1-4123-ABB3-4C0DC739A6F8
directors_324,Q1028596,Q2357790,q1028596-3288787C-9BFD-473D-A6C0-A6AE3928FD49
directors_325,Q10287994,Q7810553,q10287994-9D3B98F9-A529-4C6C-BA37-8902ACDD5BD8
directors_326,Q10288404,Q118054517,Q10288404-F6050E65-6F6A-4781-BCB5-301078EE6727
directors_327,Q10288958,Q22999176,Q10288958-4ca0570a-4ce9-7b80-2107-6b60585a736d
directors_328,Q102892478,Q3126419,Q102892478-a7db3ad0-40e1-2234-3c2e-3bf231c23542
directors_329,Q10289358,Q1077772,Q10289358-4A56CDD9-0377-4468-8CF9-F0629F69C5D7
directors_330,Q10290444,Q112093308,Q10290444-853C9CBA-28A1-4D99-9C61-5CBB61FC98E0
directors_331,Q10290528,Q16336962,Q10290528-4039AAD5-B9E6-498C-B73B-959C3B6C3F25
directors_332,Q1029212,Q40035,q1029212-C36A221C-0E29-464E-A745-38159D9815B9
directors_333,Q10292507,Q58327634,Q10292507-6FFD8490-216E-4E6E-B25D-EE4785600E99
directors_334,Q102930973,Q114495909,Q102930973-A11161BB-691C-4C2A-AE00-92914086DBB9
directors_335,Q1029345,Q21710789,Q1029345-F46FD324-4D23-44DB-9117-2F3B128662DA
directors_336,Q10293496,Q117860559,Q10293496-AD05CA70-3422-467E-82B8-C9AC4A53F04E
directors_337,Q10294054,Q131429142,Q10294054-F31AFEBC-61B6-4DD6-8638-6D6CA960E0A0
directors_338,Q1029510,Q11425252,Q1029510-41F8DA27-F71A-4C34-B481-EA121CC448F7
directors_339,Q1029529,Q116939766,Q1029529-EA576C78-ECFC-483A-8E34-ECCCCCBFB086
directors_340,Q1029548,Q3482121,q1029548-5C19D244-42DB-4BA3-A384-E8263D243716
directors_341,Q10296795,Q16770045,Q10296795-8775C80F-ACB2-4FCD-8944-BFA1BCB3FC54
directors_342,Q10297138,Q41796283,Q10297138-598E00D3-86C7-4B3C-8A15-C19B10E962B6
directors_343,Q1029722,Q1680660,q1029722-6EE6BBD3-C69B-47C3-98FC-A5B824FDD3C1
directors_344,Q1029789,Q2319726,Q1029789-9fa5713d-493f-4ffe-3f91-4ed7607d1818
directors_345,Q1029789,Q233128,Q1029789-6e6897ef-4a44-e0b2-1561-c88529ce4a93
directors_346,Q1029789,Q233149,Q1029789-0503435d-42c2-51e2-c563-86a3110f53a4
directors_347,Q1029789,Q233240,Q1029789-e3cd70ee-413a-15d4-064d-6b650532ecd8
directors_348,Q1029789,Q2521860,Q1029789-5ab119cc-495d-905c-cf67-f4d4adae8e6d
directors_349,Q1029789,Q2533384,Q1029789-22781043-4e38-960f-de4a-67bf5301361a
directors_350,Q1029789,Q260718,Q1029789-bcf81e9b-4e1d-a72d-9f21-542ef3c35160
directors_351,Q1029789,Q268708,Q1029789-d11d4528-4ee9-0371-9706-9474d6f8dad9
directors_352,Q1029789,Q272034,Q1029789-a7fd4f91-4508-2e0d-8ad6-07a3df60d06a
directors_353,Q1029789,Q323716,q1029789-F21F5E0D-1EFD-411E-9A2A-D13E04F23D81
directors_354,Q1029789,Q325800,Q1029789-9ec1efdd-4e71-da8f-4517-165ee20e60b6
directors_355,Q1029789,Q430077,Q1029789-b3d27924-4914-2a72-4885-c2c38829e366
directors_356,Q1029789,Q448300,Q1029789-38a10c3a-4705-257a-6b16-1dcc8008f241
directors_357,Q1029789,Q467234,Q1029789-ce14fdf2-4e01-51af-7360-a72ea2278848
directors_358,Q1029789,Q511458,Q1029789-2190264d-4693-5b00-c299-22b842e84588
directors_359,Q1029789,Q5387058,Q1029789-12939868-45bd-664b-4830-cfce6c860cff
directors_360,Q1029789,Q700292,Q1029789-293f084b-4cfc-de8a-827e-5ff3697aab06
directors_361,Q1029789,Q715159,Q1029789-1bbebefa-4cf0-3c66-4035-9d98f9d8f89b
directors_362,Q1029789,Q740317,Q1029789-fc426e23-4dbe-4361-59a7-4687dd9bcffa
directors_363,Q1029789,Q76861,Q1029789-d9084b45-4662-11fa-b846-f402e71d741f
directors_364,Q1029789,Q8345241,Q1029789-f2a3775d-45bd-89a1-5970-d5424b4d678a
directors_365,Q1030508,Q106375920,Q1030508-1F95B4AB-502D-49B4-808F-00E1AB52DBE9
directors_366,Q10307637,Q94636418,Q10307637-D3E35F0F-0707-4D75-BA3D-6CFFFADE8677
directors_367,Q10307713,Q561387,Q10307713-0ED98EF8-47C5-4471-8B9F-416505D70188
directors_368,Q1031257,Q2964812,q1031257-EC434135-FFAF-4845-A9A8-8BEE8A636106
directors_369,Q10312820,Q553102,Q10312820-A9255A2C-E34A-4B20-B848-82FD19203DA1
directors_370,Q1031387,Q2627090,q1031387-88F81219-F2D8-4898-83DD-943177D22880
directors_371,Q10314609,Q6313775,Q10314609-7EFA9689-CE6E-47E1-BEB5-FCF5067C7877
directors_372,Q10316505,Q10383180,Q10316505-C1B4DCCF-A4AC-49E7-80AC-CFC382FF6766
directors_373,Q103165294,Q103181580,Q103165294-90efff29-401c-24e4-89ea-ecbd5876141f
directors_374,Q10317165,Q80672964,Q10317165-F974BB51-0867-4CD5-BFCF-8323F4F13E61
directors_375,Q10318896,Q10292585,Q10318896-F32EA800-B9A9-4F4E-9AE7-7634D0DB1865
directors_376,Q1031956,Q1010696,q1031956-D328A051-53A5-4669-9C57-109DC08E6AA1
directors_377,Q10321891,Q541264,Q10321891-36EE2371-91F3-4C9F-8D70-4D6D0F84782C
directors_378,Q10325672,Q10331286,Q10325672-3F263976-4DE5-4DEA-9B9C-142BADF4F27D
directors_379,Q10326180,Q707336,Q10326180-2EE65A7B-0B8F-4A1B-988B-A92C0D534822
directors_380,Q10327416,Q10347309,Q10327416-C6D8A724-0617-4281-A90D-A17BD176F10D
directors_381,Q10328595,Q2848040,Q10328595-CB1E5655-3C21-4878-8A70-8EC2962BCD53
directors_382,Q10329335,Q16940454,Q10329335-3C17E45B-4F94-4189-B3EF-80482ABCDE87
directors_383,Q10330296,Q65162311,Q10330296-84C94EA7-8C20-4515-B271-B89E2ACB6F1D
directors_384,Q10330320,Q115090287,Q10330320-B7665A7D-89E3-4B24-8B25-99BB1C64A6FD
directors_385,Q10330320,Q115090288,Q10330320-E9339EDF-ADBC-45FF-9FB4-D864272E214E
directors_386,Q1033136,Q130092,q1033136-C7CBD1E6-FDFA-43C0-8D8A-3720346350B6
directors_387,Q1033185,Q112182,q1033185-C80F3F10-7EFC-416A-B040-3A085AB62F63
directors_388,Q1033191,Q380608,q1033191-CC42DF96-37AB-42DA-992C-D4F1451F07A5
directors_389,Q10332573,Q7372515,q10332573-2C7CC70C-91E9-4E70-91C2-48CEC2354D3E
directors_390,Q1033304,Q628832,q1033304-518B1FBC-5D33-42D1-9ECF-E6DC57A63662
directors_391,Q1033396,Q1423140,Q1033396-9BABD479-ADE1-4CB5-938D-76477CE0D599
directors_392,Q1033398,Q721446,q1033398-C93A47E0-EFB0-40DD-9987-44E182567A92
directors_393,Q10335546,Q10271841,Q10335546-99F2973A-3C57-4A4D-A775-B5D4D15A3471
directors_394,Q10335947,Q6163550,Q10335947-C2193975-873A-4938-8802-831EB48636F1
directors_395,Q10337241,Q17318119,Q10337241-1E1C8B76-D3C6-4466-9982-A880FC8244AF
directors_396,Q10337281,Q10333325,Q10337281-23CC6131-0635-4E04-9C8D-33AB996F0DDA
directors_397,Q103377646,Q111678565,Q103377646-EF7B2147-ED50-4403-9D90-6F64C33BD7AA
directors_398,Q10338390,Q10308102,Q10338390-A30DC45B-FE0B-4E28-A73B-1E7BB7BEC1B5
directors_399,Q10338407,Q114158045,Q10338407-0DF44994-B237-48F1-A7C9-639863424242
directors_400,Q1033868,Q577959,q1033868-81F87F74-4E8A-4E5E-B67D-49CED8EE980F
directors_401,Q10338807,Q3556914,Q10338807-faa8bbce-44cc-61a0-bcd9-9428e277b9d3
directors_402,Q10338825,Q205026,Q10338825-EC402886-9C7F-420A-992E-B13A68F8DEAC
directors_403,Q10338882,Q10289109,Q10338882-B008CA8D-E685-45FA-943E-D9860A81EBE1
directors_404,Q10338974,Q749493,Q10338974-65B91EAF-1932-4B37-84A9-AF7100491516
directors_405,Q10338986,Q541264,Q10338986-F4D21B48-F507-4338-81D6-326B6F3C2CB6
directors_406,Q10339135,Q260092,Q10339135-BE67454A-38B2-48D7-B9AD-4DE5BBE68F76
directors_407,Q10339136,Q1335359,Q10339136-61214B2E-6BC2-4D55-8880-4B021DDA02FA
directors_408,Q10339150,Q117859007,Q10339150-8861715E-E0A0-490F-8D87-F135AB4C8AA2
directors_409,Q10339150,Q117859120,Q10339150-CCA98DE6-C40C-4E4F-8BB0-009B15E40132
directors_410,Q10339154,Q1290892,Q10339154-DF2AD9B6-FB53-4543-B1B8-81AD2DEC9FE4
directors_411,Q10339193,Q961416,Q10339193-E64ACCC4-93BE-4BA8-BDF1-F7449850041D
directors_412,Q10339247,Q685040,q10339247-339A5973-B5EB-4B89-821F-4332B72CE58E
directors_413,Q10339275,Q9655961,Q10339275-99766080-EDF6-4CAD-BB85-7E1726A52F9B
directors_414,Q10339344,Q961416,Q10339344-E33221D5-9179-43B2-BFE2-372B2DD0D2AC
directors_415,Q10339402,Q10306691,Q10339402-5D3D9CF9-E82E-4207-9F06-26AE35771476
directors_416,Q10339439,Q1703894,Q10339439-BFC21C91-22E8-494E-848D-C25746622166
directors_417,Q10339649,Q10387172,Q10339649-AAF0A2A9-061D-4346-95B1-D7876F03B4EE
directors_418,Q10339800,Q2054088,Q10339800-3680FFE0-CA6C-4114-BAFB-383BD846F619
directors_419,Q10339864,Q594771,Q10339864-DF78D729-FB3B-4C3C-A49C-D91E5F2432F1
directors_420,Q10340600,Q10309705,Q10340600-9F188AF3-11BB-444B-B6E6-D033C988867F
directors_421,Q10340953,Q5615986,Q10340953-0A5D8017-EE1F-442E-A3CF-637E67D1B662
directors_422,Q103413628,Q332641,Q103413628-8d606500-467f-9e0c-d8a6-479a443caf41
directors_423,Q10341850,Q60999913,Q10341850-9E0B0C8A-0007-4D72-9368-CFD232F65110
directors_424,Q10341925,Q4017957,Q10341925-13A90BB8-0E8B-410C-AC5C-E1D7ACD71229
directors_425,Q1034224,Q4013022,q1034224-DC46207A-6A46-4D92-9351-6EEADC0C19C8
directors_426,Q103426817,Q103394128,Q103426817-6b4636ca-415f-6f09-2fd6-14d33cf3fc0d
directors_427,Q103433355,Q332641,Q103433355-9de5c635-4dc3-cee3-1e7e-58d0c57dd090
directors_428,Q10344758,Q10325483,Q10344758-E8878FED-B915-418B-B793-E1649E78628D
directors_429,Q10348013,Q114898740,Q10348013-82C2E7B0-D07B-49DF-992C-18044CCC121A
directors_430,Q10350033,Q1782299,Q10350033-9D338347-EA73-410B-B418-7FC6E07CF6DD
directors_431,Q10350033,Q3368851,Q10350033-2dd6f3d8-44c8-37dc-193e-cbc4a5bbdaac
directors_432,Q10350380,Q63828494,Q10350380-6672e1c6-4d31-8bcf-0440-078900bbb8da
directors_433,Q10350475,Q11319,Q10350475-0EA406DD-1241-4CE5-BFE5-170861F24C37
directors_434,Q1035158,Q917051,q1035158-DCB0191F-8F48-4BEF-B935-24C61AEB65F7
directors_435,Q1035180,Q309715,q1035180-AF3CDC77-E31F-44E9-B313-B104198873F4
directors_436,Q10352009,Q1378100,q10352009-CD82683D-B9C0-4E16-8A71-EAD86A4CC463
directors_437,Q10354438,Q10308102,Q10354438-E9CE00B3-3B46-42C2-89B5-2CCBFCE941E0
directors_438,Q10355903,Q101236188,Q10355903-315EA3C8-D883-463A-92E3-FBADA67A161F
directors_439,Q10355914,Q250420,Q10355914-306801E6-7226-4C38-9A8D-15D7C8AC0F0A
directors_440,Q10356102,Q26996217,Q10356102-069c879a-460d-7fdb-86ca-516c99e11a99
directors_441,Q10356158,Q1335359,Q10356158-57A1C158-0144-4B3E-89F1-588D15A0DC21
directors_442,Q10356210,Q111145508,Q10356210-6666f6a4-47ea-8655-cc5d-8d7ac7530854
directors_443,Q10356290,Q7666081,Q10356290-E79F2176-DF06-4682-9A54-B3C4674A172E
directors_444,Q10357564,Q95217634,Q10357564-68C407E4-F632-409B-A20B-905EDBA16350
directors_445,Q10359018,Q10327580,Q10359018-5298F057-6E97-4770-8646-43D7874D7456
directors_446,Q10359598,Q3564148,Q10359598-C9C3DD1D-2A57-41A2-8B14-60EFEFD57FD1
directors_447,Q1036420,Q7145809,q1036420-C0570701-7E1D-45EA-9ACA-39552ACA872C
directors_448,Q10364206,Q10292585,Q10364206-B7F99DE2-5ACD-4CF7-87AE-8FE03D40AD7B
directors_449,Q10366232,Q7351523,q10366232-7877944E-5042-4AC1-A844-C49DF7B31353
directors_450,Q10366994,Q6172789,Q10366994-9761d09a-45d0-06e8-9dad-0cfec557277b
directors_451,Q10369009,Q1791525,Q10369009-440FADBE-DDAD-401B-A853-D9F2634C6714
directors_452,Q10369191,Q6844573,Q10369191-EA178495-496A-4FB2-8DC0-615E420914CD
directors_453,Q1036921,Q1323347,q1036921-0ECD9DAA-FFBA-44E2-9D6A-C574AE29AF7B
directors_454,Q10369829,Q114028147,Q10369829-273D6D08-3439-4483-9F32-DFC43E4BE555
directors_455,Q103704273,Q103703912,Q103704273-342E842D-A5AC-4ECF-B258-040CFA8A80CD
directors_456,Q10371101,Q1027899,Q10371101-C16D940C-72DE-4EA1-A975-BF1D9A834AF4
directors_457,Q103723559,Q3429410,Q103723559-51a56d1e-4042-5bb4-8fed-d5b2042274f4
directors_458,Q10373255,Q6181745,Q10373255-78F21595-AC30-4374-8E38-8E0E32166684
directors_459,Q10373271,Q16336701,Q10373271-28C7A74A-5FE1-493C-94ED-93CF9339722B
directors_460,Q10373336,Q10367583,Q10373336-5A2621F9-D100-4FB2-91C8-FE28C9C3C31D
directors_461,Q10373342,Q117860840,Q10373342-1FF0B036-E6E5-41A2-89BC-2DD9E345D189
directors_462,Q10374054,Q10326583,Q10374054-1463CAE6-A3AA-493B-B4C5-9927F52F23F3
directors_463,Q103742243,Q563013,Q103742243-606006ce-43b7-9987-faf8-00c4fc038f4f
directors_464,Q10375397,Q1870399,Q10375397-bdc4287a-4507-1e43-f5be-94914bdbf394
directors_465,Q103757495,Q103479736,Q103757495-a92da8eb-4c51-acd6-9554-b799d39a978e
directors_466,Q10376668,Q4662224,q10376668-E7EEC4BD-1FD2-41AD-B0C4-E3AF2C30AE55
directors_467,Q10376668,Q6193965,q10376668-7FAFA5CD-1B22-4A05-A5F4-48834AC208F9
directors_468,Q10377861,Q10385845,Q10377861-3EF1D959-22F0-4F91-8D72-8C1988A05160
directors_469,Q10377861,Q123423059,Q10377861-9c6001b3-4ce2-702c-3ae2-46650828e40b
directors_470,Q1038109,Q256958,q1038109-3FE9F0F5-9DB2-4B50-8776-2816783D6A57
directors_471,Q10381352,Q1997725,Q10381352-b3d9c3bb-4349-5af6-4f38-b6ab6cbd84a8
directors_472,Q103817549,Q43203,Q103817549-a058e674-4b3d-dc3c-d533-21e1fec72919
directors_473,Q10381825,Q3445566,Q10381825-752AF062-8E52-495D-97D8-AD081525EE71
directors_474,Q103819225,Q28950926,Q103819225-270d5602-4f44-4789-d93d-cb4fcaa0b326
directors_475,Q103820244,Q11433217,Q103820244-a48e1f27-421a-4325-36f5-50cbc0a81ef8
directors_476,Q103822078,Q936866,Q103822078-53fd28d7-45b6-4770-3ab8-1392d11ebe53
directors_477,Q10382951,Q9697092,Q10382951-DA9F2B40-1043-4AED-B9E2-FAD394934AB3
directors_478,Q10384049,Q10331286,Q10384049-C72F9DBE-93A6-4C30-B0F5-31FAEF99E701
directors_479,Q103841001,Q5931417,Q103841001-1edf2bb3-4be6-357d-8f7e-d90e8cf41ea4
directors_480,Q10384115,Q460144,q10384115-03D1D7C1-F6B7-48DB-9DBC-C3BB8E54C1F4
directors_481,Q1038530,Q740758,q1038530-F09DF387-1130-48AF-A7F9-2C2230E5D673
directors_482,Q10385359,Q786206,Q10385359-19A942B0-E870-4F3A-A82B-07BD33A63599
directors_483,Q103854727,Q324177,Q103854727-ccb819b1-4405-663e-5421-f03dfb257c0a
directors_484,Q10387384,Q553102,Q10387384-57E970C4-7D4E-4583-9D8A-C2980131FF08
directors_485,Q10387404,Q657432,q10387404-870CA8CD-A609-427C-8D53-BDE020FA8ECB
directors_486,Q103880409,Q12523515,Q103880409-a10ff911-4283-151d-842e-65bc42c66467
directors_487,Q10388570,Q114678279,Q10388570-68BD0523-6231-41C6-AF39-32C9D6571617
directors_488,Q10388683,Q10293783,Q10388683-CDA39B5B-42E8-4FB6-AB74-48288CC7F830
directors_489,Q10389169,Q540926,Q10389169-984166B1-3E69-409A-9435-F5079580094E
directors_490,Q10392223,Q113630844,Q10392223-381F21E8-F560-4773-B7B0-C4771F16255A
directors_491,Q10392230,Q1709189,Q10392230-3FB3B702-D857-4985-9074-A42D186F7FF7
directors_492,Q103926227,Q69092,Q103926227-15a110ed-440d-b4ea-c8f5-6803f4e8aab3
directors_493,Q103931967,Q292214,Q103931967-2EC38449-B26B-46F7-A3EB-CE3D161D4CAC
directors_494,Q103935104,Q111736397,Q103935104-4075A535-9CE8-48C6-9519-8052474FD5EC
directors_495,Q10394429,Q10331286,Q10394429-9170E1A7-FEB3-4624-BD9C-3441508F944F
directors_496,Q10394435,Q10308113,Q10394435-BD583CB6-CFF8-4484-9034-609FEBC92BC8
directors_497,Q10394438,Q7810553,Q10394438-F91D8953-F8F2-4268-AA95-24A59527101D
directors_498,Q10394445,Q10346837,Q10394445-453618E4-AB2D-412B-BF79-CC4CADFAD435
directors_499,Q10394447,Q7810553,Q10394447-29117F9A-0260-4A44-8ED1-8FC290EB4BAD
directors_500,Q10395386,Q7666103,Q10395386-3FB2340D-A013-4D10-AF92-661DC86E7873
directors_501,Q103955657,Q71276822,Q103955657-e3281564-4137-de81-8568-68cab97a6f98
directors_502,Q10396004,Q10322193,Q10396004-780873A1-1E72-4617-97E1-C5F3DB9CAEB1
directors_503,Q10396093,Q12044055,Q10396093-419ED233-427D-475B-A08E-B9E70123D9CE
directors_504,Q10396493,Q16337452,Q10396493-134541DC-F061-4793-8F25-2A1884B6EE66
directors_505,Q10397251,Q113453893,Q10397251-5DBF8BA2-80F7-4DB7-8312-390C9409C5E3
directors_506,Q10397371,Q73985277,Q10397371-E165B619-2AF3-49FC-9D2D-07394801D350
directors_507,Q10397385,Q115172883,Q10397385-ABC7A970-7FE3-471B-902F-552BE9ED95C3
directors_508,Q103982607,Q3736945,Q103982607-3ecf18cc-4c32-130b-82b1-f4d4f7c54b3f
directors_509,Q103983320,Q106712666,Q103983320-CBF8D0FA-9FCC-429A-9976-87A761E49E9B
directors_510,Q103997314,Q16633064,Q103997314-089ed036-45c6-1066-173e-ebab8426a0b2
directors_511,Q104000949,Q19632243,Q104000949-90600494-4929-ba54-c2d8-2e73ee41a1e1
directors_512,Q1040069,Q12609818,Q1040069-2682C444-B99E-412A-A49F-27F6B8CB773F
directors_513,Q104008736,Q106283249,Q104008736-03E5D33A-44DC-4DAA-8EC7-62AA38262BDF
directors_514,Q104013554,Q105076583,Q104013554-18775074-E198-4BCC-9A41-735138C6900A
directors_515,Q104013554,Q106271446,Q104013554-ED002153-54F9-43C0-BDDA-39913D373E38
directors_516,Q104033765,Q108073340,Q104033765-875a53f3-4626-00bf-63b2-b93823fcf505
directors_517,Q104033835,Q323076,Q104033835-e4f9fccc-4853-54cb-9bb8-c89b94a683ca
directors_518,Q104033970,Q548834,Q104033970-ffa549e6-45e1-cb9e-1c8d-276abdf74d99
directors_519,Q104034130,Q114918579,Q104034130-91E7573E-31C6-46D0-8A81-142C0DB6A614
directors_520,Q104038439,Q104038524,Q104038439-7f8efe38-45fe-2ef1-e03d-62e46d355a44
directors_521,Q104044312,Q17232832,Q104044312-2bb34592-4be5-237e-e14d-e9c720886eda
directors_522,Q104055806,Q859899,Q104055806-73a8efd3-4a10-919e-a82e-9357d910cd34
directors_523,Q10409159,Q20755482,Q10409159-CC525C7A-A0B2-4070-8280-AA5249D32672
directors_524,Q104094034,Q2444076,Q104094034-a08a141c-482e-cb2a-68d8-0edf790c4c7f
directors_525,Q104097733,Q21043384,Q104097733-20252db7-4ca6-2bb4-f45b-2f919cfba4c5
directors_526,Q10411723,Q1108631,Q10411723-8C878FEC-9884-4B6D-9727-36BAF9A54384
directors_527,Q104128132,Q17505071,Q104128132-7A5A47C2-C5F5-4EF7-AB76-08BF1439E2BC
directors_528,Q104136087,Q84836752,Q104136087-80246a98-4387-aace-34c1-ce62afd67aa0
directors_529,Q104144643,Q262822,Q104144643-15EF6C91-7B1F-4187-BCA4-ADFB6AC7FBA9
directors_530,Q104144746,Q961970,Q104144746-91d0730f-486f-0bd5-5e6b-a27496a1db78
directors_531,Q104144784,Q3476760,Q104144784-fd1da6a9-4587-b675-41bb-e3e3a6dd1690
directors_532,Q104145479,Q23663310,Q104145479-880c90b6-46b0-8faf-b081-83e9bbdc615f
directors_533,Q104146434,Q6301617,Q104146434-6ad274a2-4790-c69f-9c0f-02cf8b95011c
directors_534,Q104146967,Q2833770,Q104146967-F33521F9-B6D8-4A4E-9A91-1D4052075904
directors_535,Q104146967,Q822345,Q104146967-312b18d5-4d22-127e-4f93-5c90f9ac934b
directors_536,Q1041472,Q112258746,Q1041472-5726C3BE-4D3A-4F9D-BCE6-E25FF8E723B0
directors_537,Q104153452,Q58640866,Q104153452-bd9d5570-46c9-6307-9515-637f3f4475b2
directors_538,Q104161925,Q5854348,Q104161925-d62acb59-481a-cbef-4203-a668764f9aed
directors_539,Q104162457,Q100544534,Q104162457-168bc635-4549-b507-703f-9380d401afc4
directors_540,Q104165549,Q1817296,Q104165549-f5b4ae49-4ba1-0547-ef30-eccd4d63f867
directors_541,Q1041689,Q315756,q1041689-2D783EC1-E2C9-4186-B015-FA259BA33521
directors_542,Q1041743,Q104870176,Q1041743-1C9F9D34-0C51-43B1-917A-DD837A17AB94
directors_543,Q104177168,Q16989960,Q104177168-ed7c7a02-4ab1-45ad-0b46-439a571c76cf
directors_544,Q104180428,Q19301721,Q104180428-3dbd8513-45d6-f438-2d9c-dc2e958f98d2
directors_545,Q104187039,Q16198467,Q104187039-FFD05920-9EF4-4EDA-BDBA-B593975B9B3C
directors_546,Q104187039,Q4980477,Q104187039-14C44713-BF45-4885-B5BA-F211B3AAD501
directors_547,Q10420531,Q4578917,Q10420531-EC12D57E-BAE9-4298-8D8D-3FC08361CC28
directors_548,Q10420531,Q925877,Q10420531-4DB7886E-ED84-4442-BBFC-A2C1EF2BA437
directors_549,Q104205493,Q106376635,Q104205493-577CC395-73EB-4A19-A487-8448B19517E6
directors_550,Q104212237,Q118109338,Q104212237-08E85E9A-DE6E-42CF-9BBB-3FD257F06021
directors_551,Q104212237,Q118109380,Q104212237-33F814CA-F0FB-4612-8DAF-B7F789C2A4B9
directors_552,Q104212872,Q26837819,Q104212872-79637aa5-4398-df64-218e-02b372f25dfe
directors_553,Q104213702,Q2240987,Q104213702-1404A4D1-CB8E-4DCC-85B4-7ACEF2198859
directors_554,Q104213767,Q318712,Q104213767-6896e707-4f42-9b88-2b9f-b1734c9cc5a3
directors_555,Q104214267,Q1162765,Q104214267-880c8b9a-4406-65e4-25bc-4a71a0db8971
directors_556,Q1042145,Q716064,q1042145-4402AFFF-CFF7-469B-9DCC-7B5AF4F0E206
directors_557,Q104214504,Q95900122,Q104214504-ddb4738d-42e9-39a4-cdf1-2de3d2382286
directors_558,Q104218175,Q2895597,Q104218175-4CEC2CB5-2D0F-4932-8C7B-94B902AF1B30
directors_559,Q104218405,Q64735454,Q104218405-6eef4ed3-4d75-0d24-b8a3-737a93a6a33f
directors_560,Q10422114,Q73985277,Q10422114-DC55341F-CEDA-47C1-99D8-D36B22A3183E
directors_561,Q104223935,Q82020087,Q104223935-8A94E266-ED51-484F-AFC9-8BEE05D94AD2
directors_562,Q1042247,Q5090832,q1042247-3EA9D952-47F4-41F5-86F2-53D579AE077A
directors_563,Q1042247,Q5521623,q1042247-D9AC9D1B-E1F2-4002-9C72-532733654A0E
directors_564,Q10423476,Q6044601,Q10423476-329CDA49-020A-4ED6-81BC-489F691E6586
directors_565,Q10423994,Q347848,Q10423994-41D38D1E-71F9-433C-8D1D-E3930FD49E35
directors_566,Q10424040,Q977624,Q10424040-ad5e24e2-4393-2395-d7f1-9706dcf4a26a
directors_567,Q104241071,Q450630,Q104241071-45d1bbf2-4f00-8583-d751-df42bfac5587
directors_568,Q104242404,Q76756512,Q104242404-044D8E6F-52E9-4EE3-A4AB-012AAC6372DC
directors_569,Q104242973,Q1640791,Q104242973-8DC87763-98B3-4637-A9D7-2DC36A77DA0B
directors_570,Q104245564,Q104776958,Q104245564-6ECC0F47-6A2D-45C4-B7E2-684137F4A1A0
directors_571,Q104245564,Q5317189,Q104245564-DD90871B-7640-47FA-AD43-451581F40E7F
directors_572,Q104245829,Q78644162,Q104245829-6a997a4e-448e-5428-f1e3-51e17fab1cb9
directors_573,Q104248306,Q22277902,Q104248306-2c054d96-4506-adac-9e7c-b783d2974fae
directors_574,Q1042731,Q664001,Q1042731-858A7987-9A2C-47D7-959A-028FBAC2E947
directors_575,Q10427794,Q1161579,Q10427794-7BBD344B-1088-46F2-A061-81CE794825E3
directors_576,Q10430161,Q6256680,q10430161-773e2472-4b27-2bd0-5692-4b77ad4aac08
directors_577,Q10430864,Q4356480,q10430864-3996d2fe-4722-6436-3a7a-de2ad0325111
directors_578,Q10431704,Q5499462,Q10431704-7731CB94-584C-4987-8347-666445B0EEEA
directors_579,Q1043614,Q4747497,q1043614-DF4269C3-CD5B-412E-B487-22A4D2E36003
directors_580,Q1043614,Q7288520,q1043614-5ED1322D-EC23-40E9-BDCB-18682F13F006
directors_581,Q1043614,Q9557,q1043614-22A8ADA4-E12A-40CA-988C-BBCFE904C49B
directors_582,Q104370184,Q3380924,Q104370184-be72c36d-48e0-2957-87e2-38dfa6f9c8f1
directors_583,Q10437051,Q928823,Q10437051-F07F70CB-113F-4C45-8CC7-C4E41BFC078F
directors_584,Q104374099,Q5113142,Q104374099-953a8c87-4d79-e585-667c-956d1bb7da56
directors_585,Q104374134,Q7343062,Q104374134-f633464b-45eb-30c5-c637-700c2ea723e3
directors_586,Q10438507,Q3354008,Q10438507-BA20612B-F155-4299-94D3-4C0F262E9477
directors_587,Q10438879,Q297173,Q10438879-39ED24DD-5970-46C7-8248-E068CE602898
directors_588,Q10438880,Q297173,Q10438880-0ACF1B76-7B19-4E0B-9908-0248C9F03568
directors_589,Q10438881,Q297173,Q10438881-53C5A2B8-4B5C-48C2-AF32-1039E490FE97
directors_590,Q104388845,Q106283249,Q104388845-384058DC-7CC7-418D-AA54-C352EC6F4833
directors_591,Q104398462,Q62393184,Q104398462-8700cf48-40c1-fd52-813e-bbd8e23867f7
directors_592,Q104423550,Q520747,Q104423550-9eb087f2-4381-daa9-601e-4bbf0dfd58c4
directors_593,Q104428371,Q97123429,Q104428371-3635bf78-4f6c-c81d-10c1-ef913f099dd4
directors_594,Q104434903,Q16298637,Q104434903-6d01ad02-411e-d17d-c8d1-27303d6cce76
directors_595,Q1044398,Q22252738,Q1044398-ec6cab4e-4545-e870-60aa-6558626cdf33
directors_596,Q1044598,Q788070,q1044598-C70D996B-980A-484A-9543-56A902EFE39A
directors_597,Q1044859,Q291205,q1044859-009237CA-3A71-41A9-B3B7-32433F8FB329
directors_598,Q104494108,Q1659043,Q104494108-4febbf37-47c0-36c6-891d-f6a0d3c2fd10
directors_599,Q104501654,Q11202781,Q104501654-34542cac-409e-59c9-570e-82eb0a46d0c1
directors_600,Q104502804,Q97478866,Q104502804-b2dc2e98-446a-2cdf-8bc4-3f721240e47b
directors_601,Q104518852,Q114565715,Q104518852-53E1D140-7A1F-450A-8A44-C3B4CA0550AD
directors_602,Q104521407,Q12027469,Q104521407-38f4ec1c-43a8-91c8-11ea-a4f2696d391c
directors_603,Q104522006,Q15460378,Q104522006-27a84c05-4d1e-e4c9-ba11-f8eae5019837
directors_604,Q10452700,Q5978777,Q10452700-BBA2F4C2-9194-4424-9B42-A56A9910CB77
directors_605,Q104528137,Q19061081,Q104528137-FD03DFF9-CD8E-4142-B4E1-BD4E5E5E4106
directors_606,Q104528612,Q2394603,Q104528612-20a515fd-4af6-cf08-e965-1361de213c0b
directors_607,Q104532493,Q3019007,Q104532493-510be6ce-452b-a2dd-f437-daee60822e2d
directors_608,Q104532857,Q101995592,Q104532857-267548F0-2A90-497E-B2AE-86002D89768F
directors_609,Q104534455,Q114917190,Q104534455-F918A960-72F7-478E-998A-78FE90355848
directors_610,Q1045388,Q344854,q1045388-66C06605-C78B-4D1C-83F0-A226DDB2BB7C
directors_611,Q104539036,Q3516541,Q104539036-527a3104-4cab-9b80-9333-3a1fda9962af
directors_612,Q10457208,Q6026709,Q10457208-AAF7848D-2D0A-4366-AE3B-A6A657F17695
directors_613,Q104589294,Q59489743,Q104589294-f04831d7-4149-401c-1aa9-2ff8d2333d10
directors_614,Q104600621,Q5493201,Q104600621-69676943-4e59-5adf-8e7a-276bfdab5c60
directors_615,Q104602443,Q106284078,Q104602443-81C3CBDE-5B85-4CCE-8E9C-7B4400A46F0C
directors_616,Q104604605,Q114898722,Q104604605-F363DAD4-4185-4BA4-AF00-041A0098D1AF
directors_617,Q1046117,Q4210666,Q1046117-661d902e-45d3-acf6-3d6a-0a1030d7138c
directors_618,Q104626509,Q107744591,Q104626509-6342f9cc-4ffb-0a2f-827e-efc6a0515d97
directors_619,Q1046295,Q315087,q1046295-08F955CB-84C8-40E2-9505-1EBD35065BD0
directors_620,Q104630023,Q185421,Q104630023-fbd49d8f-437d-c322-c31f-1319f18c9305
directors_621,Q104641056,Q104641105,Q104641056-8d658f15-48d4-8981-10b6-919706a32b2c
directors_622,Q104641056,Q104641119,Q104641056-f0fbbd75-4339-69c5-b425-7f7e3aaf8f5e
directors_623,Q104641226,Q4171916,Q104641226-02cd4391-4f9e-ce38-6051-4912fc5fd9b8
directors_624,Q104641594,Q104128382,Q104641594-35bc424a-4ac4-d77f-505d-f81bd6d13b17
directors_625,Q104646669,Q113679110,Q104646669-70A83112-1A8C-4B07-B898-FC885AEECD7B
directors_626,Q10465267,Q19668779,Q10465267-E07A8417-D123-4F6C-9C58-3F224BD202A2
directors_627,Q1046576,Q2141212,q1046576-9911C811-806B-4775-93B8-D779DD4DE37D
directors_628,Q104665218,Q105715319,Q104665218-168b56b6-4010-5720-bb2c-9f823f99c138
directors_629,Q104665218,Q1189056,Q104665218-aa81ed21-4f1f-39c4-a796-13c090eff965
directors_630,Q104670580,Q117862072,Q104670580-5C2A48A7-D579-4958-9919-566266A9846C
directors_631,Q104671414,Q12382782,Q104671414-881e4b8f-4f34-70e1-d656-5541bb41c7e6
directors_632,Q104681809,Q721446,Q104681809-7802ea5b-42be-eb5c-6270-62f53c70a3be
directors_633,Q104682813,Q63432097,Q104682813-B54CC0C3-DE2B-4162-B043-C48B3871CA27
directors_634,Q1046841,Q466320,q1046841-FAC34A52-0D4B-408E-B41D-59C38526769E
directors_635,Q10468605,Q3440542,Q10468605-FF15BE3A-17E9-4BFA-904B-2FB80C9371F9
directors_636,Q10468689,Q4580886,Q10468689-1BE6A391-DE4E-45C3-B6ED-015C0BB9B31D
directors_637,Q104686893,Q7506788,Q104686893-88c683f7-428b-f7ac-87c3-3afc54ebfa3b
directors_638,Q10468719,Q1745266,q10468719-28F18EF0-0ADF-4A71-9313-EE91B30FE02A
directors_639,Q10468768,Q20261527,Q10468768-7787CE92-A7BB-4669-9B17-F0A8D2F6BA1E
directors_640,Q1046883,Q711914,q1046883-F21318F5-E87C-45EA-BB65-D2383A7AEA08
directors_641,Q104698274,Q2721505,Q104698274-4bfa2322-47d3-445b-7f6c-9a10653d9cab
directors_642,Q10469908,Q1957605,Q10469908-AB6FE1E2-E4ED-4776-A23F-E25A7D84CB21
directors_643,Q10469908,Q5649107,Q10469908-3AB0A5FC-9A81-4FC9-8CA4-EFFA11F590D3
directors_644,Q10470019,Q20261527,Q10470019-2D98E7C3-BB26-4566-83F8-9C4B5FF9452D
directors_645,Q10470038,Q1311883,Q10470038-B8714AED-11EC-4B23-85F9-D93AA2F5F42D
directors_646,Q10470137,Q12301405,Q10470137-56b22191-4ea1-a28f-304a-948b6e4d5c7d
directors_647,Q10470224,Q130527275,Q10470224-C6503D84-73A5-4E18-899F-8031642967C4
directors_648,Q104714221,Q113966028,Q104714221-A3AB3B71-6136-4F52-BA3B-895AD763D6BF
directors_649,Q104723735,Q44056030,Q104723735-5c49c50f-4913-21ce-7509-2b7e3a2f942f
directors_650,Q104727380,Q21587715,Q104727380-02bfa9df-46dc-4860-6ae9-ecbfe41dc72e
directors_651,Q1047336,Q3340135,q1047336-A3AE9B1A-F1AD-47C5-8F05-504C6A260256
directors_652,Q10475873,Q3355004,Q10475873-7959442C-7BBC-4CCE-B27B-E73C7DFF170B
directors_653,Q104760819,Q114642052,Q104760819-04ff2d94-409d-1a7e-54f8-f3b5174d1337
directors_654,Q1047623,Q3134416,Q1047623-b146fcae-4abe-23af-1fc8-fa820d1d925b
directors_655,Q104767333,Q118109393,Q104767333-7A16D549-98CC-40BF-BCE1-DE95E561CA53
directors_656,Q104769118,Q6531252,Q104769118-d5a9e3c6-41d0-850b-c825-9df927e58bba
directors_657,Q104774429,Q12025538,Q104774429-BA9B7D90-A26A-4A92-A056-0C30D748ED8B
directors_658,Q104776463,Q107809690,Q104776463-E93B2DD3-5B15-498D-8D7A-E74FC251BA2A
directors_659,Q104778542,Q7172740,Q104778542-8A4F921D-3C03-4E20-8F43-D7316450BC35
directors_660,Q10478006,Q4128874,Q10478006-A101B684-517E-4663-B1E5-8C3BDDBCD6B8
directors_661,Q104783739,Q453691,Q104783739-AF2C4DE2-B7D5-43EF-8602-F014B122FCCA
directors_662,Q104786128,Q11685650,Q104786128-0b2451b9-44e3-7282-9cd7-d7fd41337de3
directors_663,Q1047872,Q1384021,q1047872-FC7C8565-FC66-452F-BBF9-B34B2051BB2A
directors_664,Q10478816,Q4956252,Q10478816-6E895B4A-BE04-4425-9A25-50A57409026D
directors_665,Q104814965,Q12178530,Q104814965-eb15cb0d-4fbe-2336-bf7c-dfa5f8ece2b0
directors_666,Q104815183,Q5617100,Q104815183-7118a433-481c-f4f2-68f1-066d6b7bdbf9
directors_667,Q104816324,Q47499823,Q104816324-4F0FB8F7-2323-464D-A66A-1CE848AFD68A
directors_668,Q104816576,Q1276918,Q104816576-8e56c9ba-4068-24d4-98c8-4c35d1d7e0fd
directors_669,Q104816851,Q104817017,Q104816851-1565feb6-414b-f400-7d8c-b8d31bbc27ce
directors_670,Q1048202,Q17232832,Q1048202-25CA6B80-C6D8-4393-A4BE-597777C74A1A
directors_671,Q104821313,Q7937583,Q104821313-E4A26345-10F0-4B42-BE32-14B76FA34E9C
directors_672,Q104821625,Q4968184,Q104821625-3493773c-4fee-6f1a-eb13-9060b3eed2f6
directors_673,Q10482166,Q23072558,Q10482166-15F42FAD-3850-4AD2-B73A-4F6548DD7D27
directors_674,Q104822312,Q192990,Q104822312-0DB6D281-0959-43B4-BCA1-3F9A456D241B
directors_675,Q104830968,Q314342,Q104830968-edb3d2c2-4d84-de4b-a40b-ef3eeffc19ed
directors_676,Q1048319,Q2528937,q1048319-A46160FD-F9B3-4482-8CE3-AC1012674754
directors_677,Q10483256,Q703513,q10483256-ac9fcfc1-4807-0a79-9186-c22fbfaac0f8
directors_678,Q104832984,Q100755173,Q104832984-107ea1e1-4410-a159-ec41-0a000d2d2471
directors_679,Q10483390,Q314287,Q10483390-802B89C8-656C-4337-9891-0A52F5B3902F
directors_680,Q10483391,Q16632982,Q10483391-5291BE22-39C6-4558-8C95-ED622C8362A2
directors_681,Q104834026,Q107304237,Q104834026-DFDD0AA0-E95B-4C50-B284-7FE0A7D44F2D
directors_682,Q104834192,Q392716,Q104834192-8926A257-F211-4649-B19C-2E83BBF665F8
directors_683,Q104834453,Q108801999,Q104834453-f8c3ab73-48e4-566b-fe11-67795f086b22
directors_684,Q104834457,Q108295983,Q104834457-7F1B9405-6639-4FAB-9B54-E43BA8292DD6
directors_685,Q104834805,Q107304237,Q104834805-E215A30B-9058-42A0-9147-A2ECF90C18E5
directors_686,Q104834950,Q7288520,Q104834950-35599D90-1CA4-40B4-8933-AD6142B3512B
directors_687,Q104834984,Q107304237,Q104834984-5D0B9CCD-96E2-4440-A56C-21469EC1978E
directors_688,Q104835041,Q3510652,Q104835041-52032037-C951-47B7-A960-081416DE79DF
directors_689,Q104835734,Q107304237,Q104835734-6728F4A0-D5C1-482F-A884-973E34477E68
directors_690,Q1048360,Q514527,q1048360-C006D189-885A-474D-A2AE-4C11D55B8771
directors_691,Q104836803,Q95198888,Q104836803-2D39D79E-9A6D-4C2C-BF96-24B8941CD07E
directors_692,Q104839812,Q27758758,Q104839812-0d4cd8ee-4cf8-92fb-f977-fdb0ffaf7076
directors_693,Q104843787,Q212064,Q104843787-454fc0f9-457c-9da5-5575-a19176b852bb
directors_694,Q104843787,Q3932196,Q104843787-aebf8d99-4e8c-5047-c4bf-9faf537ab0d1
directors_695,Q104845839,Q118817,Q104845839-651d3050-46de-9265-0473-5ae40bda6caa
directors_696,Q104854877,Q64645,Q104854877-a90d1d57-4da3-002f-8bf9-860f8da4d37a
directors_697,Q104856229,Q6376821,Q104856229-d0c7c4c6-4935-a85c-6e2d-8ecdce3aaa75
directors_698,Q104856354,Q2075917,Q104856354-59DE8B20-2B1B-4336-8F82-F55AE7ACA897
directors_699,Q1048565,Q114697402,Q1048565-E9B5488A-BEA7-497D-B803-0688DDD07FF1
directors_700,Q104856751,Q374678,Q104856751-190f4822-4596-291f-4ecc-5d815705ec60
directors_701,Q104856829,Q117862683,Q104856829-67C54321-6E99-4945-A483-462B0712232B
directors_702,Q104857419,Q6155953,Q104857419-09D287BC-89EF-460E-90DA-8F6C5E425151
directors_703,Q104858962,Q27832751,Q104858962-F681BE8E-1A90-466B-9FEC-78FC1E896303
directors_704,Q104859058,Q1993353,Q104859058-815ecd0d-464d-7b72-e17a-cd1f4ed13975
directors_705,Q104860449,Q22075563,Q104860449-E9BF504B-1D56-4ED3-9DC7-8357679E7EE7
directors_706,Q104861381,Q22323567,Q104861381-7ed8c1a6-4c98-0226-c926-26fdd81644ff
directors_707,Q104861381,Q8003113,Q104861381-3216f014-4b79-267d-ccb1-3424cefb6bea
directors_708,Q104861687,Q32841028,Q104861687-8dace583-4184-c67b-df4f-3a6392cab4f5
directors_709,Q104862168,Q382389,Q104862168-e4dbbe5e-46fc-e8fb-4fe8-2559190a78be
directors_710,Q104863935,Q3400399,Q104863935-150AB566-68E7-4CAE-9D3B-2127C61ECF33
directors_711,Q104863970,Q115372078,Q104863970-D7A00354-8E30-48BC-8397-3C9C691A7176
directors_712,Q104864112,Q63149740,Q104864112-BCC94E54-0E43-486C-B363-4464E0C9CB37
directors_713,Q104864241,Q117755853,Q104864241-90894c50-43a8-e2ac-f1ec-620c2f9b874b
directors_714,Q1048645,Q358714,q1048645-B6CA068E-990D-425A-A76A-58A7FF48F009
directors_715,Q104865038,Q114917289,Q104865038-366943B1-46D1-43A8-8FA2-4CA816840245
directors_716,Q104866898,Q573581,Q104866898-9F98B278-C79D-4B58-8183-5281837B136F
directors_717,Q104867526,Q5416504,Q104867526-1fabb1fe-4c5b-83fa-ccda-84b4e2186b1d
directors_718,Q104868551,Q106624956,Q104868551-c7d1324d-48ce-8aa8-d5ba-6c91658c52a0
directors_719,Q104869582,Q95217090,Q104869582-91f1b16f-4da7-48ff-72d3-0cc6f6083b8c
directors_720,Q104869933,Q63806941,Q104869933-49B5FCB8-77EB-44FB-80B3-A20C3E5A3C1A
directors_721,Q104870018,Q11433217,Q104870018-db00d34d-43b5-3451-9492-4645deae26dd
directors_722,Q104870677,Q12958319,Q104870677-6a883a16-4399-134e-2771-4fb0cb47a66f
directors_723,Q104871482,Q4772475,Q104871482-3f5aef96-4e74-abdd-848c-f000caffef85
directors_724,Q104872036,Q3806481,Q104872036-254DFAC2-A115-467A-8649-92714EA44EEB
directors_725,Q104872482,Q104310468,Q104872482-F2503E4F-9E8A-4E41-856D-7E1CEE3B5A00
directors_726,Q104872833,Q97290665,Q104872833-744c181b-4cb8-bb1d-4833-0c8336aa78cf
directors_727,Q104873310,Q118353192,Q104873310-bd05583a-4844-e090-854a-e159707ed893
directors_728,Q104874544,Q111692592,Q104874544-C1E4C898-38A7-43E4-857C-7C9558CD9B40
directors_729,Q104876047,Q119892833,Q104876047-A5A68A0A-495B-4E51-B6E0-6854FA625959
directors_730,Q104876716,Q18610193,Q104876716-c4091246-483a-e1ff-eff3-522b8a75b17f
directors_731,Q104876813,Q1071731,Q104876813-E81CB600-45D1-413A-B3FF-AD043F8B2EBC
directors_732,Q104876848,Q3386623,Q104876848-58B3F0DB-34E1-431C-A191-E2C31E890903
directors_733,Q104878035,Q111677172,Q104878035-CBEF66A4-F110-4E1A-8CDE-89EC17307383
directors_734,Q104878799,Q297128,Q104878799-93001cf4-4bdb-6348-a995-e271b1fbd2d6
directors_735,Q104878841,Q3261389,Q104878841-69DA2033-7B08-4680-84B9-F3EE4BB37F9C
directors_736,Q104879226,Q4667468,Q104879226-16560739-4e17-4d98-73e9-c288e5bc1e03
directors_737,Q104879981,Q116704139,Q104879981-723AC936-F933-45BD-9ADB-98FBE0295834
directors_738,Q104879992,Q64746244,Q104879992-904ac6d2-4e9c-1a67-ef28-e6bbb59a6368
directors_739,Q104880067,Q691335,Q104880067-00cce76b-4209-d83a-2853-e6e09f9e70b8
directors_740,Q104880088,Q26703670,Q104880088-a5e358d9-4a80-a90c-41d1-bf8529b7a841
directors_741,Q104880098,Q57017331,Q104880098-0C2603C0-ED20-44B8-B4B6-8A11D91846C7
directors_742,Q104880622,Q742498,Q104880622-CC5A795F-AEDB-4057-B58B-CBAE6A2A7387
directors_743,Q104881084,Q108305806,Q104881084-B872D61F-90B8-41C6-BD5E-B44C2797EB11
directors_744,Q104882631,Q31352543,Q104882631-04AA51A8-4CC2-4A07-A495-B7001864CBDE
directors_745,Q104882831,Q105371355,Q104882831-04952CCC-1FF7-4AF8-866A-E389EF1CE6D5
directors_746,Q104884487,Q100194041,Q104884487-1b111212-4f94-dd1b-b715-4874e1926ae4
directors_747,Q104884519,Q2846620,Q104884519-42881e25-4224-a9e6-4faf-319f4b6b9a9b
directors_748,Q1048846,Q1387617,q1048846-A3252737-0D63-4A91-A935-48D093AE8131
directors_749,Q104889029,Q100332989,Q104889029-5AA2B34E-8B8E-48A2-A590-B0B48A3F1CC2
directors_750,Q104891260,Q18018415,Q104891260-6F6135DB-D952-41C7-94E7-FE14A7DD393E
directors_751,Q104891260,Q20675767,Q104891260-544D7F01-E03F-4298-8DEC-631155E1096D
directors_752,Q104893624,Q12017014,Q104893624-559AC833-1D51-4385-A95E-D99B73A569BC
directors_753,Q104893632,Q3257508,Q104893632-77B20479-9A5B-4E19-B2B4-62CF972106BB
directors_754,Q104893819,Q3257508,Q104893819-541D949B-1B49-4589-8A31-943A4C8DDEBF
directors_755,Q104893911,Q10330007,Q104893911-FC9C55D5-5EA1-4B4D-AEAB-A608F8226C65
directors_756,Q104893985,Q48559621,Q104893985-DF271FC0-C3F1-4686-B3FF-DD65E655FD65
directors_757,Q104894213,Q1675594,Q104894213-6E83038C-1607-4DC3-9365-FB5F68224579
directors_758,Q104894228,Q12037296,Q104894228-C3A0A992-AAEC-4174-A2B9-FAEFA370C3CA
directors_759,Q104894230,Q13538202,Q104894230-4B8C3154-7387-4106-8C08-BF656D338A9F
directors_760,Q104894233,Q11898137,Q104894233-5EC6E6C0-D19C-472A-84CF-C4DE219DF317
directors_761,Q104894247,Q95381763,Q104894247-3D57CCDD-1B90-46B4-B96F-52634DDC6098
directors_762,Q104894562,Q108267161,Q104894562-D4ED6CE1-F359-44F3-A0A7-341A2195E9B4
directors_763,Q104894572,Q12044055,Q104894572-290F9AD6-AEE3-41D3-B850-9E6294C5B567
directors_764,Q104894603,Q169079,Q104894603-28A15423-FE92-4514-A76F-0E89BE17CF10
directors_765,Q104894628,Q27919907,Q104894628-39602109-454F-42F9-A1C5-979DDC299623
directors_766,Q104894644,Q108212951,Q104894644-B1B0D9B0-C38E-4A97-9989-9907F524D743
directors_767,Q104894696,Q95146203,Q104894696-D10D1755-EC06-44DC-87BF-CE8E3264BD58
directors_768,Q104894791,Q12035279,Q104894791-274D0B36-ADC4-4697-BA80-0D96813E639E
directors_769,Q104894791,Q7777909,Q104894791-59C67238-2955-4B5C-8BDC-66EE88D95683
directors_770,Q104894842,Q95109910,Q104894842-655DA4BD-635D-4CD6-970D-049330AFF28C
directors_771,Q104894865,Q95454428,Q104894865-93B3A9B0-0960-41DE-9F8A-7F7A7D325904
directors_772,Q104894924,Q57303622,Q104894924-45B8EB4B-3F5C-4EAB-86E4-C96CC2EF04FE
directors_773,Q104895068,Q95371276,Q104895068-0D62D629-94E9-4A72-8BDD-F3C6C63911D5
directors_774,Q104895069,Q11904038,Q104895069-58691F2D-B9F4-4816-8AD2-E830387450FB
directors_775,Q104895077,Q12025538,Q104895077-A00B175B-9383-4840-879B-D86E09C3D516
directors_776,Q104895083,Q95371990,Q104895083-4A761669-A79C-4616-96AF-ED959D1313C5
directors_777,Q104895087,Q4684182,Q104895087-B0A06743-47FA-41F2-9924-19093D706745
directors_778,Q104895103,Q107551135,Q104895103-8EEC02A0-EAA8-4531-8304-3241B5B9125F
directors_779,Q104895114,Q28028872,Q104895114-BEFF5A83-AA88-45FF-89E0-DCCA7FE0BF83
directors_780,Q104895115,Q95478447,Q104895115-E48D2398-FED7-4F6F-88F3-9383F58AEDFE
directors_781,Q104895138,Q10857726,Q104895138-D49687F7-E21F-4390-BBCC-F3B76AF36E46
directors_782,Q104895146,Q3257508,Q104895146-706042D6-8E50-47A2-968A-D90DBC0CBE3F
directors_783,Q104895270,Q17024517,Q104895270-ED8D34EA-7379-40AD-9A10-FAAA74A11AA2
directors_784,Q104895390,Q6860510,Q104895390-AA32E744-76EE-453F-B6F3-8C1D8DD72F0C
directors_785,Q104895416,Q11836139,Q104895416-5B6346AA-7204-4A01-8B3B-900D2B930625
directors_786,Q104895418,Q29343451,Q104895418-DEB89D73-4D21-4324-AF26-190433E38F59
directors_787,Q104895456,Q28172520,Q104895456-7F1B5DA6-01AF-4C37-A656-D92557896908
directors_788,Q104895514,Q3377560,Q104895514-B639B03C-A336-4280-9FC4-465EE0D22E0A
directors_789,Q104895595,Q3257508,Q104895595-AB88035C-57CF-4BAF-8B1E-0D229B93A54E
directors_790,Q104895650,Q12037507,Q104895650-464DDB7A-59C1-46EB-B800-0F834B829D2A
directors_791,Q104895710,Q3257508,Q104895710-20B256AA-FA4A-4A75-A161-01E448274DB9
directors_792,Q104895733,Q11774163,Q104895733-AE6DFEB1-AF32-43D5-9EB8-1BC4539898D2
directors_793,Q104895733,Q39470614,Q104895733-30E2D02F-AEB3-4465-BA6B-6C3D68B5F42B
directors_794,Q104895753,Q3257508,Q104895753-EE9C4516-4828-4BE1-8A77-AC997B6B39EE
directors_795,Q1048958,Q1151111,q1048958-4CBA0665-49D0-4128-AA1F-02879FB9E5D6
directors_796,Q104895810,Q117861902,Q104895810-E705066A-B0F7-4795-9153-6A2022EAC3F6
directors_797,Q104895843,Q12059363,Q104895843-6C9E63BE-8074-461F-A070-2A13EB90F15C
directors_798,Q104895943,Q117862304,Q104895943-418CBE6A-EC46-4832-813F-05E000FF1FF8
directors_799,Q104895950,Q12024956,Q104895950-E0E2EA08-A580-4F3C-A195-02A380A3127C
directors_800,Q104895962,Q11836139,Q104895962-D0CDAC53-D005-4A72-B4B6-AA7F83734ED1
directors_801,Q104896056,Q48559621,Q104896056-51928D3F-8A45-4567-822E-30D1A291A1CD
directors_802,Q104896118,Q18511416,Q104896118-4F22851A-AF51-4AC7-B7FE-0AA08CA8DB55
directors_803,Q104896244,Q46091103,Q104896244-1C8F5C30-BC64-49A9-9DF8-971279907335
directors_804,Q104896264,Q1675594,Q104896264-7259A804-E978-41C8-B6F5-D7071234860D
directors_805,Q104896284,Q29343451,Q104896284-38C77D1A-6B24-4724-BCE2-31555290B29B
directors_806,Q104896287,Q1681872,Q104896287-D676518B-366A-4B1D-919F-9B9FEF455CD1
directors_807,Q104896354,Q3257508,Q104896354-2DFB90EE-FA46-4B41-B3DC-6BBC3A718637
directors_808,Q104896377,Q108167871,Q104896377-33F18D6D-65C3-465E-BA89-5A7BC51363E2
directors_809,Q104896381,Q12042545,Q104896381-E3F48679-AF21-43DE-8214-58250D2D921C
directors_810,Q104896589,Q121260144,Q104896589-4B6670DD-8383-4EE8-9131-C82AE878F9C6
directors_811,Q104896589,Q13538202,Q104896589-F955D4ED-03D2-42A0-B5A1-BE49D41F9C09
directors_812,Q104896589,Q21447902,Q104896589-6DBDA3B6-2833-427D-AB58-238CA818ECAD
directors_813,Q104896619,Q12049525,Q104896619-3D980F9B-0197-44EF-9112-83BC846EABB8
directors_814,Q104896628,Q95069159,Q104896628-C97EB15F-BE61-464A-9208-77FEC593778A
directors_815,Q104896629,Q131869874,Q104896629-1D817891-36BF-495D-8C20-5B372FD04226
directors_816,Q104896629,Q95083608,Q104896629-DA97EB06-CFBD-40FE-BE28-20B14EA86065
directors_817,Q104896744,Q117863855,Q104896744-C311664A-EFF9-408A-A772-6140E36C8C7B
directors_818,Q104896814,Q12059208,Q104896814-BA081456-8588-4D82-82C3-B5B379D733F8
directors_819,Q104896828,Q5448516,Q104896828-E5A8292D-DB2C-4D44-A625-AA9252BFE938
directors_820,Q104896834,Q12059265,Q104896834-E5AFA2D7-63ED-461E-AE8C-4B3068AF5E49
directors_821,Q104896834,Q95152137,Q104896834-3B3FE75F-5604-47F8-B90F-E0B88CFC848A
directors_822,Q104896839,Q12056413,Q104896839-3D184ED5-5015-43E0-A69D-3348B9FA2182
directors_823,Q104896856,Q84343423,Q104896856-43A94C0E-55D4-4AD4-96FD-6E0CD393E143
directors_824,Q104896872,Q95379985,Q104896872-C08BF890-95DD-4AC6-BB2A-EE2466B4E2D6
directors_825,Q104896951,Q4684182,Q104896951-D4776B11-838C-4AF0-A124-FBAE3352B439
directors_826,Q104897029,Q103827321,Q104897029-6BA26706-97A7-4574-B4E3-CFECEC8CC775
directors_827,Q104897073,Q12059265,Q104897073-26CE0C02-8E57-48B4-9EA4-FF0776DBFBD0
directors_828,Q104897195,Q78784050,Q104897195-97F788A4-4478-45D8-8012-A5F755B51B1D
directors_829,Q104897207,Q12028539,Q104897207-82616A85-7348-40E3-925B-26BE82638A6A
directors_830,Q104897326,Q115223269,Q104897326-B35D54F4-A657-4098-A6DA-9E266D682B97
directors_831,Q104897326,Q117862170,Q104897326-13ED4233-A215-4BD3-8EE3-5AF3E48D7459
directors_832,Q104897326,Q117863009,Q104897326-EBD90EE9-13B6-406C-A787-326E02D492D3
directors_833,Q104897353,Q1085813,Q104897353-7B6AA0DD-EEFE-4BEA-83FC-61C0ACB11535
directors_834,Q104897402,Q525497,Q104897402-D4AF8734-5380-4B32-B73E-F9F8815130E7
directors_835,Q104897445,Q3531480,Q104897445-E7A708E4-3AB0-43FF-A5D4-AA2948D24F10
directors_836,Q104897447,Q1675594,Q104897447-E82542A1-93CA-417E-A35C-EC1FE24F34DA
directors_837,Q104897449,Q95380340,Q104897449-ccf3543e-481a-1749-f1cb-0e8a5fb6b9ed
directors_838,Q104897465,Q12024956,Q104897465-AF24709A-EC51-478C-8FFA-6AAA06300B4A
directors_839,Q104897470,Q1681872,Q104897470-886550E3-5077-42D7-BED4-A288596806DE
directors_840,Q104897475,Q1681872,Q104897475-43E92BC2-FB4E-44C9-8D0C-64D497B48CA5
directors_841,Q104897476,Q1681872,Q104897476-949828AB-12FA-4F92-8828-356C8BC30108
directors_842,Q104897480,Q3018560,Q104897480-93D6778C-B6FF-492E-A54D-66F6740DEB7C
directors_843,Q104897667,Q95069159,Q104897667-BD8A00A1-AE47-4E06-AACB-7A29384CCD8C
directors_844,Q104897668,Q95069159,Q104897668-423BC459-EAF7-4D04-BF76-6F5D7E667901
directors_845,Q104897669,Q95069159,Q104897669-ABC1BF6D-8E3D-4D36-9F75-7A773D16F5C2
directors_846,Q104897682,Q12028282,Q104897682-F6D51AB9-81EA-4F67-92ED-35D17D174DED
directors_847,Q104897700,Q117863114,Q104897700-C1779D48-9B10-4875-9C86-92847AA77759
directors_848,Q104897706,Q95289420,Q104897706-30AA1CB9-94CA-48F7-A6F4-E431235EED54
directors_849,Q104897708,Q102222119,Q104897708-ABAC7690-77EC-491F-897F-572BE2139953
directors_850,Q104897715,Q495055,Q104897715-D2BDCBCE-4E22-49C4-99EA-58042F606921
directors_851,Q104897728,Q11836139,Q104897728-C3962B43-C9E2-4127-9F6E-1B6A51D1A506
directors_852,Q104897772,Q10330007,Q104897772-3F464002-3E93-4F11-ADE7-408CBB5172D0
directors_853,Q104897784,Q95078639,Q104897784-229F194E-CECD-439F-B99F-397F43CB8F29
directors_854,Q104897799,Q495055,Q104897799-6252E722-13A8-4DE4-939A-4049BDF66EA1
directors_855,Q104897805,Q54860006,Q104897805-27F8F5EA-E80C-4DBD-B9EC-DB0F4EBB55C1
directors_856,Q104897872,Q12022307,Q104897872-1C696D5B-7089-428A-B882-70FCA170A396
directors_857,Q104897873,Q95557851,Q104897873-7CF3D5A9-F23E-410E-9D26-181859B01097
directors_858,Q104897882,Q108213026,Q104897882-73E72B6F-E68A-4D96-8B48-E145FE23046D
directors_859,Q104897895,Q110070206,Q104897895-B8102CA1-B76D-4F4A-9ABE-28FEC504A40C
directors_860,Q104897955,Q11729468,Q104897955-91B61C0D-ACD7-4F00-A6A3-2A65B749D7B6
directors_861,Q104898004,Q26809691,Q104898004-5CC212DA-FDFF-41AF-843D-88E738FC0E41
directors_862,Q104898005,Q12025031,Q104898005-2D5419F5-0062-48D9-9984-A3167DF61FE6
directors_863,Q104898012,Q95173640,Q104898012-D23CBB84-F847-4731-BBA8-CC88FC9671AB
directors_864,Q104898014,Q12059265,Q104898014-9DE56EEF-5463-44BB-B7FE-C934BD1887E5
directors_865,Q104898032,Q108168088,Q104898032-F0978A9A-FC2C-4115-87CE-518FB8387374
directors_866,Q104898070,Q117863076,Q104898070-A3BEE2DD-960B-4C33-957B-BFE0985A958D
directors_867,Q104898070,Q117863123,Q104898070-C7A32C5B-F459-44DE-BFBA-717D82FC6D13
directors_868,Q104898070,Q117863124,Q104898070-716D03FA-AC4D-442F-BC4D-97B4DB32EB40
directors_869,Q104898075,Q13538202,Q104898075-155C07A1-D603-4A22-B1C2-C63812D51E65
directors_870,Q104898097,Q103827321,Q104898097-D6389E81-3D4B-4EC9-93D8-D6720E4AE204
directors_871,Q104898113,Q12059265,Q104898113-6770C1F7-E7F3-452A-B729-EA1522EAFC95
directors_872,Q104898118,Q117863121,Q104898118-081C48B4-4226-4640-B8D8-ADDACCB9180B
directors_873,Q104898122,Q115223269,Q104898122-4AC1F924-8876-4B10-B257-549F627AC240
directors_874,Q104898157,Q104129298,Q104898157-A3975895-05E6-41B0-B803-78156B112EB1
directors_875,Q104898202,Q117862842,Q104898202-38A220D3-1471-4312-89AE-7CB3C228C1F9
directors_876,Q104898202,Q117863043,Q104898202-6E6B5B8B-213B-46AA-81A3-9F812435995C
directors_877,Q104898208,Q108028328,Q104898208-1B015A77-0F0F-4651-BE1A-28DE2085D96D
directors_878,Q104898226,Q107644199,Q104898226-A4CA9483-2028-4BD4-A279-5DE62168FE03
directors_879,Q104898226,Q95382283,Q104898226-E5E01CF7-7343-47A2-B37B-6EF4F0948241
directors_880,Q104898263,Q117862712,Q104898263-22A7CD7B-3589-4AEC-A2FD-C5ACC71F2F5F
directors_881,Q104898265,Q67206355,Q104898265-47B7EE8A-5E3D-435F-B397-C06665DD82E1
directors_882,Q104898269,Q107646273,Q104898269-62A6D4CB-90EF-45DA-94F5-501E50742885
directors_883,Q104898271,Q15261691,Q104898271-C51A32F4-0DC6-4C65-A244-6D39FE054127
directors_884,Q104898275,Q20164347,Q104898275-97EFB032-1E41-47AA-8A8E-46E5B439DE45
directors_885,Q104898277,Q87970095,Q104898277-3AA8D97C-F610-44E3-A854-B412B4097F31
directors_886,Q104898277,Q87970700,Q104898277-AB27ADC3-6E05-44F2-8D2D-E3FFFCC8463D
directors_887,Q104898284,Q48766464,Q104898284-2EBD67FA-7D82-47AC-8556-972CB7FC61E1
directors_888,Q104898298,Q84116,Q104898298-B16F48EA-BD7A-4287-8B0A-D495CC3C8350
directors_889,Q104898310,Q3277861,Q104898310-6CA8874E-5846-4FE0-8510-F772E2790529
directors_890,Q104898341,Q84116,Q104898341-D38439AE-4B3B-4A66-984D-3FCE630D42E4
directors_891,Q104898346,Q117862538,Q104898346-375D95F5-CE3C-41DB-BFE6-194FC2500663
directors_892,Q104898368,Q131454075,Q104898368-47215493-1EB2-4CE9-9BC4-463E82D77386
directors_893,Q104898368,Q86827323,Q104898368-309696EF-32F3-49AA-8040-4271AD83998F
directors_894,Q104898428,Q12042545,Q104898428-4A7142C7-0F5E-4EDB-9DFB-E8CD99EDBF33
directors_895,Q104898441,Q11774164,Q104898441-25ADBD69-A1DC-4B5C-ABD2-2F3FFFEA63F6
directors_896,Q104898455,Q105626191,Q104898455-2B5C16DA-66A5-48E5-A7A2-3AD89B71AC37
directors_897,Q104898462,Q6866971,Q104898462-C11965B2-9DE7-4043-94AA-2EBED7158F60
directors_898,Q104898482,Q15652255,Q104898482-41EBE678-C282-45B9-B5F0-E0B23F822B51
directors_899,Q104898492,Q12022316,Q104898492-AB3A7732-9157-475B-9EDF-2B58BC0914B5
directors_900,Q104898525,Q3565126,Q104898525-511DE591-6ADA-414F-B631-B0EDC33B5FA7
directors_901,Q104898528,Q3162772,Q104898528-EC5E1A60-2C53-4611-AD46-87648C6447A0
directors_902,Q104898544,Q107641623,Q104898544-5E613982-B96D-4725-95CD-0151371E77D9
directors_903,Q104898550,Q169079,Q104898550-2027FA2D-F084-434B-909D-A09C21C72B17
directors_904,Q104898552,Q12044922,Q104898552-2F26CEEE-F72D-4051-935B-6DD1403B54CE
directors_905,Q104898574,Q102318036,Q104898574-1336A2C8-E8FA-4367-8BA1-5659D550F5A1
directors_906,Q104898636,Q349767,Q104898636-88075443-72CA-4357-9B4F-8D73B34D3D4C
directors_907,Q104898639,Q30363232,Q104898639-59B2A45B-2805-4894-909A-F5C7A5656E1E
directors_908,Q104898639,Q65743462,Q104898639-8B6B6E57-B457-4A30-A98F-65C3B2CC9A99
directors_909,Q104898643,Q15042966,Q104898643-C5B3747E-2D94-4F7B-A7B4-1E520C8532E3
directors_910,Q104898645,Q113162114,Q104898645-dc3770b0-4e32-932c-5c63-86ad098e5bfe
directors_911,Q104898646,Q95702521,Q104898646-D4AA408F-97AC-4C57-9A8C-44E14BBF2348
directors_912,Q104898647,Q12021824,Q104898647-09BC2EFD-969B-4956-AADE-C2DA4D988275
directors_913,Q104898664,Q28804044,Q104898664-33C47281-A21B-468C-9B25-AEC919702697
directors_914,Q104898764,Q12059201,Q104898764-37762DEE-7BBB-45F7-8BC6-235C564ABBBD
directors_915,Q104898797,Q1660652,Q104898797-14FE38EF-C1B0-49E8-8933-E6F4D1371B34
directors_916,Q104898805,Q117862384,Q104898805-7F9C0DC4-FFA4-4F75-A86B-6008D03B6304
directors_917,Q104898818,Q12059265,Q104898818-946A754E-E32C-412C-B3AD-D36C5A50D243
directors_918,Q104898823,Q16854358,Q104898823-DE593295-587F-4F56-BE06-D2A96D130209
directors_919,Q104898836,Q108147513,Q104898836-1C6AB48F-0E88-45FD-B94E-5971273650A2
directors_920,Q104898842,Q24451145,Q104898842-AC895B86-7BCA-4352-9049-B896730A8770
directors_921,Q104898845,Q88305560,Q104898845-E449F049-C1E0-4C25-8B42-14E14F28D8C0
directors_922,Q104898905,Q117863835,Q104898905-9A77DDF1-8323-4089-8F2D-E4089438ADE2
directors_923,Q104898913,Q94265854,Q104898913-1156DE31-2992-4729-AEB5-C94C4F82AD32
directors_924,Q104898929,Q169079,Q104898929-EA17ED22-9ABF-4CD8-B1BD-1626E8BA25AC
directors_925,Q104899860,Q111677174,Q104899860-3C0FB82A-0AF2-41CD-B96E-357827CE6D2B
directors_926,Q104902025,Q107452874,Q104902025-EFCA306A-47F8-4E21-A9BC-254DB050832F
directors_927,Q104902123,Q6846727,Q104902123-C200A58E-9A8C-4648-B473-E892D46DA742
directors_928,Q104902161,Q27039255,Q104902161-70930680-490c-c7ef-61b8-ca115f6668ae
directors_929,Q104902469,Q16221740,Q104902469-BDF43604-47CB-41DE-B555-379DCE132E53
directors_930,Q104902930,Q516505,Q104902930-B7EAF0AE-68BF-4AA8-96E2-8E3086626184
directors_931,Q104902956,Q23916773,Q104902956-78251c7a-41b1-e0ca-1fba-5faa0e4e6711
directors_932,Q104902967,Q110983658,Q104902967-abdc6455-41fb-e0a1-4c3e-75d6719fe43e
directors_933,Q104903195,Q7818105,Q104903195-49167DB3-652C-4AD0-9F46-BB69FA2961B9
directors_934,Q104903238,Q107133409,Q104903238-dad537c3-45e2-b60a-d9a2-a063cdda67e2
directors_935,Q104904706,Q7261235,Q104904706-A31EEFF6-C6B2-4808-BB20-A05DD24FB240
directors_936,Q104904964,Q451871,Q104904964-419902ee-47f3-1f26-cac0-d331223308a4
directors_937,Q104906978,Q155979,Q104906978-52292db1-4cc3-4bbb-8e18-70a2a967cc09
directors_938,Q1049095,Q75079,q1049095-75E5316D-3294-465B-AABA-E083AE3E53D1
directors_939,Q1049139,Q193648,q1049139-93D2F51E-D839-4128-86A2-43D871C852C1
directors_940,Q104929713,Q4843423,Q104929713-81d4d3d6-4534-907e-62b5-6c1655999e9e
directors_941,Q10493778,Q4988655,Q10493778-71F12B6D-1218-4771-9FB2-5F741DCE31BF
directors_942,Q10493924,Q1340391,Q10493924-F571962F-AA3B-4374-98BA-5E486EF158D3
directors_943,Q1049480,Q385058,q1049480-2054E134-DF12-4C12-906D-3B20F1578573
directors_944,Q10494821,Q56301435,Q10494821-C0853920-7B51-426F-ABDF-DC81A9793ACF
directors_945,Q1049558,Q2482702,q1049558-88548B45-AA26-4BC5-BD21-B002890953DB
directors_946,Q10495749,Q1809801,q10495749-2fc485e5-4934-e00a-e225-674fcfbcfea9
directors_947,Q10496806,Q5630110,Q10496806-6BD8E84D-7529-4A48-A1AA-12C26ABA3962
directors_948,Q10497055,Q6063990,Q10497055-E8B249C5-7E55-4A6E-AFB2-D3A38319A380
directors_949,Q10497055,Q6241244,Q10497055-1C5A62EB-47E2-41F9-AC6A-B25DBA93FDAD
directors_950,Q104972691,Q95274785,Q104972691-a51d6b5e-4aaa-aae3-7a29-cbf00286e812
directors_951,Q1049916,Q264276,q1049916-855400A8-0262-425F-B512-ED70EBFF0BBA
directors_952,Q10499612,Q6339865,Q10499612-2CBEB3C3-B730-4133-99D8-BCF2028BB74A
directors_953,Q10500605,Q5985723,Q10500605-0C66836C-1722-4A7B-B1FF-2CECC758BBCE
directors_954,Q10500607,Q513422,Q10500607-7B70A4E5-60A9-4A80-A8D7-4BA8B17AF2D2
directors_955,Q1050065,Q471000,q1050065-D35AD259-1750-42CD-8629-31C268629BE2
directors_956,Q1050065,Q577959,q1050065-6A04DA66-14D1-40B6-99C2-EE1BC1875069
directors_957,Q1050093,Q944198,q1050093-D24D5FFE-A4C7-408C-B8D0-C1B288AA1C37
directors_958,Q10501041,Q3934813,Q10501041-63926A8B-7545-4B88-B8E0-E5558AFA104A
directors_959,Q1050105,Q509900,q1050105-40796F43-1D81-47A4-934B-F2B46A9B5A6D
directors_960,Q105011829,Q5221412,Q105011829-4653fdf8-483f-ccbc-566f-24c8ed315a04
directors_961,Q105012220,Q20981373,Q105012220-e608ea71-4498-be2c-1d52-1c9c498af204
directors_962,Q105012394,Q334242,Q105012394-685895b7-4243-8c4f-aab9-8afc8752d9de
directors_963,Q10502664,Q5540583,Q10502664-EB5F881B-F5B9-421F-85CE-114E27292AC2
directors_964,Q105038174,Q583186,Q105038174-A656CBE5-433D-4E5D-8EB2-DC6466440C08
directors_965,Q105038484,Q106284047,Q105038484-2f4f15a5-40fa-c05c-15ec-8ea008aa8c82
directors_966,Q105038484,Q1748186,Q105038484-227f6aae-4a34-ae3d-cbf0-37b48af142f8
directors_967,Q105043236,Q5673824,Q105043236-FFEEA2FA-7731-4D46-84D9-8C86A51B7841
directors_968,Q105043566,Q105806680,Q105043566-d26536e6-41cb-c05a-88a3-aac0ab9be9f4
directors_969,Q105043940,Q13426805,Q105043940-59d56650-44d2-2f27-a134-6dd567a7d7c5
directors_970,Q105043951,Q3660187,Q105043951-5D42EADB-517F-4759-9875-8E141EC3FFA4
directors_971,Q105043986,Q61641240,Q105043986-B1A22B7F-C664-4848-A458-36BD583EBB1B
directors_972,Q105044032,Q110609232,Q105044032-5669d711-4208-f82d-8d17-3ea95b236d3b
directors_973,Q105044060,Q73225146,Q105044060-9D6C8847-AA36-4BB6-ADDF-02EE19794006
directors_974,Q105044259,Q7036380,Q105044259-824DDBF9-ADB2-4A89-B7DE-FCB721F3FDD7
directors_975,Q105044498,Q110625525,Q105044498-b2646296-4c36-c36a-2959-9d2e5b3e011f
directors_976,Q105046952,Q16905854,Q105046952-6923f375-45d0-7f3e-7872-c9b1925acf2f
directors_977,Q105047385,Q5997811,Q105047385-BED0E74D-5F7E-436B-98E0-2125B37AFFA1
directors_978,Q1050528,Q383768,q1050528-3692B9DE-DC6E-48AA-B5AA-51BEE554BE76
directors_979,Q10505285,Q104699024,Q10505285-D595C414-628B-4E8D-988D-E52C202922B5
directors_980,Q1050558,Q543563,q1050558-B5CDA40B-5784-4D14-A832-558D51D5E58C
directors_981,Q105062959,Q3418802,Q105062959-0FFA566C-ABD0-4C11-8283-A31FBC42B82B
directors_982,Q105063013,Q1676609,Q105063013-759a96bb-445c-682e-fb99-948dd9431026
directors_983,Q105063013,Q5509254,Q105063013-81bc4156-4d17-e59c-a6d6-853996559d39
directors_984,Q105064429,Q59012935,Q105064429-dbb4e34c-4f96-02ac-5637-f6ce70ed54a3
directors_985,Q105070567,Q95223303,Q105070567-2f987580-41be-4d12-b9d4-42f5fa5a6335
directors_986,Q105070632,Q112073145,Q105070632-44A1F41E-4A86-4901-8463-9009FC85787C
directors_987,Q105070966,Q30331287,Q105070966-57d5a6bf-4e3e-cefa-0038-1f7a94bdc4d6
directors_988,Q1050720,Q223455,q1050720-20B708FE-908A-40AF-B8B0-C5A70EE2BE29
directors_989,Q1050729,Q926946,q1050729-59AD41A0-45BD-4C44-8BD3-E7E60042957D
directors_990,Q105077561,Q3089275,Q105077561-84ecf7d4-46f1-7597-3071-1aaf3dcf7c26
directors_991,Q105078132,Q3115713,Q105078132-ff23250a-4917-f6d3-7578-8c92816fb9b6
directors_992,Q105080380,Q29103339,Q105080380-DBCC0335-FF84-478D-9A99-21B9622C7727
directors_993,Q105081740,Q15831456,Q105081740-def4a48b-4004-8f39-8e94-b714dba5e91c
directors_994,Q105081740,Q3189592,Q105081740-95cb099c-4a5f-54ec-dc8d-9e2785f7aba7
directors_995,Q105081798,Q15831456,Q105081798-BFA2655C-B0E0-40A6-8916-B912402911FD
directors_996,Q105081798,Q3189592,Q105081798-f261a020-4ecb-ec23-bff9-547b2f356157
directors_997,Q105081812,Q1890346,Q105081812-5FFB280A-9301-430E-87DF-038110DEA1C6
directors_998,Q105082058,Q2067320,Q105082058-E4454821-2BCF-4234-8765-6D6BC66CFEAB
directors_999,Q105082230,Q33296353,Q105082230-C2C609BD-ED88-4EE7-9534-379EE04E2C3D
directors_1000,Q105085648,Q29465634,Q105085648-d272cb90-4fa6-62de-df22-1bdb1ff986c0
directors_1001,Q105085668,Q238315,Q105085668-64E0B19D-B215-498E-B35F-EAA4EC376D88
directors_1002,Q105086602,Q468190,Q105086602-3d631af9-466a-e9db-b6d3-0808d3c439c9
directors_1003,Q105091466,Q100258703,Q105091466-efdc02b4-4dcb-9caa-ddb7-7cdb8d68bb4d
directors_1004,Q105095126,Q107618917,Q105095126-BDAAE631-CFD1-467F-A972-53C7220EA4B4
directors_1005,Q105095144,Q59259,Q105095144-f01d008a-40c8-cbc8-7399-9590de314933
directors_1006,Q105095293,Q109016447,Q105095293-F4856C77-5AF9-44F6-AA6E-277F1564BBCC
directors_1007,Q105095293,Q111687345,Q105095293-87DE2FDD-4087-4BDA-ABBB-C5D5E2EB461E
directors_1008,Q105095346,Q89835335,Q105095346-3B4F5980-2F8D-44F5-8252-D00676DC2955
directors_1009,Q10509989,Q5793281,Q10509989-8A0BC226-8B2C-432B-A78D-BBA2628D9AA7
directors_1010,Q105100020,Q1985090,Q105100020-3d878c53-4970-5d3b-f874-7bd4c5b77599
directors_1011,Q105101851,Q105101877,Q105101851-cccf8e5f-40a7-33a8-b17a-d7e6fece133d
directors_1012,Q105102350,Q7586429,Q105102350-0fe69aa4-40e1-03d4-7125-ce145177ad79
directors_1013,Q105102395,Q116789623,Q105102395-94d82840-4855-8017-e86c-7ce02ba05752
directors_1014,Q105102560,Q5565034,Q105102560-17520aa4-4714-7316-829a-35ea5b9f648f
directors_1015,Q105102560,Q99199709,Q105102560-7b463e1c-468d-1cab-3f82-2e3773387d74
directors_1016,Q105103910,Q2031292,Q105103910-B00E2A6C-8DB7-46C7-95BC-36A8ACAA337E
directors_1017,Q105105219,Q6789317,Q105105219-28d6df45-40f6-d379-1f45-b406f5b6b1d1
directors_1018,Q10510527,Q104699024,Q10510527-610B8D57-829E-452B-9043-5DA86FCE2935
directors_1019,Q105112819,Q471000,Q105112819-5CDB6047-E5E7-4FCB-A7C7-42238D6D9CEE
directors_1020,Q105117959,Q5415035,Q105117959-de9d42dd-41e6-94e5-2be2-c1524837ae9f
directors_1021,Q1051184,Q13359754,Q1051184-F90C89CD-68A7-411C-BBD3-C21667E110B2
directors_1022,Q1051184,Q8353750,Q1051184-16518B9F-3889-4C20-88F9-70ECF4DC5100
directors_1023,Q105123073,Q5212638,Q105123073-11feb8f0-439e-12c4-ce3d-cb7b2b627d06
directors_1024,Q105123403,Q111677226,Q105123403-21304605-3554-4CC7-9F16-5DECC280D14C
directors_1025,Q105123403,Q111677227,Q105123403-B805F4E7-C5A6-4933-B14B-CEF88E1C3968
directors_1026,Q1051315,Q6504110,q1051315-422DE0B1-657D-4082-87A3-3D8954BEB579
directors_1027,Q105145336,Q22276830,Q105145336-022BB24A-636C-449D-A80E-2EE58B77648D
directors_1028,Q1051469,Q1702735,q1051469-E81FE6C2-8FBF-4482-BEF1-7FE3BE9D2D7C
directors_1029,Q105152510,Q2646765,Q105152510-87A596EE-7043-4F86-96E9-46CD03946214
directors_1030,Q105157284,Q116968,Q105157284-76956540-C825-4CE0-8148-FAC304640D74
directors_1031,Q105165329,Q77819245,Q105165329-b7f53a29-4316-acec-1e64-caacbc1f1a97
directors_1032,Q10516771,Q113453893,Q10516771-b07a4aa4-4cf0-b72d-58e7-220288a785fa
directors_1033,Q1051702,Q11855619,Q1051702-DF311574-652E-423C-972B-C6C2670D20B7
directors_1034,Q1051702,Q16735198,Q1051702-606D97A0-0077-4FD5-803C-0E86DB0EE0F5
directors_1035,Q1051702,Q7614659,Q1051702-9FB14F5C-0551-48BE-ABF8-F0223242C15B
directors_1036,Q10517366,Q1161579,q10517366-079A0254-6011-4643-B939-B5FF9FE9EA7C
directors_1037,Q10517905,Q1810251,Q10517905-BE993EC3-FE12-4C35-90B3-87E2A874D724
directors_1038,Q10518037,Q5822604,Q10518037-689536db-4a32-dbef-cc0b-9a7d6d4197b4
directors_1039,Q10518329,Q3934813,Q10518329-C2FBDE83-51A5-4E6D-A1AA-28EEE188AAA5
directors_1040,Q10518417,Q5818724,Q10518417-E97B273A-C513-429F-9BD8-FA9BB8E06FF6
directors_1041,Q10518419,Q6000280,Q10518419-79002188-9437-42DF-99F1-6D24C854D840
directors_1042,Q10518535,Q16633203,Q10518535-A44A083A-E169-4CA2-A17D-05E1977D38CD
directors_1043,Q10520662,Q6249504,Q10520662-D203EBC3-6565-4DE3-95E0-0E20B9B7A2C4
directors_1044,Q105207355,Q4619333,Q105207355-cc23e8c4-4d69-a859-c847-a419044b5d4b
directors_1045,Q105207355,Q52908795,Q105207355-084928a3-4152-1558-1b05-b38313ceffc4
directors_1046,Q105221616,Q20062520,Q105221616-21a5115f-4396-0f57-a4cc-8a9691865320
directors_1047,Q1052260,Q315087,q1052260-7A3B355A-7BFC-45ED-8D34-C436466D0E4E
directors_1048,Q105226296,Q68783638,Q105226296-6C9407DF-FFDC-4774-A976-85429DFF7538
directors_1049,Q105226296,Q68783644,Q105226296-97A01EB0-A241-4932-A74F-5B69C0838020
directors_1050,Q105226458,Q21055216,Q105226458-C4B13CAE-A530-4488-9FAA-89CD672C039C
directors_1051,Q105227223,Q6205847,Q105227223-DFB5D721-08D6-485B-844F-2AC905A0C6DF
directors_1052,Q10526526,Q4958460,Q10526526-D2CFACF5-12B6-4490-B052-DF679327A954
directors_1053,Q10526581,Q6200688,Q10526581-FB0776CA-7943-46BF-A904-51447FD335A9
directors_1054,Q10526606,Q928823,Q10526606-E1ABD5D6-70A3-4196-8DA7-EE864D10BE24
directors_1055,Q1052682,Q558109,q1052682-81A2DC7A-C876-4617-A5FB-4F4A62A74CBA
directors_1056,Q10527185,Q5442231,Q10527185-aad83338-4fc2-38d3-7d22-bfbeea0b5a81
directors_1057,Q10527257,Q4959518,Q10527257-E14A3DE8-A6D2-4ECF-B40A-0FC5DD96676D
directors_1058,Q10527261,Q928823,Q10527261-54E2C9D6-304A-483B-ACF7-BB07B3F9281D
directors_1059,Q105296003,Q98400184,Q105296003-05e3ab29-424b-a51f-9a40-8637bc8677cc
directors_1060,Q105296607,Q1592579,Q105296607-2ad1044d-4bf8-3171-2d03-7cbe576acc42
directors_1061,Q1052975,Q3701686,q1052975-AB38279B-07BA-413C-9E6F-8072CDA9538D
directors_1062,Q105301360,Q19301721,Q105301360-339f5c21-4b83-658f-6170-cfdd802af818
directors_1063,Q105301635,Q630834,Q105301635-d7cc1041-4f15-bbfa-f7eb-8c2a405382d8
directors_1064,Q105318632,Q6308750,Q105318632-7a70f978-441b-eda9-1522-51ae1d336ebb
directors_1065,Q105319877,Q111692588,Q105319877-8E202351-A03D-4CDA-947D-36D2EF58E80B
directors_1066,Q105319877,Q97483699,Q105319877-6F293AA0-A5A6-4CC6-A82C-2C8909B8CB7B
directors_1067,Q105319897,Q111244122,Q105319897-ef140047-42e8-addc-7398-422b60993560
directors_1068,Q105320246,Q3063860,Q105320246-27BF0693-556A-4FF4-A109-120810256556
directors_1069,Q105321213,Q105337269,Q105321213-0B7E1ABA-0FAB-4EA1-9B76-24E61C73E2FF
directors_1070,Q105322690,Q114913704,Q105322690-B1AC38E7-F9EA-43BA-ADBE-D468460D6FA4
directors_1071,Q105326306,Q11560954,Q105326306-AE4D9F3C-DB30-43DA-BF2A-9D4E70D0B240
directors_1072,Q1053293,Q740758,q1053293-7C18F411-2D67-48FB-84F0-92D9231C59B5
directors_1073,Q10532943,Q51138148,Q10532943-EEA7F247-7721-400D-AB23-1965952760C9
directors_1074,Q105332215,Q6830724,Q105332215-07e956ed-43c9-a056-429e-3770d2102b4a
directors_1075,Q10533236,Q4951738,Q10533236-D75A79D6-7667-40C7-A0C6-E1F9FCBD085D
directors_1076,Q105332658,Q181678,Q105332658-a62a0c7c-4d74-08bc-5889-25fb02a2d179
directors_1077,Q105334186,Q522232,Q105334186-ea796b4f-489a-798f-14b8-a301acbcf7f4
directors_1078,Q10534834,Q29445535,Q10534834-C4B44B97-0BB6-4800-B31C-2E074553C67F
directors_1079,Q105359456,Q944763,Q105359456-7005fddd-4ea3-9307-40e6-7d9dfc3140ad
directors_1080,Q105359923,Q61770086,Q105359923-B2DDC1E5-9C60-4B32-A8AE-2918C5070A16
directors_1081,Q10536165,Q117860244,Q10536165-D10781F5-6123-4AFD-884C-5AF64AE762FA
directors_1082,Q105369580,Q62066193,Q105369580-5D1F5929-04AE-4EC3-BC93-8E2D2D5D270E
directors_1083,Q10537297,Q5941794,Q10537297-30907309-4208-8772-2e63-5912b1706094
directors_1084,Q105373024,Q62066193,Q105373024-2BC6025D-92D3-4388-8BEE-3F201B98DA33
directors_1085,Q105376776,Q126957,Q105376776-0ebacfde-4202-29d6-07a5-23b153715d6a
directors_1086,Q1053770,Q614697,q1053770-59BE0179-66DA-48D7-8B0E-F06E901CB2D0
directors_1087,Q105380802,Q2627377,Q105380802-7E653FCC-8013-4A0F-BC8E-EBEAC30A075D
directors_1088,Q105388407,Q250627,Q105388407-EC5AB8CE-9516-4F45-9421-9BC87890A1B1
directors_1089,Q10539097,Q5774637,Q10539097-056f3186-493d-890f-213a-0435181dfbf9
directors_1090,Q10539208,Q4969231,Q10539208-E99E7231-EC27-40E9-9CEE-A5E9A7B522B9
directors_1091,Q105393825,Q1239091,Q105393825-CCAD99A1-523D-4A78-93A3-535F36708871
directors_1092,Q105393862,Q24061147,Q105393862-0A0AF10A-2306-42A1-A269-29661B40EF55
directors_1093,Q105393880,Q110644906,Q105393880-79667d1e-411b-d832-e99f-eb94d9f7eda3
directors_1094,Q105395068,Q58640866,Q105395068-354be2d2-4133-90a8-9b1d-934911e0a77d
directors_1095,Q10539546,Q5568161,Q10539546-C3A35E42-9FCA-41AB-8931-5E8091EFDEF1
directors_1096,Q1054036,Q458696,q1054036-A15A1BEA-EA89-42BC-A645-93B6D253E470
directors_1097,Q10540363,Q20261527,Q10540363-45C1B011-949C-4744-829A-F0AE01057961
directors_1098,Q10540364,Q2960951,Q10540364-51EDA350-29F7-4227-AB21-2D99791D72DF
directors_1099,Q10540365,Q20261527,Q10540365-128267A0-3A2C-4B92-96A4-5E70A147A731
directors_1100,Q10540367,Q1161579,Q10540367-514EEAC6-432E-495C-89F1-282931270ABD
directors_1101,Q10540368,Q20261527,Q10540368-8EC314B8-D648-47FD-B300-0D3AE2DC62C0
directors_1102,Q10540369,Q20261527,Q10540369-81D22E98-8C39-46B8-8FE7-06EF20AD6E8D
directors_1103,Q10540372,Q491200,Q10540372-B6229A5E-0E17-48C7-BDA5-B1F22CA7B2B4
directors_1104,Q10540373,Q1161579,Q10540373-8F19FC8F-088D-4A17-BEB8-CC49F7366108
directors_1105,Q105413030,Q4171916,Q105413030-5a386b1b-46c5-95a3-f834-9f7f568dd11f
directors_1106,Q105413958,Q20062558,Q105413958-78c4bbf1-4558-adcf-29ec-5a6bf95d76ab
directors_1107,Q105414255,Q60841806,Q105414255-1b76b9c8-41aa-d3da-f1c5-32be1a28d13e
directors_1108,Q10541817,Q4947412,Q10541817-8CF5779D-4CB5-4AB6-A8E3-DA28B456A18C
directors_1109,Q105419566,Q3291516,Q105419566-7306ae1d-47ab-6cee-2085-6ba2ed88836e
directors_1110,Q10542056,Q5896478,Q10542056-293DDA0F-3488-4C53-8972-D436FEDADD74
directors_1111,Q105426084,Q105425752,Q105426084-30F20837-8A8B-4DD4-8F5E-D807F7EA1636
directors_1112,Q105426085,Q105371269,Q105426085-02BE1E33-A389-40BF-99FC-24AAF3E6D924
directors_1113,Q105436193,Q56868001,Q105436193-788E7AEA-8DB6-4BF3-B653-52616B57CF15
directors_1114,Q1054369,Q256958,q1054369-55075E14-99AB-4123-B68F-22265A00928A
directors_1115,Q105438136,Q461350,Q105438136-D7185575-7531-45D8-ACED-D5D65FCC99CB
directors_1116,Q105438429,Q219512,Q105438429-99DDA3F0-AA0C-4A4F-9FC1-E2A1AE1C1C7C
directors_1117,Q105438450,Q766656,Q105438450-4A6A2E01-7EC3-4C3F-B659-36C8144EBE17
directors_1118,Q105438929,Q1081838,Q105438929-BFFED253-5D7F-4E8F-AE90-144292B09F78
directors_1119,Q105438931,Q63296,Q105438931-3d5c9c4e-4957-a14b-9b7b-49ded08be090
directors_1120,Q1054393,Q960141,q1054393-8AEB3AE9-2BDB-4A32-B746-344A6628AB8F
directors_1121,Q105439788,Q65032338,Q105439788-06CAE12C-699C-4227-B46A-AF5039C05200
directors_1122,Q105439938,Q58592,Q105439938-311e7efd-4b05-a6ab-5d4d-03758b3b68e2
directors_1123,Q105440980,Q3179639,Q105440980-919517a5-d678-47b2-86c3-4e526279fad3
directors_1124,Q105440980,Q3196035,Q105440980-8fb6cbf6-002d-41d0-9fc1-68daea50f42a
directors_1125,Q105441000,Q1248032,Q105441000-6abad3ed-423c-ead8-f3d0-e3037aca79f4
directors_1126,Q105443513,Q25050884,Q105443513-98e8a9a8-4eb1-e217-0c72-36a2b0b3d041
directors_1127,Q105443659,Q484572,Q105443659-2d8b1139-496f-08f3-ab7a-c3ffcf45d72a
directors_1128,Q10544366,Q5544917,Q10544366-698617AB-5F12-44A3-898D-6EB669B751B6
directors_1129,Q105451455,Q124708048,Q105451455-BF2653D6-01B9-4F9D-BDA1-AE64A877BAD0
directors_1130,Q105451455,Q124708053,Q105451455-01116AB3-B790-4143-A7ED-7E8A8CF0597C
directors_1131,Q105451488,Q16729987,Q105451488-9ACD83B5-A453-4A8F-B468-69E69B43868B
directors_1132,Q105451630,Q1187333,Q105451630-36db26de-402a-5fd9-0d0d-209b3e56d75d
directors_1133,Q105451891,Q1310238,Q105451891-8F3BAE70-7293-4AE5-9568-A771CCCB3CAF
directors_1134,Q1054521,Q11384302,Q1054521-D095D870-DA01-4AAC-B64A-97CEA34CFB19
directors_1135,Q105459562,Q2978136,Q105459562-1bbd913a-4137-0894-2809-17e5de51d905
directors_1136,Q10546874,Q4355415,Q10546874-A3CB532D-738D-42E0-A77F-09249C1DC053
directors_1137,Q10547340,Q4355683,Q10547340-BA18534D-FBBE-4304-B25C-D9482C49EB80
directors_1138,Q10547354,Q5767882,Q10547354-17D12090-5BD5-40B9-8FFE-1CDE08A0F3C9
directors_1139,Q105480282,Q3219319,Q105480282-F04D7364-EE8F-4084-B639-E1D402F65C4B
directors_1140,Q105480878,Q113155407,Q105480878-B037934C-6C17-40BE-BFA8-60E6F56892FB
directors_1141,Q105481082,Q17220313,Q105481082-8e83df8d-4f27-8db5-5bff-7159bac6943a
directors_1142,Q105482844,Q187364,Q105482844-a893beb1-44eb-14f3-7486-3be31d5aa7ac
directors_1143,Q105487791,Q3325897,Q105487791-73444c17-4bcc-7ad7-2aeb-fcd841d605cb
directors_1144,Q105499632,Q135400236,Q105499632-68fcd629-4713-aa9c-812a-aa7572b3243f
directors_1145,Q105502207,Q71441212,Q105502207-ea052da5-42a4-9fd7-1d2b-855052bbaeeb
directors_1146,Q105502207,Q95783326,Q105502207-f5a488d0-48d1-2350-7eec-5840d98a196f
directors_1147,Q105505653,Q17045657,Q105505653-33342DAE-2C53-4305-BA9C-C436C4443D97
directors_1148,Q1055069,Q179463,q1055069-184F72FB-F383-4A3C-A8AB-F84946D962E7
directors_1149,Q10551011,Q6200688,Q10551011-1A7810D1-A74E-4160-B38C-E74E7DCB1D04
directors_1150,Q1055136,Q1073993,q1055136-4EAD8417-10FA-4BDD-B606-59F48586AB33
directors_1151,Q10551501,Q5737897,Q10551501-825907CF-3587-4C4F-B8A7-EE83A9475EFD
directors_1152,Q105515378,Q5667204,Q105515378-111aa7bc-4d42-03eb-4534-4e404c593e86
directors_1153,Q10551712,Q332401,Q10551712-E900B980-733A-413B-BA8F-BB91BC39206F
directors_1154,Q10551717,Q1335855,Q10551717-9B927FBC-0FB1-488E-8402-F2F77F1B9D23
directors_1155,Q10551717,Q6188207,Q10551717-E8A2D488-2EEC-48FA-B71F-B7963907A60D
directors_1156,Q10551780,Q5939676,Q10551780-13D04269-9802-4223-9B8A-55F422ADBE4F
directors_1157,Q1055299,Q452794,q1055299-7C3ED726-C808-4EAF-8671-AB7F240650CA
directors_1158,Q105546467,Q105547784,Q105546467-b07cff6f-476d-d5fe-4370-fa59c335ff5d
directors_1159,Q105546566,Q105546560,Q105546566-9089c61e-406a-967f-4a7c-e1e6006c2142
directors_1160,Q10554715,Q19976740,Q10554715-4EDAE630-9E7B-44A3-B64B-3C72F54C8B78
directors_1161,Q105549749,Q56005,Q105549749-e5b82c3c-4594-54dd-5ce0-5a0b9ecf2864
directors_1162,Q105554572,Q342636,Q105554572-6B75F754-FBCE-4F20-97EA-18219EED52EA
directors_1163,Q105554572,Q6273224,Q105554572-20114359-EB1F-47A0-8E14-E3D7A0F01691
directors_1164,Q105554610,Q61701187,Q105554610-4fd418fa-4347-4a50-984d-da9d15ee9491
directors_1165,Q105554680,Q18066931,Q105554680-65603ce5-4de1-4981-1669-0984bad23949
directors_1166,Q105555852,Q11778724,Q105555852-a4b97f9a-4531-857a-f01e-b83e82ba9998
directors_1167,Q105555852,Q274265,Q105555852-b5530133-4eb7-e3f7-a69d-ebee0d77e69c
directors_1168,Q105555999,Q105587156,Q105555999-590e7508-4796-6ff8-2ed4-6731753fdfc2
directors_1169,Q105555999,Q140385708,Q105555999-5bb0d73e-4f20-ff2e-1941-9f4cfc25690e
directors_1170,Q105560027,Q901470,Q105560027-55ff6217-4b6d-bcdb-ee0a-9c54b83a4b4f
directors_1171,Q105560268,Q42101,Q105560268-c0c4cb06-4e4c-6728-d540-6a8d308cb2f9
directors_1172,Q105560342,Q2078661,Q105560342-cc461eb3-4337-9a8b-3df7-801a7d3a26fe
directors_1173,Q105561245,Q20711004,Q105561245-054A84D8-8670-48E8-A332-AB6ECC1ADEDD
directors_1174,Q1055695,Q4707232,q1055695-E814B716-6948-4ADA-8E6D-8C74233EA39F
directors_1175,Q1055695,Q5442170,q1055695-F8414399-CC10-4E05-91C7-84439169CBCC
directors_1176,Q1055774,Q616943,q1055774-5E1D8051-946B-406A-94D2-5C9B69A37F5B
directors_1177,Q1055785,Q4209036,q1055785-CF9520A6-0CFC-4A0B-8B05-4CCE47292210
directors_1178,Q105580677,Q55585213,Q105580677-27B12FBF-AB30-4DDB-A0DC-3AB520330C9A
directors_1179,Q105580677,Q7801308,Q105580677-DDF92C66-CC20-4457-8031-82F72AC575F4
directors_1180,Q105582487,Q112234138,Q105582487-76127aac-41a5-adc0-1369-a10255cc84e7
directors_1181,Q10558345,Q17284755,Q10558345-1E995754-BF30-4100-8BEF-5DF62A73AC43
directors_1182,Q105584511,Q558806,Q105584511-05320DD9-AE75-46DB-975F-B6A33A559809
directors_1183,Q105584534,Q18815680,Q105584534-d22a5cc9-40f4-1b95-762e-01767883c397
directors_1184,Q1055906,Q3568548,q1055906-200D27CE-963E-457D-BF6F-CD4EFA71F295
directors_1185,Q105605250,Q3527989,Q105605250-455F32A1-1F24-4239-A4AB-BA2BE111D664
directors_1186,Q105605646,Q12499071,Q105605646-E639AE11-F5A1-4D20-8825-B915E0C5F444
directors_1187,Q105614969,Q53567990,Q105614969-871C40E2-B065-440E-9583-CCC9F2B89039
directors_1188,Q105616541,Q3089275,Q105616541-31c97afc-4f54-3eda-d8c3-3c8b243db7ea
directors_1189,Q105616698,Q27042082,Q105616698-3382E9A3-4C7E-4328-86EE-3EBC235D2412
directors_1190,Q105616936,Q262608,Q105616936-6966dc73-4d1f-43f8-efc9-36d8825bd494
directors_1191,Q105624,Q349339,q105624-ECD9D935-E219-478F-8C83-E9C70F969510
directors_1192,Q10562414,Q3026010,Q10562414-527330EE-3B01-41A5-B718-420EA1669A6D
directors_1193,Q1056260,Q926034,q1056260-1EE51540-EDF9-4502-8ECB-B58FFC97D84C
directors_1194,Q105635420,Q85627863,Q105635420-a9eeb134-4af8-5d55-5633-fe3ad138fcd4
directors_1195,Q105637627,Q19471901,Q105637627-107e6d7e-4631-78ea-0c48-325ee6589616
directors_1196,Q105637635,Q3403718,Q105637635-603A27A3-2113-4C18-8FC2-2A67B2FD49C9
directors_1197,Q105642651,Q11963331,Q105642651-F582378A-4DD5-4AD9-89BA-05CD597F2D3A
directors_1198,Q105655167,Q105549408,Q105655167-d3afbc9a-4c9e-ebbc-12f6-6a80bd11a150
directors_1199,Q105657351,Q7441419,Q105657351-97ffee2b-44fc-21b7-b897-322df0a1d8a6
directors_1200,Q105658120,Q2074912,Q105658120-2BBE5878-59B2-4346-9874-F9911B186BF5
directors_1201,Q105658212,Q23844,Q105658212-42f201dc-447d-b6d5-516e-547aefbfd522
directors_1202,Q105658294,Q724795,Q105658294-D9A02441-1D3E-4475-A983-E807539ED800
directors_1203,Q105661959,Q18457456,Q105661959-e2cf7ba2-4add-bd28-a7cb-aeebf9d94138
directors_1204,Q105662104,Q105661991,Q105662104-2dfc18f9-4967-adac-e404-c398e30d6c6f
directors_1205,Q10566476,Q928823,Q10566476-4E1D3701-6461-4773-B638-E71BAC04FBB6
directors_1206,Q105672913,Q105393733,Q105672913-31e0688a-4cb7-ee8f-eb45-aa5a93a6e1a4
directors_1207,Q105672913,Q12775532,Q105672913-87a16338-4156-e92d-29a6-31c90077d284
directors_1208,Q1056740,Q380685,q1056740-01D3F5FE-A8F2-4264-99FA-27A3D38E519D
directors_1209,Q105674145,Q105672414,Q105674145-912deda4-4e43-aff8-cf5c-e0130d875560
directors_1210,Q105676553,Q105467190,Q105676553-C66CC114-0B03-4331-9F53-B1BBFE759A5C
directors_1211,Q10568106,Q117860232,Q10568106-75D3510E-477C-44AF-A467-0375AABAAC1E
directors_1212,Q10568106,Q22262383,Q10568106-0FCE37F7-884A-4676-819A-D9BECDFB2003
directors_1213,Q105681658,Q108797287,Q105681658-94d309a7-4e49-43ce-6cca-6b353a73fe2f
directors_1214,Q105682249,Q546714,Q105682249-cf944f2f-4594-28ca-1467-03cc0badcb06
directors_1215,Q10568431,Q6019797,Q10568431-69C76DB1-4FFC-4D5D-99D7-33F48F839790
directors_1216,Q1056853,Q55431,q1056853-8D255D65-F5DA-46C2-847A-FFA9263F5F1B
directors_1217,Q105685552,Q5442170,Q105685552-7AA65462-8DFA-4696-A5CB-84C83A86E2B9
directors_1218,Q1056859,Q179463,q1056859-D4639EA0-8BE4-4ED6-8852-7FE2C719DD10
directors_1219,Q105686521,Q457106,Q105686521-A4188BF5-ED6C-4689-88C2-1F55EEDE530D
directors_1220,Q105690239,Q107504253,Q105690239-E220C5E7-BABC-480C-B3FF-A314DB54CC37
directors_1221,Q1056921,Q4790469,q1056921-C3137C9D-67E9-4D5D-90D1-D99EEA0E2319
directors_1222,Q1056921,Q5724080,q1056921-3CDF523B-765A-41B7-BFF3-3A614E6A7F36
directors_1223,Q105697891,Q108218050,Q105697891-4f3523a5-4f5a-5ae9-e469-8e2d4e48f21a
directors_1224,Q105698488,Q4372994,Q105698488-34d6ea7b-40b3-c3c4-90fa-fc902e89dc07
directors_1225,Q1057015,Q1388393,q1057015-57EB5B0D-8472-47A8-BC9D-B1E7A154E908
directors_1226,Q105702063,Q901185,Q105702063-E42BA64E-D6B0-4998-9F41-F5FAE87308C9
directors_1227,Q105702073,Q28497,Q105702073-C427C239-A81C-4A2C-B5EB-AA2053EFEBE9
directors_1228,Q105702167,Q1398481,Q105702167-ECC5B0F9-F640-48C5-9FB6-CA837E40FC76
directors_1229,Q1057045,Q28497,q1057045-F0E35DF9-272A-4E0C-96F8-E8CAE7437042
directors_1230,Q105707540,Q107073613,Q105707540-7FCAD8D6-758E-4A51-8BCE-B4E3B006C687
directors_1231,Q105707697,Q105707851,Q105707697-062a3ae1-44dc-0a36-352a-97e2fb950d2f
directors_1232,Q105710372,Q21882760,Q105710372-EA5FF3C7-52D9-4A8F-A9B5-1097CF63AF3F
directors_1233,Q10571193,Q6178555,Q10571193-90F9566A-D561-49C9-A05E-CDE60ADD8AC1
directors_1234,Q105714284,Q3850997,Q105714284-9ADF928C-E363-4E94-97BE-5E7590DA061F
directors_1235,Q105715372,Q743887,Q105715372-4e0ba767-4a60-7ad7-3a5e-bddc01acde0c
directors_1236,Q105720882,Q7331477,Q105720882-B7565C55-AC1E-4E02-B512-989733CC1E28
directors_1237,Q1057264,Q1370073,q1057264-9E33216E-70B5-4BC7-9024-266DE35A9730
directors_1238,Q105728959,Q25468396,Q105728959-155df88c-4d8c-b0b9-74b6-8157e1c53227
directors_1239,Q105729539,Q4275601,Q105729539-6C438DE0-504C-497F-824C-7727F5E32503
directors_1240,Q105730369,Q109265353,Q105730369-8FE0164E-D85E-4431-BBC8-F81111A683D5
directors_1241,Q105730578,Q179463,Q105730578-99CD4509-4A0F-4A0A-94E2-572E156BE5A1
directors_1242,Q105742453,Q3150542,Q105742453-9C70CBC7-0183-44FA-AA9C-788FC5C538D5
directors_1243,Q1057433,Q5231164,q1057433-FB534565-650A-4955-BE56-766B6C6558D6
directors_1244,Q105743713,Q17410948,Q105743713-58e2c4a5-4f90-ae65-1e27-e0ffbc0b50b8
directors_1245,Q105745333,Q12472431,Q105745333-6904A259-6159-4AFD-BEE2-D021806F42AF
directors_1246,Q105750473,Q17998291,Q105750473-e4f9de59-4520-d8ef-6f57-93e76cf69553
directors_1247,Q1057524,Q5365602,q1057524-71F6B84F-02E9-4AD9-946B-753C17AC16B8
directors_1248,Q105753004,Q16733495,Q105753004-a88378a7-4ae0-4bd8-aa50-5edd4c8f7636
directors_1249,Q105753062,Q111685321,Q105753062-45983C60-334D-4AEE-9620-3A77CDE848A5
directors_1250,Q105754608,Q108487171,Q105754608-0d756c46-423f-5c59-1ccd-3c3ad966c705
directors_1251,Q1057580,Q5365602,q1057580-17D10493-C7D6-4110-9204-E447CD02E624
directors_1252,Q10575862,Q6260449,Q10575862-7FEE6C6B-1D96-4189-86EE-7D8FBD3F7F48
directors_1253,Q105759606,Q556300,Q105759606-0EC9CC4A-6A4C-4A1B-A67E-1C9FEC7B9BF3
directors_1254,Q105759872,Q561387,Q105759872-01D2D117-0910-4449-A2C3-9B809D9F570D
directors_1255,Q10576284,Q1340391,Q10576284-AE67F3D1-F49A-4C18-9E32-BC3265B03F9A
directors_1256,Q105768311,Q16706330,Q105768311-8e818df8-43b9-cbaf-5d9a-034147e6698b
directors_1257,Q10577199,Q16633195,Q10577199-CB1D9654-0218-423F-949D-AFF126A4B3A8
directors_1258,Q1057720,Q6426234,q1057720-D663A8D2-DD6F-4546-91A2-70A23EA3D061
directors_1259,Q10577200,Q16633195,Q10577200-DDF03C4C-FD9D-4F50-94F2-D785BCBE9B18
directors_1260,Q10577203,Q130527420,Q10577203-0F766D35-4725-4C1A-85C2-2112C8B93D9F
directors_1261,Q10577203,Q5954429,Q10577203-1EC734CB-2DD0-45A7-84C0-F59561CEC5A4
directors_1262,Q105773076,Q113134084,Q105773076-fc5f9c1b-4731-29d3-b3a2-867c5c9b1ce5
directors_1263,Q105773089,Q52555678,Q105773089-C03997E1-F240-4B3A-B4F2-0048C66793C1
directors_1264,Q105773097,Q113687945,Q105773097-72A7FB90-6995-41D0-B1B3-E947842D9F40
directors_1265,Q10577725,Q5415035,Q10577725-73184604-44d6-1f5f-8a1c-08a9149dcbd8
directors_1266,Q1057774,Q179463,q1057774-3023C795-7870-4234-B67E-95735A97C650
directors_1267,Q1057794,Q18753236,Q1057794-1B22D69B-ADD4-4E52-B8AD-2C343A07C65B
directors_1268,Q1057852,Q7439380,q1057852-B5C420FA-49D4-4EE9-AFF0-03DE2F2C02E0
directors_1269,Q1057951,Q55169,q1057951-703425A9-58ED-4660-924E-55B316329AA4
directors_1270,Q105795501,Q12624289,Q105795501-0301f4fb-46da-af81-63a4-5a7840e4139a
directors_1271,Q1058015,Q185421,q1058015-FFE6C12F-6D58-4913-9F8D-2845F7434E41
directors_1272,Q1058019,Q53037,q1058019-EA406B5C-9379-4260-8DA7-317B2CA5C0E4
directors_1273,Q1058032,Q949553,q1058032-1BBBCF55-54EC-4091-B4EB-14ADCDAD97B6
directors_1274,Q105804668,Q101584055,Q105804668-bb271309-4aba-e1fc-a582-eabfc2cbac33
directors_1275,Q105804668,Q107570125,Q105804668-260820be-4c2c-686b-fb96-1b18ee835f17
directors_1276,Q105804668,Q2746623,Q105804668-d0e6b47a-4761-04f0-1c73-3340f2dd0a4d
directors_1277,Q105804668,Q5991107,Q105804668-060a2009-4043-316a-4689-8e0ed01a70dd
directors_1278,Q105805792,Q109771783,Q105805792-B64E0FAD-E851-4E77-90D1-8B77AC33943D
directors_1279,Q105806498,Q105806514,Q105806498-417f702c-4314-fe70-57d4-5fe5f9c67981
directors_1280,Q105806948,Q56005,Q105806948-20c43565-4b55-cd79-a43f-c8a62e8b9fb8
directors_1281,Q105807015,Q60068685,Q105807015-7317E000-21D1-4C75-94DE-660F3BE81E2D
directors_1282,Q105807020,Q1294442,Q105807020-DA17698C-1404-4860-AA27-2C9C1879DBC0
directors_1283,Q105807115,Q60068685,Q105807115-BF906607-27A7-4F69-B665-A247926D0395
directors_1284,Q105808378,Q105577654,Q105808378-d2621d59-429f-0f87-ed3e-ee5b7c4f000c
directors_1285,Q105808378,Q27039110,Q105808378-fb1f8a3b-4bf7-93b1-8d3c-3c47226d29a9
directors_1286,Q105810893,Q3640890,Q105810893-c5a2fb36-4a1b-c18a-a256-61dce3473a41
directors_1287,Q1058146,Q312472,q1058146-1FAE207E-7A38-4345-B56F-9EAD2D4650F7
directors_1288,Q105820921,Q598238,Q105820921-7AFA8567-5987-466B-BE6B-1C6554DA610F
directors_1289,Q1058226,Q374678,q1058226-C5417404-97E9-4C6A-9332-AD971EDE9B24
directors_1290,Q1058244,Q979085,q1058244-CA186D79-E046-4134-B739-A182B02A7CC4
directors_1291,Q105833813,Q4838101,Q105833813-A98CE2FA-F346-4775-850E-98C35C7DB69D
directors_1292,Q105840301,Q219373,Q105840301-cbf90833-46a1-59fc-f9af-84a0046f592e
directors_1293,Q105840316,Q642942,Q105840316-42bf6147-444d-185e-5767-9048cd30452b
directors_1294,Q105846504,Q37543055,Q105846504-03AC74A9-DA59-4DA6-8D9E-5CCCE4D7744C
directors_1295,Q105846581,Q67175457,Q105846581-783e741f-466a-e544-c643-9328baf43541
directors_1296,Q105846876,Q116481388,Q105846876-3ada6811-4119-53f4-de9b-0abeedadfee4
directors_1297,Q1058489,Q11616890,Q1058489-EC0017CC-1354-4505-A03A-5980158691EC
directors_1298,Q1058489,Q295463,Q1058489-E84F88EA-4EFD-42E3-AB01-832ED99BA72F
directors_1299,Q1058539,Q590853,q1058539-4E6632B4-6DAD-488C-9EB0-4003CD0E978B
directors_1300,Q10586304,Q6213418,Q10586304-FE447105-8849-43A2-94F9-8E5050FEE267
directors_1301,Q1058682,Q500611,q1058682-B35CCB59-BC30-42EE-BCDD-8FDB3C7C7179
directors_1302,Q1058763,Q702536,q1058763-55D11DB1-C59C-4A00-B44D-536543E41765
directors_1303,Q10588224,Q3354008,q10588224-93247930-AB03-4035-9EA0-84C71B7EE9AE
directors_1304,Q105883400,Q192762,Q105883400-76899b0a-4d57-da52-1b35-eec0fef67988
directors_1305,Q105883525,Q2063309,Q105883525-A5F35995-813A-4B69-A522-06BBDBCD4E2D
directors_1306,Q105886670,Q6319381,Q105886670-4862653b-4863-2eae-d6ec-43ecdff831d1
directors_1307,Q105886670,Q6437322,Q105886670-19870B09-7C37-4A05-8B5B-A901CFA28C87
directors_1308,Q1058904,Q11355248,Q1058904-5F04120C-53E5-4567-8CF7-5575D2D9310C
directors_1309,Q10589061,Q5581033,Q10589061-72AB0102-0A25-48FC-AF38-DEE79781C0D8
directors_1310,Q1059028,Q1249881,q1059028-30DDD2C9-1C2C-49AD-9404-6289B07A80FA
directors_1311,Q105904256,Q28867145,Q105904256-b2fad67b-4e72-d07e-9de0-f6c2f13daaf8
directors_1312,Q105905540,Q63699527,Q105905540-9f6b9ec6-451c-78bf-53b9-e2d1f04c0944
directors_1313,Q1059059,Q68990,Q1059059-2C7A0ACE-8AAB-4B4A-93D8-B6A873BF3D07
directors_1314,Q105906244,Q3168488,Q105906244-a04d65c3-4990-b0a4-6a7f-ee2891becfba
directors_1315,Q105907125,Q299194,Q105907125-1ae114fe-4147-4388-2703-f6fef773f917
directors_1316,Q1059084,Q113517854,Q1059084-78833CAB-D679-48DC-B745-26B7662B1681
directors_1317,Q1059084,Q27068030,Q1059084-4E3A9A77-67E4-471D-9D2B-39C34E6452B5
directors_1318,Q1059146,Q908962,q1059146-A2E51CED-FE0F-4F64-98E5-825797E6820F
directors_1319,Q1059164,Q357183,q1059164-8D1B3E62-C4E9-46E9-8EFE-9840DDF56F0D
directors_1320,Q10592820,Q19260577,Q10592820-5DB38831-951E-42B8-9929-ED1B4111F27E
directors_1321,Q105928969,Q20656484,Q105928969-5F9D34EF-F14D-4CFE-B75E-E081D650BF75
directors_1322,Q1059303,Q3018342,q1059303-5E2C0D67-B34A-4FDD-89D5-C91908453C29
directors_1323,Q1059378,Q17180937,Q1059378-40089ACD-4C3D-4BA6-9F23-7F1D60D37094
directors_1324,Q1059378,Q725970,q1059378-1E307459-20A3-4AF4-8FE6-489C14FC993E
directors_1325,Q105938325,Q109442912,Q105938325-22484b05-4a6b-8c4a-99e3-9b66b6621022
directors_1326,Q1059416,Q26372,q1059416-D96EB5DB-EAD4-41CE-B10F-A56157A72AD1
directors_1327,Q1059435,Q50182,q1059435-4B946B48-50B5-470D-A0B1-A66A99A06749
directors_1328,Q1059450,Q1745266,q1059450-05A56F32-5F0B-4091-A545-59645CABC6F8
directors_1329,Q105946785,Q3845956,Q105946785-2a74a674-45df-3e7e-ff1d-18110daedb07
directors_1330,Q10594913,Q5712862,Q10594913-91F4FD13-7F18-46D8-A55C-371F2EAF27E6
directors_1331,Q105951056,Q4777707,Q105951056-6E69A54A-96CE-4FE6-9EBB-F2120D9AF4EF
directors_1332,Q1059522,Q113339511,Q1059522-60A94391-3664-41F4-80FB-21DA2DAB0457
directors_1333,Q105952343,Q715838,Q105952343-d80fb268-433b-911d-1c02-91ea8c406f88
directors_1334,Q105952623,Q245075,Q105952623-93BEFB57-1A7F-4400-BA9F-3CE6853244D6
directors_1335,Q1059540,Q10392130,Q1059540-DC1E034B-52B7-4E03-A9F7-39518F80F246
directors_1336,Q1059540,Q7008165,Q1059540-CF1E9AE2-9688-493C-8D6A-1DE793D8DF78
directors_1337,Q105962551,Q115536180,Q105962551-EDECAD9F-027E-4535-AE37-5D2AC202C782
directors_1338,Q105962629,Q1689960,Q105962629-6b50c48e-4807-d719-6581-3b655be543c2
directors_1339,Q105962799,Q15429387,Q105962799-86875FEA-1DDB-45DF-BC70-7D84A6A3D06B
directors_1340,Q105962844,Q103646,Q105962844-4ee034f5-4665-8a1d-c12b-4430c2e020ca
directors_1341,Q105969635,Q105974265,Q105969635-5d944c1b-4fdf-d60b-3e67-996027a8f264
directors_1342,Q105970894,Q15453979,Q105970894-8018D223-D3C2-4A97-AB37-FE4C4A9D5A26
directors_1343,Q105972359,Q109265353,Q105972359-09590D19-E2F3-48B1-9655-1A5E3FDD78FB
directors_1344,Q1059733,Q55210,q1059733-03315702-EC95-41C9-9D90-4D13C354784F
directors_1345,Q105983335,Q16733495,Q105983335-30d177c4-4f81-10be-103e-1ad491962fb0
directors_1346,Q105983958,Q7694097,Q105983958-9C2EEF74-4AF0-4742-9BA5-EFBFD563BC0F
directors_1347,Q105985028,Q113234122,Q105985028-edccbd10-4c8f-6332-839a-db570d0c4037
directors_1348,Q105985338,Q288359,Q105985338-0E40B058-2B7E-4245-8CA3-2568078EA10F
directors_1349,Q105986042,Q1750712,Q105986042-8DF702D2-DEDD-4E4D-B8A3-8CA1D473F0EC
directors_1350,Q105998710,Q22928337,Q105998710-1DBB4BC0-5F31-4EBB-9008-7A5EF9A15E2B
directors_1351,Q105998990,Q22928337,Q105998990-A9D1203E-D47B-4982-88D6-262FB0DC642B
directors_1352,Q1060047,Q3750334,q1060047-9A72FE11-A616-4E1C-BEF5-2959AB4C40DA
directors_1353,Q106009390,Q3308160,Q106009390-74298224-F0D9-499F-BC65-E9D2778FB727
directors_1354,Q10600955,Q3428023,Q10600955-EE9423A7-2FAF-43B0-8B60-2B29E95092EE
directors_1355,Q106010101,Q124708587,Q106010101-786A531B-25D4-42F5-8AC3-9C57FBC2AB12
directors_1356,Q106010283,Q325396,Q106010283-514D1A2C-C727-4096-BA88-4D5065F3B0DE
directors_1357,Q106010297,Q50345056,Q106010297-8CCCB40D-118D-461C-95DC-ECBE9E0A2576
directors_1358,Q1060149,Q556235,q1060149-FC3F276B-ED7E-4744-80CB-53B447B11004
directors_1359,Q1060164,Q4832692,q1060164-395CCBA3-A2F2-4339-B787-DBD5857F2256
directors_1360,Q106019215,Q114899956,Q106019215-0F7F236D-2DCF-4489-A76E-CF50E950FDE6
directors_1361,Q106020073,Q97348064,Q106020073-123aae41-4488-6d2d-41fb-65ee6eac3faf
directors_1362,Q10602913,Q5956617,Q10602913-be857789-4b0a-9def-b903-0681c6f71331
directors_1363,Q1060293,Q2875168,q1060293-7659B0BE-02CF-4736-90C4-8D043B13F531
directors_1364,Q106037042,Q58487113,Q106037042-89aa17b7-4726-a279-75cc-e3c0ac5c9524
directors_1365,Q106040398,Q3319134,Q106040398-8E55E550-9FB4-40EC-99DD-5B02B34A09EB
directors_1366,Q106040462,Q55215,Q106040462-FD05B522-9104-4348-87D3-E2B795D560BD
directors_1367,Q106041064,Q13096502,Q106041064-a525a38e-4ce2-d83f-6249-012a6586e18e
directors_1368,Q106043272,Q3530284,Q106043272-21eda3b5-4587-25db-4494-378dac8fafe5
directors_1369,Q106044096,Q3846550,Q106044096-baa11248-4a3a-bac4-c083-b38ecadab950
directors_1370,Q1060484,Q83197175,Q1060484-BECEA797-B578-4DAA-870D-E0EA012E5A18
directors_1371,Q10605135,Q491200,Q10605135-2FCF32BD-C75B-4F8B-B0DC-3D920489EE94
directors_1372,Q1060517,Q117804367,Q1060517-CA21DCF7-DBF8-455B-B019-1D5C002564B7
directors_1373,Q106067474,Q5108097,Q106067474-b8b33818-45f8-e701-a30f-733c0095fa30
directors_1374,Q106070205,Q110733969,Q106070205-da6797d3-4af5-000c-ae34-b17adaabc1a7
directors_1375,Q106074099,Q5108075,Q106074099-AD2A0279-DA41-4E54-AE42-1989EED3E69F
directors_1376,Q106074143,Q371786,Q106074143-52F3864D-E50B-48A0-AE25-09B3BA177844
directors_1377,Q106074321,Q61725734,Q106074321-2d1466a0-42fc-dec0-8e23-ab7166c8186d
directors_1378,Q106075513,Q419466,Q106075513-48E6614B-440E-4D1E-8256-275A315E119D
directors_1379,Q106078397,Q106902625,Q106078397-6b199c91-4b87-f6fc-b33d-90464c79588c
directors_1380,Q1060820,Q4751424,q1060820-E9539FBA-20B2-4D41-A1BF-1B083034D8E1
directors_1381,Q1060820,Q7633806,q1060820-6E4AADC2-C5FE-4628-910D-086419B24C05
directors_1382,Q10608982,Q20609799,Q10608982-D19706DE-8C61-4E86-86AB-6F598CF802A4
directors_1383,Q106093003,Q1810579,Q106093003-1FABDEE3-8187-4170-9B4D-0D1A856C1BBF
directors_1384,Q10609450,Q274653,Q10609450-DD8F3280-0B8F-4030-A155-B3F1B55884C5
directors_1385,Q106097509,Q5997811,Q106097509-BDC675EB-F16A-4CB9-87D7-2A187FC04496
directors_1386,Q106097514,Q5997811,Q106097514-43B5C71D-F7B0-4213-B643-59EB758FE3A9
directors_1387,Q106103421,Q55171,Q106103421-d05d47f9-439a-a9f8-292c-747d3ec3f6ab
directors_1388,Q106103960,Q106097174,Q106103960-39c3b4b7-4dcd-7e9c-ee74-3d520f521934
directors_1389,Q106104745,Q110646407,Q106104745-6E214A4F-9746-4C2D-855C-FA2331E4441E
directors_1390,Q106104745,Q114899928,Q106104745-73F4887B-BF56-419B-AB94-BCD45C33A2FD
directors_1391,Q106104745,Q114899940,Q106104745-5BFFF7D3-1EF8-4FDF-B583-6CC46FF8FF79
directors_1392,Q106111846,Q55809452,Q106111846-f2bc8000-4083-b05b-f6ef-415a122986b2
directors_1393,Q10611490,Q17089131,Q10611490-95BB7871-9BF0-478C-8A89-734AD8837528
directors_1394,Q10611490,Q33436919,Q10611490-13CE7D0D-3C5C-4EF6-894E-6574195085D9
directors_1395,Q106122709,Q109875666,Q106122709-908563a3-4eb3-7f83-3b7e-1182b199b752
directors_1396,Q106128164,Q5831306,Q106128164-5050c6aa-45f2-8344-d06d-9325aecb4aa5
directors_1397,Q106128995,Q724208,Q106128995-e66e322b-48af-0eab-5ad1-95c0dcab4d8c
directors_1398,Q106132790,Q18535763,Q106132790-D86451B1-5A62-4432-8A7F-43BEAC21FE59
directors_1399,Q10613515,Q5584847,Q10613515-BBE80CF9-F889-4F0A-A820-D8D7D673C9B2
directors_1400,Q106149469,Q6067368,Q106149469-db93d2fc-4a43-1f50-8498-cfffbdde8e4d
directors_1401,Q106149678,Q56867431,Q106149678-4CD95A97-87F3-4284-8569-4D37659F3AAD
directors_1402,Q106153774,Q11543810,Q106153774-C2EEC0E5-C8EF-46CE-9976-6AC69453E781
directors_1403,Q1061541,Q382389,q1061541-C7B02990-3785-4381-B543-AE7EA1D94ACD
directors_1404,Q106159613,Q106603640,Q106159613-BADB59A2-E885-4224-8438-9672D5C52F35
directors_1405,Q106161527,Q3369125,Q106161527-35012877-4810-ab47-e53f-dd503eeec790
directors_1406,Q1061749,Q2332619,q1061749-394387B8-7111-43F1-BC5F-EEA17DDC0624
directors_1407,Q10617532,Q1108631,Q10617532-50F090E5-7A11-4C45-9B08-6E7BB4400CC6
directors_1408,Q106177775,Q12613246,Q106177775-62320951-4a62-4808-73e9-2384b0b3f89b
directors_1409,Q106182,Q220751,q106182-c94d557c-4315-af1a-467d-33acf0c3fcb1
directors_1410,Q106191870,Q41476289,Q106191870-766f3ad1-4a5d-2a7f-d5dc-ed99b15b1be5
directors_1411,Q1061962,Q3242342,Q1061962-5c1bcbf0-46a1-25be-c513-0d66cd105227
directors_1412,Q106203106,Q106202685,Q106203106-56dd215a-4a75-88a1-55ec-7247795b00de
directors_1413,Q1062044,Q523144,q1062044-9CA65FAD-3EE2-498E-B5F4-E7FBF2524641
directors_1414,Q106206127,Q12811564,Q106206127-ccbf29f2-40d3-614c-5e1d-1556a2757c14
directors_1415,Q106206819,Q504463,Q106206819-9aed002f-43a3-4386-a437-033f44cf90ce
directors_1416,Q106209394,Q11851280,Q106209394-8db80827-443a-4528-f81f-24d9be38cea5
directors_1417,Q106209394,Q11881071,Q106209394-b4f2be1a-49fb-c63c-cbb2-6ba66f071432
directors_1418,Q106225105,Q287117,Q106225105-04AEBEE7-DF1B-4EB6-8629-8EDEA4613413
directors_1419,Q106225235,Q3101208,Q106225235-a688c732-4613-0dd1-f2e6-6cd4eedd91ac
directors_1420,Q106230980,Q106230997,Q106230980-5739f5e7-402a-3498-f976-99c9b23a1a11
directors_1421,Q1062358,Q2364234,q1062358-A061374C-48C1-45A5-BAAC-862CF19B1CD6
directors_1422,Q1062362,Q551772,q1062362-CA6D26AF-CCC0-425E-B709-F3489E227497
directors_1423,Q106237986,Q107304237,Q106237986-83F8F24E-DA97-43F3-A40F-48AD7F76A85F
directors_1424,Q106237993,Q6836717,Q106237993-067384B9-4D97-4325-B211-ACB6394EA55D
directors_1425,Q106252499,Q1439862,Q106252499-ABA141F0-56E0-4C9F-AAF8-35AADB62A3CA
directors_1426,Q1062533,Q1310139,q1062533-406A4345-678B-473F-950D-82968F39251F
directors_1427,Q106253457,Q56357762,Q106253457-DD62FF7C-0C1D-46C2-A84A-802697CB9CB0
directors_1428,Q106261265,Q28152753,Q106261265-6EAE5C84-DA52-4A6C-81CC-16F553644BAB
directors_1429,Q106261959,Q16215976,Q106261959-CFADF8F6-2847-4EF1-8E93-BDFB8DE0FDBC
directors_1430,Q106281329,Q109861010,Q106281329-9af6ad3f-4c90-d170-de6b-dfc369de2cc1
directors_1431,Q1062846,Q3807360,q1062846-3CEE3A1F-A46B-4DC4-8B19-78116CFD96A4
directors_1432,Q106290706,Q525332,Q106290706-a348013b-424d-6abb-43da-b9965cc6fcfe
directors_1433,Q106298596,Q19894727,Q106298596-50F5579B-3F1E-472E-8D88-06CC7E571B4A
directors_1434,Q1062992,Q3838177,q1062992-A8156754-84C0-4C8E-A0CF-F70649B1C777
directors_1435,Q106310944,Q51511,Q106310944-0e445165-497a-68f3-c1c6-710c2bf05301
directors_1436,Q106311043,Q67990883,Q106311043-C73DC9A1-7A15-459E-9471-7EEAE927FE2C
directors_1437,Q106311085,Q6480008,Q106311085-D9F7164F-0FE6-41C6-810F-9800F0F0229D
directors_1438,Q10632119,Q6213998,Q10632119-4F1025A2-6F00-4B1B-BE81-CE34FA089161
directors_1439,Q10632368,Q5558110,Q10632368-778BFDE6-9F3A-4BA6-9E73-B691E035C669
directors_1440,Q10632500,Q6524700,q10632500-252663FD-9A08-4C71-9196-E4CEEF9D23E7
directors_1441,Q106329715,Q358714,Q106329715-ec6ff5a5-4db1-f82b-c23c-15f204848932
directors_1442,Q106346006,Q106617529,Q106346006-97b61ae8-4062-4f38-b5bc-1359b5d0cd54
directors_1443,Q106348441,Q58009602,Q106348441-4CDD69C0-FB13-42BA-BB7E-805F3DDFE41F
directors_1444,Q106350432,Q106373721,Q106350432-747F8906-45C6-4CC3-A110-73AF3B58350D
directors_1445,Q106350657,Q18044398,Q106350657-50f50a0c-47d6-2d8a-0366-f66fcba6dea6
directors_1446,Q106350661,Q509900,Q106350661-EF0A4A42-3947-4CC7-80D5-652FAF486147
directors_1447,Q106357649,Q3590988,Q106357649-db926e74-48b0-944f-4124-6f7e0d2fbe71
directors_1448,Q106358997,Q106089772,Q106358997-edca0354-41b0-39b3-b3b1-009d952cd6bb
directors_1449,Q106359152,Q106359160,Q106359152-9ff5b1a8-4672-5a4c-7c0e-786e2ddc5fb7
directors_1450,Q10636269,Q12338512,Q10636269-A6281107-0A15-4009-85B8-AC22184CCA17
directors_1451,Q106362830,Q288359,Q106362830-58C188BC-405C-4AC4-A7F2-5D3EC75C5E65
directors_1452,Q106362951,Q6377395,Q106362951-44197EBF-060D-4FC3-BDE2-B8807C33F2B7
directors_1453,Q106363032,Q103917,Q106363032-05f836cf-43be-3229-f499-cf31b32210b9
directors_1454,Q106364049,Q23261,Q106364049-71bb8c86-440b-1825-51f2-7d2e36c76b03
directors_1455,Q106366591,Q314403,Q106366591-f6e92e02-4531-906d-c8b6-8497f7ad33b9
directors_1456,Q106371582,Q117085455,Q106371582-F168BD17-EA43-4929-94DD-94363721D4DB
directors_1457,Q106371709,Q53105053,Q106371709-891acde1-4ab1-1d6b-29b8-5db756d7b17d
directors_1458,Q106371947,Q100278619,Q106371947-79BAA815-340C-4705-990D-3EAA0D4E6D48
directors_1459,Q106372021,Q4662709,Q106372021-3269a93a-4924-2ab6-ba6b-e9bf363a98b2
directors_1460,Q106372021,Q7920461,Q106372021-27F017D2-EC89-4BB1-97C4-3FBA2FFD410B
directors_1461,Q106375335,Q11077308,Q106375335-797AF3CF-8331-4846-A77B-B79E050823FC
directors_1462,Q106375335,Q17107061,Q106375335-CFD4CABF-63AB-4E56-A0C2-B3FA713E5789
directors_1463,Q10638747,Q4947412,Q10638747-95F73248-724B-4583-912B-352C09DC4502
directors_1464,Q10638837,Q4947374,Q10638837-2E7E7BAC-DA66-4C38-ACDD-E013B7AA0A21
directors_1465,Q106390475,Q236347,Q106390475-9b914beb-4129-3b52-58ca-0c462276b5e4
directors_1466,Q106390475,Q47006108,Q106390475-727c0155-4603-f454-b0d4-ffc5f4d09197
directors_1467,Q10639468,Q12319949,Q10639468-BA97C965-203C-4E14-A7E3-208C3BFE6000
directors_1468,Q106405587,Q7188607,Q106405587-E441ED76-C973-4626-88F5-A889BFFE407F
directors_1469,Q106405637,Q2841048,Q106405637-EA1AE711-443F-4652-9170-87F73DA7CC07
directors_1470,Q106413402,Q7441281,Q106413402-a8376b5a-4f90-4f56-c3a6-d6b0c1c72a28
directors_1471,Q10641435,Q5805953,Q10641435-30F0DC4E-BED3-47DA-85CD-256358BA9277
directors_1472,Q106416026,Q27915062,Q106416026-614fefca-4bbd-488c-d512-c80b65a5e392
directors_1473,Q106432822,Q59149,Q106432822-CEBAD273-94A1-4ECE-875D-B88CBCB39644
directors_1474,Q106434659,Q11890312,Q106434659-7c34a0e2-4dfc-d965-ed00-c520d688680a
directors_1475,Q106444183,Q116854699,Q106444183-bdea2dbb-4731-d41e-9c32-64ad0b4af7e2
directors_1476,Q106444183,Q116854845,Q106444183-359cfbfd-4bab-a7b8-1acf-79ae45dd364e
directors_1477,Q106448377,Q5048555,Q106448377-53621BA1-225D-4A4C-AA09-20D6F3834AC3
directors_1478,Q106448550,Q26908000,Q106448550-54450F0C-0485-4262-9200-E4F7C0E64BAA
directors_1479,Q106449851,Q4146284,Q106449851-43571211-44be-adee-e428-ae3c8df8aa69
directors_1480,Q106461608,Q3856405,Q106461608-245d8e80-4bb6-7866-7975-6a60454d7028
directors_1481,Q106462638,Q6317793,Q106462638-a7f548a9-4c5e-801b-1d78-16758afc5e51
directors_1482,Q10646434,Q4578917,Q10646434-586D4519-4E3A-426B-83FF-6B3B0DDFB99D
directors_1483,Q106469330,Q1677490,Q106469330-456c9d1d-4276-4a72-4e7b-540e556641b7
directors_1484,Q10647242,Q1161579,Q10647242-DF6BD348-06D2-4F86-905D-DBC737595FC6
directors_1485,Q106472965,Q53479047,Q106472965-15465471-45fe-b553-6a76-77e273aa2494
directors_1486,Q1064838,Q446318,q1064838-05BDDDB2-EC15-4576-803F-035D26BE7D1B
directors_1487,Q106485902,Q65705954,Q106485902-ec1821b5-4302-c9eb-d83a-cf44b0d8e0fd
directors_1488,Q10648678,Q4959518,Q10648678-F085F3B3-2B64-4A92-9978-E4568BBA6220
directors_1489,Q1064885,Q730100,q1064885-36F98FB8-674C-4DB2-9B4A-3E0E75601CC7
directors_1490,Q106489375,Q154490,Q106489375-f51f9765-4081-bbca-d833-f26d8cd2e97a
directors_1491,Q106492821,Q106427558,Q106492821-C78AC919-83ED-4C0A-9009-875076F55D7E
directors_1492,Q106494176,Q31190889,Q106494176-617A7012-5BF7-41EB-8A1D-6CE1CB324C73
directors_1493,Q106504945,Q6383819,Q106504945-d00fb854-4443-886e-b59f-0aa8023928fa
directors_1494,Q106504977,Q106504962,Q106504977-f645d2d9-45fb-45e0-5933-eec06b61faa3
directors_1495,Q106505977,Q11916561,Q106505977-38d14682-4474-f612-ea71-079434698d39
directors_1496,Q106506391,Q27717991,Q106506391-AC2BA522-5146-49BC-A38F-A469B51D0E0A
directors_1497,Q106506484,Q4717443,Q106506484-974c4811-41a4-04a6-0bba-40cc76cda05f
directors_1498,Q10651129,Q23915249,Q10651129-146F0609-7EAE-478C-8949-0BC4A695C9DE
directors_1499,Q106513312,Q282033,Q106513312-28980CFB-99A1-4B82-B12C-A2148C83DD32
directors_1500,Q106514501,Q21119944,Q106514501-7d278ad7-4fc5-6a71-c60e-b4e428b746d5
directors_1501,Q106514711,Q542634,Q106514711-90ED4FB3-5D70-42B0-A422-DD8D8EA99B55
directors_1502,Q106514960,Q63377997,Q106514960-8c1b32df-4029-4504-6eee-0a6911a5e5e3
directors_1503,Q106519089,Q20751724,Q106519089-4FFBD67D-2F43-4791-B0E2-931E7BFF7702
directors_1504,Q106522114,Q15964676,Q106522114-7915092D-834E-450F-8B91-C46326A15A50
directors_1505,Q106527639,Q27990623,Q106527639-f294f4c4-41fe-bf8e-07e3-c693e7bca152
directors_1506,Q106537891,Q111692591,Q106537891-517B8A68-3D39-4EC5-AD1C-3D1F7EDA7FAA
directors_1507,Q106541036,Q108865254,Q106541036-d63931ca-473e-abfa-d0d7-59a376c9191d
directors_1508,Q106542457,Q6293203,Q106542457-e5cad9b4-4f23-5963-b212-0a830a2cd314
directors_1509,Q106543910,Q110753079,Q106543910-2d04146e-423a-d685-4e8f-b4dace275f2d
directors_1510,Q106546993,Q56354090,Q106546993-3260e057-4bb7-19c1-0095-92903de480f9
directors_1511,Q106546999,Q10309289,Q106546999-c0aed3ca-4e5d-aafc-f0ce-a43edff6834b
directors_1512,Q106547036,Q9614588,Q106547036-ceac9d12-472b-1864-9f77-0e400bed76b7
directors_1513,Q106548437,Q41694022,Q106548437-1C1CD6BC-0EE8-4184-82A0-C06C3F2CE56D
directors_1514,Q10654985,Q5568161,Q10654985-BC6B1380-ECA3-432B-B052-AFFADE485B63
directors_1515,Q106551383,Q108072318,Q106551383-9076CC15-5F8E-4475-8D4D-404BC8992765
directors_1516,Q106554940,Q110502407,Q106554940-F6744D1D-BC2D-4550-85C9-FAE5D226E681
directors_1517,Q106555001,Q116757241,Q106555001-2ac01f87-4058-6080-36ed-28586b8cf9b4
directors_1518,Q1065568,Q1261335,q1065568-F7677EE0-5F9F-48ED-B439-E5E01DB6DD9F
directors_1519,Q106559770,Q33528627,Q106559770-2fb7c62b-4e92-0596-c661-a20b6f95c9bd
directors_1520,Q106568223,Q4970830,Q106568223-df8b1490-4378-58ee-21e8-29f67f77dea6
directors_1521,Q10656828,Q107290246,Q10656828-D4601A10-9B61-49F5-976B-58B94C95C144
directors_1522,Q106570651,Q64019560,Q106570651-fed1ba8b-415d-9e1b-fce2-ac86104bfaea
directors_1523,Q106574558,Q6734322,Q106574558-b2c66925-42ce-e96f-9556-6241f3e7affd
directors_1524,Q106577763,Q368493,Q106577763-216D8C57-D1EC-4B68-AD6B-B2F06E6FB6E0
directors_1525,Q106578075,Q41794758,Q106578075-6FB205EB-D89F-4288-B4C1-66F20E15EC02
directors_1526,Q106578091,Q5125261,Q106578091-4AE65F40-2D62-4745-AEB3-1693B43D5D89
directors_1527,Q106578117,Q111685316,Q106578117-0D26B811-F520-4DC5-85BF-D916368F0A5F
directors_1528,Q106581228,Q12713548,Q106581228-6EE12AA3-D035-4F7E-95CB-23CDF867E501
directors_1529,Q106581228,Q7793600,Q106581228-492c22a3-4274-4f71-8507-c1b509114e23
directors_1530,Q1065829,Q85487,q1065829-ABCD0BD7-19E2-4566-8B1C-ED2B40F44AED
directors_1531,Q106590131,Q246996,Q106590131-812551BF-4741-4A1C-9266-FD5478F033E9
directors_1532,Q1065945,Q55258,q1065945-8318CD98-545D-49F3-8D31-7B5E7DB7D032
directors_1533,Q106595920,Q315062,Q106595920-0ef6f1ff-47cb-6544-1175-389a09ce95b1
directors_1534,Q106595937,Q12332904,Q106595937-db3c908d-4ea9-edf8-9911-ec54178e2d1d
directors_1535,Q106595945,Q678310,Q106595945-6d036d0d-4dc0-6c35-cb8a-0b3b319296ef
directors_1536,Q106595954,Q30123128,Q106595954-6c3b6724-4f60-da31-5d02-113b84fd4284
directors_1537,Q106595963,Q37493079,Q106595963-3dd7cc15-4ff2-2596-fd5b-0e7f2d07af23
directors_1538,Q106597735,Q81586946,Q106597735-3570CFA1-680A-42F6-8048-800C76BC2260
directors_1539,Q106597806,Q107304237,Q106597806-6603BE9D-B8A3-4183-A068-2BAEC8E011D1
directors_1540,Q106597814,Q134274431,Q106597814-70fdedc6-47f4-a04e-98e8-e6d11d86e20a
directors_1541,Q106597838,Q21288243,Q106597838-47EF4EFF-34B8-4B54-855E-5399D4E518E0
directors_1542,Q106597883,Q78123220,Q106597883-562d9b98-44ca-59d6-6106-d172fcfa5295
directors_1543,Q106597883,Q78123223,Q106597883-15de31a1-4d2b-a2f2-2e1f-54888bd73c6e
directors_1544,Q106601197,Q1521897,Q106601197-2be2ecf0-4496-547f-6257-e20179fb5762
directors_1545,Q10660191,Q113502470,Q10660191-96C7F59F-49B9-4347-9B6A-25B30C509FFF
directors_1546,Q106602580,Q1442093,Q106602580-421cad85-4265-3b5e-7803-ecdacfc205c5
directors_1547,Q106608704,Q28691431,Q106608704-817a78bd-4563-f530-9727-30deac59652c
directors_1548,Q106608773,Q44702022,Q106608773-014649EB-80DC-418F-B99B-D09C753BCD86
directors_1549,Q1066098,Q2394603,q1066098-FD4ADCB6-1C20-4D65-B5BF-B4038ACDF298
directors_1550,Q106610349,Q109265360,Q106610349-66495245-BF9F-4CF0-8869-3F3A3F7E217C
directors_1551,Q106612798,Q134305088,Q106612798-239F3948-9D6F-4E32-833B-8F5924D07EEF
directors_1552,Q106614348,Q106282833,Q106614348-f64fdcc1-46a3-172e-36ea-2edf6ba285d0
directors_1553,Q106615731,Q1679707,Q106615731-ca285713-48d6-98af-c8a1-1a994f98d3df
directors_1554,Q106615731,Q65969654,Q106615731-13cebf04-46b4-f08c-44c5-efe96c5a07d9
directors_1555,Q106616302,Q16885906,Q106616302-BAF9E881-6827-431C-ABB2-0D6EFF91D0E6
directors_1556,Q106616993,Q146929,Q106616993-8314EEDA-36D5-45BA-9E7D-DC45272843FD
directors_1557,Q1066199,Q908962,q1066199-F40433C7-90B4-49E0-8B59-729A7BBDA1FB
directors_1558,Q106622657,Q41776257,Q106622657-5570AD8B-0172-4C15-A0B9-FFB378E45209
directors_1559,Q10663066,Q6034640,Q10663066-1BD6BDA7-2C92-4AC9-A6C3-91DF79C23AD9
directors_1560,Q106631071,Q55081199,Q106631071-2853CA5C-6CDE-452D-8BE2-1102BBE02E96
directors_1561,Q106636954,Q4931990,Q106636954-7b0deb68-47d4-1600-ca25-12fa4f45b38c
directors_1562,Q106638234,Q26884720,Q106638234-0fa120bd-4e01-ab2a-89c0-aa2685cd38dc
directors_1563,Q106638889,Q109265353,Q106638889-2E727139-3461-4974-B39D-1449A95A3FE9
directors_1564,Q106640340,Q4215049,Q106640340-af99bfd5-4cf7-d549-694b-4fa5576db7b4
directors_1565,Q106640457,Q2631517,Q106640457-5b7aeb6b-42bc-c2e5-bda4-006c167bb6be
directors_1566,Q106641766,Q4102539,Q106641766-98535f85-4ec4-4589-a7d2-08c6675954f3
directors_1567,Q106644924,Q106644918,Q106644924-0fb2c4c1-47f4-6219-7b12-4048e3b8751e
directors_1568,Q106645470,Q3351416,Q106645470-6b32dc79-4921-08cd-fe9e-34651b529639
directors_1569,Q106651130,Q21684844,Q106651130-c6698bdc-43d6-5d76-b315-6d0ee55f18f4
directors_1570,Q106653737,Q3266107,Q106653737-2131aee5-4b0f-0f43-15ae-349b8dc8df36
directors_1571,Q106654143,Q106318978,Q106654143-7b1d1a3f-4aa7-ed7b-8912-c55799f787bb
directors_1572,Q106665587,Q4199390,Q106665587-0915e6f0-4c22-1d44-d1dd-374fd0e65703
directors_1573,Q10666835,Q20261527,Q10666835-A9997BB0-2001-4FB8-BEEF-A7189670742D
directors_1574,Q10667139,Q117859671,Q10667139-B01B28A6-6F46-49F5-8529-59EDAD428EA4
directors_1575,Q106671702,Q12710117,Q106671702-3d30d68a-433e-8be3-084e-dcd0dace29ee
directors_1576,Q1066729,Q113853275,Q1066729-B88ADE04-6923-4122-BDF3-F9CD511BBD4B
directors_1577,Q1066729,Q113853276,Q1066729-7611066B-8D8D-4DC7-9839-AF61808E800B
directors_1578,Q1066749,Q557546,q1066749-B554D1A7-A80E-40B0-A3A8-B9058212B62E
directors_1579,Q106678840,Q21529952,Q106678840-75f289d2-407d-d6a5-7513-147d37b0147d
directors_1580,Q106678892,Q57017331,Q106678892-7E112614-0C9A-45DE-B898-37F59881C7FA
directors_1581,Q106680669,Q741655,Q106680669-a81aa17e-4fb3-d2cf-e308-6bf2c3f18e83
directors_1582,Q10668100,Q1387115,Q10668100-3AD4B714-3DB2-4334-88D0-1DD4882ED12E
directors_1583,Q10668100,Q33436947,Q10668100-B3E6AA4E-BEB1-4FA5-8321-1B9E0F98E451
directors_1584,Q106685218,Q1450198,Q106685218-fb84da45-479a-c298-e480-a1300bf53054
directors_1585,Q106688159,Q12359148,Q106688159-9154F011-4A6A-4376-8995-996EBDAC9852
directors_1586,Q106689785,Q16196124,Q106689785-5480E9EC-7375-4393-B788-32880D363718
directors_1587,Q106689785,Q2863277,Q106689785-C6F5A6D7-1026-4862-96F7-06BCEF54FD98
directors_1588,Q106692753,Q16300140,Q106692753-5e1da7d7-4fb4-610a-a465-6d38f2794c01
directors_1589,Q10670181,Q6050155,Q10670181-b5dc88f9-4230-d643-6c6c-595a1e803395
directors_1590,Q106706738,Q3945649,Q106706738-507B977A-902A-4D91-A229-74EC5A5C72A4
directors_1591,Q106706908,Q967544,Q106706908-D298A902-67A6-47F4-A132-630BD0093DD4
directors_1592,Q106707239,Q3014023,Q106707239-6056688D-7114-45EA-9B2D-3CE642133C95
directors_1593,Q10671338,Q6026709,Q10671338-25C60673-2C00-48DC-B386-8806DC4F8C71
directors_1594,Q106714486,Q27044524,Q106714486-f540fe07-4c97-4c75-52f6-2467b76d8cb8
directors_1595,Q106715562,Q106715581,Q106715562-666f6766-4e73-f42e-3a85-d09b20ca436b
directors_1596,Q10671737,Q734207,Q10671737-98AB1778-BA20-4FCE-A804-E76191318410
directors_1597,Q106717929,Q87117,Q106717929-D9428C58-816A-438E-998F-18FF5697CC5D
directors_1598,Q106718014,Q62323,Q106718014-E9D6EF9A-B5B7-4DE1-A6DA-09475BE79588
directors_1599,Q106718016,Q95259318,Q106718016-085C510B-F323-4E04-B9B5-73103F09F47D
directors_1600,Q106718037,Q75714,Q106718037-6A817B6F-B731-490A-A6BF-BE1BD208ABFD
directors_1601,Q106718286,Q95226171,Q106718286-F4C14148-3AA6-4FE1-8BC5-9AB7BD11A77D
directors_1602,Q106718552,Q95831109,Q106718552-6CE9DFC8-BAFE-4606-8C76-0DE7E9AE0D9A
directors_1603,Q106718718,Q97851,Q106718718-FD134655-480F-4DCB-B336-1211F70625ED
directors_1604,Q106718731,Q99504176,Q106718731-65228B86-F76F-48CD-A7D6-9B73C66E4609
directors_1605,Q106718756,Q89331,Q106718756-9A36ABC4-93E2-409E-946D-F8B460C7564A
directors_1606,Q106718771,Q85261,Q106718771-BD125A76-EC47-4B6C-B984-2F52C0FB8DE5
directors_1607,Q106718824,Q95185161,Q106718824-9195F379-1C8F-4BA8-908A-E8647D0B293C
directors_1608,Q106718824,Q95217970,Q106718824-DEA84CAB-EB49-46CD-806E-DBE054066CF9
directors_1609,Q106718877,Q1016435,Q106718877-4a969c2b-4a77-f88b-691d-ad2f875e1c1e
directors_1610,Q106718877,Q95236458,Q106718877-3AA72082-99A3-4ECD-A24B-F3465A3846F2
directors_1611,Q106718877,Q95784372,Q106718877-8e89416f-4bee-2839-4a23-d46ce89a36db
directors_1612,Q106718877,Q96164,Q106718877-601b7198-4d3b-e356-91b2-965fa006cd79
directors_1613,Q106719039,Q95855991,Q106719039-CAAC67F7-2023-4B36-B173-4EDB2649E5AD
directors_1614,Q106719153,Q83764074,Q106719153-60E6A707-B1E3-42CD-9E43-982E2E7F5162
directors_1615,Q106719270,Q1439351,Q106719270-61C5DFE5-8CBF-4A51-9568-12944F78E8D6
directors_1616,Q106719363,Q1448358,Q106719363-22180D22-ECC6-40E8-B96E-623A1C78E8BA
directors_1617,Q106720212,Q110432,Q106720212-2A14C254-CA02-41F9-B2CE-DA9BB446AE36
directors_1618,Q106720750,Q4201122,Q106720750-c9c38726-4be8-107a-ecdb-d9ffad7917b1
directors_1619,Q10672193,Q117885592,Q10672193-98F9AC23-6B6B-4671-AE1F-93ADFABEEEDF
directors_1620,Q10672193,Q117955616,Q10672193-62292600-6685-4CE1-937C-FE09D698792E
directors_1621,Q10672462,Q5958618,Q10672462-FEB123AA-2196-4631-9157-677E58E659B7
directors_1622,Q106725458,Q4153652,Q106725458-dcd7999d-4a19-223b-0441-bb12799e0c2c
directors_1623,Q106725856,Q61948629,Q106725856-F67E37C5-5C76-40DC-B031-0B23BE01AB66
directors_1624,Q106725858,Q241372,Q106725858-B079F55B-1C86-42CE-91E2-E91AFD1CEF8A
directors_1625,Q106725885,Q4351712,Q106725885-da05d2a7-475a-0c19-d68a-a652b98b5fd2
directors_1626,Q10672590,Q5891679,Q10672590-0735B4C1-151F-4F4C-BD74-0AE4B13F8FE4
directors_1627,Q106726658,Q52274376,Q106726658-71560017-678E-4863-9654-F87DD9F4803E
directors_1628,Q106727320,Q11221007,Q106727320-11598d33-4a09-4cfe-dd73-66e49c0061c4
directors_1629,Q106728425,Q11822101,Q106728425-efc82673-41e2-1db2-4b7f-4de298d50e7e
directors_1630,Q106728425,Q20819979,Q106728425-cb8ba8a3-4f94-3210-a841-2d1ecb4bca07
directors_1631,Q106729096,Q717015,Q106729096-789E80C4-8ABB-4AA7-AA76-224E15EC2BDA
directors_1632,Q106730795,Q27960476,Q106730795-a66ce0ac-475a-6890-32e7-fd1806bf2660
directors_1633,Q10673150,Q16632973,Q10673150-57F440C1-BE2E-417B-8E9E-488048383AB9
directors_1634,Q10673442,Q16502222,Q10673442-E20EDF80-8BE5-4F98-A1A6-224D9BB9EAA6
directors_1635,Q10673456,Q4947208,Q10673456-9D5A8C39-2A27-4E37-A0FA-686B6D54EE9D
directors_1636,Q10673572,Q6149241,Q10673572-91A306CE-E008-4BE3-A2A8-AC2F2710CEC2
directors_1637,Q106740037,Q62600716,Q106740037-587ED487-6C6B-4092-8B79-E5E3A05EB6E8
directors_1638,Q106741851,Q85997648,Q106741851-9980CECF-16DD-494A-A879-6FB4CD6D585C
directors_1639,Q106756192,Q4123613,Q106756192-bc24d4ae-4d86-b064-2be4-ae7b55d800a3
directors_1640,Q1067611,Q256958,q1067611-DB45C610-770D-4576-9905-4C75B129D363
directors_1641,Q106764544,Q7222570,Q106764544-d22487be-4593-e311-5e15-3c4b41e58a34
directors_1642,Q106764555,Q11851864,Q106764555-5943e4ad-4592-0e52-83a9-716f35027102
directors_1643,Q106765105,Q110901256,Q106765105-b0578594-4127-6d30-723f-178790d4918a
directors_1644,Q106765116,Q12195717,Q106765116-b9d300b7-427d-5a87-811e-bb6373a29a7a
directors_1645,Q106766031,Q7222570,Q106766031-D706054B-E198-4104-9455-663F23754923
directors_1646,Q106766219,Q7222570,Q106766219-7E2172B9-5684-41A2-9B39-E20A03118E91
directors_1647,Q106774309,Q553932,Q106774309-95febc5f-459d-1bef-dc33-71e479568ffb
directors_1648,Q106774329,Q553932,Q106774329-ca38ee73-4e68-7a4c-c0ec-0209907110b3
directors_1649,Q106774335,Q553932,Q106774335-d71e4710-4cec-48c0-d77e-1e6da5200cfe
directors_1650,Q106774342,Q106850584,Q106774342-ed1cbf4f-4f63-3247-acb9-958867d85c9e
directors_1651,Q106774342,Q553932,Q106774342-63530d47-46ea-63c6-2982-fa76c2e45539
directors_1652,Q106774984,Q107208147,Q106774984-541c7ab7-4cd7-d5ea-d9b3-122cc241daaf
directors_1653,Q106775516,Q28091528,Q106775516-5b1d33fb-406e-cd4c-0b93-d366785b9051
directors_1654,Q106775760,Q108167772,Q106775760-ae6666a3-42b8-0f08-5215-0b968f8c8f1c
directors_1655,Q10678056,Q4916229,Q10678056-50E16E1C-DC76-4837-8F5C-BCA2BE056B7D
directors_1656,Q106795671,Q30593208,Q106795671-FB0E1B0E-BD1A-4945-9FA6-0A1CE8909E21
directors_1657,Q10680449,Q117860616,Q10680449-E98F56C7-81CF-4BDA-82AF-C53D75B1F077
directors_1658,Q106807431,Q106807437,Q106807431-ac8af59b-48c9-7ddf-2e96-a4246e4e06e6
directors_1659,Q106807587,Q3311377,Q106807587-2ee0af1f-4c42-e10d-a46a-07f3216e30ef
directors_1660,Q106814017,Q23947040,Q106814017-8646B2FE-1DC4-4E92-AC0F-2F4B966E4750
directors_1661,Q10681586,Q114565733,Q10681586-0B152213-A201-4BA4-A0C0-D3603379BDEC
directors_1662,Q106817801,Q54864392,Q106817801-61708b72-44b6-807c-9ffe-7a5c0a7c0255
directors_1663,Q106819,Q30876,q106819-58B14260-187A-4C88-9DE8-614891853490
directors_1664,Q106822387,Q106822397,Q106822387-0be38aec-4bfc-e814-54da-790164e3d857
directors_1665,Q10682405,Q4947412,Q10682405-88A1AA99-371C-475F-A590-87C6848834A8
directors_1666,Q10682503,Q5969421,Q10682503-3BCFAC94-EC7E-4739-A7D6-38F015BC13A1
directors_1667,Q1068272,Q533492,q1068272-760809B9-613F-4798-8C22-F6144D26B92A
directors_1668,Q106834059,Q1928294,Q106834059-d6a0dbae-423f-c155-e247-a30758961543
directors_1669,Q1068375,Q722023,q1068375-C18B38C1-4D91-4D12-B4FF-33DAD3C97A1E
directors_1670,Q10683877,Q5649107,Q10683877-DC5BF6F9-6A76-4D40-BA26-97DAD59832FC
directors_1671,Q106838911,Q28556,Q106838911-2d65371b-4b60-372a-6d0b-2d09abbf1aa0
directors_1672,Q10684275,Q3357878,Q10684275-1F465FD6-8BB9-4ECF-9616-315A777314CF
directors_1673,Q106847111,Q106847118,Q106847111-926d5784-4021-ae55-defc-326f1ed01c2f
directors_1674,Q106856729,Q272804,Q106856729-27b3d5f9-4298-8897-5bf9-ba1a37c94d39
directors_1675,Q10685760,Q5954429,Q10685760-ADFADEE0-C520-48C6-88D0-964EFB3B26CD
directors_1676,Q106858423,Q106561671,Q106858423-2537d5d1-4a95-c5a9-d31a-39219827879e
directors_1677,Q106862484,Q13653617,Q106862484-6340f256-4f12-2597-1b95-dcddf8327c43
directors_1678,Q1068674,Q103917,q1068674-1072A72F-DC1D-4DB4-AB46-8D8187E07126
directors_1679,Q106872943,Q85969648,Q106872943-ddf373a1-48cf-8e22-2ef5-c2e7117f2f9b
directors_1680,Q10687414,Q1159900,q10687414-ee90f543-4f41-bc02-ca85-8510e1174b86
directors_1681,Q10687452,Q117859649,Q10687452-A18ADFAF-CC68-4B16-A570-174BB27C9053
directors_1682,Q106874559,Q114917285,Q106874559-B259A15E-BAC7-4607-8C98-D91BC5A33A24
directors_1683,Q10687933,Q5743666,Q10687933-E5509C0B-1B17-4D96-B7A4-E30E9B0C49EE
directors_1684,Q106880589,Q23697700,Q106880589-7760540A-6AAF-4E73-8CFA-CBDBD9034788
directors_1685,Q106880756,Q471552,Q106880756-D3D9D020-F0C8-4747-80A2-2A1980A950D7
directors_1686,Q106882211,Q16919965,Q106882211-8ffc55a9-4310-4224-1926-212e690676b3
directors_1687,Q10688317,Q469869,Q10688317-76325D8E-6056-4608-8EEE-BDCB15E4B8B0
directors_1688,Q1068840,Q5614699,Q1068840-155F3D12-3C14-486E-845A-9B855538CF5D
directors_1689,Q106888339,Q63434634,Q106888339-c9958f23-41bf-72c6-c10b-2655605a53d6
directors_1690,Q106890667,Q103181580,Q106890667-60d576cb-4ff7-48b1-0ba8-e5c1620a2562
directors_1691,Q10689107,Q1896510,Q10689107-BBFF62FA-856F-4BE7-A48B-80215BE465D3
directors_1692,Q10689112,Q3072299,q10689112-9717A143-98C6-4078-BB3D-016EA7594491
directors_1693,Q10689112,Q4959518,Q10689112-294BE1AF-F371-47AA-8B85-18A123C2B9EB
directors_1694,Q10689112,Q6013882,Q10689112-41E3B093-D4E6-4EFA-BB44-D51A95972AAF
directors_1695,Q106899660,Q111685898,Q106899660-80968E75-ADC7-4E65-AE27-B4F5D03DA2E5
directors_1696,Q106899660,Q111685899,Q106899660-A9EA64F9-B6DE-44EE-B7FB-46967003075F
directors_1697,Q106900400,Q111685317,Q106900400-F371E6FB-351D-496F-9B0C-6DD218C6F02A
directors_1698,Q106906663,Q725006,Q106906663-B9E63DFD-409A-4662-80C1-E7283602BE6C
directors_1699,Q106911865,Q5046217,Q106911865-0b789728-496b-e6f2-b9e0-6159369703fb
directors_1700,Q106911881,Q6911762,Q106911881-81D82944-5E47-4A80-924D-F69D3827ACE2
directors_1701,Q10691415,Q4580886,Q10691415-28D7AEFA-E0C5-4C42-B834-A0D74D73521F
directors_1702,Q106917164,Q1511549,Q106917164-1b11d0d2-4049-c536-aa21-c87275da3acf
directors_1703,Q106917164,Q2209765,Q106917164-4f0d304b-468e-9a2e-84f3-a053ad7aa650
directors_1704,Q106917840,Q43388599,Q106917840-f61ef7e5-44d2-9e23-ac7b-53e0403cb466
directors_1705,Q106917840,Q55430,Q106917840-636b3f74-4b50-225d-0e9e-da796f40afd1
directors_1706,Q106920195,Q113586928,Q106920195-0994cc4c-4235-8b0a-0215-60d96ed7dc45
directors_1707,Q106920712,Q11264817,Q106920712-0f1a7c07-4eaf-d99e-d074-a4c4cb63418f
directors_1708,Q106921060,Q106921099,Q106921060-a5c3629d-4e91-e818-4389-ed5619845822
directors_1709,Q106936946,Q106937025,Q106936946-a8ab86f6-43dc-03b1-96b3-34a36a6f3e24
directors_1710,Q106936946,Q106937034,Q106936946-fe31734c-41fc-4833-94b5-87caa399c066
directors_1711,Q106937739,Q6378953,Q106937739-f4732ff4-4c30-fcf9-4a6c-d5e45b35ebfe
directors_1712,Q106939505,Q113199218,Q106939505-2c428f5c-475b-da44-0eb2-ee3519aa1958
directors_1713,Q106942529,Q107866,Q106942529-b68db5d7-46fa-0b5b-06ae-58a438dc0840
directors_1714,Q106943371,Q12472095,Q106943371-833ce96a-4730-8a10-93e9-34bea9697c40
directors_1715,Q1069469,Q5666658,Q1069469-141830ff-42b8-67e1-b318-273c5a72789a
directors_1716,Q1069469,Q5800185,Q1069469-0c0c0c59-44e3-fa57-b12d-1b79d009d5c8
directors_1717,Q106947657,Q738410,Q106947657-38249b1c-44b3-525e-b7a5-86a86dcddaa6
directors_1718,Q106947973,Q1164563,Q106947973-8633e0c4-4972-b667-4d7c-bf398d9d1f5a
directors_1719,Q106955915,Q28857109,Q106955915-8c0cf890-42c3-512c-a57f-ef6080d72fb2
directors_1720,Q10695632,Q113547623,Q10695632-0C01AD20-7BB0-4C5B-B38C-EF7596E5F5B2
directors_1721,Q10695757,Q1177260,Q10695757-8A8282D6-62DF-467E-A7D0-410794CF6AE6
directors_1722,Q106958437,Q15733800,Q106958437-8270E2BB-06A1-45A3-8235-67A497F220E6
directors_1723,Q106958533,Q107574817,Q106958533-0f929830-4ae7-f3f1-a83e-c6595603fe67
directors_1724,Q106958533,Q3938740,Q106958533-46688d03-4b06-1049-e279-232bf314e8f5
directors_1725,Q106958852,Q11330,Q106958852-A67F8BE5-163F-46BE-866C-62A324CC6EDA
directors_1726,Q106961332,Q106961439,Q106961332-2a332fdf-4810-37a2-ff1d-e8495170a22e
directors_1727,Q106962510,Q56242148,Q106962510-31053BE3-56DF-4814-8288-5E5040DF759B
directors_1728,Q106963322,Q63042336,Q106963322-b8880ba5-420d-c275-214f-7a0aeb374b49
directors_1729,Q106969761,Q1280521,Q106969761-61625AD6-8C68-4C93-A051-07EE8DFF2948
directors_1730,Q106976840,Q22344527,Q106976840-d8d227c9-4e67-1495-b66b-3fe5a8679e7e
directors_1731,Q106977383,Q89289462,Q106977383-df610f84-41a6-102b-f08c-9fe2d90bfd49
directors_1732,Q106977801,Q114911851,Q106977801-46699512-7F23-459E-80B3-D6BADF4E8F15
directors_1733,Q106977842,Q55465,Q106977842-5a55ed47-48f1-9268-560a-b0ed117f8c44
directors_1734,Q10697895,Q16656019,q10697895-7c4fa137-4de7-f944-773b-eb8c9f4f689b
directors_1735,Q106978953,Q106978957,Q106978953-58723697-4a7c-dc9d-b45e-37bd8c347ef0
directors_1736,Q106979000,Q106979004,Q106979000-bf8295eb-4db6-d02a-3307-a73bccbfd1b3
directors_1737,Q106979074,Q70510567,Q106979074-40fc4f57-4b26-58dd-837d-dc7fb7329e57
directors_1738,Q10698037,Q4970830,Q10698037-D9A60016-E82C-4BB6-84F7-0AC5C9153838
directors_1739,Q106982237,Q26704542,Q106982237-B6720317-DD61-4011-8966-32974AD3321F
directors_1740,Q106982237,Q55722832,Q106982237-1D10A23A-8B1A-421A-AF29-CBACA383DD2B
directors_1741,Q106987651,Q13016851,Q106987651-e0cf3bc6-4a56-7223-0e28-5f0f6f440ed1
directors_1742,Q10698924,Q5716557,Q10698924-95FDD615-1644-489B-A976-D0D0C6BC66F9
directors_1743,Q106989892,Q59195799,Q106989892-6ec2a22e-4076-f6f4-4f82-830c542c6252
directors_1744,Q106990163,Q21403390,Q106990163-d0ec6e74-47bc-9e8e-a032-70448a018496
directors_1745,Q10699140,Q5358841,Q10699140-10882CF7-ADEB-47F0-81CC-38AAB8AACCCC
directors_1746,Q106994644,Q4790469,Q106994644-8777253E-D154-4E9A-B116-0938348C094C
directors_1747,Q106994644,Q5724080,Q106994644-16FFB1EC-CA09-46EE-8B90-DEC09AC6A0D2
directors_1748,Q106996423,Q108364520,Q106996423-8b5747ea-4b4c-b3d7-c76b-7b49da264cee
directors_1749,Q106997681,Q16176223,Q106997681-412c3c7c-490c-a75f-0a2c-5554798615a4
directors_1750,Q107000486,Q15064148,Q107000486-f5be2e30-4237-b334-0908-4aef6130b6fc
directors_1751,Q107001222,Q3946134,Q107001222-df27ab34-4a86-54cb-e019-6f04624cf468
directors_1752,Q1070030,Q872473,q1070030-B23CC595-004A-4CCE-94E3-B07B087CD3C9
directors_1753,Q107006132,Q114908458,Q107006132-D5820EA9-432A-4B6D-A80B-F2D18231A3AD
directors_1754,Q107007233,Q45306,Q107007233-bb919aae-4704-b834-d3e0-54fb7f275328
directors_1755,Q107008067,Q117862486,Q107008067-62A7CDAA-C41D-43F5-A80E-F1E85F65230E
directors_1756,Q107012631,Q32946332,Q107012631-3f822504-4319-5a53-5304-a91820f654b7
directors_1757,Q1070160,Q17565526,Q1070160-2E250B90-3719-4A5C-B882-39514A62718A
directors_1758,Q10701611,Q3934813,Q10701611-551E2BD4-73C8-4B2B-996E-4B7E63A2E686
directors_1759,Q107027721,Q1335528,Q107027721-6C0736F5-F6D0-41B3-AC88-6E17B82E7779
directors_1760,Q107027981,Q104671499,Q107027981-4d41371d-481c-25c6-1fef-9466a00633de
directors_1761,Q1070339,Q7609142,q1070339-5FE42B12-3D37-495B-B898-09A204CBD8B4
directors_1762,Q107040798,Q68302346,Q107040798-01E2E4AA-B83D-4C92-9A1E-A65F3583C540
directors_1763,Q107040798,Q68302796,Q107040798-9668FC92-7845-46E0-BF90-4318732AA577
directors_1764,Q107050761,Q16181540,Q107050761-461c6d13-45e9-e793-5344-1f97328b6647
directors_1765,Q1070554,Q1151111,q1070554-EA22B59A-D123-4579-B5A3-9D614687190B
directors_1766,Q107059453,Q349396,Q107059453-f0c6bac0-4bcb-16bd-fe3a-22335ebdfa1b
directors_1767,Q10706553,Q211228,Q10706553-72764df7-42b8-589e-71ff-0354ae9db56a
directors_1768,Q10706641,Q3357878,Q10706641-080ECD62-7FA9-4600-93F8-8EB60F50A106
directors_1769,Q107068399,Q16165163,Q107068399-49805440-4aad-2eb3-1711-99043c174d54
directors_1770,Q107068710,Q47544914,Q107068710-186e4c26-473c-d9f5-65d1-3472a430b8dc
directors_1771,Q107068760,Q117862148,Q107068760-DBC090B5-D808-4AE2-854C-9C679681FEDB
directors_1772,Q107071324,Q33084367,Q107071324-8F95A928-61A9-431F-BF5D-53E7DE512646
directors_1773,Q107071554,Q540456,Q107071554-C302144D-CA39-4715-BABD-DB6FD1501C4D
directors_1774,Q107071651,Q7838438,Q107071651-EA024124-9561-4E37-8FCC-A9DAB95EEF47
directors_1775,Q107073203,Q6161380,Q107073203-6f0a6e63-4325-f231-6251-960886fdd73d
directors_1776,Q107073403,Q636817,Q107073403-6a27dc80-47cc-c1ef-6507-564732aad140
directors_1777,Q107073859,Q106316596,Q107073859-a4a298c6-4ac3-ae42-a62d-764b38d2f0f3
directors_1778,Q107074827,Q24451145,Q107074827-55c2af7a-410a-feb1-3747-b5c420fb5c10
directors_1779,Q107075881,Q5216354,Q107075881-1bb0b6ce-4c10-ab4d-5984-386c23c3efac
directors_1780,Q107077576,Q107077337,Q107077576-26ea5898-4859-e6e6-84d3-20260667172a
directors_1781,Q10707855,Q4943654,Q10707855-F4C05435-3F52-4957-B833-7D8E2BB777D8
directors_1782,Q10707888,Q3999896,Q10707888-4136A3CE-D182-4FEE-B6CD-C26C6F6538E4
directors_1783,Q107086851,Q2829890,Q107086851-60f7cb49-413f-e240-2a2a-4401dbdf2e99
directors_1784,Q107087220,Q38059723,Q107087220-2cde66f7-4db9-194e-6539-629cbded8614
directors_1785,Q107087220,Q7027565,Q107087220-E9B14170-F705-4077-88D3-59D0E7ACD069
directors_1786,Q107089450,Q7060835,Q107089450-9fb3848c-4487-fb4f-c4ef-ebe10df06c7e
directors_1787,Q107089587,Q653571,Q107089587-4ac21f2f-4ac3-6f78-1304-22ef567ed55c
directors_1788,Q10708996,Q928823,Q10708996-2252ad82-49a4-b1cb-ba24-cfd81ec37a43
directors_1789,Q107091787,Q944572,Q107091787-6da457fb-4004-1aec-20ef-f6c7011c0629
directors_1790,Q1070919,Q3257792,q1070919-B319519E-4BF5-480B-BAD2-A5FB01277206
directors_1791,Q107092356,Q18632044,Q107092356-89c2f15d-4616-73fe-651a-6e96b5fb57db
directors_1792,Q107093418,Q29862138,Q107093418-85d77287-41fd-1df4-53e6-8d796f8e0cfe
directors_1793,Q107093974,Q107094000,Q107093974-290ae97e-477f-60ff-3310-1b288628b3d4
directors_1794,Q107094446,Q110702502,Q107094446-5891FEA0-30D0-4654-A128-E793AB1628DC
directors_1795,Q107095270,Q107095385,Q107095270-ad475fb3-4873-4f08-ee08-f813d96b22c2
directors_1796,Q107095586,Q50379681,Q107095586-19567874-2410-492D-BD32-F74B75BDDE24
directors_1797,Q107096526,Q2388301,Q107096526-e3ebc131-414b-cdec-f8e8-0ef9d2d647d0
directors_1798,Q107102317,Q3179479,Q107102317-ac41a03b-4ec9-e1ab-6a4c-012a1d7b29df
directors_1799,Q107103525,Q123762454,Q107103525-bee9258f-4874-aaf3-56f6-144919fecac4
directors_1800,Q107103723,Q3591221,Q107103723-85ed9ddd-4e10-5625-0355-a5ed7968fe8a
directors_1801,Q107105769,Q104142743,Q107105769-aca9eea4-472b-2c6c-7fb0-d7ce0afd654c
directors_1802,Q107107865,Q17220313,Q107107865-4061ec37-4ab5-b5b6-17cd-e98017fda517
directors_1803,Q107112059,Q16905873,Q107112059-c3d0b9a5-4f0f-a631-8e9d-c8433b825539
directors_1804,Q107117628,Q725722,Q107117628-f03c6bf7-4ef4-784a-dd7b-ad3d4d77b279
directors_1805,Q107119206,Q18350026,Q107119206-28a550ca-460b-2bcb-0435-cea3c75a3ab4
directors_1806,Q1071212,Q8215518,q1071212-66115BAF-2150-4F58-B73A-CD14D8D35A9E
directors_1807,Q107121729,Q26904157,Q107121729-19E70F2A-6996-4D46-BFEE-CDF4D95A4DE3
directors_1808,Q107122218,Q4137218,Q107122218-7a5c2613-46f8-ae0b-5ab4-72d0f49f1d07
directors_1809,Q107123845,Q232273,Q107123845-510f3a84-4614-6d84-3edb-d73eb805cdb0
directors_1810,Q107123882,Q107313527,Q107123882-0C05AF1E-F3B1-428A-BFE7-94707E906AFC
directors_1811,Q107124819,Q28575458,Q107124819-eed5319a-477e-146a-5bee-b3a801cab38a
directors_1812,Q107125026,Q20492764,Q107125026-58a9f09d-45cc-aef8-64b7-476772ccf19e
directors_1813,Q107125418,Q111795527,Q107125418-2A793071-EBAD-4AFC-A3BC-74EA944D4538
directors_1814,Q107125418,Q117862302,Q107125418-45F62AAD-4DBA-4FE8-BEE5-4265ED96BC3A
directors_1815,Q10712544,Q6045837,Q10712544-C9C68FAA-F8AA-4435-B475-49313FC164C8
directors_1816,Q10712545,Q1161579,Q10712545-C9FA5E31-07E0-46CD-87F0-E0C8D91ABADE
directors_1817,Q10712546,Q16633195,Q10712546-202FABD8-42B5-4494-89E3-10CA80EEF5BE
directors_1818,Q10712547,Q6045837,Q10712547-B9EA0930-9D3D-465D-9E4D-951A1D340B2C
directors_1819,Q10712550,Q1161579,Q10712550-DACFB476-D3B0-4615-B01A-83AEBCA504F3
directors_1820,Q107125553,Q107125243,Q107125553-e3d6e382-4a2e-18ad-6644-d60729599143
directors_1821,Q107125825,Q17285377,Q107125825-e594dc69-4276-82c1-5152-6ac6aa5fe9a2
directors_1822,Q107125825,Q20971246,Q107125825-b95d81e9-44a9-df6c-8ba2-8fb27da10967
directors_1823,Q107125825,Q3706326,Q107125825-d08032f4-4ec4-4775-f608-61bb10fb5018
directors_1824,Q107125825,Q3763188,Q107125825-051033a8-409a-4e3f-bac9-cb3034ae337e
directors_1825,Q107125825,Q3900890,Q107125825-7c4a327a-4702-b75b-20e1-53346b6833ed
directors_1826,Q10712726,Q33437245,Q10712726-542B691F-CFB7-4AA7-836A-0FEE8D435F70
directors_1827,Q10712996,Q11957305,Q10712996-96DAC878-9A91-414C-8899-F96B8BC8547D
directors_1828,Q10712997,Q17106795,Q10712997-5C050CA6-2567-4256-81DB-BBF385104B51
directors_1829,Q10712998,Q3425142,Q10712998-AA849EBE-B2CE-479A-9601-1B7F4A036FFA
directors_1830,Q10712999,Q11957305,Q10712999-300B70D7-83E8-41F3-ADB6-DA2BDBF63D7F
directors_1831,Q10713001,Q17106795,Q10713001-FF4EB546-0D09-46B5-944E-B0A2FBCF6565
directors_1832,Q107132341,Q87910319,Q107132341-a6dcc7b5-4f77-9741-87a0-0b000e8e8419
directors_1833,Q107133629,Q3701686,Q107133629-395fe477-4bc6-c056-2628-924f0a1d096c
directors_1834,Q107137046,Q106881082,Q107137046-082790c6-41b1-d048-707f-f9a7d8d25220
directors_1835,Q107139544,Q114899310,Q107139544-D3B373C1-1C57-4BDF-AD6D-46E3DE8DE196
directors_1836,Q10713967,Q113547605,Q10713967-52BB6E34-CB6C-41E7-A873-4B96D93997CB
directors_1837,Q107143864,Q3484342,Q107143864-FDEB417F-E304-4D9E-B436-9F72777D3392
directors_1838,Q107144268,Q4102539,Q107144268-25d2f9f9-4be3-72f3-b9b8-aeff2ef84736
directors_1839,Q10714767,Q5978777,Q10714767-43B0E178-1291-413D-AFE8-9C8C581F9EE0
directors_1840,Q107148197,Q4990841,Q107148197-b8a3a66f-455e-ab5b-0d1c-821f3f26c825
directors_1841,Q107150070,Q111095734,Q107150070-edabdb16-4fac-8cc0-06ec-3d6a3a826b93
directors_1842,Q107157881,Q116890481,Q107157881-14f0edba-4755-d226-8fcb-7051dd378fb5
directors_1843,Q10716445,Q113471486,Q10716445-BC3EE065-1530-463A-AB57-850358442BF9
directors_1844,Q10716445,Q113471487,Q10716445-E0D04B58-7CB8-4E89-8ACA-998E60F0C763
directors_1845,Q107167218,Q15151625,Q107167218-5b0eed23-4cb3-0c00-b35b-3cdb815f7cc4
directors_1846,Q107167683,Q27043048,Q107167683-be22e019-4a26-b94f-7ae9-fdbe2f3a8de4
directors_1847,Q107168350,Q108408715,Q107168350-05a200b3-4655-b2f5-bd06-dee6b81d4299
directors_1848,Q107168962,Q5904575,Q107168962-36cb0213-45c1-f09d-24bf-2fe8483b6df3
directors_1849,Q107169167,Q110874574,Q107169167-68e11e7a-47ea-6b42-5e98-db1a3568251f
directors_1850,Q107169837,Q577959,Q107169837-1aeb84ac-467f-6747-8c56-301d99084543
directors_1851,Q107170159,Q9325056,Q107170159-BC8C3F99-BB58-41BE-8B40-3E30C49280F1
directors_1852,Q107171860,Q291392,Q107171860-68de1dce-4d0f-91ff-58b1-bae8c6395a6c
directors_1853,Q107174193,Q48700026,Q107174193-beab9852-4330-7fb3-2fe5-789dde64293d
directors_1854,Q107174589,Q270279,Q107174589-3b07ac56-45c5-e24f-9762-ce4915cdb859
directors_1855,Q107175474,Q1373742,Q107175474-D469E620-918C-4CE7-A9D0-78BFC0664796
directors_1856,Q107175604,Q6037155,Q107175604-c243fcb2-46d4-41b8-98cf-14c47335b5d9
directors_1857,Q107175883,Q220836,Q107175883-DC34730E-4994-4F02-8FEA-FD5CB492D7D3
directors_1858,Q107176162,Q3371986,Q107176162-8601A38B-CB85-4845-BF98-EDBF9BE25D83
directors_1859,Q107177502,Q3013828,Q107177502-57caddf2-47e1-da32-1db6-0adf767f3687
directors_1860,Q107177868,Q64667871,Q107177868-a4b53853-4fee-5751-83ff-164d64b50861
directors_1861,Q107177989,Q32841028,Q107177989-cbfe20c2-41ee-d973-e0f4-e42be110a249
directors_1862,Q107182492,Q6172789,Q107182492-a59e6a56-433f-54fc-87c7-c2536500c349
directors_1863,Q107188939,Q107188962,Q107188939-15141cb9-4c35-38b1-6739-3bfdf7beca9d
directors_1864,Q10719104,Q106412849,Q10719104-F0232B21-9D00-4DBB-BB16-6A03B900567A
directors_1865,Q10719170,Q4568116,Q10719170-CEB7B5CA-4302-4C29-B1F5-2D61683E6B06
directors_1866,Q10719172,Q4990625,Q10719172-B62E5F40-B87B-41D4-940F-A0EA2E99134A
directors_1867,Q10719174,Q4568116,Q10719174-1C89CAFA-A9C5-4FCE-A8C6-188853802B6A
directors_1868,Q107191803,Q117862135,Q107191803-c99ba791-4ac6-48a3-ce2d-0c2693062892
directors_1869,Q107193898,Q12390928,Q107193898-6104a5cf-416b-aaec-1d49-2b9ec49a05b7
directors_1870,Q107194983,Q111540609,Q107194983-78758a66-4682-fb93-ae94-df7cd12c1461
directors_1871,Q107194983,Q5928180,Q107194983-218ef74a-4ef6-ed3e-ee2f-6e5ad4160f83
directors_1872,Q107197925,Q115106,Q107197925-34aed6ef-470c-5b51-b886-5e00343e2936
directors_1873,Q107199180,Q58656067,Q107199180-F62569C9-14F4-472B-B459-F8445C111D96
directors_1874,Q107203508,Q55215630,Q107203508-5C0E1391-0360-4094-9E3F-247FEB76FD09
directors_1875,Q107204407,Q84838365,Q107204407-AF5CF180-1EF9-4BFA-B037-D1A5C02B73A1
directors_1876,Q107208448,Q2624598,Q107208448-6207fc8c-4767-852e-43f1-24882215081f
directors_1877,Q107208538,Q332998,Q107208538-7dcf384e-4f3b-4384-154f-1276ad5cd0cf
directors_1878,Q107208626,Q18644560,Q107208626-00d76cb5-4033-d82f-512e-cbe52d920b92
directors_1879,Q107213166,Q122828150,Q107213166-93854f76-4e8e-5ba6-7b2d-8dcb8de51322
directors_1880,Q107214994,Q21511808,Q107214994-a26e6364-46f3-dcb2-dcf2-363dcacd0313
directors_1881,Q107223268,Q5953837,Q107223268-321C91C9-F468-4B6D-BA0B-7FA9819708BA
directors_1882,Q107226,Q356275,q107226-5FA683AA-48EC-443A-93FD-3BCCEA340751
directors_1883,Q1072282,Q388328,q1072282-F6EEC9AB-B099-465D-9C1F-D506569DD5C3
directors_1884,Q107231115,Q112541642,Q107231115-e45c7abc-4545-4697-6e46-ddbf5e0af698
directors_1885,Q107231499,Q107231545,Q107231499-D45AB092-04BB-4324-9B40-6D0229CDA8A0
directors_1886,Q10723618,Q23915129,Q10723618-E58ED8EF-C376-4EB2-B8DA-1B2277A4B93D
directors_1887,Q10724496,Q4885444,q10724496-697A3954-B183-4976-9E08-CF2AD6B7DD12
directors_1888,Q1072584,Q5586626,Q1072584-73E353D7-8E90-4975-98D5-E2C56FE20AFE
directors_1889,Q10725907,Q5586697,Q10725907-354B2A35-DD08-4380-8EF2-4F490B0D9909
directors_1890,Q107264952,Q107359858,Q107264952-bac049cc-4159-aeb8-a50d-1aca456351fd
directors_1891,Q10726561,Q113254814,Q10726561-244965B3-C028-4239-AD33-ED2B8EFF060A
directors_1892,Q10726561,Q114026720,Q10726561-1D40E8E5-3FDD-457C-B137-FEB8B2A7390C
directors_1893,Q10726561,Q114912454,Q10726561-DC9F9155-D29D-40B9-B0AB-0EF1388529AD
directors_1894,Q10726831,Q5581033,Q10726831-25eb3aa0-4eab-bfee-460d-a266eaddcb52
directors_1895,Q107270,Q193628,q107270-328B28AD-6769-47F2-9470-7273F363180F
directors_1896,Q107272601,Q3703572,Q107272601-8806c90c-4d76-040d-8d68-0c6acbfd75ed
directors_1897,Q107273994,Q202597,Q107273994-3e7a515b-48a6-c977-dcc6-cca4285e63d7
directors_1898,Q107273994,Q317814,Q107273994-3017e7d7-4a1f-1377-97c9-0c2f0b181622
directors_1899,Q107273994,Q702536,Q107273994-e3029b9f-4ec6-6f71-e684-999041e2957c
directors_1900,Q1072781,Q17180755,Q1072781-D4E913CA-5998-4420-BFCE-96307A6A7ACE
directors_1901,Q10728576,Q3440406,Q10728576-D3857B80-F5CB-4206-AF04-6372313EE6E0
directors_1902,Q107288923,Q84838365,Q107288923-EDB30E64-5A14-4FBD-A428-F9EA60D26AD7
directors_1903,Q10728969,Q11958329,q10728969-a9ececbe-40ff-d443-6631-1ad5d78bf763
directors_1904,Q10729081,Q2669356,Q10729081-EC0173C3-5AEC-42DB-8ABB-5CC8D7E2F512
directors_1905,Q10729092,Q11957305,Q10729092-1298a460-4e65-972e-c924-6f0f09c8027e
directors_1906,Q10729096,Q10729540,Q10729096-14A03B22-328E-4D30-9D8F-B9F1EABA85F4
directors_1907,Q10729096,Q22344468,Q10729096-b77ec614-41b0-c1b4-2f9c-664d05019a2e
directors_1908,Q107292105,Q84082917,Q107292105-4ebee21e-4607-0cde-f32f-6ff86eb6738b
directors_1909,Q107292443,Q107263565,Q107292443-0dfc8146-42cb-3c5b-662a-bcaec2661caf
directors_1910,Q107294619,Q28142536,Q107294619-b10b8d24-43b8-6506-a0d2-aac3feb48673
directors_1911,Q107297091,Q1910332,Q107297091-85665ae0-47f6-9385-3235-21c1451e6de9
directors_1912,Q107298396,Q2916255,Q107298396-e2e5bbdf-4134-4e73-1fc2-bc22c265345e
directors_1913,Q107299023,Q123030006,Q107299023-b2cf3a82-4e2b-90a4-ecf9-decf06354070
directors_1914,Q10730185,Q5613510,q10730185-0E41C020-124D-4797-BE3D-23EDABB340A2
directors_1915,Q107302815,Q104381585,Q107302815-a5211dbc-4570-8154-9d80-7f73e2ef8655
directors_1916,Q107304169,Q13035667,Q107304169-F7B2CC6C-E60C-43C9-BA66-B01FB45466EE
directors_1917,Q107304843,Q63698985,Q107304843-22CE64C1-47B9-4B12-A3CF-DD1892D342B3
directors_1918,Q107310881,Q107310984,Q107310881-401e5ce0-4101-bb1f-e27a-46bb06b82ea5
directors_1919,Q107310881,Q107310989,Q107310881-89f38670-47aa-d6f2-b903-1fc19db42709
directors_1920,Q107313347,Q4772688,Q107313347-ACC9DEB5-40AC-42F7-ABC2-975B8FB0439B
directors_1921,Q10732446,Q118485,q10732446-396026F5-9E7F-4E8A-8AD3-7D6ED9D19CED
directors_1922,Q107324616,Q706300,Q107324616-5f9af7ae-4b6c-34c8-5bf3-d71a88faf978
directors_1923,Q107324772,Q19365787,Q107324772-C8D8924F-0997-4CD9-B977-C40CFC4D0FBD
directors_1924,Q1073297,Q771774,q1073297-497f44e6-4e13-1c87-ddbc-b7481a80035d
directors_1925,Q107339050,Q2277288,Q107339050-8ccd4d17-43b3-9f2b-8093-7bc53e922943
directors_1926,Q107348809,Q231093,Q107348809-AAC86BD8-A914-4395-AF9E-04A4AB018745
directors_1927,Q107348939,Q21010069,Q107348939-B688DD7A-8E3D-4013-819C-750F403D0DBB
directors_1928,Q107352262,Q27865578,Q107352262-d8123620-4a87-8ee0-7db8-92868904021d
directors_1929,Q107357292,Q133259968,Q107357292-D30B0AE9-82B8-42CB-8739-FAF989DD4C0C
directors_1930,Q107357292,Q139580636,Q107357292-4A5F8912-5AE9-4158-BC81-9FDBD0E78A03
directors_1931,Q107358448,Q16028585,Q107358448-27e56e6c-4cd4-2513-bd16-ad524d4d5981
directors_1932,Q107363303,Q90045079,Q107363303-d97f7294-4565-dacc-ee98-4706e0aa82eb
directors_1933,Q1073637,Q11362653,Q1073637-FB872631-BC06-4934-9E48-166A2AE98E53
directors_1934,Q107366035,Q127050045,Q107366035-568D67AE-0C12-47A6-BE39-656695691614
directors_1935,Q107377383,Q459349,Q107377383-8B4BD9D5-00DD-40D1-A5AE-814E6067AF17
directors_1936,Q1073800,Q6122844,q1073800-0bd51820-4d8f-8a22-8d5e-ad75cca2b4e1
directors_1937,Q1073856,Q4753909,Q1073856-113263CC-EAF2-4A7E-A68E-C02E7C7ACF99
directors_1938,Q107389143,Q55081374,Q107389143-B5D856FC-6EDC-49EF-8C4E-F4FD00CBC88E
directors_1939,Q107390449,Q1676295,Q107390449-5bea2b12-4a4b-dbea-b251-bd2eb3f2a445
directors_1940,Q107394970,Q2848912,Q107394970-3b909700-48e5-f6e3-d556-f50dd0b823dd
directors_1941,Q1073956,Q11457440,Q1073956-F07EF274-3188-4E79-A56E-2FBEDE780A57
directors_1942,Q1074032,Q6769142,q1074032-22448674-DDFE-4ED9-983F-51DC7F7F9817
directors_1943,Q107404487,Q116257210,Q107404487-53e3e241-4e39-1103-0054-49a170d46a60
directors_1944,Q107404778,Q23834468,Q107404778-DB1D2FC0-E9B9-4BB1-A9E3-E5797706B97C
directors_1945,Q107405067,Q250627,Q107405067-b3f1d007-4cd0-4bf0-4d03-b3b3020f4324
directors_1946,Q107419695,Q18967371,Q107419695-8eb29cdd-490d-47c1-f007-092bc5559251
directors_1947,Q107428439,Q722023,Q107428439-48d84755-4e06-9597-5c9c-92a63f8a2c9e
directors_1948,Q1074295,Q1856626,q1074295-874EF23E-1BF4-49B9-B81D-3E5092163075
directors_1949,Q107435219,Q4301044,Q107435219-bd720e8e-4eed-817e-4449-472098ed0e1b
directors_1950,Q1074397,Q5646675,q1074397-AA5F6D46-AE33-4456-9DA5-915500420FB4
directors_1951,Q1074397,Q704612,q1074397-192FD102-6AE9-45BC-BA05-3931E56A7412
directors_1952,Q107445708,Q107445730,Q107445708-6002f8e5-474d-12d5-4bbb-bff7e8688074
directors_1953,Q107460063,Q2593,Q107460063-DB75B521-F39A-47B9-B1FF-D74F4480F054
directors_1954,Q107462978,Q26210991,Q107462978-DE0C1235-AD49-4B53-874E-1C81AED5EE62
directors_1955,Q107463341,Q21501583,Q107463341-9337cac1-41f4-3f56-beec-e7b5b48bbdf8
directors_1956,Q107463341,Q60341,Q107463341-0273cd2a-4b12-c48c-f1f6-812649c05503
directors_1957,Q107466664,Q3307854,Q107466664-11212A74-3EE4-4C05-8DCD-1B999E0BA770
directors_1958,Q107473646,Q113547638,Q107473646-0F692E48-5FAE-4C69-8392-1FDFB9BE8CC5
directors_1959,Q107484172,Q109440871,Q107484172-6fb011e6-4f70-1653-c172-e8f1db31c36d
directors_1960,Q10748749,Q11584087,Q10748749-36723087-4729-c6c8-7a49-7cd03267daf1
directors_1961,Q107496552,Q11890312,Q107496552-5C8AE855-7339-4D3B-A756-8BD4BE0D4E43
directors_1962,Q107497190,Q17110734,Q107497190-8804a197-418f-73cb-3f65-a29fac109c38
directors_1963,Q107515879,Q99461679,Q107515879-2ac9aad5-44fe-a4b3-7692-4cbc76ac21a0
directors_1964,Q1075182,Q212167,q1075182-2A187CC3-76FF-4BB1-842C-8C3E344AE56C
directors_1965,Q107522892,Q107522909,Q107522892-a6bd60c4-4a42-cc1b-abf6-6c1b6e118367
directors_1966,Q107524848,Q121091217,Q107524848-019b7931-403f-082a-14dc-b340fc5e8f35
directors_1967,Q107524912,Q1356738,Q107524912-581861D4-59E0-4635-8FC9-7EA313FB9FF3
directors_1968,Q107526465,Q107094302,Q107526465-7a4f5e42-401a-8341-cd56-ec7e0c701ce1
directors_1969,Q107549128,Q12025154,Q107549128-90e7e520-4c6a-f8b9-0ebb-25b0d38b1762
directors_1970,Q107558781,Q124708533,Q107558781-32689852-5782-4503-9346-5EC86A18E334
directors_1971,Q1075645,Q702536,q1075645-1760A967-79D2-43F4-8052-83AED490844D
directors_1972,Q107564541,Q106337645,Q107564541-C5B9C078-CEF7-4E29-BB7B-EC11AFB78A00
directors_1973,Q107566705,Q107566716,Q107566705-5b6afad1-4e5b-5b87-0c1e-db403a1a16c6
directors_1974,Q1075839,Q113206,q1075839-9DCE6463-3C98-4282-B3FC-652D29E308F9
directors_1975,Q107583912,Q16221961,Q107583912-FDA952E9-49E2-4260-B776-56460BA61A83
directors_1976,Q1075841,Q12035279,Q1075841-857177FD-C0DC-4A66-88C4-3D5793C40F74
directors_1977,Q107584295,Q4207234,Q107584295-4bf199c0-4a46-a048-4551-633def467df2
directors_1978,Q107589360,Q107589268,Q107589360-6aeb0910-4b2e-e6b2-b7fa-d3a43a36c1f4
directors_1979,Q1075918,Q975410,q1075918-66C5F882-596A-4A11-93E6-E5EBD6758D48
directors_1980,Q107599680,Q4913177,Q107599680-fc29a54c-49fd-3b9b-6f2e-f0b60a5e772b
directors_1981,Q107610336,Q2296698,Q107610336-0adc1994-4109-53e8-2bb0-1e801017372f
directors_1982,Q107610344,Q95789207,Q107610344-EF52A174-20BA-4BF9-B912-37FE8179B6F1
directors_1983,Q107610545,Q436861,Q107610545-4E29E48D-E9E5-401A-B6A0-31BBCA3601D9
directors_1984,Q107621661,Q60842615,Q107621661-e44e197f-4e81-9ca7-c7a7-95cd36e359e8
directors_1985,Q107622427,Q15063457,Q107622427-92B1FC09-CC9A-4EB4-9C8C-AF54A69EA93C
directors_1986,Q107622712,Q570635,Q107622712-9157b8b9-4b94-df5a-7f03-5503c6a017bb
directors_1987,Q107630143,Q18637425,Q107630143-9CA4C20C-2641-4497-9C04-D68ACF86D48B
directors_1988,Q107637705,Q84355038,Q107637705-5af57149-46c9-3903-891d-11dddd08dde4
directors_1989,Q1076380,Q702536,q1076380-AF105FA1-82FD-4F09-82BA-AEA7C886EB1B
directors_1990,Q107639384,Q4717134,Q107639384-1F17C06C-1A79-4299-AA3F-8C653D49C15B
directors_1991,Q107645493,Q48066196,Q107645493-6bb82b9c-47d0-46aa-57d0-250bbe77f48a
directors_1992,Q107646885,Q96377095,Q107646885-afd2af8a-426e-f948-e4a3-1c9a1ca622f4
directors_1993,Q107655827,Q10296081,Q107655827-d35290eb-443b-32a3-e673-c9046db41ac3
directors_1994,Q107657456,Q2424777,Q107657456-8CDB5F4A-5EE9-4847-9C63-509B4F2ADD14
directors_1995,Q107675028,Q2870837,Q107675028-eec06659-4c34-091e-e8f8-4a541412efe9
directors_1996,Q107675912,Q298255,Q107675912-37c1bf44-465b-cf7a-b263-b2869e15d10f
directors_1997,Q1076823,Q1373377,q1076823-82657A24-4D4E-4AB8-AFC6-4FB0DB21485D
directors_1998,Q107704115,Q115244768,Q107704115-E48E8345-705B-4DED-A012-398F37A80206
directors_1999,Q107704115,Q115244769,Q107704115-6F6B733E-F47E-4F61-A726-BFE5C665FFF3
directors_2000,Q10770563,Q10742872,Q10770563-62104c5a-49e4-2c5b-c1aa-68f7f3ffd545
directors_2001,Q107709858,Q13602305,Q107709858-BD7BD037-CD80-47C9-BBBD-CBFD575D4DEB
directors_2002,Q107710009,Q8877,Q107710009-c608b732-4fa1-ba69-f8c5-28eabb50da42
directors_2003,Q1077315,Q1373590,q1077315-FEFA0222-4013-4482-8991-5A44A1E5EA15
directors_2004,Q107739693,Q934964,Q107739693-BCE93A47-FB9F-4A84-A45B-EA895702628E
directors_2005,Q107746273,Q447999,Q107746273-eb9db206-461d-475e-b5ef-508ce74c1d79
directors_2006,Q107756265,Q2749785,Q107756265-32da6551-434a-d815-a7a8-2b60934da2c6
directors_2007,Q107791285,Q27656034,Q107791285-ed61288f-407b-1c1f-5f3a-3719afce9af5
directors_2008,Q107803472,Q465139,Q107803472-BE0BD40B-2062-4CEC-B382-4B52D5CC2D47
directors_2009,Q107808351,Q94632378,Q107808351-f7277aba-4410-dd0e-fb1a-f324b8e7a566
directors_2010,Q1078365,Q768543,q1078365-386B19E2-D6F7-4C50-BC91-5684AAB7C1E1
directors_2011,Q10785295,Q3316225,Q10785295-569e5e36-4118-71b1-2c4b-972c06006b93
directors_2012,Q107862278,Q607190,Q107862278-2542B2F4-B77A-4930-AFAC-66B53207AC46
directors_2013,Q107863171,Q1282375,Q107863171-0e96df32-4e58-ad3a-8d71-037c3cde6da9
directors_2014,Q107871488,Q489831,Q107871488-afd333cd-49eb-8bd4-3e88-5baa737cbb93
directors_2015,Q107883998,Q55422,Q107883998-1a785705-44b9-a045-eb1b-b3bd291eec7e
directors_2016,Q1079055,Q900501,q1079055-52CAC541-B6FE-4615-9C8A-DC787CADFC5C
directors_2017,Q107920304,Q53815755,Q107920304-3C148277-7254-428A-BFD5-25635AE319B4
directors_2018,Q10792815,Q16181079,Q10792815-A7451267-DCD4-4DC3-BF89-369D91DCAB68
directors_2019,Q10792815,Q16725584,Q10792815-111B2912-F5D8-4A35-BFCF-BDFE41091BEB
directors_2020,Q10796223,Q7938090,Q10796223-81f6ea18-4ba2-b19b-0abe-55bf143b57de
directors_2021,Q107969593,Q63296,Q107969593-90631014-33D8-4C38-90AC-1365FECB1164
directors_2022,Q107976429,Q17582593,Q107976429-fb954471-4abd-f131-7a5e-e06bbccdeebc
directors_2023,Q107978166,Q23094957,Q107978166-dcd5d306-4410-e80c-d358-8bfe09df4617
directors_2024,Q107984188,Q114908461,Q107984188-A0AF2CDD-D04E-4B6B-BF31-326F1B7AB2E4
directors_2025,Q107985423,Q3621855,Q107985423-246467a7-425e-c76c-ec9f-97501f58c744
directors_2026,Q108003049,Q15919819,Q108003049-EEDF4AA5-0592-4C16-B70F-D125B7B78D35
directors_2027,Q10800800,Q109430507,Q10800800-127a42d9-4743-2366-66c6-c06606609ddb
directors_2028,Q108030443,Q234212,Q108030443-1E3C49D4-C909-4155-B459-FF9DBF6EDAD9
directors_2029,Q108031233,Q38527294,Q108031233-39a145a7-49da-aba7-ffee-7d39f2d8d64f
directors_2030,Q108055717,Q4419251,Q108055717-c635769b-4382-8b21-a308-26b8cc6d7b71
directors_2031,Q108058449,Q23008108,Q108058449-960640d1-4a6d-75be-da92-1f6e0c17ec00
directors_2032,Q108067645,Q108067694,Q108067645-51a26602-4fc8-4007-9d92-a61c2daa2986
directors_2033,Q108086029,Q223687,Q108086029-c400bb72-4387-dd2c-6537-d6f0f21b13b3
directors_2034,Q10809656,Q754131,Q10809656-2ABA3740-DA2B-428D-AB07-1D174077AB62
directors_2035,Q108101523,Q960762,Q108101523-EE1C0A16-BD4D-4CF1-8365-F68596796CC9
directors_2036,Q108101613,Q122233852,Q108101613-a68d9b7e-4282-29f8-05aa-494566850743
directors_2037,Q108101639,Q113679512,Q108101639-120A1FCC-EBE4-4FC2-9489-BF1C9C0500DC
directors_2038,Q108101745,Q29017408,Q108101745-96cf717b-447c-1464-adc3-d2151aeb3fd9
directors_2039,Q108101957,Q18352210,Q108101957-D1F241FF-2943-4649-8B07-D113ECF28C52
directors_2040,Q108105043,Q107208064,Q108105043-871c4e41-4966-746c-0690-9e35ef5f6e6e
directors_2041,Q108106880,Q115411887,Q108106880-E425B357-805C-4807-8150-D99AAB89C334
directors_2042,Q108122921,Q61101318,Q108122921-ED33D445-F286-479A-80A7-CAF11236E4AC
directors_2043,Q108123132,Q646189,Q108123132-653B1301-C94E-4B54-B910-0DDFD16FEACF
directors_2044,Q108123259,Q124708624,Q108123259-B3738046-0B1A-4C5A-8F8F-50B5E39C9759
directors_2045,Q108123279,Q109290497,Q108123279-6EB66EE1-F7AC-4860-88D2-EA68EB357C17
directors_2046,Q108123279,Q19364811,Q108123279-B66D558C-3708-4799-9E8E-4C77017B3509
directors_2047,Q108128775,Q20014632,Q108128775-0f5f2075-40c2-edbf-791b-ca19b7fff9cc
directors_2048,Q108131369,Q108131105,Q108131369-7DDC0A53-C7CB-41F6-AACD-743CA080A02A
directors_2049,Q108131599,Q535018,Q108131599-A928157C-145C-443D-AC03-E3BE8AE11C84
directors_2050,Q10813251,Q901470,q10813251-5F33C663-D3B2-4599-BC00-3BBCFA9791E6
directors_2051,Q108133916,Q108133949,Q108133916-0309b91b-4872-4e2d-3061-0db5b31fa301
directors_2052,Q108133916,Q98761221,Q108133916-417d785e-4f22-db3e-d7a4-7d3f812eca3d
directors_2053,Q108146664,Q3376901,Q108146664-39B7DA83-16CB-47DC-A94A-4BB0383CE0B1
directors_2054,Q108159797,Q21936906,Q108159797-b9a06a0e-4267-c635-09fb-47d767b3ece3
directors_2055,Q108167874,Q108167897,Q108167874-202c463b-4219-f514-3ab7-3efb70d059f9
directors_2056,Q108195601,Q7777218,Q108195601-8BD96BED-FBFC-4A74-AC03-C23C98882CA8
directors_2057,Q10822367,Q3064959,Q10822367-7D057ABB-D2D6-44F7-BD23-A3A06FDCD7AA
directors_2058,Q10822396,Q6203818,Q10822396-D1F6E558-FF2E-447D-8A21-06AD31A91848
directors_2059,Q108226212,Q36849682,Q108226212-3a893fc6-4352-8630-a2e3-8c7191eb168f
directors_2060,Q10822679,Q169069,Q10822679-4F75E52C-FEBD-42CA-BB64-72B6F18F885E
directors_2061,Q108257926,Q85627863,Q108257926-3f4578ce-4bec-a979-487d-abccae387c6a
directors_2062,Q108266237,Q77041021,Q108266237-A9FE9773-2C14-493C-A194-AA7F76C896FC
directors_2063,Q108281389,Q62570963,Q108281389-F6C9CDA2-AAA2-401D-BA6C-DF1552038AE2
directors_2064,Q108284163,Q5660001,Q108284163-B0A86DC4-7483-4EEA-ADAE-A6A9D35DF470
directors_2065,Q1082924,Q1031374,q1082924-762BF677-8DAE-4564-8205-C80572344665
directors_2066,Q1082977,Q4707732,q1082977-6B0C5F70-87F4-4640-9766-85DAD7DA9D75
directors_2067,Q1083002,Q5262121,q1083002-A111D703-4C20-47E0-B57B-EC904A26573E
directors_2068,Q1083002,Q6308609,q1083002-7CD0E282-09EF-4B55-80B0-7F1E465C8864
directors_2069,Q108314506,Q372394,Q108314506-01C91F8D-FEEC-4B12-975A-B0BF07871229
directors_2070,Q108314793,Q771774,Q108314793-4D19EE5F-BDE2-4316-8F56-64B1D6744044
directors_2071,Q10831867,Q81610042,Q10831867-78a3edb2-4fbb-f714-edab-e1f8fad923ce
directors_2072,Q108320499,Q85627863,Q108320499-19ef4c64-44fb-11b8-4051-1131fd87bcfa
directors_2073,Q108321280,Q3337401,Q108321280-4e5069b5-46cc-e3ab-6fd5-1f0af3925a12
directors_2074,Q108322277,Q116442365,Q108322277-3919fb15-48c6-dc68-f797-893df40955d4
directors_2075,Q108325691,Q350422,Q108325691-9182c647-472f-7003-8c8d-1d6f1dc2c988
directors_2076,Q108329738,Q5214505,Q108329738-8B99392C-0B7A-4DE0-84D0-C5C91558A205
directors_2077,Q108329775,Q78024034,Q108329775-29824a33-4638-fb61-3086-35a0ac929b4e
directors_2078,Q108330260,Q12150557,Q108330260-688d3864-424c-b9b0-613a-f651b6162dbc
directors_2079,Q1083359,Q3758998,q1083359-4CBEDAFC-0B90-4D9C-BEDE-EDCBEC779493
directors_2080,Q108366682,Q106316596,Q108366682-b80a265c-4031-dbc8-b00e-2f865d86a73a
directors_2081,Q108392396,Q468442,Q108392396-A14A3837-52A8-4011-BE17-0B29990ADB72
directors_2082,Q108403266,Q26832641,Q108403266-186bed42-4aa8-a89b-69bf-4dfa72727d7c
directors_2083,Q108403266,Q26832642,Q108403266-bd83a96a-4fcd-87e8-7f23-4f1889a7d1e7
directors_2084,Q108407494,Q19355028,Q108407494-9c378fe2-4d9a-d5c5-c92e-1fe116e6e7b1
directors_2085,Q10840985,Q112456686,Q10840985-5F905865-11FE-4E39-9A6F-A8917D841605
directors_2086,Q10840985,Q112460105,Q10840985-571B9F79-2F00-49E2-BBE8-DC4BEB8A642A
directors_2087,Q10840985,Q12028282,Q10840985-4A79ED95-4DF4-4F04-B191-11697A448327
directors_2088,Q10840985,Q12059167,Q10840985-FF346555-1A12-401A-B337-F18F379EF2CA
directors_2089,Q10840985,Q132146402,Q10840985-CC7D2689-99D5-4A39-A28E-A9F8AC2D858B
directors_2090,Q108416432,Q15733800,Q108416432-A371A3CF-CF97-45BE-8268-678878720B2F
directors_2091,Q10842909,Q22262529,Q10842909-D583518C-FF45-4F81-BA78-E8851F1E3A97
directors_2092,Q108434638,Q60541574,Q108434638-afbeec89-4ed5-0d1d-7f28-5e6615c882ba
directors_2093,Q10843465,Q2821694,q10843465-FD8EA1F0-2862-46CF-975C-637BDF9C9CDD
directors_2094,Q108436239,Q121526,Q108436239-bfe05bcf-45e9-2f44-11d9-1bd7a214d50c
directors_2095,Q10843715,Q15903922,Q10843715-48D8788B-D159-47B0-B650-0B9813578E94
directors_2096,Q10843715,Q292693,Q10843715-482900AE-2F65-4A9C-BFCC-181F8AC8A87B
directors_2097,Q10843715,Q3570139,Q10843715-1FF19709-24FE-4A2E-8D15-75DD9823073A
directors_2098,Q10843715,Q435626,Q10843715-75E92287-E727-4FE0-9A0F-D2D2A433E800
directors_2099,Q10843715,Q4802465,Q10843715-25A9E645-009E-4F84-AF82-782F684C5796
directors_2100,Q10843715,Q5090832,Q10843715-FB245F17-163D-41C0-94CA-0004A2F71A82
directors_2101,Q10843715,Q5115171,Q10843715-4E86B752-2A07-41B1-97E6-15199A932E45
directors_2102,Q10843715,Q5367343,Q10843715-371F4F70-EC1D-4DBF-9BBB-1FD35F9A19DD
directors_2103,Q10843715,Q9058473,Q10843715-200A65EA-9630-47B4-96A2-0FD01FB897C9
directors_2104,Q10843715,Q9137836,Q10843715-FACDE110-E49D-446D-9FC7-F1E908F41642
directors_2105,Q108441683,Q3659834,Q108441683-b497e26a-4169-3027-2735-8970f5de0a7f
directors_2106,Q108444804,Q6768984,Q108444804-b254798c-4bde-440e-3744-f8b48375175e
directors_2107,Q108456719,Q7151786,Q108456719-c717bb1b-4d74-bd9f-6ba3-befe3dc7e2d4
directors_2108,Q108470901,Q3074245,Q108470901-6ca8ee81-4118-6d6e-4f9c-74083dfc15d0
directors_2109,Q1084890,Q106375404,Q1084890-A757F0F4-E8AA-4CCC-A6D0-43D695E695ED
directors_2110,Q108490145,Q535622,Q108490145-5344d8b6-4dbb-885a-cce0-e5ae233bcc5d
directors_2111,Q10851237,Q9374647,Q10851237-A9C92D31-3659-4050-970A-7759EAC27713
directors_2112,Q108525564,Q108527008,Q108525564-477175e1-4939-abc1-5d9f-d2df1a6ed84d
directors_2113,Q10852600,Q3163137,Q10852600-9CDDCBB4-1222-47A5-AC34-9556DC663AE2
directors_2114,Q10852600,Q944572,Q10852600-9C24468D-71F3-4BCD-834A-029FE3E4E42C
directors_2115,Q108528962,Q27990623,Q108528962-aa30e184-47b7-b203-8b5b-3807884c4f72
directors_2116,Q108532414,Q63546463,Q108532414-688D1C20-1EF5-4288-9D8D-80C32CBA4404
directors_2117,Q1085332,Q8985851,Q1085332-088583C3-74D6-4925-A9EC-695BC68EE4D5
directors_2118,Q1085333,Q43264,q1085333-0A5EC5A6-1DAB-44CB-BBA4-D6FE392C74D6
directors_2119,Q10854398,Q113585877,Q10854398-1CB572DF-6184-436D-9E41-74F901AF62EB
directors_2120,Q10854991,Q16725590,Q10854991-97BAE161-27E5-4987-8501-C54B3E3C41AA
directors_2121,Q108551169,Q22958724,Q108551169-B3D78498-992A-4849-98F1-731256FB3EC5
directors_2122,Q108551990,Q1942648,Q108551990-3e472d32-4983-d6f4-6749-f2254bf89b18
directors_2123,Q108552200,Q23877023,Q108552200-6B8E0C10-9E9A-4775-94C8-68BD10D9A517
directors_2124,Q10855344,Q32787,Q10855344-7370B30D-B82B-4E66-8C44-4EE7895F333E
directors_2125,Q10855352,Q3377560,Q10855352-D6F44DEE-90F2-4FD3-99AF-A82BB2FBBC70
directors_2126,Q10855467,Q11240903,q10855467-a2a19f9f-47d4-6875-b4bc-18aee659c0b1
directors_2127,Q10855725,Q87970095,Q10855725-c8a2fea9-46fb-6e59-3281-efcb7754ebd9
directors_2128,Q10855725,Q87970700,Q10855725-ed9f0154-4f4a-7270-bac4-2e2cbcb6f766
directors_2129,Q108559256,Q22323567,Q108559256-7ec6f102-4c65-bb1a-73e8-60371d740449
directors_2130,Q108559256,Q8003113,Q108559256-07BB981B-4871-45A6-B2E7-FE402080B115
directors_2131,Q10855998,Q18815850,Q10855998-B45234A2-9B5E-4739-A4F1-933E2C0329CE
directors_2132,Q10856056,Q11552553,Q10856056-8b9e5c6e-4ced-8996-b2ca-dbfe61052f2f
directors_2133,Q10856965,Q16028636,Q10856965-897B5E8A-0ECC-45C6-9901-70F96388C9BD
directors_2134,Q10856966,Q16854358,Q10856966-4f3a4039-41d6-5b9e-ffb8-86f6ec57d1c0
directors_2135,Q10856968,Q3566452,Q10856968-CC802895-E83F-4D5D-8B99-73605508EB85
directors_2136,Q10857021,Q169069,Q10857021-B76FBF3B-841D-4CD8-8CEF-298F5FE9484C
directors_2137,Q10858003,Q94265854,Q10858003-ab5bc191-4c3b-db3c-d4d0-46202805ce77
directors_2138,Q10858570,Q7295337,q10858570-21F0A0B3-2B8B-4CEB-A82C-A2385B1F172A
directors_2139,Q108585934,Q108585943,Q108585934-99efa8a8-4953-16cd-f509-07f0a3abb587
directors_2140,Q108586,Q242557,q108586-ACCBD3F0-6BAA-4A3C-8409-E1F00817BFB0
directors_2141,Q10858674,Q56008,q10858674-10EA2096-C85E-43D6-B345-3CDCBF9B419F
directors_2142,Q10858783,Q636817,q10858783-8EA273AF-2809-49CC-BCA1-A7F8809A7B6E
directors_2143,Q10859095,Q238315,q10859095-08A24699-15F8-4427-B291-DA495CFBE96D
directors_2144,Q10859095,Q352030,q10859095-E7F7EAC4-FF2A-449F-8EDF-B9A42D2F2F61
directors_2145,Q10859095,Q470601,q10859095-42CFEACE-9336-49DC-A5E2-06DFB82B5495
directors_2146,Q10859095,Q53001,q10859095-015543F8-BCDB-4493-BE84-DF537209CDB5
directors_2147,Q10859095,Q53009,q10859095-C00BA714-B4B0-4F17-AA34-8E3DA8144D75
directors_2148,Q10859095,Q55218,Q10859095-3aa70665-4802-176a-8223-69c2043fe6e8
directors_2149,Q10859095,Q57316,q10859095-EB95E8C4-D515-432B-A613-8E43AF777DFD
directors_2150,Q10859095,Q710131,q10859095-44D03905-B57B-442F-B73F-10A892176CA1
directors_2151,Q10859176,Q117859271,Q10859176-53FF7D97-4EFD-4585-A325-3C41F90E7251
directors_2152,Q10859251,Q12035785,Q10859251-E7397F68-59C8-479C-9F0A-8C9014A1C19C
directors_2153,Q10859325,Q108257198,Q10859325-D6E3D50A-B62D-4FF7-B2B8-B8CFF752FD68
directors_2154,Q10859325,Q112458033,Q10859325-176BD4B9-E707-464D-A1E0-8FC1475CB23B
directors_2155,Q10859325,Q14917610,Q10859325-31F28B72-B90B-4758-AB86-AA202D3264E9
directors_2156,Q10859325,Q2930228,Q10859325-D9EF01C2-9ECC-4412-994E-B4A1C6ED2EA7
directors_2157,Q10859325,Q61612487,Q10859325-a796dcc5-447d-45ec-59fd-6819bbe6baa0
directors_2158,Q10859458,Q12028282,Q10859458-779B852A-E326-4440-B937-D90A884E5808
directors_2159,Q10859641,Q169069,Q10859641-3A2B50FA-957D-44DB-835B-BB0E9300CD59
directors_2160,Q108597606,Q107639318,Q108597606-53c8b0fd-4cbe-de65-d87a-3834c1a19457
directors_2161,Q10860427,Q3179875,q10860427-609571F4-7C14-4F7F-84FC-AEF4AE672172
directors_2162,Q10860578,Q12021824,Q10860578-EDC1926C-AB9C-429F-8CAD-6E4865CF5C7E
directors_2163,Q108607472,Q2075917,Q108607472-B843D15D-F8AF-4C32-A5C7-902DF76A5FE8
directors_2164,Q10861367,Q54860092,Q10861367-9fef3786-4761-1368-9ac0-cfdf79970eb0
directors_2165,Q10861636,Q103456549,Q10861636-914FB3A7-A95D-4DC3-A04C-FDC0E0A9A233
directors_2166,Q108616638,Q17146319,Q108616638-f9196760-4058-d931-0b19-bf7ab7fa8627
directors_2167,Q10862358,Q3134110,q10862358-1B4E0926-845D-4ED1-B80D-1A64D04DE74B
directors_2168,Q108625531,Q266535,Q108625531-c5a5d1c7-40c0-fb7d-aafd-9354aa967e35
directors_2169,Q108628759,Q362824,Q108628759-7af1df24-43a5-6e37-a531-16e1ab031ff8
directors_2170,Q10863615,Q15912745,Q10863615-71532867-4757-2fbb-17ad-a55511ab52f5
directors_2171,Q10863644,Q11647735,Q10863644-4D27FF1F-EFCE-4D7D-94D1-74E0BD2CF2E1
directors_2172,Q10863829,Q18654258,Q10863829-8A980F6F-20C6-4D1E-945A-1C147F1CB097
directors_2173,Q10863830,Q2552168,Q10863830-5C4CF72E-3439-4591-86A5-A602BC5B2796
directors_2174,Q10863849,Q6653491,Q10863849-FEA61002-5196-4445-A693-52ACABE699D3
directors_2175,Q10863988,Q716069,Q10863988-ea55ef01-438e-5227-0669-8db836d367a7
directors_2176,Q108649516,Q670296,Q108649516-D53F8FF3-758A-48D2-828B-11BC07E7316C
directors_2177,Q108650361,Q2020499,Q108650361-535bb0e1-457d-fcdb-2c60-decc74b2326d
directors_2178,Q10865250,Q8975787,Q10865250-BD203B44-7F94-4E90-A624-1BBC40182394
directors_2179,Q108659401,Q3280869,Q108659401-16617336-4fb7-059e-138e-b6c0747644e6
directors_2180,Q108659445,Q57966510,Q108659445-f05dc169-4b5e-edda-4909-6cbc727656a7
directors_2181,Q108660853,Q7586376,Q108660853-A4827FC5-FBFB-47C4-90EC-96D6A6E8B6B0
directors_2182,Q108673914,Q84599463,Q108673914-4d21a55d-4909-2a8e-1224-853cb56abadf
directors_2183,Q108685011,Q2370267,Q108685011-eecbf1f2-4e5d-7d6c-3b1e-c034ed020472
directors_2184,Q10868811,Q113687948,Q10868811-EF134497-C43D-43F6-8C9B-2FDF815A679C
directors_2185,Q108688275,Q108688756,Q108688275-a9a9f124-4bfc-0118-3c1d-774ce7489ca5
directors_2186,Q10868893,Q715330,Q10868893-6A94AE9C-DC96-4488-9D7C-22072A84CA06
directors_2187,Q108690659,Q35481192,Q108690659-5EA49D89-F519-47E9-AC80-D865612D9976
directors_2188,Q108701182,Q108513354,Q108701182-f0a9eaac-44ae-823e-1d75-be87c7f659d3
directors_2189,Q108703864,Q48952299,Q108703864-6BDB71EA-3CF6-4E31-9B10-661876B05A13
directors_2190,Q108704207,Q54608672,Q108704207-473d6e9f-407a-c72c-ed14-a3d7e44c3d70
directors_2191,Q108704207,Q54608703,Q108704207-8698a52f-44e5-6bb3-5d0e-2290392fdd33
directors_2192,Q1087186,Q470104,q1087186-131E7FDD-A561-4BA7-9313-A3BED1316285
directors_2193,Q1087186,Q616410,q1087186-9F13E90C-22E6-411F-892D-1E5B6F4C00DB
directors_2194,Q1087205,Q4209066,q1087205-FBE424AB-220B-425C-A69A-5DAAFC98AD8E
directors_2195,Q1087225,Q507813,q1087225-196757A1-AA1B-4A1E-BDD6-F4D3D333020B
directors_2196,Q108739919,Q17513204,Q108739919-4801d564-4504-2cb5-0842-e3e245b427fc
directors_2197,Q108743818,Q6161380,Q108743818-506d9e7e-405d-f6c4-eebf-ccf972eb1b7e
directors_2198,Q1087463,Q3194224,Q1087463-AFDEB6B2-F3C3-4847-AFBC-E6C9DAB81A71
directors_2199,Q108751848,Q3626210,Q108751848-8ee4792c-41b7-9b0c-f72f-cd57660618fb
directors_2200,Q108760382,Q975410,Q108760382-942E6876-B28C-4DD9-A678-57A3DBCFAB3C
directors_2201,Q108760444,Q1368300,Q108760444-0472100C-C6ED-401A-946C-826BFF2D9122
directors_2202,Q108764447,Q97455101,Q108764447-98073c4c-4ab8-f01c-1308-6038dd6703ce
directors_2203,Q108770289,Q433979,Q108770289-e8978434-4e9a-7b85-0aec-96038d3f2d78
directors_2204,Q1087741,Q458730,q1087741-6FEC7CDA-428B-40A0-8A24-21C07CC432D9
directors_2205,Q108776159,Q1487677,Q108776159-14966d69-4346-aeba-02f2-ee8d21450115
directors_2206,Q10877634,Q2552168,Q10877634-F7C9DA48-7B22-4F41-B782-5D8D404A948D
directors_2207,Q10877635,Q2552168,Q10877635-EB29E5A8-CC91-4346-9937-EDBDFD200190
directors_2208,Q108782039,Q64620678,Q108782039-69199bb3-4891-e997-302c-14b3c48a9585
directors_2209,Q108782357,Q3073488,Q108782357-CE7D05C5-CE15-4420-9DD8-984F3C75471A
directors_2210,Q10878601,Q470841,Q10878601-BA30B2A8-2754-40EC-BC04-60BE5BA19FCF
directors_2211,Q1087883,Q3186007,q1087883-AD10971F-3632-4720-A54B-08E0C4D06813
directors_2212,Q108806807,Q116180812,Q108806807-07ef10c8-48e8-2a4a-a7dc-08d2f0b31d50
directors_2213,Q108809531,Q20920237,Q108809531-ACCF4FD8-B914-4947-A7ED-463E04194E3D
directors_2214,Q108809561,Q114913698,Q108809561-b06d7fe6-47f7-ac66-1f56-766157c50887
directors_2215,Q108813842,Q7437478,Q108813842-1705704c-49ca-3334-b9b1-cb5056450212
directors_2216,Q108828662,Q52905578,Q108828662-dbaa695a-4cda-5508-314b-17a065ab13e8
directors_2217,Q108828701,Q85998398,Q108828701-d1a6d2f6-4df1-403c-f0c4-3fb8830e8df9
directors_2218,Q108830433,Q2977437,Q108830433-6DD764AC-487F-4467-9803-E4C7FCB1CA87
directors_2219,Q108830676,Q7803484,Q108830676-B6D03377-D2DF-48A2-8196-B3A2F2403FC9
directors_2220,Q108833247,Q511934,Q108833247-BBAA4D76-F900-466C-ADA8-5DCD311B2C3E
directors_2221,Q108837349,Q1291686,Q108837349-62db2339-4b3a-cb30-875a-71d8def8391a
directors_2222,Q108837732,Q108884946,Q108837732-F0A0ECB0-FE1E-4828-8948-8B81CE3B9C0C
directors_2223,Q108839184,Q7042070,Q108839184-872AE10D-EBC5-40BD-BC70-1796A827B524
directors_2224,Q108839994,Q25191,Q108839994-05b045b8-423c-0645-0bd3-3f170cc76660
directors_2225,Q108841266,Q383930,Q108841266-98E90495-DC12-4E15-86D7-C5AC405FD8CA
directors_2226,Q1088433,Q6308750,Q1088433-B7CB4597-7817-442A-86BC-603D115C3611
directors_2227,Q1088489,Q282787,q1088489-96528538-8726-4E7D-8ED3-2A022C3A8BEC
directors_2228,Q108857075,Q114916744,Q108857075-CA82AA43-C5C7-4F71-918C-A708862B607C
directors_2229,Q10885826,Q117859169,Q10885826-7E182166-B295-473F-A47D-70D2BBB6A631
directors_2230,Q108858400,Q27048360,Q108858400-d1277094-4b84-28bd-5557-ad81b49b0015
directors_2231,Q108872432,Q47284,Q108872432-0c876325-4485-d051-469b-4da64d4f5c07
directors_2232,Q108877975,Q630845,Q108877975-91FAE5BC-A7DB-4D30-B9AF-E0F1B6E4EA55
directors_2233,Q108878036,Q99706267,Q108878036-606d4b79-4b07-7113-d93e-850a25c04ee3
directors_2234,Q108881748,Q311716,Q108881748-86cdb5b5-48d5-5d79-6d21-7d8c6b03d02f
directors_2235,Q108882357,Q449163,Q108882357-521F2C0A-35B3-4ADB-A3BE-F541D1276C23
directors_2236,Q108885257,Q380685,Q108885257-439bac82-4701-7a99-7148-b529086c46d2
directors_2237,Q108901009,Q25424748,Q108901009-3137fba3-44b7-9f44-94da-689f6748250d
directors_2238,Q108904966,Q11603087,Q108904966-7fc979c6-4d5a-88bb-b598-6d1e41b76587
directors_2239,Q108907392,Q525725,Q108907392-92798286-422e-df18-d02f-fc70862bfbc3
directors_2240,Q108908083,Q4777008,Q108908083-f1f1a7ad-4b7b-8f30-4fa6-29fd3a6fb79e
directors_2241,Q108911396,Q110847481,Q108911396-1a8e43f6-4f13-9518-a72b-4445a60945ac
directors_2242,Q108911396,Q110847711,Q108911396-1fa172d8-494b-6f48-0ceb-0aa6ef33bb82
directors_2243,Q1089126,Q11335,q1089126-7993454E-C70B-4245-89D4-52C52513C6AC
directors_2244,Q108913483,Q63149740,Q108913483-231E0392-69B2-4D75-A566-F61630E877BF
directors_2245,Q10891369,Q113990982,Q10891369-F80D7DAC-CD43-45A2-A0B8-895746B89207
directors_2246,Q10891369,Q15937869,Q10891369-0C7034FC-2493-4A4C-A85A-AA8ED6678CD8
directors_2247,Q108916490,Q2832626,Q108916490-f8293062-4daf-ab5f-b658-3427ecf7d7bd
directors_2248,Q1089168,Q113139189,Q1089168-0B370D70-FBC3-4878-BFE0-FD22F059CEFA
directors_2249,Q1089183,Q144354,Q1089183-98D9DACB-9D8C-4096-83C7-BBA43A8F8209
directors_2250,Q108919296,Q17523829,Q108919296-787569ed-4ffa-6268-8d62-3cad1bb083e8
directors_2251,Q108919466,Q109016442,Q108919466-433FF77E-C8A2-4823-9B02-A5CF37EF048D
directors_2252,Q108919489,Q22926984,Q108919489-350b22a5-4fca-b8eb-4a97-897cb31b7b67
directors_2253,Q1089210,Q113677612,Q1089210-143691C1-395B-424B-9ED1-7BD14DBF9A81
directors_2254,Q1089222,Q3787509,q1089222-4DF9C283-7B3C-4507-9641-9F25CC1DE01B
directors_2255,Q1089232,Q115210480,Q1089232-17518D92-642D-47D8-AD6C-82824E7763C6
directors_2256,Q1089232,Q115210481,Q1089232-85B39709-25D4-4447-82E5-6D38ED39411C
directors_2257,Q108923247,Q25315761,Q108923247-8fd98567-4df7-1a3b-655e-b377cac9ebd2
directors_2258,Q1089245,Q114179994,Q1089245-1E9FA23B-1D3D-48E1-A7A0-F6D9ECACC9B4
directors_2259,Q1089256,Q113462179,Q1089256-D4B0CCE0-881C-4E0F-8A6A-0DAF4E68F4D7
directors_2260,Q108933720,Q72909881,Q108933720-D2E3D1FD-EB49-4773-9179-1C7C86AE9CD8
directors_2261,Q108933782,Q27967772,Q108933782-86B38E1D-0BA1-44F0-B307-33015AFF0777
directors_2262,Q108933791,Q109265353,Q108933791-51f9ac78-4b55-5b1b-86fb-14f40096abb5
directors_2263,Q108933856,Q111685319,Q108933856-A416BBB7-A596-48F0-968B-475330D78F41
directors_2264,Q108933922,Q113389858,Q108933922-5bc5c8d7-484a-8aad-bf53-ef3948eff487
directors_2265,Q108934012,Q384004,Q108934012-E0A4EAFF-1173-4BE3-A5B8-93543B9E4EBA
directors_2266,Q108940144,Q111685315,Q108940144-BFC5ED4E-8112-4C81-962A-AFFE23C39BB8
directors_2267,Q108940238,Q27662303,Q108940238-e9c74e22-4580-b531-57d3-64df72a4424b
directors_2268,Q108940271,Q56209288,Q108940271-4A95A636-95A5-40D5-9720-5AAA893A1A8B
directors_2269,Q108940282,Q18386329,Q108940282-9DAB188E-4E3B-47E3-A7E6-58AE528F710B
directors_2270,Q108940313,Q107312991,Q108940313-676E7CF1-EFDC-43EC-87AF-E33E63B7E8DB
directors_2271,Q108940413,Q174648,Q108940413-128EE981-41C9-4FF0-854D-21DCE3518009
directors_2272,Q10895518,Q20062558,Q10895518-3135A5C0-4D81-4FE6-BB6D-2D744F05FE17
directors_2273,Q108965590,Q42380938,Q108965590-79ea3fc5-4653-04ce-fdc8-8bacdca974ab
directors_2274,Q1089690,Q7417923,q1089690-1B7EBEA1-F8E4-4F8B-902F-D74708D6D083
directors_2275,Q108990978,Q4057263,Q108990978-7B620B0E-5320-4B90-BCB9-41D05EECD271
directors_2276,Q10899320,Q11411703,Q10899320-6ECE19AE-7414-4149-988E-948AE8F7E8E8
directors_2277,Q1089943,Q3416155,q1089943-12518C90-EFCA-496B-BB57-1960432D1CD9
directors_2278,Q108994615,Q4057263,Q108994615-32bc4807-4c84-db8f-a1f8-68eaeb2fcdae
directors_2279,Q109007447,Q4057263,Q109007447-6f24f100-405d-4e56-0261-6055953fe43b
directors_2280,Q109007499,Q4057263,Q109007499-31fbc9c4-4994-09b2-0d09-9c70b763ef96
directors_2281,Q1090108,Q317567,q1090108-F38C5681-D1F8-430C-8FAF-80926BAFD4FA
directors_2282,Q109016935,Q3417308,Q109016935-c8a23e8b-4353-342e-3abc-f8aa17cc932e
directors_2283,Q109018481,Q42008241,Q109018481-b71f2b67-4227-4b69-ee4a-caad7fce3674
directors_2284,Q109019627,Q1767287,Q109019627-89AC49D7-777D-4B4E-9FBD-D65A6D909BD9
directors_2285,Q1090390,Q325396,q1090390-CF24CE00-9F9E-4BFA-9749-F203C8634980
directors_2286,Q109043381,Q1387804,Q109043381-5db62d6d-4703-3509-4c81-c225af6cdeea
directors_2287,Q109045472,Q88692644,Q109045472-3caa719d-4082-dc27-7d44-9196c80ba59b
directors_2288,Q109051190,Q109051089,Q109051190-3c47d30f-4529-959a-a06b-4258394298ad
directors_2289,Q1090566,Q317814,q1090566-BA4229A1-0BA5-4D76-8A6A-20AE656AD168
directors_2290,Q1090735,Q607190,q1090735-E1BB790B-F80D-4F99-BEF8-8CE08465E501
directors_2291,Q1090737,Q1244129,q1090737-8AE9BE32-5854-4E2F-9327-4CF7B9B032E7
directors_2292,Q109076927,Q4057263,Q109076927-a82daa67-4024-770d-bcbf-b5d037e90e9e
directors_2293,Q10907942,Q28914697,Q10907942-8b1fb29a-4cba-61c1-7d95-a91d91638fae
directors_2294,Q1090970,Q55258,q1090970-61725386-7EAD-4C82-A616-DC169FAE715D
directors_2295,Q109099174,Q109100050,Q109099174-5bf37e7f-41f5-cc67-800d-b7b8bf821512
directors_2296,Q1091012,Q11575956,Q1091012-EF6A1E92-C0C2-4C5F-B99C-B13EA17CA31F
directors_2297,Q1091140,Q638941,q1091140-33F0016F-8DF6-4C4F-A7CC-9AB78B7BB92A
directors_2298,Q109116554,Q99224041,Q109116554-CD5658AF-FCF3-42E3-B773-1EE8F08A2958
directors_2299,Q1091168,Q1852104,q1091168-DDBCD506-356D-4764-9250-BAB94351C83C
directors_2300,Q1091178,Q167522,q1091178-99D0EFD7-6B63-4C45-A0CC-05FD68A60614
directors_2301,Q1091350,Q716398,q1091350-2DA1B15B-769E-4C35-9130-E88FA536E2EE
directors_2302,Q10918465,Q563013,q10918465-C39B32BC-E29A-465E-90C1-C1A82A949F99
directors_2303,Q10918782,Q114911842,Q10918782-21A3F81E-9344-4A57-8053-265D7FE805BA
directors_2304,Q109228976,Q16887747,Q109228976-4AAD36E3-A41B-442E-97F4-2E20826521B5
directors_2305,Q109228991,Q548823,Q109228991-E5987DDF-1AEA-4DAC-87B9-66DB1B27E257
directors_2306,Q10923591,Q13091171,Q10923591-C0014D59-4D18-48B1-BF51-D08F23C22AAB
directors_2307,Q109236248,Q5273792,Q109236248-F20116C6-4FFF-40F8-9DCD-7A294B6CC6DD
directors_2308,Q109243672,Q4443099,Q109243672-12fc842d-49cc-94d3-9773-91677e6d89ed
directors_2309,Q109254833,Q933562,Q109254833-c3ce6676-49fc-8eab-3281-edbb43db73e0
directors_2310,Q109255213,Q107326456,Q109255213-7574e3e0-47f1-74fd-4f0a-3922ee0d15e2
directors_2311,Q109255213,Q84126662,Q109255213-ced4d6c4-4722-1f4b-5dda-ad2c71429d98
directors_2312,Q109256605,Q85991024,Q109256605-04b9c567-4056-2dd7-f186-d303f07964b6
directors_2313,Q10925770,Q9299505,Q10925770-F027E264-9B80-408F-9A31-9E07BA04201D
directors_2314,Q109258048,Q107639318,Q109258048-89EF02C4-1CCA-4A6C-BF66-C497D1CFD18C
directors_2315,Q109284173,Q242557,Q109284173-8af60ac5-4728-42e1-bcae-3295140687e4
directors_2316,Q109284181,Q139330,Q109284181-8147D7DF-6819-4F09-8BD9-AE5B89F4F272
directors_2317,Q109284668,Q3739177,Q109284668-B19BDF7F-17E3-4709-B1F8-4F6C46B1E764
directors_2318,Q109284836,Q22958170,Q109284836-C2727A07-1E5D-4C28-8D02-9EB417ACFC11
directors_2319,Q109284841,Q56512093,Q109284841-3900A2C3-F84A-4EF3-91DF-0F475392C277
directors_2320,Q109285390,Q134545998,Q109285390-F6F4E273-3AE6-4698-BA0A-40AB4C335FEE
directors_2321,Q109285540,Q3607334,Q109285540-033523E0-5102-4132-9C09-6F0605474771
directors_2322,Q109291077,Q19267177,Q109291077-4aef7bc3-4cfc-c500-8160-ca13fb137bae
directors_2323,Q1092928,Q106375924,Q1092928-0DB11330-7661-49E6-B5E5-D5CAF6C737A7
directors_2324,Q1092933,Q768543,q1092933-A82DE8E8-0F5A-4642-A79B-7C9B1429BCC7
directors_2325,Q109297092,Q3141302,Q109297092-b89cc989-4fc0-47ca-c761-d01bcfe07a68
directors_2326,Q109300018,Q61764563,Q109300018-ac38339c-422c-11d8-ae2b-15b1b2c86d8a
directors_2327,Q109312581,Q100348052,Q109312581-AECD4A23-1F2F-4A47-9190-4A65448DD969
directors_2328,Q109312634,Q2923748,Q109312634-05fe66d6-45a7-5e8f-7243-7cb8b5a6282d
directors_2329,Q109312674,Q27063042,Q109312674-c76eef52-46d5-3c3f-f506-f9bb1a2dfd1f
directors_2330,Q109313959,Q2966653,Q109313959-65a195c4-4f21-458e-0c90-2361e34140a8
directors_2331,Q109315216,Q19315817,Q109315216-D44E3F91-4D56-41C0-A34C-FD25F15C1CC2
directors_2332,Q10931925,Q113990976,Q10931925-084257FB-7C0E-41E3-BD49-11EA66568EF7
directors_2333,Q10932041,Q6202377,Q10932041-D4EFCD3A-1F24-442F-80DA-827AD2EEE674
directors_2334,Q10932045,Q13091171,Q10932045-A1919399-3C09-4679-9DE8-7CA8F9A9CF1D
directors_2335,Q109324544,Q72882298,Q109324544-E73B161F-4D9F-43FD-89E3-23B6EB08FAA1
directors_2336,Q109325783,Q3342570,Q109325783-5d20e42a-4c8c-9ea4-fc5c-f2c0e63d8dc0
directors_2337,Q109329212,Q24676131,Q109329212-7A624C64-6B23-4C5E-ACBE-CECBA020458D
directors_2338,Q109340847,Q22974503,Q109340847-EC62D312-3EC9-4A5C-BCC4-42F38CAF7CB0
directors_2339,Q109344477,Q59781899,Q109344477-e083b9bc-4acf-a4b8-e7b8-fe868d5094ac
directors_2340,Q10934739,Q11646790,Q10934739-7f68ca7b-4309-186c-f0d8-9b3cbcab87a7
directors_2341,Q10935044,Q15921882,Q10935044-749BB78E-8BDE-471A-8390-B6387339BD4C
directors_2342,Q109355923,Q109356046,Q109355923-5aec787d-4193-32e2-47c1-f4f2162a17ce
directors_2343,Q109355923,Q109356316,Q109355923-3770F260-497B-4A19-9D2D-2DF0D91EC9F7
directors_2344,Q109357621,Q105587563,Q109357621-e4ceec7a-4d00-e1a3-9bbe-d5c2a79abf9c
directors_2345,Q109360014,Q109889063,Q109360014-a6c77dd8-447d-4e2f-be90-8581269915c0
directors_2346,Q109361165,Q55447315,Q109361165-028952a3-477d-2bc9-0b24-b7cad5d16ba1
directors_2347,Q109362028,Q110264434,Q109362028-909a1dad-41df-606a-1122-b6048920bc97
directors_2348,Q109363442,Q908962,Q109363442-3ae991d3-4041-05a3-1dee-d81172c67a75
directors_2349,Q1093640,Q6502995,q1093640-51FE5EBD-D1B7-4F46-96B2-7C456C7F5DA0
directors_2350,Q109364068,Q11585744,Q109364068-F5C9EFAD-2936-491A-82D4-673036BE9929
directors_2351,Q109365462,Q15915513,Q109365462-def98f7c-4c99-d421-0b4d-1aa70ca9cb04
directors_2352,Q109369581,Q3700922,Q109369581-E69C6257-4889-4B0B-8411-71F0BDB4EFA3
directors_2353,Q10937232,Q5115171,Q10937232-FBEB78AE-3F03-4936-99C8-75D0542EB788
directors_2354,Q10937357,Q113410889,Q10937357-024E4B3C-6EDF-4BF4-A19D-3F23C7F3C9AB
directors_2355,Q109376147,Q11242471,Q109376147-AF78FEED-A055-46AF-9BBD-62822959C465
directors_2356,Q109380836,Q65213697,Q109380836-fef90f17-4147-0ff7-b7bd-9e346c6ce6f8
directors_2357,Q109381955,Q10306587,Q109381955-64a9edc2-4aea-591f-9008-14ac86fe637b
directors_2358,Q109387468,Q724172,Q109387468-3196ea05-4dcb-452b-a404-a0958eabe7ec
directors_2359,Q10939088,Q7497228,q10939088-A4B40F51-02CC-4905-8E2A-88B40677E0BA
directors_2360,Q10939174,Q238819,q10939174-F7D316D5-E739-421E-820C-B4D9AE72507C
directors_2361,Q1094118,Q193070,q1094118-427542D4-357A-450D-93C9-2A5FE95BB7F4
directors_2362,Q1094125,Q1523831,q1094125-49818209-5F74-40C4-9910-5A6A732FABA7
directors_2363,Q1094135,Q185421,q1094135-8CD55CFD-D618-4C78-8858-155EC7B765A5
directors_2364,Q109420019,Q85991070,Q109420019-12449dd2-4435-a2bc-6784-45ba8db560ae
directors_2365,Q109422721,Q111077289,Q109422721-602a0395-47d2-45e4-9fae-bc64b11ed54c
directors_2366,Q10942754,Q113581767,Q10942754-5BEB6F98-BD59-441E-817A-69430D4BBAEF
directors_2367,Q10943014,Q18234510,Q10943014-B24F6418-8B2A-4C8D-A972-79AF69005B8D
directors_2368,Q109431346,Q61130946,Q109431346-d29fc871-40a3-2090-60ee-7a9f969206bf
directors_2369,Q109432804,Q15507048,Q109432804-527b106d-4898-e0be-fee9-3ddc09e66ca8
directors_2370,Q109433096,Q7663549,Q109433096-0b908508-491c-09eb-2334-96fce0f127cc
directors_2371,Q109435979,Q17410948,Q109435979-ebc10be5-470b-70da-7bc4-4c6585710a5e
directors_2372,Q109437189,Q12478639,Q109437189-d339742c-4bec-1d33-71a4-23bb594cd913
directors_2373,Q10944005,Q707336,q10944005-2440BBD0-8194-459D-AB67-D6FD41E30848
directors_2374,Q109441601,Q109441509,Q109441601-5be9b9fb-42ac-c324-9d3c-84f7db249fbc
directors_2375,Q109441936,Q12492970,Q109441936-4EA43A6E-5BA5-44FA-B29D-263E2A24884F
directors_2376,Q109446845,Q459933,Q109446845-7B69196D-9097-46D3-9FDF-1EDD8F6ECF6D
directors_2377,Q109451594,Q120147085,Q109451594-FC59D15D-B862-4E22-AF60-B836EC9B1676
directors_2378,Q109451670,Q19269227,Q109451670-b998f700-4721-8a7a-fd08-3432fb962357
directors_2379,Q10945344,Q6686900,Q10945344-47404152-0C95-4F6E-97B9-F464BCBA462F
directors_2380,Q109467732,Q26834168,Q109467732-cd285b4c-4b61-6f6d-7abf-17b45cd98579
directors_2381,Q109480616,Q5973150,Q109480616-5aaa127f-4851-395a-88e0-d5795a792c59
directors_2382,Q1094828,Q174648,q1094828-EA074BB9-6636-45CB-AC64-2E3CCDAA54E4
directors_2383,Q1094839,Q1373377,q1094839-FA98758D-4B0E-4862-9513-261731E79510
directors_2384,Q109496796,Q46553421,Q109496796-8A79BAB3-EAA6-4ED6-882B-4696D06C211E
directors_2385,Q1095042,Q551704,q1095042-D290A4FC-AE4B-44F6-92EC-4FB66907BD6E
directors_2386,Q109510942,Q55428,Q109510942-c9888947-483d-037a-2425-31b2665056b5
directors_2387,Q109510969,Q18698425,Q109510969-BE5376D7-6250-471E-BECB-93ED1363CCFB
directors_2388,Q109511080,Q6073899,Q109511080-5d2678e5-4a75-dbf7-9068-e85541c85052
directors_2389,Q10952778,Q117854333,Q10952778-EFB9AFDB-E635-419A-9CD9-1924D20AD30E
directors_2390,Q109535238,Q15964676,Q109535238-F4FD38AF-7B42-4C6A-A326-089A3782F12D
directors_2391,Q1095356,Q11718051,Q1095356-8958307D-35D0-41E6-80A5-D1324DEEE52B
directors_2392,Q109535859,Q105755598,Q109535859-E566EFC3-4D7F-454D-B3BD-2C702E1CBF9D
directors_2393,Q109535859,Q105887703,Q109535859-AD49F3CA-D1C0-45B7-A782-F6711B083964
directors_2394,Q109538749,Q6178555,Q109538749-8D6E0186-E256-4CA8-8B17-8866603F0938
directors_2395,Q1095425,Q454037,q1095425-1D41CC16-9BB1-471C-8827-F931C1F08D5A
directors_2396,Q109545410,Q28798286,Q109545410-1e60eea3-4e74-ab6d-f3db-32d50413d5bc
directors_2397,Q109545644,Q124708638,Q109545644-2842F6A1-818D-4C82-A28C-DBA961C94658
directors_2398,Q109550132,Q20110680,Q109550132-82097A47-954A-4DDF-9D7E-F375297BBAEF
directors_2399,Q109558145,Q16734315,Q109558145-2d07115a-4933-a734-cbfc-8556d44b5a0b
directors_2400,Q109559532,Q5537604,Q109559532-1821406A-947D-4C92-BA63-3A647ED5D3FA
directors_2401,Q109563723,Q109440226,Q109563723-638da540-496f-d853-a316-c360ada0ebfa
directors_2402,Q109563789,Q15507048,Q109563789-80a4f180-4ae8-5b1f-063e-93e7b03c90ae
directors_2403,Q109563801,Q49251738,Q109563801-84f264e8-4882-d8ea-721c-65a63362f366
directors_2404,Q109563852,Q105044594,Q109563852-536EF86A-F182-4093-A3B7-B8530A758C6F
directors_2405,Q109570235,Q3367400,Q109570235-0b8faa4e-49f7-ab40-8bc4-dc4c28a16928
directors_2406,Q10958628,Q113853255,Q10958628-A47AF72C-F38C-4F47-A273-8EB512F82A70
directors_2407,Q10958628,Q113853257,Q10958628-7C3A818B-385F-482D-8D0D-F26726CB6FC2
directors_2408,Q109588751,Q19667327,Q109588751-B58C4339-50C3-4172-87D3-5DBF0362268B
directors_2409,Q10959046,Q686867,q10959046-C58DC910-AB4D-48A9-AA8B-7B33BF0BA225
directors_2410,Q109595555,Q55538674,Q109595555-299da153-4f5a-a400-bb94-04b089ecc276
directors_2411,Q109596007,Q55447315,Q109596007-b7441bf1-4ead-73a1-5bce-e3b2c764fe75
directors_2412,Q109599109,Q11635932,Q109599109-9dbfbe3b-4d43-1643-b163-de639e6ddc74
directors_2413,Q109600897,Q24873498,Q109600897-16f6c76c-4b42-3357-94e4-9220421e107f
directors_2414,Q109602274,Q108777289,Q109602274-6d76a202-4a3c-7127-3340-e5721f145553
directors_2415,Q109603243,Q11435062,Q109603243-F76801E0-1D91-4C97-A20C-C9A8358A56C4
directors_2416,Q109652821,Q30593208,Q109652821-a59fe978-4b82-a564-a009-0458341a2281
directors_2417,Q10965854,Q7161082,Q10965854-859DA734-CD85-4A01-AA12-426C9B1AD48E
directors_2418,Q10967433,Q4164801,Q10967433-531E5022-0AC8-4DDB-8D0B-72FE63FA4C34
directors_2419,Q109681699,Q93475912,Q109681699-b46d1b9c-43a7-3709-9c3c-ac410fa3cacf
directors_2420,Q10968568,Q3595535,q10968568-26DAD7C5-DF43-42A6-835A-54C23CFB814B
directors_2421,Q10968665,Q12712786,Q10968665-D9631E3F-D372-4C2B-91A0-129CF44090DD
directors_2422,Q10968934,Q2837213,q10968934-B132737C-74D4-4C67-B858-9644DC27C1A9
directors_2423,Q1096935,Q26823041,Q1096935-C8AC0FA8-7F09-4E9D-BDEB-5FFEA0D7F2B5
directors_2424,Q1096935,Q26823054,Q1096935-C4323D87-E73F-4A9F-A010-29D86E9BFA3D
directors_2425,Q109701131,Q105972188,Q109701131-509d4a54-4cae-4cec-3bac-0586169a588e
directors_2426,Q109713819,Q11976433,Q109713819-5178b35a-4810-f950-5e62-810327c0de2c
directors_2427,Q109726871,Q4494628,Q109726871-e7d2f1da-4417-5d0e-8218-a23e416e321b
directors_2428,Q109729135,Q37493735,Q109729135-66552923-43f1-e716-8ce5-bb9d6079be9f
directors_2429,Q1097375,Q262608,q1097375-A420BDC1-749E-4E9D-B2A8-8C6EBFA794A0
directors_2430,Q10973852,Q5212416,Q10973852-CDFBFB07-C7DD-434D-8EDD-857DB3AB3F61
directors_2431,Q109742910,Q3998297,Q109742910-38d6270c-421f-4a63-5749-f91d7584633d
directors_2432,Q109745505,Q4137218,Q109745505-42ed8e8b-472f-8326-d740-d26c0c36e289
directors_2433,Q10975963,Q12250381,Q10975963-3E5DFF95-8A9D-4D37-B380-33E76730A2B1
directors_2434,Q10976126,Q7497581,q10976126-F15ABF63-1CF7-484C-A185-34754E48A4BA
directors_2435,Q109776044,Q17999278,Q109776044-ddee256d-4b81-a8c4-d2c7-fb37fae83f3c
directors_2436,Q109782260,Q109782353,Q109782260-a1ccee68-4003-e365-a889-4c4a704c3f26
directors_2437,Q109790103,Q2865791,Q109790103-b359dafc-45f4-e4c6-a9b0-3433a5fc3460
directors_2438,Q10979291,Q109354786,Q10979291-23395810-45da-96b2-af11-1b658972ee42
directors_2439,Q10979291,Q315484,Q10979291-d645217d-4ccd-ec36-504a-17b492b724b1
directors_2440,Q109801772,Q7462513,Q109801772-AA241936-CD77-4EFA-AAFB-B0EACF006B9C
directors_2441,Q1098140,Q129079,q1098140-87EBF838-7D88-4535-8FA5-6C7173DF4BC5
directors_2442,Q109822301,Q16403146,Q109822301-4bcb6666-4876-34df-6e45-5aabfeb92612
directors_2443,Q109837874,Q109837803,Q109837874-2be0bf40-4a13-93a7-b7ce-f8081932be31
directors_2444,Q109905743,Q3106705,Q109905743-6365AB12-88CF-4980-AFA6-39C0CC958A6E
directors_2445,Q109918319,Q24941300,Q109918319-010de424-40fe-c0d4-70ec-e2dbe7c2da9f
directors_2446,Q109927912,Q130377105,Q109927912-8E1FEB16-14A2-479D-A693-A33085F776A6
directors_2447,Q10993223,Q12484651,Q10993223-2DB47825-3C3C-4EF2-ABB3-3FB7F03CF256
directors_2448,Q109935139,Q694259,Q109935139-c33e709b-47ff-8929-dae9-d2a686851846
directors_2449,Q1099384,Q550717,q1099384-02E0D7FE-B1CA-4314-8D0A-C9A1E20CBB06
directors_2450,Q109941604,Q7364570,Q109941604-801aa08e-4000-de99-8269-2af41869f078
directors_2451,Q109942735,Q27949201,Q109942735-e559ae2f-43a4-241b-af27-29b43d1b7146
directors_2452,Q1099448,Q318712,q1099448-8BEFE317-52EA-4E81-AE13-4B16F5AF5D8C
directors_2453,Q109965528,Q97204601,Q109965528-89b23766-46cb-370e-ae55-a13a32b03515
directors_2454,Q109967276,Q113620055,Q109967276-2b3a027d-4fc8-fc35-9bc4-c4435a5fcf6d
directors_2455,Q109973745,Q60574294,Q109973745-E0F03FB5-E1A1-40E0-A40E-0B88486A55FB
directors_2456,Q109974196,Q120287995,Q109974196-1b0ada30-4cac-b393-2f63-d6c4d3f90c88
directors_2457,Q109984826,Q74138,Q109984826-7242746B-4E1B-4741-99FB-0DC7A4D32579
directors_2458,Q109986454,Q7027844,Q109986454-f4fddcf1-44d4-182e-9e08-e2b226f9a1f3
directors_2459,Q109986454,Q7175961,Q109986454-0ca16817-4dd9-88ae-3db6-42f167e6875d
directors_2460,Q1100064,Q5181627,q1100064-1B8DD2A6-AC16-46F8-A458-7203D45960BB
directors_2461,Q110010607,Q27996902,Q110010607-806ab609-4965-dd85-0a64-3d1c21a2c19f
directors_2462,Q110015480,Q60189101,Q110015480-e68cdaf6-4c03-ebcb-8d07-e72ba3addbd1
directors_2463,Q1100217,Q470104,q1100217-4F3A7473-1E99-479B-B2E1-6C2BAF2B516D
directors_2464,Q1100224,Q16140064,Q1100224-0BC4E809-71AC-4C32-B513-EBE53DA9973D
directors_2465,Q110027782,Q110764162,Q110027782-DAD58E4E-770F-4017-8173-FC7DC38A8758
directors_2466,Q110027954,Q122354434,Q110027954-dbc1ecb1-4106-7f10-6c93-d629762083db
directors_2467,Q110029008,Q48847545,Q110029008-382a0c88-4047-bfcb-f901-faec5a83a367
directors_2468,Q11003376,Q11005355,q11003376-72C3B297-7FF2-403C-9CBD-FD7E2E868F8F
directors_2469,Q11003562,Q20492764,Q11003562-e47ada75-474f-4fa9-0b7c-b0e03eae2487
directors_2470,Q11003667,Q106376331,Q11003667-79F54CA8-4CFB-4362-89ED-25F78D6F8619
directors_2471,Q11003667,Q106376333,Q11003667-72CF445E-9BAE-4888-88F6-DE44687504A1
directors_2472,Q110039575,Q115411888,Q110039575-287EA966-8147-4B10-8538-C192210145D4
directors_2473,Q110040047,Q11963712,Q110040047-3f4eb5fd-4c6d-82cb-918f-f740b964b6f9
directors_2474,Q110040212,Q115411889,Q110040212-4BFA65A6-1070-42AD-9101-B8C0CD29C3E4
directors_2475,Q1100495,Q2345067,Q1100495-5E295020-F70D-4613-934D-066399F54308
directors_2476,Q110075923,Q110075942,Q110075923-25306939-4c2c-c711-52aa-5bbf13e5d185
directors_2477,Q110077792,Q113565240,Q110077792-22326de3-497c-1000-36cc-557379311251
directors_2478,Q1100832,Q944572,q1100832-8C944CC1-348C-4C73-8917-C8FA87833C5A
directors_2479,Q110086360,Q1292000,Q110086360-ac094e7f-4538-8b1f-32c9-a2f283a41992
directors_2480,Q110094895,Q123849048,Q110094895-4275070F-76E5-464A-A448-DB9143611D38
directors_2481,Q110101612,Q24960799,Q110101612-8319306a-4b84-03d8-cab6-332d2ee8e8f2
directors_2482,Q110101640,Q11754527,Q110101640-a97b1123-4390-259e-b33d-c70df4328d0a
directors_2483,Q110101641,Q63966921,Q110101641-de866cdd-435c-bc71-6940-465c5341c7ae
directors_2484,Q110101985,Q27929090,Q110101985-2d846b4e-407f-08cd-7ef1-dda4f86c7c10
directors_2485,Q110110709,Q10290620,Q110110709-ff429851-4231-a642-2618-de4d1ff7d1bf
directors_2486,Q110115177,Q139558765,Q110115177-44b3bd36-4983-a910-f935-7fee172b8e82
directors_2487,Q110115197,Q64038749,Q110115197-3ae9418e-4657-4af9-a7f8-1718f21ea48a
directors_2488,Q110118201,Q11432106,Q110118201-F32D3D9E-815F-4236-818D-D6F0626EF8D8
directors_2489,Q110124069,Q450630,Q110124069-B51513AA-4EB2-4377-9EDF-C9380B29F628
directors_2490,Q110128927,Q6323601,Q110128927-D9638F0F-8850-4EDF-AEC3-08C431644901
directors_2491,Q110135326,Q61122976,Q110135326-549752bc-4ee7-4c18-896a-39b1e200881d
directors_2492,Q110137248,Q1884029,Q110137248-63246df2-4e84-176e-112d-c8ba0ba3118a
directors_2493,Q110140881,Q3341663,Q110140881-4525dd1b-4d95-8aa7-44c2-5f6a56aea629
directors_2494,Q110141472,Q110952548,Q110141472-BBD57DD4-462F-49A2-8DC8-AF8B6DA6556E
directors_2495,Q110149731,Q110149871,Q110149731-fe59a471-4a60-2c59-c61f-47bde4e01692
directors_2496,Q110158599,Q19295809,Q110158599-731d7590-48af-db31-d985-824c994701c0
directors_2497,Q110161249,Q11538537,Q110161249-ffb7bdfe-434a-2027-4e11-4a840a4125c3
directors_2498,Q110161848,Q110419555,Q110161848-5b173996-463d-6472-1cd0-83a40b91afca
directors_2499,Q110162926,Q26324544,Q110162926-75085505-40a7-74ef-bd5a-4f01554911f6
directors_2500,Q110164187,Q248915,Q110164187-49D29BE2-7D81-4B15-91D8-A48AC6C8E098
directors_2501,Q11016734,Q12179122,Q11016734-13AEB62B-6D7D-44D1-9296-005F76DB2202
directors_2502,Q11017369,Q6434855,q11017369-AAFFD668-BB3A-4B10-A951-BED5DE0DB277
directors_2503,Q110174266,Q443317,Q110174266-eb6ad0c1-4c56-68ec-c2a4-27c4827fdb7a
directors_2504,Q110184255,Q2066199,Q110184255-a20ac789-4963-9adb-54f0-918a2b743b87
directors_2505,Q110184375,Q115063302,Q110184375-D4ED718A-0E61-4440-AA54-E31F5AC30742
directors_2506,Q1101856,Q1700383,q1101856-C999D394-3A10-4370-82B7-50CBF9BB3096
directors_2507,Q1101856,Q298761,q1101856-2ACB9EC5-26EB-4150-AAE4-1ECA6DDC2DB0
directors_2508,Q110192604,Q114916743,Q110192604-A8EF2A9F-17D7-44BC-81AD-98F22677F4CC
directors_2509,Q110192604,Q24705299,Q110192604-9C1F01A8-766A-483A-92C9-587D39C0EE06
directors_2510,Q1101982,Q453075,q1101982-41334826-5DA3-43E7-85F6-B5EC20CB3819
directors_2511,Q110203,Q270097,q110203-3d3490a8-4b4b-b860-c3e6-1d4e15271b6c
directors_2512,Q110204709,Q3929189,Q110204709-46deeb7f-472f-e7dd-e762-9a8e84dd41c1
directors_2513,Q110205064,Q4101320,Q110205064-f783160f-4e0e-3065-c312-14ea492f2cab
directors_2514,Q110206775,Q6439155,Q110206775-ce1130a4-4e82-f587-ad42-d4ce982c0bcf
directors_2515,Q110208165,Q15439821,Q110208165-57ea25c5-49e1-db2c-93f4-7573ea9ac7ae
directors_2516,Q110209234,Q4300073,Q110209234-4bb02cec-4494-ea88-12f4-b53c5af9c53c
directors_2517,Q110210693,Q3155993,Q110210693-09b70c9e-4ae3-81a6-aff0-eddd5409da3d
directors_2518,Q1102121,Q996607,q1102121-49FFADF0-383E-4DFD-B86A-A6DFF9E24F4A
directors_2519,Q110218505,Q110218521,Q110218505-40cdd150-47de-78dc-8a0d-a50590eff14b
directors_2520,Q1102220,Q352948,q1102220-27AC7131-23E2-47E8-BE8F-B610D5DA37C1
directors_2521,Q110229268,Q3514422,Q110229268-BD9572AD-D1C8-45C5-913D-DB8FCDBCFAE1
directors_2522,Q110231122,Q2977287,Q110231122-2cfe0df9-406e-a5f3-ddf0-ddbcddf23ff6
directors_2523,Q110233900,Q1635435,Q110233900-04222543-4430-637b-ef20-7a591173d2d4
directors_2524,Q110234025,Q44483597,Q110234025-dd411e60-448f-12a9-0b96-f5848762a4dd
directors_2525,Q1102366,Q22671222,Q1102366-EBFE5D18-41A6-4501-8758-B8F6A9CEB35E
directors_2526,Q110244944,Q6724933,Q110244944-4c868299-4f82-f6c9-688b-2b281c17f6b1
directors_2527,Q110246705,Q958200,Q110246705-3a776123-4a5c-d145-38e1-cef97ca05f58
directors_2528,Q110249211,Q5914012,Q110249211-8ec274a1-4366-aad1-820a-7c04a3d6b226
directors_2529,Q110251059,Q266222,Q110251059-957754a6-4e94-8612-ce2a-29821af5416c
directors_2530,Q1102541,Q51506,q1102541-DC13317E-2FC0-4417-B289-1EAE1C96AF61
directors_2531,Q110262840,Q113285,Q110262840-09279778-4348-84ea-24f1-36971be945d1
directors_2532,Q110263674,Q22115137,Q110263674-3d426381-4528-07ee-ffda-1301a99708ad
directors_2533,Q110263674,Q3362157,Q110263674-a5199982-4f51-1d9d-b021-2ec2ef4b7ea6
directors_2534,Q110263999,Q117862028,Q110263999-5A583560-9B1E-4835-923E-D440FBE2E033
directors_2535,Q110264098,Q117440237,Q110264098-E56D739D-46E7-47BA-B488-05083C10FC5A
directors_2536,Q110264148,Q25585139,Q110264148-22ef73f1-46eb-a4b2-b930-55a31d488d60
directors_2537,Q110270018,Q50182,Q110270018-8AA7B1C5-F5B8-4CF5-BFF3-1FA7AB03C6A5
directors_2538,Q110275950,Q22114860,Q110275950-7a1a7b77-4258-87d5-3b42-f0cd004632af
directors_2539,Q110278,Q318287,q110278-48FD89E1-6422-4C79-80CE-BDC13C792D68
directors_2540,Q110281357,Q117458419,Q110281357-671EC9A4-F724-41E5-84CF-68BF433DD322
directors_2541,Q110281357,Q117458424,Q110281357-C5B52C0A-810A-4765-ABB2-B1BA4C0E55B9
directors_2542,Q110288987,Q113623183,Q110288987-111FE3CE-3D0F-4D51-9304-40C22763AAA3
directors_2543,Q110302035,Q2399329,Q110302035-e546a363-4ca3-a329-18e5-536cfff8e3d9
directors_2544,Q110304328,Q28727884,Q110304328-a63e1cd3-4bbd-1ca2-aab3-4febfc253b20
directors_2545,Q1103047,Q967544,q1103047-14AFCD0E-5B15-4C6E-9D55-68DEC367177B
directors_2546,Q110305614,Q8263572,Q110305614-d1e78831-4dd2-99af-efe0-3db89976434a
directors_2547,Q110322005,Q338704,Q110322005-927D9E08-C995-48E9-9AF4-54AEADBAD3B3
directors_2548,Q110322079,Q12472435,Q110322079-fbb0d53c-4262-13f9-ec9f-42789f854ea1
directors_2549,Q110323743,Q16989960,Q110323743-9c1b1a3c-4979-e414-1c11-09748f9f6005
directors_2550,Q110323750,Q67746485,Q110323750-be0478aa-4578-deaf-f126-540b920fcde3
directors_2551,Q110323754,Q111434680,Q110323754-d4613a0d-4b58-797b-9d73-60a35a039c95
directors_2552,Q110323754,Q11902126,Q110323754-e0652599-4ff2-9067-a8bd-183ed05911e3
directors_2553,Q110324618,Q6182041,Q110324618-f80588d2-46b2-ea35-9343-cee5e0139949
directors_2554,Q1103394,Q56390773,Q1103394-1CE30579-22A8-4433-B55A-17F9E520BB96
directors_2555,Q110343351,Q1635435,Q110343351-c23b9c0a-4487-a9b3-7950-6a9f167afdfc
directors_2556,Q11034688,Q8051106,Q11034688-295A13BD-3437-4486-BBBA-9AA706ED6FB9
directors_2557,Q110347365,Q19745414,Q110347365-e3a94a3f-451a-e9ae-759c-cfcdef28a06e
directors_2558,Q110349171,Q24659758,Q110349171-6948bbfb-475f-3474-1a86-48decbda839e
directors_2559,Q110349171,Q960809,Q110349171-7c619ac5-4f1c-1bea-8004-2d97eac275f8
directors_2560,Q110350907,Q742498,Q110350907-B8A7917B-57E6-4ABB-8215-4DF1724DB85C
directors_2561,Q1103569,Q913003,q1103569-82382AEE-882F-4815-BF82-D798D923081B
directors_2562,Q110362277,Q1140258,Q110362277-9488579d-4523-be03-3a32-7dfc227a23b1
directors_2563,Q1103638,Q491314,q1103638-5216F771-CCF5-4967-9BAF-FB71F2D731B3
directors_2564,Q110365,Q133730,q110365-779E6CD0-A3E5-4298-A52F-9E6D909152AB
directors_2565,Q110373736,Q104199,Q110373736-1171d3c2-4733-ac17-ed21-7aca17b4cb19
directors_2566,Q110373736,Q2641821,Q110373736-6be8b6bf-4564-3624-830b-edc8b2302fa0
directors_2567,Q11038021,Q115183851,Q11038021-2A871A21-D91E-4577-88E5-9988BAFC0527
directors_2568,Q11038021,Q115183852,Q11038021-2E7E1616-E86A-473A-99C5-AB75E19A1060
directors_2569,Q110393291,Q117862724,Q110393291-810F25BE-FE55-4D5C-9F25-AE58F82ADC5E
directors_2570,Q110404578,Q139580651,Q110404578-EABCFAB2-18D1-40C5-8DED-D07E03EA6C40
directors_2571,Q110413839,Q100742766,Q110413839-c2b2a234-4d2b-e57f-b577-f84c7bd37415
directors_2572,Q1104158,Q3524978,q1104158-B0AE4076-E252-4596-BE5D-E9A6285F77BD
directors_2573,Q110441925,Q15436660,Q110441925-8bcfa22d-499d-65aa-1119-fada9e6b552e
directors_2574,Q110442448,Q21997606,Q110442448-0AC7314A-144A-4A4B-9697-E17016A5D1D2
directors_2575,Q11044779,Q4201122,Q11044779-853EDC09-44DE-4E16-B026-8EC17ECE1DA1
directors_2576,Q110449513,Q7150626,Q110449513-2a04c1a3-46f4-499d-10a6-89ae46a795d9
directors_2577,Q1104517,Q6551835,q1104517-07D3F991-95AA-4209-A2DF-D626E248143A
directors_2578,Q110459987,Q65169594,Q110459987-99465006-40f4-7ff0-d9c3-3a64f857846b
directors_2579,Q110465018,Q3839078,Q110465018-aa2db3cc-490a-9647-2c49-66344e51a32f
directors_2580,Q110465372,Q54864392,Q110465372-D20AEEDF-7C98-4A6F-94ED-02CEC87904CE
directors_2581,Q110465680,Q82653,Q110465680-f9b41711-4ad0-40fd-2ea6-90f7ab701280
directors_2582,Q110469417,Q61641261,Q110469417-28AC1928-6287-4FD2-8975-CCA9C28DEEB3
directors_2583,Q110472648,Q7092172,Q110472648-881315b5-4b65-b84d-fae7-5f1fc50a08bf
directors_2584,Q110473332,Q18519506,Q110473332-976b3fc6-42be-de9f-6d52-a443b5f02183
directors_2585,Q110490808,Q110490821,Q110490808-4d8c9433-4b44-e735-fafe-92bd6230d875
directors_2586,Q110498516,Q1741288,Q110498516-D1E3681D-42F2-4638-935F-6C213DB17EE6
directors_2587,Q110500126,Q95186530,Q110500126-9305a788-45f2-da62-9d37-65d2dc65ee97
directors_2588,Q11050752,Q12375428,Q11050752-229B08C3-AC33-42A1-8689-934310B77DC8
directors_2589,Q110516138,Q113679114,Q110516138-24024147-C18A-481B-8621-F1FBED827A72
directors_2590,Q110550673,Q4027339,Q110550673-434ce7e1-4945-9797-f107-972402e2bb81
directors_2591,Q110550826,Q2449260,Q110550826-027fef7c-4d81-424b-2bc3-b22f0e89aabb
directors_2592,Q110550966,Q4027339,Q110550966-8f953b7e-48cd-6454-2944-ed90bcd99905
directors_2593,Q1105584,Q380237,q1105584-4C11E892-6027-49F8-8C37-734A84CD1C73
directors_2594,Q110559136,Q16397,Q110559136-8c35c8c3-40d8-0e43-90fd-ab7d750f84cf
directors_2595,Q1105631,Q518696,q1105631-5E3BE23D-754C-4167-B4D1-9E65A14C80F5
directors_2596,Q11056517,Q3112826,q11056517-501FB943-E7AA-43D3-96BF-25450314DE06
directors_2597,Q110566848,Q2938811,Q110566848-6ae03a63-49b6-258a-02a6-5c1380242ed8
directors_2598,Q11057812,Q900501,Q11057812-D2DA2C06-DA57-41EE-9D3C-DB6E0EA68E88
directors_2599,Q110585119,Q6362184,Q110585119-56aada19-4eac-b936-f7f0-98f1446004c0
directors_2600,Q110601765,Q110601823,Q110601765-b80eb671-4fdd-6f78-32a6-8fb1ed858495
directors_2601,Q110601765,Q110601865,Q110601765-0340ec26-4955-4759-fc7b-248408e1af5d
directors_2602,Q11060184,Q8985820,Q11060184-76FB836B-73C8-4F7A-A380-2D038C66D530
directors_2603,Q11060612,Q95400954,Q11060612-CFE35241-3500-45F5-BD12-27ED0F25D0F4
directors_2604,Q11060626,Q12059265,Q11060626-28BA601F-183F-46F8-BC1C-36CFAB4AF89C
directors_2605,Q11060926,Q557208,q11060926-0E2D850B-82A3-49CF-B18D-4A7C42BDEF14
directors_2606,Q110613236,Q17230470,Q110613236-e3d16020-42fb-9472-3197-5ea53fd17268
directors_2607,Q110617876,Q2451678,Q110617876-A1BEDABD-E625-4EAD-B6B1-C02F8A029FF5
directors_2608,Q110628573,Q484572,Q110628573-3dd7361c-43de-92ed-5289-bdb59ab30819
directors_2609,Q110629546,Q19947205,Q110629546-28533962-45ee-7457-a1a0-db042e6abc6b
directors_2610,Q1106312,Q612365,q1106312-7068DEE3-4DF2-46E9-9DE5-F122D60CB46E
directors_2611,Q1106374,Q241437,q1106374-7EDBDDCF-0956-425D-9E1A-013099B147BE
directors_2612,Q1106374,Q3106457,q1106374-95625FC2-E1EB-47D0-A406-121AB252DB4B
directors_2613,Q1106464,Q259240,Q1106464-61494172-4939-3243-04c6-b17490cff171
directors_2614,Q110647361,Q16889616,Q110647361-80c5e44c-48d8-ce24-4d2d-14ff71d1ba54
directors_2615,Q110653007,Q4171916,Q110653007-613A944E-0938-4594-A17E-C8CE96DB07BE
directors_2616,Q110655548,Q27064360,Q110655548-24a014ef-46fe-4c3c-8556-328db173ceec
directors_2617,Q110661062,Q22987973,Q110661062-3900ecf2-4e7d-ceea-49c0-de4fec4788e5
directors_2618,Q110664384,Q3308007,Q110664384-c6d6f0dc-4558-e307-7b11-15047335c4cc
directors_2619,Q110671126,Q113586156,Q110671126-e2095d11-42df-52bb-9df3-c604016ae986
directors_2620,Q110681543,Q10769967,Q110681543-97768e28-4133-6b57-0cba-e622a7e9d2f5
directors_2621,Q11068310,Q26703040,Q11068310-7EC2F3E7-88F2-41C0-94AB-FABF9DD612D1
directors_2622,Q1106851,Q191755,q1106851-4C01631B-2DFC-46BA-9BCE-D7A2A10CA8CB
directors_2623,Q110713188,Q2379570,Q110713188-d97d7a2f-49eb-59eb-6351-61a97e525c7e
directors_2624,Q1107144,Q524544,q1107144-419978A8-E151-42D7-9A3F-EA0EEA084B2E
directors_2625,Q110714655,Q111370320,Q110714655-4ebdc6fe-4b07-6448-e942-596a9fda4522
directors_2626,Q1107160,Q114898991,Q1107160-704011CF-EE4F-47A3-BBB1-6B7BD91D8C2C
directors_2627,Q11072093,Q698533,Q11072093-D543F7D2-33F4-4DE8-955A-EA558D9AC899
directors_2628,Q110732481,Q1356708,Q110732481-E8C28402-870D-400E-8C08-B67C00029086
directors_2629,Q11073304,Q113502494,Q11073304-93AEBFCA-B246-4C64-A993-40BE93629AF9
directors_2630,Q11073315,Q114012286,Q11073315-3826b204-4b2a-9219-de23-83db926691e4
directors_2631,Q11073315,Q7967471,Q11073315-c3f26178-47b0-556d-37a9-9bb18a8b8552
directors_2632,Q11073595,Q5704113,Q11073595-962FA41C-7786-4660-BA1C-7F8196393138
directors_2633,Q11073852,Q97345854,Q11073852-19414D83-DC17-4825-B054-B911B1D053D9
directors_2634,Q110740058,Q3985417,Q110740058-5dfa3573-4e5f-b56c-c826-da16666710a3
directors_2635,Q110740256,Q117862940,Q110740256-0187F04F-3181-4156-BD42-BDAA1338E7FE
directors_2636,Q110746020,Q79414100,Q110746020-91c85fbb-4199-3456-7cc7-ee781b3c9427
directors_2637,Q110748469,Q61769781,Q110748469-6514d682-4d03-2434-ae73-227cfc312b66
directors_2638,Q11074942,Q3814193,Q11074942-72831114-214E-4CD4-9D6D-7BF92AEAA822
directors_2639,Q11074963,Q707336,Q11074963-84A91A1F-F27E-4CBE-8D3E-612E7DD47BBB
directors_2640,Q11075219,Q15937869,Q11075219-CBD2ED4B-A108-48A7-AECA-05A3AA455A30
directors_2641,Q11075326,Q11927291,Q11075326-02516B8A-D32E-482C-BE20-35AA732CBF5C
directors_2642,Q110761576,Q112285169,Q110761576-0a137bd8-4418-e390-e688-86d131d2b047
directors_2643,Q110774787,Q56394189,Q110774787-c90b5291-42f5-ad22-11b9-811887418aea
directors_2644,Q1107802,Q710131,q1107802-3D529347-E824-4314-92CB-0C7B3D250141
directors_2645,Q1107829,Q22093699,Q1107829-de63c27a-4299-31ad-b1c8-219abd150644
directors_2646,Q1107833,Q17107091,Q1107833-99A753DD-CC48-447D-A6AD-8B2F52FA7107
directors_2647,Q110783594,Q16403146,Q110783594-aacccda4-4b45-44a8-a5f8-229c31431b29
directors_2648,Q11079125,Q5262121,Q11079125-afb1d82a-4bee-5b6b-85c5-6c228c2efd94
directors_2649,Q1107998,Q1056063,Q1107998-2fa14197-4890-c46e-acac-40acc207ed9b
directors_2650,Q1107998,Q312944,q1107998-63C2E3DD-8DB2-4AC7-A892-A185D683E5EA
directors_2651,Q110811753,Q20676250,Q110811753-bd7180fe-409c-6a8d-9cba-52a59d88dd1e
directors_2652,Q11081205,Q1066412,Q11081205-5BF17D28-6F65-4D55-B053-CB201BC858EC
directors_2653,Q11081668,Q12028573,Q11081668-D00A42FB-4915-4C25-A847-D932027C641B
directors_2654,Q110819073,Q192990,Q110819073-71bf4414-46c5-37c4-453f-e8244f6f2329
directors_2655,Q11082188,Q103456549,Q11082188-30A8580E-7CD4-4B07-A034-A368D6BDE7D3
directors_2656,Q110831228,Q117863148,Q110831228-4F427FEF-6E31-4B4D-80F6-6E3F04A4A411
directors_2657,Q110833859,Q21994816,Q110833859-185DC6D7-8A29-467B-846F-E33BD6F4D487
directors_2658,Q110841048,Q363989,Q110841048-66b50a34-49d2-1552-cecf-b1f128710db6
directors_2659,Q11084109,Q707336,Q11084109-33a5ac91-404c-bb66-2443-04aa15329d3b
directors_2660,Q110842446,Q2895597,Q110842446-4ca8c0b5-4ca9-408d-14cf-353e22eb50a0
directors_2661,Q110846722,Q110846768,Q110846722-d4724c7e-436a-c029-505a-e28af7b53362
directors_2662,Q110846722,Q110846900,Q110846722-0d4d4ed7-4e77-7de3-cdd7-25f402bc42a0
directors_2663,Q11085495,Q354554,Q11085495-306c7eaa-431e-f2fb-bc05-e4a452907850
directors_2664,Q110871135,Q5833704,Q110871135-40ef29fd-43c1-352d-50a7-0884a9f3dda9
directors_2665,Q110872283,Q3187607,Q110872283-fe03f801-42a7-c090-c2f3-36ccb3c4bc51
directors_2666,Q110876878,Q223233,Q110876878-0E9CF8A9-80C9-468D-8B79-10B5ECA5A792
directors_2667,Q11088774,Q4707732,q11088774-195819DC-9AC5-46BA-9882-926FBBA3733A
directors_2668,Q110888568,Q55723386,Q110888568-330daa29-47ff-6f76-9307-c9d270a93170
directors_2669,Q110903821,Q8296,Q110903821-731bb6ca-4290-1704-0642-1a2091f7bd73
directors_2670,Q110904414,Q513632,Q110904414-430c1d04-4336-1998-97bf-06fb787b101a
directors_2671,Q11090460,Q2850308,Q11090460-d81ef50e-7d26-4f36-a8ec-2e91a6e25c6d
directors_2672,Q11090461,Q2850308,Q11090461-6f097003-c7ae-4b45-a7ba-7f019141589a
directors_2673,Q1109085,Q1374828,q1109085-AA9F31A6-D8A1-43AB-9362-B9D9E67F1693
directors_2674,Q1109094,Q506352,q1109094-9E6D37C9-320D-448A-9573-9D9D58DDF225
directors_2675,Q1109146,Q3416098,q1109146-39a808c5-49aa-490b-ab79-46138c7a4a8c
directors_2676,Q110917109,Q1156039,Q110917109-B3DFE903-CADC-40C8-9602-41CF4673450A
directors_2677,Q110917762,Q3018482,Q110917762-21b1c191-49af-0b70-fc06-9b27896a905e
directors_2678,Q1109255,Q3121114,q1109255-B0B76470-796F-44B4-A9C1-223A06C9D4A7
directors_2679,Q110928697,Q47539569,Q110928697-6443c2e7-418a-a7ef-1276-24c96bb03879
directors_2680,Q110930174,Q5751079,Q110930174-05c9ec3a-465d-8a2b-1fec-1703d822038c
directors_2681,Q110937156,Q116587025,Q110937156-12f2b51a-45d4-d08e-544f-2ef9640398aa
directors_2682,Q110938009,Q7518443,Q110938009-73901D4E-C01D-4DDE-A3C0-C0DCFBC0A5E3
directors_2683,Q110938748,Q320824,Q110938748-299b3ec7-44fb-6336-a7fb-23ae776c310a
directors_2684,Q11095077,Q5613510,Q11095077-AEFB2F34-D9AC-4F1A-90FA-1C9E65B73ECE
directors_2685,Q110952223,Q16169729,Q110952223-6ca4774a-4d83-41fc-645f-99ba9222a274
directors_2686,Q110953025,Q557546,Q110953025-18e6b8b3-4cf6-963d-c2c2-0b98039940f7
directors_2687,Q110969652,Q11596040,Q110969652-ed8d9d85-4eaa-91bc-d6ac-6c8e211aa3b1
directors_2688,Q110981330,Q3367573,Q110981330-fa9de7a8-4766-ce50-12aa-382dfda26aab
directors_2689,Q110982493,Q238315,Q110982493-213d4165-4b80-aa24-e543-18f0e9883bb3
directors_2690,Q110982644,Q3675834,Q110982644-BF1BDD30-A8BC-41C4-9FA8-00424E622D51
directors_2691,Q110983659,Q110983665,Q110983659-8d4ef0a7-4e4b-3bec-a3f0-b9f4d9280c53
directors_2692,Q11098726,Q6344020,Q11098726-76FCFF24-B804-4FD4-BEDD-B16B1F302273
directors_2693,Q11098894,Q12628294,Q11098894-db8699d2-4391-0990-713b-0d25c2a2928f
directors_2694,Q111008873,Q184903,Q111008873-691c2faa-44cd-9c30-364c-bff1ce7bce16
directors_2695,Q111018582,Q5386038,Q111018582-EFE6052D-F22D-40F0-A036-62DB9CDE38EA
directors_2696,Q11104558,Q117859082,Q11104558-5B32C2CB-1524-4F8C-8011-007FB8808D2E
directors_2697,Q111047731,Q15990091,Q111047731-4b9aa15f-47cb-9f86-fcaa-6dbe714788fc
directors_2698,Q11104993,Q113540548,Q11104993-EBEC1894-653A-474D-AFC3-081F3FE683A0
directors_2699,Q1110550,Q1605051,Q1110550-E479DA4F-85D0-4F04-8794-F94D8437DBDD
directors_2700,Q111079464,Q127506500,Q111079464-06DACA3B-22BC-4624-84DF-1357B7F7B22B
directors_2701,Q111080127,Q616886,Q111080127-054017c3-4513-9b01-5680-4194090adf9b
directors_2702,Q11109243,Q2738917,q11109243-F29DB58B-7FB9-48BC-A2D3-3656F78F77ED
directors_2703,Q11112536,Q3496643,Q11112536-37451518-EE7E-445B-B54F-D8FD723FE0BF
directors_2704,Q111133807,Q7680739,Q111133807-f1e9fdff-4be7-506d-5a83-58186d26727b
directors_2705,Q111149342,Q16220945,Q111149342-84dee4a6-4b00-6fca-9c58-4409ba547c3a
directors_2706,Q1111576,Q274265,q1111576-DCC1CA07-4DD9-4016-A278-CA476D325E47
directors_2707,Q111169473,Q5584296,Q111169473-D81843C1-D65E-475D-AE94-9FE6DB4DE213
directors_2708,Q111170185,Q388557,Q111170185-3b9870d7-4027-fc6f-bbf0-5fb5c60fbb59
directors_2709,Q111170197,Q122443571,Q111170197-25B5F4E3-E29B-437F-B3C2-771312F49291
directors_2710,Q111180897,Q616886,Q111180897-08eb8da0-4868-1b3b-8446-7b57e466f8a9
directors_2711,Q111195258,Q3266760,Q111195258-2e5412c7-4001-2a9a-a36c-f7067049df7a
directors_2712,Q1111969,Q643246,q1111969-66A840D5-5272-4887-B57B-F10A4117C40E
directors_2713,Q1111970,Q520038,q1111970-1C6A5B70-E0B9-4466-BAE5-78DB8F1BF535
directors_2714,Q111199802,Q111805298,Q111199802-30B85F0A-3037-44D3-BFCF-739592EA5BAC
directors_2715,Q111200263,Q103700952,Q111200263-b97da019-4e7f-571e-0b9e-04a383dfaf5b
directors_2716,Q111201046,Q5341823,Q111201046-d0abb2b8-4b12-e783-b09d-235a20e52766
directors_2717,Q111209406,Q24708128,Q111209406-7E76FC24-DDFE-4B67-8245-CD8B3234DCBE
directors_2718,Q111209750,Q1291452,Q111209750-a896fd4b-4d56-73c4-d93f-bc2ae25c9983
directors_2719,Q111209845,Q201985,Q111209845-2322c59e-4f1c-dcde-454f-7a21127f4ff4
directors_2720,Q111210233,Q108073340,Q111210233-f4e22f15-4e8c-1111-4b9a-8701ae74b252
directors_2721,Q1112171,Q289512,q1112171-D39541F8-8246-4101-AE2C-BE7C35C4C8A2
directors_2722,Q111223540,Q19630268,Q111223540-c0723c44-4678-4746-63f4-a1e420c9f9c6
directors_2723,Q111224083,Q118727446,Q111224083-19141432-4627-6abd-092e-063b50b96586
directors_2724,Q111224553,Q108872800,Q111224553-26f9e48f-4929-cc44-8329-d4d9fb8ad639
directors_2725,Q111224651,Q101224768,Q111224651-2628efb5-4639-8ef9-b010-e00d8e5f4828
directors_2726,Q111224651,Q108855165,Q111224651-88f6c471-49b3-7d09-7d8f-02db4d86a180
directors_2727,Q111224651,Q110813279,Q111224651-466990c9-4271-8dea-2ada-ddb0eaa4baf8
directors_2728,Q111224651,Q111225039,Q111224651-08273319-47e0-feb3-d123-702a85a5b718
directors_2729,Q111224651,Q29053527,Q111224651-b75bb554-49c8-d436-91b7-4510de716fc5
directors_2730,Q111225110,Q30308953,Q111225110-61966ecf-453e-36f8-97f1-793a93434211
directors_2731,Q11122673,Q7462513,Q11122673-1E8F3829-BB7A-4CEE-9D49-BE2866115CFB
directors_2732,Q11122984,Q10831873,q11122984-CAE887F1-A944-4482-93BE-D54CB1C20EC5
directors_2733,Q1112469,Q3018482,Q1112469-47220A2E-A106-41D0-BB0E-819B791C2973
directors_2734,Q1112469,Q3570756,Q1112469-a8aebce9-4c03-c3dd-4658-06561bb013c1
directors_2735,Q111250007,Q3421733,Q111250007-9402d7be-4fdb-70ed-adff-dc127eb4e7c8
directors_2736,Q11125292,Q6314221,Q11125292-042B3613-2ADD-46E5-A1C2-6A16613F794E
directors_2737,Q111270010,Q4926959,Q111270010-c7540a32-436a-78d6-4c15-86de35a7355a
directors_2738,Q11127913,Q12597371,Q11127913-1A52594A-E80E-464F-A753-4D87BB1A0BA8
directors_2739,Q1112849,Q2439943,q1112849-3271B007-8EFD-44E0-A342-D58C2574CF27
directors_2740,Q11129569,Q16303064,Q11129569-f5787630-457c-3680-02c8-a53e4ba54dd4
directors_2741,Q1113039,Q172261,q1113039-773E5A13-0984-4A1F-B975-FC4A71975BB6
directors_2742,Q111304992,Q19947208,Q111304992-54F8B456-8C0D-4F82-B814-8F308171904C
directors_2743,Q111309449,Q32931031,Q111309449-964DD4FD-54A1-42C7-B85C-63B78A5F6A6B
directors_2744,Q111322502,Q5914012,Q111322502-ac30bf72-4cfa-3bc9-6463-bbab2a705db0
directors_2745,Q1113247,Q8070394,q1113247-925434EC-DBCC-49B9-8A50-A8EA116EFA7A
directors_2746,Q111325970,Q106293682,Q111325970-1251ed85-4f05-d9bc-250f-673e83ad762c
directors_2747,Q111327527,Q110247071,Q111327527-e6d116c9-4f4f-f9de-f759-cccaf902a0bf
directors_2748,Q1113329,Q179497,q1113329-AEE93F1E-1483-4641-9E08-2E2481C36056
directors_2749,Q111340524,Q23984517,Q111340524-2495F305-F0C9-4571-9D7C-BDE70D01148C
directors_2750,Q1113471,Q72867,q1113471-EDF9FBBC-81D4-48D0-9155-B60801B29E2C
directors_2751,Q111356341,Q23040730,Q111356341-ffeaf120-48c1-f429-7a20-b9e2a4120e21
directors_2752,Q111362324,Q15070959,Q111362324-db7f65f1-4b94-ecf6-dc90-3268b70ce114
directors_2753,Q111364645,Q7137790,Q111364645-5b5e024d-4b6a-ad54-c656-a3908c347751
directors_2754,Q1113702,Q930903,q1113702-7DB305D4-D221-4575-B681-00886631FB79
directors_2755,Q111396554,Q77061,Q111396554-92727cdb-472c-cfb3-9952-76a95fba4e35
directors_2756,Q111397183,Q29103339,Q111397183-A03A1F3A-10F0-4306-BFDA-92A2B7D7F5EA
directors_2757,Q111398696,Q1177226,Q111398696-c2b406cc-4368-6f13-0096-bd04398a0131
directors_2758,Q11141292,Q95094049,Q11141292-3E44C8BE-628C-4317-855D-353C884F3E6F
directors_2759,Q111442180,Q16208522,Q111442180-52e974ae-4d6e-de38-450f-324ebec944a1
directors_2760,Q111443888,Q37983306,Q111443888-2d4acbe2-4322-e002-5cf8-2e91814c925e
directors_2761,Q111449455,Q8814447,Q111449455-26ff6825-4d7e-5ba7-a544-1c5eced6c51d
directors_2762,Q111458251,Q1335528,Q111458251-d4ecd1e0-4b79-4f90-7d5e-8b79cb48f720
directors_2763,Q111461302,Q111461137,Q111461302-7578ed9c-46df-09c6-2740-c1f4d8ca5eae
directors_2764,Q111464581,Q471215,Q111464581-c65ad057-4f1f-cd27-45ec-ef26d6ccd7c9
directors_2765,Q111493716,Q111493645,Q111493716-2fb18054-4c46-feb2-44a9-83445ddd407b
directors_2766,Q111493759,Q95790033,Q111493759-92317a08-4650-6b63-500e-982a9d218713
directors_2767,Q11149510,Q461079,Q11149510-49D4C73D-0065-44BD-873A-849649AF64DE
directors_2768,Q11149538,Q6167643,q11149538-C13501FD-8965-40A0-A323-CF4531485A9F
directors_2769,Q111511159,Q4757535,Q111511159-06591c8a-40e5-a834-a4d7-543559f05c94
directors_2770,Q111524364,Q17161273,Q111524364-a6c2ad2c-4ef5-5d3a-d75b-5dbc91fea544
directors_2771,Q1115248,Q17487615,Q1115248-A1811CEA-4CAA-493D-AD63-E85104C1F62B
directors_2772,Q1115270,Q3742700,q1115270-6A56FFD8-E729-4FB6-8FE7-2F057B917811
directors_2773,Q111528279,Q23844,Q111528279-ac0b6b8d-40bd-2b59-348e-b7cbb7728d64
directors_2774,Q111530175,Q114835918,Q111530175-3e8df476-4610-bd7b-c3e1-23e787cfa37a
directors_2775,Q111538862,Q542634,Q111538862-2b0f8c16-4c3e-3975-0c59-19a4fc565455
directors_2776,Q111540647,Q535622,Q111540647-483a3487-4936-38cf-745a-22f25b33e4aa
directors_2777,Q111541305,Q16947475,Q111541305-3399545a-47d2-4f11-a22c-590cf1fb4990
directors_2778,Q111541353,Q16947475,Q111541353-d11f4e28-4226-f533-3c14-ba55d53c1744
directors_2779,Q111547368,Q20873158,Q111547368-b1e02ecc-4b00-30d7-8767-7a32fa5674e4
directors_2780,Q111548226,Q3134110,Q111548226-56057e5b-438e-b359-8855-22d008c34ab7
directors_2781,Q111549435,Q453691,Q111549435-2c2b2eb6-45bc-8566-1175-19c3fd8fabcb
directors_2782,Q1115508,Q170572,q1115508-F633112F-2BFE-40B2-B803-66294B104ECE
directors_2783,Q1115678,Q271247,q1115678-3597B2F4-396F-4F30-82EB-91CA5D4721FF
directors_2784,Q1115830,Q1294442,Q1115830-C01B0875-3914-4048-8C79-881D5D89655D
directors_2785,Q111588413,Q82234,Q111588413-69e55404-4e11-4390-b248-7fc6be846a5d
directors_2786,Q11159161,Q5662768,Q11159161-919A7F54-0773-4B78-8F2B-0FCEF7AEAD66
directors_2787,Q111592711,Q3437047,Q111592711-4DE37730-DFF4-40D1-843C-EDA7FB90E3AE
directors_2788,Q111596725,Q17598455,Q111596725-bdfb79d0-4ef4-44d7-4ead-08a95baba444
directors_2789,Q111596834,Q19296318,Q111596834-5c2cc42b-460a-818e-105c-c4ecbaacfa86
directors_2790,Q111597553,Q56219,Q111597553-7D512BD5-73F6-4C8D-94A8-B4FB2F85144E
directors_2791,Q111599822,Q532505,Q111599822-ec329258-4669-13a6-84ea-4855114e9895
directors_2792,Q111600223,Q28842152,Q111600223-6d2adaeb-495c-80c6-17c6-8469e68f82ef
directors_2793,Q111601259,Q51530,Q111601259-67a5ca78-40ee-5e5e-c800-b5055c5d9336
directors_2794,Q111608782,Q28497,Q111608782-9491f547-4c13-5967-db38-947da7909003
directors_2795,Q11161083,Q117854248,Q11161083-528CCA51-8897-4E86-95E1-3571C352415A
directors_2796,Q111621124,Q232470,Q111621124-cbc518df-41cb-6632-0c0a-f48b77fc387b
directors_2797,Q111629600,Q139890,Q111629600-7a7dd7ea-4898-cbdd-3f84-2d459d260be6
directors_2798,Q111631075,Q8000479,Q111631075-89bf72f9-4fc8-3629-724b-77021ac74702
directors_2799,Q111633274,Q314353,Q111633274-89eda129-4d7d-d884-8ee2-4a5dba7b3a40
directors_2800,Q111653123,Q908962,Q111653123-40bdad6d-4fc9-976e-5b1b-2c26dc97ceda
directors_2801,Q111653175,Q111653179,Q111653175-20610770-4aa7-64d9-da15-773092fc70a1
directors_2802,Q111655610,Q6768242,Q111655610-4759b33d-43c9-7787-8b41-5344d5d02854
directors_2803,Q111655628,Q175498,Q111655628-c58d55a5-4c8c-fd65-66cc-9b6ea6d9b849
directors_2804,Q111660704,Q229572,Q111660704-7CCC92F0-41A2-4D12-BADB-F4846FDABE7D
directors_2805,Q111667677,Q29343451,Q111667677-e7f7a13d-450b-b4af-cde4-bc51a64862db
directors_2806,Q111667985,Q31509858,Q111667985-f89a85b2-44f2-45ad-4df0-56820af0ac8e
directors_2807,Q111668041,Q95400724,Q111668041-27d48a57-4a3f-40b0-60f4-a1ba145fd192
directors_2808,Q111668106,Q115803783,Q111668106-0fe8337c-421c-95ca-b800-8db39d4f40e6
directors_2809,Q111669794,Q3527989,Q111669794-e8d1f885-4590-a40c-d5e3-4f59200b7351
directors_2810,Q111670916,Q20685410,Q111670916-D05E6684-FBE3-4126-80E5-19C1CE56F96A
directors_2811,Q1116712,Q4119610,q1116712-6F5B536D-3C02-461D-A660-8670E5B22F04
directors_2812,Q111671358,Q50584029,Q111671358-8021398b-91a9-4930-9a2f-b02bf58485fb
directors_2813,Q111672758,Q111424734,Q111672758-97E875C7-CF7D-48A1-B3A1-7A6A941E1DEA
directors_2814,Q111672762,Q114915571,Q111672762-879DBCE8-78CB-4CA6-9CCB-E4E990DF1B52
directors_2815,Q111672762,Q45217205,Q111672762-13229468-8010-4546-8C44-24CAC738F38E
directors_2816,Q111677117,Q7387197,Q111677117-e4ca7df4-4b00-27d7-e8a0-944991c2e655
directors_2817,Q1116772,Q1968839,q1116772-31E05790-2A1B-4558-B829-A9C63C78837B
directors_2818,Q1116772,Q238638,q1116772-8FDE1021-CA74-46DF-BA94-D6B9BE3669FE
directors_2819,Q111678265,Q975410,Q111678265-b6277738-43c7-1f18-8c97-5999a777f8e5
directors_2820,Q11167923,Q12072216,Q11167923-8A6251E8-292A-4A3D-9369-70CE292D5D96
directors_2821,Q111684978,Q51489,Q111684978-53485ac7-443a-db85-cdfb-6b2eb11d993d
directors_2822,Q111685205,Q382393,Q111685205-7ef170e8-41b5-bed4-a940-a734ecd806bb
directors_2823,Q111686161,Q92065528,Q111686161-3419185c-4486-f1fa-831f-d952b7c2d9fd
directors_2824,Q111686242,Q112080072,Q111686242-140cccfd-4bd6-b26a-d5ab-433ebbf7c6d8
directors_2825,Q111686259,Q2422285,Q111686259-1a92bcac-46b1-4218-ae93-21dd631ecd99
directors_2826,Q1116886,Q145422,q1116886-2E96B463-4095-405C-B414-8D3F17186084
directors_2827,Q111688604,Q1680884,Q111688604-d44ce413-4223-744a-7b89-eea0f2eb63a4
directors_2828,Q11169363,Q117844936,Q11169363-9B695FA7-C95D-426F-92AB-06BC0B69C9BA
directors_2829,Q111700123,Q271247,Q111700123-517a8b11-4096-db15-7fcc-68a32a853d67
directors_2830,Q111701578,Q898148,Q111701578-3a74a3c0-45ea-58d8-b1a6-3c7d713747d7
directors_2831,Q111705663,Q439911,Q111705663-d92852c3-4f1a-5807-3b95-8be4f559eeb3
directors_2832,Q11171468,Q117845396,Q11171468-251A99C5-A9E2-41AD-8484-8E7EFB87D17C
directors_2833,Q1117187,Q60617835,Q1117187-a0a5d6ac-4f5b-c06a-8703-830a60941898
directors_2834,Q1117198,Q101996,Q1117198-7D19B43E-11EF-48B3-BF66-4F8EEDE9EE41
directors_2835,Q11172449,Q515592,q11172449-13571B9C-EC01-4096-9C17-3584D60B52DD
directors_2836,Q111737259,Q3298888,Q111737259-dc135eb1-42dc-c228-3203-2811a031c164
directors_2837,Q111744207,Q111748122,Q111744207-a84cf961-4d17-dbcc-9686-7c22f14dd38f
directors_2838,Q111744347,Q577959,Q111744347-51a46e1a-4ced-c19c-5047-6d035ee4f739
directors_2839,Q11174909,Q95392083,Q11174909-9F73BFA3-CBE0-48DB-94AF-1FA35F4EA932
directors_2840,Q111751446,Q2142088,Q111751446-a5be4864-439c-4807-b220-dc1a27a4c5ce
directors_2841,Q111751446,Q2188230,Q111751446-01940d22-4bdf-16f2-949d-49a884c1d868
directors_2842,Q111755008,Q16028433,Q111755008-4fcfe2b4-edcf-4671-a183-95d5b0a9eb18
directors_2843,Q11175520,Q549042,q11175520-75BA4089-316F-407F-A2D2-2EBAAEBD8F19
directors_2844,Q111756710,Q86198105,Q111756710-DE61BBF0-C5A4-4167-9AA4-F8441966E035
directors_2845,Q111757563,Q113125930,Q111757563-04fea8d8-48cf-0583-5eb0-489aeb808505
directors_2846,Q1117613,Q48987,q1117613-8D660AFF-ABE2-45DF-B240-2826B97DB478
directors_2847,Q11176909,Q256958,Q11176909-90b56727-4c73-7618-085d-f737e057ed89
directors_2848,Q1117790,Q1113146,q1117790-AC552976-21CC-4804-870A-51BC15C7DF84
directors_2849,Q111784581,Q60351348,Q111784581-3236E09A-F52D-48FF-9AE3-768E284D062B
directors_2850,Q11179339,Q112476543,Q11179339-5E14ABDA-7B28-47BA-B536-CBC205F1B67D
directors_2851,Q1117936,Q223992,q1117936-D4B721C0-B0A3-479A-847B-0702BF776086
directors_2852,Q111794293,Q11439009,Q111794293-8d2a0045-4de5-7457-cde7-1bd269ae3979
directors_2853,Q11179497,Q13091171,Q11179497-21DA10FC-5617-4D09-BCBA-CFDC46102139
directors_2854,Q111795375,Q7777909,Q111795375-937c032b-4c2c-468f-3262-3a6e6ccb1297
directors_2855,Q111796247,Q3085951,Q111796247-a8af7bc6-467d-45c0-9f2e-0990d0519e0e
directors_2856,Q111802932,Q19740431,Q111802932-a3490e74-44d7-8247-26cb-caaa88088ebb
directors_2857,Q11180473,Q454881,Q11180473-ccbe35b5-4e71-206b-a3bb-e6596e91ea77
directors_2858,Q11180733,Q7203202,Q11180733-850551CC-133E-4EF0-A0EA-8A25573F45D7
directors_2859,Q111817285,Q124708567,Q111817285-06240141-F704-4DB2-A3DF-5764CB4DA16C
directors_2860,Q111817932,Q66134839,Q111817932-ACDC2C85-9223-469A-BC94-3BD713F6DC34
directors_2861,Q111820544,Q12045066,Q111820544-3ea6599c-4518-9335-3bd3-ccbc00e46c49
directors_2862,Q1118333,Q1932687,q1118333-A4B51E0D-8E1F-40C4-9A77-12EFA4186344
directors_2863,Q11187761,Q937897,Q11187761-87c26996-45f9-8adf-c8be-1306b65acec4
directors_2864,Q11187871,Q3157528,Q11187871-8ABE60A8-F07D-4924-BA58-0E1EF8CC429B
directors_2865,Q111883640,Q518632,Q111883640-f068c2aa-4d94-a7d0-78a5-60cf78b0c960
directors_2866,Q11188437,Q1279708,Q11188437-7B0F8F17-9BA5-4BB1-A12A-D28A76B9D83D
directors_2867,Q111890099,Q3370564,Q111890099-9dcc426c-438d-5d1d-7a5e-61c5319a1616
directors_2868,Q111902710,Q72882728,Q111902710-1892ac24-c5b5-4dd0-8f3f-a993a6fecdb9
directors_2869,Q111907282,Q205707,Q111907282-4233742d-46de-5b80-9a4d-b5bc59c4e332
directors_2870,Q111914900,Q109064488,Q111914900-15773ab5-41ae-5dd7-094c-5dc95ab50499
directors_2871,Q111914900,Q109064494,Q111914900-e51861bd-49d6-4f90-238f-93cfae349875
directors_2872,Q111915694,Q163263,Q111915694-6DE034BB-3227-4CBE-AA62-BAA080086DE8
directors_2873,Q111918059,Q313039,Q111918059-eb937f02-49a2-5dfb-4ebf-fba74506f247
directors_2874,Q1119322,Q133600,q1119322-820521A2-35E3-4105-A5A8-DA4EE15E7748
directors_2875,Q111934326,Q109235775,Q111934326-1ae2fe57-45a9-c1ed-6cab-c1baac14556b
directors_2876,Q111937315,Q1987021,Q111937315-B98974B8-A19C-447A-8964-04FCA0AEC106
directors_2877,Q111937655,Q104861991,Q111937655-9c6d1c47-487f-3f36-c1ee-fab82d9d5e69
directors_2878,Q111940050,Q7137790,Q111940050-594ac45d-4fb6-5cd0-caa3-dbcf475dc0f4
directors_2879,Q111940088,Q23697700,Q111940088-EC47B6A0-C555-4D12-8D26-837885AD3B4F
directors_2880,Q111941115,Q18619326,Q111941115-931FE683-1831-47EE-9480-D0D6DD1AFB98
directors_2881,Q111941144,Q66717830,Q111941144-ee173c85-41d2-19a3-23e5-e3508a04db96
directors_2882,Q111941144,Q66717831,Q111941144-9a06c447-4236-2da2-aa8d-e8a56fa03806
directors_2883,Q111941323,Q116159723,Q111941323-7276b427-4b28-5abf-8b33-47e6d73d9a62
directors_2884,Q111942047,Q55258,Q111942047-f75751f8-45be-e8ee-2ade-ce18f1937b67
directors_2885,Q111943486,Q488294,Q111943486-1a331105-40ec-6041-da70-20640b3f6b65
directors_2886,Q111944238,Q51552,Q111944238-b434ae0d-4fe9-7890-ec48-144e34b97d04
directors_2887,Q111945491,Q18720115,Q111945491-3BC0BD93-2FBD-4426-8001-B36316D2606C
directors_2888,Q111945633,Q385058,Q111945633-1ac1ad63-47fe-896c-c2a9-13205ead0ae0
directors_2889,Q111946850,Q117303515,Q111946850-6CC14465-4466-4B25-BAC0-035300322F39
directors_2890,Q1119489,Q788070,q1119489-C2595338-5575-4B37-A736-85ED78EC2C9C
directors_2891,Q111955137,Q19946609,Q111955137-cc6051f5-4f79-3343-42a8-89fd920b4e33
directors_2892,Q111962565,Q245881,Q111962565-6698da39-4e90-698b-f619-26c7e3b88cea
directors_2893,Q111962565,Q600415,Q111962565-42558cdc-4d02-4894-157e-6371fef4cb24
directors_2894,Q111962660,Q749493,Q111962660-3af726b0-4b5b-d74b-5918-7b55507a7ef0
directors_2895,Q111962910,Q29446480,Q111962910-3E8F32D5-4083-40E2-ACFF-8D245CC3574B
directors_2896,Q11196365,Q175188,Q11196365-300E8D07-DFC0-4896-ACD6-C64A2FC7D945
directors_2897,Q111971798,Q1951553,Q111971798-26f835c1-4a9e-eb78-458f-26d12af8b745
directors_2898,Q111972952,Q111145321,Q111972952-4402c2a4-4368-a8cd-17fa-ec9ae5beae51
directors_2899,Q111982507,Q24702727,Q111982507-C8178F15-719C-4FB2-826C-B7931EA9ED3E
directors_2900,Q111982520,Q1782299,Q111982520-e044b4d5-4281-e8ff-f9a8-628f01fa71d0
directors_2901,Q111988443,Q117863119,Q111988443-9C66D138-29BE-4DF4-81AC-C739DB456E40
directors_2902,Q11200708,Q285084,Q11200708-B350EFA2-7079-4736-B670-B8415D9316E6
directors_2903,Q1120093,Q3676043,q1120093-B11FCF6F-2082-4505-BCD2-013D2B808309
directors_2904,Q1120143,Q3809895,q1120143-38DA9772-A45A-43F2-9F13-BF0D4FDF70FD
directors_2905,Q11201948,Q11520663,Q11201948-63ECC384-9BF7-4B14-8A92-9E3EF023F872
directors_2906,Q112030122,Q1361201,Q112030122-b1c92a28-c9f1-4aea-8b83-8326fe23ff24
directors_2907,Q112030155,Q63431831,Q112030155-88E99242-93EA-42CC-921D-49FD7B9CAC90
directors_2908,Q112030370,Q2742292,Q112030370-44c7a2d4-4bf7-5dd2-35c9-18809abfd515
directors_2909,Q112031294,Q5180756,Q112031294-d3da6888-4730-c9c3-a201-e026622af1a8
directors_2910,Q112034047,Q50587732,Q112034047-FC8D50D6-7E33-4C71-AC6F-345FFA7A7B5E
directors_2911,Q112039665,Q53820435,Q112039665-889A05CE-EA43-4473-ACA8-15013DF4EC94
directors_2912,Q112045668,Q5346042,Q112045668-f8122095-46fc-af4a-c781-57f4868ed0be
directors_2913,Q112054623,Q324177,Q112054623-6e90a176-4b34-27ae-f3a1-7abd2a3821ad
directors_2914,Q112054671,Q1974774,Q112054671-a208e77f-4071-0d48-e5c7-2c848cf55292
directors_2915,Q112054710,Q56390802,Q112054710-b527364d-4948-4fb5-19a2-30b61d87529a
directors_2916,Q112054756,Q187364,Q112054756-7de97062-4c79-cc4e-f6c3-27c8cee3ec95
directors_2917,Q112054817,Q703975,Q112054817-758a84e3-4253-7424-68a3-7c671c36c304
directors_2918,Q112054990,Q2870837,Q112054990-11d814dc-46ab-810d-c369-61e6f5f882d2
directors_2919,Q112056711,Q112730697,Q112056711-2837191b-49ca-4857-b7e3-ca3e34428c21
directors_2920,Q112056711,Q113621836,Q112056711-f7785f51-4184-a9b9-1616-ef73cc545cc0
directors_2921,Q112057421,Q16028912,Q112057421-1c5f3a39-4a7b-40ef-e7f9-34c4584f3282
directors_2922,Q112062052,Q438396,Q112062052-059c2970-42ec-280a-b449-de0895880354
directors_2923,Q1120732,Q449801,q1120732-49B7CA7D-55C7-4441-8784-0E9C5FBF9311
directors_2924,Q112078051,Q55432,Q112078051-f10d0aad-4158-14a6-4088-246e7b67a089
directors_2925,Q112078141,Q105709092,Q112078141-0F6557D4-9743-40AE-80E7-EE83990669EC
directors_2926,Q112083510,Q7635908,Q112083510-c5a21c31-4e09-88df-d03c-7c455763c1c3
directors_2927,Q112084385,Q252083,Q112084385-e6271c0f-4ca8-1e66-b471-782253339ff9
directors_2928,Q112084549,Q181678,Q112084549-c01158ff-48cd-048e-67f0-30fe6ee4ee74
directors_2929,Q112108763,Q527862,Q112108763-824EAA0A-6D98-4AAA-B445-D3A4F6C3C244
directors_2930,Q1121091,Q71439300,Q1121091-7E04F0F8-2931-47CD-957D-B37E0089F3E3
directors_2931,Q112114680,Q78886496,Q112114680-a003e5bb-4198-f837-4e63-ded08414387e
directors_2932,Q112114745,Q313566,Q112114745-6d4eaa60-482d-f5f1-82e7-6240cb27b1cc
directors_2933,Q112114754,Q431191,Q112114754-8B74FF43-A205-48FB-B140-8E97EC38735E
directors_2934,Q112117180,Q22137124,Q112117180-494a4d54-44f8-5f80-5875-1fbf1e815d2c
directors_2935,Q112124771,Q15500352,Q112124771-34010af2-4c4e-be81-5699-c2919499aac0
directors_2936,Q112124784,Q10307951,Q112124784-58DBEF6D-03EA-4099-BC02-ACE5F3F949C7
directors_2937,Q112124858,Q106337645,Q112124858-98E85E8A-E402-439E-91E9-9CBBAC959F94
directors_2938,Q11212498,Q718584,Q11212498-B1534860-1A51-48B7-A450-519298EA0022
directors_2939,Q1121256,Q960885,q1121256-86B8CA9A-960F-4E14-BD59-B25EA011C23D
directors_2940,Q112126298,Q112636275,Q112126298-154ece07-4871-1002-ff72-9203fd767661
directors_2941,Q112129094,Q112114601,Q112129094-45624767-4035-9c5c-4996-b9a5386b9bbe
directors_2942,Q112133963,Q18402368,Q112133963-2a6e81ca-4b4e-8d6d-b531-ef135d319d7a
directors_2943,Q112154407,Q1683057,Q112154407-6ce4f3bd-4d0b-6aa9-be33-f9565067f458
directors_2944,Q11215636,Q12484651,Q11215636-208ED086-A535-4464-8375-5BC88BBE3E9E
directors_2945,Q112163810,Q64905039,Q112163810-c4da1055-472d-8296-3627-d3452fbe97f9
directors_2946,Q11216402,Q8055191,q11216402-DA2FCBEC-91B4-4FA9-9E1A-E4DE32C0573A
directors_2947,Q112167510,Q84589406,Q112167510-c080805f-4754-6fdf-ffc5-aaf8d44182b6
directors_2948,Q112168901,Q5362559,Q112168901-AEC6AD33-1C1F-4566-B42E-F3490C9E189B
directors_2949,Q112168901,Q6199802,Q112168901-413FFE92-902C-4437-8AB3-60BA80B6BA8F
directors_2950,Q11217576,Q12028573,Q11217576-F2257723-AAF1-414F-B67F-634E3C9D4E78
directors_2951,Q112177101,Q5217031,Q112177101-921ad7f0-43d4-cbd2-f173-eea910749762
directors_2952,Q112180367,Q15873390,Q112180367-ec98e6f9-4054-c99d-9434-2da1d08b8da5
directors_2953,Q112182515,Q289123,Q112182515-e2a6c3ba-400d-767a-421d-9f986f7a3ec2
directors_2954,Q112182731,Q27734162,Q112182731-c5f9df47-4f12-0072-6e50-495ea5996774
directors_2955,Q112183099,Q16221753,Q112183099-264f379e-448e-5f86-8bba-b5ac71d0ff5d
directors_2956,Q112183099,Q6788348,Q112183099-7881a755-41bd-9e30-74fe-e7186ecc1c0d
directors_2957,Q112183404,Q108101364,Q112183404-494719d7-4c64-d4ac-28b1-a919f371ffa8
directors_2958,Q1121878,Q348885,q1121878-C0EB5346-ADDF-4370-B2DF-DCE0ABDC1BE4
directors_2959,Q112190851,Q18347485,Q112190851-349d7599-42bf-c8f5-d866-cfeb69c4747a
directors_2960,Q11220194,Q931613,q11220194-08B0B6BF-BDE1-4D50-B55C-3A2141E80F45
directors_2961,Q11220906,Q13096502,Q11220906-BD8315B4-C3B1-4059-A5FB-3A332767A87D
directors_2962,Q1122149,Q3843845,q1122149-2CE7A591-8B8C-487E-A2FD-2435132B2CFF
directors_2963,Q11221816,Q95838427,Q11221816-9f3cfee3-411c-a6ed-cc34-09204b609459
directors_2964,Q11222566,Q7405409,Q11222566-FBC7EA69-9038-4C74-83F2-955B3E7B7847
directors_2965,Q11223353,Q7508576,q11223353-5489F7F7-736E-47C5-B53B-6C35D4C740DE
directors_2966,Q11224028,Q66380790,Q11224028-39A4F5CA-A3E7-4CD5-AC4E-67B3A143F3D6
directors_2967,Q11224389,Q113547625,Q11224389-16C58766-02A4-4290-AA93-0E7A8CDE28FC
directors_2968,Q112247632,Q19630050,Q112247632-60e25b33-4cd4-e80d-ce78-d13a662e6306
directors_2969,Q112252419,Q932019,Q112252419-741B62B1-B9CA-4345-97E8-3E2ECF740AEC
directors_2970,Q11226231,Q3833179,Q11226231-e7cdc060-4e51-3a4c-c71a-4fb1844b476b
directors_2971,Q1122654,Q95334840,Q1122654-047F1E03-C951-4A98-8F98-C1E0404D5C28
directors_2972,Q112285446,Q2071173,Q112285446-6336f213-476a-9919-0e1d-7ab429914681
directors_2973,Q112309672,Q329151,Q112309672-9bf3f1b2-449c-3502-1963-83272ac99cc2
directors_2974,Q112322116,Q6309998,Q112322116-72af9707-474e-7b44-7ff2-90843c145310
directors_2975,Q112322474,Q6124973,Q112322474-7e43a375-4fd7-0d59-86e7-f1f1671f6703
directors_2976,Q11232734,Q11648365,Q11232734-e20979e7-4c62-25ca-32f5-48150206efb8
directors_2977,Q112339416,Q115016030,Q112339416-6bbfd6c2-47fa-e4de-aefb-db7fffb2f15d
directors_2978,Q112339416,Q68783644,Q112339416-6fda9cc7-47f5-7ee1-4444-4353603f47a4
directors_2979,Q112341432,Q27044648,Q112341432-59998171-4fe1-56fb-c553-abd5ea0b28b9
directors_2980,Q11234612,Q114008616,Q11234612-BBEA2242-A0E1-47C6-8FDD-4323560E6A10
directors_2981,Q1123479,Q295207,q1123479-26731C0C-C0EC-48E8-81E1-6BE01CD33112
directors_2982,Q112350392,Q118109353,Q112350392-0558F7C8-ABDB-410D-B9B6-D3BA8545DF96
directors_2983,Q1123621,Q3298323,q1123621-087EBA5F-CC60-402A-96F1-AE3D7B02115A
directors_2984,Q1123629,Q77399,q1123629-C5CD6217-3B60-4843-B63F-56E69BEB8F01
directors_2985,Q112365,Q4761237,q112365-3192AE96-538C-4996-8B7B-2F515829A79F
directors_2986,Q112365,Q5606550,q112365-0293E8EB-584E-46F6-AAC8-601878088C9B
directors_2987,Q11236521,Q489445,Q11236521-0AB6FDCA-5D1D-47C0-BE67-85CAEF8CCF9B
directors_2988,Q1123831,Q64728478,Q1123831-F959565C-3EC5-4B0B-A68D-0583CEE78750
directors_2989,Q11238582,Q7827688,Q11238582-CC19EA26-BA16-493F-A870-1518BBDC71D1
directors_2990,Q1123891,Q950697,q1123891-0882A4F4-0CA4-4824-8B09-DDA3ECD11416
directors_2991,Q1123917,Q1983058,q1123917-3B4B6F1C-A620-45C7-AE47-B188A2AC1758
directors_2992,Q1123978,Q1031374,Q1123978-FEAC50D2-6BC7-4E9D-B0A0-C508585D8248
directors_2993,Q1124080,Q164131,q1124080-3022D368-0EED-4FB9-84B9-029FB239E0E8
directors_2994,Q11241311,Q492515,q11241311-A7C3F043-3A20-4AF6-A492-3299C155E830
directors_2995,Q112420,Q11534695,Q112420-294ea497-4da5-8c4a-240d-05edd11fe147
directors_2996,Q112430183,Q20814445,Q112430183-c2eebd78-4c50-184f-556c-fc3d8a131ad9
directors_2997,Q112435130,Q59452488,Q112435130-f5b66cba-47a1-b07a-7635-e7bf3d9a40cb
directors_2998,Q11243629,Q12028530,Q11243629-081C1725-E72D-4197-B558-172E165B377E
directors_2999,Q112441569,Q908962,Q112441569-c61a48ce-4dd5-991f-1b0e-66c6738a86e2
directors_3000,Q11244338,Q5359295,Q11244338-A89E9BE3-6A13-47FA-9141-2D45458951FC
directors_3001,Q112446260,Q11616348,Q112446260-1dcd191b-454d-0b48-c2b2-b35c71a1257e
directors_3002,Q112461,Q16366904,Q112461-88E87B29-514F-4DD3-9BC8-D44B3A2ED441
directors_3003,Q11247833,Q7495326,q11247833-4572AC49-61AB-4567-8FAE-DD254E2CD2CF
directors_3004,Q1124875,Q28497,q1124875-C7963416-E462-49FE-AE44-01D65C9983A4
directors_3005,Q112502979,Q95094049,Q112502979-A2C16380-149C-4F7E-93C0-6BACEC5C1C8A
directors_3006,Q1125223,Q28159717,Q1125223-6ecf6d4e-4048-5eac-1160-3073424bed8d
directors_3007,Q1125253,Q376107,q1125253-B5594E4F-13BC-4790-A7CA-079653D94AC6
directors_3008,Q11253374,Q16179308,Q11253374-f5405e13-493c-a515-b74c-9f14f3b8e0c5
directors_3009,Q1125349,Q270672,q1125349-A46570EA-C624-4294-B754-338CCCFA259D
directors_3010,Q1125384,Q55424,q1125384-77C2B978-353A-4193-8697-94F4E35835CD
directors_3011,Q112542217,Q98708518,Q112542217-5985d9c5-47eb-71aa-ccd0-7ce226090298
directors_3012,Q11255565,Q113687949,Q11255565-9E0FBE2C-2D82-4C7B-91DC-0B6D21901628
directors_3013,Q1125611,Q1306432,Q1125611-eb8463ab-45d1-ec32-3ddc-7e53ed854d08
directors_3014,Q1125611,Q530409,Q1125611-59b31bbb-4d4f-9d60-6cf1-25c68acc68d7
directors_3015,Q11256602,Q9086049,Q11256602-4E9B5EA0-92F2-4D6B-83DC-7E97B20DE5CA
directors_3016,Q1125757,Q1406873,Q1125757-32D01F52-0162-457A-B34E-99994FF9B0CF
directors_3017,Q112584985,Q722352,Q112584985-e16a9ef1-412d-6e31-5145-7d5491f571fe
directors_3018,Q11258911,Q6313775,q11258911-AB5013FF-E26E-4CA1-9748-84D56D66CBEC
directors_3019,Q112596983,Q71575282,Q112596983-71e8e08f-4932-8e67-8055-e72691abbc54
directors_3020,Q11259716,Q380237,Q11259716-73809635-688A-4D2E-ABFE-745CA7B52CF3
directors_3021,Q112605852,Q4756739,Q112605852-f39e114e-455e-6143-c634-260f0e63ce91
directors_3022,Q112606213,Q16028908,Q112606213-24142468-4d16-dc34-a636-fd3e6f02bc8a
directors_3023,Q1126079,Q1077576,q1126079-2F04958E-A3DB-4C64-AEA7-D90D82519854
directors_3024,Q1126097,Q359397,q1126097-22060002-6E45-4C44-8352-882AF098A7FE
directors_3025,Q112609799,Q215506,Q112609799-d562b854-4134-fd3c-1a26-993e0b1f7a89
directors_3026,Q112616,Q312280,q112616-D0D8D40A-A94C-4EE1-8B94-FFAEF313220F
directors_3027,Q112623160,Q1892837,Q112623160-07433503-4813-4068-A159-87B93BF1048E
directors_3028,Q112623320,Q16728377,Q112623320-22253531-4476-5864-efac-1796c1a54e61
directors_3029,Q112629000,Q1398367,Q112629000-f6bb37d4-470c-6466-2aba-c0e64d079ac3
directors_3030,Q11263030,Q114875562,Q11263030-62D043DD-4D5A-43C9-9924-F15D333B165C
directors_3031,Q11263219,Q11522575,Q11263219-4869C5F2-BA5E-4D76-9AA8-98FFCF43B394
directors_3032,Q112633,Q2941871,q112633-A85DC1B5-7EC8-4BBB-AA13-18014A5F2C52
directors_3033,Q112635,Q1680208,q112635-5DD50E78-BBE4-4E90-A09B-1DFC72ED1F4C
directors_3034,Q11263801,Q6986935,Q11263801-3D7DDF25-F82B-4FEA-AD5C-01B3BDEAB39C
directors_3035,Q1126383,Q967182,q1126383-4092117E-92BF-43C2-8375-F496A1E78725
directors_3036,Q112641438,Q43369037,Q112641438-91684356-4455-8e9d-5aa9-6b6beddd1bbe
directors_3037,Q1126420,Q936000,Q1126420-4B99475E-44D3-41D9-B5B5-AFCBD7FDAFA6
directors_3038,Q1126479,Q113365827,Q1126479-53E0FA02-2B6D-4E1B-9599-21B44E8F7B7E
directors_3039,Q11265850,Q596548,q11265850-DD2149C6-47D9-4D78-84DE-8177F9B520BA
directors_3040,Q11266757,Q47544098,Q11266757-F49E17A3-E2F5-46BE-BFFB-AC246A11FE15
directors_3041,Q112670102,Q13396326,Q112670102-C5E2C695-D6DF-45E2-AC2F-30238EE51F66
directors_3042,Q112672843,Q290035,Q112672843-b118351f-453a-0f7e-6dfb-805252f69abc
directors_3043,Q11267611,Q11479348,Q11267611-6e706337-43fc-a865-8a2d-131f9cf6ce89
directors_3044,Q11267611,Q11633519,Q11267611-cbcbf42c-4fae-d889-54da-c8276be585f5
directors_3045,Q11267611,Q2144254,Q11267611-04b41848-4a98-3503-abaf-d4fa9053a004
directors_3046,Q11267611,Q4023328,Q11267611-0615555f-4997-488c-b112-0d0a2954649b
directors_3047,Q11267611,Q4209036,Q11267611-cafccdb4-4b64-9975-727c-5ea4a68432a1
directors_3048,Q11267611,Q463565,Q11267611-22b64536-40da-3ea7-69e2-1571a87dcc83
directors_3049,Q11267675,Q11409457,Q11267675-D92A11CC-6E95-47D0-ADCB-F4F1B353CAA7
directors_3050,Q11267698,Q15178596,Q11267698-963cf95d-4c96-e807-1c66-9779d7d5c0ee
directors_3051,Q11268003,Q7402640,q11268003-EB2254F0-5F07-4BF7-B716-3A9BE358F5AD
directors_3052,Q11268721,Q11365479,Q11268721-3acc262c-4f1b-63bb-c1e3-52e594f48ad7
directors_3053,Q11268920,Q644401,Q11268920-7553822B-0918-4C49-89A6-75A730CA82D8
directors_3054,Q11269944,Q11489184,Q11269944-3B67D730-0ADE-4D0B-93EF-D3A195B0AB00
directors_3055,Q1127205,Q3219280,Q1127205-487eb3b0-4805-4f3c-0088-619231571fef
directors_3056,Q112729953,Q112729999,Q112729953-2de267fc-452c-68ce-e134-ae6f23af830f
directors_3057,Q11273867,Q55397,Q11273867-D1948345-BCC8-4A8F-B47D-F3DD3E938F9F
directors_3058,Q112740889,Q16218627,Q112740889-13048798-4b6e-4afa-7cf5-b2fce6b1a56b
directors_3059,Q11274116,Q5667210,Q11274116-6FEE87BA-B61C-41DE-8396-442B3A5CEE30
directors_3060,Q11274271,Q1682531,Q11274271-19FA9F9B-2FD0-4C57-B736-EB30E58F1FEE
directors_3061,Q11274271,Q55409157,Q11274271-781ACFBB-0213-4351-B4A5-327351770179
directors_3062,Q112744,Q3367648,Q112744-08251115-2023-496B-B630-C44CCD34F86C
directors_3063,Q11274500,Q11240903,q11274500-ed18807f-4d51-70b5-d756-fae02e006c92
directors_3064,Q112747,Q324177,q112747-57380DBA-02D7-405C-9438-6958AC015727
directors_3065,Q11275181,Q11545827,Q11275181-B3977281-CF53-44C0-B147-7448E98808AD
directors_3066,Q11275227,Q900501,q11275227-1CA9AF88-A669-4321-BE28-213B27F4C4FE
directors_3067,Q11275822,Q8988752,Q11275822-E3CE6B5B-3EB1-43D2-821C-8CB574C31C56
directors_3068,Q11275955,Q908962,Q11275955-5d7bb0c0-04ee-444f-a72f-a2778df6627e
directors_3069,Q11276349,Q11269686,Q11276349-8ebf9fb5-4d43-2c7e-848e-83fafd7f8d6e
directors_3070,Q1127763,Q2939960,q1127763-a88d1943-4e7f-a2d0-982c-dff2d5f789fa
directors_3071,Q11278322,Q11674385,Q11278322-3F043BB1-EA03-45EE-B0B6-8E1A6FBB7FFC
directors_3072,Q11280320,Q1749267,Q11280320-65E6F87D-160A-40AA-BAD3-A731EB2F8880
directors_3073,Q112811482,Q461315,Q112811482-73b495b6-419b-26c5-203d-b12f7ffa3a91
directors_3074,Q11281287,Q11424846,Q11281287-7AE287C3-372A-432B-9286-47D451013FF3
directors_3075,Q11281287,Q117859492,Q11281287-8DA06F07-65C5-48C2-881F-F39B3F3EDFDD
directors_3076,Q11281287,Q117860387,Q11281287-D1989F52-01D3-4E49-AEA5-324B0104F643
directors_3077,Q11281746,Q11330,Q11281746-98522B0C-424A-455E-920E-065675E6B1FA
directors_3078,Q11281844,Q711804,Q11281844-AFC12197-141B-4618-9CF1-A1C09F7B5BAE
directors_3079,Q1128194,Q3093329,q1128194-B3997810-48FF-4A0E-BCC3-A748A518620A
directors_3080,Q1128249,Q385770,q1128249-E52589C4-59D9-4D84-97BF-1CCC9D887308
directors_3081,Q112831,Q2925027,q112831-5CF1CA55-54BB-4B93-8B62-3814B322E170
directors_3082,Q11284061,Q11433217,Q11284061-84b8c98c-4dc3-6201-243d-47fbf735968d
directors_3083,Q11284130,Q382081,Q11284130-F7316A35-D4BB-476C-8D8F-ECC234A62B40
directors_3084,Q1128433,Q90300,q1128433-81f60791-46cd-67fb-9a8b-b9b0ae90b3ee
directors_3085,Q1128496,Q286890,q1128496-0B81D88A-B0DB-4F6E-8668-9B43A1DB5D64
directors_3086,Q1128499,Q23836180,q1128499-926803DE-39F2-4A94-844F-B60BC7BF18F6
directors_3087,Q1128499,Q23836181,Q1128499-9317694f-4aec-9a49-ba91-b4c02e73e14f
directors_3088,Q11285680,Q114312498,Q11285680-67A8C779-45F7-4993-AD34-EE47B8EE8655
directors_3089,Q1128587,Q11479348,Q1128587-B8F8EC83-0FC7-4888-BBBE-D72D1F4D0F73
directors_3090,Q112865585,Q99210769,Q112865585-9ac07624-49dc-596d-e440-1188eea07ad5
directors_3091,Q112865900,Q56008,Q112865900-57a5a2ab-4bde-3602-6d8a-6c6ae97fb8e0
directors_3092,Q11286901,Q1138078,Q11286901-6C089C2E-9D1D-4EE7-895D-C33F51B092B0
directors_3093,Q112869420,Q11360816,Q112869420-0dbd5cb8-4e4d-feca-5810-a30f6849ed40
directors_3094,Q1128745,Q1368300,q1128745-1C570907-72F2-4E83-9A3E-9AD4387021DA
directors_3095,Q1128745,Q888535,q1128745-A684BF3E-BAE1-4EA9-878E-409A3E134654
directors_3096,Q1128750,Q1750712,q1128750-BE59496F-08A2-4C71-A538-2D84373D9FD8
directors_3097,Q1128771,Q57061,q1128771-8AD08660-1D8E-44AD-B75E-98D1F4B40BCB
directors_3098,Q11288095,Q1104621,Q11288095-AC4F85EF-63A6-4AC2-896F-1B05E9365A83
directors_3099,Q11288095,Q47506724,Q11288095-D97D77F9-EFB7-42CD-9BA0-A941F1487741
directors_3100,Q1128867,Q3108788,q1128867-5E8C3F5C-16BE-406C-964C-19235C4A1848
directors_3101,Q1128867,Q3182354,q1128867-C696D0C7-C90A-4C09-9838-F987DA348AC4
directors_3102,Q112892327,Q484522,Q112892327-075c436f-4273-cdb0-f5f1-f4900384ab14
directors_3103,Q112898902,Q64580383,Q112898902-15e23a80-41c1-0bf1-85a5-ddf1d04727ca
directors_3104,Q1129080,Q167522,q1129080-90FE07E8-6F40-43B5-8077-EBC64D371F2E
directors_3105,Q112909147,Q715838,Q112909147-8885f1d8-4f09-a6b3-e1bf-6658d76d858d
directors_3106,Q1129186,Q349842,q1129186-468A0D65-2E2C-4106-80CE-0D9317A5917C
directors_3107,Q1129201,Q548834,q1129201-7FA29E6B-63C5-49C7-BFFF-EA98D0E6BCA3
directors_3108,Q1129227,Q1968839,q1129227-9F70F82E-B02B-4E0E-A117-6DD0E3558712
directors_3109,Q1129227,Q238638,q1129227-825B2A9D-93E3-49D7-9372-E6CB7C621C1F
directors_3110,Q1129271,Q21063535,Q1129271-077A90EC-C0D3-4C2F-B6B2-5E49D341057F
directors_3111,Q11292885,Q11450940,Q11292885-9c1b7081-4a63-f5a4-b1e2-77097d59767d
directors_3112,Q1129290,Q934964,q1129290-E557299F-38AF-41E7-AB3A-D70A4753682E
directors_3113,Q1129313,Q1377534,q1129313-0FFE6995-2EB8-4D05-937E-D8738D27CAA3
directors_3114,Q1129317,Q113471457,Q1129317-49B49E60-F6E9-446F-BF40-109DF0626E7D
directors_3115,Q1129365,Q1119064,Q1129365-6AB94B0A-7D6B-4FB2-98F8-5FB0636A438D
directors_3116,Q11293895,Q11991022,Q11293895-f6afda30-4dbb-37d8-5d2c-72be21b697ff
directors_3117,Q11293895,Q3564148,Q11293895-2bf61f6c-48e6-e615-868b-baa70099a483
directors_3118,Q112939358,Q436829,Q112939358-3bb52e4f-48bb-78b3-82b6-3b48f1a0cf54
directors_3119,Q1129420,Q59149,q1129420-D7E4B0AF-8C31-4E1B-9B00-ADE273D27947
directors_3120,Q1129449,Q5649872,Q1129449-D8EAC278-28A7-4AB5-8D19-2F21CE8F6DED
directors_3121,Q11294846,Q6313775,Q11294846-e43766a6-439f-47bd-7f13-8a279f329c1c
directors_3122,Q1129506,Q113305092,Q1129506-CF79123F-640D-438E-8DB8-54ED0AA23EF2
directors_3123,Q11295112,Q3817802,Q11295112-D60F6E21-B5DB-4028-8E79-20E17107B291
directors_3124,Q1129534,Q913003,q1129534-8F386CCA-FB22-4ECF-B325-3B5BB462B725
directors_3125,Q112957844,Q5209600,Q112957844-befa0b1e-471c-22a1-1cce-dce0ee8e3ae0
directors_3126,Q112960918,Q5667204,Q112960918-e5088a24-4e2d-8c16-14a8-62ae82cf12d9
directors_3127,Q11296345,Q38054533,Q11296345-E44168ED-F8B9-4445-BE80-8EF52B2E3F32
directors_3128,Q11297211,Q18818365,Q11297211-daf2d022-45b7-d9f5-9005-cb5a24edeb8e
directors_3129,Q1129761,Q51525,q1129761-330AF9B7-432A-4927-82E3-F3937CA8D2E4
directors_3130,Q112977212,Q2867634,Q112977212-6ba5c440-40fe-2fcf-42ff-abbcee352ef6
directors_3131,Q112977213,Q495980,Q112977213-31183181-4f1e-53d7-ffc1-43d73f322870
directors_3132,Q112992826,Q64786542,Q112992826-d603354a-46c2-b019-45fa-acb8df814b03
directors_3133,Q113001361,Q2977967,Q113001361-f7e710cb-4eed-a39f-a5bc-52be2e880271
directors_3134,Q11300170,Q8988752,Q11300170-3C29FB8C-E9EE-4B27-A24D-319638779E34
directors_3135,Q113002880,Q23466,Q113002880-785d1863-4a20-ada1-b5a6-cc85551e65c0
directors_3136,Q113005247,Q484779,Q113005247-29d08586-406e-d642-8440-d939882081af
directors_3137,Q113005266,Q4122763,Q113005266-59ef9104-4987-2ea0-3fa5-155e347e33f3
directors_3138,Q113012026,Q114962568,Q113012026-83e53f75-43ee-c9db-0b62-9f16cc1c9e44
directors_3139,Q113012523,Q227129,Q113012523-f07668d2-4a3b-6ea0-8e8f-b66ce3b6ab87
directors_3140,Q113014532,Q24451145,Q113014532-0b20abb8-4155-a710-b48e-1a2557a58ed9
directors_3141,Q11301518,Q11648654,Q11301518-BA092387-0CEE-4976-843D-7C3C502BB85E
directors_3142,Q11301625,Q11436398,Q11301625-BAB33CC3-DC5C-44EE-85FE-8B1D73043C6F
directors_3143,Q113017547,Q113017733,Q113017547-D41C419D-1309-4153-9158-4D977C595E3E
directors_3144,Q113019104,Q21055548,Q113019104-58093873-4c4a-0b47-6969-c6d9bb357808
directors_3145,Q113023001,Q2719916,Q113023001-9d86b55b-4686-809e-d50f-d303a1737270
directors_3146,Q1130297,Q944198,q1130297-1F26EB4A-E018-4268-8ED4-7070A5AFAEE6
directors_3147,Q1130310,Q55171,q1130310-2BE20657-E494-4E27-825F-C81BCE6C09BC
directors_3148,Q1130313,Q1323312,q1130313-5DC76471-F939-4C57-8185-2C54EE20F842
directors_3149,Q1130317,Q22665760,Q1130317-507f0e70-4cbc-dc3e-bbe1-fcf5e3ab6c4e
directors_3150,Q113032290,Q115171541,Q113032290-2457b397-446d-1a28-5b72-3ae48ec881da
directors_3151,Q1130343,Q357608,q1130343-10E9DD89-6CE7-4BA2-880B-96574805DA1D
directors_3152,Q11304109,Q11317779,Q11304109-34F27EF9-ECAD-4940-80D5-C4B6A351E0A7
directors_3153,Q113042728,Q126098,Q113042728-369067a3-4491-8ddc-80c6-6bf8f79bf3b6
directors_3154,Q11304292,Q1138125,Q11304292-44327E9A-1957-4B98-9952-3099A305685D
directors_3155,Q113043714,Q270097,Q113043714-4e1cdee3-4888-e51b-fab3-5b661f564180
directors_3156,Q113045179,Q290606,Q113045179-d23ceb76-4d9f-7094-f365-32907b859588
directors_3157,Q113051080,Q117863777,Q113051080-B844F00F-5415-463C-B128-F9BAD42D3651
directors_3158,Q1130512,Q2299195,q1130512-C003EE37-0A5B-4188-8D36-8ACA53156D11
directors_3159,Q113052,Q318287,q113052-5146415B-4571-477C-92B8-E2DCA5EA8122
directors_3160,Q1130532,Q450630,q1130532-94977FFF-EA92-422B-8215-09AC4163B039
directors_3161,Q113055437,Q65116535,Q113055437-28DD8732-FC06-4756-A4C8-7A98E17DD0F1
directors_3162,Q1130664,Q446580,q1130664-A6985301-A8AC-44FD-9C13-1907C34E4EB8
directors_3163,Q11306926,Q18383492,Q11306926-6C4D8F52-70BA-4095-8F9A-4AE8C6AE9403
directors_3164,Q11307655,Q6213668,Q11307655-AC904363-422D-4230-BB68-BA62BFB7CA18
directors_3165,Q113083535,Q3018141,Q113083535-85e8f3bc-455e-5a7d-eb5f-b69b7be58d0c
directors_3166,Q113084589,Q3308288,Q113084589-b6a1e861-4e2f-aa50-b4a4-de96f37dbf57
directors_3167,Q1130966,Q1306432,q1130966-4125E46E-71B7-4726-9CD0-81596510238E
directors_3168,Q1130966,Q530409,q1130966-53B5E4CC-E677-40A4-8359-96844639CE5F
directors_3169,Q113101380,Q19957982,Q113101380-56E1D1D1-3446-4B50-8CA8-132F1AA7D367
directors_3170,Q1131044,Q3154982,q1131044-5389CAE4-A4DC-457E-91C8-D76E2CB8C0AD
directors_3171,Q113107162,Q113107197,Q113107162-5d3d0f54-464c-c8fb-fb65-7fcecf593df3
directors_3172,Q113114478,Q109309312,Q113114478-e9bb914d-498e-d615-d645-d0a3b962f3b9
directors_3173,Q1131162,Q438583,q1131162-BD26E06C-CEEA-41C7-A9B5-6B54CDCA823E
directors_3174,Q1131202,Q318685,q1131202-E52420B1-CA2D-4482-A1D8-35EACA7C11EA
directors_3175,Q113124603,Q3161170,Q113124603-03b10d19-488b-a298-ae10-1b8fe5f8151b
directors_3176,Q113127699,Q3282056,Q113127699-7223ab3d-4504-9a54-4945-eac2ac5f2cf4
directors_3177,Q113127699,Q65116210,Q113127699-dbb8e212-48f0-4315-871d-df9a9dde37b5
directors_3178,Q1131279,Q2376327,q1131279-01856B14-790E-4185-9784-994F7A643371
directors_3179,Q113129442,Q7961665,Q113129442-0d45f4c7-4a48-3f8d-177e-a44ba5f81f56
directors_3180,Q113130841,Q108916758,Q113130841-86aaffd5-4e86-d933-f55b-ad61cf857335
directors_3181,Q113135527,Q16207879,Q113135527-fa549288-4f76-a637-83b1-9951271c163c
directors_3182,Q113141252,Q100742766,Q113141252-2c498bd3-441b-b101-1f83-7a8400bed604
directors_3183,Q113141487,Q1284096,Q113141487-1CBBF0F2-9833-4CC3-BA2B-E6B55BC53C69
directors_3184,Q1131452,Q314966,q1131452-A1E6DD87-1DAD-4D0C-A342-FFDFF75F0E2E
directors_3185,Q113149,Q234212,q113149-6183B300-50E8-446A-8FC0-6A62DE800098
directors_3186,Q11315077,Q1279630,Q11315077-e8e88feb-4590-f92e-be43-575785ba69f3
directors_3187,Q113152230,Q109290497,Q113152230-aaf5d485-48ec-3393-5928-52e60a550f5d
directors_3188,Q113158629,Q109016445,Q113158629-a2c23f79-419e-caae-e42c-ca8ec180a609
directors_3189,Q113163737,Q614697,Q113163737-318549c4-4011-0dcd-0293-8ba0b1a10e6c
directors_3190,Q1131669,Q339551,q1131669-E1222B20-1ABE-49FE-9A2A-7AB78B66452B
directors_3191,Q113172293,Q113172312,Q113172293-70a30798-4c2d-4117-f0ca-7c1f346cd24d
directors_3192,Q113172691,Q64578241,Q113172691-d13706c2-4161-5a99-fb7b-9ce7b03f9ad0
directors_3193,Q113173179,Q8183923,Q113173179-e4987dcd-408a-a27f-6e6e-c8d79265ba73
directors_3194,Q113173179,Q96186189,Q113173179-d63fcffc-4811-ee07-c38b-75001791ce66
directors_3195,Q11317940,Q11367750,Q11317940-8E8C84DE-D25E-447B-9DA7-415680106138
directors_3196,Q113186040,Q64738507,Q113186040-f22f199f-43a9-5eef-e28b-adf7042efa1f
directors_3197,Q113189654,Q19664481,Q113189654-2449677c-4329-6e75-f0f8-acfdb7e8b83b
directors_3198,Q113195830,Q6762925,Q113195830-b5c70f38-46e6-fc15-f648-057044d54739
directors_3199,Q113201954,Q113215222,Q113201954-48b4030b-4a2a-7787-5d6c-e088d242dd91
directors_3200,Q11320563,Q11409457,Q11320563-0abc63a6-4081-863d-aeda-5ccd39102b49
directors_3201,Q11320592,Q8051485,Q11320592-DA4F07F6-A660-4D89-8684-0032A90E046A
directors_3202,Q113212962,Q3525635,Q113212962-F624F81F-CAA5-499D-AFCC-D9AF0E6D2E95
directors_3203,Q11322062,Q11468209,Q11322062-d02b9a4d-4de0-dc2c-58e1-f46f84b0ba58
directors_3204,Q11322168,Q11394210,Q11322168-77fbe8de-45bf-d7be-d2cc-14fbba8409c4
directors_3205,Q11322535,Q17466090,Q11322535-5DE9D2D3-C652-4F84-B428-29B10255493A
directors_3206,Q113226956,Q108905085,Q113226956-8e32bb42-41d7-c0c5-d017-c7ce3fc90a09
directors_3207,Q11323334,Q11397495,Q11323334-F15DA902-E0B6-4CAC-9D3C-388B55C63CA9
directors_3208,Q11323655,Q556235,Q11323655-C1B806A1-E926-4061-B634-5C07D2EAD968
directors_3209,Q113242587,Q113246568,Q113242587-f1946b25-4e4c-206f-e240-5a9e3a742b93
directors_3210,Q113255175,Q113255242,Q113255175-f8e0d854-420b-ac1f-062d-8d0043039836
directors_3211,Q1132661,Q13114676,Q1132661-2596910C-190B-4611-885C-08CC68155ECE
directors_3212,Q113267230,Q3607334,Q113267230-93999672-4552-8c3e-035d-d56c20642169
directors_3213,Q113267784,Q113260623,Q113267784-17c7e74a-4c57-6df3-d6d1-51ce1d7e06a6
directors_3214,Q113268101,Q30110269,Q113268101-c5b72f66-4989-d40d-0680-c69683ee8bc7
directors_3215,Q113272186,Q60795965,Q113272186-5b5b6632-451e-ca2e-5164-3b7ed29bf141
directors_3216,Q113272186,Q88182074,Q113272186-80319ad6-47a3-8cc7-997e-a2bc089baa6d
directors_3217,Q113273969,Q27967772,Q113273969-c10a51c9-4522-d92d-a0f1-595c60e73630
directors_3218,Q113274715,Q113274739,Q113274715-9818488e-428c-a38a-534c-0fa0a5b61bef
directors_3219,Q11328221,Q11408470,Q11328221-d689926e-4137-122b-d400-72fd86d05a61
directors_3220,Q11328221,Q11534824,Q11328221-1464c3fc-4945-4f08-8bc5-c7cf8025fd08
directors_3221,Q11328221,Q11578485,Q11328221-3986663a-4869-5a11-f6f0-26cc728ef8bf
directors_3222,Q113283822,Q100255483,Q113283822-25c8eb1e-4313-c9a3-1b65-34e734d44587
directors_3223,Q113284687,Q64738507,Q113284687-587fd7db-4c84-9292-1cce-af6f7f838026
directors_3224,Q113285535,Q113255242,Q113285535-ba23b457-43e5-fbe2-a7b0-eef1f1f444ce
directors_3225,Q113286040,Q15992080,Q113286040-643f66d2-4d2f-c6f7-a35e-608b9e99d329
directors_3226,Q113288634,Q27967772,Q113288634-c84dd759-4fe3-aad8-82e6-c4401e50cf28
directors_3227,Q113291194,Q113291203,Q113291194-40abd164-4270-6e10-45a7-1e51ddb4f945
directors_3228,Q1132912,Q515568,q1132912-F75F9C58-2829-4096-9409-31834E827156
directors_3229,Q113291667,Q113291677,Q113291667-7310c430-4f7f-bacb-024b-c473cd882dae
directors_3230,Q113292609,Q100255483,Q113292609-d53d888b-4e0d-3c35-4031-fda042ded7cc
directors_3231,Q113292930,Q61696796,Q113292930-9411fe9d-4505-92be-ca7c-8c2413d08fb4
directors_3232,Q113294108,Q113294178,Q113294108-98edf39c-4406-d397-aa06-88b0d19a0953
directors_3233,Q1132978,Q28493,q1132978-DAE0B409-9FA6-4985-BE38-9494C1924C20
directors_3234,Q113300586,Q1523831,Q113300586-4d394549-4b69-44f5-c074-d7e5907bc183
directors_3235,Q113300899,Q175062,Q113300899-4db07656-4e91-d817-3945-aa83f5af56c9
directors_3236,Q113301900,Q106283255,Q113301900-277d2681-462e-b968-9d92-bdb5b8136bd4
directors_3237,Q113303382,Q111677221,Q113303382-dd7d46cb-45b7-2f0f-e432-db3694f02c7d
directors_3238,Q113303548,Q19664360,Q113303548-0C6F18EE-BAE0-4EF0-BA7F-ACB14D171984
directors_3239,Q113309124,Q6846727,Q113309124-d16fc14e-461e-e62e-34a3-8705e8f6e418
directors_3240,Q113311551,Q113379086,Q113311551-8923C057-A5F6-42B5-A925-8C4A59C4206F
directors_3241,Q113311854,Q5264710,Q113311854-1e5e95fb-4910-011c-43ba-b73c4f10dc27
directors_3242,Q113312364,Q111692594,Q113312364-1e08e12c-4be9-0b2a-de58-4b3484bfbf55
directors_3243,Q1133132,Q85487,q1133132-383A62B5-F04E-4F26-A634-810873450FEE
directors_3244,Q113313422,Q108331313,Q113313422-7d03fcce-4dcb-e7e0-dd3e-605848bb8518
directors_3245,Q113313590,Q17523829,Q113313590-26530b6e-4285-69e1-80f2-5ec993f44b7a
directors_3246,Q113313921,Q28675849,Q113313921-04a74f64-49b6-b1ef-f4ef-369b79573c46
directors_3247,Q113314062,Q57017331,Q113314062-a0b62b73-4260-dc56-4b14-c83e1acb9740
directors_3248,Q113317051,Q109356046,Q113317051-8ec580bb-4641-8ca4-27ce-16a7b8a9e424
directors_3249,Q113317051,Q109356316,Q113317051-45065845-EEFF-43EC-B95C-8C37C00B7D1E
directors_3250,Q113319986,Q362930,Q113319986-27583373-47b8-7d2f-bed4-ead1fa862473
directors_3251,Q1133230,Q4857745,q1133230-2B0BA09B-6BBE-4B05-B650-095A5E5A5251
directors_3252,Q113324433,Q11560220,Q113324433-166dca54-4cdc-2663-acd5-91867f69344e
directors_3253,Q113330175,Q766656,Q113330175-dd7c0e06-4769-c288-78b0-091a1efbcbc9
directors_3254,Q113330857,Q488817,Q113330857-9bc9c545-4bfc-513d-e0ba-450d98969198
directors_3255,Q113331181,Q4250213,Q113331181-A6A87B4D-81EE-4738-9974-64F124ACF661
directors_3256,Q113335170,Q7090624,Q113335170-8af9114e-46f4-5f00-8d65-50ef5b32c61a
directors_3257,Q113335768,Q42329429,Q113335768-1f1f1c60-450b-512c-a8b2-b764544213b2
directors_3258,Q1133497,Q977721,q1133497-7A37AB33-98D1-4A67-B2E7-79F81FE8E7EA
directors_3259,Q113358134,Q113374935,Q113358134-8BB4C263-54B7-471F-9033-F42B059870C6
directors_3260,Q113360807,Q345755,Q113360807-c25ce3bf-4ae6-1d8b-c88f-61a4936255df
directors_3261,Q113360912,Q4679987,Q113360912-27e5f599-4b68-ddfd-0970-93d755fce70b
directors_3262,Q113361003,Q27613964,Q113361003-a24d342b-43f5-7951-d394-2b5c79622f38
directors_3263,Q113362684,Q94265854,Q113362684-B34C2040-8D37-45AF-8129-49DEE1F7C1E7
directors_3264,Q113362689,Q20085424,Q113362689-89B6D52D-56B8-4CDE-8A1F-BD1BD95943D0
directors_3265,Q113362698,Q102428432,Q113362698-9C7AB99F-F993-4AEF-9455-2CCB474A9852
directors_3266,Q113362702,Q231019,Q113362702-CBF9C8C6-A8DD-4C78-BD81-68DD47A7BEA9
directors_3267,Q113362729,Q119311427,Q113362729-4DAF09A7-C73A-4F31-BA2B-D75B0002A870
directors_3268,Q113362738,Q102363060,Q113362738-A6A8D99E-3874-4E2C-9F11-AAD3EEBD51F0
directors_3269,Q113362745,Q131918299,Q113362745-599DB95F-3124-41FE-8E71-D74F8951ACE0
directors_3270,Q113362750,Q126014894,Q113362750-5593921a-4e06-4954-fad9-0175bdb127bd
directors_3271,Q113362757,Q21872668,Q113362757-59856BD0-66FD-41F4-AC82-6CDB41FF1F58
directors_3272,Q113364967,Q16222405,Q113364967-7196ac07-4730-f13f-4fe8-8084ad1031f8
directors_3273,Q113366733,Q5096415,Q113366733-7f749e55-429a-5d0d-0d00-b0f08351fa63
directors_3274,Q113367431,Q113367355,Q113367431-4c0c636d-4eb4-7588-b8aa-8a300c8588a7
directors_3275,Q113367446,Q113367461,Q113367446-81d334fd-4289-c124-225b-4f47a5bf225c
directors_3276,Q113367481,Q113367500,Q113367481-f5f7a730-4817-c7fd-fed7-e93c8474688d
directors_3277,Q113367779,Q111677221,Q113367779-5a86ee49-4382-4e75-33b8-f8573428c48d
directors_3278,Q113367793,Q15992080,Q113367793-4228728a-4fa3-40c1-857f-5faf4d3c3fa1
directors_3279,Q113367940,Q23675246,Q113367940-111ac779-4a81-cae0-297f-38c5ced19e4c
directors_3280,Q113367981,Q113366317,Q113367981-6b477fb9-4869-9da5-0bf0-3cae51af18b3
directors_3281,Q113368025,Q23662909,Q113368025-c9f30037-40a4-480d-64b5-0a0991b0a3e5
directors_3282,Q113368970,Q15992080,Q113368970-6d5a3483-475d-1f3c-b7ab-4c729c008c30
directors_3283,Q113369049,Q113369042,Q113369049-dcf4e15d-4439-2ffe-c659-3e8408a0ca2b
directors_3284,Q113369096,Q56486300,Q113369096-d32755ba-4720-3f01-fede-69dc7c282144
directors_3285,Q113369208,Q15983889,Q113369208-59527108-4fa5-e3f5-dcc9-2ace62e60113
directors_3286,Q113369282,Q109016548,Q113369282-92be7d78-436e-78e5-140f-b2b0676799bc
directors_3287,Q113369469,Q113369462,Q113369469-1ec004f9-4594-09f4-9553-42133f3769c0
directors_3288,Q113369482,Q15992080,Q113369482-17f698bd-44b4-b82a-c7af-37fd9ac42a23
directors_3289,Q113369611,Q113367355,Q113369611-bf14798a-4a78-87a3-a09a-f715fdd8d1be
directors_3290,Q113369619,Q113369617,Q113369619-aaec4641-42a5-029e-320c-fcd16cd8435e
directors_3291,Q113369802,Q57017331,Q113369802-04946255-450f-d464-35d8-6e25f7396633
directors_3292,Q113369959,Q56486300,Q113369959-66e16697-4998-188f-94c2-78c7b2009264
directors_3293,Q113370402,Q15992080,Q113370402-288411ab-4f0e-a088-49fc-c34b5a7293d1
directors_3294,Q113370618,Q113367355,Q113370618-37c0f0dc-46d5-d5a9-4182-392a6e8e8b54
directors_3295,Q113371337,Q6386180,Q113371337-d55ae6c8-4983-a338-4e04-5865feafdaad
directors_3296,Q113374868,Q4682846,Q113374868-8326021b-4446-3df9-c0c3-cd1938ce6a58
directors_3297,Q11337497,Q24875474,Q11337497-8674f51c-4945-a0b8-bf24-006de888e005
directors_3298,Q113375067,Q19364811,Q113375067-2c134b8a-4b83-1cc8-b4f5-6b089ea756fa
directors_3299,Q113375097,Q109519626,Q113375097-3dff7e13-4482-f999-3a31-67d2b1b2d90a
directors_3300,Q113375953,Q113375873,Q113375953-61d6b3d4-4a59-4645-4cd3-26d275284be6
directors_3301,Q113376009,Q113375984,Q113376009-803b2e37-4b0b-1a8f-2a54-73385ac786e9
directors_3302,Q113376057,Q111668304,Q113376057-1527ed1b-4512-cabd-a8fd-ca1102d49157
directors_3303,Q113376407,Q113376429,Q113376407-41852d04-43e0-2d7c-e358-567739c37848
directors_3304,Q113376408,Q111685321,Q113376408-caaacf04-424d-5831-ca23-e8b425a1b540
directors_3305,Q113376613,Q113376530,Q113376613-b5226e6f-4924-7299-8957-fa80dc4caf71
directors_3306,Q113376888,Q113376793,Q113376888-fe700ce1-4f98-f239-2af1-c890582d50d9
directors_3307,Q113376991,Q113376974,Q113376991-e5047f57-49b6-f33f-7e9b-cfaec8c617ad
directors_3308,Q1133772,Q2480656,q1133772-3DE1CD6E-DBAF-4CDA-A87B-EE76C6DA1BF4
directors_3309,Q113377305,Q28606905,Q113377305-a01bbdb5-44ae-15eb-7696-627ad7ac4608
directors_3310,Q113377318,Q113300925,Q113377318-53cdd1c1-449c-1160-c4ad-4d179f3d4093
directors_3311,Q113380203,Q13909,Q113380203-d7f2d56f-4800-0687-0b89-4c2ea0972ec6
directors_3312,Q113380226,Q60837652,Q113380226-c437d548-4518-571d-df9d-5a7cd9608a75
directors_3313,Q113380380,Q10307951,Q113380380-F1977763-4070-48C9-8019-7C1298745B10
directors_3314,Q113380641,Q3090228,Q113380641-24c857f0-47f6-4497-4ccb-464b957cb246
directors_3315,Q113382725,Q112182,Q113382725-39650d08-4626-3f56-4870-1a6ac4b62562
directors_3316,Q113384294,Q18206661,Q113384294-c9920536-416f-111c-33ef-c1415e034b9c
directors_3317,Q113388784,Q94281,Q113388784-8c4803d4-4cee-9874-1787-c186a5b635b0
directors_3318,Q113391413,Q113390140,Q113391413-d05ffb0e-4a3b-d7e0-bdab-2ebef9836b49
directors_3319,Q113392,Q3185993,Q113392-BBB9C5D1-482A-464C-A50A-DC68C854438A
directors_3320,Q11339358,Q556235,Q11339358-FA4C07E8-4A2B-4FB8-9338-1ACA5244D6FC
directors_3321,Q113396073,Q276186,Q113396073-99DDEC66-79F0-4EEF-A0CC-422249457FE4
directors_3322,Q113396255,Q48333114,Q113396255-AF23CF16-9DAC-4CBF-AE9D-F926525DC18B
directors_3323,Q11339851,Q116172614,Q11339851-536BC799-DF56-4624-8E36-878368402455
directors_3324,Q1133999,Q55430,q1133999-8F5D46CA-0FFA-4DED-86EA-85157E32E570
directors_3325,Q1134037,Q33436763,Q1134037-B307AF80-1BCF-4C98-8578-E6DE50AB2842
directors_3326,Q113407742,Q18328128,Q113407742-dfa69ee2-43be-ae51-c173-23c1db8ad65e
directors_3327,Q1134134,Q1085813,Q1134134-A89A74B4-E3A3-47C5-83C0-89B7DEE94573
directors_3328,Q1134234,Q7668439,q1134234-58FBB77D-E343-42A7-A293-87BE18DB7BF3
directors_3329,Q1134271,Q1374828,q1134271-4DCB31AF-292F-4479-8493-4C59AC06DBB7
directors_3330,Q113428,Q114063,q113428-AE04F093-74C4-4B10-9ADE-8ED4EBB10D64
directors_3331,Q1134308,Q457750,q1134308-6BCB6306-7B65-4A5D-A557-D044882583B7
directors_3332,Q113434807,Q111685899,Q113434807-4d8bb449-44c6-aedd-541c-9987f20b6118
directors_3333,Q113436176,Q19610277,Q113436176-78377b53-4c46-82fe-a6e5-516e0068e169
directors_3334,Q11343993,Q3479225,Q11343993-625dd7c7-4bcf-5b04-a474-6fcefa57e579
directors_3335,Q113443388,Q24719455,Q113443388-94e994e1-4757-5e57-93f7-bd9b4925aa5f
directors_3336,Q113445202,Q6499321,Q113445202-5155fa61-4964-8c76-0669-c47706adf3bf
directors_3337,Q113446383,Q108916758,Q113446383-e310bb2d-4b25-3cab-42e3-2ab910fb5165
directors_3338,Q113446599,Q113446553,Q113446599-911a2024-453f-8ed5-e796-7749655bde0c
directors_3339,Q113446947,Q98717741,Q113446947-a6225e9d-427b-24fc-7445-70c7c4307d5b
directors_3340,Q113447481,Q113447196,Q113447481-cd494d61-4e4e-632c-1030-33daeda9a005
directors_3341,Q113450354,Q19610277,Q113450354-f924bc63-4657-40e2-1e10-6c36abba781c
directors_3342,Q113450610,Q19610277,Q113450610-0bac2b84-4b43-9daa-dce1-391ee2ad29e7
directors_3343,Q113450748,Q19667327,Q113450748-dca9b9a6-4400-01c0-4de5-34ca8238e967
directors_3344,Q113450802,Q19663578,Q113450802-dd02a973-493c-4746-bce2-25252394841f
directors_3345,Q113450817,Q19667327,Q113450817-e4cc9911-44c5-2233-c099-2f434dbce355
directors_3346,Q113450927,Q19667327,Q113450927-31be8116-4967-7b12-01f1-36a417b52b0d
directors_3347,Q113450927,Q97483699,Q113450927-038d6d70-41a4-98ec-1af1-a7f723971ca0
directors_3348,Q113451132,Q19667327,Q113451132-3777c410-48c6-784c-c5b4-95f3e5e9645c
directors_3349,Q113451206,Q19667327,Q113451206-a2f1ab57-446c-d2d1-ea40-fea98ca14a01
directors_3350,Q113451298,Q19667327,Q113451298-2f5f417d-41b4-b937-9436-3f92b778c7ac
directors_3351,Q113451410,Q113365073,Q113451410-c4b94abb-432d-d176-597a-a59a31b45f6b
directors_3352,Q113451469,Q19667327,Q113451469-2ce6b1d3-4dd4-8c6c-ffa9-6300525c1731
directors_3353,Q113451491,Q113365073,Q113451491-228f20d8-4208-f3f6-b362-88ce92b451d3
directors_3354,Q113451595,Q113451517,Q113451595-6f2360b2-4635-50a9-7db9-782feca46739
directors_3355,Q113451630,Q113451610,Q113451630-89bd7980-40df-a3fd-50ed-b83d047fa357
directors_3356,Q113453645,Q19667327,Q113453645-36b4ca15-47af-8720-30c3-4c6dfe4c3f62
directors_3357,Q113453897,Q19667327,Q113453897-f22a6afa-476a-14de-dc5f-c30ba52cf6c8
directors_3358,Q113453918,Q19667327,Q113453918-131120fd-4816-45f3-c681-b15b82cd7abf
directors_3359,Q113453928,Q113451672,Q113453928-d7fe7ccc-43ba-0c80-22d2-b160fc2cbaca
directors_3360,Q113454014,Q19667327,Q113454014-528aae9c-4a81-6130-1bd5-13fb53d26f9a
directors_3361,Q113454533,Q19667327,Q113454533-73a3eba6-4f5b-848a-29fb-1a99d79f7895
directors_3362,Q113454533,Q97483699,Q113454533-3d929910-4b77-1546-3adb-c74d8a1b6e67
directors_3363,Q113454602,Q19609602,Q113454602-82b4c7f3-4bad-47c2-b230-87f8943762d2
directors_3364,Q113454644,Q19667327,Q113454644-aa6690b3-47d6-dc1a-cf8e-5d43edf0b0f7
directors_3365,Q113455502,Q19667327,Q113455502-ef673fbe-4291-3c0d-7900-8e654b8fb10c
directors_3366,Q113455537,Q19667327,Q113455537-f9b9783f-4d74-755f-79d6-0bdf129a8e85
directors_3367,Q113455695,Q111685321,Q113455695-e00ee88e-460c-48f8-d434-d3b222311f5d
directors_3368,Q113455734,Q111685321,Q113455734-14ff5be8-4154-d42a-3d78-a407872ec0fc
directors_3369,Q113456198,Q113456171,Q113456198-d862f6a0-4bdd-e767-951a-f54eba1f2d1a
directors_3370,Q113456210,Q19665037,Q113456210-85cca5f7-4633-a2c8-205e-43dfa007e1e3
directors_3371,Q113456248,Q113456235,Q113456248-3c905aad-4dd6-f7f9-0d36-b6bd237753de
directors_3372,Q113456295,Q113456235,Q113456295-85fbd6f5-4eca-18ca-c184-be4b0e5452e0
directors_3373,Q113456456,Q19364578,Q113456456-8cd026d8-4b7f-22fd-7bce-eb86721f1497
directors_3374,Q113457020,Q97483699,Q113457020-064810d2-45ba-6a80-0285-7ae3ba6ebfae
directors_3375,Q113457854,Q113365073,Q113457854-956a4bf4-4ab6-c1cf-1bb8-26a5bcc2b936
directors_3376,Q113457868,Q113330808,Q113457868-6ad7ec5e-4d33-40f9-f809-cb7c0ff37ed3
directors_3377,Q113457939,Q113457922,Q113457939-c2cefa7c-4fa9-9991-1b3c-8873ba68c340
directors_3378,Q113457961,Q22679695,Q113457961-8ccb595d-4925-64de-6e35-8d295cea06ff
directors_3379,Q113457970,Q19364578,Q113457970-aa6ac127-4240-b1ae-36fd-f252e5e41866
directors_3380,Q113458032,Q113365073,Q113458032-dcb8c046-4486-6c69-9223-4e03a169cd58
directors_3381,Q11345817,Q11413949,Q11345817-8317CE16-6413-474F-BDCB-271F77A32EE8
directors_3382,Q113458244,Q113365073,Q113458244-c1f5abff-4d07-8e95-9b8b-ea739470e841
directors_3383,Q113458658,Q113365073,Q113458658-ff78927f-4886-5a63-c5a8-5b62d22d0713
directors_3384,Q113458669,Q113365073,Q113458669-4967bf29-4508-7908-00d5-7e2c19b34162
directors_3385,Q113458694,Q113365073,Q113458694-283e30ff-4d12-5ead-dfca-9938d4a00de4
directors_3386,Q113458715,Q113365073,Q113458715-86bf85fa-4d67-1f13-00ea-f8ba6bc7967a
directors_3387,Q113458747,Q113365073,Q113458747-f16cc0cb-4e4d-1a34-4010-220fedc527f1
directors_3388,Q113458847,Q113365073,Q113458847-492a865c-439e-9eef-a05c-d0a4a2ef5c8c
directors_3389,Q113458905,Q6256680,Q113458905-f98ef5db-41da-526b-7779-8eb2985823f8
directors_3390,Q113458984,Q113365073,Q113458984-db3ff097-40fa-a4c5-7db0-97cb74451d30
directors_3391,Q113459004,Q113365073,Q113459004-7b5fcb6a-4cc3-e4ad-26e5-7a1dd9d3f771
directors_3392,Q113459024,Q113365073,Q113459024-9f81ee85-49e3-579e-30a0-287d16fe52ec
directors_3393,Q113459042,Q113365073,Q113459042-8d366d28-4b07-5b85-79b7-0975355950d3
directors_3394,Q113459050,Q113365073,Q113459050-57390339-4a05-8982-ca97-0f1c33393a3c
directors_3395,Q113459076,Q113365073,Q113459076-eb304ce3-4c6c-5b86-180d-78a50b27c148
directors_3396,Q113459104,Q113365073,Q113459104-720a27d2-4331-93d8-fbe2-4908e1e08915
directors_3397,Q113459248,Q113365073,Q113459248-0ac1cd66-40c2-bbc3-d16c-460288143717
directors_3398,Q113459248,Q22583655,Q113459248-36b638c6-428b-03fa-7925-256b8b54a651
directors_3399,Q113459299,Q113365073,Q113459299-0c3e11ea-4957-1ff3-345f-732c1a8098eb
directors_3400,Q113459320,Q113365073,Q113459320-24f78cd0-461b-06a0-60f6-55f32d850b7f
directors_3401,Q113459332,Q113365073,Q113459332-d90703d2-4892-7cb2-e7ef-22bac00d77c2
directors_3402,Q113459361,Q113365073,Q113459361-f8493b9d-44e8-3b30-0fec-45ef63892881
directors_3403,Q113460196,Q113155397,Q113460196-bbad4b7e-42b1-a02f-8999-c03e6ee37150
directors_3404,Q113460295,Q113446553,Q113460295-0d979676-453c-9309-4126-15685a677e20
directors_3405,Q113460379,Q113376443,Q113460379-1fb2ee3d-4e27-794c-5621-5c45fd0de9a0
directors_3406,Q113460379,Q5509254,Q113460379-c7d45786-445c-b61e-871b-4f7ac818762d
directors_3407,Q113460409,Q113460388,Q113460409-78d01e59-4653-6eee-1d3c-4c68aa6f8fd4
directors_3408,Q113460428,Q113376443,Q113460428-a60beffa-4763-bc7c-204d-35ef263bec83
directors_3409,Q113462425,Q26703670,Q113462425-fbfea233-4340-55ef-82bc-baefa14db1f1
directors_3410,Q1134648,Q4901341,q1134648-76476A09-90E9-45E6-8793-E9F8142E4335
directors_3411,Q113467000,Q351290,Q113467000-2e22f9e0-457e-e314-1d7f-65f2c137ea5c
directors_3412,Q1134677,Q3521531,q1134677-8BC813A7-49DD-4E7D-91B6-BF9ACBD1D797
directors_3413,Q11347000,Q113576080,Q11347000-8D7B504C-BD2C-496C-B1FF-FACCA45E71A6
directors_3414,Q11347402,Q114340515,Q11347402-F083927F-778F-41FC-8CD3-462B565D6A8B
directors_3415,Q11348237,Q11659422,Q11348237-28F84D7A-4A71-44CF-8C4C-E2E44BC8643C
directors_3416,Q113488690,Q87739839,Q113488690-07d96b1e-47ae-11dd-7de6-52f6bfc3ba61
directors_3417,Q113493289,Q19281615,Q113493289-89415075-437e-1946-5fcb-14f8c2accf85
directors_3418,Q113493377,Q113484356,Q113493377-0822a70c-4f6c-954f-f774-528367f71c04
directors_3419,Q113500259,Q111677165,Q113500259-d9858c71-431f-2cdd-9927-cf1105b1fc96
directors_3420,Q113504851,Q3121346,Q113504851-6C9BC004-27F4-4BC0-B1E6-6ABDB2ABF166
directors_3421,Q113516747,Q2846620,Q113516747-0a5551ed-47b5-5b9b-3b7d-89ac7c33b4b2
directors_3422,Q1135218,Q702326,q1135218-7B1F4A9F-950C-48D1-91CB-3B130ED223A6
directors_3423,Q113524284,Q380608,Q113524284-49f204d7-4a4f-d219-724d-c47f9b973c4f
directors_3424,Q1135349,Q357608,q1135349-62E386F4-CEFD-414B-8772-0823D1182358
directors_3425,Q113540650,Q5526139,Q113540650-d151a048-4d56-7ec8-529c-24296d9805bd
directors_3426,Q113549,Q82234,q113549-BAC5E20B-FC0B-4CF0-958A-4F9B56ECFDDF
directors_3427,Q113549036,Q3501883,Q113549036-0c79d301-4d92-bb2f-6c21-c86ce11a76f8
directors_3428,Q113549047,Q113560765,Q113549047-6fe4bc1f-4787-2a5e-623d-61ca99f37495
directors_3429,Q113550154,Q11881140,Q113550154-450D2A99-F048-4F82-9D4E-D1AF67899D86
directors_3430,Q113552087,Q113552114,Q113552087-bb8e68b2-4ec7-d1ad-2065-b742502632ad
directors_3431,Q113553661,Q15630836,Q113553661-e1ae9ced-47f0-4180-2df6-f335122ddfc6
directors_3432,Q1135550,Q3089283,q1135550-52BC9A6E-D1B0-42A4-8647-00060872D222
directors_3433,Q113556570,Q117337684,Q113556570-C839477C-96BA-4ECE-8DAA-33ECD32FDA56
directors_3434,Q113560959,Q65619767,Q113560959-2afc4f75-4939-4081-7c08-e421b8fadc0f
directors_3435,Q113562964,Q1282375,Q113562964-32dd1d28-42e4-662d-9d23-c982c7238a84
directors_3436,Q113572020,Q104061,Q113572020-05b2123c-4937-e4d7-de7d-8fca5eebf3a0
directors_3437,Q113573567,Q61729975,Q113573567-21563746-3F04-4C4A-9F55-272E60CBA4FF
directors_3438,Q113575143,Q1301836,Q113575143-ef07d72c-4a2a-c735-e800-bf1b86adabe4
directors_3439,Q113586780,Q22928412,Q113586780-14a07663-4d1a-19be-17df-31d4f4e3b76b
directors_3440,Q113588308,Q113471486,Q113588308-70601708-4bb1-8431-c2ee-5c3ad1e96c84
directors_3441,Q11361740,Q2850551,Q11361740-9139B926-243C-408A-B9B9-61F668FFDDDB
directors_3442,Q113621911,Q59162572,Q113621911-e9ddfdcc-48ab-d22b-8057-3948ec02e639
directors_3443,Q11362213,Q11489184,Q11362213-AC5EB1A0-F3BA-4A63-971C-68571A069433
directors_3444,Q113625011,Q63698985,Q113625011-e32d52fa-4a5c-a0b2-9b2d-a35a9c2f02b7
directors_3445,Q113625515,Q52391278,Q113625515-6b0ca64f-4626-a16a-7ca2-7010fa7fc1a6
directors_3446,Q113630174,Q349339,Q113630174-c5701745-4558-9038-7d12-275b52182597
directors_3447,Q113630185,Q3476760,Q113630185-5DD1B534-A65A-4824-B705-02440FB11BB1
directors_3448,Q113632439,Q4843423,Q113632439-CE5DB20A-5078-4CBA-BF92-2D90A782943C
directors_3449,Q113633105,Q24950627,Q113633105-50bfaa1f-432b-48fa-895a-40c7ac1b1ad1
directors_3450,Q113635014,Q6187572,Q113635014-415d7970-4b35-164d-63e8-d176b20b9e7c
directors_3451,Q113638950,Q975070,Q113638950-9e0d2b7b-42c6-6ad7-e6a9-e767680dcf95
directors_3452,Q1136400,Q274070,q1136400-43C5D96E-E80B-4061-BF1F-C59FCE581761
directors_3453,Q113640307,Q6814356,Q113640307-6ccfeb74-4851-4ea7-84cf-8da413353f1d
directors_3454,Q113645430,Q78367,Q113645430-3eb33aa3-4da7-e0bd-4585-fe681949c1e0
directors_3455,Q113646317,Q16632998,Q113646317-2b5048e4-44e9-1054-1877-a37e94986416
directors_3456,Q113650759,Q107610589,Q113650759-d8e5ea7b-4bc7-18fc-af0c-309eaa75f8aa
directors_3457,Q113656221,Q2717488,Q113656221-1661951f-47b4-3994-2104-5b89ec97702a
directors_3458,Q113662137,Q83640080,Q113662137-8935183e-456c-0fd0-8399-54de83f9a090
directors_3459,Q113668560,Q1324417,Q113668560-52F1F04F-D226-4EEA-B2F3-C17F22F5B08A
directors_3460,Q113671585,Q5236475,Q113671585-426e879e-49ee-98d5-ef5d-0d217bb2084f
directors_3461,Q113674456,Q117862671,Q113674456-522CA1BB-F37D-41CE-B56D-72F72BF08ECC
directors_3462,Q113676440,Q63382779,Q113676440-63a7af7b-48a5-2574-e353-77cd09c506af
directors_3463,Q113677881,Q187337,Q113677881-c8589ff5-4ec5-f7f4-b3f5-4f2538a959b0
directors_3464,Q113681891,Q8054208,Q113681891-6964b5a5-413f-7978-77ba-03a0b8b7b6f5
directors_3465,Q113685376,Q115006722,Q113685376-10B320A3-8613-4214-9400-EF4CE8BD196D
directors_3466,Q113685772,Q312988,Q113685772-dadbef6b-47a6-b93b-f788-3072540caaca
directors_3467,Q113687877,Q113687885,Q113687877-1d0ca4c7-4d45-747e-ce56-d44c3eec7725
directors_3468,Q1136884,Q3045892,q1136884-7BA4CC7F-4041-42B3-9430-8388A60C6D42
directors_3469,Q113696198,Q266535,Q113696198-ff662b39-4a95-7d36-d40b-330ec424ed35
directors_3470,Q11370556,Q1074807,Q11370556-227DF56A-8B24-46C9-B607-5B393E00B602
directors_3471,Q11370556,Q3136486,Q11370556-8D8B334A-122F-4219-98DC-68C24E3FBFBB
directors_3472,Q1137070,Q3082197,Q1137070-35EB0E2E-8F62-4A7E-8922-CA64837DC2FE
directors_3473,Q113714300,Q1968839,Q113714300-8CCD4A44-5AC4-4191-85DC-3C8B1F746D43
directors_3474,Q1137236,Q43203,q1137236-86ECB32B-7F63-43F8-B2ED-2E25EFA569CA
directors_3475,Q1137254,Q15215623,Q1137254-825553ED-9BEF-4B13-9DE5-D98020800E83
directors_3476,Q113729314,Q50842870,Q113729314-a780cf53-4d28-49cf-31c2-f08084402133
directors_3477,Q1137310,Q3772,q1137310-FA658FB2-0A98-4067-B40C-8B33AEA72C46
directors_3478,Q11373955,Q11532121,Q11373955-1DC72747-B042-4A0E-8354-382C99854B79
directors_3479,Q1137543,Q3809865,Q1137543-2831cc0f-46f0-2b6a-a5a0-1e2f129192b5
directors_3480,Q113757659,Q113868542,Q113757659-67445808-787F-42C8-91F8-35B783ABD858
directors_3481,Q113776597,Q2035141,Q113776597-9a60cc9e-4fef-ee7c-1813-152a96d18a25
directors_3482,Q1137784,Q772880,q1137784-0CBD9485-46F2-4E2E-8C5A-66CD4E69F9B1
directors_3483,Q1137811,Q381622,Q1137811-AB93694A-DF53-4A8A-8E4B-134D686AC629
directors_3484,Q1137899,Q325396,q1137899-BB49CBC4-921A-467E-87D1-CA1BD99B30A4
directors_3485,Q1137907,Q6211585,q1137907-254A5621-1191-4595-9AC9-DADB2E2A83AD
directors_3486,Q1138011,Q423052,q1138011-4CE6CFFF-F878-484B-ABCF-96A0959A4379
directors_3487,Q1138083,Q179463,q1138083-5A0FAE7A-3DAE-478C-9A26-25ECFCFAEA6D
directors_3488,Q1138114,Q11242471,Q1138114-CEE239A9-48E0-4B43-BFFC-8DEA6230E2AF
directors_3489,Q1138123,Q2367941,Q1138123-42b2f9aa-457d-5783-4019-98f885a6bc8c
directors_3490,Q1138216,Q5606504,q1138216-91A642D1-920B-4951-941A-9A941C7F11D3
directors_3491,Q113827442,Q6197261,Q113827442-5dce80ce-43c6-24a2-8106-a3c0e2c71027
directors_3492,Q113836119,Q117403120,Q113836119-3ae4bdd2-48bc-b3ed-6d13-7edcbd4f4769
directors_3493,Q113841466,Q116393276,Q113841466-30b3fd52-49d6-dc31-a3e1-024facafedc7
directors_3494,Q113841466,Q7152513,Q113841466-30099463-4000-7266-8c02-609a309024dd
directors_3495,Q1138486,Q484686,q1138486-8AA721B9-D252-44EE-A675-3C4AD2AFF06B
directors_3496,Q11384898,Q712095,q11384898-6237fde3-4fd2-3b9d-051c-182a3a8ecf32
directors_3497,Q1138510,Q1052320,q1138510-666F8E6F-F5E8-4230-893B-0516146006F5
directors_3498,Q113860622,Q510194,Q113860622-50717050-459c-b352-5ca0-4ee8a12486cf
directors_3499,Q1138614,Q3181441,q1138614-769ECED2-A040-4581-B202-DEEC71EB3347
directors_3500,Q1138620,Q2394603,q1138620-BE31896B-DF16-442D-B3CC-030D1A4E8228
directors_3501,Q11386448,Q11316214,Q11386448-6F33D887-6969-49B7-B26B-3A41632A1D3A
directors_3502,Q113867214,Q943885,Q113867214-5d6cd68f-4e7d-a741-7bd8-87ab6d643cdb
directors_3503,Q11387457,Q2363924,Q11387457-7B3AECD8-0179-480B-BB8F-D2B7EE07500D
directors_3504,Q113878612,Q21009832,Q113878612-ea81eb0a-4a14-76ae-dd8d-4f88ec880865
directors_3505,Q11388258,Q4856835,Q11388258-4953DC73-BA00-42E0-B3CF-1440E976FD71
directors_3506,Q113882866,Q107646843,Q113882866-265aa5da-4435-a804-07e3-8ceaf7a9375a
directors_3507,Q1138876,Q1341001,q1138876-603A1B55-13B0-47DA-A819-289DD084D7AE
directors_3508,Q1138876,Q1968839,q1138876-2277D1B5-90F1-4B66-839C-7BFF26A6E4A6
directors_3509,Q1138897,Q1810480,Q1138897-34F1C0D5-8D02-4BF9-86C7-276048DB1CA5
directors_3510,Q1138902,Q435577,q1138902-ADF2D4EF-A4D2-455D-9304-97989C66D2ED
directors_3511,Q1138916,Q1340718,q1138916-4CE46A35-DFBD-4791-A117-DCEB21895363
directors_3512,Q1138916,Q913128,q1138916-03BE8068-9CA4-4E30-99D3-557F0D2C3194
directors_3513,Q1139016,Q1320761,q1139016-5D1B96AB-E222-4159-A4C0-379633A21F40
directors_3514,Q113903713,Q61641240,Q113903713-63224400-50E4-4138-88FA-DB34E862E683
directors_3515,Q1139072,Q436829,q1139072-F5527F89-C0AB-4139-BD28-421E1F20B22F
directors_3516,Q11390744,Q51552,q11390744-7d485755-47b4-1563-c3bc-70858225fcdc
directors_3517,Q1139094,Q944198,q1139094-4E870BC8-A188-4CF6-B67D-07CDBAB62BC4
directors_3518,Q1139214,Q96642,q1139214-916EC9E6-3E88-444E-9F0A-8880F0A5F986
directors_3519,Q1139236,Q3018482,Q1139236-C2622B26-491C-43CE-8CEC-C768849CB4C0
directors_3520,Q1139236,Q3570756,Q1139236-C43C6607-30F8-43E8-A16D-7269B8EED0B1
directors_3521,Q1139246,Q113305084,Q1139246-67A3985E-D489-4763-AEC3-07EDBEBCC784
directors_3522,Q1139259,Q117071,q1139259-D8F5C1E1-CB3E-4064-AFED-F8538C54C80A
directors_3523,Q1139265,Q64711844,Q1139265-54F6B98F-8580-4C6F-BC1B-AF241F06E9F6
directors_3524,Q1139265,Q64711872,Q1139265-F75A729B-9CE4-4D07-A682-3D59E7D73CEC
directors_3525,Q1139266,Q20653628,Q1139266-F812A71D-2F7C-46E5-9A2E-8F00756389B3
directors_3526,Q1139284,Q25186,q1139284-299BAD36-8F84-40A3-9EA4-B8FC72532218
directors_3527,Q1139311,Q41148,q1139311-A94D358B-2EAF-486E-BE47-DBD453238E98
directors_3528,Q11394785,Q1933451,q11394785-bd2f2206-42d3-99df-53cf-606746a4e2ed
directors_3529,Q1139491,Q720615,q1139491-5A73FD80-028D-4857-AA4D-FA523B25464F
directors_3530,Q113952290,Q5829245,Q113952290-ee36a972-4607-0f7e-86f2-35a9e6d8c4a0
directors_3531,Q113952414,Q340036,Q113952414-ff201260-40df-e785-cf96-c2da977c1f3f
directors_3532,Q1139528,Q698710,q1139528-ED2EE697-8428-4B1F-8792-3EAE439B6D4C
directors_3533,Q11395479,Q11580151,Q11395479-90A6BC37-AA93-426C-9104-32314BB4F5A7
directors_3534,Q1139698,Q703975,q1139698-13B1D1EE-FC91-47E6-97CA-A1DE846890BD
directors_3535,Q1139794,Q325396,q1139794-DBDF9C85-6B4D-4D0C-BC7F-38D4C25D905E
directors_3536,Q1139801,Q323076,q1139801-68C7700D-6E6A-4B3A-A352-E8049D04FEA8
directors_3537,Q11398239,Q2476752,Q11398239-C7194214-5BD9-48A9-A5CD-A58631096B67
directors_3538,Q11398385,Q5209600,q11398385-20302C1C-713D-4D40-A661-CB92C5084816
directors_3539,Q113987357,Q4764669,Q113987357-044F8801-7B7C-4C08-8A78-4E1E72F092DA
directors_3540,Q113987828,Q12059269,Q113987828-A741D211-A802-4370-9AF5-FEC742BDC3A1
directors_3541,Q113989251,Q4410921,Q113989251-857215ab-4753-aba1-cec0-270b52d233a9
directors_3542,Q113991017,Q2080043,Q113991017-9df8372c-4497-4e1d-c3ec-490540226c6a
directors_3543,Q113999691,Q4685070,Q113999691-9dad869b-4ee2-4251-e003-66e7ee0a6ba5
directors_3544,Q114000249,Q3308269,Q114000249-62c851a6-45fb-65b0-d8e9-24dd1e5821ff
directors_3545,Q114000403,Q513432,Q114000403-ED4B7661-9C64-45FD-AC50-16A6CC585AB6
directors_3546,Q114000704,Q118504431,Q114000704-6FE2D44D-AC4D-4787-8DE1-7FEDBE9BEC8E
directors_3547,Q1140011,Q721219,q1140011-C3A8365E-412D-46B7-B34A-17E23AE67E3C
directors_3548,Q1140062,Q2380085,q1140062-a31232e6-4759-6e08-ba52-ac5a7967bb10
directors_3549,Q11400802,Q523356,Q11400802-CC585540-1BF4-4AB6-8A3A-5AA31C29D13F
directors_3550,Q114009878,Q113365828,Q114009878-dbba5ef2-4d18-0ac3-904c-ece3fdfaf7e7
directors_3551,Q114014656,Q64691836,Q114014656-5511ef0a-44b0-1a3a-71eb-3c0e82d71a14
directors_3552,Q114015090,Q114015177,Q114015090-7f6168d7-4788-ac8e-6770-e2adb937e51d
directors_3553,Q1140257,Q484779,q1140257-74273036-093B-4D0B-AEB1-9E3B38E3DC59
directors_3554,Q1140281,Q1345960,q1140281-7263AC8A-CAB4-415B-8554-7907267D2FFA
directors_3555,Q1140309,Q3018240,Q1140309-EDDDBDDF-9793-4964-9BC9-85493A19FD42
directors_3556,Q114034057,Q4236310,Q114034057-3206f1c6-401d-0c68-16c0-ff4d9a57f02c
directors_3557,Q1140365,Q458192,q1140365-0991210D-D4A5-41E6-8857-E40AB03D1965
directors_3558,Q11404128,Q7446755,Q11404128-1f766d63-4c5c-1030-680a-c1a513be4337
directors_3559,Q1140439,Q25186,q1140439-1E1247D7-9A1F-494F-B054-96F0734069F8
directors_3560,Q1140513,Q309950,q1140513-409E78D2-2173-4D3C-A80B-328D4E52E5CF
directors_3561,Q114056300,Q16217494,Q114056300-84F9D388-22F1-4A76-9279-C889FDA975F2
directors_3562,Q1140565,Q15144855,Q1140565-dc04daca-4ef4-0124-a8ee-578d3138816e
directors_3563,Q1140605,Q363666,q1140605-129B53AA-4C7D-491E-A674-54E84CBA6D53
directors_3564,Q1140607,Q3483111,Q1140607-FDD73441-D4F5-4F73-A9B0-0FFD481549D3
directors_3565,Q114069665,Q111677488,Q114069665-52d88f0a-475d-f832-e6e9-9812e0c05b9b
directors_3566,Q114073140,Q318712,Q114073140-ef0a4170-4ff7-c868-9040-3cc89bf04208
directors_3567,Q1140738,Q3182498,q1140738-0A855B17-CEF8-479E-A59F-B4BC1F545810
directors_3568,Q1140744,Q1368884,q1140744-4A58EE7A-87A8-44C5-BE42-B2BA2B07CAB1
directors_3569,Q114076,Q912327,q114076-FBD967EA-1386-44B1-88D3-00D27ACE4C90
directors_3570,Q114081248,Q100272989,Q114081248-83588b4c-4637-94ee-c8bc-a9b03676c638
directors_3571,Q114081248,Q95794977,Q114081248-bfb51ccd-40f8-2f17-6456-e5fe49e3a41f
directors_3572,Q114087590,Q2005037,Q114087590-ee4558e3-476a-340f-e66a-39dd2d379af8
directors_3573,Q114088541,Q452925,Q114088541-415daa7f-466e-69ca-c1df-09b94208d2df
directors_3574,Q1140906,Q215478,q1140906-29693143-7202-41A5-9D6F-12343EB5ABF9
directors_3575,Q1140935,Q1368300,Q1140935-8BA795B7-A036-45B0-B880-3AFC9C4A5A83
directors_3576,Q1140935,Q888535,Q1140935-A61C056B-5C84-4644-A32D-15BD744E8DF6
directors_3577,Q114095472,Q11778966,Q114095472-cb122ea6-412a-38a9-3784-ee1a649e8ded
directors_3578,Q114108,Q1411659,q114108-ae67466a-416a-ca8d-20be-c3b6d941e739
directors_3579,Q1141111,Q944763,q1141111-210467C6-15CD-4E3E-820F-B3D81403A67A
directors_3580,Q1141116,Q707755,q1141116-3D8B64C8-E4FD-411F-8320-14BACC7EE098
directors_3581,Q114130990,Q114130778,Q114130990-64B4C58A-D7B4-4781-91F8-F917E75C0F9A
directors_3582,Q114130990,Q26920977,Q114130990-AAE47671-FBFB-480A-8C41-F61188BE5632
directors_3583,Q114141681,Q17489836,Q114141681-ebcccad0-45cb-b6b3-a408-8d64b31cdb2a
directors_3584,Q1141457,Q431191,q1141457-eb95550d-4267-8ad7-3935-2a3d512581c1
directors_3585,Q1141481,Q191064,q1141481-FCA68B99-EB38-4E05-BCCE-CE7FE8658CEE
directors_3586,Q114151707,Q7633806,Q114151707-a2e9d948-41ac-9425-c31c-4ea7eb2f9ad4
directors_3587,Q1141519,Q528132,q1141519-0534C90B-5117-46B1-9ACE-E1965BA13B80
directors_3588,Q1141588,Q2478406,q1141588-6D87B41E-E757-45E5-B4D1-D8C35BCE5DEB
directors_3589,Q1141615,Q1683688,q1141615-FCE7F139-1F83-47D6-AF7E-E0B3BEECB70F
directors_3590,Q1141648,Q491809,q1141648-D217BE76-B0E1-45C8-89BD-DC0E19DAAE31
directors_3591,Q11416665,Q355957,q11416665-CCE69FE5-B143-4C25-884C-5B88519BBA11
directors_3592,Q1141731,Q133730,q1141731-CF7C4EF9-2827-4C40-8E2B-EFB4B2A574D7
directors_3593,Q1141811,Q185421,q1141811-D2679098-90F5-41FB-9472-F851FCF37B82
directors_3594,Q1141877,Q59215,q1141877-112FC2E6-4437-401E-9DC1-47E0DDCFCB0E
directors_3595,Q1141912,Q229598,q1141912-344038AD-E059-4AAB-9F49-E03E41E351EE
directors_3596,Q114201306,Q90390656,Q114201306-5F4F6B63-E122-4DDC-B222-D2785EAC0249
directors_3597,Q1142206,Q3176610,q1142206-CE93ED23-E44D-4A3F-BAB3-E8E10E07B4FA
directors_3598,Q114232000,Q6271790,Q114232000-c7175152-4d23-71f4-866a-204c2b014c32
directors_3599,Q1142358,Q979828,q1142358-9CAAA050-C7A7-40C8-B352-7C957E3D23FC
directors_3600,Q114240595,Q3972605,Q114240595-9a61a858-4569-06b7-948b-9dc1c1950fd9
directors_3601,Q114245238,Q1261910,Q114245238-8bab1517-4e04-c115-a0e2-6df910c43c2c
directors_3602,Q114246242,Q2444076,Q114246242-9606c2bd-46c5-9117-44a3-54ac34671207
directors_3603,Q114257370,Q5108127,Q114257370-40E825F7-5AEB-4C76-B132-ED4E4B257226
directors_3604,Q114257761,Q102271759,Q114257761-72e2c544-461c-0eb3-d9f3-d0603ced9486
directors_3605,Q11425900,Q2573243,Q11425900-2530D22A-D0BF-4C1C-8B6E-7219444F64DB
directors_3606,Q1142799,Q543563,q1142799-2561A6B5-EA90-40FC-978F-2FD181557091
directors_3607,Q1142950,Q319849,q1142950-13B5063D-9703-4327-B8D6-C9716A1B12B4
directors_3608,Q114309852,Q40223535,Q114309852-971caa89-4591-3d00-450e-6377b7dabcd3
directors_3609,Q114314695,Q18148710,Q114314695-bdb6f469-468f-bf57-6ca9-893a0d383c17
directors_3610,Q114315721,Q297128,Q114315721-292016FA-9F38-40B6-98A1-6FFA5E8B989B
directors_3611,Q11432457,Q11564046,Q11432457-5ED56278-30EF-4BEF-A9B7-9EB9FFD2BCB9
directors_3612,Q114325905,Q29071229,Q114325905-433838ed-4335-7688-904e-0c5793d76ef5
directors_3613,Q1143287,Q3808290,q1143287-6739ABDC-FCA2-4BDF-87CE-28CDCC57A96D
directors_3614,Q1143310,Q887636,q1143310-C27892CA-073E-414B-9940-CD7D23DB2934
directors_3615,Q114344937,Q6135721,Q114344937-3bd0d95b-4000-4aa2-8fc3-c0d752947ea1
directors_3616,Q114344999,Q61466955,Q114344999-9E952D7A-CAFA-434A-87CF-20F83BBD400A
directors_3617,Q114345051,Q975410,Q114345051-a7868b2b-4f10-5cde-f690-7023bcdca66e
directors_3618,Q114349256,Q116633899,Q114349256-4cb02f0b-4fb9-71cb-86a5-811aa0e9a428
directors_3619,Q114352426,Q116789623,Q114352426-4d9492a4-4938-8f24-0fb5-26ef49bd8da1
directors_3620,Q114352640,Q16731845,Q114352640-1912bdbc-42ae-0dd6-a7a4-4a841f44ffb8
directors_3621,Q114354300,Q103898,Q114354300-9183608a-47ed-1825-fa50-c07d379fa0e1
directors_3622,Q114363820,Q224754,Q114363820-8690F38A-6C1B-463E-94C0-A673EA68CE4A
directors_3623,Q114363887,Q13412374,Q114363887-3b30532c-4590-f88b-2291-c93101d7f09b
directors_3624,Q114363980,Q130426288,Q114363980-D7120B21-9C35-4524-8CF0-B6BF77261C90
directors_3625,Q114364101,Q41449,Q114364101-c098e78a-414a-ed8c-572d-664e4a63820e
directors_3626,Q1143802,Q179497,q1143802-975476F2-7787-4E56-B88B-F75D44911FEE
directors_3627,Q114391601,Q6277923,Q114391601-816cd16c-494a-8a07-e110-8be9b4be8a03
directors_3628,Q114397511,Q5531483,Q114397511-BE534AF4-5414-4457-9780-B71A92142561
directors_3629,Q114397746,Q2923748,Q114397746-23E06318-6CE8-4DBA-8D1B-A5559EBE8DD2
directors_3630,Q1144055,Q2057360,Q1144055-61764ADD-51A1-4F74-A32E-22FFBDDBAA2F
directors_3631,Q114414622,Q116205557,Q114414622-dad6f9b8-4e07-53d1-3ee2-76421ed3d18e
directors_3632,Q1144154,Q720615,q1144154-F3C18C01-6EF4-4AAB-AB72-A3C496A87480
directors_3633,Q1144222,Q7436770,q1144222-F5CF83DE-4097-41A5-AA4F-6A4B54357CF4
directors_3634,Q1144330,Q468190,q1144330-8F3EC7F5-F464-46A3-B66D-A7D84B0FD5F6
directors_3635,Q114436651,Q22928232,Q114436651-469f5e5f-98ff-462c-a2b4-b9fccecc46a8
directors_3636,Q114437078,Q40035,Q114437078-8b9e3edd-4222-87df-9ad9-21a147044a0b
directors_3637,Q1144476,Q53834,q1144476-2EC882FB-1D70-4B54-9882-BF224427B93E
directors_3638,Q1144479,Q3312946,q1144479-548B9F38-46F8-4AA1-A413-7FCBEAE7BF83
directors_3639,Q114450800,Q116810437,Q114450800-d9eb0d5e-4e51-52b6-5335-009fc10fc74c
directors_3640,Q11446429,Q7446725,Q11446429-BB4E5BF7-B77E-4EFD-810F-4FBBD902928F
directors_3641,Q11447680,Q901470,Q11447680-4889EED1-AD1A-4B3D-9535-EAD380595464
directors_3642,Q114492769,Q18018415,Q114492769-edd16fa0-4201-0a96-eaf4-cbca8c6cbb43
directors_3643,Q114492769,Q20675767,Q114492769-cc642fc6-4998-e157-b0ce-5035c3882d42
directors_3644,Q1144954,Q4790469,q1144954-5473B23C-9135-4F02-8353-D11492423378
directors_3645,Q1144954,Q5724080,q1144954-8183397A-06E0-48B9-9BAD-03B22070E28A
directors_3646,Q1144967,Q133730,Q1144967-d725f606-4f5e-bf60-3477-eb23944a4b58
directors_3647,Q1144967,Q13455488,Q1144967-3623B70B-6857-4114-A737-8D9E0DCC7562
directors_3648,Q1144967,Q13595311,Q1144967-BBB5E9A6-EB97-4337-8138-0BF8544E9291
directors_3649,Q1144967,Q13595531,Q1144967-AD980647-E86C-41F6-AFAA-087ED0443E1E
directors_3650,Q1144967,Q202597,Q1144967-59fbb935-4607-174c-9d70-b58e4616ea09
directors_3651,Q1144967,Q2033788,Q1144967-ad6732f8-4105-e230-70e9-ff1788a4ef52
directors_3652,Q1144967,Q2071,Q1144967-ab7f786b-4b4e-717c-3fb7-c4f0cff1a3ef
directors_3653,Q1144967,Q212167,Q1144967-87e5f72e-456e-69f5-7ade-cea2639a8ce4
directors_3654,Q1144967,Q230448,Q1144967-489f8137-4ca1-e15b-cdee-5d06fdbd1f36
directors_3655,Q1144967,Q25100,Q1144967-8b4fdc3b-4963-c5ad-50ed-3a3436d497fd
directors_3656,Q1144967,Q25186,Q1144967-d989bc56-4994-b633-946f-8733f8a9115c
directors_3657,Q1144967,Q26372,Q1144967-4e0fdcbb-4b3a-8d8c-ff33-a47a07ab0d26
directors_3658,Q1144967,Q276186,Q1144967-e06c3350-44c3-172d-875a-96753e733450
directors_3659,Q1144967,Q295093,q1144967-05212D2A-BE18-467A-9DDE-04248F02095C
directors_3660,Q1144967,Q312611,Q1144967-de0039d6-4f2e-79d5-a718-6df806b2ca1e
directors_3661,Q1144967,Q315062,Q1144967-15db3392-44ec-4964-d49b-c045250c3f84
directors_3662,Q1144967,Q3361624,Q1144967-7B08218E-4E79-44DB-A0D1-46B45E261F02
directors_3663,Q1144967,Q43264,Q1144967-44dd2360-4c48-3a01-9737-8406c756b49a
directors_3664,Q1144967,Q435626,Q1144967-3e03e7d2-46c0-7325-c14e-44885520929b
directors_3665,Q1144967,Q458696,Q1144967-b7cff0fe-4d2b-7928-827d-b818b6a602c5
directors_3666,Q1144967,Q459299,Q1144967-f815d4a9-4274-e83d-881c-80c9e3e0dfea
directors_3667,Q1144967,Q474262,Q1144967-9f38601f-442f-b9e6-8e19-decf0e540a56
directors_3668,Q1144967,Q51552,q1144967-7EDC8C79-8BCA-4C51-B4EA-05FC9855ED95
directors_3669,Q1144967,Q550717,q1144967-1B8E8102-7D7A-44B8-BF95-7619EBE9B954
directors_3670,Q1144967,Q55168,Q1144967-dd4716a6-4d6b-040c-891b-d69cba114a7c
directors_3671,Q1144967,Q55208,Q1144967-102b5b3e-4bb9-9565-c603-8151230ff148
directors_3672,Q1144967,Q55210,Q1144967-3309e808-4212-9b11-d491-5ddc8f7fc1ec
directors_3673,Q1144967,Q55215,Q1144967-e21baab5-45c3-2a22-d8b0-e5e9f63e927f
directors_3674,Q1144967,Q55238,Q1144967-bb54b3bc-4a67-3a97-b3ff-b531c040259a
directors_3675,Q1144967,Q55411,Q1144967-53800d11-42fe-4534-1155-dc021dca527c
directors_3676,Q1144967,Q55422,Q1144967-228fb83e-445b-b551-c36c-abf8d4a15731
directors_3677,Q1144967,Q55430,Q1144967-d924ab78-459d-6015-db0d-4d3d7149af4d
directors_3678,Q1144967,Q55431,Q1144967-951e23de-4f1c-cba9-ee04-149311697789
directors_3679,Q1144967,Q577569,Q1144967-e6db3ec2-40c5-99d7-a163-837b7661f0ea
directors_3680,Q1144967,Q59129,Q1144967-2a20ea58-46fb-cbda-55b9-a1f6c81923c7
directors_3681,Q1144967,Q698710,Q1144967-a7d131a2-497a-b9af-c738-7fdae1445879
directors_3682,Q1144983,Q3018459,q1144983-BC58596C-0410-4D83-BBC1-A689D8EE8938
directors_3683,Q11451730,Q53834,Q11451730-FA2A42A5-B9DE-41EC-B8CE-58FF152497D5
directors_3684,Q1145275,Q55432,q1145275-66BCFDD0-D4A0-46DA-9336-CA98807B54B7
directors_3685,Q1145506,Q3876025,q1145506-3268FDBD-12F3-481F-9DBC-67B700E91A0C
directors_3686,Q114554516,Q17683010,Q114554516-28ee1fd0-440d-433d-9f68-42984d295eb0
directors_3687,Q1145740,Q738544,q1145740-383CF067-25BF-4518-B340-C35FAD9D11CE
directors_3688,Q114582419,Q11522302,Q114582419-b2ed843e-42d4-d8af-585c-f29a43ea4c5d
directors_3689,Q1145848,Q6213472,q1145848-3B1A567C-9D68-4620-966C-FA0A4E945E92
directors_3690,Q114589148,Q55294,Q114589148-101fe3e8-4118-b36f-6543-801dbbe472c4
directors_3691,Q1146110,Q463255,Q1146110-F4833F42-5F97-47AE-86A8-C0CBFB9595EC
directors_3692,Q114620212,Q684474,Q114620212-cc8508e1-47d8-6129-e063-c2108e5f5ad3
directors_3693,Q1146246,Q295207,q1146246-40C64149-26E0-4F54-8576-48F1E94807FC
directors_3694,Q1146296,Q1138881,q1146296-3E7037BB-75B4-418F-A42A-67034BD71B1D
directors_3695,Q1146345,Q1702754,q1146345-DEC4A52D-E67C-4CC8-863E-8AF9C401FF25
directors_3696,Q11464778,Q33129340,Q11464778-5f03ab73-4466-c241-4745-5b1a0df544cc
directors_3697,Q1146503,Q3106705,q1146503-6B9FDE49-E827-42CB-AF51-C117EC973FEA
directors_3698,Q1146519,Q816621,Q1146519-1680ecf4-4ea6-c821-12ea-0f7a8b70b877
directors_3699,Q1146575,Q1581762,q1146575-46D95B35-0EE6-45DA-940D-B8AB002B6B76
directors_3700,Q114670620,Q16208522,Q114670620-78d94994-4898-b1a5-9ca9-6b91dda944b2
directors_3701,Q114670912,Q25089,Q114670912-f9464ef9-46f2-78c7-648b-899bc7e64fa1
directors_3702,Q114703286,Q114703340,Q114703286-163e34dc-4850-3e08-a7a0-8db983b6a06f
directors_3703,Q114703286,Q114703355,Q114703286-505d489f-4816-66c3-525c-c8c67f185157
directors_3704,Q1147079,Q283178,q1147079-63BAA650-16EA-424C-A921-0034FB61FE44
directors_3705,Q114708739,Q78115833,Q114708739-3c3e48da-475f-9c08-918c-db1c850cb8ce
directors_3706,Q114713458,Q23416510,Q114713458-078C4672-A4E7-45BB-91BD-4C674300EDE3
directors_3707,Q114713458,Q24572162,Q114713458-ef576ad6-4c65-048d-44ad-463db97a4a9c
directors_3708,Q114725240,Q456675,Q114725240-4771c0ed-4fcb-daa6-6b8d-4afd61f088a1
directors_3709,Q114730010,Q256395,Q114730010-7d18f7f4-4992-d9cb-b05d-dd3833945021
directors_3710,Q114737570,Q124717857,Q114737570-4e3478be-4620-512e-7fc5-eadfbe49ade2
directors_3711,Q114737570,Q95105012,Q114737570-18eb0fb1-412e-17ee-446b-73c275f79a09
directors_3712,Q114740513,Q3696452,Q114740513-6f4a9a75-4164-f762-4e8d-0f652d8f242d
directors_3713,Q114754068,Q1494859,Q114754068-fef84b09-47a7-a589-8551-e1a22434a2b4
directors_3714,Q114766504,Q114766151,Q114766504-ad9266bc-4775-a8aa-d7a7-d341021c6611
directors_3715,Q1147689,Q936866,q1147689-9EFD6B27-ABAB-4E62-8119-7B0C126D6CEB
directors_3716,Q114797123,Q59054839,Q114797123-600c9d69-4874-dcc3-43be-9c4096e1aecc
directors_3717,Q114798301,Q65948566,Q114798301-b2d87167-4f17-3289-cca1-43cf6e2dccd4
directors_3718,Q114802043,Q60351348,Q114802043-F59D19CA-D184-441A-9072-AEE85082043A
directors_3719,Q11480962,Q11549838,Q11480962-D20673A5-4160-4765-A4BC-1756D8177256
directors_3720,Q11481561,Q114917867,Q11481561-CFD3978E-A527-46FE-B677-A82A4B0F77FD
directors_3721,Q1148157,Q1573078,Q1148157-5F203A11-C124-43DA-B1FF-84B43F61C489
directors_3722,Q114817050,Q1702754,Q114817050-6AE3EEBC-093C-41A9-A969-8348B900D275
directors_3723,Q1148185,Q610764,q1148185-B1ACA753-6955-4DC8-87B9-6410CD5BFD09
directors_3724,Q114818951,Q465139,Q114818951-743953ad-49fe-1846-9911-3e0317f42e24
directors_3725,Q11482037,Q36797276,Q11482037-744deae1-4efc-936a-94bd-e17e55a0e7fa
directors_3726,Q114828128,Q18633965,Q114828128-C634DD10-2097-4F53-8319-CF084736194B
directors_3727,Q114841148,Q112209036,Q114841148-c398cf6f-4a1a-1e7d-2c1e-49ab0bc6ec14
directors_3728,Q114843114,Q543563,Q114843114-AF785651-5741-4071-AE97-F7464CDB5103
directors_3729,Q1148499,Q503966,q1148499-E6CB4207-00EE-4015-9455-9BC5E9F062F2
directors_3730,Q114870304,Q117881640,Q114870304-41E57AE1-8D32-4402-BBB3-9F267278A5CE
directors_3731,Q1148704,Q274812,q1148704-5667CC8E-5616-449C-B3FD-A55A8B4D3FE9
directors_3732,Q114876737,Q1678831,Q114876737-332f9511-4a6c-92a8-e468-86224aa2c4a6
directors_3733,Q114901506,Q7440964,Q114901506-16ff210d-40d6-aa8e-7e39-99c85dfab168
directors_3734,Q11490649,Q1749267,Q11490649-033D0F96-06D3-4B5D-B0A8-B0E867DB5F41
directors_3735,Q11491842,Q3134110,Q11491842-43B329F3-0C1D-42C2-80D2-0828E2D2E8CF
directors_3736,Q1149253,Q3470620,Q1149253-7447791F-6D02-4B37-9A8D-B0917217D529
directors_3737,Q11492725,Q1138078,Q11492725-03957F5E-3387-4918-BD7D-85CFBCBA6C82
directors_3738,Q1149368,Q29530253,Q1149368-C65DB39C-448D-416A-9A47-855006C0A1C3
directors_3739,Q1149717,Q3897544,q1149717-93F48E6E-E899-4A3C-8917-3598632215BB
directors_3740,Q1149916,Q106709,q1149916-95E07ACA-E3E3-484A-9D68-197CEEB0D5C9
directors_3741,Q114992967,Q89004053,Q114992967-91058c13-491f-934a-dcbb-8955a102b5a1
directors_3742,Q115010349,Q2092899,Q115010349-15f0df56-411f-ba71-e363-18b603d45c92
directors_3743,Q11501089,Q616410,Q11501089-4349B8F4-0959-4046-A27F-A53D16D8507C
directors_3744,Q11504814,Q2463840,q11504814-dcff016a-9c69-447e-89f4-7052ce513a0a
directors_3745,Q1150496,Q61951290,Q1150496-63E7FEA1-E21C-4F4A-B1DA-A16556172144
directors_3746,Q115053037,Q1052320,Q115053037-b452f69f-412e-6d3b-2fcf-b7c8ec5bf755
directors_3747,Q115056225,Q115056369,Q115056225-ff9ed1e2-4024-90b9-f346-a5e7a1367726
directors_3748,Q115056225,Q95655558,Q115056225-40e20418-470f-d527-d670-ec61e3348a1f
directors_3749,Q115057826,Q978649,Q115057826-6dde7f3c-46a3-695a-5c69-c46c895516a5
directors_3750,Q115063248,Q115063302,Q115063248-cbf954d3-422a-2e67-b9cf-5ef9ae4e42e4
directors_3751,Q1150713,Q51566,q1150713-BC801A61-D3D1-4747-9798-6C283591C667
directors_3752,Q11507965,Q117845409,Q11507965-4862C9EA-B8BC-46FD-A66B-429EB7502ACA
directors_3753,Q1150919,Q1052320,Q1150919-3C331662-EC1A-4880-B601-1BB508381D21
directors_3754,Q1150930,Q6273046,q1150930-3ca26980-44a6-9f72-676b-cf2e10810c1d
directors_3755,Q115115152,Q193628,Q115115152-939872f0-4e29-43a9-05e9-54dce96f61f2
directors_3756,Q1151211,Q177448,Q1151211-26177A0A-CCBF-401D-941C-6BBFAB6E9F29
directors_3757,Q11513332,Q3297121,Q11513332-56EFE808-E14F-4EED-ABC5-51FC71B0D609
directors_3758,Q1151515,Q11439009,Q1151515-8927D76D-A622-402B-8023-C4A74715FB95
directors_3759,Q11515581,Q7105680,Q11515581-83d50671-46f5-5046-6348-8d08824a21d4
directors_3760,Q115157857,Q127444285,Q115157857-52584958-4f7a-4878-36a1-23a3803b380e
directors_3761,Q115175910,Q56094,Q115175910-71911e77-4b66-29f9-766e-c6bfa7876376
directors_3762,Q11519254,Q2363924,Q11519254-20898F41-4D3E-4373-BF0A-B7E3146B4718
directors_3763,Q1151947,Q223687,q1151947-FD8DCD90-2FEB-4774-9439-8D4EDBE7A02D
directors_3764,Q115206625,Q7360826,Q115206625-9a26c00d-417c-8224-e896-7fbd22ff05f2
directors_3765,Q11524787,Q1261335,Q11524787-C8F6F3CD-75B2-4F81-9814-079875723F80
directors_3766,Q1152485,Q960141,q1152485-C58FF2DC-00BE-49C5-A1D5-6E1B8B89B5A6
directors_3767,Q115252362,Q5107263,Q115252362-5180ebde-419a-cfeb-eeb2-f7c1ed2e25e2
directors_3768,Q115253043,Q19864564,Q115253043-d0738382-486f-de46-dd05-1f3edb01a4c2
directors_3769,Q115254112,Q117862996,Q115254112-259426A3-A85D-4C03-8825-2165AEEDAE0D
directors_3770,Q115269607,Q79003,Q115269607-9f1d0894-4bfc-785d-f234-73ed1b92d202
directors_3771,Q115270931,Q18608546,Q115270931-7eb1d28b-40bd-8932-2abd-b27de2395d67
directors_3772,Q115272577,Q17639627,Q115272577-d61f9d0e-4ba6-02cc-aa00-bb99c279b163
directors_3773,Q115283311,Q123469344,Q115283311-1687ac10-4a10-2458-8572-7b60b2bd9538
directors_3774,Q115323918,Q3615357,Q115323918-236dd6bb-4092-67dc-7920-dd813b4beb02
directors_3775,Q11533494,Q1316131,Q11533494-4D2247B3-DA54-4E6C-8ADC-161AA1E1673E
directors_3776,Q1153431,Q185421,q1153431-EC420CA3-8A60-401B-A1CB-F7B329B35D06
directors_3777,Q1153451,Q89870,q1153451-0c0cee42-483f-e121-0f17-e92a44a0392a
directors_3778,Q1153505,Q295912,q1153505-AECDDCC0-8E28-4274-8930-07139A294DDF
directors_3779,Q1153586,Q113740362,Q1153586-5C779269-303F-471C-A9EA-15772CB46E98
directors_3780,Q1153605,Q557546,q1153605-F6379835-B884-4AB3-B3F9-9AE634890433
directors_3781,Q115367024,Q446580,Q115367024-35347f52-48bb-5207-e25b-10d87be305d1
directors_3782,Q1153792,Q1346651,q1153792-70453607-6CD2-421D-95C1-25670672C5EB
directors_3783,Q115380,Q2478406,q115380-6E1EF315-2260-4038-9A41-4DC728098D01
directors_3784,Q115385,Q374678,q115385-BCD08EC2-F5E5-4D5F-A6D4-333692DCE070
directors_3785,Q115394,Q113119050,Q115394-0AC0858A-FAB2-4F5F-BC27-9B4922C03C64
directors_3786,Q115405596,Q68079608,Q115405596-6660fdba-40df-af09-3eaa-9aa07c507a84
directors_3787,Q115406426,Q6758304,Q115406426-e246f1b3-4f09-22f2-e6e6-782553dcf406
directors_3788,Q11540987,Q1138125,q11540987-4d7db470-4519-f30e-62e6-233a9c66f2c8
directors_3789,Q1154108,Q262608,q1154108-7B07236C-D610-4CAA-9AE0-D5DADBE3091A
directors_3790,Q1154156,Q459299,q1154156-C1D43483-58EE-4B30-8632-32B3F9AC4E08
directors_3791,Q115424373,Q115424430,Q115424373-012ec672-405d-d3d0-c169-38cd0efee06f
directors_3792,Q115431079,Q96184718,Q115431079-f468b41c-4597-7bcc-b4ba-71e39592bff9
directors_3793,Q115454224,Q27990623,Q115454224-bd538f19-438b-c44a-1eed-483ca1fc8bb0
directors_3794,Q11546925,Q113585894,Q11546925-7192246B-E4EF-4C48-B495-38748C9F8D69
directors_3795,Q115474889,Q1114465,Q115474889-5CB4CBED-9283-4CC9-972F-63588D3D9C1C
directors_3796,Q115475553,Q21032133,Q115475553-54325364-E8E5-4AF9-8E6E-3A92B1668488
directors_3797,Q115478009,Q66816439,Q115478009-DAC7E7DF-6788-4C23-B8A6-3FC41767D858
directors_3798,Q115478286,Q104217628,Q115478286-C59693E4-1A41-48E2-A7CB-217FC1C0DAE4
directors_3799,Q115478490,Q22958170,Q115478490-A5F3E00E-80E9-488E-8178-D15D24B8AD97
directors_3800,Q1154789,Q7781424,q1154789-35C1E284-71E8-4318-BCCC-6C045D7A1EA1
directors_3801,Q1154898,Q114774886,Q1154898-456FD234-8A4C-4D00-BB37-16E3317631ED
directors_3802,Q115494676,Q3490844,Q115494676-fbe3ef3c-4078-f62a-dda7-bae3a7517f2d
directors_3803,Q11550375,Q1052320,Q11550375-AB63AA70-4AD5-41B7-9788-656C97D56E76
directors_3804,Q115516638,Q7777218,Q115516638-05102a54-4dc7-ce86-10a3-148777331067
directors_3805,Q115517575,Q115517626,Q115517575-7e39e4af-4fde-2ca1-44a6-9260fc126223
directors_3806,Q115517901,Q208590,Q115517901-96ba8fca-45b6-541b-3241-2397f6041609
directors_3807,Q1155354,Q106374617,Q1155354-82637293-9A99-4BF1-AF2D-2560BCBA837F
directors_3808,Q1155695,Q55431,q1155695-D94AEA6A-A8BA-4CC8-B2B0-09F0C7188775
directors_3809,Q1155811,Q14632114,Q1155811-3EE33F8F-3297-4806-8BB3-FCA8DDEF4750
directors_3810,Q11559467,Q276269,q11559467-41BC5D6B-7A64-4690-A66D-8C546AE01111
directors_3811,Q115597,Q369424,q115597-D64B4113-B87B-451E-92EC-77C4DE6FF454
directors_3812,Q1156078,Q3453777,q1156078-30403ECF-7222-4D08-B12D-9034B12278AA
directors_3813,Q1156089,Q3476760,q1156089-807E0D56-2A4E-4C68-92E0-0E4C9C22888E
directors_3814,Q115608955,Q116273651,Q115608955-44208282-B1E1-4CD8-8637-7D92DCC8A42E
directors_3815,Q11561457,Q616943,Q11561457-F04F1BC4-634D-44AD-B7E5-807D4B34B8D0
directors_3816,Q115616116,Q706475,Q115616116-8ae58dde-4c73-2055-eab2-f6ab3f7adbc4
directors_3817,Q11561725,Q3055559,Q11561725-9DC2F3CF-FFC0-4FC9-A7AD-EC6936235E40
directors_3818,Q115624081,Q7720589,Q115624081-F6BE7EBD-C4DE-41A9-858F-8D5A241BD2C3
directors_3819,Q115631553,Q58122376,Q115631553-d3e5b301-4b75-452f-19fe-aef3654d3904
directors_3820,Q1156365,Q27062979,Q1156365-3F27BD7A-7C76-4CF4-B63B-D39C3B7FDAC0
directors_3821,Q1156495,Q198567,q1156495-5C70814B-24E7-40AE-A7A2-D075E23DC95D
directors_3822,Q115650548,Q64138375,Q115650548-d6440eb4-4293-5d97-0f32-73842a414154
directors_3823,Q115652319,Q57167212,Q115652319-1fede13f-4bc9-9556-8c2a-0aec961acbea
directors_3824,Q1156530,Q16240716,Q1156530-2E30F70B-8F1A-4883-BE19-620E7A192EFC
directors_3825,Q1156615,Q3919467,Q1156615-71934b3d-12c1-4a15-a199-028c1b1f398b
directors_3826,Q1156648,Q183141,q1156648-F4D59F4B-1F5D-475A-9C0A-5D2891058531
directors_3827,Q1156694,Q1257026,q1156694-6D29751D-1497-4FBB-BEF2-F3EEE773134B
directors_3828,Q115676246,Q113995842,Q115676246-e10a582a-4a98-c923-af62-6d9ff2b24580
directors_3829,Q1156769,Q179463,q1156769-CC3E5521-D9D0-466C-9C9D-AEF041B04700
directors_3830,Q115679705,Q65948708,Q115679705-c436d885-45e9-0380-ff68-23cd57e22049
directors_3831,Q1156830,Q18558,q1156830-6524B88F-E308-4DE7-BC90-64EB7BB07932
directors_3832,Q115686,Q2665374,q115686-534747F1-A71D-4B98-8D61-E44EB6836174
directors_3833,Q115691326,Q116214770,Q115691326-977736C1-02C0-4C42-B005-6A8E474F8631
directors_3834,Q1156971,Q202735,q1156971-3C590B2E-74E2-4B22-84CE-7B922EE348A8
directors_3835,Q1156977,Q686301,q1156977-4ED148B7-2322-4E76-A656-1C196E3D9D98
directors_3836,Q115697972,Q262495,Q115697972-5B62F72F-84FC-4B29-A3D3-B17D7CFD2AE9
directors_3837,Q1157039,Q29046040,Q1157039-7ad3b66f-4480-0952-c067-0eb6856d2645
directors_3838,Q115705869,Q101162580,Q115705869-49a15610-4ce5-db41-a807-721c5c89f6b4
directors_3839,Q115706415,Q73482850,Q115706415-9aa5c12b-0bc5-439b-a648-a34af47b3036
directors_3840,Q115707175,Q118564960,Q115707175-2c9572c1-46f5-09f8-ce51-6a2c7c42f31b
directors_3841,Q115707860,Q3418802,Q115707860-D33CFC7F-EAF1-4217-B55D-9286D81C2453
directors_3842,Q1157117,Q62018690,Q1157117-a86b9d44-4a3b-0111-6d46-72e313b5b4f1
directors_3843,Q11571246,Q55397,q11571246-711853FD-B935-433A-8377-70A37660D071
directors_3844,Q1157177,Q1318058,q1157177-30B994A5-E268-4ECD-9125-05133739EB0A
directors_3845,Q115730135,Q116273457,Q115730135-478AE045-68E2-47AC-BC48-A8FF2BEFE2BD
directors_3846,Q11573118,Q11397495,Q11573118-D115A8CE-439D-4E74-AF11-76D021EEFEC7
directors_3847,Q1157372,Q1346651,q1157372-72DB980F-3D76-40FA-B9D7-59978F1993C8
directors_3848,Q115743067,Q95742520,Q115743067-edae3ef0-4a9f-c088-9bb6-d76bab21341c
directors_3849,Q11574347,Q1343099,Q11574347-91FCDAD3-8B79-4005-9392-952E3B41FAE3
directors_3850,Q115746231,Q23068098,Q115746231-3d8613dc-4fd2-db74-ad23-e4a35336b6ed
directors_3851,Q115749,Q636817,q115749-2EB570B1-F082-4198-A487-3253C722FB4E
directors_3852,Q1157491,Q3018150,q1157491-9E60A7AE-5757-4307-992D-C29AAE8C35D6
directors_3853,Q115756264,Q18608546,Q115756264-f6c71c9a-46de-d03e-bba6-7b1fc688bb35
directors_3854,Q115760,Q1306771,q115760-B84B0D82-C401-4DFD-B1B8-2AD86B296A8C
directors_3855,Q115766625,Q1091339,Q115766625-fcc71377-422a-d2ad-8102-fe98d1ac25ac
directors_3856,Q115774787,Q1592579,Q115774787-810e4ecd-4ce0-0282-aea6-472f2d936aff
directors_3857,Q115776,Q6242435,q115776-E760C222-7183-4F20-B77B-D7ECF2DEA1DA
directors_3858,Q115776420,Q6120030,Q115776420-A1AE4276-C515-4445-AADE-ED61E7F7BC3E
directors_3859,Q115778678,Q27949038,Q115778678-1A616C2D-41B5-4E1A-84AF-F8128FEC2CC3
directors_3860,Q1157789,Q513751,q1157789-A64168B5-C226-4E05-96BF-F8769BD50C2A
directors_3861,Q115778970,Q130698752,Q115778970-23530D69-C278-472A-84E3-6D5C4EF547C7
directors_3862,Q115780498,Q64786986,Q115780498-8434a390-48f4-8345-6a61-abe2ccf3166d
directors_3863,Q115789958,Q56005,Q115789958-5b39c00b-417a-b075-ee85-597e03c880a5
directors_3864,Q115793954,Q115166502,Q115793954-DAE6C9BA-40D7-4A8C-BF9B-447047131FD9
directors_3865,Q115802643,Q123019168,Q115802643-2e0d40b1-42e0-9518-d851-b4dc169f2cc2
directors_3866,Q115802711,Q97658217,Q115802711-25eeb9e3-4c4a-8a21-43f7-4a503b05a86f
directors_3867,Q115803623,Q85186106,Q115803623-38AD1A99-450C-4CD0-ADDF-106011C632FD
directors_3868,Q115804212,Q123020441,Q115804212-6046f745-461d-374e-76d6-a8bce01b58d6
directors_3869,Q115804316,Q63567753,Q115804316-e9fc4884-40e7-7465-0ced-cd72e377e6d4
directors_3870,Q115804316,Q63567755,Q115804316-48b22374-4c2b-36d2-05e1-97dc2ec27181
directors_3871,Q115804585,Q85487,Q115804585-0B545830-33AE-4211-82DD-67E3B54DAAC4
directors_3872,Q115804693,Q5664461,Q115804693-2EBB044A-044A-43E5-8712-A7545C48A4F7
directors_3873,Q115804754,Q2228099,Q115804754-310BBB81-E309-466D-BC87-C8B9A94A0A22
directors_3874,Q115804772,Q118504431,Q115804772-81cd2242-4321-7c72-fcb3-3444fd052b80
directors_3875,Q115804877,Q3453777,Q115804877-39588891-47e1-01e1-530d-7c8017d75578
directors_3876,Q115804877,Q4766862,Q115804877-c8386a4f-47d2-4aaf-ca19-db9a3f2cfc64
directors_3877,Q115804896,Q114898471,Q115804896-b2f8564f-40dd-cd7b-21d9-e467eef3f129
directors_3878,Q115804973,Q116272707,Q115804973-FA76B4F8-0EEC-46E2-99E3-21A6E6F4911C
directors_3879,Q115804973,Q116272709,Q115804973-54226564-B32A-468A-B6C7-8D5496AC3078
directors_3880,Q115805098,Q85186106,Q115805098-608BC951-FE22-4E3E-B095-CCB5835F4988
directors_3881,Q115805300,Q114886955,Q115805300-BC9CB66F-835D-4A8C-A919-0CDDFA7BC330
directors_3882,Q115805331,Q4725976,Q115805331-455b44c1-4668-7443-ba3b-3f2e06f64379
directors_3883,Q115805392,Q269692,Q115805392-6f4d0472-41b1-cc61-f99a-6cc0613ce6cb
directors_3884,Q115805531,Q120478268,Q115805531-F63B73CF-EB12-43A9-AED3-557080A9D172
directors_3885,Q11580665,Q11316214,Q11580665-4D04112B-CFA9-4854-8AE5-995297ED36B2
directors_3886,Q115812690,Q115492151,Q115812690-def9c153-4390-63c4-8078-6b67e497cd67
directors_3887,Q11582956,Q969501,Q11582956-33AC67BB-BCA9-408F-AB14-230E8BB81047
directors_3888,Q11584725,Q18605719,Q11584725-7e752d93-4298-7165-464c-bd746ac2b8ca
directors_3889,Q115857642,Q123019486,Q115857642-3bad787c-4a29-7369-98ad-87c43cae3ce8
directors_3890,Q115859045,Q238638,Q115859045-66E8AAB1-C1FE-4BAC-9BBF-0DEA53C8782C
directors_3891,Q115859490,Q15453979,Q115859490-c895d387-460e-4f4d-2247-5ee1693d2268
directors_3892,Q115860236,Q192990,Q115860236-891c8610-4259-3b7f-d252-67c7b23eed10
directors_3893,Q115863234,Q12333954,Q115863234-167c9607-48f9-32a2-86ef-791ab9e99f77
directors_3894,Q115863234,Q4580381,Q115863234-7a9060b9-476c-0e62-0edf-2824ee53b73c
directors_3895,Q115866950,Q4717719,Q115866950-A5110CA4-6EE5-4DF9-BD26-0BCBA819413D
directors_3896,Q115890,Q6204424,q115890-B8DB8976-8A30-4C2C-A348-AA2F340687DF
directors_3897,Q11590729,Q11620423,Q11590729-26FFEA58-008D-4849-AED8-7F3A3B641072
directors_3898,Q115917655,Q357183,Q115917655-bdde2a93-4049-28b4-7f2d-8c419a4578cb
directors_3899,Q115917763,Q5664461,Q115917763-202145DB-7BD2-4D94-A999-BD57F6747430
directors_3900,Q1159199,Q2001087,q1159199-BA59042B-2159-4E7A-A5FA-AC750B83F42C
directors_3901,Q115921491,Q17063823,Q115921491-3b6a0aa2-412a-afa9-c58d-bb47d739b61f
directors_3902,Q115925854,Q3107133,Q115925854-8A8DBDE8-5A59-460A-A920-EA0584EF5970
directors_3903,Q115929234,Q22089224,Q115929234-f5f8697a-4b5a-69d8-c051-840d39343805
directors_3904,Q11593,Q51489,q11593-601910BB-1674-4171-AD57-24F7E3D0607E
directors_3905,Q115931717,Q621818,Q115931717-4b3b6ff8-4e5b-1ed0-fdbd-bbb8831b5be8
directors_3906,Q115932544,Q5439920,Q115932544-3614653b-462b-4357-096a-57543329e1e9
directors_3907,Q115932556,Q6514075,Q115932556-3dd092a1-42f8-f263-477a-3d6405683be3
directors_3908,Q115939694,Q5657942,Q115939694-842E6C0E-6DD3-4967-943F-3A740DE017AD
directors_3909,Q115939924,Q2399329,Q115939924-db90410d-42a4-dd6c-048a-b8069880b5c8
directors_3910,Q115945757,Q130525579,Q115945757-47C71D0A-4CE4-4E74-ADAC-7E8325DA6586
directors_3911,Q115945757,Q130525866,Q115945757-CCF56D51-D466-4CE6-9447-C5AE6A8CBC19
directors_3912,Q115945757,Q130525869,Q115945757-7349932E-F4F5-41D4-973E-54250B09280D
directors_3913,Q115945804,Q2737207,Q115945804-1C2804D0-0FF9-4902-879D-4C49B0D01359
directors_3914,Q11594619,Q7088303,Q11594619-F57CE7C7-9687-409C-BB0E-BBB6874DCE2A
directors_3915,Q115953030,Q12008321,Q115953030-ab6a353c-474a-0b23-619f-bd6a7f0b1c1a
directors_3916,Q11597591,Q11330,Q11597591-C52D3AFC-BEBC-409D-9736-FF50F71F55AF
directors_3917,Q1159835,Q66774,q1159835-9C2C3A08-1578-46A3-B05F-F263C4F1B63D
directors_3918,Q115993,Q2719725,q115993-0EA4FA8E-C545-49E5-BAD9-76355181EBE8
directors_3919,Q115993222,Q1703182,Q115993222-F37C8598-0395-4727-BD72-2E227E90F401
directors_3920,Q116004008,Q116821226,Q116004008-f00aa6be-4421-4c34-af02-88410de98cf6
directors_3921,Q116006544,Q115990128,Q116006544-f646dd0c-4724-eaad-660a-a0a7fd36579b
directors_3922,Q1160173,Q5252995,Q1160173-75b707a4-4ef2-7818-563a-c8a11f1f7811
directors_3923,Q11602165,Q266535,q11602165-06d0e9ca-4725-451f-e55a-7dee18887435
directors_3924,Q116025865,Q116286260,Q116025865-455565ac-41b4-4433-afd4-f510b39e5ef2
directors_3925,Q116026065,Q133821115,Q116026065-7cd20fb8-4c21-4082-6e11-cc424f9fa1d3
directors_3926,Q116026065,Q134456507,Q116026065-97a16b7d-467b-6b97-c05a-3b3a730937bc
directors_3927,Q116026065,Q5954429,Q116026065-c05eedce-4e17-bde6-7fd1-d31fdf25716a
directors_3928,Q116027468,Q124302657,Q116027468-4794f7b3-4700-7917-2c02-7d0e5828fa9b
directors_3929,Q116029515,Q1581762,Q116029515-7EEA1F58-0252-4BD6-B858-E90080E04FDB
directors_3930,Q116030637,Q51808923,Q116030637-A9726C69-8EE9-407C-96E5-D3385A87098E
directors_3931,Q116032513,Q20743073,Q116032513-d2fde352-44c3-3466-3b26-98816c94cc87
directors_3932,Q116032682,Q3527989,Q116032682-68b7f8cd-47d3-39ab-15ed-a288808efea5
directors_3933,Q116033451,Q3195962,Q116033451-3fb40479-4437-8440-d88d-bdd218577720
directors_3934,Q116044657,Q116273114,Q116044657-2F249BB7-9DEF-4F3C-B974-8504426D9660
directors_3935,Q116051269,Q3893914,Q116051269-CFD2723C-D903-4D51-B979-E6252E7DA31B
directors_3936,Q11605131,Q16078783,Q11605131-316BAFA7-BF77-4B51-A159-48B6FEC87E7C
directors_3937,Q116051323,Q135069161,Q116051323-B6524D4B-C762-401D-96FE-C5DB12DDD299
directors_3938,Q116051566,Q18541594,Q116051566-40f9c1f9-4305-5faa-6d03-319f05e33718
directors_3939,Q116054476,Q116857665,Q116054476-ec6b6b37-4bcf-23e8-70ac-2e22968282c0
directors_3940,Q116055747,Q432655,Q116055747-9CD92403-03CF-4340-881B-CFF8C726821D
directors_3941,Q116059419,Q433910,Q116059419-b0f04e42-44de-5caa-ce13-bdb2aed03b28
directors_3942,Q116060384,Q5262121,Q116060384-25c39ee6-7ea8-45e3-8d84-d16d33b1fe36
directors_3943,Q116060672,Q12958465,Q116060672-ea14ed25-cd99-445e-b592-078aa41a9edd
directors_3944,Q11608679,Q5209126,Q11608679-6C05A493-35A9-4C3F-B303-905D02CB4851
directors_3945,Q116117399,Q116115387,Q116117399-3cbe96c7-48e6-33c7-c61a-d664de50723f
directors_3946,Q11613749,Q8062226,q11613749-93B13A71-A4AD-4D2B-B5D0-0C3F4A11E42D
directors_3947,Q116141839,Q31457428,Q116141839-4D458812-61FE-4CBF-8351-A267199AEF65
directors_3948,Q116141854,Q12325636,Q116141854-4F35822C-62AD-4691-BDF2-7EAFDAECD137
directors_3949,Q11614318,Q232470,q11614318-e5c9eea1-4892-5f61-43b5-58b6f200e4ce
directors_3950,Q1161435,Q62480336,Q1161435-756d3235-4699-806c-5b0c-260da7f84761
directors_3951,Q116152472,Q2778106,Q116152472-4cc0e12f-480f-213d-ebef-60f83e872ca8
directors_3952,Q116152472,Q74428,Q116152472-31ef91d6-49cf-04a1-339c-4a37240d725a
directors_3953,Q116158209,Q16259224,Q116158209-6e907100-4c8e-7a37-984f-b04d580c3035
directors_3954,Q116171,Q83487,q116171-449CB4C4-6E7D-4183-BBDC-9B76B8AB0567
directors_3955,Q116171325,Q114913746,Q116171325-A9977C93-0BF6-4488-A183-9CAEDA108586
directors_3956,Q1161718,Q6236562,q1161718-D523FE51-CFD5-4B21-98A5-B00459D953E0
directors_3957,Q116172596,Q6058727,Q116172596-5a942183-41e2-0f22-8373-54cc5f378d0e
directors_3958,Q116172721,Q73985338,Q116172721-83483e83-41a1-67b0-b6c5-41424e462a37
directors_3959,Q116172809,Q73985138,Q116172809-9f56af22-4473-4324-7c39-edd3b7b00c90
directors_3960,Q116177256,Q24934304,Q116177256-ae8eaf50-4ceb-425a-3409-679cab5eafe9
directors_3961,Q116178605,Q171525,Q116178605-009cac53-4ebe-d59b-84e4-afee1369fdd6
directors_3962,Q116178692,Q81854441,Q116178692-D76042B3-9DEF-4EA0-AB5C-6D86A76DE804
directors_3963,Q116188841,Q5657942,Q116188841-91315555-08A0-449E-87F9-92C2B2C163B3
directors_3964,Q116196894,Q123019688,Q116196894-5f2adae1-4478-5318-b7bc-96b0db77bd23
directors_3965,Q116200952,Q117862928,Q116200952-AEEDC1BD-54C4-464D-883E-82189FDB6C7B
directors_3966,Q116202220,Q51754668,Q116202220-acc8aa9e-4aa2-e8d6-9791-c67192d2ea0c
directors_3967,Q116205406,Q6108366,Q116205406-c1e68f4c-431a-cf1e-8593-4eeb1a2b96fa
directors_3968,Q116207773,Q70761636,Q116207773-23d1fb72-490c-08bd-5f43-4527d8ec94be
directors_3969,Q116211698,Q5065756,Q116211698-a63a1327-42ec-80a5-0cf2-e2bac8423094
directors_3970,Q1162297,Q6040613,Q1162297-EB689D9F-870A-48F7-8079-2B8092FEEDBE
directors_3971,Q116235,Q334242,q116235-1E630774-C8FE-4DA9-BF0D-ED3D84C15F57
directors_3972,Q1162380,Q17106795,Q1162380-8DEF7C30-E40D-41B6-8F69-BAAF2855368A
directors_3973,Q116246102,Q2568123,Q116246102-84f2ae15-435a-6fa0-a575-6ada8bc3fd9f
directors_3974,Q116248133,Q53010,Q116248133-4a914bd8-4f36-fd07-8237-d031829cee0a
directors_3975,Q116251270,Q19312263,Q116251270-00c14b96-4d36-e5d5-2c15-1ed8d2563b1e
directors_3976,Q116257216,Q116257210,Q116257216-9c354052-4b3e-5080-0e1c-e73100217aa1
directors_3977,Q116257424,Q67701,Q116257424-A8543445-8FB3-4354-8089-EC09A0220766
directors_3978,Q116258185,Q22987973,Q116258185-96131310-4eaf-545b-29a5-83996f056d95
directors_3979,Q116265668,Q11977967,Q116265668-49231fe6-4402-04b4-039a-e56f9bbad0f8
directors_3980,Q116267626,Q113547602,Q116267626-ae29b375-4d8f-d4cb-8173-59443bde157e
directors_3981,Q116269859,Q117862382,Q116269859-5D5B49D1-A054-492D-9A89-186903A5CD70
directors_3982,Q116272026,Q22279518,Q116272026-d4a48b29-4d14-fafa-eefa-76bc298c97f3
directors_3983,Q116279674,Q19877654,Q116279674-09c61444-4cea-a34f-57f6-3d43f497facb
directors_3984,Q116279674,Q3050881,Q116279674-3fa480bc-4241-f840-28b7-36298c6defbc
directors_3985,Q116298787,Q10304360,Q116298787-90568cd5-44a6-720c-25c6-198923e594b4
directors_3986,Q116298787,Q10363698,Q116298787-8230b951-49b4-2a49-441f-efddca25b511
directors_3987,Q11630083,Q113365816,Q11630083-336C7E28-68BF-40FA-98E8-FA7272D95B30
directors_3988,Q11630083,Q113365817,Q11630083-4F83A01F-A927-4AC3-BF47-5BC73147D75A
directors_3989,Q1163010,Q2069891,q1163010-77B82A90-1F3C-468E-829F-89E429098A0D
directors_3990,Q116313171,Q105729514,Q116313171-dccdf1bd-4149-c1b6-0e25-0e62cb103aee
directors_3991,Q1163389,Q1892607,q1163389-53BCF4F7-E296-4408-8B16-D4C369858446
directors_3992,Q116339993,Q3573881,Q116339993-3f92ea51-46be-b961-ea39-e7a6775197be
directors_3993,Q11635165,Q6426234,Q11635165-9DA910A2-F008-4DD7-A0D4-9D4354B85034
directors_3994,Q11635194,Q11316214,Q11635194-0E33169B-07AA-4527-9978-F07EADB06416
directors_3995,Q116352448,Q60189101,Q116352448-7504992b-418f-a2da-ca72-81ccafdeba7c
directors_3996,Q116361132,Q20826736,Q116361132-b559e99b-4f7e-c51c-fa94-11990843a13f
directors_3997,Q11637150,Q11240903,q11637150-48b59014-4b7d-923e-f588-f3c87343da4a
directors_3998,Q11637607,Q901470,Q11637607-D19DCB35-B780-47EC-BDC2-2B9441604C89
directors_3999,Q1163943,Q25186,q1163943-0052E9A1-069F-4027-BB95-BAB596F4714E
directors_4000,Q116431367,Q116447901,Q116431367-2E0BCDCC-6223-4423-9CF6-3CB0417FC9EE
directors_4001,Q116431968,Q462078,Q116431968-96c4833d-41af-e4da-5d12-a3e87d2d9e07
directors_4002,Q116442637,Q16000026,Q116442637-2a5c1049-496b-68a7-08c5-6af3345b53b2
directors_4003,Q116442876,Q332998,Q116442876-35651af1-493a-896d-255c-42f258f7c564
directors_4004,Q1164493,Q1335855,q1164493-C05C2008-91D0-44FF-9F47-FA7C44F2B1F6
directors_4005,Q116457530,Q58479035,Q116457530-f7172eeb-4042-f071-e3d9-7f624afab516
directors_4006,Q116465881,Q84599463,Q116465881-d106074c-4a33-6219-401b-ee3c11434b56
directors_4007,Q116469813,Q484615,Q116469813-2b17be65-4f2d-a1ab-1467-c7694a7ebad9
directors_4008,Q116470610,Q1379066,Q116470610-f603163c-4dbf-cf55-f1a5-95105731b865
directors_4009,Q116470707,Q18519749,Q116470707-446055b0-40b2-c44d-56f7-d6a82d59dfcc
directors_4010,Q1164714,Q1298451,Q1164714-7398CFD6-E230-4B3C-BD6D-6A05A21D035D
directors_4011,Q116471793,Q116471796,Q116471793-82c8f3e5-4101-5bdd-79ea-b56e70875536
directors_4012,Q1164740,Q349842,q1164740-5EA76195-D8EE-422F-A829-385BBDAC1C05
directors_4013,Q1164753,Q1356738,q1164753-1DC1D57F-AFD4-4236-9099-DC9A2F7178E3
directors_4014,Q1164779,Q710180,q1164779-5D056637-B9CF-406D-8C4B-4198CBD1289D
directors_4015,Q116482198,Q75019608,Q116482198-f89ebd56-4662-eb0f-2c22-aaa8de73287c
directors_4016,Q11648545,Q2863266,q11648545-237a010c-4cc0-1a18-1445-9ed2a9738665
directors_4017,Q1164880,Q63031324,Q1164880-9C7AB884-6BDA-465C-A3F6-5CC0A01EB805
directors_4018,Q11648811,Q307996,q11648811-dcf78004-4185-d97c-8726-a0caa7c02c3b
directors_4019,Q1164919,Q78383,q1164919-7ABA6DC2-DA05-4E08-994A-A22C030458A1
directors_4020,Q1164940,Q443995,q1164940-360492DF-ECD9-4BEA-A081-CF381A759871
directors_4021,Q116498761,Q21030803,Q116498761-9b24ad2b-4a4a-7f99-0013-9995b4b3b8ca
directors_4022,Q116499151,Q562326,Q116499151-77195051-4b9c-1032-2df4-a490deaaaa5a
directors_4023,Q116501349,Q123001721,Q116501349-02535b8a-4457-b89c-3858-ad67819488bf
directors_4024,Q1165050,Q47284,q1165050-125005C6-43B4-495E-BFD2-9B98E4CB9F72
directors_4025,Q116507926,Q1273122,Q116507926-1e3e0620-4f03-4fb7-8928-8296a3c35dc5
directors_4026,Q1165090,Q1159900,q1165090-8755B389-FEF5-4690-8A9E-2FED97239EFC
directors_4027,Q1165208,Q721107,q1165208-F50AC669-8873-465A-A2CA-59A839295F10
directors_4028,Q1165259,Q3112667,q1165259-29F7511D-B4E1-454D-A139-113851CB4DF8
directors_4029,Q1165259,Q950283,q1165259-35C1DC83-ECCF-43E0-BF48-BA4919BBE7D9
directors_4030,Q1165314,Q860608,q1165314-70F36A9C-6D82-4CE7-9C83-4705208342FE
directors_4031,Q1165415,Q7326873,q1165415-3D96215D-AF48-4B99-AC9A-7E5C08F0A2FD
directors_4032,Q116542843,Q79059219,Q116542843-9cc58907-49e9-621d-cea2-0c485b2f8993
directors_4033,Q11654708,Q13220286,q11654708-10CECEF5-A8B6-4A76-BA8F-FA6AA87E0C58
directors_4034,Q116547790,Q717015,Q116547790-325315c7-481e-7ffe-04a3-b5cb6f474c91
directors_4035,Q1165516,Q353117,q1165516-20B34390-2555-40D3-A01A-85DA3DAE017E
directors_4036,Q1165633,Q2071900,q1165633-B595BCDF-4B82-4F73-94FE-DD23D3BC299D
directors_4037,Q1165770,Q940107,q1165770-5F5D1A81-85FD-4394-8D71-DB46DAC215C9
directors_4038,Q1165832,Q61347,q1165832-C45659AE-0327-4C3F-B26C-56D0E50F39A9
directors_4039,Q116585,Q468564,q116585-06568133-CE72-46FA-9D97-AFE8E5DDFA2A
directors_4040,Q1165969,Q74138,q1165969-715DD48A-AD7F-4333-8C6B-DB8BF86F1532
directors_4041,Q1165994,Q6181578,q1165994-4D7FA585-85DB-4CB9-A674-BECE9FE572AC
directors_4042,Q116599963,Q269670,Q116599963-64923811-4dd4-9b6b-1a3f-c28472022c6d
directors_4043,Q11660247,Q382387,q11660247-80ADE4A6-691A-462D-9177-A9196B76DB6C
directors_4044,Q1166120,Q106374512,Q1166120-CEE97689-F900-4A0D-ADBB-71A2A92E32C4
directors_4045,Q1166148,Q17484936,Q1166148-3FE29BA2-559C-46D0-A59F-7371CB2F5E78
directors_4046,Q1166150,Q2141036,q1166150-37F22A14-28EC-478F-B546-B9D522D9B880
directors_4047,Q1166161,Q6211034,q1166161-592481F8-D22A-4502-8D83-98CDCEFC8F9D
directors_4048,Q116621601,Q67268,Q116621601-9B37B370-81BF-45DD-8FA4-08874F882DD2
directors_4049,Q1166240,Q533492,q1166240-8536E6E1-1CA9-40B2-97DF-A2D04E3BF369
directors_4050,Q1166244,Q458696,q1166244-EEF56915-9A88-4ED7-89F9-988A7AB002D9
directors_4051,Q1166269,Q471000,q1166269-69027893-D6AB-438D-8EEF-1715AA2C8BE3
directors_4052,Q116634301,Q686301,Q116634301-5890AB6D-2ED1-4FBB-8363-38F6BF7DD3A4
directors_4053,Q1166355,Q1391329,q1166355-9E7D81A8-4B5B-437B-8EA0-CA74A25717EE
directors_4054,Q11663744,Q6187572,q11663744-A388A308-56D8-42BC-8E4E-04EDC29540A4
directors_4055,Q116638631,Q64022227,Q116638631-73fd1630-4152-f430-5fa4-f1724d275602
directors_4056,Q116675851,Q24733267,Q116675851-4b3648f1-4d7b-b9b6-59d6-8e4dc43256ae
directors_4057,Q116687153,Q171363,Q116687153-93cbf847-4f46-452c-5cb7-a29024b27c5b
directors_4058,Q116687525,Q31191331,Q116687525-5dbc8feb-49b4-8b4e-bbb1-6c979b6cf38b
directors_4059,Q116687945,Q740758,Q116687945-76101844-69D2-4129-BC2F-091BD3327279
directors_4060,Q116692764,Q65030610,Q116692764-07ADA75D-2A32-49A3-8319-47A80227D948
directors_4061,Q116694912,Q83910780,Q116694912-0266131f-4ebc-9b4a-14df-6b0eed0fdcb4
directors_4062,Q116700659,Q124708593,Q116700659-9A606F62-AEF7-43B8-B300-9C75E46E84F8
directors_4063,Q116701124,Q1291686,Q116701124-189b5ba7-4060-637c-9080-f4f73efdc4f3
directors_4064,Q1167123,Q561133,q1167123-114C0139-EFCC-410F-AF2D-0BF9CF4FAE19
directors_4065,Q1167200,Q2094420,q1167200-13F20836-6784-4E55-8278-170F2AB737F8
directors_4066,Q116722363,Q64989780,Q116722363-2e41789b-4ac2-b03d-0a5b-d4791566d483
directors_4067,Q116730669,Q110644906,Q116730669-74653741-464c-102e-7248-d8b6ec18268e
directors_4068,Q1167320,Q1582632,Q1167320-437c8362-4d1e-28e2-937b-5e8b1c7c76df
directors_4069,Q116734,Q945904,q116734-6BF79554-815B-4A1B-8936-3DF743DA7AD0
directors_4070,Q116735906,Q539065,Q116735906-87f2bcd4-4247-04c2-d85f-9d11832db7da
directors_4071,Q116736286,Q133055343,Q116736286-338d1d4e-472c-568d-2bfe-1b4981a27652
directors_4072,Q116736310,Q19664519,Q116736310-828659f8-47a2-0382-c01d-a74ab5cd2bc3
directors_4073,Q116739361,Q114904725,Q116739361-E007C659-7113-4C43-BEFA-96E6145358C4
directors_4074,Q116745152,Q4827381,Q116745152-0710EC48-A221-442A-A63A-6F053645846D
directors_4075,Q1167494,Q3038006,Q1167494-a22e7e8f-4790-3198-727c-fef2c25e242e
directors_4076,Q116751274,Q12731365,Q116751274-4974bafd-4d1d-1738-a0ce-e7cb2a148daf
directors_4077,Q116752130,Q116752342,Q116752130-9f99844a-4421-f2f2-597b-d3f0caa5eaf7
directors_4078,Q116753364,Q2256322,Q116753364-6740aa68-4148-b8b7-5173-0d5406e7068d
directors_4079,Q116754035,Q3590988,Q116754035-9c7429b1-4087-6942-40b6-46916905b9d9
directors_4080,Q116766507,Q3354008,Q116766507-c6b5a5f5-48db-d461-ca8d-074820a75c70
directors_4081,Q1167685,Q465089,Q1167685-C0C07F26-826B-47CE-883E-5C2B8BB96B1F
directors_4082,Q116769359,Q6828599,Q116769359-4B78BEA3-ED18-4FF1-BF05-75739C6FCF3B
directors_4083,Q116771180,Q26997217,Q116771180-1895AF04-6A09-4244-9F7C-16A70168FEC9
directors_4084,Q116771236,Q5748037,Q116771236-c6882900-4d66-f500-1804-c1043e92e2b9
directors_4085,Q116771681,Q1335528,Q116771681-eef72f77-42e6-c346-ea04-8467f991b88e
directors_4086,Q1167725,Q55428,q1167725-09DB8823-7037-45CB-97B7-CDA245E068D1
directors_4087,Q1167735,Q535018,q1167735-2BA59D83-9999-4BB2-997B-BE8ADBE62D3C
directors_4088,Q116776314,Q126599,Q116776314-ddf5886b-438e-61a0-252b-44e2c5418d29
directors_4089,Q116783085,Q114496975,Q116783085-25e6da52-4c1b-a64a-4e25-c0973a92cab5
directors_4090,Q116783130,Q6143437,Q116783130-a7994a03-4b62-8742-baff-35cffa3501ee
directors_4091,Q1167835,Q3105255,q1167835-BE6978D2-621D-437B-9541-3C1077D79ED6
directors_4092,Q116791506,Q7586376,Q116791506-e9f38b2d-443f-c9df-9e1b-1f6180b8afde
directors_4093,Q11679558,Q19632243,Q11679558-760A5EB8-ABB9-4EDD-BFA0-14167DDEABFF
directors_4094,Q11679559,Q6121203,Q11679559-5608E421-0D24-4A16-B5FA-6F03BD2CEE3B
directors_4095,Q11679577,Q113552811,Q11679577-1F6189AF-DC22-48EC-8714-315F26783296
directors_4096,Q116796979,Q117862347,Q116796979-C589E989-D7EC-4EF1-A8B3-F090EBBA0373
directors_4097,Q116796979,Q118109383,Q116796979-5550C948-8BAA-4B16-B1AB-C3B517A5F943
directors_4098,Q11679791,Q1576616,Q11679791-0976C7B7-DBCC-49E1-8EF7-63E66C5DA137
directors_4099,Q116798312,Q21592537,Q116798312-66f34d58-46cd-d577-ce5f-975a408f77d3
directors_4100,Q1168000,Q874828,q1168000-472FDE3E-A9B0-43A8-AFFF-7E66D90AA9A1
directors_4101,Q11680829,Q16217462,Q11680829-3B5B18F0-090B-4062-A5BA-407D9356A5FA
directors_4102,Q11681316,Q9015174,Q11681316-3A74948A-093B-40D1-A41F-82749039FAF9
directors_4103,Q11681362,Q18406,Q11681362-82ED87CD-7907-45DA-BEAB-802D5672EA9A
directors_4104,Q11681371,Q5950435,Q11681371-46BF070D-DA57-44BC-B707-1E22DB3E686B
directors_4105,Q11681383,Q3330529,Q11681383-944BDA40-5ECF-45D4-80DC-E1F6C7DB976D
directors_4106,Q1168152,Q470097,q1168152-C36F411B-95CE-4C4E-88CB-B6694CE8E3D5
directors_4107,Q116818790,Q96953492,Q116818790-36bdb062-4da4-8113-c9a6-e910475cfe24
directors_4108,Q116819393,Q17623873,Q116819393-36d27974-474d-cb51-9806-4e3387f1698d
directors_4109,Q116820702,Q3163664,Q116820702-94e2006a-401d-bbd7-7cec-ae705dea454b
directors_4110,Q11682387,Q41673301,Q11682387-61B4CA76-C0CE-4670-8B11-58CB6947DCDC
directors_4111,Q116824358,Q57317027,Q116824358-b1bf4028-4de0-99fc-3b93-f738990b11a9
directors_4112,Q116824715,Q381934,Q116824715-6B49FE5C-209B-4EA1-94C7-F27E07A4E599
directors_4113,Q11682483,Q3446459,q11682483-b1ba74e6-4ae5-50b3-b6c8-b77fd4fddbac
directors_4114,Q116824859,Q123001687,Q116824859-c8963bb4-4fbf-9b24-7062-7bdf967a5480
directors_4115,Q11682541,Q230710,q11682541-86dc53ed-4974-e53c-dc64-d067308467b1
directors_4116,Q11684251,Q113982996,Q11684251-6EFCD59E-D31C-4D74-9947-7015229E3C52
directors_4117,Q1168449,Q893719,q1168449-3F28D9E8-AEBA-43BC-8115-FC359288EF31
directors_4118,Q116845,Q314342,q116845-8FF74C11-2E22-495E-8C00-DB40B0EA2BE1
directors_4119,Q116845376,Q107616127,Q116845376-6a9ea741-4f37-87d3-3495-76c9fe81c402
directors_4120,Q1168460,Q34816,q1168460-21F6EEC2-C837-4CB9-A0B5-0371142A32BB
directors_4121,Q116846171,Q114899941,Q116846171-1a2145bf-4fde-79e9-4c15-da533e053fe2
directors_4122,Q11684833,Q11692947,Q11684833-690B5E2A-FB51-4B4C-876E-D76FC10B4101
directors_4123,Q11684967,Q11818143,Q11684967-1B98081E-E1F5-4345-806E-111546BE2EB8
directors_4124,Q116856005,Q106316612,Q116856005-7b137910-4fcc-1435-2037-b2948738c4c2
directors_4125,Q1168660,Q1346651,q1168660-23109947-06EC-4BE4-9EEC-CD39A007957E
directors_4126,Q116867195,Q123001555,Q116867195-c0877ba8-4963-91b3-254a-d887986baaac
directors_4127,Q116868360,Q15629649,Q116868360-C6A64BD4-634D-42C0-B2DD-3F6C3E48C8D8
directors_4128,Q1168705,Q376130,q1168705-F02B66B0-A237-4DCB-AB1F-1B558CC9E889
directors_4129,Q116873269,Q41776257,Q116873269-B800ABDB-9338-4715-B90B-5D75E8A5C09C
directors_4130,Q1168759,Q550717,q1168759-107E1C21-91A8-4D3E-921C-01DE9103EC66
directors_4131,Q11687805,Q11682375,Q11687805-f904b0c7-46d3-806b-7879-31a13f0cc126
directors_4132,Q11687877,Q21009832,Q11687877-c2e6bc61-47b5-e9e3-e5c4-c028334876fa
directors_4133,Q116881172,Q282033,Q116881172-aa0d4d12-42b8-b1ae-bbba-ef7ead68f2b9
directors_4134,Q1168819,Q66126,Q1168819-51F8A87F-9E13-4DB4-BB8A-B07484DA1E54
directors_4135,Q11688436,Q5698049,Q11688436-effff475-40a5-4438-1c14-3ace3eab77bf
directors_4136,Q1168949,Q71650,q1168949-2a4fe6f9-44d7-86af-c5c0-eb7df5d307c0
directors_4137,Q1168958,Q1299356,q1168958-70a1f1bd-4f39-00b6-5678-ff7940c294aa
directors_4138,Q1168958,Q52274696,Q1168958-4b7b196b-4092-99e1-8497-b819bfb0a040
directors_4139,Q116905,Q725449,q116905-5EB6FD7D-02B1-46C7-8713-48CA8B7B1838
directors_4140,Q11690687,Q9353208,Q11690687-CD95AAD9-212A-4E4F-843D-4AD49279417E
directors_4141,Q1169080,Q1034094,q1169080-9454F26D-D681-461D-B5C7-EDDBB6D21ECF
directors_4142,Q116909519,Q127049999,Q116909519-91A043ED-23C4-4D46-A737-0147A47B5A7E
directors_4143,Q1169100,Q1573078,Q1169100-14D8C614-8FB9-4EC9-8C55-0CC13EE85AB8
directors_4144,Q1169108,Q600222,q1169108-6BB2510C-A5F9-4BA3-8D63-0F8F381F4149
directors_4145,Q11691264,Q3308720,Q11691264-CAC20BB2-5836-4F42-B9E9-7B09B7511E25
directors_4146,Q1169141,Q2086433,q1169141-8DF42062-A7A7-4352-89D1-2FDC45B91DB5
directors_4147,Q11691882,Q13582700,Q11691882-6AF21896-FC1D-4BEA-AED0-989B6B8F0BE7
directors_4148,Q116928,Q238638,q116928-247F6356-26C4-4DE8-AB4B-F6996FD3513A
directors_4149,Q1169286,Q227334,q1169286-7FD1D88D-AFC1-466F-B6DE-625821A13913
directors_4150,Q116939468,Q5698049,Q116939468-819b874b-44f2-a745-ef86-9226b12b1faa
directors_4151,Q1169399,Q543982,q1169399-BB5A9A2A-CA4A-4E20-A98A-9E90EDC673B4
directors_4152,Q11694069,Q9359729,Q11694069-2C80FED2-080A-43EC-A42F-3A3497A12410
directors_4153,Q1169451,Q1387804,q1169451-9A95820B-017E-403F-8E56-86D0339FBF74
directors_4154,Q116945637,Q3176065,Q116945637-70a90daa-4ab5-e751-231d-9e72d603185b
directors_4155,Q116946326,Q127050008,Q116946326-F3182350-7163-41E9-B3E9-606F1F42C984
directors_4156,Q1169493,Q4964263,q1169493-B0FA0B24-66AC-4B0F-A8E2-DA662F341F09
directors_4157,Q11694978,Q314342,Q11694978-1C2FDD48-C982-4757-937F-A4A493D213FB
directors_4158,Q11695201,Q11765566,Q11695201-551258e4-4021-a965-32db-3136ada454dc
directors_4159,Q116954167,Q4764174,Q116954167-5FABA4FE-2AD8-4C06-BF8D-F2D17EA3C696
directors_4160,Q116954564,Q3379043,Q116954564-13e0a9a7-494d-f7f5-0238-095ec9299562
directors_4161,Q11695671,Q9174981,Q11695671-4162A975-3525-4D9C-90EF-E9272629B2A7
directors_4162,Q1169568,Q691335,q1169568-60EA1F84-1323-484F-91EA-5E779381006F
directors_4163,Q1169569,Q69344,Q1169569-b30235ff-46a0-61ca-375a-f1e62e4849d4
directors_4164,Q11695880,Q323940,Q11695880-BE8E2DF0-23C5-46CD-BE01-13FDA724A93A
directors_4165,Q11695945,Q1937615,Q11695945-8EC35243-13F1-48C7-947D-7FAB59E06B37
directors_4166,Q116965262,Q1332329,Q116965262-0bbbd9ff-4819-1ecd-f4ed-4d5c030b9b85
directors_4167,Q1169658,Q81770,q1169658-35426E86-74E7-4F9F-AF36-278D4A71C788
directors_4168,Q116966057,Q50345150,Q116966057-0C4A394D-7B82-467C-B743-9B59E20A2D1F
directors_4169,Q1169665,Q1429627,q1169665-49f80dc3-4bc0-61b0-44d6-4118ffa4019a
directors_4170,Q11696925,Q3489129,Q11696925-F50874AD-C23E-466D-8441-1535BDDEA93C
directors_4171,Q11696926,Q117848479,Q11696926-A8A8510C-ECB7-4D93-896B-C79070760848
directors_4172,Q116971304,Q558806,Q116971304-a06992d8-4a7a-7ec4-3b4e-9a8138022908
directors_4173,Q116971312,Q3701680,Q116971312-85a75e19-4404-e8f4-7037-dbdc68f11f6a
directors_4174,Q1169717,Q520038,q1169717-0E813206-15AB-4FBC-8F5A-2FFF28DF17CA
directors_4175,Q116971739,Q524897,Q116971739-dbc1247d-47e4-0a25-b0b3-74b3a7df5d38
directors_4176,Q116976558,Q18637200,Q116976558-E97E0FB3-8A02-444B-A001-5EC6AE89EB7C
directors_4177,Q11697887,Q9354699,Q11697887-C30238F6-35E6-4CFC-8BFB-B17A17A85178
directors_4178,Q116980365,Q61920480,Q116980365-25303c5f-46c6-90c2-40cf-e849d029a519
directors_4179,Q116980505,Q1428901,Q116980505-D1C628C3-4A68-474B-A818-A03D83BC428C
directors_4180,Q116980505,Q943006,Q116980505-93C87F16-62F1-4C7B-96B6-66E54410F010
directors_4181,Q116981014,Q440453,Q116981014-effb14a8-40af-be35-2ac8-2ec7c1b8bc90
directors_4182,Q1169811,Q3022648,q1169811-44FB688A-6345-44CE-8B20-2C907412274C
directors_4183,Q1169835,Q95876479,Q1169835-160e5d6a-4b31-6d02-a6a2-c44b12c6578c
directors_4184,Q1169835,Q95880522,Q1169835-613bd72d-446b-c5e1-4556-45ebce40948c
directors_4185,Q1169835,Q967970,q1169835-EAA2CC34-22E8-476E-AAB4-EEB37DF1450D
directors_4186,Q11698804,Q6265911,Q11698804-01F3856B-0BFB-45D3-BF54-8517F81216F6
directors_4187,Q11699344,Q470104,q11699344-11753D80-6E34-49E6-A89B-0EB2ABB07014
directors_4188,Q11699344,Q616410,q11699344-63CBA1B5-7286-41DB-851E-E287E422B926
directors_4189,Q116995994,Q12025154,Q116995994-E9F35A15-F295-456C-8134-BF9C258202C1
directors_4190,Q116996004,Q231019,Q116996004-5FCE9A55-4F3C-4EC6-AFC9-47D66FBD6B4F
directors_4191,Q116996005,Q12035298,Q116996005-24E1D246-492E-474F-BEFA-8EF8820E7367
directors_4192,Q116998477,Q104128368,Q116998477-B440CFC5-B92A-4391-AE88-7A8F1423DD94
directors_4193,Q116998477,Q104129298,Q116998477-E75267A2-7723-4409-8988-608C6CEF9D4D
directors_4194,Q116998477,Q107641623,Q116998477-9344242E-FC74-4823-A186-86DF764D6A6F
directors_4195,Q116998478,Q11727279,Q116998478-7D035738-1973-4956-8BAA-79C32039FF5E
directors_4196,Q1170012,Q5415035,q1170012-7F4D1E98-9DDD-4161-A76D-059A848BCAE1
directors_4197,Q117005919,Q19282086,Q117005919-2EEF8700-8EAF-44F6-83E5-F97E9E4389B9
directors_4198,Q117006376,Q453691,Q117006376-3615f8df-4347-c487-295c-affd22a93733
directors_4199,Q117007959,Q22962943,Q117007959-12938b46-4e79-e5a1-8dcc-e15de22b1f72
directors_4200,Q117014906,Q123566133,Q117014906-59b47c9a-4497-1bae-0eff-329b51ccd96c
directors_4201,Q117014906,Q89603298,Q117014906-555649a4-44e3-347b-0707-3e43db6fa0b0
directors_4202,Q11701565,Q113329371,Q11701565-8D471650-F3FD-4D0F-9B9E-CCDEF852B3BD
directors_4203,Q1170157,Q380237,q1170157-FE6389E6-632C-43BC-AF31-2B1FC44F4E94
directors_4204,Q1170222,Q2917353,Q1170222-a7d8289e-4f27-4f44-3048-e32642550279
directors_4205,Q1170227,Q1769224,Q1170227-DCDF4D05-456D-449A-8A7A-2A1425512083
directors_4206,Q1170227,Q3177583,Q1170227-08988C88-C86A-4FC1-B3E1-5A27DFA2E5F7
directors_4207,Q117025081,Q718596,Q117025081-9a3b7b62-4a6c-1bb4-3154-5f945786fbe4
directors_4208,Q117025319,Q131826229,Q117025319-6da40759-43e5-19ae-6312-b17bb0a1a16d
directors_4209,Q11702900,Q6726396,Q11702900-60C316EE-F3F3-4BE9-9786-E21BE86B443D
directors_4210,Q1170292,Q266535,q1170292-0009D765-C35F-485B-93DF-5ABB36671C5C
directors_4211,Q1170313,Q6782817,q1170313-622FF30C-BD00-47B8-B706-D46F2A5625A6
directors_4212,Q1170342,Q3506990,q1170342-2939b06d-4bd5-7809-e30d-058750319053
directors_4213,Q1170347,Q547811,q1170347-7CD4A935-4FFE-4D33-8873-4142391A2DA0
directors_4214,Q117037697,Q15069938,Q117037697-3c25cbf0-425e-d067-87b7-a549e8701bd1
directors_4215,Q117039376,Q123020125,Q117039376-ecb268c3-40be-bb09-a69a-f91c8b15dab6
directors_4216,Q11704530,Q965960,Q11704530-d151e74e-444f-5022-0def-49a204b9c34a
directors_4217,Q11704796,Q22113138,Q11704796-7F201DB4-8AD6-4A5D-9A6C-77F78A1A1EE9
directors_4218,Q11704875,Q5750613,Q11704875-eaa2511d-4b4f-f623-57f8-6fe296527916
directors_4219,Q117049250,Q15462962,Q117049250-7823E76A-6761-42C8-A1C3-5E565CCA62FB
directors_4220,Q11705049,Q5934295,Q11705049-4A3EF058-89DC-4CB9-AC94-563699716AE0
directors_4221,Q117061497,Q3416169,Q117061497-DB2ECD63-3069-4005-89D5-0A3A6182DE6B
directors_4222,Q1170671,Q90317,Q1170671-5476B1FF-ECCF-438C-8B6F-68F345A66A3B
directors_4223,Q1170710,Q44221,q1170710-C1EF0AA7-F64C-468A-AAA6-E4D659AC96D5
directors_4224,Q117077204,Q96953492,Q117077204-74964cb2-4c72-b66e-87ba-7533027a8de2
directors_4225,Q1170777,Q2423523,Q1170777-EF66113C-4B90-4A6C-A793-BB8726AAF20E
directors_4226,Q1170819,Q522657,Q1170819-2D42EE15-470E-4D77-8705-2E60608AE30C
directors_4227,Q117085614,Q25132,Q117085614-47be3dc1-48ef-ad80-e6e6-005f498246da
directors_4228,Q11709738,Q16555922,Q11709738-DE469B09-3B29-4CD9-9FEF-3EAA999287C8
directors_4229,Q117100871,Q114886955,Q117100871-cd082b90-4d17-b88d-2c8e-47f066163253
directors_4230,Q117100899,Q114898471,Q117100899-82c196d4-4b1f-78f5-267b-95f543bf04ce
directors_4231,Q117100899,Q123296311,Q117100899-28f1449b-484d-aeb5-c89b-953d917f511a
directors_4232,Q117100899,Q123296350,Q117100899-b298a827-4f69-789f-8a11-5a068fa0b87c
directors_4233,Q117100899,Q5734480,Q117100899-756875DA-9806-4819-B1F0-3BC4C65D64EC
directors_4234,Q11710348,Q117859128,Q11710348-5DD04CB8-7746-4814-AB7D-3BE1F5A01B47
directors_4235,Q1171097,Q162753,q1171097-6DE8F584-09F2-4894-B9D6-5D6CF1C828BC
directors_4236,Q1171146,Q1328660,Q1171146-69541C2C-4318-4F3F-AEBC-92CDB93B3AB5
directors_4237,Q11711634,Q1349134,q11711634-061d6594-44ac-b6f8-88cf-3a57728a44cd
directors_4238,Q1171194,Q15434230,Q1171194-55E0E2AF-3802-4E57-9FD5-D251242B83F9
directors_4239,Q117130193,Q229975,Q117130193-3624e6c0-4be0-0605-e4af-f5fb5d70d343
directors_4240,Q1171308,Q55369,q1171308-A5D33AE3-A064-4E96-B569-C7447CB72825
directors_4241,Q1171320,Q110374,q1171320-40A00DA2-E04D-4AEB-8DE6-50A50D8D7835
directors_4242,Q11713332,Q7131290,Q11713332-A842D245-C115-4C14-ABC0-EB7AB70A6EAB
directors_4243,Q1171442,Q2883803,Q1171442-d5e14526-4f24-7574-78ad-4533191ec4c5
directors_4244,Q117149186,Q120478239,Q117149186-D4E3814C-A742-47CC-A19F-CBF96CCD2B67
directors_4245,Q117149186,Q120478240,Q117149186-0D64FEBF-CFA0-438B-A14F-7DDC05C04F3C
directors_4246,Q117149330,Q123020798,Q117149330-0d154f52-477c-e61c-5a34-7c42e26a32b6
directors_4247,Q117151129,Q5965429,Q117151129-ad3714f2-45fb-df0b-34d1-c8cafcbf58bb
directors_4248,Q1171531,Q3984309,Q1171531-C4BE028B-1236-43C6-AEBD-2202643C7456
directors_4249,Q1171541,Q444583,q1171541-D6B9F5E6-06A7-4D6B-BEA5-99092A7F5F86
directors_4250,Q11715750,Q448929,Q11715750-F5546AAE-9472-459A-B696-70A67E965000
directors_4251,Q1171584,Q1400238,q1171584-7229C520-A490-4787-80EA-1ABFAB879B30
directors_4252,Q11716267,Q11828879,Q11716267-7ABB5248-E6A7-4EE3-82AA-0AF0E84B446A
directors_4253,Q11716279,Q9352651,Q11716279-9DCB6EC5-8228-4C71-B153-5D2AC09A0FA5
directors_4254,Q1171645,Q677352,q1171645-CC361B65-A836-40AD-8D2F-EA0601A50F7F
directors_4255,Q1171648,Q22976039,Q1171648-c8481603-412c-26b3-feba-7748a64e5ca0
directors_4256,Q1171721,Q1320772,Q1171721-40242B00-B55B-4F88-AFC6-5F25926E7E15
directors_4257,Q117172773,Q1301836,Q117172773-ecfc9f55-4853-1ae5-e7b8-7e4253b42703
directors_4258,Q117176605,Q2578679,Q117176605-84fa1c02-411e-392c-ecf7-5b7568513049
directors_4259,Q1171769,Q106709,q1171769-D63CFB58-3A10-47AF-AE5D-D9BB0EDB2D55
directors_4260,Q117184183,Q95225924,Q117184183-146066d1-42d0-bfcc-d05b-9111b7fc8cc8
directors_4261,Q117184222,Q123020760,Q117184222-6918e8df-40d5-e332-66de-442a9a153804
directors_4262,Q117196203,Q3351198,Q117196203-b9bd5bc7-4d48-8420-3205-3ab9d106e76f
directors_4263,Q11719972,Q231019,Q11719972-2b10ae27-4c89-7303-1351-c5a7c8d85a03
directors_4264,Q11719972,Q3193925,Q11719972-85ed4adb-4b55-34e4-82f4-a5784000b92f
directors_4265,Q117208496,Q117209339,Q117208496-8f264f0a-4ec3-980a-b4bd-fdb6db181b90
directors_4266,Q11721328,Q707485,q11721328-614ec02e-4f64-a3fd-9c79-b8e38e7b4bbc
directors_4267,Q11721341,Q55366,Q11721341-7C5020A0-42C7-4070-AB04-1E43196A92E9
directors_4268,Q11722134,Q16905452,Q11722134-3A418CE3-C1D5-49A0-A5BE-6213F391BACB
directors_4269,Q117237643,Q118104781,Q117237643-d7d5d6a3-4644-9dbf-ac25-4d4f9cd3baa6
directors_4270,Q117253366,Q130661391,Q117253366-A5D9CEBD-F14E-42C3-B0F8-E6B72B3C9B45
directors_4271,Q117255424,Q111343078,Q117255424-c2d934cf-4d3f-2c7e-32d7-dd539e19b04a
directors_4272,Q11725865,Q1937615,Q11725865-8d1b19e5-f751-49c5-9145-28747213c0b6
directors_4273,Q11725891,Q11754938,q11725891-c9b2c74c-4919-4ff4-5e6e-29e15fc7eb05
directors_4274,Q11725909,Q11770147,Q11725909-834A756F-CBA1-44D4-93FB-5949F16CE286
directors_4275,Q117272474,Q124516347,Q117272474-1b871203-44f0-521b-086b-342012f2d472
directors_4276,Q117272587,Q18043655,Q117272587-b13e9b4e-46c3-11b1-f2d5-c49a9e03ff14
directors_4277,Q11727373,Q325626,Q11727373-9CA44C09-41FB-45A8-98AD-E9021F4B0012
directors_4278,Q117279005,Q349339,Q117279005-F1C739EC-7521-4282-8BF5-3AAB8EE8AB87
directors_4279,Q117280500,Q3019007,Q117280500-7d90596d-41a3-de65-944c-ba9dcecc755b
directors_4280,Q117286389,Q95889449,Q117286389-1D3D45F0-8FD3-481A-803E-398FEEBFEB4D
directors_4281,Q117287129,Q6290103,Q117287129-94873124-49a8-77d1-35ea-016166cde604
directors_4282,Q117303955,Q7693222,Q117303955-a7d8ec6c-4ed9-e178-68fe-ebdad1281236
directors_4283,Q117304477,Q116671555,Q117304477-d35b454e-448f-bd49-7491-73ec7cb247c9
directors_4284,Q117311053,Q111397082,Q117311053-2EFCC3C0-02B5-4CF1-89FA-18946152C53A
directors_4285,Q117311183,Q28865950,Q117311183-CAD65E0F-2122-4A5E-B356-363FF6A4213F
directors_4286,Q117312560,Q2031292,Q117312560-499C3071-B8D7-4344-B8FE-C35EB0B0D541
directors_4287,Q1173161,Q131379477,Q1173161-76948EAE-29C5-423B-A010-C1555060F196
directors_4288,Q117322466,Q21994624,Q117322466-7e8ee5c7-4c97-ae59-dc43-61c53dc39c76
directors_4289,Q117322744,Q123020700,Q117322744-a2b753c7-44df-6df5-7cc6-91e0b79939a1
directors_4290,Q117322833,Q114898471,Q117322833-B240E6B5-2153-445E-9D10-5859D26B3038
directors_4291,Q117326449,Q19955870,Q117326449-8a2d975f-47ea-3cca-bae5-4f0620ccfcf1
directors_4292,Q11733137,Q6344216,q11733137-4DA3111A-9478-48EB-886E-38625D46BC9B
directors_4293,Q11733140,Q8080945,Q11733140-B9164FC4-994C-477A-989C-7FDEA3B0BF8F
directors_4294,Q117336418,Q3660187,Q117336418-76d2eb1c-48fd-13e4-71d2-94f4194d984d
directors_4295,Q117336433,Q23887383,Q117336433-c5a3f66a-44c1-708e-fb72-0ff0580e4556
directors_4296,Q117338356,Q3311377,Q117338356-9ae30cc7-4a85-82ce-dfbf-23e9b91c4e84
directors_4297,Q11733943,Q11720234,Q11733943-27243082-872C-4800-89E4-AB25EA90B1CC
directors_4298,Q117341032,Q232273,Q117341032-de52da27-433c-2a30-da35-e2b44feaa9dc
directors_4299,Q117350302,Q127050066,Q117350302-9BE959B0-2129-49E4-968C-F7DDD8849A49
directors_4300,Q117350302,Q127050087,Q117350302-BCE5CDBA-E0BA-4DCE-AF71-EC8B2B6EE3CB
directors_4301,Q117350540,Q95225924,Q117350540-df018d09-460c-0d5b-035a-2b5b668b1986
directors_4302,Q117357033,Q55422,Q117357033-e199b0ba-4c6e-a022-62dd-4253489c8bd8
directors_4303,Q11735883,Q12305706,Q11735883-9F57E9A4-68DF-4F25-BBD3-E9CFEF15DCC0
directors_4304,Q117359,Q61347,q117359-B90FA023-2B8D-466D-97F9-5DCD08054142
directors_4305,Q11737254,Q11715471,Q11737254-a490e11a-424e-344f-3bfe-397b63918d3e
directors_4306,Q117376325,Q3530256,Q117376325-1c8dd30b-4fc2-b2e5-b7e8-a641dff26eeb
directors_4307,Q117378,Q241546,q117378-42DA768A-573A-488B-ACBC-9D2E8B842A2C
directors_4308,Q117383415,Q1986301,Q117383415-3578785c-457a-e201-a71c-4cf3758bf7c9
directors_4309,Q117389607,Q24708128,Q117389607-77896ca9-4f27-c275-0f59-e5393789a7e9
directors_4310,Q11739640,Q7648702,Q11739640-25E4CF33-93F4-4A86-8268-AA211532FFE9
directors_4311,Q11740386,Q2826855,Q11740386-164CC2E1-796D-4E4E-98C4-0F93BF46B8D9
directors_4312,Q11740645,Q11714722,Q11740645-E04DB175-654D-4F8F-BF95-0F93D677318F
directors_4313,Q117421907,Q29637893,Q117421907-66E18FC4-F2DF-4168-9E57-20DE1A4B359F
directors_4314,Q117425181,Q6227781,Q117425181-3cbceee8-4fdd-694a-dfa8-c816b7e1b435
directors_4315,Q117431898,Q139558891,Q117431898-41CBD965-63A5-45EB-AC41-87A41706FBEF
directors_4316,Q1174342,Q3158762,q1174342-E521CA5A-8072-42E5-AFA6-320B250616FD
directors_4317,Q117437274,Q117883170,Q117437274-F180B0B8-9F63-4FB3-98CE-08113738910F
directors_4318,Q11743778,Q55369,q11743778-93CFF89C-B900-450C-97B9-C26E1C21C058
directors_4319,Q117447698,Q4964032,Q117447698-1ae37e12-4959-7d51-071a-0447a8ddfb71
directors_4320,Q11744784,Q1349134,q11744784-88a29e42-4b79-8218-2967-505aaec89839
directors_4321,Q117449520,Q117448971,Q117449520-56156aff-48f1-a5ac-9f65-5e83721760c4
directors_4322,Q117455307,Q525164,Q117455307-8E377E3B-CBCE-4500-8B14-2715704D3A05
directors_4323,Q117467730,Q7027571,Q117467730-2adfbd0d-41c8-9b23-e2f3-d7750f9ac1f9
directors_4324,Q117467792,Q64159899,Q117467792-7852c4d8-4b6f-53d2-04d9-030d2131eeb9
directors_4325,Q117468531,Q100703722,Q117468531-aac846e9-488a-9006-af6b-167ff4aa3382
directors_4326,Q117474532,Q58840204,Q117474532-2bde73ed-4657-a6bc-993f-9aa0ed8bda08
directors_4327,Q117481301,Q16223299,Q117481301-F77A9C0A-2345-4981-8BB7-D0E80F9CE474
directors_4328,Q11748162,Q9209790,Q11748162-9F80F510-9D7A-4461-A8FB-79C312917F48
directors_4329,Q11748166,Q114833921,Q11748166-FC591D65-F088-4F3E-8D15-F208FB00CB7F
directors_4330,Q117484075,Q2486752,Q117484075-c9cb42a8-4d65-7ed9-d048-6966392a0222
directors_4331,Q11748439,Q9376729,Q11748439-1FAE3526-2BED-410F-81C8-6FD28FB73ABD
directors_4332,Q11750103,Q952621,Q11750103-64A0EACA-5363-4A2C-ACF9-C8A40CFF2052
directors_4333,Q11750193,Q9302591,Q11750193-4EC743B7-3198-4B3D-8594-9DC520E8611A
directors_4334,Q11750226,Q9209790,Q11750226-23489ED6-AFCE-4BBA-BB44-511C34A7DF94
directors_4335,Q11750477,Q108290022,Q11750477-33C0507F-A8E5-471E-9FCA-C86EE4FC0FAF
directors_4336,Q11750845,Q6075731,Q11750845-d2f29e21-449a-8077-86a6-cf4153a9d6c0
directors_4337,Q11751120,Q11817800,Q11751120-49659211-C068-469C-B80C-3205E9FB727D
directors_4338,Q11752161,Q12324924,Q11752161-33696584-1562-4E57-9904-FE55AECA0E65
directors_4339,Q11752907,Q7196941,Q11752907-F80FD678-0FF3-4551-AB5A-6EC77A1C65DF
directors_4340,Q11753079,Q11813603,Q11753079-C9DF5220-1F1C-4086-A2E7-73DC03C5CAB1
directors_4341,Q11753133,Q105393733,Q11753133-602F69EC-BE4A-4880-B2AD-A3FD1F5B18C7
directors_4342,Q11753338,Q115272120,Q11753338-197F3DA3-6D96-45BD-84AE-A08A11B06065
directors_4343,Q11753679,Q3293883,Q11753679-2D201A37-BF04-4CEA-BCF6-81AEF7A37796
directors_4344,Q11753858,Q659143,Q11753858-48A01DD8-48CF-41D4-A6A6-2D1DC1232DFB
directors_4345,Q11756173,Q2069891,q11756173-B6314217-95CC-431D-81EB-687D09026A3B
directors_4346,Q11756914,Q11749855,Q11756914-34EC9779-BDC3-42BA-9E0B-1E4C33A2045A
directors_4347,Q11761993,Q7562716,q11761993-92934144-BF4F-462D-AB3C-654774366622
directors_4348,Q11762629,Q9325056,Q11762629-5A7C4649-B6F0-4DF9-B3A7-E080FF4B51A8
directors_4349,Q11764307,Q114239683,Q11764307-4421623B-B9DA-4DED-BEC7-978B5B7C4762
directors_4350,Q11764687,Q19662612,Q11764687-23579B03-3475-433C-BDCD-58340CC69A07
directors_4351,Q11764690,Q654214,Q11764690-E6DE1096-5FC5-4A2E-8801-25084DF23C24
directors_4352,Q11766171,Q9152818,Q11766171-9AE19C1B-D0D6-415F-8C4F-E9017A0ACCC3
directors_4353,Q11766173,Q3100381,Q11766173-58B9A046-C943-4594-8087-5FE1DFBCE0DB
directors_4354,Q117662296,Q55238,Q117662296-4fa8793a-4f45-b22e-482c-c3a05a17d305
directors_4355,Q117663112,Q55411,Q117663112-5ab81356-49b1-c94c-193d-21cdc9979143
directors_4356,Q11766799,Q5109556,Q11766799-260AC1BA-F95F-4C7F-B72C-9747AD143355
directors_4357,Q11766911,Q8083667,q11766911-66859C80-7CF0-49F2-8FE4-1C0E3179BDC3
directors_4358,Q11767072,Q180942,Q11767072-ECB63F2F-F5B2-4704-A27F-73C34DF567B1
directors_4359,Q117696,Q887636,q117696-9B0AC234-8543-43D5-A539-6EA8476F3741
directors_4360,Q117705871,Q338704,Q117705871-5ebb4c60-4e4e-879a-381f-77e0baa353d8
directors_4361,Q117712753,Q21872603,Q117712753-5b590805-4371-f188-129b-6423459efab0
directors_4362,Q11771569,Q19269227,Q11771569-EF2A2873-524F-4A06-9D89-043C66269476
directors_4363,Q11772129,Q257427,Q11772129-ce71d998-4481-9977-8ef8-68c8dd450e79
directors_4364,Q11772159,Q8080945,Q11772159-22C283C6-4EB4-498F-BC05-EFCEA9AED04A
directors_4365,Q11772214,Q3489129,Q11772214-D2E7A5A5-7732-4FC9-ADD1-2B0A4AAA8898
directors_4366,Q11772620,Q13582700,Q11772620-475347A8-8162-4E91-9E32-36311C4EEF20
directors_4367,Q11773597,Q10330007,Q11773597-FC4B1C4F-A4C1-44D7-A58A-7DA589F539CF
directors_4368,Q11773879,Q12059363,Q11773879-F5D0FAC5-B4CA-4FC2-969C-3C8338BC7B68
directors_4369,Q117740151,Q113372166,Q117740151-5aea7e19-4954-105c-d758-3e71e4dd21e2
directors_4370,Q117740151,Q4354475,Q117740151-967ee75f-4f9c-a170-5208-588cc55cea5a
directors_4371,Q117742969,Q960885,Q117742969-808900d2-4018-ab24-7b91-093fc3f118bc
directors_4372,Q117743008,Q144354,Q117743008-2F0DBA78-FA43-42A6-BEEF-5ABCD6E40C9F
directors_4373,Q117743095,Q6308750,Q117743095-5ab93ace-493f-600f-e2d5-a113b3e79692
directors_4374,Q117745793,Q3269591,Q117745793-57c6135e-4d3e-a58f-e0ec-880e4f8fe839
directors_4375,Q117751447,Q557393,Q117751447-99e25896-46e2-52b2-0372-dc71786b2926
directors_4376,Q117753843,Q117754085,Q117753843-c9862084-486d-e9c5-3dfd-0228eb47fa0e
directors_4377,Q117753851,Q27056521,Q117753851-E7DBCE4C-679A-468B-B3B4-A0E08556D6DC
directors_4378,Q117754551,Q111345096,Q117754551-564d9fe4-4d4a-fcce-f0cc-33625b4e92a8
directors_4379,Q117755170,Q3435976,Q117755170-7b300491-4d34-b422-e6b3-98dfd7f02a6e
directors_4380,Q117756249,Q3435976,Q117756249-f802104b-4996-bc44-4c01-b054d2a77f87
directors_4381,Q117756748,Q131901502,Q117756748-2F297152-B4A8-46C5-A55D-8FE40F04E748
directors_4382,Q117769481,Q13595531,Q117769481-591de45f-4547-cbdc-46d5-1579de62d771
directors_4383,Q117774926,Q113471458,Q117774926-8e2b8bb1-4bff-7b86-c511-8420ed1daedc
directors_4384,Q117774966,Q124150876,Q117774966-e9e84210-41f0-35ea-b85e-c37b54a6114a
directors_4385,Q117774977,Q56219,Q117774977-ed4e69f5-43d1-e94a-951d-bf103b6591bb
directors_4386,Q117776827,Q64569349,Q117776827-210bf7b9-41e0-0c9e-6688-8fda47a652de
directors_4387,Q11778298,Q9152547,Q11778298-318C72AA-EE78-4EFE-BE12-39C88FB190D9
directors_4388,Q117787728,Q124094401,Q117787728-7b4d9bab-4e06-c275-55e9-cd8419c21b1d
directors_4389,Q117787907,Q112338287,Q117787907-b645324e-4a5b-6dc5-91ee-d531034c1ada
directors_4390,Q117788960,Q106807254,Q117788960-e1c6ffec-498b-fa5b-4795-8e35555bd933
directors_4391,Q117789100,Q8877,Q117789100-1106e888-4cf4-41dc-da84-54062c147991
directors_4392,Q117802160,Q523356,Q117802160-a4cb7846-4c2d-8fb5-1e9a-5b6a3210078f
directors_4393,Q11781244,Q1683057,Q11781244-D42DA6CA-C29C-4EBC-A533-8E9C405B1A21
directors_4394,Q117813157,Q12386102,Q117813157-998a4d3f-4677-84b4-fd60-d5f8230df936
directors_4395,Q117814731,Q28363965,Q117814731-fbc6a4b0-47d4-198b-640d-1a14f97827d7
directors_4396,Q117815968,Q124414077,Q117815968-66f05c69-4e95-bdf5-bc5a-72daa81e6042
directors_4397,Q117816594,Q3086808,Q117816594-939332cd-4121-5800-f8ea-074d839054cc
directors_4398,Q117816797,Q130425705,Q117816797-7a16b688-4d32-2ab4-8941-2c177614ee75
directors_4399,Q117818579,Q50768778,Q117818579-8fbfc2d1-4ea5-471f-2e80-7e32cf2bbba9
directors_4400,Q11782098,Q9375579,Q11782098-B40AC912-7A96-4C1C-B0F7-03F6382D519F
directors_4401,Q117824018,Q3380122,Q117824018-841425c4-451a-62fc-7444-47a70353c33a
directors_4402,Q117832872,Q93700376,Q117832872-c1ee1c81-499b-21c4-528c-3d744f7bd3aa
directors_4403,Q11783561,Q11715378,Q11783561-8441912A-9BD9-4FE5-B80E-DC554DA87A62
directors_4404,Q11784158,Q11749448,Q11784158-D184ED44-77BF-4DD1-B637-C2DBDED81B24
directors_4405,Q11784165,Q755915,Q11784165-00C71D2A-C9FD-4DD6-A4C8-958E39FB7AEB
directors_4406,Q117842179,Q114684585,Q117842179-b1eeda59-40df-6e57-f05c-61c0659c3539
directors_4407,Q117842560,Q888535,Q117842560-5b516a2a-4b5f-b9c9-93c3-9c7fc9bf15ab
directors_4408,Q117842576,Q118309606,Q117842576-a135bd71-4133-2427-a093-20fb179324e3
directors_4409,Q117842577,Q85771932,Q117842577-bbcb74da-4446-edb9-3e4f-ce8b994ad8b2
directors_4410,Q117842582,Q19865982,Q117842582-0b0d45f7-447d-da79-293d-48914e0620a1
directors_4411,Q117842595,Q118143510,Q117842595-35a25c2f-4118-bbea-fdcd-32e00a239165
directors_4412,Q117842630,Q124164984,Q117842630-be51fbab-49f3-48b4-63cc-c80683598dc7
directors_4413,Q11784265,Q1356055,Q11784265-0D19614A-2FFD-48F0-A1A2-1D9F8AFD1ED1
directors_4414,Q117843038,Q442740,Q117843038-b37c5163-404f-a856-6e74-be5ad96d141a
directors_4415,Q117846221,Q17232832,Q117846221-a08333c0-4fa0-9889-4675-6f88620bd9bb
directors_4416,Q117846418,Q117846632,Q117846418-3c42d341-4463-fe08-5dc5-01951104e3b1
directors_4417,Q11784705,Q10827785,Q11784705-01F0A9A8-8D1F-4931-9D7A-595D3EBE07AA
directors_4418,Q117848301,Q1356708,Q117848301-0cd10326-435a-d23d-2f5e-5ee0e7c3a7bb
directors_4419,Q11785073,Q5520821,Q11785073-1D6DA058-9BDB-4BD1-AC5E-2B80E3B22E0D
directors_4420,Q11786367,Q113586169,Q11786367-43FED171-1740-4B36-84E0-93339C9D941B
directors_4421,Q11786370,Q3497979,Q11786370-C252914B-190E-4C8A-9F3A-2B8DBA377FB7
directors_4422,Q11786533,Q3121114,q11786533-E022CF1E-2A74-44FC-B9BB-9DA2445D76C2
directors_4423,Q117865341,Q345838,Q117865341-7bda7e1c-4ddb-f25d-d563-c9e68bf9b724
directors_4424,Q11787810,Q1000912,Q11787810-8272173F-F502-40BE-B724-08C278F2A3F4
directors_4425,Q117878418,Q117881641,Q117878418-DB72C88F-D023-4908-9423-083132C190AA
directors_4426,Q11788465,Q11817800,Q11788465-9534A2D3-5A28-49E3-B9FF-265CFD57619E
directors_4427,Q11788952,Q2331385,Q11788952-36427b4d-4c94-d2bc-82bc-0e14f4b50374
directors_4428,Q1179070,Q3161105,Q1179070-24377C99-B5B7-439B-BB00-5CCC1E7EBFDE
directors_4429,Q1179070,Q90818622,Q1179070-0C3EBE2C-B772-4016-B4DE-BBCDDD2EE4F1
directors_4430,Q1179096,Q36847372,Q1179096-320C88DF-8CE6-42F4-8586-32C744A23621
directors_4431,Q11791173,Q11818221,Q11791173-459EB9B2-D255-41CC-9366-DA77C5A0E69E
directors_4432,Q11791188,Q9166101,Q11791188-F253F72D-84B5-4B34-BCC4-C85A340D84EB
directors_4433,Q11791282,Q27910230,Q11791282-2F689C40-C713-4187-9591-0CB378A5FBCF
directors_4434,Q11791644,Q9374013,Q11791644-322ADA1C-61DB-4721-ACBA-45EE2FAF6109
directors_4435,Q11791714,Q3593988,Q11791714-55521E35-E4C9-48E5-8154-4BE5E052E52B
directors_4436,Q117919465,Q7070300,Q117919465-1b0e7765-43bc-564e-6aa5-8eb479fe95a1
directors_4437,Q11791975,Q1681942,Q11791975-227c707e-4b0a-7608-6349-ce8eeb8ecbf6
directors_4438,Q11791977,Q9325056,Q11791977-1F0C0284-1E0C-4054-9DB3-4C60BC1CAC69
directors_4439,Q11792656,Q1683057,Q11792656-FCAA689B-F8E6-4171-91B0-7D7B1C4C9AAE
directors_4440,Q117934,Q2378699,q117934-871EC3EA-E68E-422E-80C3-4CEB61653C46
directors_4441,Q1179378,Q5444055,Q1179378-80759075-01CC-445D-9A8D-79FBF10E35E7
directors_4442,Q117945866,Q127762535,Q117945866-8bce85bd-4f1a-d5bb-9e9f-00bbd5d0aedd
directors_4443,Q11795633,Q11818221,q11795633-b66310da-4355-d315-b1c1-784c1d75d5e6
directors_4444,Q11795829,Q9359729,Q11795829-E647B4CA-2729-4CC4-9913-E5ED4973ABA6
directors_4445,Q11795835,Q11718051,Q11795835-E4230B09-966F-4E70-91B5-B5A397DBF465
directors_4446,Q11795835,Q11765520,Q11795835-AD9EED89-AD04-4052-9258-DF2A9DA2CD9D
directors_4447,Q11795835,Q9155287,Q11795835-26F7DD3F-3D38-4DA9-B9A0-0037A61AEABC
directors_4448,Q11796757,Q2271823,Q11796757-DC22832C-0C14-40F4-9E3B-E83B11A905FA
directors_4449,Q11796757,Q95751071,Q11796757-6a23bb00-4e0a-9654-a788-7e5a887d6456
directors_4450,Q11798531,Q11715314,Q11798531-B689F416-3807-41F4-9CEA-EF4A30FFC24A
directors_4451,Q11798541,Q11742738,Q11798541-E309CD13-F33A-42B2-9B88-E8F74DE056C2
directors_4452,Q117988,Q12736378,q117988-47FF8B1C-9709-4E38-8E47-B9F66DF88E39
directors_4453,Q11800606,Q11779170,Q11800606-A568D483-8991-4A17-A58F-62F5BFCF9066
directors_4454,Q118011,Q13114676,Q118011-C2A61048-1F93-456B-B006-B15099FCC42E
directors_4455,Q11802369,Q4315835,Q11802369-1B0BE7A3-174A-4D70-A848-BE3493C32E38
directors_4456,Q1180275,Q1398481,q1180275-81B59140-080F-445E-B06A-4F3C12C2C2D0
directors_4457,Q1180330,Q484882,q1180330-D40606FB-67EB-4037-B042-6F50FECE4652
directors_4458,Q118070772,Q2899613,Q118070772-24961384-4331-adaa-fa1d-78ac0bd2a718
directors_4459,Q1180803,Q3163830,q1180803-720BFF2A-BB97-424A-8939-3944A4097DDF
directors_4460,Q1180803,Q47091765,Q1180803-6c180411-40e7-08b9-b5ca-399c05cf7284
directors_4461,Q1180805,Q457410,q1180805-CEAA8EB2-FFD0-4BE4-9E42-E9C9340312F2
directors_4462,Q1180884,Q185421,q1180884-C0297506-19BE-4D66-96E6-1E11260F32E5
directors_4463,Q1180921,Q116939717,Q1180921-F61E1D06-AE62-4097-A067-A37537FED97D
directors_4464,Q1180928,Q9056984,Q1180928-E2F41099-AFFE-4F4C-B541-BB305CB8B1AA
directors_4465,Q1180930,Q56010161,Q1180930-7f9148ac-441a-e9ff-3e1f-270793142e2d
directors_4466,Q118114,Q2562608,q118114-AD426197-D859-4F76-ABFC-2B9C984B4DDE
directors_4467,Q118114963,Q48733883,Q118114963-5133422c-4f7f-d3a1-4157-35f2628a0599
directors_4468,Q118122388,Q2486752,Q118122388-191afa3d-4113-b05a-a6ba-1a5adb94c9fc
directors_4469,Q1181262,Q108047434,q1181262-FB295639-98D0-4375-BDEF-5225F0A4086E
directors_4470,Q1181263,Q3901442,Q1181263-DDDC6A51-3974-4257-B0CD-8AA5E531C2B8
directors_4471,Q11813146,Q114051515,Q11813146-980B33FE-3314-4DF9-9F82-0E1A33B57D7F
directors_4472,Q1181317,Q543733,q1181317-EEF217BF-3038-4F37-BCD4-E07EADD1557C
directors_4473,Q118146294,Q116789623,Q118146294-3d918cff-479c-85d0-fca9-c7ff0130155e
directors_4474,Q118151231,Q20873158,Q118151231-747b3e5e-458a-85a5-4d50-136719684ea7
directors_4475,Q118153248,Q95161902,Q118153248-1e9c09c1-4b59-f07d-b9f3-683cab6c7ffa
directors_4476,Q118153248,Q95163221,Q118153248-594b4906-4a38-2689-dd18-36769931d65f
directors_4477,Q11816211,Q6986935,q11816211-578AEB4E-01AB-40F6-8773-1745517085F0
directors_4478,Q118164188,Q95921192,Q118164188-b4a26261-4328-7f4e-0017-af722630235a
directors_4479,Q11816595,Q1349134,q11816595-559900e3-4b7b-e1ee-4e3a-e91970eb62b4
directors_4480,Q1181667,Q16948256,Q1181667-39819892-C89B-4B93-890D-09DA4476ADF3
directors_4481,Q118171400,Q106977229,Q118171400-a5466903-4c02-1df4-9d64-a5a44ebbf712
directors_4482,Q118175825,Q433893,Q118175825-59773179-4118-8bb9-f329-d42669249078
directors_4483,Q11818371,Q11817800,Q11818371-9C79EF76-5491-42E4-B647-C83D74A5C8F0
directors_4484,Q118189016,Q2161550,Q118189016-c8388dc7-4414-f054-cada-edf7272bbbdb
directors_4485,Q11819216,Q11727438,Q11819216-004f7676-45d6-8c08-0d26-b81fa88aef68
directors_4486,Q11819216,Q1349845,q11819216-6737c81e-4b0d-65bc-b02a-905263ae4bca
directors_4487,Q118194141,Q3280869,Q118194141-00f73cdf-4161-7f8a-f08f-fc7a65b1e50f
directors_4488,Q118195212,Q3280869,Q118195212-d7e5a16b-45e3-e518-8c08-6f913f4aa753
directors_4489,Q118196134,Q3280869,Q118196134-237092a7-43e5-2bd9-1688-0042dcbb86db
directors_4490,Q11819895,Q755915,Q11819895-AEB52162-C3D7-4496-8241-086B0BA374AC
directors_4491,Q11820176,Q20028874,Q11820176-C7B35BF3-F6E1-4AA2-8E84-2F9EA84AFF82
directors_4492,Q11820667,Q29048808,Q11820667-8877ADFE-E883-48B6-BB76-183956F2EAD1
directors_4493,Q11820993,Q55369,Q11820993-F4BDDFD9-1C3D-43E2-A400-77E9F088009F
directors_4494,Q118212751,Q4679837,Q118212751-F7E38935-6584-46C0-9A59-842A7A3509FE
directors_4495,Q118212751,Q8063816,Q118212751-43D3635F-0EDB-4B38-A56C-096B3074D6DC
directors_4496,Q11821482,Q352030,Q11821482-ad7a2f23-4d9a-9984-7808-5673abbe751e
directors_4497,Q118214971,Q233922,Q118214971-18161f56-46ac-d2b9-ff69-071a39425104
directors_4498,Q118225361,Q16567191,Q118225361-716163dd-48b5-a2b2-3356-19539f648d5a
directors_4499,Q118233986,Q1294442,Q118233986-d294ac39-4aad-55c5-4ba5-3d1e8e171967
directors_4500,Q118234677,Q125246748,Q118234677-c1063429-4d2b-e43a-692c-a05ec3496b30
directors_4501,Q1182350,Q2849077,Q1182350-3572C469-2BE0-4EDD-B72C-06FCF04684B2
directors_4502,Q1182350,Q721429,Q1182350-A8D16E5D-5A1B-4B7C-AFC9-A05763C2471B
directors_4503,Q1182357,Q113238621,Q1182357-862b46e3-4a0c-9f1f-05a8-01e8f4ab45a0
directors_4504,Q11823921,Q9303121,Q11823921-F2A0F00D-87A0-4CC0-8B07-9131A0A48516
directors_4505,Q11824035,Q1937615,Q11824035-5B369A4E-E15E-42B6-B3B9-B7DDB13AC301
directors_4506,Q1182526,Q15436476,Q1182526-134C917F-7128-4E20-B5A7-C56E4672702C
directors_4507,Q1182609,Q552726,q1182609-B43FA2AA-D525-4F3B-B97F-D22E4EFE08FA
directors_4508,Q11826268,Q8080945,Q11826268-17C33B12-8F11-4885-A261-A1EC51314E72
directors_4509,Q11826867,Q978224,Q11826867-10A3556E-97F1-47EB-8C79-98A606BDE4DC
directors_4510,Q118270949,Q18085648,Q118270949-f3753f12-4b37-2c9b-9d05-ce78995a6981
directors_4511,Q11827425,Q117859288,Q11827425-151C3D4A-9192-48B1-86C3-67F7A9D69ECC
directors_4512,Q11827425,Q117860211,Q11827425-6088BE96-143A-48DE-BDCC-BC7915E54685
directors_4513,Q118278015,Q15069927,Q118278015-6e07d142-4429-4ef6-f7e2-08d24624fce1
directors_4514,Q118278864,Q118342667,Q118278864-B2892BFA-5256-4D57-9E44-E2EAB13A16EB
directors_4515,Q118280364,Q118342664,Q118280364-00019175-4778-451E-A0EC-1A7A93C6D8A1
directors_4516,Q11828408,Q15124206,Q11828408-CA976909-9AA2-480B-A5BB-327D7267BF1F
directors_4517,Q11828414,Q95003,Q11828414-647BEA86-5563-45C5-9E2D-48D8ABE17803
directors_4518,Q118287624,Q6317793,Q118287624-b9adaeaf-4adb-32b1-ae76-727f733f4255
directors_4519,Q11828831,Q3593988,Q11828831-F06941A7-A2A2-4510-A533-9469892094D6
directors_4520,Q118289674,Q11530911,Q118289674-568a4866-4558-cb03-2de8-db4e3a0d6661
directors_4521,Q11829042,Q114273699,Q11829042-EAB54DFD-43E7-428F-8EBD-8013AA424324
directors_4522,Q11829895,Q9348811,Q11829895-0D960643-38BA-4B9A-8089-3757A52DC287
directors_4523,Q118304336,Q436490,Q118304336-dab94ae0-4748-e173-0453-6d13154c8dc3
directors_4524,Q118309891,Q37175,Q118309891-3ae7235e-4dc3-dde3-7abb-7d0acb6dc35b
directors_4525,Q11832270,Q659143,Q11832270-FEDA3884-903A-4386-8900-57F137C509EE
directors_4526,Q118323603,Q122233900,Q118323603-8df30bab-4295-4103-69a0-0ba54d8e10dd
directors_4527,Q1183241,Q3177627,q1183241-F2848B45-0D5F-4BCD-8937-D0D4CA8E6229
directors_4528,Q1183257,Q220918,q1183257-CD4333DC-992C-4C84-8577-02DA8257544C
directors_4529,Q1183268,Q545351,q1183268-B2FBC1D9-FFF5-4756-A8A3-4F67038A7D5F
directors_4530,Q11834390,Q325848,Q11834390-374DE53F-DD79-4084-A9E2-FCB37595271B
directors_4531,Q118352225,Q118352209,Q118352225-6ed5656b-4b82-707d-2d77-c4be8856950e
directors_4532,Q118364834,Q23867507,Q118364834-9c3d6546-4418-2ec3-ebc6-a3a71ec72d66
directors_4533,Q118368611,Q920595,Q118368611-53e46956-4d2c-8098-d702-138b3cfab577
directors_4534,Q11837167,Q11749231,Q11837167-3DDA91EE-3733-41EE-A088-0E6655423C97
directors_4535,Q11837540,Q197471,q11837540-8e16dca7-485e-7fa7-fcb5-badcf3b55033
directors_4536,Q11838034,Q9375579,Q11838034-13C0E410-F1B4-4896-B63F-6D017E86E3ED
directors_4537,Q118382825,Q24455631,Q118382825-1bc8172f-4d8c-e065-6957-01e3452129b5
directors_4538,Q118384190,Q64929924,Q118384190-18bd73b8-4852-8974-f288-30a3e1b6fac3
directors_4539,Q118384191,Q67205806,Q118384191-a1d86ad3-47a4-09a4-98b3-fd71e3271184
directors_4540,Q118384193,Q913128,Q118384193-706338f3-48dd-da48-863c-4fed54b8f654
directors_4541,Q11838498,Q4888584,Q11838498-6b864bf2-4228-a2a6-5b22-a7c73acce0aa
directors_4542,Q118386092,Q4289079,Q118386092-5885217f-4d5a-23e2-a1ec-d0d9951391ad
directors_4543,Q11838666,Q11702747,Q11838666-B578A438-B212-454D-86FE-9A203ABFF508
directors_4544,Q118387582,Q5707101,Q118387582-9db22dc0-4489-b606-978f-efa6ecba13e8
directors_4545,Q11839011,Q34071007,Q11839011-c91481b0-48b1-8fd2-84f6-c85b5992a135
directors_4546,Q118402573,Q99973620,Q118402573-ef0f093b-4869-999f-76f7-224541fffd97
directors_4547,Q118402587,Q60287379,Q118402587-2bc2a677-46e3-6a7a-6c3d-a7153a699a8a
directors_4548,Q118405167,Q2576503,Q118405167-083a2939-4679-4a76-7e5f-df3a15b77991
directors_4549,Q118431420,Q9697092,Q118431420-27b42aec-4453-1683-2e69-74d9e0905449
directors_4550,Q1184339,Q3740804,q1184339-0E0CD699-3B7E-4048-95BF-5939EAACF8CE
directors_4551,Q118494238,Q27050389,Q118494238-2891d46a-44c5-d39b-ae12-3f26a7a7bc64
directors_4552,Q11849479,Q3440926,q11849479-D703A9A9-4849-4CB0-BF7B-DCC89F8FF376
directors_4553,Q11849530,Q11896737,Q11849530-C116A09D-385C-48C2-A1DF-B8B3BB7E8C1F
directors_4554,Q11849616,Q3735652,q11849616-bc3141e2-4cf7-dbcc-22a0-ea58233818b3
directors_4555,Q118498805,Q7631279,Q118498805-d7416121-48ed-9fbb-c7dc-11d766482144
directors_4556,Q118502010,Q16222470,Q118502010-08a2fa48-47db-d8bd-5c18-cbea5f332de7
directors_4557,Q1185105,Q2555171,Q1185105-8A98EFE4-1010-4F16-B312-E3AB9EE98F31
directors_4558,Q118527770,Q20038800,Q118527770-ed3d3788-4116-1d0b-6c08-89237160e6f1
directors_4559,Q11853804,Q1815816,Q11853804-228E517A-04CF-4B1E-B610-C93363AB6AB6
directors_4560,Q11854200,Q2943813,Q11854200-9cf31bef-40a5-aedc-483c-337d4181a73c
directors_4561,Q11854461,Q13569897,Q11854461-A7DC194A-1E5A-4C72-B74A-B975AFDBB8FD
directors_4562,Q1185528,Q382081,q1185528-50D24491-E90A-492D-A057-DEBA38F1B17F
directors_4563,Q1185637,Q5609809,Q1185637-E6F9B266-64C0-4606-88F8-905DB93F6323
directors_4564,Q11856383,Q2632345,Q11856383-0E4C7F97-E635-4287-9207-274FC3E4478B
directors_4565,Q1185651,Q39734,q1185651-15C2F8E9-09FE-4D4C-A1DF-70964E56E66E
directors_4566,Q118567428,Q552639,Q118567428-f114e52d-4933-17cb-d444-1421aa75f8d5
directors_4567,Q1185737,Q433910,q1185737-03D27C7B-1B96-4FF6-99F2-531376BD4A2A
directors_4568,Q11857715,Q11869969,Q11857715-A8BFA2C8-024A-4625-9E3C-1D6BD14AEBE0
directors_4569,Q118609018,Q2429604,Q118609018-0918c66e-4c28-d4aa-3cd4-fad1e5ebdc76
directors_4570,Q11862062,Q11202781,Q11862062-0C3E588F-EEA4-4E68-82E6-F5FDD56EB0B9
directors_4571,Q11862100,Q7170950,q11862100-D3E26E14-FF2E-4DBA-B7FE-DE476CD8E01C
directors_4572,Q11862433,Q11881548,Q11862433-8E383BB3-C223-4235-BE4C-FC08FC6E6241
directors_4573,Q11862433,Q7161082,Q11862433-DA394B2F-BF04-4679-9254-2CFD4C1C7166
directors_4574,Q11863246,Q23711781,Q11863246-65F53133-7E24-40C0-B329-C3194A8CF00A
directors_4575,Q11863322,Q95334296,Q11863322-0A39B52B-26A1-4AC5-8B5E-954C1B418BB7
directors_4576,Q118640057,Q464616,Q118640057-34c7b8d9-409b-1711-ee48-79d190b1083c
directors_4577,Q118640057,Q60842615,Q118640057-53cf53b0-42b6-bb6a-89c7-51d72a2925b4
directors_4578,Q118641054,Q1303706,Q118641054-616fd207-48dc-6280-50bf-a7c0154bc98a
directors_4579,Q1186461,Q185421,Q1186461-BB03EC05-655F-4386-8454-051A6B27833B
directors_4580,Q118646219,Q3038269,Q118646219-F6D7DE44-6317-4A6B-8501-FDFEFF8AA086
directors_4581,Q1186490,Q550717,q1186490-2508A7E7-FD2B-4A16-BB23-FDCA8EE50DF7
directors_4582,Q1186557,Q2470473,q1186557-158735E3-A586-470F-B8EB-DB55A9BA7C9C
directors_4583,Q118669513,Q138001793,Q118669513-9e3e13ce-477a-468b-22d7-852de4761b35
directors_4584,Q11868933,Q16299282,Q11868933-E9C43D5E-7AB8-480A-A0DF-472C1E8D0420
directors_4585,Q11869210,Q15642787,Q11869210-713E5C6F-E9AC-4537-9CD1-AFACD7D371B1
directors_4586,Q11870902,Q16299868,Q11870902-7E96B9D7-521F-4AA4-A4C1-3777C96FAEA2
directors_4587,Q1187127,Q174648,q1187127-B97B8BD9-6676-4B65-B64A-84B83536214E
directors_4588,Q118713,Q471552,q118713-78D88609-C6CB-4B22-A113-86D86521EE4C
directors_4589,Q11872833,Q10831873,Q11872833-03476A82-F32E-4F70-BFC2-292724A7AAB9
directors_4590,Q11873769,Q982339,q11873769-b9f870bb-4a50-0f53-4285-8804beea09ff
directors_4591,Q118739,Q117848461,Q118739-08B09A53-B5AF-4FE8-BBD7-F061F1B4A351
directors_4592,Q11874491,Q11864568,Q11874491-458C386C-F7DD-4701-B546-6674DF61747F
directors_4593,Q1187607,Q349339,q1187607-178F0871-1371-4915-8B4A-29EBF3959D4B
directors_4594,Q11876205,Q10831873,Q11876205-801D650A-62A0-4A4A-9DE1-3AE01C4ADD63
directors_4595,Q118765520,Q13035667,Q118765520-2ba3bb4d-4b9f-d89c-458e-fd37d4f47b13
directors_4596,Q11879237,Q95171509,Q11879237-27AEBFEF-5751-4395-9C6A-E00513756C52
directors_4597,Q11880721,Q520747,Q11880721-55476157-5599-4767-80B6-2B8CA70A0D7F
directors_4598,Q11882433,Q15711362,Q11882433-FF9CE0ED-641F-4B8C-8E1E-9ABFAF79FAA3
directors_4599,Q11883018,Q11887720,Q11883018-5A4B4858-D6F5-4473-8440-0589C04B3488
directors_4600,Q1188348,Q16979782,Q1188348-C2A35593-D225-4808-9E11-DF838A15FECC
directors_4601,Q1188348,Q956236,q1188348-2748D1D8-00E1-4D36-B499-F1B531CE0AF0
directors_4602,Q1188411,Q7923771,q1188411-E40D4204-9F05-4A30-811E-A1969E4CBAD0
directors_4603,Q118871439,Q109430507,Q118871439-60291b81-429d-fc24-2dad-d8e7d8d9348d
directors_4604,Q11887275,Q3210605,Q11887275-D24B8BA2-F539-44DB-B955-22F6238D9163
directors_4605,Q1188808,Q3018240,q1188808-EFFD7BDC-BCEF-4F15-8F33-14F060C5ECAF
directors_4606,Q11888612,Q117859605,Q11888612-42724EBD-B6D1-46EA-8318-B9DF6BAE22CF
directors_4607,Q11888612,Q117861456,Q11888612-03321810-D28E-47A3-BBF5-AE8E74F88DFB
directors_4608,Q11888612,Q16989601,Q11888612-0C25446B-CEBD-4987-80B6-82F940F73302
directors_4609,Q11888843,Q2865837,Q11888843-18702774-8EB2-44B0-A9C1-94936872560B
directors_4610,Q11889185,Q16300140,Q11889185-6A0D9C25-22E0-4FB4-9BAA-341F91160080
directors_4611,Q118904382,Q1181049,Q118904382-84162529-4ba3-db5e-7be0-e28481e802a8
directors_4612,Q11890922,Q3847072,Q11890922-B06B5DCF-51B6-4B20-98EC-09707FFB0A99
directors_4613,Q11891250,Q16989371,Q11891250-3F232749-9629-40E6-B02F-9CD646C26188
directors_4614,Q1189180,Q16657432,Q1189180-11C6BC13-6513-4C5B-802C-3E30BA7BC284
directors_4615,Q118921851,Q65116466,Q118921851-7dcd6be4-448d-f995-7a6f-038d50f41400
directors_4616,Q1189317,Q498389,q1189317-E72C5166-BB51-4623-AE7B-86FDD8CB9838
directors_4617,Q11893320,Q4227174,q11893320-384C38FB-66A6-47A7-8E56-8FC3CAEB04BD
directors_4618,Q1189392,Q1680660,q1189392-543D6C10-65EF-435D-9232-85B6AB8363A2
directors_4619,Q1189436,Q28556,q1189436-863A0AF5-DD48-47BC-85B8-3585EAA7AE07
directors_4620,Q11894634,Q11851280,Q11894634-b1c7728a-4e28-af48-b11c-423b8a577927
directors_4621,Q11894634,Q11881071,Q11894634-7BFDC863-8632-4113-86ED-FBBC69D87AEB
directors_4622,Q11895653,Q16990840,Q11895653-B94C085E-1706-4E8F-9778-062A76E7EBA7
directors_4623,Q1189580,Q14266222,Q1189580-66a2fd0c-46ea-44a6-e117-82aea44e5271
directors_4624,Q1189580,Q3682647,Q1189580-406fed19-4d0d-95ec-5540-1ced0df44022
directors_4625,Q1189617,Q1344373,q1189617-82D13185-B5C2-4119-8AD1-086D0590C1D2
directors_4626,Q1189674,Q131363258,Q1189674-06D7FE29-2DB0-48FC-BC8F-6F00A5444863
directors_4627,Q1189690,Q3367704,Q1189690-440E61A5-2891-4171-ACD9-AA2F3153B8CB
directors_4628,Q1189696,Q6132686,q1189696-2DEBD826-0214-40EA-A40C-EDB69302BB87
directors_4629,Q1189728,Q457493,q1189728-58DB0651-8948-4DB4-AC29-B8E1159E3768
directors_4630,Q11897392,Q16990587,Q11897392-27BD71F3-3817-4F14-B115-E57F4BDD3F6C
directors_4631,Q118984114,Q3103980,Q118984114-730488c3-4492-ad89-910e-c777d94a542d
directors_4632,Q11899211,Q11891797,Q11899211-6B89CAE3-EC76-4E3D-8B8C-6670F737B3FF
directors_4633,Q11899258,Q4227174,Q11899258-5D99B1B3-DCDC-4206-B371-F10B706F3674
directors_4634,Q11900201,Q5395661,Q11900201-873F811F-0C3C-4E47-A6D1-8FD0EB30046A
directors_4635,Q11900483,Q5712862,Q11900483-DEFF3413-9379-4EF5-88F8-2C9078FD2AD4
directors_4636,Q11900489,Q3440406,Q11900489-E6A8DC3B-1989-463E-A861-7C2E2B701C4D
directors_4637,Q119011994,Q4189312,Q119011994-BADC0B9F-3D8D-4F0B-84C4-BD9421F1120A
directors_4638,Q11903535,Q3080940,Q11903535-0357CD22-16DD-43DA-B98C-5B221AF20055
directors_4639,Q11904702,Q930653,Q11904702-B50DF4AA-3498-4962-858B-9E74D43348E7
directors_4640,Q1190492,Q1972918,q1190492-89B89894-4C57-4A8B-B802-2A0EF8A14C74
directors_4641,Q119053378,Q127050043,Q119053378-3CC97208-FB53-42EB-AFF6-1B69C26F9CD9
directors_4642,Q119053379,Q3547630,Q119053379-3652ad74-4c5d-f602-7796-ba10b048ee19
directors_4643,Q119053380,Q131323887,Q119053380-2261a1ab-4630-c724-0c23-c198c0fdf20e
directors_4644,Q119059033,Q15458615,Q119059033-FA61D8D0-899D-4363-B367-BECB1FDCA907
directors_4645,Q11906150,Q2399329,Q11906150-C5FCCF4B-2BD1-406D-BAB3-C58839B3BEA7
directors_4646,Q119064873,Q2057920,Q119064873-c0849e4b-4ab5-57f1-412c-34d9af1f228e
directors_4647,Q11908166,Q28660265,Q11908166-2f62fff8-4063-1a37-a38b-8bcf8fb912ca
directors_4648,Q1190863,Q55430,q1190863-460754CC-DBBC-4ABA-9BA5-B9D8E4F8A64E
directors_4649,Q1190988,Q230448,q1190988-F6B66B56-D0B2-43D2-A9F7-572DA14526B8
directors_4650,Q11909982,Q444638,Q11909982-A458008B-6621-44DA-89F1-24BCDF9AB681
directors_4651,Q11910021,Q11916561,Q11910021-33ae03dd-4c22-9168-0d9d-79f3b810c0e7
directors_4652,Q1191106,Q4932299,q1191106-DA242627-654B-40B9-A410-4607C6898B31
directors_4653,Q119111677,Q113454650,Q119111677-66440B65-9FF4-4463-A7F5-4E3355FA4FC9
directors_4654,Q119111677,Q26308335,Q119111677-9DF7C7ED-A95C-47BC-B1AE-65F86AF05E6C
directors_4655,Q1191176,Q97754481,Q1191176-78243205-6375-4E4E-8434-9F558372F2FB
directors_4656,Q11912260,Q6662893,Q11912260-CBA67E81-E219-4B8A-ACBB-72385FBA9DB4
directors_4657,Q1191318,Q327436,Q1191318-243CFC0A-10FF-470A-B504-9CA2D8CF9606
directors_4658,Q11913252,Q19301721,Q11913252-5B4ACE59-154C-4C4E-BC0A-7C03B26DC8C7
directors_4659,Q119144307,Q13538517,Q119144307-32beee5e-4638-6dd5-0038-983c73a55990
directors_4660,Q119149787,Q317024,Q119149787-e3945610-42b7-9d76-24af-8f38c1b2fc33
directors_4661,Q119156315,Q16985950,Q119156315-FE4EC33E-0ADF-4C46-A7FE-2C88EE3E7DB8
directors_4662,Q1191668,Q1316131,q1191668-DB06677B-11F6-449C-8E98-7DC2CAD629DD
directors_4663,Q1191847,Q1052320,q1191847-779A2136-A9CC-489D-A3E5-8660F7F1EA4F
directors_4664,Q1191928,Q514859,q1191928-1E0AA03F-DB11-4DDE-801C-33516E42E4C4
directors_4665,Q119206814,Q6135721,Q119206814-e828a254-4487-1e58-78a8-d4e0cde610ab
directors_4666,Q119206819,Q292214,Q119206819-cf90ce8b-4628-2f23-e38f-2cd65693d4d7
directors_4667,Q1192128,Q2370675,Q1192128-1adf3eb3-4185-3ca6-fb34-01358c3a833b
directors_4668,Q11921378,Q3180247,Q11921378-FED2C0D2-83E7-4816-996F-FD5E6A047254
directors_4669,Q1192184,Q659288,q1192184-7C08F275-303C-4D23-BD15-B61372870552
directors_4670,Q1192189,Q657354,q1192189-A43A4ECB-1BB1-4E78-B27F-2F060D16BC85
directors_4671,Q1192239,Q1660871,Q1192239-19B2FCEF-5A89-474D-86DB-27401E86475F
directors_4672,Q119225271,Q115284261,Q119225271-d45f3f5d-45a9-6be6-1f3e-6e1e8276baa6
directors_4673,Q1192268,Q874844,q1192268-81ccedb4-4391-dc7a-cfa6-bcad17dff952
directors_4674,Q1192319,Q3367336,Q1192319-EBE3A834-DFB9-4827-A328-C12438DFCBB9
directors_4675,Q11923380,Q3180247,Q11923380-DBC2A003-4010-4DD0-AFB9-184CC63E2D91
directors_4676,Q1192353,Q3481552,q1192353-346E677D-1289-465A-82B6-B42C50430BD7
directors_4677,Q1192363,Q350903,q1192363-4A280932-50E7-4BD8-BF99-75ACDDC5F205
directors_4678,Q119238688,Q23304074,Q119238688-d05acb6e-492b-0e63-6436-f078c90f76d7
directors_4679,Q1192488,Q1323347,q1192488-B417F1FC-17B4-4F3B-947B-1D413652674F
directors_4680,Q11925815,Q103700952,Q11925815-ACC99B88-26BF-4077-8A8E-001D5ABFF6D4
directors_4681,Q1192731,Q4823022,q1192731-9D4227EF-B5F0-4252-A2CC-7E0546B8638A
directors_4682,Q1192764,Q5931301,q1192764-48D2DC1B-1316-4A45-976C-A5FFF250E061
directors_4683,Q11928,Q4137738,q11928-8AE3581F-5ABE-4050-9A7B-600599E9BEC9
directors_4684,Q1192874,Q385058,q1192874-D4BE06CD-C129-4391-8207-2AB9A194C25B
directors_4685,Q11930201,Q36618498,Q11930201-af22c28c-49cc-9417-b745-2e83120e0645
directors_4686,Q11931016,Q9098941,Q11931016-4AE966DA-7C5A-4B6B-83A3-F4703165E64F
directors_4687,Q1193235,Q2074912,Q1193235-82B5A5A2-F04B-49B5-B1F9-4A557C097347
directors_4688,Q1193282,Q3339752,q1193282-D6886115-B92B-458E-AF0B-1241F3EF25F2
directors_4689,Q1193350,Q113339518,Q1193350-F51F752F-C32B-4D27-8518-FCB2F7FD5173
directors_4690,Q1193360,Q107274,Q1193360-64C752D9-3930-4D5A-9414-839A3419C5A0
directors_4691,Q1193385,Q621514,q1193385-A8FD8133-2EBB-4415-AB0B-93BFB64D9ACE
directors_4692,Q119341,Q722135,q119341-FE0068DB-C616-4095-9719-579D30E8DC60
directors_4693,Q1193429,Q6092464,Q1193429-6A2608CF-163F-4C14-B957-8B65AFA7FA57
directors_4694,Q1193433,Q3089283,q1193433-476CD455-7A5D-4019-88A5-89C266362D43
directors_4695,Q1193443,Q2310642,q1193443-149FCB3F-8462-4F54-A1BF-06BF47842A86
directors_4696,Q1193481,Q21130159,Q1193481-49002661-46A0-49BC-B6CA-6C6968A1AE59
directors_4697,Q1193488,Q463565,q1193488-77AE3D30-0FC9-4719-AEAB-E1FF38822D6F
directors_4698,Q119348999,Q2663889,Q119348999-4e212061-45b8-3255-206e-fe0c5b212997
directors_4699,Q1193562,Q238315,q1193562-8C728ABB-7487-4F1C-B1EB-4A585057B5D1
directors_4700,Q1193633,Q940393,q1193633-F6060E8B-5B02-4501-9968-A170E191A133
directors_4701,Q1193803,Q131340913,Q1193803-C2E82D34-285D-4FD5-9A9F-A1DFC5C4B767
directors_4702,Q1193810,Q3535762,q1193810-311EBE88-60BA-4EF7-AE5B-8678BC01BAA2
directors_4703,Q11938525,Q19301721,Q11938525-78561181-8F5C-4DF5-9FA0-452FC68F0F11
directors_4704,Q1194035,Q528506,q1194035-9E893ABB-CBAD-4595-B4DA-7C6440855B04
directors_4705,Q119411068,Q1368300,Q119411068-61fe403d-4e09-9c85-1506-6b9733c0e295
directors_4706,Q119414655,Q5290645,Q119414655-354f7574-49b7-ed9e-1db4-d0943d20e73e
directors_4707,Q11942384,Q6203818,Q11942384-4FED1A15-5121-4FA9-BFBA-831CEADE1793
directors_4708,Q1194283,Q545669,q1194283-6C734C63-0705-488C-AECC-81CA06AF16AD
directors_4709,Q1194323,Q5649107,Q1194323-AD3272F5-48F9-4A29-98B0-6A3E61BE1EBB
directors_4710,Q119444402,Q108802027,Q119444402-588ad639-42e4-0256-27a9-fa429b0d482b
directors_4711,Q1194510,Q1416127,q1194510-1A1DBB22-370B-4E4C-90E0-6F3F5AA7B588
directors_4712,Q1194587,Q25100,q1194587-69F4F9D8-FBF8-458C-A737-E2A3C6F874E2
directors_4713,Q1194768,Q7612160,q1194768-5B649EB6-52F6-435B-9EB9-522488128DBB
directors_4714,Q1194810,Q447392,q1194810-B149317E-ED99-4FEC-B57E-2797A54DF088
directors_4715,Q1194947,Q31637,q1194947-B28FE414-4D22-49CE-81C7-BBB7F4107605
directors_4716,Q1195206,Q1100080,Q1195206-FCE30A27-FF2D-4DFD-BC18-7A023EE05D85
directors_4717,Q1195247,Q14133570,Q1195247-FA4E1A4C-FA37-4808-A84C-1CC42BC70FA2
directors_4718,Q119526,Q266535,q119526-E6CE3793-2D45-42F5-A574-A620E6D3B4E4
directors_4719,Q119529709,Q96951201,Q119529709-bb096773-49d1-3137-8552-5c903a765c22
directors_4720,Q11953007,Q19290111,Q11953007-29117971-2135-48F6-B8A3-5A6E2DEA480C
directors_4721,Q11953057,Q5785238,Q11953057-E5A46B1C-3567-4FEC-86AE-D112CC97BE8A
directors_4722,Q119549900,Q43203,Q119549900-c69f07a1-4614-28c1-4812-60ca0ae58f60
directors_4723,Q1195532,Q185783,q1195532-97712EE9-AA39-49CA-A150-8D6C0F0B7619
directors_4724,Q11955430,Q8183923,Q11955430-1B8A7F77-4F19-4F2C-9A48-EF77F5E52202
directors_4725,Q11956597,Q64534721,Q11956597-a1cf7baf-488a-66cd-568b-f84d8de50f53
directors_4726,Q11957679,Q11967816,Q11957679-400a934d-41c5-5542-b921-0b400da2333f
directors_4727,Q1195825,Q24701982,Q1195825-0B6AF544-E48E-45EB-9A58-226FBF2B0EF7
directors_4728,Q1195928,Q185783,q1195928-41ABCDB6-BFDE-4C70-9726-4887FEE729CB
directors_4729,Q1195980,Q3310148,q1195980-830100fe-43a3-b90f-4c26-8c9bb98152eb
directors_4730,Q11959981,Q24807481,Q11959981-FD5F0770-0DBD-45BA-B107-BF5B1B200DB8
directors_4731,Q1196024,Q3035037,q1196024-80326D02-270A-4942-891D-4881ECA09932
directors_4732,Q11960872,Q11963671,Q11960872-DE715AC3-188C-47AB-A511-C9C0E40EDB92
directors_4733,Q1196108,Q318712,q1196108-1483747E-D5BE-451C-8D09-167A1D4F0C52
directors_4734,Q119625134,Q23760948,Q119625134-D1D3FA8A-180C-476A-A342-0EC9CB93E991
directors_4735,Q119625136,Q1738023,Q119625136-4d4043b4-4ced-72a9-b4ed-1cdb2958aafd
directors_4736,Q1196277,Q270092,q1196277-8E3FD6FD-BACA-4A30-984F-70346CBDD9AC
directors_4737,Q11963321,Q1579416,q11963321-46a937cd-4a96-d406-57bf-064ad2cd803f
directors_4738,Q1196548,Q107274,Q1196548-7265187D-A36D-47F7-ADA7-92100FEDEB04
directors_4739,Q1196555,Q1308427,Q1196555-305C300D-663C-4E26-8060-89AE287BD584
directors_4740,Q1196588,Q112819,Q1196588-E0879516-8BA0-4CBE-B11F-AAE575AF8205
directors_4741,Q1196707,Q382081,q1196707-F34D66F5-666F-4589-BCFB-1B6ED1600615
directors_4742,Q11967389,Q3056581,Q11967389-25C13800-4FF8-4B4E-96F5-FE1F46A64A2B
directors_4743,Q11967418,Q63254044,Q11967418-8086D24A-CFF1-4497-8B62-14088577403C
directors_4744,Q119680224,Q332998,Q119680224-6f7ef556-4c49-eafe-2d5f-11fcfdcba740
directors_4745,Q11969071,Q17063823,Q11969071-63E01E27-A99D-4009-97CC-76DDCC02ED77
directors_4746,Q1196918,Q13455488,q1196918-e8096e9a-4138-f864-8152-0ef9ae1c1504
directors_4747,Q1196918,Q3361624,q1196918-61edf2bb-4626-fa45-d42e-97b1d6f86d31
directors_4748,Q1196940,Q4491501,Q1196940-2DDCF425-052A-46D3-B80D-D6416779BAE5
directors_4749,Q1196958,Q118817,q1196958-83ACEDC5-51D9-41FA-91BF-7647044A5E2E
directors_4750,Q1197022,Q287451,q1197022-C11C3644-295F-4555-BDE2-D6B9D9D1C7B1
directors_4751,Q119702307,Q1887437,Q119702307-453fe2e9-4314-42e4-2675-a4961826a3fc
directors_4752,Q119703216,Q123200800,Q119703216-d2bbc461-441b-fc42-cd3c-bf9476b4b66a
directors_4753,Q11970471,Q17194781,Q11970471-F7AFA058-6D82-45EF-8F6C-4E4C0382EB33
directors_4754,Q119718080,Q114158048,Q119718080-95d7baec-405a-e2a8-71ca-3230cfd5a68c
directors_4755,Q119718080,Q114158049,Q119718080-c5744d23-4eb8-f70f-3c95-34be3b9a27ec
directors_4756,Q1197224,Q1351284,Q1197224-7CE0F278-6D66-48C8-9F4B-17254E840826
directors_4757,Q1197236,Q1157704,q1197236-46D0B1F1-D1B9-4DDD-AA41-E66A5728A476
directors_4758,Q1197275,Q1496715,q1197275-5561D26F-9EB5-4900-B742-0413576D8337
directors_4759,Q1197284,Q464522,q1197284-936B2184-1F4B-47C4-B4DB-E9A5F3389310
directors_4760,Q1197306,Q725965,q1197306-95481E81-8B46-402C-BEF0-0926CD349FAC
directors_4761,Q11973291,Q22270121,Q11973291-945bb623-4fdd-e1c7-b358-5ded5b2d952d
directors_4762,Q1197427,Q459349,q1197427-B92FCA61-A0F7-4CC3-BAD3-8201E006E0BB
directors_4763,Q1197442,Q1140264,q1197442-91396954-6D2C-437A-8A6A-75133358390D
directors_4764,Q11975498,Q22666739,Q11975498-91d396df-4278-83a5-c295-db06961c6112
directors_4765,Q11975817,Q11997487,Q11975817-7A3F7E46-B17F-43DF-9929-1967E501E27D
directors_4766,Q1197657,Q928823,q1197657-34F53481-F152-417B-9109-F10702370F5A
directors_4767,Q11976727,Q12319685,Q11976727-43ac48a4-4211-4f70-cb3a-44c6e8fd5da1
directors_4768,Q11977315,Q17113810,Q11977315-27E035A3-5BEA-4F85-AFA6-D31F07CD08AA
directors_4769,Q1197796,Q28803330,Q1197796-4728A642-D3DF-4104-AD4D-042A2DAB7C22
directors_4770,Q1197808,Q122925,q1197808-75205a51-4af8-57ca-8471-142a70a81abd
directors_4771,Q1197833,Q5224939,q1197833-6D83CA75-6E12-42A4-959B-4FBF0FCF9446
directors_4772,Q1197841,Q7409771,Q1197841-208d0cc4-4f1a-7e63-4ecd-93456659951c
directors_4773,Q1197861,Q2834188,q1197861-4d3a60bf-4a08-1f4e-cd41-b9ff3ea792dc
directors_4774,Q1197861,Q3299877,q1197861-7027771d-4466-5f59-ec2c-d966c9f5d4a5
directors_4775,Q1197869,Q723252,q1197869-F27CF9A7-E2F9-4242-B081-AAFF5395338C
directors_4776,Q1197889,Q91508,q1197889-689ae910-4626-ae8c-bbae-f6cb057cbe56
directors_4777,Q1197932,Q103917,q1197932-6EBA0256-6079-4411-B798-4A788FD4047A
directors_4778,Q1198097,Q55210,q1198097-1812D60D-7966-49C1-B220-966FF1D24A50
directors_4779,Q119819384,Q119821251,Q119819384-f4bce8d7-4554-54e2-3d67-3c979003762c
directors_4780,Q1198214,Q101417921,Q1198214-94fdd2a8-42b5-ae83-304f-d41595058e2b
directors_4781,Q119821866,Q104867022,Q119821866-77e0e2d4-4ed0-1d52-e899-d26d0b54c802
directors_4782,Q11982239,Q3430900,Q11982239-C8E82942-D68B-4201-8AC9-08D690720E8E
directors_4783,Q1198315,Q101528,Q1198315-43A4C38F-3E49-4526-82D5-C127CB8AF97F
directors_4784,Q1198387,Q250627,q1198387-3D91FE4D-7565-42DB-BBC3-D7DE90853104
directors_4785,Q119841161,Q122710,Q119841161-89efc40f-4a73-8cbf-ec00-cd04661a13c4
directors_4786,Q1198420,Q2455962,q1198420-8FB88C8B-8EC7-4DE6-ADA9-14B911C1436D
directors_4787,Q1198434,Q116534,Q1198434-48A765AD-0A29-485C-81F2-8E246A3BE0F3
directors_4788,Q1198448,Q65105,Q1198448-0B1235AE-2E50-48DB-BE6F-EE30EB07FE75
directors_4789,Q11985403,Q3018342,q11985403-E0353F00-FAE7-47F0-B580-20150E996C1A
directors_4790,Q1198541,Q20657044,Q1198541-FCB0940F-1D4D-47F1-8EB2-7197F7B78F88
directors_4791,Q119856907,Q113450156,Q119856907-8044efbb-4a61-284d-00c6-1b1c4aa0b200
directors_4792,Q119856916,Q113155389,Q119856916-E3A0A550-088B-403B-969F-626DEF3C06B7
directors_4793,Q119856916,Q11461944,Q119856916-2b84fd67-4929-59d8-5653-c769f6f77942
directors_4794,Q119856939,Q1115734,Q119856939-a5eaab08-42a8-9dc7-492b-c0de6e6fc7a5
directors_4795,Q1198645,Q2262747,Q1198645-55AA7F58-1655-4431-B8A5-B9EFA85ACA4D
directors_4796,Q1198661,Q1792246,Q1198661-792DEB65-4587-4EC6-BA60-DF46AF16C322
directors_4797,Q1198760,Q2590787,Q1198760-96356724-6372-407F-BDAB-A38B3B73FF03
directors_4798,Q119882908,Q124381666,Q119882908-75c3996f-460c-e255-d966-1ceee134e424
directors_4799,Q119889,Q16875355,Q119889-36120CF1-2187-43B1-B923-54A4D901A24F
directors_4800,Q1198900,Q15821543,Q1198900-647A6081-627E-4596-9644-69711668CD89
directors_4801,Q11989059,Q11988524,Q11989059-2376de49-40aa-7f64-e896-266ccc13060b
directors_4802,Q119892802,Q7343062,Q119892802-1043a96e-4538-ae04-2729-50b8f3410e8d
directors_4803,Q119892837,Q60068685,Q119892837-63b0dd49-4432-6f1e-f573-304d66395c95
directors_4804,Q119893109,Q84431365,Q119893109-c783319e-4e17-dd9e-870c-cb19c3b17ec3
directors_4805,Q11989534,Q11958329,q11989534-531eb739-47ec-c15d-4d5b-7642b9b548ea
directors_4806,Q1199038,Q1635281,q1199038-22DC6F9C-CF56-40EC-BB32-2E4DC8039DA4
directors_4807,Q11991849,Q939321,Q11991849-ACDF53F7-3F3F-4C87-AFEF-FFF13D13FB5E
directors_4808,Q1199219,Q1451016,Q1199219-8a508c7e-4990-5abc-c5a7-d8288e448c73
directors_4809,Q1199219,Q298905,Q1199219-721b367d-4527-4de3-64a6-94fb823aa3c0
directors_4810,Q1199262,Q23829711,Q1199262-3f2c07f3-44fc-1396-5b5c-dcf1a32aeb30
directors_4811,Q1199262,Q23829725,Q1199262-666d7451-4145-8718-c373-6702b4fd48b9
directors_4812,Q11992900,Q6423882,Q11992900-6C2B608F-ABFF-4400-A185-673248D48EAD
directors_4813,Q1199381,Q224754,q1199381-41D58D8A-EB2B-4CB8-A987-2660A31F2930
directors_4814,Q11993850,Q113514864,Q11993850-CA943774-E46E-4EC9-9308-433EA70774AE
directors_4815,Q11993850,Q113514865,Q11993850-1BEE39A5-1C83-4799-A230-1F5610DB0CB0
directors_4816,Q119949072,Q6765571,Q119949072-1F6B08C4-286C-4914-8F34-006EB8F96C72
directors_4817,Q1199504,Q1453475,Q1199504-FF65CF63-F795-421F-A7E3-9207AE2BC37E
directors_4818,Q1199599,Q111908,q1199599-DC98FEBA-6B44-4116-9216-CCD9735FC7E6
directors_4819,Q1199733,Q707755,q1199733-7196EF76-805D-4E9D-BC1C-792DE7CAD45B
directors_4820,Q11997515,Q175498,Q11997515-F64BFD0C-B9C4-47ED-9B90-2991358BC2E1
directors_4821,Q119975269,Q23762527,Q119975269-4B231EEB-C985-4046-BF3B-7B3962BFA4AF
directors_4822,Q1199756,Q2964812,q1199756-71DDE19E-276F-4C41-ACC2-8F6BBA024B48
directors_4823,Q1199793,Q387412,q1199793-62E8879C-E71A-4230-B891-8069B5885951
directors_4824,Q1199853,Q1715333,Q1199853-3F3160F2-303F-45EF-8EFE-B067A0C1A57C
directors_4825,Q1199869,Q1429664,Q1199869-6A1BC01A-B7AF-457C-B39B-EC29DD15086D
directors_4826,Q11998696,Q22476924,Q11998696-7db7ff8e-48b3-2c20-3674-9b9765785d2c
directors_4827,Q11998696,Q2620582,Q11998696-08f76c0a-4286-dbde-0d53-7354a7622972
directors_4828,Q1199912,Q15148968,Q1199912-247F9967-119A-4E9F-881F-1D99C23DB55F
directors_4829,Q11999317,Q11988671,Q11999317-E467ADAE-D5D6-46C3-91F1-753553FF4491
directors_4830,Q1199960,Q64711844,Q1199960-E9B916E3-025B-4872-9250-9C06120AC0F0
directors_4831,Q1199960,Q64711872,Q1199960-3C2456CC-9A42-4363-B7B8-94FDD30B68CB
directors_4832,Q119998666,Q2834188,Q119998666-f777457b-41a7-9098-cd44-3141512afa2d
directors_4833,Q119998666,Q3299877,Q119998666-c336ceaa-439c-f1bc-81c8-b535ca5c950e
directors_4834,Q120001910,Q318712,Q120001910-cec8cba0-4b20-a31a-7db8-7db16fb46c64
directors_4835,Q12001226,Q17096928,Q12001226-1fb0a519-4937-deb2-d740-c04eac7443be
directors_4836,Q1200137,Q4969366,q1200137-F5EEAD1A-B353-4B36-B40B-B30780B81899
directors_4837,Q12004262,Q22283315,Q12004262-8ED6115C-2D72-4446-9F7D-446533079878
directors_4838,Q12005736,Q11991022,Q12005736-E0A6E867-3A27-484F-9C77-6E3E71F6CEF6
directors_4839,Q1200588,Q131321677,Q1200588-7F65EC6D-E999-454E-9311-6BDE4324D812
directors_4840,Q12006352,Q11957922,Q12006352-21AD6E98-2D6D-4D45-8CF7-C686AF01C7C6
directors_4841,Q12006689,Q10729540,Q12006689-31FF8E64-EFC4-439B-A0A4-1B1B65866DEC
directors_4842,Q12006689,Q22344468,Q12006689-c505a3dd-4185-8c76-da38-f51e6e1a65cd
directors_4843,Q12006724,Q22269507,Q12006724-996f7309-40e1-a43e-8a83-8379ba19f0e9
directors_4844,Q1200673,Q2630544,Q1200673-77DD2D96-D56C-4E49-94BA-5EC4F28BE853
directors_4845,Q12006966,Q95146806,Q12006966-66879576-1CBC-458A-92FF-B6A83ABF9AF8
directors_4846,Q120072944,Q2624066,Q120072944-d32070f3-4e85-1d11-2fdc-931bc7ebbf4d
directors_4847,Q12008230,Q3341663,Q12008230-27cab0a9-45b0-939c-9ff2-eaa2821ae84e
directors_4848,Q12008494,Q22280861,Q12008494-BE1D450B-3D71-4F12-ABA9-A8CAD2B5ADE1
directors_4849,Q1200856,Q106285396,Q1200856-6595C8D3-C806-4A40-A84A-2428818FECAB
directors_4850,Q12009052,Q1760206,Q12009052-02791D40-7843-4FC1-AAE8-3652002C8F23
directors_4851,Q120105,Q3341067,q120105-EC9FE73D-F732-4C04-993F-8685AD786B6E
directors_4852,Q1201141,Q1363428,q1201141-30CA6253-D56C-4ECF-93D6-7D3837E4C63E
directors_4853,Q1201149,Q1359422,q1201149-15088CE4-881D-47B0-8CA0-F6DE44E81232
directors_4854,Q1201169,Q432655,q1201169-583E71C7-C00B-425A-8DB0-D5953C3A74F6
directors_4855,Q12012208,Q16657845,Q12012208-549B6B4B-2279-4E05-A37E-FE3BED3ADB37
directors_4856,Q120122358,Q3741556,Q120122358-05bc5cb2-4963-5466-17f8-1cb8ff7697da
directors_4857,Q1201227,Q7613677,q1201227-868BD878-FB49-4809-9690-D0390A802E7E
directors_4858,Q120135479,Q3856239,Q120135479-f98e1997-4ff8-8a9a-2433-a3d604e33fe1
directors_4859,Q120135481,Q6762215,Q120135481-e6e494a7-4b84-6d5e-b050-e52cbb9fc497
directors_4860,Q12013827,Q643982,q12013827-902644B8-2047-42A9-8CE8-179DB9407A2B
directors_4861,Q120148120,Q117860233,Q120148120-907A5235-D647-409F-8F85-B1881D08114D
directors_4862,Q1201654,Q23901307,Q1201654-e8cdb3b1-472f-896f-6cc8-0c134bb9d6db
directors_4863,Q120170496,Q133815044,Q120170496-659253a4-42b4-ebc0-f0e3-762acd44cfe2
directors_4864,Q120176358,Q107188962,Q120176358-d68713e8-449a-268e-3937-e6b59f88b487
directors_4865,Q120176358,Q20753180,Q120176358-3ba12175-470d-3dda-c4b5-d761edc80435
directors_4866,Q1201853,Q1113146,q1201853-DA475839-C270-4045-B4A6-7491D23484D2
directors_4867,Q120188866,Q621836,Q120188866-32bef15e-4d61-e1d1-9315-860404e6602f
directors_4868,Q120188885,Q457493,Q120188885-1DB18A96-7775-4DFE-A15F-80D7EBD978C0
directors_4869,Q12019333,Q82022,Q12019333-BCCEB6F2-4FF0-4805-A1F1-0A5A8B2B64A5
directors_4870,Q12019701,Q11774357,Q12019701-9EE25C10-A108-485B-9DFD-EA93FE00CE55
directors_4871,Q120199162,Q115090270,Q120199162-8c8e8d98-4941-5068-6136-184265068d36
directors_4872,Q120200710,Q126956602,Q120200710-005d9daa-4811-c806-2479-bb6c68f7e850
directors_4873,Q120203597,Q2843189,Q120203597-f920620c-46ec-7b33-a0e2-58f4f591e3fe
directors_4874,Q12020642,Q95155990,Q12020642-C2EA9587-5204-43D9-BA7B-152B8359867F
directors_4875,Q12020767,Q6866971,Q12020767-ff307190-4d20-61f4-918b-c61c16270bea
directors_4876,Q12021405,Q73984765,Q12021405-63fac672-4930-fc8c-fb05-f7afb0fdad6b
directors_4877,Q12021561,Q95230584,Q12021561-E353D8AA-0034-4C36-B927-0C70368CF41C
directors_4878,Q120220874,Q12390516,Q120220874-6aec766f-41b6-87a9-f7bc-2b53df9d11f5
directors_4879,Q120237363,Q1782299,Q120237363-481818de-4660-3687-8e6c-5764a952f2ac
directors_4880,Q12024382,Q3018560,Q12024382-7f70f6c1-4bc6-b9d2-cfc2-b9e7265f2e34
directors_4881,Q12027144,Q12024956,Q12027144-92C9DBF6-5D8D-492E-9EAC-A38CEEB89CC0
directors_4882,Q12027866,Q169069,Q12027866-928707F3-6722-4FC7-9A14-D1551E866DB1
directors_4883,Q120278931,Q345838,Q120278931-2925efa0-44e6-3ffc-be41-75fbee1addb7
directors_4884,Q120279954,Q20090103,Q120279954-f7c6bfcc-47bf-6683-2647-68d303fc82fe
directors_4885,Q12029129,Q12050800,Q12029129-AB6105E9-7CE0-4F56-BD7B-67BC4543759A
directors_4886,Q12029318,Q11898462,Q12029318-C0982E1A-42E9-4F38-A0EF-C5B2E27F6D7D
directors_4887,Q120298449,Q133319573,Q120298449-80D362D0-60C8-486F-94C5-D21FE619098A
directors_4888,Q12031667,Q1386296,Q12031667-C63F3797-C522-41DE-9838-559EBABC0F75
directors_4889,Q12032042,Q12037779,Q12032042-9f2f86c3-42d8-fbf2-b839-b538b30a5237
directors_4890,Q12032316,Q94294662,Q12032316-0d6e063e-4692-24ea-3f4f-6fd3dc5dbb7a
directors_4891,Q12032430,Q12059208,Q12032430-1E8BEE66-6939-4BE7-949B-33ED10D1A6A2
directors_4892,Q1203252,Q590853,q1203252-599ddc95-446a-3826-7905-fbb69b1d79aa
directors_4893,Q120326801,Q43530074,Q120326801-f95ec3fa-4e80-38c1-04fc-527be61b12c0
directors_4894,Q120328157,Q167090,Q120328157-804989de-4149-b778-6fea-248afe64364c
directors_4895,Q120333136,Q97274835,Q120333136-C64DDF79-C262-48E1-9292-37BEF46515F2
directors_4896,Q120333402,Q11476990,Q120333402-997863AF-32D8-4EA6-A688-3B226248ACBD
directors_4897,Q120333457,Q11383814,Q120333457-288F728C-2C1B-4233-8562-7CF755FBC27A
directors_4898,Q12034536,Q10330007,Q12034536-3CE1F1F0-831D-494D-86F6-9CD6BB0F9ADF
directors_4899,Q12034540,Q32993856,Q12034540-3ACCCCB3-0DE9-4973-90F4-6CF2A94AD3F3
directors_4900,Q12034613,Q6763002,Q12034613-D5570D77-3C01-4345-956B-B0DD751A43D7
directors_4901,Q12034614,Q1681872,q12034614-809E301D-5395-4E4E-97EE-CC29330EC212
directors_4902,Q12035179,Q3489129,Q12035179-098899D8-C4A4-482C-9164-FF925EDEB6C0
directors_4903,Q12035878,Q48559621,Q12035878-A01C3D66-4197-4548-97B2-06912337489B
directors_4904,Q12036415,Q7172740,Q12036415-DB1D48BA-FA60-4D99-8B6F-400AF70B0DD3
directors_4905,Q120375703,Q317343,Q120375703-7eb8bec5-4c97-e174-0997-e7e0c462398a
directors_4906,Q12038450,Q95179964,Q12038450-B7158962-03F5-47F8-8111-0491FA7BAAB7
directors_4907,Q12038544,Q137261,Q12038544-23783D6F-2852-4305-8015-3E6C9E18468F
directors_4908,Q12039065,Q12049525,Q12039065-9BD84DB2-3046-4736-8899-F509CE7391D4
directors_4909,Q12039144,Q1386296,Q12039144-ed5ec9b3-4273-7842-5316-a84a1665aaba
directors_4910,Q12039458,Q17024517,Q12039458-E6AD9D96-0F22-425D-897E-3054FCC2CCF6
directors_4911,Q12039599,Q5448516,Q12039599-5068D699-2951-4BD8-8494-28AE6E300C86
directors_4912,Q12040479,Q95379874,Q12040479-86F924D0-29D5-4CE4-B19A-42AC8954E1E9
directors_4913,Q12040527,Q48559621,Q12040527-2132f012-45c3-27d7-3273-e2db482e0cfc
directors_4914,Q12040576,Q169069,Q12040576-E84CCEBA-CD23-4D14-AC80-10B0409AF8BF
directors_4915,Q12040699,Q12025538,Q12040699-EB1D1B4E-BAA8-4677-8FA3-DDC2F9B5CD50
directors_4916,Q12040709,Q12022017,Q12040709-33F97D77-BB63-49EE-B9C5-A703A1183974
directors_4917,Q12040838,Q1681872,Q12040838-FDDC6E8F-472E-4966-8E96-28FC12F0DDEA
directors_4918,Q12040847,Q11898137,Q12040847-BB194FEB-2E40-4836-84FA-7CCB0447277C
directors_4919,Q120414395,Q125876553,Q120414395-9b384ae2-41fb-9a2b-70f3-59c57a7c31db
directors_4920,Q12042058,Q112436816,Q12042058-951979E5-7D11-4D45-ADD2-1214864AE634
directors_4921,Q12042058,Q12022908,Q12042058-FEECA45E-E0C5-481F-8168-F16182A3CF64
directors_4922,Q12042217,Q1681872,Q12042217-21223AA0-AF6C-44DD-8C06-63D576073972
directors_4923,Q12042313,Q12042553,Q12042313-6D87D17B-3C68-4A6C-88C5-F4DE37B3B81D
directors_4924,Q12042997,Q20901935,Q12042997-A50AD5AF-21B1-4DBA-B450-342648A94501
directors_4925,Q12044562,Q12037507,Q12044562-53d94627-48c3-ec47-bfab-ada39b1a445e
directors_4926,Q120450842,Q65134137,Q120450842-97861e31-44bc-9334-2c13-4ef747b78c19
directors_4927,Q12046251,Q12035298,Q12046251-67AEC3BA-A18D-4F76-BE42-E36E0D832AA9
directors_4928,Q12047019,Q169069,Q12047019-98637cdf-4355-c543-4eec-05e06f0eedc5
directors_4929,Q12047054,Q12037507,Q12047054-8F09F9AD-1938-4F92-994A-48FFEFC9265A
directors_4930,Q12047594,Q3564148,Q12047594-B6F50234-F929-41B8-8C0E-002F95DCDF02
directors_4931,Q120476405,Q33436902,Q120476405-a3518eb4-47f6-e197-0a64-dfe646059bff
directors_4932,Q120476405,Q3369289,Q120476405-74f7cedf-4098-ea09-d280-abd2a975a714
directors_4933,Q12047658,Q11853913,Q12047658-3FA5D33C-8582-48DC-8594-EF7674DAE1D9
directors_4934,Q12047658,Q13522504,Q12047658-67F4F3E0-0B49-4866-B1B9-04833D6F9260
directors_4935,Q12048112,Q66382920,Q12048112-174ec8fb-462e-2202-912f-f25e213de806
directors_4936,Q12048155,Q3377560,Q12048155-e8e45d8c-4133-b71e-aad0-4365fbd3ed28
directors_4937,Q120483136,Q99929647,Q120483136-cd4246d2-46bf-b973-0c61-061c5c07e7f3
directors_4938,Q120483136,Q99929648,Q120483136-25fb8511-4486-ff98-f8b4-01e1638094e9
directors_4939,Q120486845,Q123476,Q120486845-fe814839-4973-120c-82eb-42b9e1ee7eeb
directors_4940,Q120487741,Q339551,Q120487741-42C29A46-248D-4DF3-BD49-DC17E49FDDCD
directors_4941,Q12049257,Q380608,Q12049257-7f2d1a8d-4c7f-6815-ce83-39455b2a0a29
directors_4942,Q12049291,Q3489129,Q12049291-D9431D31-576A-4C56-8EC7-AF91F93E8CCE
directors_4943,Q120495641,Q111090396,Q120495641-626caf39-439e-0533-d687-59b196996658
directors_4944,Q12049575,Q12049525,Q12049575-F2006540-C43B-497D-A649-2DAFACAA8935
directors_4945,Q12049993,Q54860092,Q12049993-78e6bca0-4788-f1bb-d0a4-d9ea285c1552
directors_4946,Q12050332,Q189080,Q12050332-a6468cdf-4518-26fd-4859-d1950ef48ebd
directors_4947,Q12050995,Q967970,Q12050995-39B7A4ED-A5F7-4F48-9B95-771B2FA88DCF
directors_4948,Q120514821,Q4124084,Q120514821-12d2ac4e-4141-1631-aaec-be30680dc31e
directors_4949,Q120532060,Q621836,Q120532060-b028db11-4683-c370-c292-d37fb3d0c80a
directors_4950,Q12054232,Q12059363,Q12054232-622C363F-F81E-44EA-AF90-F76D579DDF0B
directors_4951,Q12055102,Q1717054,Q12055102-79e87356-4e09-e94e-ee5f-5e33d06f625d
directors_4952,Q12058215,Q12037779,Q12058215-8F5D026B-660F-4299-BC88-221CE75F97B1
directors_4953,Q12058240,Q12356666,Q12058240-8BB5AE13-0929-4F78-940F-A503CD1C8446
directors_4954,Q12058853,Q107468252,Q12058853-A2E015A3-4A93-4042-9671-E4356DC45166
directors_4955,Q12058853,Q107641451,Q12058853-ECA4D522-E197-4FD2-B4D4-0005CD72B26B
directors_4956,Q12060397,Q6203818,Q12060397-4E017417-A39D-448A-9E7E-50B95FA96221
directors_4957,Q1206255,Q107274,Q1206255-385a7d11-4815-4680-0b60-80fd9092a5ea
directors_4958,Q1206255,Q108417,Q1206255-f32a09a6-440e-fcc2-e4fb-50fa16ce5f5d
directors_4959,Q1206255,Q1582632,Q1206255-a2d22225-409f-6cbf-2f10-12d7719d32dc
directors_4960,Q1206255,Q1673648,Q1206255-5d9fe826-4dc6-1852-a337-58ba630d678f
directors_4961,Q1206255,Q27458641,Q1206255-3af8d9b7-49dd-e2e0-15a4-7851e7a70d87
directors_4962,Q1206255,Q57231,Q1206255-5c6a2d85-4a9e-ef28-278c-1c883b9e65d9
directors_4963,Q1206255,Q60669,Q1206255-6dcbbf2f-42ed-7cfa-71c2-ff0509928ee4
directors_4964,Q1206255,Q69344,Q1206255-78a5a9ac-46df-f2dd-806f-52c786711de3
directors_4965,Q1206255,Q71650,Q1206255-c4a968ac-4a1a-b9c7-d781-72c63dcf7e28
directors_4966,Q1206255,Q72685,Q1206255-76662290-405e-fe15-7867-6fe17cd2172f
directors_4967,Q1206255,Q77061,Q1206255-0983ec2b-4125-ae0b-c957-98c651c36ba5
directors_4968,Q1206255,Q78717,Q1206255-7d6aae4e-4308-fbfb-81f5-631f7d155e46
directors_4969,Q1206255,Q84409,Q1206255-83c8cbae-47a5-0ddb-3afc-c85655eceba6
directors_4970,Q1206255,Q89870,Q1206255-e5aaea75-4687-5cc2-131d-2d3cba21b95f
directors_4971,Q12062955,Q4368107,Q12062955-895CDFD3-8D0A-4EFE-915F-8975D3E4E8F9
directors_4972,Q120637256,Q120636939,Q120637256-5f790d1d-4f11-50c9-2cf3-ec183f296e77
directors_4973,Q120648855,Q90045079,Q120648855-140e9136-48b8-491e-f2a5-3b447e683d91
directors_4974,Q120653230,Q2850578,Q120653230-7be9b32f-4073-77c7-31e1-df44200fd596
directors_4975,Q120667890,Q110120759,Q120667890-4BB4BDD7-86AA-4013-8359-479FA48CE0DC
directors_4976,Q1206739,Q141216764,Q1206739-85d93211-4fdc-1ab4-2bb0-ec37d4bb09ac
directors_4977,Q1206820,Q3181441,q1206820-9A8AD41D-EA78-4FC6-9AD0-F9AA5BD48D6C
directors_4978,Q1206836,Q3785786,q1206836-9A2AFA7A-9AAB-4A0D-9C7F-FC76D5D75AE5
directors_4979,Q1206842,Q8005891,q1206842-2868C588-9D0A-42EC-9054-ADAD72D160FD
directors_4980,Q120693835,Q116753290,Q120693835-b721ff64-485b-efe9-049f-c61a22a5542a
directors_4981,Q12071513,Q431505,q12071513-36828075-4C65-4D7D-9605-604305E8DAC8
directors_4982,Q120717599,Q113654397,Q120717599-ff11feba-41de-9e13-a779-6fb4d57f2343
directors_4983,Q120720896,Q3350953,Q120720896-95d74cb1-4c48-00e2-726f-fad1b76a0ff9
directors_4984,Q120721913,Q114051514,Q120721913-45670d6f-41cf-c10c-4769-8211105986b7
directors_4985,Q1207463,Q8000026,q1207463-54BBF767-C0DD-470B-B76F-7F79768D5E2B
directors_4986,Q1207520,Q3150542,q1207520-C9FDA03A-DF59-4D39-8516-C4B908767CB0
directors_4987,Q120752067,Q212167,Q120752067-7538918b-4d1a-cb67-d1a4-6b805546a9b5
directors_4988,Q120753197,Q4116430,Q120753197-3a0d4512-4601-f992-72ea-1338a6d8a2ac
directors_4989,Q120758628,Q16221753,Q120758628-192f165a-4dce-05e7-c97f-f82a8ec2d0f9
directors_4990,Q120758628,Q6788348,Q120758628-73f3391f-4a96-4bd0-0fcb-35704a8d7be1
directors_4991,Q120758667,Q11718051,Q120758667-17133ed6-4ff7-2994-f46f-39c4a65dffaf
directors_4992,Q120775760,Q2056676,Q120775760-37bd3ef5-4e4d-7aad-ca47-cd16c4d8bd84
directors_4993,Q12077996,Q1680815,Q12077996-73841A66-2E58-4835-80A4-F65C9CDCA481
directors_4994,Q120793569,Q3719573,Q120793569-fe0bb761-4a2c-3239-2872-ed3f222f0ae4
directors_4995,Q12080483,Q4279446,q12080483-82D90C39-8FDF-4795-8ABA-511C58A11998
directors_4996,Q1208193,Q3859421,q1208193-08C23C9F-BC74-4139-A8C1-B6A63C77E2C1
directors_4997,Q120825043,Q381539,Q120825043-7d85a796-44c1-b09c-3104-100aef7f8c49
directors_4998,Q120828163,Q725006,Q120828163-b9ca5fa7-4e7f-498f-5330-7502f873e26a
directors_4999,Q120829387,Q124708514,Q120829387-1D6FF929-7A81-415E-AB8A-F4BC8E16F7BC
directors_5000,Q1208409,Q1354716,q1208409-4A6CCE3E-1B5A-465D-A605-0AB35C45D6B4
directors_5001,Q1208472,Q1387804,q1208472-FCFD56D7-3B4A-4BBE-A219-EB5707E67476
directors_5002,Q1208653,Q1524458,q1208653-11DE67DD-D9A5-4A25-B33C-E42BF4F4825E
directors_5003,Q1208694,Q181678,q1208694-468742B8-E40B-49FC-9EE9-CAC5987D0E68
directors_5004,Q1208694,Q726182,q1208694-442A29E0-8046-4B2D-A163-7A8BE294B0C4
directors_5005,Q120869836,Q138005,Q120869836-5dbd3b31-4759-38c8-6d69-9d31c99c3c27
directors_5006,Q120881724,Q2070360,Q120881724-aaf43117-4fe9-231d-2761-d7ff73a502b4
directors_5007,Q120887939,Q106282897,Q120887939-2569c360-4a7f-958a-2f4e-ef1cd14e1f67
directors_5008,Q120888501,Q2380085,Q120888501-e32a2ea4-47b6-499b-3783-a4c0dd010839
directors_5009,Q120897557,Q17220313,Q120897557-947de8f1-422e-0b47-8aa8-5629c2195844
directors_5010,Q120900212,Q940107,Q120900212-f8272ab9-459f-89b0-b908-7776fda617d6
directors_5011,Q120900642,Q120900794,Q120900642-18f3363a-4490-a0fd-b6b2-afb78f24bace
directors_5012,Q120913651,Q3903764,Q120913651-c1009eb9-4063-5969-757f-94ae80edbe8b
directors_5013,Q120914277,Q63491,Q120914277-471f1522-4cab-af1e-18b3-f2becd84c7f2
directors_5014,Q120914605,Q95210930,Q120914605-88996804-4d41-fce7-f2fd-1f0e08d24840
directors_5015,Q1209189,Q51511,q1209189-1B8E1B4E-ABE4-496D-B593-FA07B5817B5A
directors_5016,Q120922062,Q487607,Q120922062-DE73351E-FA15-4DF5-8F92-8C7DC7BFD6F8
directors_5017,Q120970471,Q124737945,Q120970471-2f9ead38-4d2b-3b82-1a92-59e4caa27856
directors_5018,Q120972017,Q5234447,Q120972017-d92135a0-4cb3-6a8e-5161-f684d7855189
directors_5019,Q120986976,Q3176610,Q120986976-0D0AB03C-BCE3-4EC1-B79D-AC4BC2BDBF40
directors_5020,Q120999839,Q124708606,Q120999839-BE7BFE95-FDB1-45E7-BFC8-027E290876E0
directors_5021,Q12100047,Q17151048,Q12100047-909DC35F-F57C-46A7-ADC2-5CBE8B06F162
directors_5022,Q12100134,Q1154230,q12100134-5DC41E30-58B4-4639-9DF5-209F885180C6
directors_5023,Q12100164,Q7804290,Q12100164-57A0633C-4199-4054-975B-FEB3EAAE4B2D
directors_5024,Q12100227,Q15715283,Q12100227-EF69F37B-56C7-4FE8-9E71-2431FBE9229B
directors_5025,Q1210033,Q3470574,q1210033-F7D141EE-92DD-4FD7-84A4-7D17362629D0
directors_5026,Q12100409,Q1384822,q12100409-B01420DF-3129-4B28-9BF5-1EF7C818B314
directors_5027,Q12100591,Q5249354,q12100591-052CBE3E-C6AA-4C16-9AA2-9747218A5DF2
directors_5028,Q12100606,Q106270877,Q12100606-A782BC9A-2794-4568-95E0-4AA7A287611D
directors_5029,Q12101183,Q113997187,Q12101183-05655D5B-9EA2-48D3-9A5F-4E6DD300D765
directors_5030,Q12101199,Q23697472,Q12101199-c517b39d-4764-55ce-538a-f1a0cf3783df
directors_5031,Q12101269,Q5702654,q12101269-F2DA33E3-9767-45A4-9978-B5C04FE002A9
directors_5032,Q12101298,Q306403,q12101298-C0B848E1-80BE-4F28-B9C9-A843BF0ED956
directors_5033,Q12101676,Q5233216,q12101676-E526744F-409C-48F7-ABAD-8531D0B2B73C
directors_5034,Q12101803,Q18098248,Q12101803-B45F4AE0-8F3C-4A29-84DC-7621F01DFEDB
directors_5035,Q12101917,Q114101434,Q12101917-ECB5C8D6-3CD7-4279-9478-25B7848A5C70
directors_5036,Q12101917,Q114101435,Q12101917-5D7886BF-250D-420C-AE23-D58D5C9155CC
directors_5037,Q12101942,Q24809320,Q12101942-ace4d654-4d6c-a446-ac63-9589b42ec6a2
directors_5038,Q12101942,Q6384993,q12101942-9F4655BD-DA74-4E04-99E6-1B89B8FEE3B5
directors_5039,Q12101942,Q721429,q12101942-F1A08889-D45C-4E34-A4AE-F242383107C4
directors_5040,Q1210206,Q103646,q1210206-D12E340F-20AC-4570-B9F5-BB094CA3E4B1
directors_5041,Q12102236,Q5214035,q12102236-16504286-8E47-4360-AE30-84FB1C1537F6
directors_5042,Q12102493,Q5113401,q12102493-E7E6BCE7-099F-4E08-8C19-6334E2BF4822
directors_5043,Q12102623,Q6377395,q12102623-AD30FA04-412E-4024-B5C5-1DE603AFB4B6
directors_5044,Q12102714,Q66429804,Q12102714-026A083A-8B33-400C-91A9-F52C7D0F1A88
directors_5045,Q12103271,Q3061272,Q12103271-26FE5F99-7AE6-4666-85F6-FF88B66D6CDB
directors_5046,Q12103341,Q114158046,Q12103341-9A2C3CAF-E062-487E-9525-9BA8FB928D37
directors_5047,Q12103382,Q3192010,q12103382-A5EE8566-51FD-4466-8DB4-31EF7B277F0C
directors_5048,Q12104216,Q983547,q12104216-AFAFD9E3-876B-4882-A933-E921208E5492
directors_5049,Q12105192,Q3161646,q12105192-6ACD9DED-E51F-4A67-8603-C4FD4BDCF091
directors_5050,Q12105369,Q11838147,q12105369-83AB4CD7-19C3-413C-92EA-9F6E6B0BC58A
directors_5051,Q12105865,Q7611855,q12105865-B19C2D56-D1A5-4D3C-B014-90263545A021
directors_5052,Q12106382,Q12088038,Q12106382-3E403818-86AA-49B7-B15D-744022813B1B
directors_5053,Q12106680,Q18921688,Q12106680-6B90E176-E250-4B39-9A67-48544FC5D1B6
directors_5054,Q12106800,Q3745742,q12106800-23E9BF02-3703-4587-9CF0-22152A1EC406
directors_5055,Q12106874,Q17332507,Q12106874-20B7D2A5-C5BB-453A-B6A6-0CE9B9F77ECA
directors_5056,Q121074924,Q1701629,Q121074924-92e6008a-454d-85e4-4de8-29c355f48f30
directors_5057,Q1210754,Q105519,Q1210754-d8faeb23-4a1e-cc0a-fe44-61ef1a9822c5
directors_5058,Q121076570,Q5301060,Q121076570-65e46395-4bb1-04d4-1db1-6f50277e87ca
directors_5059,Q1210776,Q733129,q1210776-386F7FC5-E4F9-4AF7-A1FA-365A8C30B556
directors_5060,Q1210813,Q104747,Q1210813-B30F53FD-BB4B-4D67-A6E1-418DC4B20FFA
directors_5061,Q121084614,Q125908471,Q121084614-07c96301-4f07-308a-c0bf-22cdfd747a59
directors_5062,Q121085761,Q5109654,Q121085761-d5c53c0f-43a5-ca12-5dec-95edaad161b0
directors_5063,Q121088318,Q287607,Q121088318-cc028339-4325-7f8e-4e25-c651eb670128
directors_5064,Q12109044,Q7595941,q12109044-C7E7EDE7-EA5F-45D5-B319-1E5BF391B56B
directors_5065,Q121091587,Q4351712,Q121091587-0d583c15-4d06-3bf6-0852-a0a0c0c624e2
directors_5066,Q121092656,Q61390975,Q121092656-3562bae7-402e-7c52-e26f-a38699751a1c
directors_5067,Q1210944,Q2941871,q1210944-61586795-88EF-43C4-ACB4-D4D93C1A2E58
directors_5068,Q12110058,Q108829796,Q12110058-c8c924ee-4c4c-0bf8-5065-fec4e76c8f8a
directors_5069,Q1211033,Q1403753,Q1211033-FBCC43A8-B25A-4248-9E27-88694D737609
directors_5070,Q12111204,Q113365831,Q12111204-A86AB031-9DE2-4B5D-87F3-CA19E9459430
directors_5071,Q1211121,Q1045683,Q1211121-9AFF8999-9DC8-4B3A-A70A-00F22A798B7E
directors_5072,Q1211143,Q271284,q1211143-6E250D04-8C11-479B-ABA3-3D14629BF025
directors_5073,Q121118356,Q67541567,Q121118356-4adb01c0-4fe4-9fdd-7ff1-66307830e7c0
directors_5074,Q121118356,Q738880,Q121118356-9ed24553-4fda-65e8-0837-efdca0da3abc
directors_5075,Q1211197,Q296698,q1211197-3CC4E6E1-44C2-4873-884D-74FDF0E5DA06
directors_5076,Q12112362,Q704742,q12112362-EB1AC002-D8AD-4CE4-9E2F-BFD59F35CA6B
directors_5077,Q1211239,Q2916255,q1211239-00698B36-D0F1-4090-86A2-4E8B4D3F8147
directors_5078,Q12112556,Q26997122,Q12112556-a06d0c6f-4e22-89de-8ccf-552d9b01942d
directors_5079,Q12115464,Q114312499,Q12115464-B6AAADB9-5AAA-42FA-86E4-D602EE3159E2
directors_5080,Q121157711,Q30931246,Q121157711-34eb4ae9-4b95-61f4-48cf-af59e42735c4
directors_5081,Q12116433,Q6212564,q12116433-A527D8AA-89A1-490D-9B22-6DC3CF3E622F
directors_5082,Q1211655,Q60231178,Q1211655-0bf70222-4750-53db-8b9d-8ad7bc8633ab
directors_5083,Q1211672,Q55375,q1211672-6DD03000-7F41-47FE-8D00-850D382A9F05
directors_5084,Q1211675,Q1252569,Q1211675-cfdde7f3-4559-dd8e-1e90-bed4ff80fd7f
directors_5085,Q1211798,Q1761332,q1211798-09A33ACE-5B01-41D2-A66F-BBCF78F124CF
directors_5086,Q12118237,Q4760880,q12118237-C9577819-D5CB-4EB3-8424-4F21522D0CDC
directors_5087,Q1211833,Q1859686,q1211833-949B2E57-CED7-47E4-BB9E-1795841D427B
directors_5088,Q1211837,Q40035,q1211837-E712C3A4-74D4-48D9-A4C5-8713988F9135
directors_5089,Q12118381,Q11763135,Q12118381-88961023-96C5-4E58-B9B7-F8F9FC4D1405
directors_5090,Q12118578,Q113576054,Q12118578-0ED60B9C-99CF-4E8F-9479-679B6984FB09
directors_5091,Q1211859,Q113155407,Q1211859-BDD35AB2-FC0B-4DA3-B377-D63684140E16
directors_5092,Q12118607,Q738410,q12118607-6535FABE-907F-4C90-B279-1FE1D244C73B
directors_5093,Q12119063,Q114065720,Q12119063-62C9D57C-7F92-4166-B339-E3419A681F9B
directors_5094,Q12119563,Q113997188,Q12119563-8AB82F08-B327-4190-8C10-F30C63EF5F5A
directors_5095,Q12119732,Q113540550,Q12119732-E1D7F66E-271E-4B7C-859D-92E386A1B17C
directors_5096,Q121200137,Q1248032,Q121200137-cd2381be-425e-b420-3361-d4b58fbc3436
directors_5097,Q1212068,Q323817,q1212068-95D9F0C5-D430-4801-A206-49DAF826B642
directors_5098,Q1212124,Q3320039,q1212124-3c7f787a-4fb5-8dd3-7678-89a0f0dfd6cd
directors_5099,Q1212139,Q22323567,q1212139-3176C53F-460B-46C3-93B9-9B4692E713BE
directors_5100,Q1212139,Q8003113,q1212139-05A8C2DA-FCC4-41C0-98E9-4B5A7BC9F823
directors_5101,Q1212198,Q1361200,q1212198-ECD116BB-88D9-4579-8AD4-B84CA9E2D13C
directors_5102,Q1212275,Q1929666,Q1212275-57424D3A-E3D6-4F21-9AFF-F02BD6B3DA46
directors_5103,Q12122876,Q6788347,q12122876-90121139-D309-455A-9E06-4917488DFECB
directors_5104,Q1212304,Q14071541,q1212304-363CB9D1-ED0B-4B02-B15D-9B8F66825A53
directors_5105,Q12124504,Q114051516,Q12124504-692F8FD0-F8EC-428F-BB30-B12BAC92852C
directors_5106,Q12124515,Q113957527,Q12124515-6BB013FC-7C92-4F6C-B486-C5CF70171348
directors_5107,Q12124580,Q117860863,Q12124580-869434E9-0715-464F-8EDE-685E8A5B2A8B
directors_5108,Q12124611,Q385770,q12124611-BA65A292-FF76-4FC2-98BD-96187569F1A6
directors_5109,Q12124618,Q84799328,Q12124618-0C9A66F0-B33D-40C4-B031-1787D22DDADA
directors_5110,Q12124629,Q721300,q12124629-174D4DBB-2AE6-40E5-B5B8-0AA9198FECF3
directors_5111,Q12124671,Q3416098,q12124671-E3A6306E-D0FD-40B1-AC50-D1F00C3DA66C
directors_5112,Q12124674,Q106498474,Q12124674-821e17f1-4287-8e7d-58c0-021ad3a2ac45
directors_5113,Q12124681,Q18350026,Q12124681-C305E8B3-D16C-4BEB-A157-00774CF84BC1
directors_5114,Q12124714,Q455279,q12124714-5883FE0E-AE4B-4505-8BBA-A5225207B627
directors_5115,Q12124716,Q610764,Q12124716-70AB1A8B-21AF-42DF-8D7B-0AA154135B37
directors_5116,Q12124719,Q75945254,Q12124719-DB426217-F8AF-4674-9A98-E1E41F9F5118
directors_5117,Q12124720,Q6307194,q12124720-F5752FA0-BF29-4E16-9311-3E0F4771BB35
directors_5118,Q12124723,Q4773493,q12124723-81D0B66D-72B6-49F2-9EE6-2EBD411AF484
directors_5119,Q12124746,Q38053960,Q12124746-9588E1F6-7121-4083-A68A-1825A0B50CEE
directors_5120,Q12124760,Q16213587,Q12124760-287e4710-437e-8fcd-dc16-f45ab1d3d940
directors_5121,Q12124773,Q2278533,q12124773-D26DF41B-11EA-4DD8-90D3-BD96F3CA6A89
directors_5122,Q12124774,Q6258785,q12124774-8C4B51D7-7013-44C0-91BC-1D4BFAC59F87
directors_5123,Q12124778,Q15429643,Q12124778-3A2E2EB1-40C5-4893-88DB-8A4C065CE251
directors_5124,Q12124817,Q5231620,q12124817-26CB4C04-3E17-40C1-A256-33260424B618
directors_5125,Q12124824,Q26255719,Q12124824-5FB7775A-5B26-4AB3-B19E-8D1749595371
directors_5126,Q12124852,Q16205191,Q12124852-ADEBBC33-D715-42BC-B147-F2489633C591
directors_5127,Q12124893,Q113559031,Q12124893-ED2C6777-063D-4AD3-9862-1C46F3A12717
directors_5128,Q12124911,Q50414499,Q12124911-0596A2A6-093A-4662-AF9C-3558613FB56E
directors_5129,Q12124915,Q117859023,Q12124915-0DCEE57D-2581-41F1-A611-091B8C0E68A0
directors_5130,Q12124915,Q117860789,Q12124915-A26DFCDD-0EB4-4194-ADC2-56EA499B81DC
directors_5131,Q12124935,Q117863156,Q12124935-69071692-9024-46F3-BA89-8C29DC6EBF59
directors_5132,Q121249372,Q116753290,Q121249372-62e0e4ee-450f-6885-37d1-217a917966d7
directors_5133,Q12124949,Q115110669,Q12124949-172980B3-7001-408D-B44C-D11624EA9F5D
directors_5134,Q12124953,Q686301,q12124953-D281B5D7-0C2C-4A3A-BB94-0EB35114BED2
directors_5135,Q12124977,Q114143282,Q12124977-254DBB39-04CB-4B8F-884F-CF96657F23DE
directors_5136,Q12124983,Q4980443,q12124983-6B9BA4E5-FE10-40F3-95CE-5A42EEF2F5DC
directors_5137,Q12124989,Q42314136,Q12124989-73BD81CF-C5EA-47C0-AE3D-D1D76F0D134F
directors_5138,Q12125011,Q5234108,q12125011-2BB55F37-E7CE-42F5-BF5D-BDF624ABD47E
directors_5139,Q12125038,Q7088065,q12125038-9F72FF93-E725-4C46-84F5-B6F10BD4BAEB
directors_5140,Q12125042,Q62648766,Q12125042-CAFE5530-6BA6-4FB0-BE28-67FCD605178A
directors_5141,Q12125045,Q106374624,Q12125045-1CE9DD41-C5A9-40B8-827F-FA16059F5505
directors_5142,Q12125062,Q7364111,q12125062-DB7D9786-6D0F-4346-9765-2CC7685B2F41
directors_5143,Q12125083,Q6139878,q12125083-DDD81606-562C-495B-A890-DB865954EBD5
directors_5144,Q12125095,Q62717009,Q12125095-8520BDDD-E53E-4761-8022-EAAF0584E448
directors_5145,Q12125095,Q63456772,Q12125095-5B3C92D8-240E-46EC-B0B8-282A74580298
directors_5146,Q12125096,Q3016681,q12125096-894D9921-0E44-47C9-B4ED-4D0E3DB022F0
directors_5147,Q12125102,Q3018459,q12125102-278A6448-2957-4D7E-B78C-B15671812881
directors_5148,Q12125115,Q16197588,Q12125115-E26B995E-FFBB-435E-9737-F85940334FEC
directors_5149,Q12125123,Q6767496,q12125123-5CAA407C-45D6-4D18-A5CE-EC456F75494C
directors_5150,Q1212516,Q7822996,q1212516-D65D0B87-52B6-4E49-BCB8-BA924FFEBED7
directors_5151,Q12125162,Q26921687,Q12125162-78641cb8-4ef1-a1b7-e490-53e28bc144a2
directors_5152,Q12125177,Q3992157,Q12125177-d85b6170-437c-510e-a7da-2633cd20a3c6
directors_5153,Q12125181,Q117859165,Q12125181-06DF299C-0E42-459C-AA95-BBD2C28F849A
directors_5154,Q12125181,Q117859301,Q12125181-06496A12-2FA8-42CE-BBC6-681063C923D9
directors_5155,Q12125222,Q113630846,Q12125222-41B89331-6F93-46BB-9C3A-3DF826C149A0
directors_5156,Q12125232,Q113990977,Q12125232-4D26BBBA-39F9-4ACE-A66D-8D7BC0674439
directors_5157,Q12125242,Q6271526,q12125242-37F29C76-1C2F-4270-95AF-2EF2FD4F0ED5
directors_5158,Q12125248,Q66023557,Q12125248-00708F25-CFD1-4108-81A9-ADE0ECC258BF
directors_5159,Q12125275,Q3423322,q12125275-B2258ADD-ED1D-41CF-9E64-A0BB140C7BFC
directors_5160,Q12125299,Q9544977,Q12125299-ABE2FABA-A031-4C19-8631-03065CDCC861
directors_5161,Q12125299,Q9545711,Q12125299-7B6F915E-D048-46F5-88E1-C1C702CB6565
directors_5162,Q12125310,Q1947643,q12125310-C00E13F8-5431-4DBC-A08B-20F78FF30E02
directors_5163,Q12125326,Q7982905,Q12125326-62565B8B-5DD2-4FD7-8E81-A93DC94D212D
directors_5164,Q12125359,Q738410,q12125359-5FD5B719-2BA0-4DF4-9D9B-03F5ECFF4DB2
directors_5165,Q12125377,Q4758107,q12125377-3D2877B6-99BE-4B68-ABFF-0C3E0EFBE7C4
directors_5166,Q12125419,Q7364111,q12125419-4EF99449-4E9A-4123-96BA-980DDEC66071
directors_5167,Q12125626,Q117859053,Q12125626-4AF4B309-DB52-449F-9C78-63A6AFE1002D
directors_5168,Q12125628,Q6722176,Q12125628-F5AD6618-7701-4043-871D-B7AC40CC89DC
directors_5169,Q12125653,Q4953936,q12125653-315D467E-93C1-4DDF-9712-095E863FA300
directors_5170,Q12125657,Q117860630,Q12125657-83B5B955-1FA9-4032-8BD9-679F6075BB75
directors_5171,Q12125665,Q114684583,Q12125665-81E870EB-2879-4E43-AE8F-437802F2935A
directors_5172,Q12125679,Q131341213,Q12125679-39F1B259-6D0D-443C-A0B1-9AE6FB2D99A8
directors_5173,Q12125715,Q5417768,q12125715-C346458C-1E1D-4363-A830-C23F06A28943
directors_5174,Q12125718,Q2347045,q12125718-1A58BD50-8ADB-43DF-986F-043D279AB7DC
directors_5175,Q12125726,Q114051517,Q12125726-674ADE8E-02BF-4796-95D2-4AA2421BA0F4
directors_5176,Q12125747,Q114008574,Q12125747-2DE1AF30-E77E-4FC0-B097-1DF4015BCE52
directors_5177,Q12125759,Q3495195,q12125759-BF504F8B-AA6F-47C3-8CD7-FFC5A44ADA46
directors_5178,Q12125796,Q4977372,q12125796-4811434D-2537-431E-B589-FD45C74E0D5F
directors_5179,Q12125796,Q5540807,q12125796-EE11F3C9-C089-4010-93D8-B9C2AE4E7D66
directors_5180,Q12125796,Q739105,Q12125796-D1D47AC7-5FB7-43B5-9C5F-3C667FD8DFF0
directors_5181,Q12125803,Q18645822,Q12125803-62c46a35-34d1-4c50-89f8-6597bdf7d285
directors_5182,Q12125815,Q113514867,Q12125815-040FA2FC-E914-498D-873E-47ED0CDD0CEF
directors_5183,Q12125818,Q4476256,q12125818-67D4705C-B0B8-4DE5-A47E-07749C42D7D0
directors_5184,Q12125839,Q22097117,Q12125839-3B0614D6-7B5D-4A94-9469-955489FA4B36
directors_5185,Q12125869,Q97662983,Q12125869-513B1025-3275-43FE-864A-E5C944AC1519
directors_5186,Q12125875,Q2910306,q12125875-4B66736E-4209-4667-9B5A-C05B874A838E
directors_5187,Q12125885,Q5301218,q12125885-F3F15886-86A8-49E6-870D-7F702DA9F323
directors_5188,Q12125886,Q106282836,Q12125886-5738E414-3152-4899-B337-431596372D23
directors_5189,Q12125897,Q4119610,Q12125897-4A179E8D-1848-45A0-B2A2-B62C08C32DAD
directors_5190,Q12125913,Q6881132,q12125913-C5FEE446-E783-4AB5-A165-55E5B7655A9D
directors_5191,Q1212598,Q742799,q1212598-33B7E449-DDEC-4E5A-9B29-CF1B1668CA2B
directors_5192,Q12125991,Q2880278,Q12125991-4890EBE2-44BD-4C9C-AA6D-D17D289A71EF
directors_5193,Q12126009,Q16731441,Q12126009-03A7FD56-DEAC-4856-B765-CD0095AABCF3
directors_5194,Q12126017,Q1761332,q12126017-F8394CEA-089C-4F22-87DC-5ECA642DCBDB
directors_5195,Q12126034,Q3671,q12126034-0CB16102-D398-4C62-9EB4-7B68418D13B9
directors_5196,Q1212609,Q106709,q1212609-F1E36789-2A07-4289-B3CF-2F9ACF77F839
directors_5197,Q12126115,Q114080344,Q12126115-88842CCA-511C-4749-9108-7A69AE1017F2
directors_5198,Q12126128,Q106271511,Q12126128-AE3F0F01-9F06-47B3-A5C0-03DB929447AA
directors_5199,Q12126128,Q106602808,Q12126128-E39572B3-B1B4-45A3-9A16-C848454C9113
directors_5200,Q12126140,Q5293451,q12126140-B4997A40-6C2E-483E-8124-CAF10B3F5675
directors_5201,Q12126147,Q2011694,q12126147-FA3AEE58-0B9B-449F-A15A-B2F83E7B01E8
directors_5202,Q12126186,Q1351612,q12126186-A3AAB02C-E922-41A1-93A7-05B9AC335547
directors_5203,Q12126204,Q191064,q12126204-745C3934-5BF7-46E4-80E7-194DD72A2959
directors_5204,Q12126247,Q63434163,Q12126247-8C936DF3-35A8-431F-804C-630BD2215A8F
directors_5205,Q12126258,Q458058,q12126258-9E08F471-0530-4F8B-966A-68CE2E034502
directors_5206,Q12126288,Q5181397,Q12126288-60610C2C-BAB4-4E0C-B7E8-2D6C6E9A1D95
directors_5207,Q12126290,Q113559032,Q12126290-EA22CC78-BF7C-43C3-BB40-D2E3DC3E34DD
directors_5208,Q12126298,Q1546566,q12126298-3E2DD4F5-6726-4FE7-8BD1-C768D083764F
directors_5209,Q12126326,Q1640718,q12126326-7EA75D1D-D1D2-417D-BE3C-F9B816889FC8
directors_5210,Q12126370,Q5053417,q12126370-EE7DFAD7-D001-46DB-BB89-CC6607301DF1
directors_5211,Q12126371,Q117858930,Q12126371-379F6DDF-13C7-4383-A950-A13D031620BD
directors_5212,Q12126401,Q2095805,q12126401-C95D9445-4F6B-4CD3-9AED-73D45FC250FB
directors_5213,Q12126454,Q5247940,q12126454-D80DB7DC-4C0F-41B7-A7C7-6E292A489BBA
directors_5214,Q12126470,Q113585896,Q12126470-67A39073-6686-4DF7-997A-3F9A82BF81D4
directors_5215,Q12126477,Q48987,q12126477-8518515F-FE31-4D1E-8893-ED152FEF5D79
directors_5216,Q12126499,Q114678283,Q12126499-E914DB74-ABF8-4E28-BF1E-31AAAB99CF93
directors_5217,Q1212650,Q548823,q1212650-D41224F7-DB77-453D-8DAD-5D115E135EF7
directors_5218,Q12126509,Q7331195,q12126509-C428797E-C402-49C0-87F3-4C6A51CC3D96
directors_5219,Q12126516,Q114804156,Q12126516-6B8E7800-C18C-4AA3-90B4-C15AE3C86B22
directors_5220,Q12126523,Q131364011,Q12126523-507BB4DE-769B-4D2E-BC62-DC8B6E6F14C0
directors_5221,Q12126542,Q350710,q12126542-55BD9F8D-EE8A-40F8-86C5-99CE794CC6A9
directors_5222,Q12126557,Q436861,q12126557-03B4D08C-B450-4151-8DF7-D7AD6374676E
directors_5223,Q12126569,Q6173432,q12126569-8327F868-F6EE-42C6-BD56-52DD56C3BC9B
directors_5224,Q12126570,Q113586170,Q12126570-2773F6BE-5981-4355-B21E-8AC4EC3196E1
directors_5225,Q12126570,Q113586171,Q12126570-28ED9C4D-CCBE-4484-81A0-86B9B4EA0CFE
directors_5226,Q12126585,Q67727,q12126585-55B06270-2A1D-4758-9A47-02C308A145AA
directors_5227,Q12126587,Q60726534,Q12126587-2756B093-8854-48C8-AE6F-E7474B56FE3E
directors_5228,Q12126602,Q106374508,Q12126602-F488D1F4-2610-494A-97F1-AE4FC052B3BA
directors_5229,Q12126609,Q115172886,Q12126609-1139B56C-7041-43F3-8FF3-07C1C51EACC1
directors_5230,Q12126621,Q116939810,Q12126621-37162672-DA03-4466-B7E7-907F92F7BBFA
directors_5231,Q12126635,Q6791196,q12126635-E534EB9D-947F-4231-B6AB-DC878BD95925
directors_5232,Q12126637,Q5399445,Q12126637-96e417d7-4655-e58d-69d2-e3c12ce1c226
directors_5233,Q12126638,Q113100062,Q12126638-11E7BB18-8002-43F3-AD08-5CACB969503C
directors_5234,Q12126640,Q6183941,Q12126640-23E54539-438C-430E-977C-A1B49D1CA98A
directors_5235,Q12126653,Q22323661,Q12126653-6A8DDDBF-330B-4F8B-9252-D7F6B34CAA0A
directors_5236,Q12126680,Q18764010,Q12126680-E5051322-5E86-4D76-84B9-817C0CF1924B
directors_5237,Q12126700,Q24641149,Q12126700-CEBBC83F-D7B9-4DBF-A05E-5FF9C8724F38
directors_5238,Q12126702,Q117860737,Q12126702-D8517492-C582-4629-9B46-A6127EB7D491
directors_5239,Q12126704,Q4962920,Q12126704-171DC8AE-11B0-4F3E-B225-C325BEFA0AE3
directors_5240,Q12126738,Q6769057,q12126738-8CE369C4-B3B4-41B0-AEBD-002A7C384C0C
directors_5241,Q12126761,Q7154071,q12126761-3F911A83-A8CD-4A99-A4A7-83A78DC1E201
directors_5242,Q121268638,Q939321,Q121268638-ABADD095-E475-465E-B5E9-1696ACCE1821
directors_5243,Q12126865,Q6758304,q12126865-777D867B-C2B4-4852-9D84-739D16D1A5C5
directors_5244,Q121268664,Q38054703,Q121268664-6C1A6D1F-38CC-49C0-8E19-B1D484F79E4D
directors_5245,Q121268686,Q1387470,Q121268686-2769919C-7242-4F2D-BBAC-25CBEE901B69
directors_5246,Q121268704,Q30126686,Q121268704-5D733DA3-2576-45EE-A15F-08CBBDCB9638
directors_5247,Q12126888,Q1359422,q12126888-5E8D0D32-AB4C-4134-9910-5CC7C5DEC36F
directors_5248,Q12126889,Q20656484,Q12126889-26FB26F6-A28B-4B60-9317-E58A964977BA
directors_5249,Q12126894,Q110989897,Q12126894-DF6F6368-A597-4C7B-94DB-9B8382578940
directors_5250,Q12126903,Q2156090,q12126903-1CBEC447-98B5-4058-BA3A-C79281391424
directors_5251,Q12126932,Q7340508,q12126932-8C6543E6-0FC2-4832-9F13-802E83AA9D2B
directors_5252,Q12126933,Q114180036,Q12126933-561D8EF4-5E05-4120-BCA3-F479CFEE0C86
directors_5253,Q12126968,Q20675931,Q12126968-74716EA7-7BCA-455F-867C-86A7282D0DA9
directors_5254,Q12127025,Q113654380,Q12127025-89E419B7-0E50-47E8-AB98-0CE818BBA2D8
directors_5255,Q12127045,Q113640021,Q12127045-15289f1e-40f4-a996-a6ee-4b676b9ef034
directors_5256,Q12127045,Q975134,Q12127045-E43031B4-0BEE-4D09-814E-EC868EA66165
directors_5257,Q12127059,Q328814,q12127059-EE4750FC-BAB5-4CD7-A447-F64C3816A7C7
directors_5258,Q12127068,Q6234645,q12127068-4762994A-8498-45FE-AAA9-787B4DCC55C6
directors_5259,Q12127096,Q4760495,q12127096-BC70D858-D0BB-4902-80C0-3169A7D47E0B
directors_5260,Q12127110,Q92415722,Q12127110-bc1f1a35-42c5-821e-9e7f-b866b186daa7
directors_5261,Q12127118,Q1866610,Q12127118-3A2DE22E-E300-4974-8676-8FB6245FB808
directors_5262,Q12127154,Q2005037,q12127154-B96E8D4F-E9A0-4C00-B2B5-FDC7365CAFAB
directors_5263,Q12127276,Q115079435,Q12127276-91681A94-AF28-43DC-8287-A247E4FF31F5
directors_5264,Q12127285,Q113517881,Q12127285-B3946A6C-F815-4BAD-8947-29A1C01C1630
directors_5265,Q12127285,Q113517882,Q12127285-9A93A325-780F-4F0E-AC03-1F9E03522176
directors_5266,Q12127352,Q16208738,Q12127352-7FF6B12C-CB25-456D-847D-E0D4FD8E3EAB
directors_5267,Q121273737,Q60485079,Q121273737-4306AC4B-ED66-4E40-8EAF-CF787006326F
directors_5268,Q121273737,Q60835967,Q121273737-6CF3FBE9-CFD8-4231-9DDD-7313422814D4
directors_5269,Q12127383,Q113853258,Q12127383-200A6FF3-2314-4165-96B8-4E843D53DC7E
directors_5270,Q12127389,Q5605261,q12127389-F6F7983C-BB20-4CF8-82EA-4827E9D86802
directors_5271,Q12127409,Q1291210,Q12127409-3981B15A-2435-43D6-9EEC-669204400512
directors_5272,Q1212746,Q84582,q1212746-83971dc6-4cf9-bd51-a73d-571dca10a604
directors_5273,Q12127493,Q64742001,Q12127493-3A87AA41-26C7-42B3-8353-B3BAC35C3F13
directors_5274,Q12127498,Q6829611,q12127498-CDCCBB0F-9C02-41B9-9E1C-6BB722AFF39C
directors_5275,Q12127509,Q2857223,Q12127509-430D1961-A65C-465C-A3A2-9157D32A131D
directors_5276,Q12127509,Q610704,q12127509-0DE002E9-D950-49D0-A895-DA12F9757D98
directors_5277,Q12127519,Q738410,q12127519-577E78E5-9A4D-4B3A-994E-E70289FAE4DC
directors_5278,Q12127568,Q117844881,Q12127568-D83C9935-57DF-4839-811D-D7AD8841760A
directors_5279,Q12127568,Q8064963,Q12127568-A77D64C6-D2B3-42A1-9387-7CE54CC7E21B
directors_5280,Q12127579,Q3018459,q12127579-2ECBF402-6824-43EE-9D32-9477F01EB055
directors_5281,Q12127587,Q16734393,Q12127587-527742E9-AA94-4ABD-BAB4-E771268A5363
directors_5282,Q1212768,Q311319,q1212768-47C50481-66CC-4DEB-8BEE-AE10D49EA1CE
directors_5283,Q1212777,Q77734,q1212777-24e80cb8-4826-7887-5c45-8fd171cfe023
directors_5284,Q12127834,Q6317549,q12127834-276A7262-FBF8-444B-9957-0822EF96E8E7
directors_5285,Q12127850,Q7149153,q12127850-AE436BE0-E242-4D25-BF5D-7A13DD4C8531
directors_5286,Q12127898,Q3557482,q12127898-A3B05AA9-A169-475A-8E9E-70C98B9578C7
directors_5287,Q12127924,Q5262422,q12127924-CDCEF6B1-DA0A-4389-9568-CA80A84B59C2
directors_5288,Q12128082,Q1532896,q12128082-5F4F3896-CA25-422F-9F5B-2F1A3B9B921A
directors_5289,Q12128463,Q114239705,Q12128463-74E43159-FADD-45B3-A6EC-FEFADDC92A61
directors_5290,Q12128471,Q7634026,q12128471-74BE2068-FC83-4504-9C74-FE47654FBD79
directors_5291,Q12128518,Q5112863,q12128518-FAACCC49-D2B9-4B1E-A9EF-FFF381D47943
directors_5292,Q12128536,Q4943297,q12128536-453F0C9D-A386-4E0B-9FA2-843F3CECFA49
directors_5293,Q1212854,Q607615,q1212854-666DDF74-21B2-4FBB-90E8-F829FB349F69
directors_5294,Q12128698,Q113462866,Q12128698-AFDB345A-C474-46C2-8A10-0B690F05BFFC
directors_5295,Q12128775,Q5479119,q12128775-4620E41F-4E65-4824-8613-880180ADC319
directors_5296,Q12128775,Q7688127,q12128775-309E7384-660F-4895-92F9-D64C37CAC0DA
directors_5297,Q12128785,Q21494824,Q12128785-F6240239-1916-4C96-8228-B29E9CE39374
directors_5298,Q12128932,Q114312502,Q12128932-448771E2-BB8E-444B-85EF-982984FD5A1C
directors_5299,Q12129050,Q7381204,q12129050-DF8AE344-3807-4D23-8D2D-B5A10A60D039
directors_5300,Q12129198,Q27902901,Q12129198-7683d7f8-41b6-41e1-bb5b-134e52cf994d
directors_5301,Q12129217,Q5066249,q12129217-62B71CAD-1853-413C-8EE1-87EF8D4460B4
directors_5302,Q1212923,Q1151111,q1212923-EDDABBBA-CD7C-4688-8CA0-88599BDF40F9
directors_5303,Q1212947,Q63069,q1212947-f3f39fb3-42e6-221c-02df-2328f7b77c8b
directors_5304,Q12129617,Q16205191,Q12129617-53F1C1EF-F264-427F-B8AB-6100299A6FBB
directors_5305,Q12129679,Q7614754,q12129679-0FDED8D5-DE4E-4210-A536-16695F0F1F2E
directors_5306,Q12129690,Q4864626,q12129690-EDE81330-1B20-4D7B-AE6E-DBD454657AA4
directors_5307,Q12129789,Q7340178,q12129789-2CB1BB72-0274-4C13-BAB1-E17464E65CD3
directors_5308,Q12129911,Q27734218,Q12129911-AEA0E86C-DAB6-4545-89DD-E06E506BF097
directors_5309,Q12130028,Q113577445,Q12130028-4D5601B5-3E6E-4D70-8EED-7BFDBE23D17A
directors_5310,Q1213010,Q524733,q1213010-06ACA65F-D612-4502-8FCF-BD952EC145D5
directors_5311,Q12130252,Q105549438,Q12130252-1885FB3D-B6CA-4C8D-AD66-F11BF3D3457E
directors_5312,Q12130601,Q215478,q12130601-a6a3e27e-4c72-19a9-2ef5-a14c9b367c9e
directors_5313,Q12131255,Q21062768,Q12131255-CE2D7DC0-9B53-4B82-8D44-399DDBB7AFC3
directors_5314,Q1213128,Q89253,Q1213128-CBF5D282-8FF0-4411-948B-00F6E71DFF71
directors_5315,Q12131543,Q24335412,Q12131543-FD7907E9-DD42-4E6B-9FE6-9156139846C4
directors_5316,Q121316097,Q121316249,Q121316097-fb23089f-46c2-7b5b-af7f-27d2fbe7acd1
directors_5317,Q12131956,Q113206347,Q12131956-c330c7f4-4ffe-0644-41b9-f24a909151fc
directors_5318,Q121323115,Q106285398,Q121323115-9a8a73f6-403b-b7bf-74ff-8a9692daaf91
directors_5319,Q12132358,Q106374500,Q12132358-2056D328-9157-4A91-A5AE-682B60C18C0D
directors_5320,Q12132457,Q3524978,q12132457-A3D01BD6-DCB1-4567-91E2-2DCCF8A6353E
directors_5321,Q12133175,Q1281149,q12133175-99477011-8B1C-4D9E-8B6B-D142BB21C6D5
directors_5322,Q121334864,Q4769239,Q121334864-1be5356c-4522-2dea-e91e-2508c05d91e6
directors_5323,Q1213356,Q667128,q1213356-4D2FBF92-218B-4C8A-B323-663848EFA544
directors_5324,Q12134068,Q11319,Q12134068-2E398757-CE01-4CF9-AD5D-FABE86A23A6C
directors_5325,Q1213415,Q3288003,Q1213415-09CB3A55-1205-4087-8C6B-3F27A0A5D427
directors_5326,Q1213427,Q598238,q1213427-CCFDF5A4-F8EF-480F-81BF-D85C309ED4E0
directors_5327,Q12134721,Q6395859,q12134721-C15F2A43-D1FA-470E-9DF7-7357D2CCB2ED
directors_5328,Q1213489,Q6748387,q1213489-F89E25EF-6F49-4F9C-9DFB-78C3B0155519
directors_5329,Q1213495,Q22249198,Q1213495-82f3ebf4-4da7-4385-a6f0-e4d7fab46f00
directors_5330,Q1213495,Q3571742,Q1213495-9B716D22-93CE-42BB-9238-BC79A8E51A9D
directors_5331,Q12134950,Q114495907,Q12134950-AA6A10CC-1133-4706-AFEA-07EA4620639A
directors_5332,Q12134961,Q6181745,q12134961-06285DC6-277D-461E-95FD-17904BFA5CC2
directors_5333,Q12136297,Q114778334,Q12136297-D047EA17-B053-41FA-9AB7-19EFA17915D0
directors_5334,Q12136345,Q962994,q12136345-6BEAE006-B5A2-4F5F-AC4B-4A714B251FA5
directors_5335,Q12136360,Q3219283,Q12136360-2455ae9f-4630-c4a9-b79a-07eee410f25b
directors_5336,Q12136489,Q973814,q12136489-9C9782A3-9961-4189-A7B8-5D7433F509CF
directors_5337,Q121365841,Q131323871,Q121365841-A7BF5E96-66AF-419B-AC2D-E608C81E0408
directors_5338,Q1213714,Q6234253,Q1213714-B2CB9EF3-3F2C-4845-B86E-C1171EE0A7BB
directors_5339,Q12137383,Q3421733,q12137383-b1cac737-43ef-891d-ca86-f870443bef00
directors_5340,Q12138301,Q3383457,q12138301-C5CA57E8-7B63-4A7C-8A7B-E1764F4AF7EF
directors_5341,Q1213881,Q1331254,Q1213881-12B0DDC4-DCDA-4C1B-96FA-F47DD0C95EB9
directors_5342,Q12139037,Q2964193,Q12139037-E8BCEDB5-5007-4832-BD8F-3DDAF759233E
directors_5343,Q1213911,Q1893857,Q1213911-7F6FB7AD-5EE2-4A6D-8D14-CD5771647877
directors_5344,Q12139326,Q5555872,q12139326-B89769BA-170A-4DC3-B182-6A0C84DA29ED
directors_5345,Q121394055,Q4897586,Q121394055-e07ffe11-46cb-eaf0-ede5-ad64eb8994fd
directors_5346,Q12139487,Q3167980,q12139487-B5D60B16-5412-46F2-938B-155B41922B8F
directors_5347,Q12140204,Q16196124,Q12140204-83920282-47dd-537c-782a-5fcf8563fceb
directors_5348,Q12140204,Q2863277,Q12140204-81e5488f-4ca5-985c-6589-3fd1c47e9f68
directors_5349,Q12141247,Q12150557,Q12141247-25eaec25-45d7-6717-098c-54857b19b192
directors_5350,Q12141709,Q3367671,Q12141709-F60754A9-8EA0-4623-BFF8-73F636C36E36
directors_5351,Q1214253,Q50764,q1214253-0696C234-0684-4CCC-83B5-729190EC3348
directors_5352,Q121433282,Q54864392,Q121433282-67436c6c-4d27-5120-99ae-7c6642dedd47
directors_5353,Q12143390,Q2863229,q12143390-93CDBE23-43DD-46C0-8BB6-25C65F27828D
directors_5354,Q12143588,Q3063860,Q12143588-EAA97D04-686C-4414-B18C-8C192F89DFA7
directors_5355,Q12144063,Q15210876,Q12144063-5e014263-42bd-1b72-e139-7a59caf8ec7c
directors_5356,Q12144078,Q3196691,Q12144078-8bbeb275-4663-8dbd-1e49-878419d6ed29
directors_5357,Q12144366,Q3311080,q12144366-60AE03B8-2BC1-4E82-965D-4E57D440CA6D
directors_5358,Q12144609,Q15221243,Q12144609-23cf1101-48ba-1f75-bb36-335234a7332d
directors_5359,Q12144835,Q698710,Q12144835-c64fa8cc-4acd-c824-3a66-5029fb8ba41a
directors_5360,Q12144957,Q21706660,Q12144957-91A905DF-4F52-48F8-8CB7-5ED8E720C3B5
directors_5361,Q1214594,Q55210,q1214594-75975132-8709-4792-A892-0652ADD29863
directors_5362,Q1214605,Q59215,Q1214605-204C33B2-D4E2-4F65-88D6-E74E80070DB4
directors_5363,Q1214671,Q113456871,Q1214671-B9F5314E-19E8-41EB-96A1-FE66A7D6257B
directors_5364,Q1214851,Q2424038,Q1214851-3f4ea813-405d-9516-98f7-a028f1ceedb5
directors_5365,Q12148714,Q47069159,Q12148714-8B0AC3BD-A9DF-4ED4-90A1-B991A873429F
directors_5366,Q1214896,Q662257,q1214896-27E5E0C4-104D-45F2-BA25-6F3B8C8A51AE
directors_5367,Q1214898,Q21067196,Q1214898-89DAF4D4-AD03-45D5-8003-B4884208E73F
directors_5368,Q1214942,Q1354716,q1214942-0F42A210-9C91-4C89-88E7-02466623BB7A
directors_5369,Q1215008,Q715116,q1215008-5E0F02D2-D6BE-42AB-A1C6-CB90E225DAA2
directors_5370,Q12150294,Q3479221,Q12150294-D9711907-7759-4628-A29F-BFD51B3CA8E5
directors_5371,Q12150298,Q115090289,Q12150298-F9F021D7-6472-4376-9DF4-F287D72A4592
directors_5372,Q1215063,Q72685,Q1215063-5b672ef3-40d0-4d38-44f1-1ab086469323
directors_5373,Q12150878,Q437254,Q12150878-a844f570-41d2-bbf4-133f-44b71f8f635a
directors_5374,Q12151228,Q16028520,Q12151228-BF46C6F0-E7B1-4D6B-AF8A-962233316E7D
directors_5375,Q12151340,Q20666614,Q12151340-6493389F-663C-4A35-94CE-AD76253A3E6A
directors_5376,Q12151344,Q18413805,Q12151344-7C694393-CBB7-4C30-AFF6-87CA85C3146A
directors_5377,Q12151357,Q3511511,Q12151357-B788A405-48B3-4192-9401-079BA18D83E0
directors_5378,Q12151377,Q2413166,Q12151377-58BF1830-4D3F-499B-A700-6B79ADD4EE9B
directors_5379,Q12151380,Q3379822,Q12151380-FEAB4118-D801-4611-9107-0E27E2D9364F
directors_5380,Q12151402,Q2850914,Q12151402-EB522388-B18B-4C7D-8FE0-F28B3BF8D12B
directors_5381,Q12152664,Q23926248,Q12152664-E4F26532-91CE-4C6B-BD34-C8DA344655E1
directors_5382,Q12152799,Q17354620,Q12152799-0D8167BE-AF4F-4838-80DF-72C6AA0F9531
directors_5383,Q121532089,Q4461183,Q121532089-03145b2a-4be3-71ac-e741-84f72a091b3d
directors_5384,Q1215341,Q106472543,Q1215341-3890EA86-DA15-47EB-B2CB-88D6192A087D
directors_5385,Q1215341,Q114273720,Q1215341-908F7886-F8FF-4C33-8EA0-1537227FE0ED
directors_5386,Q12153720,Q15714121,Q12153720-2F4D4F2B-D691-479F-9E61-6367358587D4
directors_5387,Q1215381,Q96164,q1215381-121467ad-4d38-9e51-527b-b1eadcdb7897
directors_5388,Q1215405,Q332876,q1215405-FC2D9C7F-9876-48CA-ACE2-E309C5BE2BE1
directors_5389,Q12154154,Q2839389,q12154154-FD822B4D-A445-48EB-9CCB-35755ECC036F
directors_5390,Q1215478,Q72021,q1215478-23b49843-4ecb-87d6-3c33-1c1d276d9f33
directors_5391,Q1215549,Q706513,q1215549-BC0EA5A0-2B81-4A35-B455-D3C69C4C30C8
directors_5392,Q12155544,Q5806571,Q12155544-983C91A2-D253-41E8-98A2-68B4CD320A7F
directors_5393,Q1215564,Q6047481,Q1215564-0457C9CF-7E53-41FF-8AAD-82C52FB43678
directors_5394,Q12155649,Q4532710,q12155649-87f625e2-4004-8412-6f96-d2f6f0fb54d1
directors_5395,Q12155692,Q6067368,q12155692-9212C4B4-5CC6-433F-8F23-6D6A33715373
directors_5396,Q12155747,Q704576,q12155747-9E5B0438-E258-4A94-967B-1CE869505315
directors_5397,Q12155751,Q108305806,Q12155751-A6B92237-0029-4178-A8FE-A69A26B6DA70
directors_5398,Q12155751,Q114051519,Q12155751-8F81E543-7337-4B83-B5B4-391C3A79E348
directors_5399,Q12155814,Q117883774,Q12155814-D1F0C8F0-2F72-4638-BA37-68F2EAE555D8
directors_5400,Q12155834,Q21010069,Q12155834-E741C29C-23FF-4BD0-ACBD-F7BBBBDF5872
directors_5401,Q12156012,Q232273,q12156012-cf867623-4dd7-86f3-7001-843516c013a9
directors_5402,Q12156955,Q270911,Q12156955-B76314E1-1120-4B96-9538-F9FC50BFE4F3
directors_5403,Q1215703,Q1738838,q1215703-54B796C2-40CA-4D5C-976B-2F510F329C6E
directors_5404,Q1215704,Q103705,Q1215704-941EB213-7BC6-46CB-9273-39F215790C6E
directors_5405,Q1215712,Q920595,q1215712-7FA25E5B-BB78-4046-BCD2-216B9179DF4F
directors_5406,Q1215715,Q117285,Q1215715-54A04866-F128-48B9-B180-BBA64CA12B88
directors_5407,Q1215715,Q1439351,Q1215715-CF7971CB-F7A8-4B86-A483-2C5FB1DFA68A
directors_5408,Q121572303,Q995026,Q121572303-C617E243-DD67-458D-A965-4346199B405D
directors_5409,Q1215834,Q2076152,Q1215834-37FD2B1A-6BB0-4EB2-9AA5-7B4340DB2833
directors_5410,Q12161666,Q1239298,q12161666-AE93854D-7E84-4223-9DE6-E455A19530E6
directors_5411,Q12161821,Q12074204,Q12161821-96E402BE-29C3-44AE-88A3-DCA9BA99D6C0
directors_5412,Q121630601,Q120287995,Q121630601-63f9262c-4faa-caa4-e3c1-f5b91b1501ff
directors_5413,Q12163228,Q11763135,Q12163228-4F2F22ED-332D-4BF9-9A4E-586259A1AE0D
directors_5414,Q1216448,Q1650253,Q1216448-F3E0A07E-7A54-4A8E-81BD-0D29C461A465
directors_5415,Q1216648,Q380272,q1216648-0E333301-409E-49B8-BCA8-AB6BB9FBBBC9
directors_5416,Q1216787,Q61984731,Q1216787-5862FAD1-294C-4CC2-A36A-A7EE0B60C406
directors_5417,Q1216829,Q3325924,q1216829-598099DA-DACF-4453-975C-282B968B469A
directors_5418,Q1216912,Q95349349,Q1216912-FF3CA236-678D-4962-A0E7-7AA014DCFE96
directors_5419,Q1216953,Q567269,q1216953-55e9d3f9-4ddb-088a-fb4f-6a83a7dc4f19
directors_5420,Q1216970,Q513004,q1216970-AB3CEC4E-CF2E-4CE9-B85B-E3D641D89079
directors_5421,Q1216995,Q66315,Q1216995-dfe1d899-41ea-2945-d94c-fb0f0f6a65c7
directors_5422,Q1217027,Q16864607,Q1217027-04A6CC11-D1D5-4C2B-A525-7DD75490133A
directors_5423,Q1217049,Q1081838,q1217049-fec16ee6-41ae-3647-526b-80b67315f7f5
directors_5424,Q12170491,Q4187839,Q12170491-921EBCBE-E7D0-4E29-9062-0DA528C938A4
directors_5425,Q12170514,Q60231153,Q12170514-309250ee-4de5-8dc9-42b7-8a04c3810b45
directors_5426,Q1217176,Q69092,Q1217176-6D89327F-B6BD-4708-9344-2DA098D0279E
directors_5427,Q1217181,Q48482128,Q1217181-8d404258-4ea2-c873-8dc5-0f05b7f1f176
directors_5428,Q12172407,Q11763135,Q12172407-0CE15EC2-4DF8-44A9-9369-B2B259365FBC
directors_5429,Q1217263,Q2309468,q1217263-E3FD4559-7945-4BCD-B1BA-E3CF85B55025
directors_5430,Q1217342,Q7176168,q1217342-8FFB9C03-7A9D-434B-8CF8-886AF97866E6
directors_5431,Q1217364,Q15314199,q1217364-39102ab7-43bf-c895-b607-dd4b8a6b2acf
directors_5432,Q1217568,Q85723,q1217568-1B89A82A-F460-4325-95CA-B65B44A5CFB4
directors_5433,Q1217569,Q85723,q1217569-1B2E30C5-3C54-4A3E-96DB-1782ED3E9275
directors_5434,Q1217752,Q3806481,q1217752-046D75A3-DF25-40B4-B228-A58446C9DAC2
directors_5435,Q12178389,Q117860797,Q12178389-DDB988A5-17BB-47C6-BC0B-4957EFD74D53
directors_5436,Q12178433,Q106594498,Q12178433-57131853-DC5E-4C06-85D6-2AF786450C0A
directors_5437,Q12178449,Q12249658,Q12178449-4AFD8A1D-3DB0-49F7-8920-66C75DDA25E6
directors_5438,Q1217870,Q1341481,q1217870-126F64E6-28FB-4BBB-8DD0-92C12414185B
directors_5439,Q1217879,Q3168931,q1217879-A3552EDA-ED8E-4806-BF9D-AA9F0BB2910F
directors_5440,Q12179239,Q115079424,Q12179239-9407D73C-13DF-4D13-B5AA-F0E168CE1FD8
directors_5441,Q1217931,Q1745266,q1217931-4165B6CD-7F4C-40B0-8929-33F64EE69143
directors_5442,Q12179384,Q3015842,Q12179384-EB8F42AF-22FC-488E-B6A4-84AD371674C9
directors_5443,Q1217941,Q1229038,q1217941-F89A6E89-03FE-422C-95B9-4DC6C86DB26E
directors_5444,Q12179618,Q106594498,Q12179618-C58193AC-02E1-4749-8482-9313495C34F0
directors_5445,Q12179622,Q28923615,Q12179622-f5068c65-4fd7-5001-b7cf-09ec9d187db9
directors_5446,Q1217981,Q312258,q1217981-F0532886-DC96-466A-AB0F-84BEF7A67299
directors_5447,Q12180011,Q12228554,Q12180011-25CCD0DA-5D94-4C68-B742-BAF14DE1AA70
directors_5448,Q1218011,Q6025319,Q1218011-CB83D04D-01D4-4540-BD1A-32577C427C2F
directors_5449,Q1218014,Q6025319,Q1218014-4255539B-CD16-404E-81BC-A6A24EF34746
directors_5450,Q1218052,Q120045,Q1218052-D011B5B8-A1D5-4D41-853C-A15CE110E2D0
directors_5451,Q1218054,Q1528213,q1218054-B1A0B733-A1F7-4E3E-BFB0-F63D37D6E239
directors_5452,Q12180631,Q12250381,Q12180631-C6C01BDC-14A1-416A-8F8A-56E425A22FF3
directors_5453,Q12180635,Q12213023,Q12180635-50722E60-4369-4054-ACF7-B917A8C13760
directors_5454,Q121810,Q518868,q121810-24A8842C-82CA-433A-B47A-4619F5EC61EE
directors_5455,Q12181326,Q12240787,Q12181326-2935f653-4668-feb9-2ca8-1824d0959597
directors_5456,Q12181370,Q100258703,Q12181370-56D577CA-4197-4DCD-9CBE-BDE1588A3AB4
directors_5457,Q1218172,Q272678,q1218172-16F9BE13-4EBE-422E-953F-9FAF7BDE4AB1
directors_5458,Q12182079,Q100258658,Q12182079-47FC8C57-DBFE-4796-B07B-938CFB796F43
directors_5459,Q1218226,Q381876,q1218226-6DE440A9-ECAB-4098-BB30-61CA4E1D3D2E
directors_5460,Q12182564,Q3195985,Q12182564-CB1E9B34-345C-4505-AB56-03DDEB343FC6
directors_5461,Q12182599,Q61415123,Q12182599-dbd38573-421a-7739-709b-a39e65bf226a
directors_5462,Q12182627,Q6799396,Q12182627-F8EB4A5E-39F3-440B-928D-86090F27D642
directors_5463,Q1218295,Q3438781,Q1218295-A3B2460C-AD4B-4B23-85E6-F758782EA5AF
directors_5464,Q12183243,Q12250381,Q12183243-7259D5AD-94C7-4443-ADEB-EC16F91074D8
directors_5465,Q12183614,Q3318892,Q12183614-BD83076A-17EC-4B9A-9407-D276636363A0
directors_5466,Q12183675,Q110082533,Q12183675-B1F001E1-4ADE-4BC6-BEF3-85206DF243AF
directors_5467,Q121841115,Q27991259,Q121841115-747e7505-4aca-ade0-5b15-f399ee72f20e
directors_5468,Q12184234,Q3474818,Q12184234-D8756037-FB36-44C1-A5A5-4F3B8CD3373B
directors_5469,Q12184356,Q20387398,Q12184356-EA997C9E-B139-4947-975F-4C2BCBA9B974
directors_5470,Q1218525,Q628872,q1218525-78719147-F59D-4C57-A239-CF7A2B0A3993
directors_5471,Q1218528,Q1684848,q1218528-D30A03D0-9609-478D-AF6C-620447BE8C71
directors_5472,Q12185535,Q7494940,q12185535-3FD4CA95-776C-4BFD-851F-152362CD7FB8
directors_5473,Q1218637,Q772416,q1218637-1245B739-32A7-4754-AD9D-978AA5606347
directors_5474,Q12186518,Q117883759,Q12186518-E1825DC5-BAA3-4590-A063-374EB2846870
directors_5475,Q12186871,Q111696662,Q12186871-4a97f11b-4542-133b-7939-f3f4e9bb7a30
directors_5476,Q12187181,Q12227843,Q12187181-F0E3D6ED-D1E8-4DEE-815E-1243FC050C15
directors_5477,Q12187533,Q130425486,Q12187533-3dd5a6d0-4693-e12a-b75b-7b7e5d4d03ca
directors_5478,Q12187534,Q12178949,Q12187534-1964F4C8-7FBF-47CA-8952-62526C0AEFAE
directors_5479,Q12187704,Q12218751,Q12187704-547F204A-2F6F-404B-9DC5-202FA5225072
directors_5480,Q12187712,Q22930576,Q12187712-9F1DEBA5-D04C-40E8-A666-5823CB1DAEE2
directors_5481,Q1218790,Q103486,Q1218790-A12DD0E1-42B8-487A-B860-30E474FC6D8A
directors_5482,Q12188218,Q3422984,Q12188218-92707991-8664-4C26-8FBF-157CD15FEE75
directors_5483,Q12188402,Q12228554,Q12188402-DDC5D871-47B7-4F3D-B7EA-E791A0BF2ADE
directors_5484,Q1218847,Q432655,q1218847-04831880-66C3-4B3A-BF4E-0B4D512C0934
directors_5485,Q12188774,Q12228554,Q12188774-FA367D8D-92FC-4175-9B41-67055C1CC682
directors_5486,Q12189717,Q15069908,Q12189717-e8c940aa-4c00-acd1-2c96-cf3938fb2cf3
directors_5487,Q1219034,Q114797467,Q1219034-34D4CEA6-8129-48E1-BD92-F6B99D2BBF5C
directors_5488,Q12190704,Q3783608,Q12190704-A56A6F21-2AAB-4F07-93FE-8D0DBA7A79D9
directors_5489,Q1219082,Q539685,q1219082-35B6AD37-3377-43CF-A3B7-9B4A6EF29A2B
directors_5490,Q12190896,Q106594498,Q12190896-01884A90-ABC9-4F1C-B066-CCF645AAA0C9
directors_5491,Q1219091,Q816517,Q1219091-AA538FEA-1717-49D5-B899-21A4C9E3887C
directors_5492,Q12190968,Q6801589,Q12190968-7CCFC809-3F0C-4A59-B1F5-FDC1AD24ACEF
directors_5493,Q12191639,Q62055719,Q12191639-21f62727-466e-bd45-9c31-aeccbe13e571
directors_5494,Q1219184,Q673103,q1219184-7D6B81EC-D5B8-44F1-8885-DEC0360DBDB0
directors_5495,Q12192036,Q12250381,Q12192036-9CB7280B-F9CD-45C5-A565-025F2B5227B0
directors_5496,Q12192077,Q12250381,Q12192077-59F692B6-0881-42E0-8A92-CA4A6F29430D
directors_5497,Q1219222,Q187253,Q1219222-AF7CACCB-1334-4562-B570-C0D5C6CC8666
directors_5498,Q12193260,Q5073156,q12193260-F0800020-D81A-467B-833C-BBEB37BCA23A
directors_5499,Q1219329,Q4289700,q1219329-83890283-B577-4465-9F5D-67B517727F7A
directors_5500,Q12194238,Q7494940,Q12194238-369A4094-C0B3-4F9D-A344-B684C5A9BDA1
directors_5501,Q12195567,Q12227843,Q12195567-FB82D963-1C63-41B4-BAB1-5AD409763A04
directors_5502,Q1219572,Q920595,q1219572-7BEA84B3-90B1-46E9-9B62-933CCF826F0A
directors_5503,Q12196079,Q12179120,Q12196079-B74FF100-24A3-417E-BA4A-1D489846148D
directors_5504,Q12196079,Q22928549,Q12196079-4491D647-CBD5-4979-949C-692EF06975D3
directors_5505,Q1219626,Q114681,Q1219626-b0735c4b-4d01-8aa8-c0d6-23e1a8783302
directors_5506,Q12196836,Q5229406,Q12196836-B208CB1D-6D84-4CCA-964D-82518B1C4947
directors_5507,Q1219732,Q541883,q1219732-EA2A25BE-A96C-46C6-8D9C-66A3C5BFE170
directors_5508,Q12197853,Q12218751,Q12197853-499A7037-585D-41F2-BABA-384BB5A30AC5
directors_5509,Q121991068,Q121991345,Q121991068-F88EBA13-701E-479F-A3C2-51C6A15A8162
directors_5510,Q1219918,Q6883350,q1219918-7BCCC091-AEA7-4806-8F03-8AEF1F6F53DF
directors_5511,Q12199261,Q3318647,Q12199261-9B90AF9B-504A-4219-A371-6CA578C5EB13
directors_5512,Q1219954,Q99645,q1219954-B2E0D190-B349-40A2-8488-FC831A31BD8E
directors_5513,Q12199836,Q12213023,Q12199836-63435BDE-BBBA-4FF5-8F8D-A4D236617A57
directors_5514,Q12199935,Q12179146,Q12199935-29D1DF30-4D32-495B-9522-1C90618CBDEE
directors_5515,Q1220120,Q6040961,Q1220120-c085c107-4e5c-2d4f-c8dd-0321e5c9a01d
directors_5516,Q12202057,Q117859346,Q12202057-521ED80E-B5A0-46FC-902A-E26815F5B077
directors_5517,Q12202057,Q117860402,Q12202057-DE707A54-2355-424C-95B2-25179291F025
directors_5518,Q12203576,Q106594498,Q12203576-A8BC3866-470C-4899-909E-3AF6A2BCB9C7
directors_5519,Q12203578,Q4120359,q12203578-26B3523F-15F9-49EB-A755-0DB64153D10C
directors_5520,Q12204008,Q6799396,Q12204008-61414921-704C-455D-8700-077AD0209B26
directors_5521,Q12205588,Q12228554,Q12205588-EBEF9FF1-C171-4233-BD3B-BBD2CB86AF80
directors_5522,Q12206429,Q3195985,Q12206429-9cc86622-497a-104a-0eb0-5a8050cb57db
directors_5523,Q12206455,Q2055735,Q12206455-F785A19F-B533-47D7-89AE-591672C393EA
directors_5524,Q12206786,Q100258703,Q12206786-AD69E1BF-98D8-4356-BB9E-9C7DF0F734C7
directors_5525,Q12207419,Q12178949,Q12207419-6964A46F-AD44-40BD-A4F9-D16E5C8FEE24
directors_5526,Q12208332,Q117810842,Q12208332-7adc2317-44cb-343b-f090-9a05f4039e13
directors_5527,Q12208608,Q12250381,Q12208608-2D6FE307-E04D-482F-93F3-6934F54DFA70
directors_5528,Q12208609,Q12228554,Q12208609-D893389F-AA36-426F-AE7D-B4ABCBA8072A
directors_5529,Q12208610,Q735511,Q12208610-09ccdb58-4a41-9e3a-4b82-00e69d29904a
directors_5530,Q12208666,Q6799396,Q12208666-DE978E51-6ABB-4771-AE89-AC641B2C97B1
directors_5531,Q122092305,Q65116584,Q122092305-3d1eea6a-4f88-2b27-73d8-1873f7554cdb
directors_5532,Q122092305,Q65116757,Q122092305-d9dcef8e-4c0f-162d-a60e-226bab85f91f
directors_5533,Q122092305,Q77944301,Q122092305-3111bc12-457c-f494-6fdd-3f546e250d5a
directors_5534,Q12209832,Q12179122,Q12209832-DDF80FA7-CF04-42D1-8B3D-8D65605741E9
directors_5535,Q12209864,Q12228090,Q12209864-9D500802-80A3-4450-8C40-EBCE418FB4AF
directors_5536,Q122103227,Q122105496,Q122103227-30a13a9a-44f0-fce2-72bf-82f87926465d
directors_5537,Q122113,Q717015,q122113-6D1DA6D9-2621-4193-B24C-4B8BFE5CF3BD
directors_5538,Q12211836,Q114777400,Q12211836-03499110-7C5B-45E0-855F-E54605C1E862
directors_5539,Q12211890,Q113495469,Q12211890-0ca2c497-4a4e-f3d1-99b1-4adef92093a7
directors_5540,Q12212498,Q4118661,Q12212498-60DA0A5D-09D0-46F4-A07A-0A36B0E001FE
directors_5541,Q12213228,Q12179142,Q12213228-77B3304C-0738-4682-9438-76A3F01AC457
directors_5542,Q12214656,Q12228554,Q12214656-2170ACE9-0938-45AA-8D44-E01770B62F4E
directors_5543,Q12216857,Q12228554,Q12216857-B3ABC86B-35FC-408F-9EC1-F6ED9AB196F6
directors_5544,Q12216901,Q12243777,Q12216901-A2C841E3-74C9-4B73-AF7E-6206B3A19ED3
directors_5545,Q122169131,Q374678,Q122169131-41545ea5-4f47-e221-c313-8692149cd286
directors_5546,Q12217949,Q12178530,Q12217949-D903BD0E-0DC1-465F-89E8-100F10FE6A49
directors_5547,Q122190665,Q22212893,Q122190665-10EDA2A4-8976-4D05-932F-64BF6F11D11F
directors_5548,Q12219483,Q6799396,Q12219483-F69960FE-11B6-4521-BAFB-7DD15DE34BEB
directors_5549,Q12219714,Q12239973,Q12219714-38294A74-E385-4E7B-AE0D-61C6DF98D0A8
directors_5550,Q12219959,Q106594498,Q12219959-6919EE62-FD28-4D28-8982-ADB52FFB10A3
directors_5551,Q12219985,Q12239973,Q12219985-70DDE8DA-B5E3-4530-9980-B5EE90566C5A
directors_5552,Q12220313,Q3431738,Q12220313-51713BAE-6446-470F-BE60-43D7569BA142
directors_5553,Q122203155,Q1985090,Q122203155-c8d20e5d-4f15-a6b2-f9b8-f05492e3dbb8
directors_5554,Q122204638,Q124708540,Q122204638-91EBCA5C-8F60-4C3F-A689-89E9BBB103EC
directors_5555,Q122204697,Q124708541,Q122204697-94FB2B04-0C91-494D-9286-1C2F35DE5DA1
directors_5556,Q122204697,Q124708568,Q122204697-045D4391-9541-460E-89FF-13A9704F153B
directors_5557,Q12221585,Q6799396,Q12221585-622AFB6D-5DAE-48FC-8134-6D1A1B3C16FE
directors_5558,Q12221980,Q12178530,Q12221980-1729CA58-5179-4B7C-B64E-2EF0FA7D0C05
directors_5559,Q12222029,Q12228129,Q12222029-93A4C825-09E3-42E9-9028-3AC0D803B28F
directors_5560,Q12222050,Q12250381,Q12222050-A16A7BAA-BEA6-4D2E-9A25-6BFE604BA4F1
directors_5561,Q12222401,Q12179122,Q12222401-3CBB7D87-A7E8-4971-BD42-8204FD19C25C
directors_5562,Q122234107,Q104051241,Q122234107-edd985ae-4d96-1073-da2b-a16ac024ecb9
directors_5563,Q12224223,Q117810842,Q12224223-0302579a-4b9f-d58b-0f4c-2a0d987b312a
directors_5564,Q12224224,Q3474818,Q12224224-51E7161C-278D-4C5E-839C-71FAF819B4ED
directors_5565,Q12224398,Q117860450,Q12224398-32A9149C-2C4E-457D-8AD1-A2F718AA0B0C
directors_5566,Q12224778,Q12227843,Q12224778-AE6C78B1-E4EB-4824-A050-2E36ACB71122
directors_5567,Q12224852,Q115079424,Q12224852-76A150C5-BE92-481B-8B05-EF51B39F4E48
directors_5568,Q12227154,Q113495469,Q12227154-1bc4a337-4db2-f0f6-2118-5c711cbe56bb
directors_5569,Q12227592,Q3318603,Q12227592-64988529-2ABB-4C0E-AE52-B55200313269
directors_5570,Q12227806,Q16119094,Q12227806-E65B6174-6806-48DE-BB99-1C406BFEDDD9
directors_5571,Q12228344,Q3606985,Q12228344-4B04A84C-0BEE-4DD8-AB18-A50B54890953
directors_5572,Q12228488,Q100258703,Q12228488-CD0EC5DC-A97A-4449-BDED-2454C0828F1F
directors_5573,Q12228489,Q20422996,Q12228489-361E83FE-77EF-427D-A32C-AE4BF44AC53A
directors_5574,Q12228632,Q27909581,Q12228632-E433418A-9FB0-403F-AFA4-DCDE0FE0EB3C
directors_5575,Q12228681,Q12250381,Q12228681-7D1241AF-0850-466A-B8B2-520307EB1E06
directors_5576,Q12228814,Q12239973,Q12228814-3E0D4D31-53FB-4828-AB73-FA2A564E5C6C
directors_5577,Q12229413,Q12213023,Q12229413-8DE29EF5-5FBA-4FA9-9341-BFE168662BDA
directors_5578,Q12230126,Q12179122,Q12230126-A22B3352-CE95-4646-B856-35746BF2C91E
directors_5579,Q12230300,Q22688820,Q12230300-95EA403B-F5E4-4880-A2E3-AC9A857A6B40
directors_5580,Q12230613,Q111078730,Q12230613-df242192-4cfa-070c-e217-d5792c11ee04
directors_5581,Q1223129,Q30076175,Q1223129-1FD6177C-A3D8-4531-B6EF-576F50FB228E
directors_5582,Q12231386,Q12240787,Q12231386-9CEDEEC9-72C6-4CB7-B643-03A3096099B9
directors_5583,Q12231479,Q3318647,Q12231479-340FF1B7-8C14-4A61-A418-AE711503E604
directors_5584,Q12231490,Q12179122,Q12231490-22B1F4D7-736F-4D5D-86C7-1FDA6CE2FD5A
directors_5585,Q12231741,Q3318603,Q12231741-8CBF0288-5047-4D4C-A1D8-0B53809A3945
directors_5586,Q12231744,Q12239544,Q12231744-0A7F6B4A-5EB1-4EEB-AF4E-4C611DFAF4EB
directors_5587,Q12231750,Q123502151,Q12231750-6610ddea-4e5c-de6d-cc98-eaa4e98f6652
directors_5588,Q12232912,Q12205875,Q12232912-f372157a-4b95-4ab0-37a7-5dfd140f07c9
directors_5589,Q122329458,Q24833063,Q122329458-511e8892-4bb0-0440-7175-9903299404f5
directors_5590,Q12234413,Q106594498,Q12234413-53874F0F-D8BB-4202-9444-D74B16AE08DC
directors_5591,Q12234549,Q12179022,Q12234549-2E4D84E1-372F-4698-BF44-3CABF700441B
directors_5592,Q12234785,Q12228090,Q12234785-F4CDC072-047C-419B-8E83-1B5B505F9F99
directors_5593,Q12234981,Q3195985,Q12234981-B0DE5ACE-75B5-4332-9883-5B4FFB742F32
directors_5594,Q12235760,Q12213023,Q12235760-AF3546BC-FA84-420B-8C41-C149DBC46E7A
directors_5595,Q12235765,Q12227843,Q12235765-15B1F7D7-9FAD-4ADE-9B1B-AD0A964C9DE7
directors_5596,Q12235815,Q3195985,Q12235815-B2792B99-FA96-4869-89D8-D3645D521CD7
directors_5597,Q12236428,Q100258658,Q12236428-3B542EE3-5B0F-4B0B-9781-82CFFB611A03
directors_5598,Q12236845,Q12178530,Q12236845-F58B9017-2C7A-467D-BF16-A5779C0B3ED2
directors_5599,Q12237731,Q12205875,Q12237731-A66391AE-4138-4227-BAA0-8ECE34CD39C6
directors_5600,Q12238234,Q36692762,Q12238234-8756cd0e-467b-7168-fcb9-246acd796b9d
directors_5601,Q12238289,Q7494940,Q12238289-E46D21BD-37D6-49AA-9943-F8EBA13B6B9E
directors_5602,Q12239279,Q113495469,Q12239279-ca53a659-4ae6-dc48-155c-25e6e139a1f9
directors_5603,Q12239286,Q6698538,Q12239286-DD0E65BA-2574-4347-8F5F-6A9411D8A70B
directors_5604,Q122396990,Q318712,Q122396990-8e3989aa-4640-35cd-f74a-5526ad892d4a
directors_5605,Q12241522,Q114554698,Q12241522-88C114DE-C52E-48F9-9357-5B17D826720C
directors_5606,Q12241522,Q114833922,Q12241522-11D57CCD-AF77-42DF-BB64-E2C75EB6A069
directors_5607,Q12241522,Q83143740,Q12241522-9143C927-A77B-4B86-8612-6D1E8E1DCE21
directors_5608,Q12241931,Q11037223,Q12241931-BAF8BAAC-2340-4B70-AC67-BE1C3E243E30
directors_5609,Q12242061,Q12227843,Q12242061-BB2256E8-1B36-4091-BD3C-064BD261BAE4
directors_5610,Q12242586,Q117848484,Q12242586-93781E2E-1D54-4C23-B28C-02BF5C7B5762
directors_5611,Q12242874,Q5073156,Q12242874-4E98977D-7E7E-47D8-83A7-1957F7C03033
directors_5612,Q12243516,Q117848477,Q12243516-CF73E846-F602-441D-B2F3-50B56897D51F
directors_5613,Q12243582,Q12250381,Q12243582-F4E79BB3-816F-400F-A7F7-70B45A0B7F6E
directors_5614,Q12243704,Q4118661,Q12243704-0360FFBB-5F15-4C0B-A730-08B56C191008
directors_5615,Q12244262,Q12218751,Q12244262-1F496DA1-992D-4B17-9075-05186018AAFE
directors_5616,Q122459848,Q2452247,Q122459848-28b83773-4f88-48a6-911b-e3feb855cda1
directors_5617,Q122469990,Q49991198,Q122469990-7419A47C-FAFA-481F-95FB-A66DD8C78FA3
directors_5618,Q12248902,Q114777400,Q12248902-17893C58-A7B3-4317-8C35-7DA30C937319
directors_5619,Q12248902,Q117860892,Q12248902-C10D64EB-2E86-4202-84BF-DB44A9BCCCBB
directors_5620,Q12249669,Q12247381,Q12249669-3149A5FC-3A52-40BA-88F5-529E2D7B2A35
directors_5621,Q12250425,Q22928578,Q12250425-FC0693B7-FF21-4DE7-8C10-E524F4F78C1D
directors_5622,Q12250426,Q27909581,Q12250426-1B56430C-64AA-445E-A41F-AEC0224E54E7
directors_5623,Q12250430,Q12179122,Q12250430-E7C0FF4B-DA41-4F99-B803-9B6C79672CC9
directors_5624,Q1225068,Q1424757,q1225068-290CF437-D122-43D3-92F9-BA131EB3421C
directors_5625,Q12250901,Q106268546,Q12250901-BC7851DC-743B-4193-814C-1921DCAA3517
directors_5626,Q12251050,Q12250381,Q12251050-182BB3C7-FDC1-44C6-9287-4C6ED2BFE34F
directors_5627,Q12251233,Q117848477,Q12251233-FC6DCDA6-55D9-45F9-92B5-830BEF1382BC
directors_5628,Q12251453,Q6799396,Q12251453-7CEFFCD1-570E-4021-B04B-657F8E088228
directors_5629,Q1225387,Q3200413,q1225387-7F6DD850-0366-4919-BCB1-AAAF55E9357D
directors_5630,Q12254143,Q12253080,Q12254143-0e00a149-4439-a6de-d3f5-c1c373e49d8c
directors_5631,Q12255572,Q12265620,Q12255572-041b59d2-4574-a904-b051-0539e5aa997c
directors_5632,Q12255572,Q8192407,Q12255572-8602bd4e-4730-4779-31b5-bb1a76e40932
directors_5633,Q12256657,Q12261440,Q12256657-1c89eb17-430c-aae5-2cff-87133330d1e9
directors_5634,Q12257676,Q12253080,Q12257676-639d54ed-4c61-0b0d-6877-e7c189623e40
directors_5635,Q122585845,Q95469874,Q122585845-fdf15faf-413a-9979-8afe-80310c3eda99
directors_5636,Q12261704,Q12257838,Q12261704-665c21aa-4ec4-41b0-2616-7658524514cc
directors_5637,Q12261704,Q12263689,Q12261704-b64c45da-45f4-05d0-c410-e6defee9155e
directors_5638,Q122624366,Q4477434,Q122624366-f112f9d4-434c-1f52-3117-92283b3947a5
directors_5639,Q1226378,Q106284062,Q1226378-2AA1F502-C452-4146-9513-CC5C452A3FC8
directors_5640,Q122652,Q68855,q122652-6037B1B9-E511-4908-906F-183496EAB32A
directors_5641,Q1226599,Q524278,q1226599-39AE2857-5510-4851-9E66-5749969000F7
directors_5642,Q1226604,Q28149212,Q1226604-0EC5B372-5DB8-4E59-9B07-4D0CB4A2EDC3
directors_5643,Q1226702,Q86655,Q1226702-B6D860D7-A701-452F-AB80-50C610F8E08E
directors_5644,Q12267733,Q8192405,Q12267733-6e6fb900-4a58-c47e-f8b8-fdb4ab8c9bfc
directors_5645,Q12269090,Q12265712,Q12269090-9a057c68-4d07-17e2-ec08-a0a08b5a2855
directors_5646,Q12269332,Q8195115,Q12269332-7ee41954-422e-26e8-e544-1e05e9ddd2b6
directors_5647,Q12269332,Q8203028,Q12269332-67d62a2e-436f-1036-3cef-aea24d31ec53
directors_5648,Q12270550,Q12275273,Q12270550-458C9FC1-B581-427D-B54D-DF6D8FE1EB70
directors_5649,Q12270983,Q7292726,Q12270983-D90CE622-5B15-430F-970B-315CA9D2AA5D
directors_5650,Q122713,Q108047434,q122713-6185F0FB-8EA6-4248-8E47-904B6C847B0C
directors_5651,Q12273059,Q12299528,Q12273059-B4AB4237-9778-4DAA-8ED8-3299B7C6EAD2
directors_5652,Q122741016,Q21078321,Q122741016-d051fdec-4b17-ee2b-0bbb-f2f31359753c
directors_5653,Q1227439,Q1359422,q1227439-EBA87F9A-50EF-43B8-97E0-5AB15020971B
directors_5654,Q12274553,Q88082503,Q12274553-9456A4B3-CE50-4A59-B167-71C4AE1422EB
directors_5655,Q12277243,Q12272092,Q12277243-C197BF17-0C07-4011-92FB-76B6447ECBF7
directors_5656,Q12279517,Q12281332,Q12279517-2C2FD41D-1810-44EE-A2A9-921CF60B16D5
directors_5657,Q12279803,Q12280683,Q12279803-B8D4ACCB-AB7F-47C7-A057-44AB4FF0B5E4
directors_5658,Q12280274,Q12293349,Q12280274-00845E0C-7297-45C4-B5E2-0D5EC6CDE865
directors_5659,Q12280624,Q12290566,Q12280624-822CFCFA-8212-4A6C-84BE-5139C6CE6AFE
directors_5660,Q122827342,Q273962,Q122827342-7b88b9d6-443e-1017-4197-e120c846dcfc
directors_5661,Q1228413,Q16891732,Q1228413-238EF3F8-53B8-475C-A9B8-3D5CC86BA316
directors_5662,Q12284754,Q5547131,Q12284754-F5A1FCC9-8608-4C1A-B86B-775801A6D2AE
directors_5663,Q12285001,Q57628360,Q12285001-C9EEE1AD-AB51-4C52-B6FA-1B3FAC1E8D28
directors_5664,Q12285060,Q57620178,Q12285060-0329EB8C-31A8-48F0-938C-C5A14148A910
directors_5665,Q122852744,Q122852740,Q122852744-7ce21edc-4523-6698-a525-a690edd557b3
directors_5666,Q122863612,Q106848820,Q122863612-379d1785-4293-715b-ce97-cd1155660a33
directors_5667,Q12288964,Q12284014,Q12288964-C8062872-2249-409D-BE31-F9DC09562CE5
directors_5668,Q12289121,Q12274721,Q12289121-02c05c8a-409e-b03e-0aa7-cb1f69b2dbfc
directors_5669,Q12289121,Q12281305,Q12289121-233565A3-AD8B-4426-B7E6-01613CBB7AE0
directors_5670,Q12289142,Q12288677,Q12289142-CAE7222B-59C0-4DFA-A981-35B09654B596
directors_5671,Q12289253,Q12278561,Q12289253-CA4C3F5F-9B8F-4431-A017-C1DE872C7127
directors_5672,Q12289862,Q3497872,Q12289862-B13E03CB-5C3D-4D93-8C92-5CBABB94B49F
directors_5673,Q1229069,Q558822,q1229069-5B23C6ED-2719-4F34-B6EC-11325314410C
directors_5674,Q12290898,Q12284014,Q12290898-64BE732E-5F28-42F1-9E81-26EAF5B5FFCC
directors_5675,Q12290923,Q57628143,Q12290923-F3A2DAB7-33AC-47D4-BE12-4BCD97E1C801
directors_5676,Q12290942,Q2335956,Q12290942-911691A3-6F98-49CD-BEC3-5CC56F47A754
directors_5677,Q12290942,Q314353,Q12290942-FCD1651B-B993-4224-8C6F-F0583AF12ED3
directors_5678,Q12290942,Q537284,Q12290942-A595EAF2-0C5D-496B-BE26-779F332C92E6
directors_5679,Q12290942,Q57618512,Q12290942-E2F5A2D8-2B0E-42FB-9F5D-D3AB9CC49409
directors_5680,Q12290942,Q83487,Q12290942-013B5297-DE1A-402D-B32C-B326A9D9D57B
directors_5681,Q12290942,Q95314439,Q12290942-4C77E21C-E8BC-4261-839C-515383BB9EE6
directors_5682,Q12291125,Q57628143,Q12291125-20c6869d-45f8-72c4-aa50-1f0699c76942
directors_5683,Q12291497,Q12280602,Q12291497-3EFD799B-8C94-4901-9DA2-68962405F8B2
directors_5684,Q12291666,Q118106754,Q12291666-8F9C0DD3-2144-4BA4-98E5-7F2A8BF5C88E
directors_5685,Q12292185,Q12281305,Q12292185-80F812DE-81B6-4928-B12C-DC36E15A59C6
directors_5686,Q12292279,Q12280657,Q12292279-554C5151-2854-4C24-AF29-C6E61FD8A2E8
directors_5687,Q122932764,Q124708055,Q122932764-C3A6756E-0F1D-4C36-8DEB-F09F71A963B0
directors_5688,Q1229368,Q52110064,Q1229368-ce7f11e6-4233-8d11-0c75-8123e81e4442
directors_5689,Q12294089,Q12284014,Q12294089-D509BBB7-C0E5-4235-B38C-E73DD0E68031
directors_5690,Q122946886,Q28159717,Q122946886-6d4809dc-493b-7787-e4ba-cb94a111064a
directors_5691,Q12295739,Q12294991,Q12295739-8A6DD128-0CB9-44B6-88A3-14C71FC1A940
directors_5692,Q12297197,Q7611187,Q12297197-FBFAC8CE-E355-45A4-AB00-C5041DFBB3EF
directors_5693,Q1229752,Q648036,Q1229752-8FD84F94-2364-4374-8130-DDFD1F9F6378
directors_5694,Q12298069,Q12272021,Q12298069-E5F4BB47-64A7-4371-8376-C55233A784F8
directors_5695,Q1229857,Q834121,q1229857-817899DE-D922-4F32-BFA5-C3F99983B8D5
directors_5696,Q12298819,Q12279841,Q12298819-8DE80769-A3C2-4801-A35E-A1E22EDF53BB
directors_5697,Q12299295,Q118054268,Q12299295-620B5D2B-941D-493D-A36E-5AFF51575B3A
directors_5698,Q12299353,Q12285465,Q12299353-D8BBE177-2EDD-4620-8989-A72CD62851FA
directors_5699,Q12299903,Q12300224,Q12299903-376c36cd-4a15-1042-82f3-abcb506c3e97
directors_5700,Q12300135,Q114903776,Q12300135-AD64A917-6733-4098-A8D1-9E52C0D20C5B
directors_5701,Q12300853,Q17058211,Q12300853-8F899D61-F7C8-4868-8819-8D5392977F14
directors_5702,Q12301078,Q12332904,Q12301078-FA4B367D-B389-40BE-9B06-CEBCD94C4B52
directors_5703,Q123014315,Q11560220,Q123014315-5fb1b0bd-438a-ccdc-98b5-ea1733545168
directors_5704,Q123014465,Q12470642,Q123014465-BFCAD148-7D64-41E8-9498-53FE8C83328F
directors_5705,Q123014465,Q816487,Q123014465-e3f81873-4e45-5e77-ae52-b41681e688e4
directors_5706,Q12301702,Q12305706,Q12301702-65440D27-5B86-49D1-9A75-F928F193C6C5
directors_5707,Q12301704,Q12305706,Q12301704-25C0F90D-6603-4AB5-B194-0756370EAD10
directors_5708,Q12301705,Q22086041,Q12301705-FB4BBA9C-B17B-446D-B2A4-B57682CFBAFF
directors_5709,Q12301707,Q12338513,Q12301707-4621C3D9-F23C-4665-A54B-458C39453587
directors_5710,Q12301736,Q5388900,Q12301736-F0997AEB-B0FF-4A25-9D72-1FF40A4B27D8
directors_5711,Q12302227,Q55294,Q12302227-021B66F5-3B2B-4DD6-8748-2B3B3345A7EC
directors_5712,Q12302313,Q12305706,Q12302313-9f3ae33e-4916-99bf-de4a-36bb68c60961
directors_5713,Q12302313,Q33436828,Q12302313-14D43786-3C53-4F9A-B075-04432FF0FCCA
directors_5714,Q12302400,Q385800,Q12302400-A90B18F8-CF0B-47C1-ABE8-1A262013192E
directors_5715,Q12302708,Q12324522,Q12302708-c70d0dfe-4865-6e76-4add-3e2183031b93
directors_5716,Q12303309,Q12315456,Q12303309-2282FD24-690E-44C3-BF6D-C0C226A377F5
directors_5717,Q12303872,Q12332904,Q12303872-BE321227-68A6-4258-BBDD-C85D54E34E86
directors_5718,Q12304750,Q12339214,Q12304750-5CE0B91B-8454-4799-8061-78E19C282909
directors_5719,Q12304750,Q4753869,Q12304750-A8D87F1A-0848-4773-A41A-B17F2BD0FFEF
directors_5720,Q12304817,Q33436849,Q12304817-708775AF-2F85-4D50-89AD-0EE9BF18EF2A
directors_5721,Q123050485,Q3161013,Q123050485-769a5279-4acc-88fe-ec80-485c74ade967
directors_5722,Q12305094,Q28868391,Q12305094-3c07655e-4498-5559-ae41-3e6030076d64
directors_5723,Q12305674,Q31212910,Q12305674-49587C17-0B36-4AD3-BB71-8E296FA0DB0A
directors_5724,Q12307349,Q431435,Q12307349-C221197A-0351-456B-A5D7-42C8774FA6C9
directors_5725,Q12308214,Q12326312,Q12308214-14DF07CA-3CD0-456A-817F-4DF9D8D7A21B
directors_5726,Q12308225,Q1387115,Q12308225-6BFCE6BA-69E9-4D2F-B6FF-176DE70B808A
directors_5727,Q12308226,Q12319685,Q12308226-C72612DC-1F0C-4C54-B4C1-5C8E2420D6F8
directors_5728,Q12308291,Q6063990,Q12308291-B767E465-4456-4AC7-8F69-3169E3BFDF4D
directors_5729,Q12308291,Q6241244,Q12308291-B124E8BF-2A53-4918-BD3D-ADCF53D6A2E2
directors_5730,Q12308462,Q12335095,Q12308462-ba7ce5f9-45b6-30bd-f033-c432b8710f9f
directors_5731,Q12308501,Q12308264,Q12308501-031964B7-7791-4A72-92D1-CD3F79E7BFF4
directors_5732,Q12308608,Q5109556,Q12308608-B49F94D4-22EC-4F79-8C29-54870AC82F87
directors_5733,Q12308814,Q385800,Q12308814-29DE9D23-BFBF-468C-BC7C-2B939D97E8E7
directors_5734,Q12308937,Q1967835,Q12308937-56E92879-AD03-4977-9D4A-03BC1FE4DD44
directors_5735,Q123091318,Q112813445,Q123091318-6376ea6c-46e8-18eb-2913-a8791f072b27
directors_5736,Q123094814,Q1158442,Q123094814-BDA4E061-7A09-4EFE-A56C-75ED4C743622
directors_5737,Q12310042,Q385800,Q12310042-E41739DD-E2C4-4D6F-93C8-84D9BA242DD9
directors_5738,Q12311031,Q12305706,Q12311031-530CFC3D-924B-4C88-8A4D-421D23B0041C
directors_5739,Q12311073,Q12306461,Q12311073-33B711F0-3E6D-4659-9602-749B679E0DB1
directors_5740,Q12311074,Q12306461,Q12311074-4F439150-937D-43E7-9BD3-9408ADDF5453
directors_5741,Q12311075,Q12306461,Q12311075-00288cc3-48b1-f576-c53f-9290332a7165
directors_5742,Q12311077,Q12306461,Q12311077-45C7E688-8CA1-4C9B-909B-BB70DA0E78C6
directors_5743,Q123113807,Q345379,Q123113807-6135ee76-4cdf-f2b1-8c41-d58a762d5e14
directors_5744,Q12311678,Q4990625,Q12311678-E9AE86DD-B5B1-4391-BB65-F011D2A513C0
directors_5745,Q123122993,Q97660328,Q123122993-F2B80AF9-7D8F-434C-A240-1AEDC33C60A2
directors_5746,Q123125161,Q135654205,Q123125161-def7c1b2-416f-280e-7a84-f4f0ed46cb84
directors_5747,Q12312966,Q3056540,Q12312966-AE2A0775-6934-4E67-AA4A-10261BD09A50
directors_5748,Q12313082,Q12321587,Q12313082-C525902D-9B75-4E0E-A717-8D8403B2E7A4
directors_5749,Q1231314,Q730064,q1231314-C671D295-7080-4D1E-92E1-25FDE9B8CCDD
directors_5750,Q123137223,Q936866,Q123137223-dacf4b06-4fec-589c-e003-5ce793c4c2b6
directors_5751,Q123139361,Q6501653,Q123139361-107f24dc-40cc-0420-4a46-e451cbd93a84
directors_5752,Q12314029,Q37493208,Q12314029-7D2D3535-55B1-4AD1-A444-FD2427BB4A32
directors_5753,Q12314310,Q12338512,Q12314310-e185485e-4ede-9890-bbcd-e0a7c552f54b
directors_5754,Q123144593,Q60989390,Q123144593-092092ad-479c-55e1-a63f-561671a52b6a
directors_5755,Q12314585,Q24807481,Q12314585-1FC3A212-1DE5-4BF5-BB4B-EFDCCEFA1D09
directors_5756,Q12314758,Q12330253,Q12314758-3aaf2e20-4ce4-bafc-6977-29db683194b7
directors_5757,Q12315018,Q3129852,Q12315018-A8FE6DA1-4DBF-4FB6-9E00-C54ED60F1223
directors_5758,Q12315869,Q4994185,Q12315869-BFC11526-65C7-49F8-84B5-27FDF27C101D
directors_5759,Q12316769,Q33436871,Q12316769-FB3F8B52-F138-465C-8F88-F3321BC8C7C0
directors_5760,Q12316789,Q29109839,Q12316789-76641e73-4c7c-a7fd-f401-ac69254dfd00
directors_5761,Q123169096,Q107504254,Q123169096-44BDDA89-BCEC-4A45-93D3-E99E5B8F0A64
directors_5762,Q123169098,Q19668417,Q123169098-cd2a100e-4002-56bb-ca98-7181a51e4359
directors_5763,Q123169551,Q112813445,Q123169551-a6d1ce58-43d0-8899-d2d5-94f484eae572
directors_5764,Q12317023,Q12321487,Q12317023-20EC6F7D-82DE-4FD9-9162-DA6CC0D58907
directors_5765,Q12317441,Q12331471,Q12317441-CFA5DC66-54DC-411C-9B90-19009E9EBBD3
directors_5766,Q12317570,Q11958211,Q12317570-7D16779B-E011-4097-A5C2-1582DC61CA17
directors_5767,Q123179308,Q1042721,Q123179308-53a06be5-4960-5fad-6e0e-0a01225a5331
directors_5768,Q12317931,Q1387115,Q12317931-A81B18E7-840F-4335-86F7-ED706056EC5D
directors_5769,Q123181935,Q3339755,Q123181935-a1b5935d-47b4-ce93-2039-c29dadd698d8
directors_5770,Q123184936,Q123184955,Q123184936-5b981c96-4e77-ec26-71d1-0c3291d07d3b
directors_5771,Q123185886,Q18637425,Q123185886-906D9F28-833D-423E-BA93-573FCECC5F0F
directors_5772,Q12320257,Q1387115,Q12320257-38793990-42c0-b495-7171-acb296f6466e
directors_5773,Q12320424,Q12332904,Q12320424-38AD7FBA-9EC7-4794-94F7-5BAD31B1EFAC
directors_5774,Q12320451,Q12315456,Q12320451-0419F772-C9D5-4CB8-B45F-4BDC233778D8
directors_5775,Q123205627,Q123205683,Q123205627-a77cb338-4758-c7fe-cc81-b3bf5053992f
directors_5776,Q123218412,Q130457079,Q123218412-EA229544-CB4E-43BE-BE61-4E09DEC16BCC
directors_5777,Q12322474,Q33436860,Q12322474-33F45258-2491-4B37-9962-B16E84BDDB3B
directors_5778,Q12323002,Q33436954,Q12323002-24ADAA75-642C-4096-B7C4-71297277953E
directors_5779,Q12323041,Q6914492,Q12323041-5C8D6804-99C0-404C-9222-356191F5E3F9
directors_5780,Q12323334,Q526540,Q12323334-853AB67A-D988-4DFB-A43F-7BF9B828CFB9
directors_5781,Q1232340,Q1893857,Q1232340-4D2DBD48-EEC5-4262-B7F6-3DFC70DAAC45
directors_5782,Q12324124,Q3056540,q12324124-522A7554-556E-4DCB-88FC-39FE26C00C1B
directors_5783,Q12324929,Q2017909,Q12324929-7cb7210d-447e-9a45-27e3-7d30d4f84b7c
directors_5784,Q12325220,Q4992290,Q12325220-6D1ED336-5660-4F57-B771-BDDA239B6D23
directors_5785,Q12325347,Q33436667,Q12325347-8CDF6548-EE38-490B-8FFB-0FE1410261CF
directors_5786,Q12325874,Q12319685,Q12325874-F034CC6D-81F1-4053-94F0-8F361DB37E19
directors_5787,Q123263821,Q30145359,Q123263821-26362ebf-46e0-3281-9917-4d953fe8a2f8
directors_5788,Q12326461,Q29014979,Q12326461-ed9c6081-4950-7277-2c80-25cbef9407ff
directors_5789,Q12326475,Q12324924,Q12326475-133F192E-036D-441A-B2F0-99D8C03C5B47
directors_5790,Q12327268,Q12330191,Q12327268-166E3657-437E-4951-826C-C891A4CDB0C0
directors_5791,Q12327272,Q12338512,Q12327272-f9c75614-41a9-8b40-ca01-387315ca5f46
directors_5792,Q12327272,Q35979695,Q12327272-6C9808BA-266A-4F55-8D62-54B1F7BE4C24
directors_5793,Q12327278,Q952621,Q12327278-25340434-D7CE-40A9-9609-52BB4D81A727
directors_5794,Q12327279,Q376995,Q12327279-43FE25D9-711A-45A1-A947-F46DE3651077
directors_5795,Q12327280,Q6374646,Q12327280-fd40171f-4ba7-3e9c-942f-0a29b4fb44fc
directors_5796,Q12327281,Q376995,Q12327281-BBC9449D-CB5F-4CDF-ADCF-05ECD28D1354
directors_5797,Q12327338,Q432758,Q12327338-13862BB5-1F40-427B-8D1C-2EA2DE329FFB
directors_5798,Q12327567,Q24807481,Q12327567-D2327B2A-11E8-4754-AEB2-CF3BF4259460
directors_5799,Q12328084,Q12313856,Q12328084-46AE0E56-2E01-4C5D-9DC3-2E61730D2A15
directors_5800,Q12329107,Q37493492,Q12329107-31BCF204-E36E-4D69-9B26-07AC92910F38
directors_5801,Q12329564,Q29057509,Q12329564-df20298f-49e2-b9b4-8e0e-b97187526b9f
directors_5802,Q12329944,Q3026010,Q12329944-917F5673-CE11-410D-B57E-57818DCF1D8C
directors_5803,Q12330002,Q6187841,q12330002-ff958806-45eb-73ec-1684-9466992436cd
directors_5804,Q12330295,Q12335095,Q12330295-5099DBF5-859D-4591-B234-FA4EB9CCAA68
directors_5805,Q12330298,Q12324522,Q12330298-E891C9A2-48CF-4A11-AE43-8D6CD503F1DC
directors_5806,Q12330696,Q12305708,Q12330696-EF6BA9BF-FFD2-497C-B09C-8C5658424BDB
directors_5807,Q12331012,Q12321689,Q12331012-CBE6658C-7FC6-4066-91B2-96FDF2131E46
directors_5808,Q12331964,Q952621,Q12331964-0B1357B6-3927-4C3D-A04E-71A890A67AB5
directors_5809,Q1233258,Q21039017,Q1233258-75bbfec0-416e-2da0-610c-07b5e879fc1c
directors_5810,Q12332601,Q376995,Q12332601-DA15AE71-9850-4A6D-852E-6AC276944224
directors_5811,Q12332614,Q12300224,Q12332614-B1FA6A93-607C-49DB-82B1-42A329A286F9
directors_5812,Q12332651,Q22121170,Q12332651-CD336B1D-ED37-4303-B709-6019ED7FF2ED
directors_5813,Q123330555,Q701930,Q123330555-988618ac-4742-82e3-e3a6-562ec1cb9b37
directors_5814,Q12333223,Q12321689,Q12333223-D90DBDCC-236C-4C4A-8CB8-8212652457DB
directors_5815,Q12333412,Q33436849,Q12333412-884C2FF8-4C5E-4108-9E48-232F984AA40E
directors_5816,Q123339531,Q23663310,Q123339531-9c12af73-4982-321e-0d7e-8fe3d9b40bc9
directors_5817,Q12334097,Q5109556,Q12334097-B64D9DE4-A766-497B-9F11-86476F1B5283
directors_5818,Q12334799,Q432758,Q12334799-C5BD5886-B902-4C9B-BCBA-90A3412F50E0
directors_5819,Q12334998,Q4569882,Q12334998-A2792555-47FB-42E1-AA91-89777801308C
directors_5820,Q12334998,Q531540,Q12334998-3D2EC908-7A4A-4CBA-827D-DE8C483170FF
directors_5821,Q123353190,Q5322064,Q123353190-06e0861f-4ffc-26c9-ecaf-22b6d84b5ffd
directors_5822,Q12335324,Q12320671,Q12335324-1CE693C2-AC24-47D3-8541-011B4D34EDA7
directors_5823,Q12335340,Q12328974,Q12335340-AFA25E87-1F37-4FF7-921E-58661D34DAB4
directors_5824,Q123353613,Q42229,Q123353613-4f5c02a2-4f68-3ff4-01ca-d775cf6b0510
directors_5825,Q123354111,Q125415650,Q123354111-a95e9494-44ae-ff35-9bd8-da2d36b96b6f
directors_5826,Q123354121,Q125585564,Q123354121-37d72bee-4cfe-ee57-e4cf-32a486b0884f
directors_5827,Q123354232,Q715330,Q123354232-6A483E09-26A3-4126-910E-EA6BB8EBF6A9
directors_5828,Q12335599,Q37494003,Q12335599-E4370B71-2319-49F3-BC78-880C2AC93E23
directors_5829,Q12335915,Q185671,Q12335915-0A8AB6B4-F243-49C2-8212-6696A8333FB8
directors_5830,Q12336072,Q12320351,Q12336072-39089BA6-A65A-4B36-8236-A84D69FBFE4B
directors_5831,Q12336072,Q12325923,Q12336072-A228A249-79F7-4838-A4D7-591440F5D718
directors_5832,Q12336076,Q3056540,Q12336076-0034a34d-418f-a168-f0e3-4229f804a833
directors_5833,Q12336171,Q12327175,Q12336171-2290EE25-46F8-4E49-B3CB-B12DEF2BCDAB
directors_5834,Q12336502,Q4753869,Q12336502-69BA2581-1988-4DB9-8ADF-EB61ADF78FE9
directors_5835,Q12336559,Q3026010,Q12336559-F9A0D404-E0B6-478B-B74F-99C3D919338D
directors_5836,Q12336657,Q1084396,Q12336657-0C501025-4D8D-46DB-9119-3B509FFAD508
directors_5837,Q12336735,Q3077730,Q12336735-A9AD0EBC-357F-4492-B745-B039668EAAD5
directors_5838,Q12336764,Q952621,Q12336764-1CFBCDAE-F0D2-47E2-984B-8D82D2C07ED0
directors_5839,Q123370370,Q282033,Q123370370-630b74d0-46cd-a769-4205-3240e1beb20e
directors_5840,Q1233715,Q243430,Q1233715-F1208564-F5EF-4CD5-86EC-D95EDD69A4C9
directors_5841,Q1233715,Q465089,Q1233715-AF6FDD6C-65DB-49B7-B507-8DB72A9B9B27
directors_5842,Q12337373,Q12319685,Q12337373-D6C6E53C-763B-4D7F-9C8D-6D97917CA6F6
directors_5843,Q12339042,Q5415132,Q12339042-7d570082-461b-b072-d20d-ff40d3b381e6
directors_5844,Q12339350,Q12324924,Q12339350-6A4011B2-FB65-477A-9439-D00450A8CEFB
directors_5845,Q12339379,Q33437136,Q12339379-B95F518A-50BA-4ADF-99F3-AADE1E61C2B5
directors_5846,Q12339843,Q37493727,Q12339843-66BF92C1-E622-4CF9-BC5C-D622DCC96707
directors_5847,Q12340263,Q15430230,Q12340263-060B7429-B3A1-42EB-B65B-E601C7A53807
directors_5848,Q123403594,Q65551692,Q123403594-ab519d38-4dc6-4fa1-d2d8-c3a13de981d5
directors_5849,Q12340701,Q12305706,Q12340701-100DC7A9-C446-485B-9EBD-172B4E1FA80A
directors_5850,Q123420921,Q5112725,Q123420921-37FE4949-4BE4-457F-A7C3-D0D380FD082A
directors_5851,Q12342337,Q33436889,Q12342337-C2B62CCA-6EEA-4EFB-B838-4366C9560363
directors_5852,Q12342669,Q16065265,Q12342669-5092EA7E-A344-4D33-A39E-5B9D166EB7EC
directors_5853,Q12343180,Q256395,Q12343180-07772C1F-F085-4EC3-A5A6-D16063734105
directors_5854,Q12343433,Q1579416,Q12343433-923A4BA5-6332-4596-B77C-41CEF2868BCD
directors_5855,Q12343471,Q33436752,Q12343471-5F394431-E554-4F4F-B1E4-DD80B017E0A9
directors_5856,Q12343734,Q952621,Q12343734-6696E119-D26E-430B-AD63-40C9C26E5CE4
directors_5857,Q12344188,Q12338512,Q12344188-444C3960-A17E-45D6-8111-378F39926D14
directors_5858,Q12344354,Q29014684,Q12344354-90b990d1-45a0-0bde-14c7-f0951c223993
directors_5859,Q12345679,Q4684201,q12345679-27833f0d-4112-6533-f51a-06d7061a9f0e
directors_5860,Q123457713,Q3216065,Q123457713-d5176c74-4692-f58f-0d6a-a07332cdc220
directors_5861,Q1234633,Q3196691,Q1234633-B076BFC6-E675-4087-9800-3202144F20B5
directors_5862,Q12346586,Q2749785,Q12346586-B2D66F7F-8C7C-49CE-A8EA-EE8350B2DF1E
directors_5863,Q123466388,Q123466400,Q123466388-92EABD2F-17A2-4405-85E5-D283F1B47F79
directors_5864,Q123466388,Q123466404,Q123466388-1E83F4B7-631E-493D-8893-F7708D2CB042
directors_5865,Q1234664,Q944459,q1234664-90355A99-9310-46DB-BD0C-A755DF6043DC
directors_5866,Q123472177,Q103646,Q123472177-6be6b5cf-49da-1d09-d4f2-db1792d88355
directors_5867,Q1234728,Q1318058,q1234728-B1CEE8D7-4183-4059-9ABC-7C35DAE46008
directors_5868,Q123477948,Q63699527,Q123477948-8fde26e9-4fc2-357d-77fb-4e1e3e8c15f2
directors_5869,Q123511612,Q1421655,Q123511612-cd3c08d8-4632-6ef8-d75c-39b664320a84
directors_5870,Q1235281,Q25100,q1235281-7E615C81-A620-4846-BC3E-C7259D790A4A
directors_5871,Q1235550,Q1744,q1235550-8AC5D42E-329B-4EDA-8DA7-D4711CF6371C
directors_5872,Q12357515,Q492515,q12357515-405E4365-48BE-4842-9DD7-A68798A1024E
directors_5873,Q123582793,Q12022716,Q123582793-c2f7c5ad-4317-a8b6-688e-f3a84ef6613c
directors_5874,Q123582793,Q1383138,Q123582793-e75151e3-402a-c809-f17b-9b8c04faa2e2
directors_5875,Q123583548,Q131935045,Q123583548-33BD9AF2-9825-4D28-B7AD-D255DABA09B2
directors_5876,Q123594168,Q755543,Q123594168-e22575b2-4a95-7a81-6e50-a09f1ce92b2d
directors_5877,Q12360215,Q20528865,Q12360215-9534F319-7E27-49E6-9589-83D81A98A572
directors_5878,Q1236069,Q818119,q1236069-238B71C7-B6F7-4D90-A7BA-784C9F96A845
directors_5879,Q12360753,Q12358428,Q12360753-2B1A681F-710D-4106-9E57-1DAD128BCEF2
directors_5880,Q123614097,Q12019433,Q123614097-1bd20b39-462d-7754-5bf8-15800d4f59ed
directors_5881,Q12361829,Q3740790,Q12361829-EC72CA85-47DC-45B2-A6F6-C12E6ABA9132
directors_5882,Q12363537,Q3739177,Q12363537-7C2F48E0-3567-4D59-A8D9-4A3E2E851181
directors_5883,Q123653417,Q3376726,Q123653417-037329d0-4cd4-e186-2558-7313328c2745
directors_5884,Q12367211,Q457999,Q12367211-D8DF78B0-2FA8-4096-B7CB-8BD3B2AD1355
directors_5885,Q123677839,Q17013502,Q123677839-1548b133-4020-dca1-db36-2021d376b2fc
directors_5886,Q123677839,Q6697043,Q123677839-7d2543c9-42b6-a168-a587-bae046b35e1e
directors_5887,Q12367873,Q16404417,Q12367873-E3CBB163-2316-473C-B498-066DD3FC64AC
directors_5888,Q123680870,Q16770045,Q123680870-D94D6EBE-2E14-4E4F-AD4A-EEF271FD7866
directors_5889,Q1236851,Q967302,q1236851-BB851318-8294-46FD-8CD8-B8C7BB85C6FD
directors_5890,Q123689050,Q3040342,Q123689050-c125fa14-459c-088f-83f3-3fd1d658321a
directors_5891,Q123690366,Q124556272,Q123690366-4A1FDE80-1AE2-4F53-A12E-E8586AEB3238
directors_5892,Q123690366,Q131436568,Q123690366-41DC4370-759B-419D-AAF6-7734E1AA6801
directors_5893,Q123690368,Q219512,Q123690368-f4a6d378-4d35-f193-27e5-ad1b90259101
directors_5894,Q123690382,Q103917,Q123690382-331700da-42a0-1adb-fda4-4e3bc3d45be3
directors_5895,Q123690674,Q76505232,Q123690674-df2444a4-4536-c08e-72ab-4481bdfbe718
directors_5896,Q12369119,Q16405293,Q12369119-296583FD-FFDA-419C-8428-29347669C16C
directors_5897,Q123693164,Q124708516,Q123693164-6AAAE2B9-1280-4A73-A8B1-ACBE861CEE13
directors_5898,Q12371187,Q16405293,Q12371187-01e5aa50-4290-0ea4-efd0-adb9808113f9
directors_5899,Q12371939,Q110664077,Q12371939-d86124f8-4e30-7653-fa96-32c66b4aa6e0
directors_5900,Q123734322,Q26903635,Q123734322-54a068aa-4f65-f6b2-3d99-861979d5f990
directors_5901,Q123742,Q931613,q123742-BEAF4F9B-F80A-42A0-99F1-919BF8B424ED
directors_5902,Q12374259,Q12359162,Q12374259-86DC6292-9582-4FA8-9B5D-5286290855C8
directors_5903,Q12375072,Q116572128,Q12375072-bee88ab0-4478-4e2a-7b60-8a24a6ace5d5
directors_5904,Q123754013,Q131935051,Q123754013-16310EA2-4F3A-43A0-91CD-1DE30D91A6BE
directors_5905,Q123755212,Q107189279,Q123755212-fd03b051-49cb-8a7c-0d35-d96bb38cf868
directors_5906,Q12376027,Q12358428,Q12376027-F0B9C739-EF5B-455E-A23F-885D1073258B
directors_5907,Q123761856,Q3194224,Q123761856-2D5C8663-4D23-4850-B87E-6CAA659FBF3B
directors_5908,Q12377615,Q983793,Q12377615-26CF511C-64B4-432A-813E-EAF91B7312B8
directors_5909,Q1238102,Q363989,q1238102-CCE669BB-6F58-47D5-949F-BBC8684851B6
directors_5910,Q123819147,Q7028719,Q123819147-357788d4-4e2b-8932-e948-34efa22ab0e7
directors_5911,Q12382267,Q12383137,Q12382267-f4e1ad0f-4bcf-d47a-3874-b0c073848ebb
directors_5912,Q123822933,Q97290665,Q123822933-ffa0ddf8-4664-7048-c2b4-b408045071f2
directors_5913,Q123823141,Q57941396,Q123823141-b21fbc7b-42ae-7ad8-8af2-c99d86a384f8
directors_5914,Q1238429,Q18229523,Q1238429-9292A883-5DA0-4C1B-B27A-B7EEC7FD17B5
directors_5915,Q12384500,Q20533627,Q12384500-c6f8b3ed-4e40-ddd8-a241-b904778dfde1
directors_5916,Q123852386,Q113552777,Q123852386-a44e84ad-455c-67db-ffec-9ca98c56a57d
directors_5917,Q12385813,Q66818226,Q12385813-a53bc5e8-4640-dab9-2ee7-a6e2197b8453
directors_5918,Q123859861,Q6149241,Q123859861-b3fc8881-48d6-c9db-d1ab-5007b55fe711
directors_5919,Q123861757,Q540456,Q123861757-c03331e2-4b8c-0272-1dda-19496201ab00
directors_5920,Q123862686,Q139121,Q123862686-2346b65b-4a1c-37c2-07a9-3b16ae590079
directors_5921,Q12386712,Q133295252,Q12386712-0a11d70e-4395-b592-95a6-258d7d1ada04
directors_5922,Q123869132,Q12050800,Q123869132-0acf2bc5-4c22-590d-1838-5db9bec3d4b9
directors_5923,Q12387051,Q3379934,q12387051-8E6E3113-564D-4D7B-9250-56FA2166CBBD
directors_5924,Q12387161,Q12390320,Q12387161-67ac8113-4aed-ad2d-84b2-d380f7ea0dd6
directors_5925,Q12387793,Q109418975,Q12387793-AF20FFF8-457B-4269-9458-79DF502F730B
directors_5926,Q12387884,Q12390928,Q12387884-f41e3b39-481e-3b14-8a8b-207d1654ce76
directors_5927,Q123908641,Q67155220,Q123908641-D6F64229-7F1E-4A60-8C2A-3B8E7266D881
directors_5928,Q123910761,Q33507138,Q123910761-0E082DAB-456F-4CF8-97D4-B7B85D9FA971
directors_5929,Q12391290,Q250041,Q12391290-FCE11F8A-267F-45B0-96D0-8D50878FB9D3
directors_5930,Q123913223,Q35701738,Q123913223-e813aa93-4b4d-af64-e521-be0d033092f9
directors_5931,Q123913781,Q179463,Q123913781-5eebd4ee-4df1-29da-c154-05e785f73c14
directors_5932,Q123928072,Q382389,Q123928072-6ff18410-4c45-c695-6597-1ff43d27c203
directors_5933,Q123938786,Q123944106,Q123938786-ae459cc3-48dc-7d6f-a148-f6c3fd487c25
directors_5934,Q123938825,Q124708527,Q123938825-6811849C-8044-484D-95B6-00B21E00FBD7
directors_5935,Q12396205,Q131340949,Q12396205-42FAA8DF-FBD8-48B4-8F63-A471031F32FF
directors_5936,Q12396227,Q3103980,Q12396227-97bab23f-07ac-425b-aa9f-b208f0cfc8d2
directors_5937,Q123985273,Q1209738,Q123985273-00d46717-409e-541c-6190-d4789ab87a66
directors_5938,Q123986303,Q92446039,Q123986303-a7c23f67-4cc9-24e0-0352-b9e5aa726738
directors_5939,Q12402020,Q12390597,Q12402020-a4a5f773-a432-49b5-8bde-973e6d16edab
directors_5940,Q12403955,Q16130830,Q12403955-c91c493f-42e6-5514-1429-15796c8a8932
directors_5941,Q12404006,Q12407947,Q12404006-b71ef91e-4ec8-503d-5c8a-924280d54135
directors_5942,Q12404006,Q135918696,Q12404006-6e405359-4bae-0354-3741-94676eddc3a9
directors_5943,Q12404153,Q63031799,Q12404153-B3BC824A-6169-4FAD-92ED-2023FF0303B4
directors_5944,Q12404177,Q5991429,Q12404177-a3422d95-46f0-b4a0-8141-fab09184e55b
directors_5945,Q12404593,Q7057436,Q12404593-bb96d159-4b7c-c9db-2e1a-bc46f3d660e6
directors_5946,Q12404742,Q6761893,Q12404742-21d195b1-4b3a-9336-78b8-f33e7dd2e412
directors_5947,Q12406694,Q12403899,Q12406694-204fa20a-484a-a927-c7e3-19edd8da1b1d
directors_5948,Q12406734,Q6567617,Q12406734-3D2DFC07-EC80-4E7D-8076-1F06F9D62654
directors_5949,Q12406796,Q12412004,Q12406796-B9533717-578E-4065-B080-5C4F36523E8B
directors_5950,Q12406917,Q6967852,Q12406917-6acc87c5-4c1b-f7fe-1039-7279deee3a56
directors_5951,Q12407032,Q542003,Q12407032-2f7a4930-4971-9a00-2540-cb44e95a251f
directors_5952,Q12407096,Q347083,Q12407096-7ca88d3b-4392-ee82-70bd-32ab548c63e7
directors_5953,Q12408133,Q7030020,Q12408133-1FBF371D-2A79-46BB-A852-4D4176BED4FB
directors_5954,Q12408743,Q6988917,Q12408743-498b96b4-4b7d-122d-a4d2-0b114e649a1b
directors_5955,Q12409391,Q12403927,Q12409391-2bb24dc1-467c-e632-f082-6803d478aec4
directors_5956,Q124098394,Q3476760,Q124098394-F126AC37-47D1-41F1-93DB-D7DF5C034613
directors_5957,Q12410177,Q16132547,Q12410177-117db50b-4543-4092-53ad-f317b1ee4ca5
directors_5958,Q12410788,Q12412004,Q12410788-03e92c30-44a6-12e5-63c5-d0b10b3e6b7b
directors_5959,Q12411255,Q2906571,Q12411255-52fb26ca-4dc9-bc4a-3453-742f0e3f4b66
directors_5960,Q124131345,Q115684249,Q124131345-a772dadb-4325-aa4d-7501-5623bad7cd5b
directors_5961,Q1241836,Q3150542,q1241836-2C4C1276-5679-4F9C-8CE6-EDE1B1BEA622
directors_5962,Q124196410,Q15951603,Q124196410-ccc08f94-4f16-a4b4-ff0d-903a2797d885
directors_5963,Q124215661,Q61995088,Q124215661-569f1655-4d5f-c9ca-e06f-2daf431827df
directors_5964,Q124216482,Q22667836,Q124216482-f333e35b-4590-fcd6-c31f-ac5989c60c1e
directors_5965,Q1242222,Q7273573,q1242222-574DAA66-0C37-4AE5-9706-B3887FB054F2
directors_5966,Q124246470,Q47500693,Q124246470-89a673b7-484a-b5ba-472b-0ad6cd5befbb
directors_5967,Q124248117,Q43369037,Q124248117-b1ab450e-4bfa-5ee2-49aa-41a801f56b95
directors_5968,Q124249580,Q2082279,Q124249580-ff210b76-486b-5754-a7df-be30464ab921
directors_5969,Q124250689,Q127446694,Q124250689-9cbe9d09-4a09-ce9a-6dc5-e031b7b36f45
directors_5970,Q124253867,Q30105342,Q124253867-92d29f31-48c6-6e79-6a7b-74cc631d12c2
directors_5971,Q1242543,Q944459,q1242543-B3E31753-F48C-42D6-B782-5B6E0EE119AA
directors_5972,Q124255913,Q111679078,Q124255913-A1D4399E-599F-4351-B46D-28DC0DBDCD19
directors_5973,Q124256183,Q114246761,Q124256183-885a9691-47ec-4818-113e-0fde655a1b3b
directors_5974,Q124256183,Q114607981,Q124256183-92d3273f-4e5b-9c6f-0d9d-8ff4f2cf59de
directors_5975,Q124256183,Q598995,Q124256183-85883219-4019-ff54-3ae6-6353bf966a68
directors_5976,Q124256460,Q192990,Q124256460-44c7d11f-49ef-7704-0237-9e17af82a49e
directors_5977,Q124258654,Q76493694,Q124258654-19822a25-40b1-1c9d-59e3-7bc846ed4ef5
directors_5978,Q124259173,Q5925548,Q124259173-ce0c649b-4df6-9eba-b084-6b38f66baff8
directors_5979,Q124260477,Q99541762,Q124260477-64631694-4bff-438b-79d7-570e430c6bb5
directors_5980,Q124262351,Q458696,Q124262351-ab641bd8-4c79-d6aa-c0a8-06b14b09f4a3
directors_5981,Q1242727,Q599315,q1242727-4F90820C-FB79-4C29-A86E-FB5C3EB1B523
directors_5982,Q124282681,Q60726534,Q124282681-38506224-4b6d-b127-eaa6-f6bb1f1b9ef2
directors_5983,Q124288425,Q114904748,Q124288425-554ea970-4cc4-d9b0-561f-d16a41d871f8
directors_5984,Q12428942,Q3089275,Q12428942-60F74B32-57E8-434B-880B-A3333BD09BA7
directors_5985,Q124289803,Q442740,Q124289803-b492bbeb-4acd-2d7c-f591-6bec63ee3d54
directors_5986,Q12428988,Q113389518,Q12428988-b8069460-4155-48bb-4985-0db03503c9a4
directors_5987,Q12429398,Q3959623,q12429398-CBE94D42-2FB4-4021-B581-358EF295F9A6
directors_5988,Q12429457,Q725970,Q12429457-C5B91FCB-1DB1-4513-A319-5460FBFA4D44
directors_5989,Q1242957,Q3759828,q1242957-6C15B8D1-BC11-4E42-95F1-F10C01F81E0F
directors_5990,Q124308286,Q101423061,Q124308286-0b05d6b8-49ea-fc4d-9225-65e0f880ca3d
directors_5991,Q124311829,Q3084404,Q124311829-4ff488a7-49c0-56ea-a76f-86710ec3302c
directors_5992,Q124316634,Q6137920,Q124316634-0c2e9bb6-acfd-4280-a233-9974b4d88f89
directors_5993,Q124317176,Q6214293,Q124317176-a5aa813c-4472-56fa-b3c2-982ac113ee23
directors_5994,Q124323597,Q721446,Q124323597-880D4AC7-2124-4CB6-87B3-F42E57E6AC03
directors_5995,Q124326764,Q124326774,Q124326764-408371ed-409a-5f30-d6c9-ecc3e4c4679c
directors_5996,Q124326764,Q19629665,Q124326764-7d0771ce-4427-1ed7-cb0c-a2be7181ed06
directors_5997,Q124331620,Q1890376,Q124331620-43eef510-446d-2af9-a1ae-0fbcc1772a93
directors_5998,Q124334469,Q25050884,Q124334469-f36137c1-46da-ee08-3d71-cf7aa39be69f
directors_5999,Q124335053,Q15974043,Q124335053-d37f522e-489c-497a-83ff-1313e2c3c049
directors_6000,Q12433675,Q16201951,Q12433675-862CE618-1D87-447A-979F-C685084567F6
directors_6001,Q124337176,Q7145809,Q124337176-12f43d68-4d03-e0b8-7987-3681a024a137
directors_6002,Q1243381,Q2331192,Q1243381-09DE92CF-05CC-425A-8201-3B3EBEBBBD9B
directors_6003,Q12434631,Q113119081,Q12434631-97FFCB50-6E7D-4329-975E-9C65BA91C902
directors_6004,Q1243508,Q63384690,Q1243508-AEF8AA4B-67CC-4D7E-B118-46085CBAD6B2
directors_6005,Q124352605,Q13595531,Q124352605-c2677483-4582-bf38-efe7-7c30e345cd67
directors_6006,Q124353875,Q726126,Q124353875-b3287efc-4b34-47b5-3bf6-c7c46ac97914
directors_6007,Q1243571,Q3633946,q1243571-73BC504C-5E0F-4FEF-8586-874E7DB7E590
directors_6008,Q124359261,Q55171,Q124359261-6998f8de-4ff1-a19e-cc7e-c3b64940aa82
directors_6009,Q124364048,Q191755,Q124364048-129ac968-4310-7485-2b2f-af757c487431
directors_6010,Q124364757,Q369482,Q124364757-459446e2-4fb2-c2e0-143c-5260bd897672
directors_6011,Q1243674,Q62395022,Q1243674-8563e5ae-486f-1e9c-79f9-1065b78d2822
directors_6012,Q124370375,Q64019560,Q124370375-b488c6f6-4f7b-6c92-b282-c9b6728955e6
directors_6013,Q124373035,Q103917,Q124373035-b8c08667-4265-3ccb-21df-24983bf95440
directors_6014,Q12437666,Q3537602,Q12437666-658EC4DF-F864-493B-8013-B8158E2CD6EE
directors_6015,Q124378266,Q21063535,Q124378266-452880df-40c5-b1aa-a9c5-44eff7eec59c
directors_6016,Q124380480,Q2451678,Q124380480-ca80cd77-49af-2f2d-343d-42599ace3307
directors_6017,Q124382485,Q3193925,Q124382485-A421BE16-AB96-49E5-B660-80DE5CF55A20
directors_6018,Q12438981,Q108063835,Q12438981-FE4986CC-C257-407E-BD25-DAD773FFF6B7
directors_6019,Q124393045,Q219124,Q124393045-c4f7de6c-434e-c76c-c9d7-3e0851d81fbc
directors_6020,Q124393313,Q919049,Q124393313-f881caad-48e1-0d83-c373-54a050eb337f
directors_6021,Q1243969,Q56855684,Q1243969-CF515A9D-AD11-4A4F-8E5E-35EC0AC1EC31
directors_6022,Q1243969,Q95284289,Q1243969-84502f75-4611-d2e2-e0e5-ad23dce2c3b6
directors_6023,Q1243969,Q95789948,Q1243969-523be430-4ca7-8016-db66-71a2495fab1d
directors_6024,Q124397410,Q686301,Q124397410-6f8d48e6-4dad-b211-ecfc-8ec2801a7074
directors_6025,Q124398018,Q433962,Q124398018-07996814-C86A-4C24-AC75-E21553016582
directors_6026,Q124400088,Q6147131,Q124400088-c5e4eec8-4746-9403-529e-31ea696ec7b2
directors_6027,Q124408474,Q95125,Q124408474-0CF5ED03-7C05-4038-BDF7-1087D63DB1F9
directors_6028,Q124426106,Q105092616,Q124426106-1b32a588-4fdd-846d-1d0c-e6e29342ff43
directors_6029,Q124427625,Q131323865,Q124427625-C13B3C37-B402-4D46-A519-8177405E6E5C
directors_6030,Q124435493,Q558806,Q124435493-6dab3913-4874-2ae7-d491-cbe046b3e2c8
directors_6031,Q124436027,Q21119985,Q124436027-78eabc42-40af-36ab-b3ce-cd949c1216d6
directors_6032,Q124439306,Q7816474,Q124439306-116878bb-4c5e-2380-1ad4-33a40a718697
directors_6033,Q124450734,Q127869045,Q124450734-b1b0afda-45a0-c27d-26fc-764e5360f618
directors_6034,Q124450737,Q24045561,Q124450737-4fdecb95-4e57-f2e0-06d3-7ca84e8fa0ec
directors_6035,Q12446251,Q16728766,Q12446251-AC87BB73-69A2-4409-A8A8-EAAA54054E5E
directors_6036,Q124464617,Q92594398,Q124464617-3704cc27-48fe-72a7-5136-4874c140bfbb
directors_6037,Q1244648,Q13429608,Q1244648-a91a32d7-45c8-42b6-87ad-42c2f6869016
directors_6038,Q12447679,Q5070934,q12447679-463328B3-F584-498E-AF56-79F6F34B5D82
directors_6039,Q124479577,Q1351612,Q124479577-c0a97e5e-49f6-6a08-8750-542e1775fc4e
directors_6040,Q12448457,Q3115713,Q12448457-B0171AF2-774D-4A28-B185-E552808A2E7F
directors_6041,Q1244899,Q1620439,q1244899-a6d9040e-4a78-03f9-8735-85ee78aade2c
directors_6042,Q124497778,Q40039676,Q124497778-8bd7ae07-433e-1349-1dca-e6d8bccda49f
directors_6043,Q12450642,Q114833923,Q12450642-35A6452F-9A41-4A4F-9D3F-328CB8D6C74B
directors_6044,Q124512337,Q51566,Q124512337-16e67b28-40e8-cfcf-6669-0d672c8af7e7
directors_6045,Q124526535,Q7454197,Q124526535-08fa75e6-41b5-ccc9-8165-578bcd8020e6
directors_6046,Q124528247,Q127050064,Q124528247-9603BC13-BED3-4E5F-897E-D51DC58C2E78
directors_6047,Q124528281,Q112166643,Q124528281-b6ceca35-4557-6c22-cc25-5e72633fbfaa
directors_6048,Q124537378,Q315756,Q124537378-74b28d28-4376-54a4-ad71-26724c2cb7f1
directors_6049,Q12459117,Q5527756,Q12459117-A5984131-AEE4-4EE7-B3C3-15A2DBC91668
directors_6050,Q124608269,Q111343078,Q124608269-11bbbdbc-497a-d332-3711-9f4290037011
directors_6051,Q124611547,Q21043384,Q124611547-aef7f248-4fc5-a225-83e1-1c569c476d1f
directors_6052,Q124611992,Q124708642,Q124611992-349B802F-F3A4-4862-9679-B6DB433E9D63
directors_6053,Q1246152,Q950428,q1246152-5D609F49-A68B-4A82-AF18-99AEF4FF4959
directors_6054,Q124615382,Q114598880,Q124615382-95d49164-4593-b656-c30b-b4ced3b755cf
directors_6055,Q124615876,Q47004401,Q124615876-97e680b7-492a-ea85-d4d7-e6c6a0be880e
directors_6056,Q124621511,Q65275789,Q124621511-756f4a12-8d19-4370-a0f2-6d730bdb3c40
directors_6057,Q124622268,Q87098813,Q124622268-dd19dd9e-4611-6c8b-8604-1dd124d3de26
directors_6058,Q124625067,Q106375398,Q124625067-34A323F1-CB88-4C68-98B8-E048BC89E7EE
directors_6059,Q124630194,Q5066249,Q124630194-28199d93-4c09-9a2b-61f2-808b356cd359
directors_6060,Q124630715,Q7362915,Q124630715-ee60a49d-408e-b550-7e5c-6722615f09e4
directors_6061,Q124635920,Q20873158,Q124635920-56c200c9-4635-6d04-1994-38f40f9b5990
directors_6062,Q124637577,Q124708589,Q124637577-A56AC21B-B430-49CC-8DE7-27BB73808D59
directors_6063,Q124637896,Q6100050,Q124637896-d5856587-4941-f9f8-7177-026244af1d7e
directors_6064,Q124652747,Q20687467,Q124652747-F9B92864-E52B-4EBA-9830-0C09A1827F13
directors_6065,Q124653711,Q95791337,Q124653711-6f37ccae-4b73-504b-221b-9b04fd467140
directors_6066,Q124658205,Q106840364,Q124658205-48ce8a0c-4a68-2a75-b931-afcac3bca156
directors_6067,Q124658699,Q124708613,Q124658699-F9C1407B-A246-441E-B7CF-A473016E60A3
directors_6068,Q124659049,Q111677217,Q124659049-b3afeb5b-4400-aa4a-bacb-09eac1e45401
directors_6069,Q124659329,Q7121575,Q124659329-484b8c21-4b00-ff69-0e90-890e91f3d4b8
directors_6070,Q124664023,Q266535,Q124664023-1a8862a5-4a24-a015-bc2c-63f022146b49
directors_6071,Q124694260,Q96949810,Q124694260-7172a56a-4d47-32f2-5529-b5a7fc042480
directors_6072,Q124695390,Q107656618,Q124695390-3c6a3ec4-4cf5-39e9-1b47-971912ad6f8b
directors_6073,Q12470091,Q110064738,Q12470091-5f8ebb4e-4b70-c4ce-89ba-6546c4ba6b28
directors_6074,Q12470109,Q12500209,Q12470109-6DC8F459-BDB4-4FB5-88B7-AD8D92BF6200
directors_6075,Q12470120,Q12500209,Q12470120-4E818006-84CC-4B41-8CC5-F43714742C85
directors_6076,Q12470375,Q3346477,Q12470375-ed187f20-4bff-006c-3059-2514a9ea6661
directors_6077,Q12470376,Q12475778,Q12470376-88C88B03-4D8C-49BC-9BD0-37ABBF5CBF50
directors_6078,Q12470377,Q16183396,Q12470377-3E8377DC-4A8A-493F-B5ED-ADF5AFFC0E14
directors_6079,Q12470387,Q3136157,Q12470387-5DC3F1EF-932A-44F5-9EB8-72F1E09E5AB8
directors_6080,Q12470427,Q3136157,Q12470427-4C8B3E9A-252C-4250-A7EE-6F2384BA0B40
directors_6081,Q1247048,Q11369147,Q1247048-C012ECB0-1B18-421E-8F06-2DA906C80242
directors_6082,Q124706420,Q6832915,Q124706420-92599f31-40ab-dd46-0f5d-0c7cdcd2e6c4
directors_6083,Q12470673,Q12500209,Q12470673-A8DEA793-7666-4A67-B53F-8BF448516EC2
directors_6084,Q124707042,Q29024924,Q124707042-68B78891-E3B6-4DC9-B704-2BDDAF5D70DB
directors_6085,Q124707042,Q29024937,Q124707042-80798544-D0BA-4AF4-9DBA-A137596B319D
directors_6086,Q12470887,Q12500209,Q12470887-75C94DE4-1411-4A8C-A333-7F0555AA8AB7
directors_6087,Q12471324,Q12470888,Q12471324-80E8FD94-71E4-434F-8BDF-230FFB6552D3
directors_6088,Q12471944,Q47544830,Q12471944-A75BD51A-1346-43BB-A560-39F41CA41725
directors_6089,Q1247216,Q55303,q1247216-A8A885CF-206B-4A76-A627-55459287C41F
directors_6090,Q12472472,Q12485521,Q12472472-52016EE8-FA3F-4A37-835F-EE8BCA97F69E
directors_6091,Q12472474,Q4201152,Q12472474-40FCFA2E-EF28-421E-8B87-9E8F9CF233EF
directors_6092,Q12472893,Q16177198,Q12472893-9D14A6F7-6770-45BE-AB19-F08F4157BE8F
directors_6093,Q1247293,Q274653,q1247293-C00341A6-52E7-4ED3-94AF-020D2B912EDA
directors_6094,Q1247320,Q474262,q1247320-71E6C283-718B-45EC-8BC3-900F7747CD96
directors_6095,Q124734067,Q4257645,Q124734067-ea0cf907-439c-acb8-69c7-83da9fe4076a
directors_6096,Q12473524,Q559000,Q12473524-CF61883C-5DBB-4431-BC21-E6DC9F296713
directors_6097,Q12473778,Q6108912,Q12473778-23E712B6-8DC6-44AC-BBC1-83FEB41BA51A
directors_6098,Q12474262,Q12475778,Q12474262-2A6B6D17-77A6-4E1A-9C20-A1B4BF3865E9
directors_6099,Q124744751,Q56394189,Q124744751-29fd5db1-9559-4c91-b5dc-1640d5651c2d
directors_6100,Q124748783,Q114919185,Q124748783-a87f271b-4674-b8af-20d3-a7b7c27043f9
directors_6101,Q124749841,Q28888391,Q124749841-e72da00c-4300-be8a-7140-3500c6e36cd9
directors_6102,Q124758292,Q1974774,Q124758292-8b0d5022-4a34-63bd-bc44-e6962d828758
directors_6103,Q124758337,Q223687,Q124758337-E5506A13-D1A5-426B-8A62-DB6E307A2FB5
directors_6104,Q12476106,Q12613027,Q12476106-8A60874B-FC94-449A-832D-4D706443E509
directors_6105,Q12477286,Q12485521,Q12477286-DC359060-1321-48A3-813E-3DA71B193340
directors_6106,Q124773925,Q124786254,Q124773925-E8B97963-169F-4DF2-9514-2276AB7E8F9D
directors_6107,Q12477456,Q12478639,Q12477456-16BC3211-D962-46C0-A9E2-2A11C422B73C
directors_6108,Q12478405,Q25470725,Q12478405-EAEAA7BF-0A43-43E5-A8F9-6A70F0FBA728
directors_6109,Q1247886,Q2443910,q1247886-9E93E84C-18D0-4C03-B2C7-2F262DDF4D59
directors_6110,Q12479111,Q97204601,Q12479111-697AB93F-D9E2-4B6B-8F95-6E8825291723
directors_6111,Q124799105,Q124811825,Q124799105-E2D901DF-748C-4D75-B8D1-D511B3EDCCC9
directors_6112,Q124801034,Q124811824,Q124801034-84F77CBC-CB01-44B7-9959-25ACDC7267FE
directors_6113,Q124801034,Q124811826,Q124801034-8AA3BEFD-41AF-44D1-82F6-31C78A83A57B
directors_6114,Q124801374,Q124811823,Q124801374-BB792A3D-F79F-4017-9EFA-8A2B522C9C9E
directors_6115,Q124806485,Q5888808,Q124806485-a72d0a3e-4d22-eac8-7db3-1fd1e4a6b331
directors_6116,Q12480713,Q7476096,Q12480713-337A93CF-EFD1-4F21-96C0-FA5345E972BC
directors_6117,Q1248074,Q4776837,q1248074-9CA06924-5D9D-47EB-AEE6-F3F9C81D14F9
directors_6118,Q12481108,Q115016056,Q12481108-52B1BE2F-8168-47FA-B05C-5D66962E4F72
directors_6119,Q124811245,Q21080810,Q124811245-a8e5ffcf-4922-fbc9-8086-eba74c9a9ead
directors_6120,Q12481217,Q28724269,Q12481217-71B1D75B-AC0A-4BFF-9BF5-20441E7ADED0
directors_6121,Q124814444,Q4351712,Q124814444-8cc89d3d-47ea-d468-25a4-135d1c066f22
directors_6122,Q1248177,Q455887,q1248177-237000B0-8B24-4910-8BB9-46BB802123E4
directors_6123,Q12482771,Q16177198,Q12482771-AAA9A54E-F810-47E0-881E-DCC60E933B02
directors_6124,Q12482945,Q12499071,Q12482945-74FF8F68-AACB-43E1-8BFE-B0077CFAACE3
directors_6125,Q124829697,Q459349,Q124829697-2552BB63-03D8-4177-8427-DD4763BEC54C
directors_6126,Q1248360,Q113456872,Q1248360-80DD1982-8FD9-4C26-9379-CFF872DFBBE3
directors_6127,Q124838098,Q6213668,Q124838098-9b08cd2a-487d-7473-e827-6f87542ac97a
directors_6128,Q12484041,Q4201122,q12484041-E45582D9-5CFD-4942-A6AC-308F80D214E0
directors_6129,Q124841936,Q1379066,Q124841936-0C8557FF-1B4D-4091-A753-BBA7118F1274
directors_6130,Q124844804,Q7831447,Q124844804-b93623cd-49cd-1579-92cf-7c0bd96625e7
directors_6131,Q124845026,Q5196939,Q124845026-74f92a4d-4f4a-c1f8-27d4-17bb66b4f8b3
directors_6132,Q124847512,Q17022776,Q124847512-3aad2bf7-429d-7043-c041-b7cfa9cc3921
directors_6133,Q124847605,Q41783715,Q124847605-1bf2c024-4d9b-db7c-5d32-a7e65e391713
directors_6134,Q124848369,Q3099599,Q124848369-d2d80a5f-470f-780a-d480-57d2e47e52cc
directors_6135,Q12485037,Q19725679,Q12485037-B73FF09C-E857-42D5-8F1E-F8280ECDE98D
directors_6136,Q12485213,Q12485521,Q12485213-57B1E1AF-A1B3-4CDB-AE0D-6F3A0C0D8FB0
directors_6137,Q124852530,Q4830910,Q124852530-1c4f4309-4291-7ec3-f5f7-a8563d764f79
directors_6138,Q124852795,Q114919216,Q124852795-80075488-4a09-c4e5-ec2d-4a943940cc36
directors_6139,Q12485284,Q19267177,Q12485284-8E147707-4029-4F8F-8D02-2411C5A0E669
directors_6140,Q12485298,Q12472095,Q12485298-70E4DA99-61D9-46B6-8F23-572E590ED845
directors_6141,Q124853345,Q125327722,Q124853345-2a80f69c-4aa0-32cb-86ef-3a5aa1264e8c
directors_6142,Q124853968,Q3476266,Q124853968-bee3164a-452e-ae44-53a4-f83619342c56
directors_6143,Q12485478,Q12500209,Q12485478-D90EE21C-22D5-4AD0-84A5-6F98140F98E2
directors_6144,Q124856152,Q4979979,Q124856152-17bd3e86-4201-999e-6355-d91cf409b49b
directors_6145,Q12485633,Q16172249,Q12485633-939CDE09-8420-4265-8F5E-A94C9D2E5863
directors_6146,Q12487339,Q11036795,q12487339-2C9D2ED4-6F5C-4943-9079-D48663095638
directors_6147,Q12487822,Q85993828,Q12487822-FC9B529F-4DC5-4D1A-AD95-E654B50DB950
directors_6148,Q12487822,Q97218688,Q12487822-d04090fd-4dc8-1e16-fe86-37e5635f4c40
directors_6149,Q12488094,Q12482296,Q12488094-5AA1F532-BD33-4591-A424-4A9B54663A27
directors_6150,Q12488407,Q25466699,Q12488407-FB3591EC-38F8-4549-A2BF-51188145F8DC
directors_6151,Q12488582,Q12498974,Q12488582-5430795A-9DB6-4D65-BAD8-3EC9CE511C05
directors_6152,Q12488871,Q3136157,Q12488871-60507563-9DEC-42A0-B571-3148415CFB93
directors_6153,Q12489673,Q56603905,Q12489673-2f70577b-4020-90d9-79d1-483cefb00ce2
directors_6154,Q12489966,Q97202810,Q12489966-3B958AAF-0B37-4AAB-9DDE-396970C5BE84
directors_6155,Q124902277,Q98600346,Q124902277-0710b183-48d0-f91c-c1d9-f722d5e1b2cf
directors_6156,Q12490416,Q17411436,Q12490416-775AA08B-DAE8-4D22-A1D3-3F6725AA4FFB
directors_6157,Q12490895,Q12472431,Q12490895-63E164FC-0B89-4427-AE91-FB35164A5B2D
directors_6158,Q12490941,Q12500209,Q12490941-FD31D8AF-1363-4473-9F5A-71E43CF0CCEC
directors_6159,Q12491092,Q12478639,Q12491092-8DD6EECA-B922-449F-930A-302F3627E4DB
directors_6160,Q12491405,Q13096502,Q12491405-565CAB6A-440D-41F8-ACED-3A932D33D3E2
directors_6161,Q12491464,Q11101722,Q12491464-631BF390-BA9B-4E7A-BBCE-73BB46B52855
directors_6162,Q12491625,Q5249736,Q12491625-3CEB1FE6-6C85-4732-99A5-7AFDA6E4BF17
directors_6163,Q1249231,Q5109556,Q1249231-5aff5f51-458d-fe7c-8bcc-e1643e083ad5
directors_6164,Q12492685,Q16177198,Q12492685-3DB752A3-404A-4536-91A6-C8E4C4717A95
directors_6165,Q12492941,Q118054401,Q12492941-D1495C5A-87C4-445D-B408-ECC18316C5CB
directors_6166,Q12492966,Q13096502,Q12492966-EBE22F92-DE07-4DB9-A0C2-E37AFA7E7C39
directors_6167,Q12494282,Q4201122,Q12494282-47DAF59A-B9E7-47BC-9D8E-7872A1EF5789
directors_6168,Q12494647,Q12500209,Q12494647-531FBC21-A654-408A-88C5-D076673C2343
directors_6169,Q124947229,Q110403014,Q124947229-BD8F1C08-1897-4B54-A428-778DD6B8A10C
directors_6170,Q124947655,Q2298684,Q124947655-AA3FE940-D0BC-4941-AB8A-1666878DA43F
directors_6171,Q124948054,Q598238,Q124948054-A819469E-F3A8-4F3B-95C3-82A883E9F290
directors_6172,Q1249484,Q19849208,Q1249484-42C15F60-56CD-4FA8-BD82-1F5C2255AE1E
directors_6173,Q12495344,Q12494022,Q12495344-F01838F0-485E-4522-8492-008EC42112B0
directors_6174,Q1249561,Q1209738,q1249561-AF9CB098-94A7-4599-AA94-3A29C5350F65
directors_6175,Q124958300,Q127049987,Q124958300-75D941A1-E742-4F06-918E-20040657042D
directors_6176,Q12495949,Q12498974,q12495949-87E99AD7-815A-475E-9191-4D4BB147BA16
directors_6177,Q124959660,Q16213615,Q124959660-f6da2c2a-4f19-d6a6-c984-077f67a4fe42
directors_6178,Q1249597,Q23017073,Q1249597-469B1D19-C6E7-4C99-9826-6FCE46B5C5F7
directors_6179,Q12496440,Q25315761,Q12496440-E43588A6-0CB7-4996-8C46-9B305B4C1610
directors_6180,Q124966248,Q113509723,Q124966248-b5227dea-47bd-132e-d5a3-f2a5d401a0f0
directors_6181,Q1249706,Q472613,q1249706-519A22D3-CCFC-4B0C-A64B-A0DDF4AC7780
directors_6182,Q12497246,Q12475778,Q12497246-BCD3270A-A9C8-41E7-8365-620B7B981781
directors_6183,Q12497349,Q113946386,Q12497349-083DA942-696E-408F-B28C-77E7EBF83913
directors_6184,Q1249760,Q106602972,Q1249760-736AA766-1EA8-4F95-BA89-BB383186AF12
directors_6185,Q124979080,Q14087086,Q124979080-1de7d560-44c9-fb1e-f0c0-2ae933f83fd7
directors_6186,Q12498051,Q3136157,Q12498051-084FDA7C-1F9F-4339-B3B0-7447530CA74E
directors_6187,Q12498137,Q17410948,Q12498137-DF3F5754-5F31-4D76-B65B-1CD3EC533AA9
directors_6188,Q124982801,Q124982840,Q124982801-5fd16ae1-41ff-655f-c3c6-0b782eacefbe
directors_6189,Q12498537,Q16262629,Q12498537-0033886B-643C-4AC7-9C2A-E2CCFD27C5F9
directors_6190,Q124995470,Q924104,Q124995470-5229C343-763D-4A82-BA49-37170FB92981
directors_6191,Q12499603,Q12523724,Q12499603-016AF351-BC50-4FF5-B8BE-158340ABD91F
directors_6192,Q124996662,Q2405762,Q124996662-749B3F25-5157-48C5-9F7F-BB2E52B7FCC3
directors_6193,Q12499760,Q12500209,Q12499760-E4BEC5D3-BD5B-4FCF-9DDC-D9D2822CFA7C
directors_6194,Q12499853,Q5249736,q12499853-B99E7915-44D4-4DAD-A03C-DB0E142017E8
directors_6195,Q12500254,Q12470888,Q12500254-77979D88-D01B-4D2A-8687-7DACAFDEE661
directors_6196,Q12500530,Q12484651,Q12500530-8F9E75C4-4E56-4A49-B17E-BD293BC9F9AD
directors_6197,Q12500930,Q12472431,Q12500930-E514C0E6-F80E-4E35-91C1-DB48B48F2D1A
directors_6198,Q125020375,Q2580634,Q125020375-25bab005-459b-a2ff-ea91-fd7def9d5867
directors_6199,Q125027720,Q42867730,Q125027720-6926eddf-4802-dd37-2e6b-2d6b55451af2
directors_6200,Q125029885,Q135437434,Q125029885-8D248F9F-9EBB-46D5-A35B-955532B743AD
directors_6201,Q125029935,Q3308437,Q125029935-6C5B5252-4D95-4DB9-B43C-9DEE06B8115D
directors_6202,Q12505896,Q12500209,Q12505896-fbb827cf-4fd6-68ef-8f8d-95acf428cab3
directors_6203,Q12506204,Q7504691,Q12506204-008F1F81-9849-4E13-9524-37D9E801C1AB
directors_6204,Q12506758,Q18421384,Q12506758-DE634CF7-2DA5-46F2-B9DC-44E89F178263
directors_6205,Q12506760,Q18421384,Q12506760-B2BCA3AA-9452-465F-A57B-47994259FB1D
directors_6206,Q12507175,Q13096502,Q12507175-91487522-353B-42A3-9E8D-2311677A2634
directors_6207,Q125076,Q134867,q125076-DCE39CC8-5411-46BD-A451-093892028921
directors_6208,Q125076,Q3837845,q125076-411F6555-8D2C-4F5B-8942-93D1AA26CF35
directors_6209,Q1250780,Q323074,q1250780-B27AF7B4-2DAA-4004-AA53-DA35AE28C243
directors_6210,Q125078429,Q361336,Q125078429-5bdb4fbf-4f80-6212-c7a5-9accab55fa93
directors_6211,Q125085856,Q2863158,Q125085856-ea67c4c5-4911-f19f-67cc-153466e357a1
directors_6212,Q12508870,Q19267177,Q12508870-0E68E6B4-BE86-4847-BEF4-477101B123CC
directors_6213,Q12508974,Q7694097,Q12508974-0F90931F-C372-4264-8EA8-3D41B08F0841
directors_6214,Q12509045,Q18421384,Q12509045-9711BBD6-B6C8-421E-B4A3-846506B1F478
directors_6215,Q1250966,Q5252995,Q1250966-BD1C05BC-EF06-466B-94D0-5F1AB24F2525
directors_6216,Q125101209,Q1654384,Q125101209-A8B30D4A-58DC-4705-BB11-041B4FABCAEE
directors_6217,Q125102928,Q131978244,Q125102928-62721710-4d56-2ac0-48a5-7c7d09834fc2
directors_6218,Q125106002,Q1414970,Q125106002-7e85da28-49fe-387e-8728-f504d80cff33
directors_6219,Q1251094,Q3515885,q1251094-27C38C93-5F8D-422F-A6C8-E12638ED0D14
directors_6220,Q12511522,Q2735641,Q12511522-1DC317EB-63D1-452E-97C7-CE554C389843
directors_6221,Q12513200,Q97202810,Q12513200-DFA977DE-B600-49F2-8A96-2BABA3E2A2E5
directors_6222,Q125144809,Q365616,Q125144809-4bece647-4d5c-1038-a269-3b0638a78556
directors_6223,Q125153299,Q356275,Q125153299-20dce3c9-4b09-487f-4522-afbc50bf9999
directors_6224,Q12517676,Q12472882,Q12517676-167D1FF9-AC50-464B-9A83-C5A8BD1C9BA8
directors_6225,Q125182608,Q5750848,Q125182608-a06cc5ee-4b1e-7d2b-3187-462546c62329
directors_6226,Q125182639,Q23566565,Q125182639-e1bb5e49-4f49-e902-d464-184b77279c2a
directors_6227,Q125187519,Q484779,Q125187519-0d01d4e4-41d7-c845-d43d-cd74b6744fba
directors_6228,Q125201436,Q3371472,Q125201436-4233764b-4a5d-f779-260c-c7f362e79016
directors_6229,Q1252050,Q2096927,q1252050-ADD6756D-C6EC-4AE1-9A04-71E781A79DB5
directors_6230,Q1252069,Q16633195,Q1252069-10FAC688-43BD-4F23-8F24-2E9328F7EF08
directors_6231,Q125207271,Q104817017,Q125207271-5b56ca6e-442b-f255-085a-d3b1b0c71486
directors_6232,Q125207271,Q69044789,Q125207271-03ea30ef-4694-bc8e-f33f-18f0e4d0cbd5
directors_6233,Q12521085,Q12498974,Q12521085-5780C0A4-A93F-4BF9-A29A-1BCBF85D30B1
directors_6234,Q125212257,Q1745266,Q125212257-f8ab9e5a-44bb-21e4-7e7c-a278f771625a
directors_6235,Q12521292,Q5251570,Q12521292-CC7146DA-30EA-4B9A-8591-BAE1640510FA
directors_6236,Q12521311,Q16183396,Q12521311-9D556374-1CBF-4B0B-AF8A-86113896F4D1
directors_6237,Q125215184,Q81581722,Q125215184-8a53c15c-4628-0498-e218-59ac5817e72f
directors_6238,Q125215184,Q81583040,Q125215184-4dfda881-454e-2ddd-aa6e-891886997250
directors_6239,Q125217247,Q135225754,Q125217247-3021b515-4b7f-c20d-5a88-d63245c1aa36
directors_6240,Q125217247,Q542634,Q125217247-4c8c53b0-45f2-36ed-1a55-d6dac4a48280
directors_6241,Q125220484,Q127050073,Q125220484-1C2C87B3-563E-4B49-8316-1EFF4BAD3AE2
directors_6242,Q125255949,Q114898989,Q125255949-344b4f06-4b99-263d-d5c0-c95b2dbd4f33
directors_6243,Q125265183,Q127504599,Q125265183-82456869-94AB-449C-BE8D-E29AED1CFDEC
directors_6244,Q125274110,Q6134985,Q125274110-1b70f643-432a-2fb6-c196-34e0f6153b30
directors_6245,Q125274113,Q21191121,Q125274113-241222f8-4716-4855-c4b9-bf1967023acf
directors_6246,Q125274113,Q21191123,Q125274113-321adbcc-4f6a-ad92-339c-2570e85da994
directors_6247,Q125289552,Q127050001,Q125289552-CADE6BC3-FB36-4F6C-8D53-84B2D6145C27
directors_6248,Q125295778,Q13114425,Q125295778-8444da87-4665-3169-c30e-8a15eecc19c9
directors_6249,Q125295880,Q949391,Q125295880-18a78185-483a-8cac-8d78-0fb9d4925e9e
directors_6250,Q1253121,Q1209738,q1253121-85CCDD47-AE15-443E-89AF-D40A8154D8C2
directors_6251,Q1253203,Q3018150,q1253203-653EEFB8-157A-4058-A91E-6CE64FC0A680
directors_6252,Q1253219,Q288815,q1253219-3FF29BCF-36DC-40E0-99F5-A7D16E24B26B
directors_6253,Q1253229,Q253632,q1253229-8336FFBD-D6EA-416F-BA63-1AEE57F0BC9C
directors_6254,Q1253229,Q6847098,q1253229-52D4145B-84F3-47B4-A146-8A9C738B1A65
directors_6255,Q125335949,Q125337293,Q125335949-d948ba02-48f7-6e36-0b0c-c76dc1277f6f
directors_6256,Q1253366,Q545351,q1253366-EF5E3DB8-C33A-4DA2-9623-DC204D9B8C07
directors_6257,Q125346059,Q8948254,Q125346059-aef1f90e-446b-42be-e6f7-56cc2ad65e18
directors_6258,Q125351400,Q76505526,Q125351400-f400d5ac-45ac-8fc9-cc17-7726bb48c98d
directors_6259,Q125364184,Q125197019,Q125364184-0deacab6-47b5-64d7-b10a-12a53cf499dd
directors_6260,Q125365449,Q5919739,Q125365449-e5302402-4df9-fb07-ffc3-4bd038c762e0
directors_6261,Q125365909,Q121222790,Q125365909-fa52d661-4886-04d1-08f8-dbbd60074131
directors_6262,Q125371155,Q2031292,Q125371155-f9604371-4a69-37e8-e374-0cd4a07f1b3b
directors_6263,Q125373848,Q76505526,Q125373848-e0bdbb88-4532-9fa4-91be-0a4e56e43853
directors_6264,Q1253812,Q57613589,Q1253812-9f6fdde1-4632-92b5-da4c-541f8dc80a9e
directors_6265,Q125381393,Q125211039,Q125381393-fd84c151-42e7-112b-d1dc-f1ded177afe4
directors_6266,Q125383686,Q127050030,Q125383686-09E6D28C-DCE9-4F23-B92E-963841341C77
directors_6267,Q1253872,Q22096399,Q1253872-EE87C2E1-630A-48F7-A689-B2814097956E
directors_6268,Q125388230,Q3308160,Q125388230-6DD64F33-919B-4897-ADC7-F76A3C0FD326
directors_6269,Q1253887,Q7612160,q1253887-47536A5D-0427-4597-854A-983D2C34EC86
directors_6270,Q125390878,Q121126207,Q125390878-b1eae1d8-4263-fb66-d4a9-3d0e8d6d9c9c
directors_6271,Q125392328,Q134867,Q125392328-17a5f20d-4886-5a29-9265-1c7e74bef04e
directors_6272,Q125394579,Q125395804,Q125394579-4a81ffb1-4459-8b2a-3a41-1873b691121b
directors_6273,Q125396248,Q529856,Q125396248-add1dde9-42ec-3548-3d4e-10948a6c58da
directors_6274,Q125399191,Q62517894,Q125399191-8b863b8a-4c07-5e90-70ea-506807f3962d
directors_6275,Q125401070,Q1750712,Q125401070-6d55c734-4398-3852-b957-d086c97db4e6
directors_6276,Q125401311,Q77939833,Q125401311-0f6482b2-405b-acb6-dd4d-a270c878d355
directors_6277,Q125404,Q353049,q125404-F7BFDA84-A5CC-4E69-A9F0-A4692CB26824
directors_6278,Q1254081,Q1398481,q1254081-98F942D8-2E8C-45C7-B73A-5BFB75516B47
directors_6279,Q125408538,Q58008238,Q125408538-564db8c6-4408-014c-43ab-6f06a6666c4f
directors_6280,Q1254088,Q51489,q1254088-3A8C7D70-B191-4C54-B84C-176748ED317E
directors_6281,Q1254108,Q55163,q1254108-DD6939CB-671B-4A5A-B001-66240FF8522B
directors_6282,Q125420909,Q25466699,Q125420909-a3a73946-b9f6-4632-b6fa-7b2d415315b1
directors_6283,Q125422231,Q16633064,Q125422231-48f4562d-4f1a-9065-ed37-c7a1f1a399d3
directors_6284,Q125422662,Q107803283,Q125422662-1ded98ee-4099-5464-5c2b-b4ba1ea9617c
directors_6285,Q125422670,Q14605170,Q125422670-213eae94-43c2-4a8f-f574-3bf7224318c6
directors_6286,Q125422898,Q125449413,Q125422898-ddac666c-4b1c-67fc-9af0-3b9fa72c1fd4
directors_6287,Q125422899,Q461079,Q125422899-518e0963-44c0-922c-a186-2031b3ef23d2
directors_6288,Q125445898,Q17279280,Q125445898-d0e26423-4c98-5293-9717-fd88ab16c534
directors_6289,Q1254476,Q705047,q1254476-40A53589-6022-4C00-8E2B-8296973486EA
directors_6290,Q125449414,Q522057,Q125449414-cd337e07-49d5-d5d0-533e-4abe0d9319e8
directors_6291,Q125451302,Q125451332,Q125451302-f06ef172-479d-2a46-0f90-d4a7a202cf8e
directors_6292,Q125454193,Q76505311,Q125454193-3deb1667-4c30-6438-50c0-a79eec11f775
directors_6293,Q125454671,Q125176958,Q125454671-97973440-4c04-f4e3-3d32-8ee5b53044e7
directors_6294,Q125457216,Q38054072,Q125457216-6c84d2df-407b-4a80-1482-d7eeddfda958
directors_6295,Q125469562,Q16196124,Q125469562-F35AB227-DB32-4575-B60E-B00EBE6734E4
directors_6296,Q125469562,Q2863277,Q125469562-8443B200-3ADA-4177-A255-20C8A5D7F845
directors_6297,Q125469653,Q716064,Q125469653-476cd3cc-4f69-4b94-a0c1-88c333ff173f
directors_6298,Q125473145,Q7383978,Q125473145-f3d34426-4082-908e-4584-032fe9930ccb
directors_6299,Q1254857,Q9009505,Q1254857-1FA89C85-2D3B-40AF-B2C3-337CA9C85112
directors_6300,Q125490152,Q3128093,Q125490152-658dd3ae-428a-de93-f1a9-838be71ed462
directors_6301,Q125490455,Q12305708,Q125490455-c21004f6-4785-0987-6847-513ac3a445f6
directors_6302,Q125491431,Q78123716,Q125491431-c09d8b9d-4645-bd8e-efae-d1eb2e0467af
directors_6303,Q125494,Q55238,q125494-08105649-F333-4779-8CA1-B7F6535916D9
directors_6304,Q125494051,Q2844933,Q125494051-1703c0da-42b9-0e54-c941-f2c922908248
directors_6305,Q125495342,Q1091339,Q125495342-7a11533b-4a63-0199-02c0-5f1ee9a326e6
directors_6306,Q125499005,Q96229633,Q125499005-d8b4f4e3-49bd-901a-57e6-b8bead62de09
directors_6307,Q125500642,Q8940554,Q125500642-38d793ad-4081-22be-c52f-92effcca372f
directors_6308,Q125501399,Q121035180,Q125501399-a0baad40-4820-71d2-95a7-7577e98ba0e1
directors_6309,Q125507012,Q127506500,Q125507012-EDEF648C-287F-4E9D-98EB-853899B1EC8B
directors_6310,Q1255102,Q369276,q1255102-5254CEB7-CCDF-41C7-BB90-F2831A2CC50A
directors_6311,Q125517151,Q27929090,Q125517151-54d69ec4-4b87-86f9-2d26-b7232aa9b214
directors_6312,Q125523347,Q25143916,Q125523347-1e8ef8d5-4406-4028-32d1-2e5d3aa8d2ca
directors_6313,Q125526882,Q125176958,Q125526882-a6da5b5c-4497-1365-02b9-b8b011da3a8e
directors_6314,Q125532822,Q471552,Q125532822-cb0700b3-43ce-99b2-bee2-0cfd4395ba8e
directors_6315,Q125536940,Q17537183,Q125536940-21a9c609-4a3a-6cf2-1247-d4b7765dbf7a
directors_6316,Q125538266,Q5443378,Q125538266-f3591bc4-4710-4e72-5dc8-2bd40b05c1df
directors_6317,Q125544154,Q69972348,Q125544154-632520cb-4ffb-bdae-eada-d80b71452103
directors_6318,Q125547253,Q7313814,Q125547253-80176FA5-03CF-46C2-9131-FF01ED47B0D9
directors_6319,Q125548321,Q125211039,Q125548321-e732d549-4f2d-ebf4-19d8-b3a9f5ebd7a1
directors_6320,Q1255499,Q489831,q1255499-36A040FE-4C03-408C-A6C1-AC75A1EA9A37
directors_6321,Q125549916,Q125549969,Q125549916-398d6747-4d03-af46-bf25-6aa86c247ea9
directors_6322,Q1255514,Q2875168,q1255514-982CC47F-1B67-4A62-AC95-A3D141177FE0
directors_6323,Q125558462,Q27044447,Q125558462-17acfe5a-4978-63fe-d052-50a0b6603f9e
directors_6324,Q125560160,Q20984065,Q125560160-5ff04302-4815-53a3-ca83-3598131674a6
directors_6325,Q125563776,Q981853,Q125563776-3b7175b0-454b-6238-5e09-4c51afff1b4a
directors_6326,Q125566298,Q125566461,Q125566298-19089995-4f12-7ba3-1166-b6b4414cb50b
directors_6327,Q125566298,Q125566534,Q125566298-abc98197-4553-85fd-f25e-c23c3196ff63
directors_6328,Q125566469,Q558822,Q125566469-a950ec07-4e22-69d0-7907-9fd029ff6387
directors_6329,Q125567279,Q125567513,Q125567279-ff267763-41f3-7cf4-2d5b-4f7478628a74
directors_6330,Q125569914,Q125570095,Q125569914-6e13df6e-47ee-1a17-2263-00db4a9ca32e
directors_6331,Q125574208,Q52447,Q125574208-9832e782-4e8e-15d8-9eb4-adfe2b12ec9e
directors_6332,Q125578001,Q66467810,Q125578001-f1e22418-4890-37f2-5155-2ec4ec8c5b93
directors_6333,Q125578089,Q2005037,Q125578089-bdcc85d3-4413-b3e8-4af8-fe29832f0ba9
directors_6334,Q125578090,Q131578172,Q125578090-E1CFAF35-C396-48EF-AABD-72B394B99F50
directors_6335,Q125578450,Q125578869,Q125578450-f2a9f2e7-4d98-4dbb-96e3-5b60ad5d9f9f
directors_6336,Q125583965,Q2620716,Q125583965-fbbafd5f-4f39-56b4-8279-00056c7bada1
directors_6337,Q125585498,Q132774968,Q125585498-9af82b14-4cfc-d7c9-c3c1-4bee40900219
directors_6338,Q125603174,Q104050879,Q125603174-2d437e04-4af0-c646-4c2f-cbe364fb1d92
directors_6339,Q125613304,Q114946203,Q125613304-9eb0df84-4c41-c178-827f-b19ccfd85b4b
directors_6340,Q125613308,Q97118888,Q125613308-1a811e7f-44fe-95ad-caf8-b043b5d00b9d
directors_6341,Q125620071,Q105984351,Q125620071-250a5784-41be-3c3b-7330-c85fc7c87806
directors_6342,Q1256208,Q2580634,Q1256208-7C83E54B-7EF4-40F6-B9B3-1DE2EC922D19
directors_6343,Q125621796,Q111145321,Q125621796-5ed2fa0c-4193-21bf-e6d1-dc58c4739cfb
directors_6344,Q125622191,Q75079,Q125622191-faee3704-40b5-8562-cf04-50da17a69085
directors_6345,Q12562251,Q16259224,Q12562251-E15847FF-7837-44D0-8986-31FEE544E2FF
directors_6346,Q1256231,Q240872,q1256231-E48E83A4-1DE7-45DF-BDB0-9A8B0D82CA99
directors_6347,Q125627182,Q34436,Q125627182-F1D72D90-C032-409B-9AC9-7CC6003237F7
directors_6348,Q125637377,Q38778964,Q125637377-1C948EC2-AF82-4431-AB69-A67C35499C86
directors_6349,Q125660863,Q18352210,Q125660863-9cff14b4-4b1c-8147-deb5-acd8bbe472c3
directors_6350,Q1256746,Q116205557,Q1256746-1889DA9C-396D-43D4-A424-053B6C8483E3
directors_6351,Q125678238,Q357183,Q125678238-d3131b6d-4de8-de95-63fc-954cef80b7c8
directors_6352,Q125684699,Q125689450,Q125684699-a8b2cec7-4859-e59e-02ac-71cbe31dab93
directors_6353,Q125695588,Q5561894,Q125695588-c9a341af-4d32-09b1-18c9-d4959ebbe825
directors_6354,Q125696950,Q3341981,Q125696950-2dca1577-4e5b-a83f-3537-a00445ce89b9
directors_6355,Q1257043,Q3633946,q1257043-F1690F70-3802-423F-9114-37BBA3A9DA1B
directors_6356,Q125706572,Q125704680,Q125706572-e72d6225-4d49-5a1d-4fd3-9930c78af090
directors_6357,Q125726790,Q116286260,Q125726790-69ce3545-47fe-a6ae-bb80-11f69633029a
directors_6358,Q125728863,Q274070,Q125728863-cad4f736-4684-0037-af35-8018d0a795c4
directors_6359,Q1257485,Q2326919,q1257485-94834B80-4E2C-4EF5-9380-C1C0C4BE5EF3
directors_6360,Q125751075,Q1150409,Q125751075-56b195df-41b3-8474-2b1f-1428c9a86bee
directors_6361,Q125757803,Q959087,Q125757803-beb0ce64-4b1e-3a9a-4446-2e2d4b6702d0
directors_6362,Q125758998,Q2092899,Q125758998-9fcb2249-4b0e-92dc-a633-79b58161961d
directors_6363,Q1257599,Q441722,q1257599-F6C8ACCE-C8A9-4509-AB17-268BAA7F02A4
directors_6364,Q12580265,Q114684585,Q12580265-534EB33A-B9DC-422F-9EA5-4175F9ADB95C
directors_6365,Q125808089,Q63258127,Q125808089-8d54b4c9-4892-03a6-4b59-674c5fc9a7b7
directors_6366,Q12581160,Q12612398,Q12581160-c5ffb828-4ba3-8543-8bd9-efb74484f17e
directors_6367,Q125811881,Q16908058,Q125811881-f6a65fb1-4de1-4744-9bb1-40c873b1c21c
directors_6368,Q125811881,Q707336,Q125811881-4d7d6408-46ab-5baa-6ab8-c360f1a2e683
directors_6369,Q125816540,Q125567513,Q125816540-17ff90b0-44cd-8587-6d04-d5b4997a6cb4
directors_6370,Q1258197,Q1082448,Q1258197-8B691D69-07A0-4DBE-993A-12D6AF1ECE30
directors_6371,Q125831483,Q125831540,Q125831483-d020ea24-420e-6e7e-56f8-8a031326ccbf
directors_6372,Q125843356,Q295463,Q125843356-a2b5f917-46cc-f236-fe06-d8aa64523527
directors_6373,Q12585348,Q113630847,Q12585348-F140E232-5716-415B-A168-5EDBF4B46B9B
directors_6374,Q125861557,Q1282992,Q125861557-DB2ED967-06E1-442F-B3AB-9473EBDA49CF
directors_6375,Q125861561,Q114899936,Q125861561-85f3cb13-4a0d-5044-4d88-014dcc5ba76a
directors_6376,Q12586232,Q21038652,Q12586232-D764EE7B-89EB-4E7C-AEE1-2670D42D1FFB
directors_6377,Q125867250,Q40035,Q125867250-9f82d458-430e-a0ee-3228-6c00a873e189
directors_6378,Q125871880,Q125872799,Q125871880-258e852b-4377-c50d-bdcc-a1dd1079f10c
directors_6379,Q125880828,Q16218736,Q125880828-e4a5ca5b-48cf-9958-cdf0-15226faa0064
directors_6380,Q125888131,Q1398367,Q125888131-0a03af18-41f1-abab-d884-ca41c83ae86f
directors_6381,Q125897105,Q2059818,Q125897105-bc2b9e3d-4aac-dfb4-4d27-2fc1e986e429
directors_6382,Q125900284,Q5660001,Q125900284-728b634a-4dcc-4856-7bef-506328c7c11d
directors_6383,Q12590050,Q12613871,Q12590050-da613243-4569-6cb4-24e3-d28458970db9
directors_6384,Q125908027,Q419466,Q125908027-B44540B3-9CF3-4A17-AB38-241199C98581
directors_6385,Q12590956,Q89258221,Q12590956-2b08da6b-4be7-26db-f285-7d9d805bd711
directors_6386,Q12591019,Q488312,Q12591019-90426e03-425c-7ddb-768e-19513a4670cc
directors_6387,Q125913481,Q62600716,Q125913481-c0132e2f-4427-6100-2404-68c0bfb2ef21
directors_6388,Q1259336,Q1239091,q1259336-3F2026B2-645A-4F6E-8D0D-85E21A77920D
directors_6389,Q125933907,Q127050054,Q125933907-C5E2AA27-23EF-4A22-90E3-80B6F91EE70B
directors_6390,Q12593668,Q19657444,Q12593668-18b7eede-45e3-da57-b54b-a44b4c1afc5f
directors_6391,Q12593907,Q563013,Q12593907-EC6060E9-A701-4B61-91C7-6CF0DE6ABC67
directors_6392,Q125940265,Q15456123,Q125940265-0ebd6ed5-4d7a-a325-bef5-0f50aa3495f2
directors_6393,Q1259409,Q772880,q1259409-3A4FB64D-4FE0-4ED2-AFCD-5F41BAA2086B
directors_6394,Q1259419,Q318712,q1259419-C5E294E1-D800-43EB-A380-38DEA09BE7C9
directors_6395,Q1259440,Q715318,q1259440-A8CF5D64-3600-4AC2-A233-AB6C48DAFF6D
directors_6396,Q1259466,Q4979979,q1259466-36E91EC2-2E44-475A-8304-4A529AB38B93
directors_6397,Q12594665,Q15032082,Q12594665-AEB8117E-2C21-4F46-A9A2-2F285EF8F442
directors_6398,Q125948183,Q11632790,Q125948183-0EC600C0-68B2-4E3F-986E-43E9B362BA24
directors_6399,Q125950404,Q11904225,Q125950404-3da9c795-4ea0-19e1-5d1d-2fbd96ac6f8d
directors_6400,Q125951554,Q2388301,Q125951554-a1935fef-49e5-2631-0f2f-6787756a6a80
directors_6401,Q125960257,Q19630141,Q125960257-672a4161-4843-5f66-8f7d-6c2372e82eb0
directors_6402,Q125960287,Q65976505,Q125960287-d042bea4-421e-dd74-3bed-58cf6d7f6431
directors_6403,Q125962650,Q551876,Q125962650-51e0c74f-4eec-b772-3aa0-f8ec6da96217
directors_6404,Q125966692,Q3416098,Q125966692-2c1a3af0-4664-2566-6c98-58f2be1bb4a2
directors_6405,Q125971387,Q975410,Q125971387-f16bbe7a-48bd-09ae-e777-45899ca759a0
directors_6406,Q125975336,Q76055111,Q125975336-CB168712-E66E-48E8-8F99-9139FD06D556
directors_6407,Q12597940,Q117854251,Q12597940-9CDCB335-E1E0-4B6F-9560-5517B8CCD185
directors_6408,Q125983478,Q3675834,Q125983478-9e75f60f-45f7-ec98-6fbc-d2b112b5c610
directors_6409,Q12599662,Q5104728,Q12599662-db969fa8-4c2e-2bbb-0274-a078e5f6dd42
directors_6410,Q125999766,Q11813603,Q125999766-CD9CCB26-42A2-4AC8-95A9-ECEA4960B179
directors_6411,Q126001775,Q708085,Q126001775-3ef3d5bc-48bd-5332-38fb-39eafbb25143
directors_6412,Q12600478,Q12604871,Q12600478-E80C5F21-C769-4E36-A592-0CFE41FA89BE
directors_6413,Q126008203,Q106376817,Q126008203-aa116ee5-4ccf-cf8a-dbc6-37e917fa6d05
directors_6414,Q126009194,Q550717,Q126009194-0dde22ba-48d6-5471-651c-45e4186ed6d1
directors_6415,Q126012569,Q43676009,Q126012569-aa7eeab7-4143-e50e-f8cf-0c755d427c47
directors_6416,Q126013176,Q125960788,Q126013176-21c10526-4792-c721-8a98-a72b21e15d04
directors_6417,Q12602418,Q16178224,Q12602418-5F25BD8E-0399-4D98-AF2B-4516B26B325C
directors_6418,Q12605897,Q5071307,q12605897-C5CF24BE-D8C3-47F6-9A38-0D33DE2A8C2D
directors_6419,Q12606041,Q16175177,Q12606041-3630B986-B349-4246-9BCD-AD690EF060A6
directors_6420,Q126074918,Q5613510,Q126074918-a80e66f7-4779-b76b-cc11-8d128ced2938
directors_6421,Q126075285,Q126075300,Q126075285-6ccbeb4f-4013-1fbf-ec9c-fdc7f8b0e98b
directors_6422,Q126076522,Q69997192,Q126076522-256ca0e1-4d7d-ac10-a050-230c3e630bec
directors_6423,Q126076793,Q69997192,Q126076793-c10d2f2b-4358-2483-c898-84ee8e453a3e
directors_6424,Q126077186,Q22958724,Q126077186-012a6355-42b7-c0a9-5e3f-1a1505b60451
directors_6425,Q12608276,Q106269441,Q12608276-a1753fcd-4855-a0f3-5040-206f68591aeb
directors_6426,Q12608351,Q20127347,Q12608351-20384158-D74B-462C-9778-E0CE9E091831
directors_6427,Q126086644,Q134179628,Q126086644-35717860-4ade-c763-e2e9-aca569e0444c
directors_6428,Q126086662,Q131863949,Q126086662-0e9971d7-411d-ab1c-4953-a6f0917568d3
directors_6429,Q126086666,Q25209047,Q126086666-C668C09E-0F6E-4A77-A4DE-C85C88BBFD58
directors_6430,Q12608709,Q24005016,Q12608709-7E6F7099-288F-475E-9CAD-ED3950D70AEE
directors_6431,Q126091602,Q11545827,Q126091602-1b889897-4357-72dc-9a42-a2404471cddf
directors_6432,Q12609187,Q7137754,Q12609187-442ada1f-49e7-744d-85c8-577582526ba8
directors_6433,Q126099163,Q23916773,Q126099163-E9C41BEB-8345-4749-B5F4-F75CB5A1D67E
directors_6434,Q126102664,Q6425282,Q126102664-83b1dd23-4434-414e-9b84-2032c8ca8fbc
directors_6435,Q126119788,Q7519836,Q126119788-721017fe-411b-cd81-3a7b-ecc5200bf52b
directors_6436,Q126125664,Q126125630,Q126125664-e66e482b-475e-127d-24fe-41f4fa8b4b10
directors_6437,Q1261289,Q5082704,q1261289-60B25524-94C8-4F4F-B1A2-79FE6C5E9FB5
directors_6438,Q12613358,Q233879,Q12613358-D0DB6657-40BF-4F9E-9877-3A7F5DDE884F
directors_6439,Q126142548,Q694259,Q126142548-ac86354f-48a8-0e00-0106-4b609b8b87ce
directors_6440,Q12614992,Q100589506,Q12614992-5ff41b9a-4c54-7b03-5309-b78aa4aee8ae
directors_6441,Q126172130,Q15873390,Q126172130-5229ce67-4ca1-0a73-23fd-ef94e608ab51
directors_6442,Q12619343,Q131363256,Q12619343-2F235384-BF1A-4FF7-BDD0-9F5358362B5C
directors_6443,Q126203157,Q117862768,Q126203157-4b40cb59-49c4-61ce-78e9-df85fc908d6b
directors_6444,Q126209905,Q322842,Q126209905-a02f4716-4330-4db8-bb71-887986384ab0
directors_6445,Q126209959,Q127050000,Q126209959-FB247FB1-B6C9-475D-B11F-853E146D7C93
directors_6446,Q12621523,Q12624327,Q12621523-4D96CA1C-2067-4FC1-9459-5CFDD93F7646
directors_6447,Q12621717,Q117860312,Q12621717-63D36D1C-EF34-4399-96EC-734888219E0B
directors_6448,Q1262179,Q75714,q1262179-25CD1AF9-5F09-4B74-A042-DF5AF8766BE1
directors_6449,Q1262391,Q823357,Q1262391-C82AFE38-CEC5-44A8-A6D7-A5827DC4D635
directors_6450,Q1262427,Q103898,Q1262427-AE917C6B-8CCD-43D2-B1CB-93C5DC8D0968
directors_6451,Q1262452,Q2820242,q1262452-9AA93B53-B5C1-4AFB-9C22-83393B0280A1
directors_6452,Q1262479,Q1059004,Q1262479-3864608a-413e-8c9f-ef76-680be0d637d1
directors_6453,Q12625334,Q16725590,Q12625334-4a19591f-42c1-e9b7-ba82-2dd9e0806d2c
directors_6454,Q12627920,Q3350289,Q12627920-ce0203ef-4f3b-e704-ac26-87e01244471c
directors_6455,Q126281957,Q126282013,Q126281957-defd6caf-4f97-f3a7-cd4e-deef799d6574
directors_6456,Q126285655,Q133799832,Q126285655-D022F750-2107-422B-A06A-0B5746082295
directors_6457,Q126290878,Q7024302,Q126290878-6a64447e-4c16-221e-6aff-574deafd7b1b
directors_6458,Q1262927,Q201985,q1262927-123134FE-5F1F-43BD-B8B1-C465C349B924
directors_6459,Q12629334,Q113377785,Q12629334-866499C9-16D2-4A73-866A-327B41DACCED
directors_6460,Q12629334,Q95795407,Q12629334-F6B3390B-70BD-49E9-82E9-83F021A2ABED
directors_6461,Q12631423,Q131363061,Q12631423-61AEBD6F-B70C-4DB8-A048-9A21987F7DDF
directors_6462,Q126326956,Q1452192,Q126326956-62cd61b0-425b-ae76-8b07-85483bd37209
directors_6463,Q12635968,Q117858924,Q12635968-D703B562-D10A-43BB-B48D-B3A6ED2FFFF3
directors_6464,Q1263687,Q108028824,Q1263687-55bb5d7f-461a-cb3a-1314-d581202a7a1d
directors_6465,Q126371311,Q42400687,Q126371311-d27d6ed6-4dff-9d0e-b81b-ce58ec7544e7
directors_6466,Q126371311,Q43960596,Q126371311-e4b4303c-4a61-9a0c-26a2-1847ef0d1602
directors_6467,Q12637285,Q3478613,Q12637285-555561c4-46be-b230-e16c-9b339242e2d6
directors_6468,Q126396314,Q5214505,Q126396314-077be75f-4036-806a-bdf8-8f72d0d9a075
directors_6469,Q126414863,Q127504596,Q126414863-0a546fa5-43fc-2436-3de1-ea2aa6c6b562
directors_6470,Q126417279,Q12254274,Q126417279-ea012ba4-4ae8-0544-1470-fb8529a30ca2
directors_6471,Q126426508,Q9377546,Q126426508-f588fd59-40f2-a069-7a7d-deca600e5b01
directors_6472,Q12643767,Q12758978,Q12643767-803a0420-4adf-5072-53b5-5ccfd918f59c
directors_6473,Q126453800,Q134932121,Q126453800-88DB0CB6-6C91-47F8-A9B2-1A966726089E
directors_6474,Q12646096,Q1253494,Q12646096-bcc82413-486e-4593-5793-eadf25bfe762
directors_6475,Q12646204,Q31199855,Q12646204-598E1723-1EB6-4BC5-B91D-523AF0D5779A
directors_6476,Q12648305,Q118485,Q12648305-A361BFAA-F310-41B9-9E25-8B5F6ADB3B3F
directors_6477,Q12648309,Q114875566,Q12648309-265C3641-9666-49BB-A916-160692CC76DF
directors_6478,Q126487478,Q3574497,Q126487478-b9c2a343-4659-481c-d842-3a95e1417fec
directors_6479,Q12649195,Q106712673,Q12649195-BD5387DD-E3A6-4C7D-9723-DC7D292E2D3C
directors_6480,Q126492,Q923930,q126492-565D5E0B-CF7A-4C93-AD5C-A87EE3646419
directors_6481,Q12649444,Q12675134,Q12649444-A6C1974D-D48D-444C-8C39-7887D99373A3
directors_6482,Q1265063,Q15963308,Q1265063-471BFD56-0CA9-4FEC-94AE-C6368B48E37B
directors_6483,Q1265063,Q3476164,Q1265063-E7C601DD-DC5A-40A4-BE17-8C38BB5613F4
directors_6484,Q1265087,Q3541033,q1265087-F898773B-4221-4E3D-91CD-931A716F9E5D
directors_6485,Q126511469,Q561387,Q126511469-1a853f8b-42a0-f332-e098-8adf50518376
directors_6486,Q1265160,Q704027,q1265160-A54E61F6-6C7A-40A0-B752-851807A10349
directors_6487,Q126537613,Q135934585,Q126537613-3B78C735-4BB1-43A1-A391-01D952DCAC75
directors_6488,Q12654021,Q127165,Q12654021-6B583140-197F-44FF-9181-F4C147BFF77C
directors_6489,Q12654167,Q391277,Q12654167-6FE8F96B-6DC6-48AF-AC6B-A8A46E5824F2
directors_6490,Q1265691,Q2624066,q1265691-23E53603-BEB3-49F9-8045-2880F69A62D1
directors_6491,Q1265779,Q2310642,q1265779-75D46EE8-5013-4B6F-BDEF-9E05B7BC8CFE
directors_6492,Q126599500,Q3052647,Q126599500-59615e6d-4bd3-0c66-5517-da7bcc29922e
directors_6493,Q126637,Q1677945,q126637-E04509BC-E2CD-44C3-AD6C-F933E23F86BE
directors_6494,Q126654744,Q125814187,Q126654744-24da54b4-4b51-cd87-d37a-ec4e5066a186
directors_6495,Q12667270,Q1301554,q12667270-ba159c1f-4ff2-cbb2-8524-801ad69de381
directors_6496,Q126676,Q705047,q126676-92B172DF-DCA5-41B2-8628-2E6C7AF0B0AA
directors_6497,Q126682448,Q60633865,Q126682448-dcb145fc-4ed0-629c-8522-e7f40a9bab8f
directors_6498,Q126688992,Q7608190,Q126688992-34ad1c7f-4bb1-f86f-185e-ebde057a722f
directors_6499,Q126699,Q43203,q126699-0EC05AB8-E5DB-4820-A865-C6C7BC867E85
directors_6500,Q126709448,Q113303367,Q126709448-e9159277-47bd-9d1f-e073-08410325743e
directors_6501,Q12671094,Q22927008,Q12671094-819B573F-45FA-43EA-B5B3-B7C2AEA1EC4C
directors_6502,Q126723863,Q24270771,Q126723863-9bf72291-43b3-5fb6-ceba-fffd309188e2
directors_6503,Q126724933,Q21119985,Q126724933-A54DD025-4F4A-4392-9C99-813525CFB7B4
directors_6504,Q126734403,Q7301808,Q126734403-46b042ae-4e85-0c03-f014-7e4f71fab8b1
directors_6505,Q12674488,Q30342460,Q12674488-6B1F5D79-B4A3-432A-8A49-B00D419AE53A
directors_6506,Q126766644,Q126725376,Q126766644-669dffb1-4ea7-bfdc-a92d-3dc392a2aebb
directors_6507,Q12678912,Q22927008,Q12678912-BE57004F-848F-4E6E-8848-7D98B398BE3E
directors_6508,Q126810973,Q524278,Q126810973-231501a0-48a8-15c8-85a1-8c743ea81f31
directors_6509,Q12681195,Q20465819,Q12681195-d0565160-47f5-2fb9-6161-970faf0c60e4
directors_6510,Q1268550,Q7646502,q1268550-69AA70F6-917B-48D3-ABCC-F032B1676F47
directors_6511,Q126870507,Q41673071,Q126870507-37a10af8-4c74-52e8-7d17-cc254b18d01d
directors_6512,Q126874131,Q6094787,Q126874131-03d76e24-44d9-15ae-cbc5-8d5c34594473
directors_6513,Q1268749,Q975134,q1268749-F83D1C3A-9416-41F8-825D-6DF865F7E028
directors_6514,Q126896,Q314935,q126896-59B48829-2834-4D7B-8043-E7A24ADBEC69
directors_6515,Q126897021,Q7827568,Q126897021-827af1b3-4962-29b0-a150-736ef499c585
directors_6516,Q126897811,Q1261154,Q126897811-ed55d7bf-42cc-1d81-c755-9dddbdf6b078
directors_6517,Q12690052,Q11101722,Q12690052-3F39721C-87A7-4830-8481-B2CE1FB326FA
directors_6518,Q12690359,Q5435253,Q12690359-A55B11B0-0232-4B4E-866E-D2441A63BA98
directors_6519,Q1269050,Q531837,q1269050-CA3A997D-05D3-4927-ABB7-5B69F6624606
directors_6520,Q1269050,Q97756,q1269050-33204F1D-E54A-4C54-9ABC-39EE0D31E169
directors_6521,Q126909347,Q12411598,Q126909347-56dab323-40f2-40e4-9f4c-cf9237a910b2
directors_6522,Q126918442,Q131922882,Q126918442-9cda5c6b-415f-428f-eb60-50dbcef93b1e
directors_6523,Q126918442,Q131922884,Q126918442-7ac50713-4865-9055-6508-9be26c9ec912
directors_6524,Q126918442,Q131922886,Q126918442-3034cae1-4739-f614-3863-04d587966298
directors_6525,Q126920605,Q95829977,Q126920605-7b968685-477a-9b25-9ae2-07736f0fd0a7
directors_6526,Q1269212,Q350422,q1269212-710D88DC-A374-4AAF-8AD4-7C14D323E8C1
directors_6527,Q126921922,Q107534502,Q126921922-f5220cf4-48b9-34c0-be2a-c7e2746662b6
directors_6528,Q126924306,Q90137315,Q126924306-617cf7ce-49eb-33d5-6fa8-d75d61036e8a
directors_6529,Q126930039,Q16734657,Q126930039-1aefe807-4ebf-4bd4-46ab-0c64e01d112d
directors_6530,Q126942775,Q8250879,Q126942775-3D06535A-7CC0-4EC3-B849-4CBF8923A6CD
directors_6531,Q126952961,Q121602861,Q126952961-9daf02ff-441b-fe88-6faa-5be7fba6bf04
directors_6532,Q12696471,Q12682130,Q12696471-d8dd17d8-a7f9-4d3b-87ab-00a576cbe6d9
directors_6533,Q1269703,Q110374,q1269703-532238CD-704A-439B-9DC5-8650B14941BE
directors_6534,Q1269778,Q63991498,Q1269778-80DE522E-F570-4D51-9BF0-FC83E9FF1A4E
directors_6535,Q12698915,Q12682130,Q12698915-5e838340-46cc-51da-7294-c3845b8d1e2d
directors_6536,Q1269970,Q1761332,q1269970-BE90B12F-16CB-4789-920D-F495167A2E14
directors_6537,Q127011,Q185671,q127011-08fa3834-4730-3656-c846-ba470631ba5f
directors_6538,Q1270503,Q3022597,Q1270503-B771F298-301D-4FB8-B754-D4939CA46547
directors_6539,Q1270772,Q6291199,Q1270772-ec4171d4-41e3-06c2-4d86-1dcfc0573267
directors_6540,Q127118129,Q40035,Q127118129-2654795b-48f9-01d4-b089-fae8b055b885
directors_6541,Q127118132,Q63150092,Q127118132-0f86b1dd-4f9e-28eb-3320-bbb21aef2f16
directors_6542,Q127129,Q2875168,q127129-E937175B-9ADC-4F33-AA67-CEBC85611B03
directors_6543,Q1271407,Q325133,q1271407-1A8B80D0-08C9-4F38-8728-B7408C55D945
directors_6544,Q1271407,Q3501757,Q1271407-f14268b5-4be8-29cb-9ce6-9dc5b79fc335
directors_6545,Q127162841,Q967302,Q127162841-9ADCD478-6F06-433F-8C6B-48F6CAA3B5BB
directors_6546,Q127163221,Q114908445,Q127163221-535D59AC-A415-4F35-9FCC-D1B49F1186B8
directors_6547,Q12720534,Q314353,Q12720534-93A3A8DB-0C09-444A-AE9A-DF4249412C37
directors_6548,Q1272441,Q956822,q1272441-51A12C90-38BD-4F31-BBF3-67188BF619EF
directors_6549,Q127250,Q1279708,q127250-0AC4F5A3-027F-40D9-A857-B86D6129C767
directors_6550,Q12725637,Q12731365,Q12725637-9CAB761B-0AAB-48B7-BD8F-CCCEEB8C0B5C
directors_6551,Q127267,Q755543,q127267-F43FDC2D-59C7-4CB9-BFF4-60069C80B22F
directors_6552,Q1272835,Q309214,q1272835-DF288811-34F6-4F90-AEB6-89D95D64FC19
directors_6553,Q127289273,Q56292833,Q127289273-c631d1dd-47ee-72ea-af4a-9b49bb7c1d78
directors_6554,Q127312272,Q3490910,Q127312272-a75bb45b-49b3-28c8-4175-cd873509180e
directors_6555,Q127324468,Q960885,Q127324468-995ebbdb-4e52-7cce-a70b-bc52fdd977be
directors_6556,Q127327216,Q94437962,Q127327216-3E298171-E862-44CE-8CCF-976A428EE86F
directors_6557,Q127327950,Q1933304,Q127327950-0af7fefa-4698-9ff4-88a4-1fdb5a5a06c2
directors_6558,Q12735596,Q12726221,Q12735596-4DD5A05C-6D31-4C6E-9DE7-9E24AD56C2EB
directors_6559,Q12736444,Q12731365,Q12736444-CB6127CF-C86B-4794-AC75-6332698D69FE
directors_6560,Q127367,Q4465,q127367-89D8ADD7-5C6D-4080-8158-F17C3E97ACEE
directors_6561,Q12736987,Q89399896,Q12736987-2677AD96-F05B-4742-9ED7-7139753A2A01
directors_6562,Q127382372,Q1335528,Q127382372-a391d04c-4467-8e9a-a20b-4a074ab9d287
directors_6563,Q127384884,Q7406421,Q127384884-E2315EDE-890E-4576-B84B-0D12F034A700
directors_6564,Q12738539,Q12725579,Q12738539-8EBE1032-F778-43BF-8FCE-1ED050C03116
directors_6565,Q12738801,Q12728907,Q12738801-9DD0FEF5-3B26-4332-AF85-4FA82DA76C3B
directors_6566,Q127395451,Q106938989,Q127395451-0c071047-4b8b-3d7f-9695-d5bff8f2ce69
directors_6567,Q127414,Q4107054,Q127414-65e10692-4e96-b7e1-13f1-c0eecf2b1e99
directors_6568,Q1274301,Q22210080,Q1274301-887E3470-57BC-4741-B2DF-EFF73F7D507C
directors_6569,Q12743617,Q18549653,Q12743617-91f087e5-450c-52d8-80c2-17d67d6083eb
directors_6570,Q12744409,Q12390928,Q12744409-db2e9999-4418-155a-949a-21e5cd904efc
directors_6571,Q12744987,Q12754961,Q12744987-053469be-472b-4058-5805-d300c88b92f0
directors_6572,Q12745666,Q16084669,Q12745666-08c52e74-44cf-f355-9811-85298eb81344
directors_6573,Q12747457,Q112474276,Q12747457-BA46FBBF-0D90-48C0-B03F-18D2A8331154
directors_6574,Q12747899,Q117885676,Q12747899-B2992ED0-59E8-4F04-85C2-D380653934E7
directors_6575,Q12748004,Q11038450,Q12748004-1A77B727-C7B8-4DFE-9BCE-DB2EAB1C4A82
directors_6576,Q12748176,Q16087571,Q12748176-542beb16-4392-7906-c326-46ae1f30ce28
directors_6577,Q12748509,Q117860308,Q12748509-09FDF5A3-5698-4D7C-8E54-F81E3ED0DAF4
directors_6578,Q12748813,Q176668,Q12748813-514f10e5-4194-a8e8-64dd-51c1c8161d22
directors_6579,Q12748945,Q117844905,Q12748945-4797231D-9FC3-4B57-9B56-8FBC17F6E29C
directors_6580,Q12749038,Q718584,Q12749038-4c31b9c2-447c-9db7-39a6-7318d63a1982
directors_6581,Q12749487,Q114183330,Q12749487-F00FCC20-8398-4774-9ACB-2E39F674D998
directors_6582,Q12749522,Q6860654,Q12749522-f8003400-48dc-d99c-5647-f0877326c1ce
directors_6583,Q12749795,Q113630848,Q12749795-A9FD4A2F-6042-46F6-A418-BC6EEF58B8FE
directors_6584,Q12750129,Q1253494,Q12750129-0480c46f-4592-5f3a-0e45-3cc6fea8de02
directors_6585,Q12750600,Q3193560,Q12750600-24CEC08F-5C7D-4114-8FCF-F36644A2DF6F
directors_6586,Q127510067,Q21710789,Q127510067-8cc9a61e-43f2-4c71-bcd3-433c89b55dc9
directors_6587,Q12751203,Q1282300,Q12751203-E86B2CB7-5214-471E-BC11-9BB687B55A0A
directors_6588,Q12751203,Q5014333,Q12751203-DB6594F1-43D4-422C-8110-10D27F230A41
directors_6589,Q12751244,Q61126165,Q12751244-83BB988F-2175-4026-813A-C3E9605D0C3B
directors_6590,Q127514804,Q127514819,Q127514804-0b1a0b5b-44b4-d8a6-7724-69c8d6bcd3ab
directors_6591,Q127514804,Q64735481,Q127514804-22189eb7-4f60-4e32-37f8-992b76822171
directors_6592,Q12751777,Q61124898,Q12751777-AB527B67-AB9A-4922-9161-32A282CA9222
directors_6593,Q12751813,Q22958916,Q12751813-AC1A6C9D-C657-4F46-A4A4-3DE1CDA5F445
directors_6594,Q12751912,Q3317418,Q12751912-D25C7926-6DED-4DE2-8A88-073397308EC6
directors_6595,Q12752161,Q1253494,Q12752161-ae09eb88-4b69-202d-7e4e-657081a84301
directors_6596,Q12752499,Q6860654,Q12752499-4AB64BBF-5AC8-4391-9F14-ADC78D6853A5
directors_6597,Q12752840,Q1253494,Q12752840-4811987E-4859-4AFF-8F29-677755CB5666
directors_6598,Q12754192,Q1253494,Q12754192-820ba04b-43ca-7e7e-1d9a-2ac3eb7e8703
directors_6599,Q127542,Q127599,q127542-047B6CD0-9A7A-45B8-A401-6D14F019AA89
directors_6600,Q12754256,Q97329496,Q12754256-591D9D8F-1F4C-4E87-965B-CD605C421872
directors_6601,Q12754266,Q3495210,q12754266-35b2c0e9-45c0-d72c-4edf-62be65cfcdcd
directors_6602,Q12754412,Q12755555,Q12754412-fa704cc0-4ff0-6d06-9b86-ae77a3312024
directors_6603,Q12754485,Q25459730,Q12754485-D62A7FE3-6911-421F-9560-BE7DEFD0F171
directors_6604,Q12754500,Q61124898,Q12754500-F4E278E0-84A5-48E7-BC45-6B8F58DDBDB9
directors_6605,Q12754770,Q5252708,Q12754770-ff2e8106-40dc-431c-b35c-f95744413667
directors_6606,Q12755725,Q1266719,Q12755725-6013E657-D1C0-42B3-A72F-E53C9570F69B
directors_6607,Q12755756,Q117844882,Q12755756-1119158B-7CAA-4E11-AAC4-85BD2CA455EB
directors_6608,Q1275605,Q2424777,q1275605-1C27683C-1694-439C-86AD-17A3CF08FA75
directors_6609,Q12756107,Q12746000,Q12756107-545EF2F4-FDFE-4540-BCFC-DEA9A97B25D5
directors_6610,Q12756345,Q3350289,q12756345-bb910e07-4531-e928-dbb8-6bacac04c7a8
directors_6611,Q12756448,Q6860654,Q12756448-6CA17133-0D5B-49E4-974E-D0064246C8CE
directors_6612,Q12756530,Q12754961,Q12756530-ebf51343-42b3-9731-dc50-7bc3176c351b
directors_6613,Q12757422,Q61124898,Q12757422-8D8BB166-76CE-4C49-8A67-FA244779C701
directors_6614,Q12757686,Q117860828,Q12757686-BF9FC756-0000-471D-940B-D3C3F7AD654B
directors_6615,Q12757763,Q5993332,Q12757763-14490523-4fc6-507e-4e29-684b0de405ef
directors_6616,Q12758337,Q3593878,Q12758337-94ECFCA7-A17E-4213-8F07-4561CDCDFFD3
directors_6617,Q12758452,Q5429502,Q12758452-FDB8C005-BD5F-4AD9-8FF8-0AD5EE41E6B2
directors_6618,Q12758626,Q16081688,Q12758626-7D731692-A05D-4285-81E0-EABB9D54002F
directors_6619,Q1275866,Q113540512,Q1275866-2D1A1F94-B1B6-425C-9B48-91C6E7732B73
directors_6620,Q12758761,Q1749805,Q12758761-F3B73837-8572-4E7D-B452-FAEB4CF35EDF
directors_6621,Q12758807,Q16081688,Q12758807-dd220385-4a95-95e1-1ed1-9e792fc88d76
directors_6622,Q12759663,Q16088493,Q12759663-66D6D908-9A7E-410C-9EAB-AA236D7AF301
directors_6623,Q127599809,Q18637425,Q127599809-2310d161-4d3f-66c6-44fb-67beff3d30fa
directors_6624,Q127599819,Q7342927,Q127599819-ff76c9d8-47eb-9b28-61d5-8654096cbf65
directors_6625,Q127600891,Q6181268,Q127600891-67fc4118-443a-fce3-7ba3-f44a3f22b9dd
directors_6626,Q127602137,Q1892607,Q127602137-76F4F847-C181-4B00-9842-D2CB33C1C2C4
directors_6627,Q127602379,Q121118618,Q127602379-f54d9245-482a-94cf-a855-a09f7b4482ad
directors_6628,Q127602379,Q121118648,Q127602379-589ab0e9-4caf-13b1-c5f8-6be08595ad81
directors_6629,Q127602909,Q16028585,Q127602909-bbe7e27f-4b69-def4-5495-f95b6cbb7f2c
directors_6630,Q127603403,Q127655272,Q127603403-6337EEEF-E66E-4D7C-BEB2-29E4B48F752F
directors_6631,Q127603403,Q127655283,Q127603403-0B699CC0-5AD9-4352-87EE-1E2DA05C5B8A
directors_6632,Q12760421,Q87899931,Q12760421-14FCCD64-8F1A-4CF1-BAA1-F2358C4CADD0
directors_6633,Q12760558,Q2378699,Q12760558-8175d782-4c74-fe06-1099-f87ebb245d58
directors_6634,Q12760877,Q28790145,Q12760877-425c759f-4b2b-804b-30ff-2b6116900ce9
directors_6635,Q12761174,Q3316149,Q12761174-c299f2bd-4917-9ddb-88f4-2b570c6f990b
directors_6636,Q12761220,Q12958465,Q12761220-d381ee95-4068-20b9-761c-34533ab31080
directors_6637,Q12761358,Q23498145,Q12761358-9ED3695E-E243-4C9B-8BE6-AE12D7627C3A
directors_6638,Q127619022,Q975203,Q127619022-fc0f3668-49ce-e235-97ed-2ddafd2cedf2
directors_6639,Q12763465,Q19881185,Q12763465-43D8D4E5-4F67-4DA7-8031-82005FF7C6DA
directors_6640,Q12764133,Q3506024,Q12764133-AD4A8247-5315-4227-9430-39B4F3E225B1
directors_6641,Q127678466,Q65069536,Q127678466-1706013e-432c-0834-e653-7f87dde631a2
directors_6642,Q1276847,Q2388576,q1276847-12DA612D-1954-4AEA-9F34-17EF92C7056F
directors_6643,Q127686835,Q95837419,Q127686835-ab28319a-4d40-ba00-fd3b-4a41b5a3c535
directors_6644,Q127688495,Q1310238,Q127688495-a6a795e0-4f42-b42d-f44c-f8063b58f94d
directors_6645,Q127692200,Q3904039,Q127692200-71e3c631-48df-4985-0f06-753bb8f79bc6
directors_6646,Q12769381,Q48559621,Q12769381-5871b8f7-4178-69bd-4d26-383363f9fb71
directors_6647,Q127697922,Q15727919,Q127697922-47d4c735-4532-03b8-ed44-f4a7ed6da9a7
directors_6648,Q127699542,Q3852398,Q127699542-b3e129af-4a86-67a9-50da-dceb1b8cef98
directors_6649,Q127699891,Q27513138,Q127699891-6f343955-43f9-3426-bb20-71a2bdb33561
directors_6650,Q127699891,Q3021818,Q127699891-bfe8aa4a-4325-f9aa-ca09-89e9c66cd8a9
directors_6651,Q1277005,Q295984,Q1277005-DA20214B-2493-4E00-BF78-C717E15F8475
directors_6652,Q127700776,Q2843557,Q127700776-ec920a99-457f-4952-d049-201b4e0b7225
directors_6653,Q127709937,Q945318,Q127709937-208ee099-4b3f-3442-aad7-ec8b90130c81
directors_6654,Q127710707,Q532505,Q127710707-7377394e-4932-ad31-e7d7-563140f371b2
directors_6655,Q127713636,Q27042042,Q127713636-63c1d57b-4038-1086-1e1f-9e5ef5d58857
directors_6656,Q127726954,Q11964475,Q127726954-60eb6a69-4381-520e-a3c8-8f77f635fd3d
directors_6657,Q12772894,Q84116,Q12772894-4B00AA65-55C6-422A-B309-0009EEC78587
directors_6658,Q1277329,Q51511,q1277329-80C4F949-B4C6-44DC-8C6C-650E34772660
directors_6659,Q1277366,Q338812,q1277366-576CE59B-3B26-458C-A2EC-27F8A94D2CE8
directors_6660,Q127756492,Q97204601,Q127756492-a4d9aa10-4f10-c4a9-0a33-c8ac9a65c49c
directors_6661,Q127763750,Q127766252,Q127763750-8AA42E44-8C24-404F-8B47-E15CF188E45F
directors_6662,Q1277684,Q2277411,q1277684-250ECAFF-0CAA-41B9-ADC0-85C833328ADC
directors_6663,Q12777252,Q12771020,Q12777252-CEEE7A16-81E1-42E2-9955-4F8031354761
directors_6664,Q127778663,Q716398,Q127778663-77b0ca8b-4387-b691-df87-5b229e1dbbb0
directors_6665,Q127785559,Q2318712,Q127785559-2bef8c5b-4806-9484-8d83-b9a78a8f37bd
directors_6666,Q127785576,Q56194287,Q127785576-f404c392-42f6-0744-4254-a6eeecc6a0fc
directors_6667,Q127785576,Q56194289,Q127785576-590111d6-41f3-e842-1862-d5798908c0c1
directors_6668,Q1278022,Q2880278,q1278022-66E984D4-2413-4D63-9023-BCE0CB8B39BA
directors_6669,Q1278073,Q910181,q1278073-DD12F255-97CC-4CBB-872A-94DEDEAF9C11
directors_6670,Q127821688,Q111383665,Q127821688-926aaa4f-4b91-98cd-89a2-d0a9a003110c
directors_6671,Q1278386,Q2094420,q1278386-9ACA2ABB-C15D-4B74-A2E3-94864FDA4CF8
directors_6672,Q127850158,Q2668840,Q127850158-26c9129c-4a66-0709-65cf-7504bf4a691c
directors_6673,Q127868899,Q29477838,Q127868899-0668b6b9-48ea-fabf-28bc-9a337305bf6f
directors_6674,Q127897,Q489831,q127897-8754F2E5-5DFB-4A11-9490-E0080A936F46
directors_6675,Q1279290,Q19878384,Q1279290-F4198C3A-66DF-4E12-871D-0C7CFB8BC32B
directors_6676,Q1279412,Q3161100,q1279412-823DA781-28C1-4EDD-8DE5-B9F37CEB6FD5
directors_6677,Q127943733,Q24762748,Q127943733-7e994237-4086-0e66-174a-89b4d528e248
directors_6678,Q1279482,Q553932,Q1279482-6A3429C0-ED76-4D9E-8A72-F5F12BB69510
directors_6679,Q12797195,Q28150687,Q12797195-87E31C04-1481-4AB4-AFA2-CF3D7178AD9A
directors_6680,Q12799228,Q5212653,Q12799228-a57d1b82-45ac-5c76-4d2b-b84c468a3d7d
directors_6681,Q1280179,Q432246,q1280179-D69D46C2-C113-417E-B1C5-45DAE354F4FB
directors_6682,Q1280263,Q113351891,Q1280263-2D972D33-A958-48B0-ADE3-4DE7B6B67A43
directors_6683,Q12806405,Q5212653,q12806405-3d20a3db-4569-e5e0-e8c7-026f17e6f20d
directors_6684,Q12806475,Q89876668,Q12806475-3f3c7db0-4fb8-7060-35dd-299e44378b11
directors_6685,Q1280795,Q4124084,Q1280795-53868904-DB94-425A-90BC-7733C53D14B1
directors_6686,Q12808694,Q7107110,Q12808694-98B86AC7-D58F-4969-A2CB-56215D01EB39
directors_6687,Q12808945,Q117844891,Q12808945-E341CAA1-B69A-4BE5-8364-CCBAF7D3A2BF
directors_6688,Q12809142,Q3479126,Q12809142-E321EDD8-FAEB-4DFC-B348-7A3B8F024750
directors_6689,Q1280945,Q735821,q1280945-5908CA79-7269-4E7C-B531-3750C008E1CE
directors_6690,Q12809751,Q256280,Q12809751-087732e0-4350-3dfa-bdba-e8ebd7eb91d9
directors_6691,Q12809917,Q7813033,Q12809917-53c7f3ed-42d9-f0a3-f3cf-b45e81d4a019
directors_6692,Q12810254,Q272718,q12810254-79ABFB11-BB4C-478E-B2CA-F65B58E14CBA
directors_6693,Q12810477,Q113514868,Q12810477-7F992BC9-6F05-4C71-9D52-BCA07B771387
directors_6694,Q12810477,Q85971771,Q12810477-D0E9217E-635B-4560-93CA-84F9780D68BF
directors_6695,Q12811143,Q735511,q12811143-D9DE1876-9AFA-44B2-A210-79B6698A673B
directors_6696,Q12811331,Q7107110,q12811331-040006FA-CF4F-4528-9C85-CF466B17DB2F
directors_6697,Q12811761,Q114565736,Q12811761-2C0709A5-2E47-4853-B601-4A41102C89F3
directors_6698,Q12811780,Q6052842,Q12811780-BBFA7CF6-031A-40F3-AF02-97973A29F055
directors_6699,Q12812194,Q6080778,Q12812194-42B76415-92DA-4CBA-B8CF-69A2F236FFEE
directors_6700,Q12812546,Q6076918,Q12812546-C1453F28-C1FE-449C-B5F2-CEC0DA9A71A9
directors_6701,Q12812808,Q6048958,q12812808-9698bad9-4925-5fa1-9cb2-10afc6201fb9
directors_6702,Q12813010,Q187261,q12813010-D2C6EAD0-46B7-4C65-91C9-9036B066C6AB
directors_6703,Q12813120,Q2839609,q12813120-9a2adc5a-4d36-a563-e0a5-43f79fa00383
directors_6704,Q12813483,Q259240,Q12813483-c406688d-4217-f8be-76a9-af87427978ab
directors_6705,Q1281420,Q51530,q1281420-b2518604-45fb-73fa-5e21-b804168974d9
directors_6706,Q128153069,Q2846270,Q128153069-9d644d84-4d46-8029-b2e7-b5b9894a717e
directors_6707,Q12816822,Q21067198,Q12816822-62B5697E-7F46-43FA-ACA0-66B7BA26041F
directors_6708,Q128187,Q47284,q128187-FF0CF47A-589F-447D-B61D-3EF97EFBADF2
directors_6709,Q128210357,Q117859490,Q128210357-EC12AD02-7CB3-4B84-9DDC-3AB492B1E090
directors_6710,Q128214361,Q104203496,Q128214361-90592709-146C-4C2A-BF39-CD15F2FA79F7
directors_6711,Q128214361,Q139580610,Q128214361-25084BCE-8AF9-4FC7-971B-DF85203DBEA9
directors_6712,Q128214361,Q139587503,Q128214361-2C7EFED6-03DD-484A-B927-ABDB3D5652C9
directors_6713,Q128271742,Q112226171,Q128271742-CFCED2A6-3980-4E97-940D-6633D6CDE804
directors_6714,Q128271988,Q112226171,Q128271988-DCC6A434-1E8B-4497-A1BF-1AA842717493
directors_6715,Q1283500,Q95497,Q1283500-0DA6BAF9-32E5-4931-B11D-BC59C54AF5E9
directors_6716,Q1283546,Q67913783,Q1283546-20047D64-456D-484D-ADD2-F41A83857586
directors_6717,Q1283552,Q2057920,q1283552-6D638CDB-B988-4920-B533-E01CFD177D83
directors_6718,Q12835565,Q16373361,Q12835565-d10434aa-48b1-dd37-0d4e-919093916f96
directors_6719,Q1283760,Q114495911,Q1283760-081239B5-9139-4F27-9434-5592472FA088
directors_6720,Q12837618,Q4481418,Q12837618-383109B0-7FD8-47DA-A0A5-8410D5F71841
directors_6721,Q12838143,Q4134063,Q12838143-2A5AADB3-5D36-48D6-B1B9-938A02DC8CCD
directors_6722,Q1283887,Q1928816,Q1283887-5A40C9EB-00CC-491F-BCAB-D2521BB06006
directors_6723,Q12838977,Q12836235,Q12838977-0D4EEC37-00E8-4C63-A609-C964E99742AE
directors_6724,Q12842573,Q4481418,Q12842573-2FAB4EA4-7F3D-4F36-959E-C9FCC1F27B66
directors_6725,Q128430869,Q128431940,Q128430869-8945a9ae-461b-7f1f-0662-8a0426236c78
directors_6726,Q1284393,Q4023253,q1284393-46641EE6-F744-4928-B6E8-35E0C1375D52
directors_6727,Q1284439,Q1000912,Q1284439-63C2C8A4-75D8-4B24-AFEE-DB60ACFC5488
directors_6728,Q1284461,Q16799357,Q1284461-CEBA9009-9E97-4EE3-AD42-F4A14187A5DE
directors_6729,Q128474263,Q16222347,Q128474263-4d9613c8-46ed-7fbd-5ad8-0fccdb6598c1
directors_6730,Q1284839,Q5235404,q1284839-897B7C41-A3F3-4B5B-BA93-9D9B13B34F4E
directors_6731,Q12849080,Q12843063,Q12849080-E2949D63-866E-4395-A1BE-20B082A3121F
directors_6732,Q128493,Q3059246,q128493-9046FDE4-DD46-4BB3-B1D7-335E174D3779
directors_6733,Q128493,Q47284,q128493-20195A17-01FD-4370-BDF6-70FA9EAEB173
directors_6734,Q128499267,Q130466826,Q128499267-7BC31E43-FA7F-498E-8966-D30CFC556D40
directors_6735,Q128503,Q3308160,q128503-1BC74458-ED26-497A-B3B4-EF9C751769DF
directors_6736,Q128518,Q56005,q128518-23C3F8B5-200F-42EE-9984-26846E030E91
directors_6737,Q128542,Q643982,q128542-A886C389-B35A-4F0C-B5C3-207F9B6E95CF
directors_6738,Q128582,Q189526,q128582-449B5DEE-83FA-4918-B66B-B9B9DAFB5542
directors_6739,Q12860861,Q816517,Q12860861-4C469FFD-F2EB-4113-8BF5-BFB9284FB126
directors_6740,Q12861222,Q3595234,q12861222-7FD2FD81-9CE4-4BBB-BE36-803C5F50091C
directors_6741,Q12863061,Q5543070,q12863061-b7aa9480-40a1-8f27-794c-8a8ae33baf1a
directors_6742,Q12863443,Q15958698,Q12863443-a7a182a5-4f97-61cb-dbf1-486aaf48a96c
directors_6743,Q12863443,Q30328934,Q12863443-be3682c0-439d-b00b-4100-19e17bd6f487
directors_6744,Q1286387,Q484864,q1286387-85BC654F-26AA-4284-9811-C1D21C529A57
directors_6745,Q128646,Q110462,q128646-46A9C664-C3F7-4EC7-953B-ECA7ED7450EE
directors_6746,Q12872664,Q113631303,Q12872664-3F331064-8319-48EA-923D-93B09DA09610
directors_6747,Q128730,Q707755,q128730-F2D136DF-F5D3-4802-9503-B7B41DD23AC0
directors_6748,Q1287353,Q5210962,q1287353-5091b52e-407b-4de6-5d20-3f5041c55cd1
directors_6749,Q1287973,Q4695862,Q1287973-8C21026F-CB1F-49F7-A7FD-5CD5A6F6290F
directors_6750,Q12880315,Q1992040,q12880315-C9EB10C9-988A-48A0-BA60-05F3B18B77A4
directors_6751,Q1288055,Q786469,q1288055-E5851E14-2AF1-4DE5-8488-DA7260FD9E2C
directors_6752,Q12881022,Q98708518,Q12881022-3E224E29-FB6D-456A-B9DF-624B30DA0998
directors_6753,Q12882092,Q3107029,Q12882092-2F3A0CCB-700D-4060-823D-D90850217848
directors_6754,Q1288305,Q17465723,Q1288305-F75E779F-BB77-42E9-AEA2-C8DDF5412F3F
directors_6755,Q12884617,Q30123176,Q12884617-1c615a35-4e5a-693b-7f0f-663d1a095a22
directors_6756,Q128848,Q28028,q128848-29888E48-4A57-4D81-A99D-2E296AB6799D
directors_6757,Q128854,Q1773566,q128854-00DEC405-B76D-447B-80F0-8234107D5F2F
directors_6758,Q128855,Q504503,q128855-F25068A1-C11A-4D0D-9528-8D811D176CD4
directors_6759,Q1288693,Q3568548,q1288693-24582609-F5E4-4207-B545-8C711AFF9739
directors_6760,Q128924,Q707755,q128924-7057D948-B38B-4FAF-B02F-66272462C7D5
directors_6761,Q128927,Q1451016,q128927-4C2F9514-1A12-464A-84FC-59C2382CFCA5
directors_6762,Q128934,Q26806,q128934-49C43598-78CB-4C43-9639-E5968DB810A4
directors_6763,Q12902822,Q2829890,q12902822-09B9A0C3-A38C-4F89-96D1-E8EA7DF76567
directors_6764,Q12902828,Q1395708,q12902828-8ea3ed57-4aad-b41a-2bf1-810c41553ffc
directors_6765,Q129037,Q773523,q129037-AC5B37E2-268C-4C4A-856C-EE1917294665
directors_6766,Q129051,Q3553698,q129051-EDBB2526-BF0A-43B7-AB1B-77FB35FADB7C
directors_6767,Q129051,Q459299,Q129051-5E6FD079-4D33-46F0-8341-6A15974CFC6C
directors_6768,Q129078,Q738410,q129078-007130B5-AD72-4B8B-8A17-8A99383D9C78
directors_6769,Q1291491,Q23901310,Q1291491-ea512c70-4bc5-df73-0d0c-c7ce67e072d1
directors_6770,Q1292187,Q1374828,q1292187-8ADF095F-B657-43B8-A416-191A96691607
directors_6771,Q12923518,Q20741881,Q12923518-E10137C3-84CC-4E5F-9EC3-33329E703A44
directors_6772,Q12923651,Q7936508,Q12923651-E33FD5A3-E96F-4E40-8236-3F26A5081DF2
directors_6773,Q12931360,Q16734001,Q12931360-74CA70E6-C789-4066-9ED3-FEAC9161F84B
directors_6774,Q129348374,Q12614777,Q129348374-1da6bedf-4399-bdde-0f46-7e689f6642e7
directors_6775,Q12938262,Q3521977,Q12938262-5FB9D36A-D1DC-4D20-80F5-DE9FE7D0BD42
directors_6776,Q129411,Q106685,q129411-5D261D2B-15E8-46F4-B832-291EAE0893D1
directors_6777,Q12943321,Q7668630,Q12943321-416FB9E5-6248-4418-B5D4-F336619F3A8F
directors_6778,Q12944284,Q7288645,Q12944284-F2D6A0DE-E534-4277-8311-2D5B232AD636
directors_6779,Q129574,Q719821,Q129574-C230BF65-F51C-4941-B7CC-BC9E2F12A2BD
directors_6780,Q129588236,Q28224549,Q129588236-f34f6e6c-45c9-046c-0586-97350f0ad018
directors_6781,Q129601,Q452794,q129601-EFB2DF25-39CF-471E-A833-5EB4F3DCA2DC
directors_6782,Q1296149,Q104747,Q1296149-06DAC0DE-0067-4144-8746-AD29E9360AB3
directors_6783,Q12962338,Q114913820,Q12962338-0BD303B9-C771-4C5C-9B4D-ECDE52973981
directors_6784,Q12962338,Q26232790,Q12962338-6AF12D1A-03CE-4479-BDA4-4F53F51CD92F
directors_6785,Q1296303,Q1996960,Q1296303-C7FDA910-71A4-4396-BFD7-5FB8AF86533D
directors_6786,Q129637,Q29059585,Q129637-2537d599-448a-8f5e-6aa1-35978948ba2a
directors_6787,Q1296385,Q2964765,q1296385-A35491BB-3B11-49BD-B2DB-6201E8EF0C14
directors_6788,Q129657,Q7497770,q129657-4246FE4B-8AC9-41F8-AC99-D002CA95E1B4
directors_6789,Q12967391,Q7366943,Q12967391-75EB31C1-4603-46CE-AC01-F27608F9BD9F
directors_6790,Q12970834,Q11678045,Q12970834-C0793A35-BD71-4296-B2D2-E698791CC023
directors_6791,Q12973360,Q21934042,Q12973360-D3281D9B-3736-484D-B64F-D624C2B68C12
directors_6792,Q12973515,Q140642,Q12973515-199D2AC4-B70B-4681-8703-B2529873DD84
directors_6793,Q12975144,Q7639214,Q12975144-811F1CB5-1A5F-4F2E-802B-A2230F185E70
directors_6794,Q12975794,Q1156039,q12975794-F488AF3C-46DD-467A-9B91-3009B62F9B41
directors_6795,Q12976767,Q4849850,q12976767-FC40AC7E-FD8A-4253-9587-393C4AFF0069
directors_6796,Q12976955,Q4648088,q12976955-C8F254C7-C5CB-454B-93A1-86B72AFE6341
directors_6797,Q12977353,Q17074163,Q12977353-686F1939-8E00-4960-8C05-D1F5D8A1371C
directors_6798,Q12978080,Q7508209,Q12978080-7D2A3C15-B53F-4C6B-97D9-9F371864A898
directors_6799,Q1298017,Q69284238,Q1298017-0642667F-2269-4B36-9232-8553EB67B72E
directors_6800,Q12980911,Q117860364,Q12980911-553CDA5A-7AE2-4BCF-9D63-B8A234A0C8A8
directors_6801,Q129813,Q1354716,q129813-2C406776-9B64-447D-BCD2-4EF5F94CDA81
directors_6802,Q1298217,Q6730240,q1298217-7AF0BFCE-AE52-437E-8201-AB8106F743A7
directors_6803,Q12982690,Q3524112,q12982690-81348186-A0E2-456E-8532-76CC04C2B721
directors_6804,Q12982893,Q6067643,q12982893-8911693D-8DD2-4028-9BE4-E6600571F0F6
directors_6805,Q12985049,Q25350417,Q12985049-6B3DB4CB-DA94-44B4-98AB-200BD03C1929
directors_6806,Q12985995,Q3537602,q12985995-9A1A3384-DA22-4FB4-95FF-3AC5B313358E
directors_6807,Q129869,Q509900,q129869-39009A79-4C20-4FCB-A142-F19A5C77163C
directors_6808,Q129874,Q453691,q129874-8B7732D7-D90E-47E6-B60F-20E41C58C047
directors_6809,Q12988039,Q25189928,Q12988039-6EE50151-7DC8-468C-871D-27C6E1BB5904
directors_6810,Q12988262,Q6881664,q12988262-7DE5F5D8-CBEE-4283-935D-E8837BCA9887
directors_6811,Q12988455,Q7639214,Q12988455-339F2B95-884E-428D-A1A9-C8303519A185
directors_6812,Q12988585,Q17073981,Q12988585-17572242-CA05-4409-A39B-B65F83EB5C10
directors_6813,Q12988919,Q7117166,Q12988919-504932ED-6804-4E4F-B95F-1C6F532FED82
directors_6814,Q12989265,Q7445882,Q12989265-9077512B-105F-41E2-B16D-EC3769E70001
directors_6815,Q12989335,Q7532267,Q12989335-F8E5DDA0-953B-4088-BA6C-D89435C234D6
directors_6816,Q12989733,Q1391329,q12989733-22084398-E526-4EF2-AF1D-A73ECCDA1238
directors_6817,Q12990754,Q16253640,Q12990754-760DD268-A9CE-49A2-8A85-5FA38ACEE32A
directors_6818,Q12990938,Q7645752,Q12990938-1E6E4E2A-9057-49AE-8E17-D4FD3A91EAE0
directors_6819,Q12991459,Q7261235,Q12991459-263A0C20-F589-453D-9DBF-9F3C45A1BD29
directors_6820,Q12993457,Q7645646,Q12993457-741CAAC3-2DC3-4B5F-8EC0-4E3C4E425A6E
directors_6821,Q129959,Q1175381,q129959-2C038F7A-898E-4CC8-B16B-D4E528BF73B2
directors_6822,Q12996271,Q105487138,Q12996271-f8621812-4c35-7212-8a17-1394c2c0f21e
directors_6823,Q12996703,Q16214693,Q12996703-18797B46-47A6-4134-9D38-BA0417404844
directors_6824,Q12998142,Q17144538,Q12998142-6049ED45-A97D-434B-B0C3-0F52CD152062
directors_6825,Q12998191,Q16148301,Q12998191-624DDE2E-0866-46E4-8695-7903F100A1FB
directors_6826,Q13000063,Q6425282,Q13000063-85d56050-4886-9762-daab-344303aca6dc
directors_6827,Q13000859,Q3535762,Q13000859-769AEDE7-19CE-4C86-AC58-DBF862F9F1B8
directors_6828,Q1300148,Q1747539,q1300148-DC7866B3-C657-46A3-A81A-104C107352C2
directors_6829,Q13003980,Q22003002,Q13003980-A870CA66-0F20-48FF-8258-150BC4BD2143
directors_6830,Q13004248,Q5322193,Q13004248-6D6EFA9A-E202-400F-9B07-51DFFB8AF5A4
directors_6831,Q13004687,Q7273901,Q13004687-be1bfb4b-4be3-7bd0-4afc-0c46fc7ef330
directors_6832,Q13005506,Q16746547,Q13005506-35613B35-2E54-429A-A8C5-9EBD60AE49F3
directors_6833,Q13005969,Q15700898,Q13005969-A43D6E43-75CB-4834-8BFC-38B2E1634508
directors_6834,Q13007054,Q7292622,Q13007054-30ABCF65-D8A6-4BFF-B469-C76A3F388C13
directors_6835,Q13007513,Q117845411,Q13007513-7B4EBF5B-267A-4209-944A-0CCC2B13609C
directors_6836,Q13007654,Q3199741,Q13007654-3EC3B34A-B3D6-4901-B75B-2439D75AB043
directors_6837,Q13008157,Q17060920,Q13008157-C93B4D2A-3E9E-4F7B-8A8C-A1D86A67931F
directors_6838,Q13008704,Q21067218,Q13008704-3350A614-97B5-4D89-A24C-05F9A3FD094A
directors_6839,Q13010360,Q16734931,Q13010360-9C5DC446-71E2-4C6A-BE4C-844176A8B2E4
directors_6840,Q13011429,Q6105225,Q13011429-47F8D753-CA56-4D14-A02C-96B0D1C982B3
directors_6841,Q13011721,Q7261235,Q13011721-44047C47-2D00-4F66-B137-800899A2C567
directors_6842,Q1301177,Q1977014,q1301177-05434C2B-00E7-45AE-92E4-630AECB13681
directors_6843,Q13012321,Q113572929,Q13012321-A25686AF-08A0-4B59-BA1F-7B20A32A15D8
directors_6844,Q1301240,Q3568469,Q1301240-B911436F-D574-407D-8BBB-DD3961CC9271
directors_6845,Q13012425,Q106269463,Q13012425-451DE2DF-FCDC-4283-BA36-70CDE2A38D92
directors_6846,Q13014140,Q13023216,Q13014140-A174B35D-9AF5-4350-B7EC-B6F674BCE07A
directors_6847,Q13014386,Q104672558,Q13014386-E7ED8DA7-F44B-4FED-917F-8627FE68FC70
directors_6848,Q130147,Q12500209,Q130147-1343A64A-5C94-4E31-90B5-7550995D8F0B
directors_6849,Q1302032,Q126633,q1302032-EF70E689-848F-4473-9002-6CAF76676993
directors_6850,Q1302032,Q1890346,q1302032-02594B27-2D8F-49C0-902D-57B3504EAB7C
directors_6851,Q13024585,Q31352543,Q13024585-E4E36128-E524-434F-9D28-35BF3E53CD5C
directors_6852,Q13025677,Q113552821,Q13025677-1C9C95BE-C958-48BE-A729-13EB532214FD
directors_6853,Q130271,Q543982,q130271-86FEE464-D6CA-4DC8-BE63-B775F0DBDEAD
directors_6854,Q1302735,Q66867,q1302735-DFFC0787-8F3E-41E9-8AFF-4FA7157F6120
directors_6855,Q130297,Q2086433,q130297-D379ADE5-6193-4BC9-BF47-2A78FA97753C
directors_6856,Q130300189,Q2424727,Q130300189-d8e366ff-fd93-4c25-9d91-55d06dde049f
directors_6857,Q1303143,Q43264,q1303143-F7BBABA1-9A99-4EC9-AE7D-03E8651F65BE
directors_6858,Q130348394,Q26720373,Q130348394-5B0C3774-7CE3-4714-B09E-1550F9E56325
directors_6859,Q130355125,Q39078735,Q130355125-238e4a7d-40cd-a91f-c701-1eeef2655ebf
directors_6860,Q13036287,Q3016485,Q13036287-F2ABA0F7-63CA-4102-AA0F-C7491AA9C5A9
directors_6861,Q1303634,Q2580403,q1303634-44E4A7A9-5875-4F17-B837-E95BB67BF5F7
directors_6862,Q13036463,Q13034616,Q13036463-5D9CD35F-5507-4CE9-AABB-84E56F1BF37B
directors_6863,Q13038178,Q106266027,Q13038178-c1ce70a5-471e-1ef3-1bd2-79e663f2fd7b
directors_6864,Q130404717,Q902859,Q130404717-d0b94ceb-4f7a-e3e1-39e5-320466a35140
directors_6865,Q130413469,Q113669549,Q130413469-59b5fd01-45e3-a60b-7ba5-a86bcad61fac
directors_6866,Q1304144,Q5233216,q1304144-D3EF8D80-468D-4016-969D-82DAFC9D9478
directors_6867,Q1304536,Q453371,q1304536-D07AA32A-B8AE-4D45-AA2A-B10AD8D482FA
directors_6868,Q130454101,Q21063420,Q130454101-646477a8-490d-3e61-2187-a6637ffa777f
directors_6869,Q1304619,Q5716496,q1304619-B715A544-2DAE-4B82-B34C-D7B5338C4749
directors_6870,Q1304632,Q3106623,q1304632-FAC558B2-2649-4BAC-8AB6-CDE8D72D28DE
directors_6871,Q1304675,Q114570,Q1304675-C166636F-B884-4ED4-AD9F-DE00611DA0E1
directors_6872,Q1304692,Q934964,q1304692-9DC6C87D-5C0F-46C0-BAF1-F9E3449C6952
directors_6873,Q130469717,Q118485,Q130469717-ed81744c-4175-0b5c-ed96-9e1f411560fa
directors_6874,Q1304731,Q2429535,q1304731-492AFCA1-E500-4DC3-95AE-C5446C56DC2B
directors_6875,Q130474889,Q85969648,Q130474889-61227ab7-4636-ece2-668e-d3390d2f7c3b
directors_6876,Q1304778,Q57614523,Q1304778-9423C511-32B1-4EC5-B02E-D47FBB078D24
directors_6877,Q1304902,Q1368300,Q1304902-C0FD2C14-8032-4C8A-A821-AA1D26DCC7A2
directors_6878,Q1304902,Q888535,Q1304902-BE78D8C3-3A14-41B7-8E74-8096DCE09D6E
directors_6879,Q1304948,Q358356,q1304948-41E51461-CACE-4642-94EA-16FD489FC362
directors_6880,Q1304955,Q975469,q1304955-E702C9BF-650B-4435-9906-36B1B4470E7A
directors_6881,Q1305119,Q527862,q1305119-CF1EC5BC-AAE4-4439-98B4-69804527485F
directors_6882,Q1305159,Q1387804,q1305159-CB5362EE-09A9-4A1C-B710-257F3584379B
directors_6883,Q1305207,Q113462882,Q1305207-947FE13C-DEBB-4374-A48C-46EF037737E7
directors_6884,Q13052524,Q18819941,Q13052524-89B4A33C-2562-400F-ABBD-0B505B77B6ED
directors_6885,Q1305259,Q1085734,Q1305259-039A0743-4C8E-482B-BED7-C4457DEF6570
directors_6886,Q1305267,Q491906,Q1305267-FB15CFA2-24C4-49F8-A8AF-65E36C908DCB
directors_6887,Q1305268,Q3080378,Q1305268-1bd4c6f7-4015-6af9-17ba-17e26b99ca9c
directors_6888,Q1305268,Q55430,q1305268-56E35BE9-A060-41FD-89F5-58985B5D45F6
directors_6889,Q130529726,Q3063690,Q130529726-e0c68172-d7f2-44c9-afe6-8894e7cd4a14
directors_6890,Q13053435,Q2362904,Q13053435-9F079CE5-1D7A-4C07-AE31-3C266EA03644
directors_6891,Q130543800,Q17523829,Q130543800-d45aa8fa-434f-98b3-6ab4-3e1b7dbfec97
directors_6892,Q13054389,Q4298610,Q13054389-0FD5FD9B-212B-4AA8-90EE-A8E705FF4491
directors_6893,Q1305463,Q103385,Q1305463-A870AA5C-A7A9-4811-AC92-BAC65CB71D50
directors_6894,Q13054960,Q13054936,Q13054960-9a080ba9-478f-f7e1-8009-cb78c49efbe0
directors_6895,Q13054960,Q16371604,Q13054960-36974888-FA62-4CBA-80B6-17F40A00CD04
directors_6896,Q1305595,Q95152547,Q1305595-A753E18F-5B76-4F49-B7E0-F7C998A5698F
directors_6897,Q13056826,Q5052814,Q13056826-A9660544-D6F7-431C-9717-9A6DC7226E65
directors_6898,Q13056826,Q983547,Q13056826-DF0DCB0E-F3D6-43B7-AC12-F4574615A4E3
directors_6899,Q1305746,Q504706,q1305746-C178E13F-EB3A-4E7E-B034-77A9D7BB24BC
directors_6900,Q13057674,Q6914286,Q13057674-5464bf72-4716-028a-4b7e-c4e0b5a7ed87
directors_6901,Q13057828,Q18217850,Q13057828-8BE907FC-F85D-424A-BCF3-4C9723E8527A
directors_6902,Q1305784,Q3298323,q1305784-5C0025AE-86CA-4377-A046-D1A013520FAA
directors_6903,Q13057909,Q7828854,Q13057909-0A6B8B91-7C12-45A2-BF96-108930B6A119
directors_6904,Q130582136,Q114898997,Q130582136-fdbc2d38-44e4-e3bc-927f-9fee56f3cda7
directors_6905,Q13058745,Q97823887,Q13058745-21AC3D64-C578-412F-8101-873B47D1DF31
directors_6906,Q13059695,Q117848490,Q13059695-6F530307-5BC4-4253-A64E-2EA3D537D8FB
directors_6907,Q13059702,Q3346041,Q13059702-9E7B28EE-DAE4-4846-B11C-852CCFAAFB29
directors_6908,Q13060281,Q21004791,Q13060281-99027F5F-6AC0-42B1-9974-A7CC99667310
directors_6909,Q1306265,Q51577,q1306265-786B7548-22BA-4B7E-BE4B-485DBE12A49B
directors_6910,Q1306297,Q431435,q1306297-604A4767-5DD9-48F1-8BEE-43D6A625C83B
directors_6911,Q1306433,Q1901804,Q1306433-0AAE710C-2252-43FE-8AC1-70416BAFDA92
directors_6912,Q1306451,Q232273,q1306451-08C65BC5-5A8F-4A47-9AE1-E2E11002466E
directors_6913,Q130645238,Q7388679,Q130645238-153e21d3-7b35-4451-af22-ae44254e82ba
directors_6914,Q1306527,Q962552,q1306527-E8600449-E357-4F4F-AF08-339BE8EB5589
directors_6915,Q1306553,Q55431,q1306553-F7A3742B-3033-41EA-98F2-14DFFDB47515
directors_6916,Q1306557,Q365616,q1306557-1DA97B30-DF80-485E-8DAE-C0444ECBA599
directors_6917,Q1306685,Q104744,Q1306685-7239c1e9-4f18-9c9b-4441-c661ada17b6c
directors_6918,Q1306776,Q3161747,q1306776-C5A6AA89-6819-41E9-9F62-39025F76A6A0
directors_6919,Q1306792,Q111195228,Q1306792-7bab9d4d-4ab8-86ce-b0dc-a699e48fcb5a
directors_6920,Q1306792,Q4979008,Q1306792-BDED0A03-4BC1-44B9-BD27-5B2DBE110F6E
directors_6921,Q1306837,Q51516,q1306837-FD2A39F8-B587-4995-B3C7-A1E6DA10379A
directors_6922,Q1306840,Q236148,q1306840-F9362F59-09E4-43ED-B298-8587336C35C7
directors_6923,Q1306876,Q97578143,Q1306876-6b540968-4d30-7a4c-9b61-f44c83aafdbe
directors_6924,Q130741462,Q95224077,Q130741462-4fe2ae69-4595-7a98-2918-e13703f3ce8d
directors_6925,Q130748647,Q1267727,Q130748647-b17807f9-4b0c-4f3e-e51b-f23e2d6616f3
directors_6926,Q130748709,Q10829372,Q130748709-3695c5d0-4a6e-6695-367f-b3208a63774b
directors_6927,Q130793219,Q117862739,Q130793219-ded626b5-4cee-dbbd-2b25-68376cb705c0
directors_6928,Q130793219,Q1225,Q130793219-d8c123bb-451b-fd4c-62a0-f4bde0951233
directors_6929,Q1308367,Q65966402,Q1308367-5BC76BF6-E88F-4992-9394-C33B79817FC0
directors_6930,Q1308548,Q15429340,Q1308548-52347642-4EA4-4051-9895-9E8A519D19AD
directors_6931,Q1308592,Q457124,q1308592-446F1714-62CE-4334-B933-597CA523B328
directors_6932,Q1308652,Q113450137,Q1308652-EA3E6C0E-D278-45D0-BCB8-8B7238D96373
directors_6933,Q1308652,Q113450138,Q1308652-0B1E050A-834B-4939-934B-67E5992573D4
directors_6934,Q13091441,Q13096502,Q13091441-44CC2B03-2F24-4556-A805-1A36F64DC2EE
directors_6935,Q130937912,Q3607378,Q130937912-1a9f8728-4b0f-72b1-5ab1-4a2856649196
directors_6936,Q130952,Q36475147,Q130952-7a5c161c-43f9-9479-d360-52ab09ab26f5
directors_6937,Q13099348,Q129619,q13099348-10d5fc39-462f-161b-43d1-10efe7d65d8f
directors_6938,Q13099407,Q6386750,q13099407-C00E060E-CC18-453A-97D9-B85051019CB9
directors_6939,Q13099455,Q18148710,Q13099455-35D5FDE2-EC78-4882-A620-759F6B117B3F
directors_6940,Q13100383,Q493288,q13100383-D59EC429-7807-438E-BB2B-EFF3AE6F7233
directors_6941,Q131005410,Q10829372,Q131005410-2afea44e-4364-06b5-81d5-b270d27d6d98
directors_6942,Q1310131,Q18683957,Q1310131-221D45D4-8248-4C12-A4F3-65AF3A51990B
directors_6943,Q13104396,Q15117996,Q13104396-c6701807-4eec-076e-1d1b-df4d1e538ce7
directors_6944,Q13104914,Q15142100,Q13104914-06E24C53-F805-4CDB-A900-3AB1C77A5FFE
directors_6945,Q13105184,Q23781187,Q13105184-bec25e55-4fd2-bf72-d8ff-d121c27044b3
directors_6946,Q131074,Q4465,q131074-444BC933-61EA-4F48-8792-F7ADCF0B632D
directors_6947,Q1310893,Q352030,q1310893-B7F4C2CE-F520-4CF2-AABC-5E7F02C9228C
directors_6948,Q13110256,Q48929866,Q13110256-37B44A93-F542-46F0-B768-E813054228A4
directors_6949,Q13110569,Q12072216,q13110569-F9A4A956-F841-4EEC-B284-4D4F3F3CCFC8
directors_6950,Q131108318,Q6344324,Q131108318-73746ad1-4fff-0257-9c83-583f2aff745c
directors_6951,Q131108384,Q15410149,Q131108384-78ad88b9-4247-bfb5-2867-a15c979357de
directors_6952,Q13111537,Q5657405,q13111537-3F170954-EB8E-4E12-8673-D72E73571392
directors_6953,Q13112142,Q29534122,Q13112142-F26AE8D1-6D5C-46EA-A7F8-312DD848C250
directors_6954,Q13112816,Q6289570,q13112816-7A4B2BBF-FDA2-448F-8238-A9D01BC92C74
directors_6955,Q13113849,Q6355357,q13113849-C3136263-4660-4BA6-B0DA-F4D85802E96D
directors_6956,Q13114183,Q13564577,q13114183-284B37F7-4B3F-41AB-8701-6A1C8D6398FB
directors_6957,Q13114578,Q2280863,q13114578-D5A764D7-8E5D-4862-9B2C-01D2BD4A6179
directors_6958,Q13115187,Q4662709,q13115187-9E82F4A0-10DD-4762-86FC-22707415AD9B
directors_6959,Q13115261,Q16248092,Q13115261-852DED71-38E9-48E5-8AAD-BA30DF2B4B44
directors_6960,Q13115285,Q16216689,Q13115285-B4FCCC2B-7A2B-4C64-8DF8-744962C6C5F7
directors_6961,Q13115833,Q5997479,Q13115833-70A36632-9366-4962-8231-FD17936F8B1A
directors_6962,Q1311676,Q1351937,Q1311676-19519FA0-ED05-4236-AF0F-5F4B70DD0A50
directors_6963,Q13118182,Q7631744,Q13118182-3dacc78d-45d8-f77c-5904-9bce5f01434b
directors_6964,Q1311890,Q334242,q1311890-3FE787CE-6755-41B0-A28D-467324FBCE01
directors_6965,Q1312200,Q3099599,q1312200-4DA5DA38-D323-4663-8097-54B798810698
directors_6966,Q1312427,Q6387669,q1312427-CA307C89-4E8F-4443-98B2-364D36CAC28B
directors_6967,Q131273626,Q23947040,Q131273626-764d9972-42da-4d4f-bd4d-26ca5c96db78
directors_6968,Q1312757,Q3181726,Q1312757-c0cd974f-4c2e-f946-fc5a-135aaaed23bc
directors_6969,Q13127774,Q1892607,Q13127774-E1FBE32F-49F1-4B4F-9177-E23D8D26C0BB
directors_6970,Q1313095,Q113496210,Q1313095-10249BF1-BDAC-4FAC-BD4B-F25BB8F4AD95
directors_6971,Q1313453,Q981853,q1313453-513eb272-49a6-6fb4-dc03-9ea2a175619c
directors_6972,Q1313498,Q1732038,Q1313498-9C9C3080-E57C-4594-AE2F-B2E4C086E7D0
directors_6973,Q13135261,Q24061149,Q13135261-3BB0D480-1147-403E-9445-EF8D6399B8D5
directors_6974,Q1313530,Q237659,q1313530-1E46BA86-0495-4481-ADCC-DCC04DB609D1
directors_6975,Q131376448,Q5387533,Q131376448-8f3211f1-4764-12df-4909-276d364f4f25
directors_6976,Q131377967,Q10742845,Q131377967-8c245d14-4c88-4ea2-bff5-5227dd691471
directors_6977,Q131390,Q139890,q131390-DE607140-B035-4439-AFAB-03921B83CE7D
directors_6978,Q1314107,Q4707232,q1314107-881F719D-62F8-4638-A3C5-F541EFD8953A
directors_6979,Q1314107,Q5442170,q1314107-C2C33797-B3C4-4D19-8E64-997A95FA9594
directors_6980,Q1314206,Q98096305,Q1314206-905b9b4d-4967-17d0-a395-3523864cec70
directors_6981,Q1314212,Q369485,Q1314212-47F37D52-3F31-48F1-9D7B-54799C8733C4
directors_6982,Q13142558,Q594382,Q13142558-5C5AC85F-4A18-43DF-94A0-7C8EEB257632
directors_6983,Q1314279,Q19867131,Q1314279-19D58B91-7E26-4547-ABDE-2120D71E71D6
directors_6984,Q131446213,Q11616890,Q131446213-f07c8884-4313-5a0b-4b7b-9c7fbe253844
directors_6985,Q13152993,Q4746854,Q13152993-CE7B1A23-09A3-4675-B0BA-3C4828881F8B
directors_6986,Q131531679,Q101423061,Q131531679-aacafb48-43fd-3b4c-bb75-2c1783aed26a
directors_6987,Q131541469,Q73984041,Q131541469-6f5e2516-4efa-3aa4-913a-b23fa699600c
directors_6988,Q131548543,Q130651559,Q131548543-2cb02511-4270-b3f0-1b58-170cd25737ee
directors_6989,Q131553531,Q125129664,Q131553531-045F899B-7473-4CFB-A086-9FB99995FF0F
directors_6990,Q131566747,Q126683181,Q131566747-abc57ced-451b-7538-5205-38644c45c1e2
directors_6991,Q131566782,Q11036795,Q131566782-338e0b4d-4cdd-bce8-1ebb-f46ce0883d4a
directors_6992,Q131577055,Q5568161,Q131577055-f670d78b-4e7b-4d93-1b92-48d8c7d072ae
directors_6993,Q13158079,Q7399809,Q13158079-63C68DD6-708A-4A91-9DEC-858087AC5C6B
directors_6994,Q13158085,Q48700547,Q13158085-D1EF6E6B-EA51-4DD8-AA02-129CBF3AE8A7
directors_6995,Q13158212,Q6379310,Q13158212-8E9597F1-9869-4E10-B7A3-C5467B383EBF
directors_6996,Q1315829,Q27150910,Q1315829-75820919-4779-4DC7-8533-701C8D4B8059
directors_6997,Q13158470,Q7240116,Q13158470-2DB6B65D-B203-4AAC-9523-85C0A05A7502
directors_6998,Q13158986,Q7286024,Q13158986-7D87A0D9-DDE7-4316-8693-88C177DFAA58
directors_6999,Q13159025,Q11218139,Q13159025-E18800D1-8AFA-4006-B33A-DC726E9484FB
directors_7000,Q13159080,Q7377749,Q13159080-8F65CBA9-AC8C-4B49-99CB-382B08F3BA5A
directors_7001,Q13159326,Q7387719,Q13159326-C19A3E6E-85D3-4D0B-8A06-8640CD5D5DCB
directors_7002,Q13159418,Q23808678,Q13159418-75BCCEEE-874E-4D3A-8B67-2D9FAF5C5874
directors_7003,Q13159905,Q11218139,Q13159905-722FCB58-4700-4C51-AF89-11B076B2FCF3
directors_7004,Q13160774,Q20740639,Q13160774-54A89043-DDD5-49F8-BEF1-464AB3F08E06
directors_7005,Q13160861,Q16746547,Q13160861-13155077-AEC8-455D-A863-AAD056A968C1
directors_7006,Q13161451,Q16201448,Q13161451-7296184F-CDAE-442F-9745-EF2EC8B75055
directors_7007,Q13161775,Q3535762,Q13161775-8229965D-6681-490A-9E55-611BCC7A445A
directors_7008,Q131625916,Q115063302,Q131625916-a54abf40-405b-fa5d-abc6-0417d1b5a751
directors_7009,Q131629516,Q107641139,Q131629516-16f5b0a7-4911-532f-d77b-be3024acde0c
directors_7010,Q131629585,Q109391019,Q131629585-d3c83451-46a7-d652-e998-1a0038c7fcc2
directors_7011,Q13166185,Q513422,q13166185-CFE30A96-DB66-4116-BEA2-68D59641EC52
directors_7012,Q1316883,Q3564451,Q1316883-8BE0D700-410E-4F34-9F3A-FFDF0C34F549
directors_7013,Q1317743,Q529803,q1317743-4B49C762-FAD5-493D-8399-17B03BE15A35
directors_7014,Q131864,Q103646,q131864-87DDF317-4161-455E-BB89-97160E44EA8B
directors_7015,Q131872441,Q26255290,Q131872441-06579ab6-48e8-a53f-bf76-0ccbc4d6b917
directors_7016,Q1319632,Q4961933,q1319632-84F13063-71A8-4B48-A2EA-0E4CC5CAA094
directors_7017,Q1319856,Q1579416,q1319856-ae636cb2-4d82-bc6e-9148-5671ef08ddf1
directors_7018,Q1319945,Q1058003,q1319945-E9DB5F89-B834-48BE-939D-240B7CF56329
directors_7019,Q1319963,Q232052,q1319963-3632814C-588E-453F-A630-2A575E4AED1E
directors_7020,Q1320016,Q3365439,q1320016-60F66815-B2E0-44CB-8AEC-3C886A6CDC40
directors_7021,Q1320026,Q3502069,Q1320026-FA78FFC5-6EBF-4CEC-9777-30B55F5CF1EA
directors_7022,Q1320039,Q113547629,Q1320039-9FA2DE34-DFCB-4EF8-B096-85035D3B9A31
directors_7023,Q1320336,Q1209738,q1320336-2AC6291A-3163-4E45-9760-3EE2D038A07D
directors_7024,Q1320416,Q1494914,q1320416-7D11282C-AC4B-4F2F-9AB8-7FCC47B08DFF
directors_7025,Q1320713,Q3980944,q1320713-DC0D1DB2-500C-49C7-AE05-F050888A36AB
directors_7026,Q1320806,Q528132,q1320806-3335457B-2DF9-4843-B442-884A187B6D0D
directors_7027,Q1320875,Q270178,q1320875-4671F082-FA9B-4BDA-9F28-53D2AB32A189
directors_7028,Q1320949,Q309950,q1320949-B8B7EC6E-D162-4A5B-BA68-2D245E45BC54
directors_7029,Q1320997,Q428815,q1320997-C6B1300D-577D-41C2-950C-B5685D24E3EE
directors_7030,Q1321004,Q25089,q1321004-1DAF0A28-0B7A-4237-9554-FA8596F3805D
directors_7031,Q1321023,Q3645498,Q1321023-0b0cd8f2-459f-ab5b-4dee-ad76f4c20adc
directors_7032,Q1321023,Q5637614,Q1321023-12005bcf-406d-a2dc-ea52-82c2c6837059
directors_7033,Q132128106,Q68098810,Q132128106-7a52f92e-47c5-65cc-604d-8b44e08b5646
directors_7034,Q132128237,Q16755931,Q132128237-ad4dba33-491c-278d-a3e9-4b4c5d5da3be
directors_7035,Q132128277,Q123613880,Q132128277-61dd54f3-4452-5cb0-1596-3a640e962692
directors_7036,Q132128305,Q113202540,Q132128305-254c8ebd-401d-4c98-af4f-c8f7af4cc0e1
directors_7037,Q132128305,Q132128315,Q132128305-b49ba234-4eb7-4766-ccd9-36e17c75167a
directors_7038,Q132132986,Q119311425,Q132132986-4439c24d-4234-1989-8fae-e75d8f243614
directors_7039,Q132134,Q21592537,Q132134-13746827-1CD6-4C5C-9BDB-A8B2334A4BA7
directors_7040,Q1321370,Q1631627,q1321370-26EE3F55-4391-45A6-8577-56C88936EC7B
directors_7041,Q1321370,Q72847561,Q1321370-b229217d-4e41-8460-867a-f4d2140ada0e
directors_7042,Q1321387,Q170574,q1321387-949DE7C1-90CD-4AD5-9DD3-EF6834851C53
directors_7043,Q1321406,Q960141,q1321406-8F2D30EA-09BE-4785-8996-E516B219B247
directors_7044,Q1321503,Q51559,q1321503-A688563F-E6F8-4B6C-98E1-C91DFFEC3A83
directors_7045,Q13217284,Q471552,q13217284-54302887-DD6E-49A1-9F11-E123D8E200C8
directors_7046,Q13218136,Q21067378,Q13218136-e3e3a8b4-482b-4a0f-9409-37489d5f9cbb
directors_7047,Q1321814,Q2525348,q1321814-57C7F02E-4672-4AA1-8959-794F27B74C54
directors_7048,Q13218237,Q461079,q13218237-10FD8C1D-9222-42E7-946F-A1A12C6A569E
directors_7049,Q13218260,Q740758,q13218260-2F6C49B9-23D7-4E3F-B19D-14F0639A44E4
directors_7050,Q13218545,Q106284061,Q13218545-5A0C725F-9401-4123-8CFB-D1FBF5FC5873
directors_7051,Q1321885,Q817657,Q1321885-4FDCA96D-CA60-44BF-AC58-265BA5EE59AA
directors_7052,Q13219141,Q2131762,q13219141-4D5AB089-087C-4545-A8F4-156EE8D320CD
directors_7053,Q132192836,Q5568161,Q132192836-5a86e02c-47da-af2f-0405-300e1dd4cd8a
directors_7054,Q132192837,Q5568161,Q132192837-286f498a-41d2-8d88-da53-80e1222c49e6
directors_7055,Q132192838,Q5568161,Q132192838-aef6eabb-462a-7ecf-cf5c-7690d64e80de
directors_7056,Q132192839,Q5568161,Q132192839-34688d2c-4d5c-95ef-c83a-0eefc42ac8ca
directors_7057,Q13222089,Q3099599,q13222089-2D0B9892-2DE9-427C-8B57-20563A23074F
directors_7058,Q132245,Q19666929,Q132245-2293A7BB-08A7-4772-B504-B481FCE3ECEA
directors_7059,Q132245,Q7437478,q132245-F0FDDFF4-50D4-4E03-97F8-35E262C41503
directors_7060,Q13224620,Q13218104,Q13224620-EE60FD21-EB65-46C0-A442-1EF2D58F8DEF
directors_7061,Q13224625,Q3176432,Q13224625-3bf967af-4609-a008-951c-608305aea539
directors_7062,Q13224669,Q64172378,Q13224669-84BE8408-2B7A-4B80-8A70-37C7A94FD264
directors_7063,Q132266,Q1181116,q132266-11925CA7-530D-48F3-8C0B-36BE9D8FC334
directors_7064,Q1322664,Q2623963,q1322664-6A5AAED3-414F-48F4-BCBC-C096269C6016
directors_7065,Q13226899,Q16965918,Q13226899-7A06C3C4-0C66-4D68-A616-4760BBD43444
directors_7066,Q1322844,Q702326,q1322844-686BB343-19EB-4039-998D-700700DA7F7B
directors_7067,Q1322906,Q944459,q1322906-0E7924D8-51F4-4EA3-BCB5-6A5D76DFFE9E
directors_7068,Q1322943,Q295445,q1322943-959E6139-0AB3-49AF-9F83-3258B4FC8261
directors_7069,Q13229518,Q459541,q13229518-2243E2F0-8C05-419C-BF09-80B3051E6450
directors_7070,Q1322981,Q709076,q1322981-CC5C7EF3-C528-42A9-81C0-65BC3EEB11E4
directors_7071,Q1323227,Q113462884,Q1323227-7D116AE9-7818-4D7C-B70E-1FA4842A076B
directors_7072,Q1323303,Q3189167,Q1323303-072c4dae-4f6b-c894-eb79-7b2c35b05383
directors_7073,Q1323419,Q2544686,q1323419-658698D1-6E6C-4B88-A895-DBC57F4EA60D
directors_7074,Q1323500,Q1375852,q1323500-882BEA3D-E2CB-4940-9402-B0D3248C1668
directors_7075,Q132374,Q4718041,q132374-F0051ECC-F21A-484F-8353-72D2DE2ADEF3
directors_7076,Q1324090,Q1273499,q1324090-3DE816F6-59FD-4B6A-BF39-E0B820005C3B
directors_7077,Q132434327,Q47399253,Q132434327-29694f86-4dbb-0489-71a5-d88a8e0279cb
directors_7078,Q1324517,Q2063572,Q1324517-D39677A8-F28A-4856-9D3A-DDEA1DB82AB5
directors_7079,Q1324620,Q298255,q1324620-294EBD58-DB7F-4602-8BC2-D9EAF8889014
directors_7080,Q1324620,Q4408,Q1324620-91179605-4578-39d4-11c4-91a283730a77
directors_7081,Q1324641,Q1708588,q1324641-CAF5AD08-8D29-4645-87C6-9BC765A192D6
directors_7082,Q1324705,Q6123711,Q1324705-70a360a3-4ddc-76c3-0b89-f74638919dd7
directors_7083,Q132500957,Q61109943,Q132500957-b793dd65-4d67-07af-3567-549bdc8e1102
directors_7084,Q1325503,Q941532,q1325503-14CC8934-9D1B-41CB-8E20-16BA3CE8F3CB
directors_7085,Q1325503,Q966754,q1325503-8B70C453-BD91-4F0A-82F0-2435973F3C41
directors_7086,Q132553201,Q5638185,Q132553201-f7e10012-4550-88c2-f654-f0304ef63345
directors_7087,Q13255497,Q55215,q13255497-1C5090BD-5BB0-467A-82F1-3091940CD5D4
directors_7088,Q1325815,Q722352,q1325815-0A64AF02-3BC5-4E65-82F7-7F2EDCBD717D
directors_7089,Q1325828,Q967182,q1325828-B538239F-83BF-4F72-B732-753358494132
directors_7090,Q1326153,Q3428903,q1326153-610FBB3D-F051-4BA2-A286-BD69A05FB045
directors_7091,Q1326380,Q232273,q1326380-DE74CA1B-0C0B-4805-9B58-7C3026D258DB
directors_7092,Q1326419,Q2867634,q1326419-408D8BE1-6275-45FA-9EC0-DACCEE34D54D
directors_7093,Q1326554,Q348885,q1326554-435CA4D1-3EDE-4F3B-85AD-802B71D6D18E
directors_7094,Q132690387,Q131872389,Q132690387-e15d9096-4a94-e63b-078b-4cb15fe1f019
directors_7095,Q1327078,Q507972,q1327078-3A7D4C50-8643-4884-9A82-BCCD085CE51F
directors_7096,Q1327370,Q521262,q1327370-6CC1D263-4ED7-489A-8365-3DAF566F073C
directors_7097,Q1327671,Q347950,q1327671-8BD1A7D1-D066-4604-8329-B489426E64DE
directors_7098,Q1327845,Q236148,q1327845-3E0B2677-04E8-4F7F-8BC3-DF2E503134D6
directors_7099,Q1328286,Q463540,q1328286-F226E3BB-C26B-4527-9A4F-0F1ECF513678
directors_7100,Q1328559,Q113623171,Q1328559-216BF921-532A-4383-97B4-1BEDAB12A9B4
directors_7101,Q1329381,Q1323347,q1329381-8E0DEFB7-9DA2-4F9C-8E52-414BF8F91A00
directors_7102,Q1329527,Q1745266,q1329527-D36C60A3-A80F-4024-A68C-19FA94C7EC47
directors_7103,Q1330571,Q287607,q1330571-136E99E5-69F8-4C5C-911F-8221638538B0
directors_7104,Q1330582,Q125904,q1330582-F88322B9-7FEA-4FEF-A863-2589B9CEA52A
directors_7105,Q1330845,Q1288519,Q1330845-6FEC4FC9-7713-4DA6-A23B-A4A427692FB3
directors_7106,Q1331014,Q2318350,q1331014-43E8E4AD-F2CF-4075-988E-FE57FACC9319
directors_7107,Q1331329,Q5268203,q1331329-8CE6B182-805C-4A1E-BAF5-A048B35D7E81
directors_7108,Q1331978,Q185421,q1331978-C450A8F2-5D8E-4CC3-9EC4-144AC1BD7443
directors_7109,Q1332163,Q3952829,q1332163-106BCCBB-2038-4677-9643-56A845EA5DB7
directors_7110,Q1332174,Q13634387,Q1332174-8AA1B04B-A11B-4C38-B8E5-5297F5DC6CAC
directors_7111,Q1332183,Q777790,q1332183-B0530886-47C0-4E98-A45D-FE0F6209CBB6
directors_7112,Q1332469,Q960885,q1332469-760C5D09-EE56-4EAA-BBD8-41F2F29DEDFB
directors_7113,Q1332491,Q1084396,q1332491-A02BEB2C-D661-46FD-AD57-53668899E0D2
directors_7114,Q133254908,Q1321044,Q133254908-9ad9ceff-4588-b914-51f4-3aafdee6e9bd
directors_7115,Q1332550,Q3121114,q1332550-E3642488-0E14-4A16-A3C3-C3E0D55977A4
directors_7116,Q133260496,Q131275976,Q133260496-c6a8b9cc-4c5b-5c1a-b8ed-ae1aab2e7cd7
directors_7117,Q1333199,Q1082448,Q1333199-8AC3712C-8E80-490B-BCEC-FE8E4E7F1AE3
directors_7118,Q1333403,Q5996503,Q1333403-0b658895-4894-8855-5621-83b34fbfe7df
directors_7119,Q1334320,Q1616772,q1334320-4694A9E8-DB3F-4B10-A434-6CDA4515050F
directors_7120,Q1334324,Q345838,Q1334324-F3868AA5-1871-4890-8429-E6ABFFDBDEF1
directors_7121,Q133442414,Q132175404,Q133442414-cd81349d-4e54-f811-b9cd-0a5bb54a8477
directors_7122,Q133449014,Q2439029,Q133449014-8860e852-471c-815a-b026-0228714c987e
directors_7123,Q1334550,Q433893,q1334550-C1011193-5258-4D5C-BE1B-AF788819A800
directors_7124,Q133464,Q823357,Q133464-6854A648-CFA9-476C-BEE3-847A3EA7AC3A
directors_7125,Q1334776,Q535708,Q1334776-90635063-A7C0-4150-9922-CE7AE0C6127C
directors_7126,Q1334930,Q316051,q1334930-42D40CA4-79F3-4E6C-B565-B44403800AD2
directors_7127,Q133502290,Q12240611,Q133502290-043c2f8b-4552-e12c-a1cb-7a7efc04be9c
directors_7128,Q1335092,Q12240468,Q1335092-f7644233-496e-661a-7490-454a40eee907
directors_7129,Q1335279,Q3532622,Q1335279-C8E74553-A736-4892-B5DE-95048718ED34
directors_7130,Q13360029,Q26904540,Q13360029-49BA5BA4-BEEE-40F5-86EB-8F5B7309D89B
directors_7131,Q1336293,Q1983058,q1336293-965A725E-66E0-4A3C-AB72-91B53145158C
directors_7132,Q1336326,Q1056063,Q1336326-b785d1d6-4f55-d1d0-5a73-477973c7cc2d
directors_7133,Q1336326,Q312944,q1336326-9C926F26-F6B7-4136-A127-688544B92100
directors_7134,Q1336344,Q3735652,q1336344-3c09c246-42a6-c3ac-3a31-4d420df7d8ec
directors_7135,Q13364726,Q717584,Q13364726-ABF312C3-F08C-490F-A3A1-F56BE61C40ED
directors_7136,Q1336622,Q2369877,Q1336622-1337C6DB-4BF5-439A-80B1-3AFB28B06E45
directors_7137,Q133696533,Q27671191,Q133696533-ccabd34b-41f6-9737-6caa-a142735ffcd5
directors_7138,Q1337009,Q2392969,q1337009-7459C85F-227A-451F-B9EC-DA442D87E106
directors_7139,Q13370392,Q6860510,Q13370392-DCBD1EA8-0CF5-44FC-9BFB-CC9820DD881C
directors_7140,Q13370821,Q1683688,q13370821-13f3a9a5-4b31-ae3c-603b-b99e1c6d329e
directors_7141,Q13370925,Q13534431,q13370925-9DE94EF0-7772-4C51-8809-3563F0CB3FCC
directors_7142,Q1337306,Q944198,q1337306-22182B95-A7E1-4D52-BBC6-3134CA221BB5
directors_7143,Q1337415,Q4498115,Q1337415-45660E5A-3489-4932-B424-84A31291D6F1
directors_7144,Q13374569,Q7437478,q13374569-E4E3B140-AF8A-4044-BAB1-DB9AC4C86D8B
directors_7145,Q1337485,Q318712,q1337485-B63F203C-433B-48B7-BE87-E28A40CFB08E
directors_7146,Q13380361,Q15631781,Q13380361-D3FA9AB4-4FDE-4875-A23B-0A90C80E7266
directors_7147,Q13380366,Q388744,q13380366-CCE21435-AF2E-443A-AF30-D4ECA6D78282
directors_7148,Q13380371,Q241437,q13380371-5800E6D7-7806-44AD-B4FD-758CAAB70D61
directors_7149,Q13380375,Q17521770,Q13380375-601CF929-F538-46A6-B35A-1998E1CC92E0
directors_7150,Q13380384,Q2894493,q13380384-BE8DB035-4E0E-47CE-96B5-7596E799C5FD
directors_7151,Q1338266,Q452794,q1338266-9F3E8FCF-645A-4D27-B320-1F97896C1434
directors_7152,Q133829936,Q133833582,Q133829936-34d4b94a-4b7c-d8c6-51a4-aa0f772a415a
directors_7153,Q13383501,Q5237121,q13383501-074E1DF4-E35C-425C-B1E2-2E632CA84A53
directors_7154,Q1338368,Q193628,q1338368-4F2CEB95-93CD-40E3-A219-8B821CD80C4F
directors_7155,Q13385946,Q4207234,Q13385946-F794D60E-FD3B-42B5-95E4-F9B9BBC4EC85
directors_7156,Q133865582,Q108770737,Q133865582-fc008416-4916-9577-e458-b0168af086aa
directors_7157,Q133885811,Q27630796,Q133885811-e97b1f6f-452a-0979-ee76-e2dd5318fdf1
directors_7158,Q1338994,Q965826,q1338994-5A474B7B-1A20-422A-AFDB-395957F65858
directors_7159,Q1339013,Q989586,q1339013-BA1585CC-A809-420B-9D19-DAA0FC318137
directors_7160,Q1339069,Q3440406,q1339069-6E3F7B51-D4BE-4AF1-A7CC-A75681635230
directors_7161,Q1339351,Q77734,q1339351-c2aa9805-4461-4790-7d49-1d1b1a2aaeed
directors_7162,Q1339386,Q3116203,q1339386-17712C6B-453E-4A15-928F-CCA5EECA60B2
directors_7163,Q13393950,Q15720731,Q13393950-703dd9c1-449c-9639-91df-34242bc02695
directors_7164,Q1339513,Q312088,q1339513-C79F2E2E-2F9C-4043-B6CD-6C9A6D9B72CF
directors_7165,Q1339876,Q125735,q1339876-26d2f181-4b85-b2ba-46e5-fca60fefacdf
directors_7166,Q1339911,Q431435,q1339911-A1206547-9A59-46E1-A41F-76B14EACC446
directors_7167,Q1340087,Q14073494,q1340087-FCA5724C-69D6-45C1-A9E8-FF8AD25A4AD4
directors_7168,Q1340087,Q14073503,Q1340087-e8d1a256-48ba-05f6-c1f7-aaa70aab0f92
directors_7169,Q13402780,Q7264634,q13402780-10a534f4-403a-a8b8-6ee7-edc03781d1de
directors_7170,Q13402879,Q1505289,q13402879-fd7c00ed-4d85-9f71-92fb-b411fdebd16e
directors_7171,Q13402879,Q1711048,Q13402879-4f1b9625-44a5-6361-eae1-557980428991
directors_7172,Q13402887,Q2209666,q13402887-115edf75-43de-1c29-7061-4b4fe4511979
directors_7173,Q13403118,Q99512220,Q13403118-5cb3f2b3-48bb-a332-503b-5b247b189e1c
directors_7174,Q1340390,Q1015952,q1340390-0B6702C9-424B-4008-B66B-FE30920C3036
directors_7175,Q1340423,Q319121,q1340423-B3AAF1E8-6A30-4608-89F6-AC98A4FC5E92
directors_7176,Q13405854,Q2314995,Q13405854-9222d432-4d8d-229e-e996-60f65ab59764
directors_7177,Q13406092,Q2545043,Q13406092-7A08AA13-57B3-4373-9738-BADB0FCA276D
directors_7178,Q13406147,Q12809430,Q13406147-8cd3a228-4379-bf96-5e0e-da0cdb545d7d
directors_7179,Q13407985,Q15069905,Q13407985-3b26300a-4948-b8b2-4a76-4add354fe9e2
directors_7180,Q13409586,Q3490932,q13409586-bf39cd6d-4d52-17c9-b465-ae919e8d0447
directors_7181,Q13410435,Q76147810,Q13410435-BB5255A1-91C2-4852-8E37-17A5F84376EB
directors_7182,Q1341116,Q5415132,q1341116-4CA9F5A8-07A2-4289-BA32-93CBECE1FC9C
directors_7183,Q13411282,Q95468740,Q13411282-45CC0DA4-D48E-4B22-B492-E22534DF39F7
directors_7184,Q13414839,Q18693149,Q13414839-fe79ac7d-4c56-0339-5890-4da81aab2e38
directors_7185,Q13417189,Q25191,q13417189-213eb681-48af-a80e-fecd-a3ff61638f1d
directors_7186,Q1341806,Q114126,Q1341806-DD633C67-8577-4F2F-98EE-7E76F3700F15
directors_7187,Q1341843,Q463540,q1341843-6B935530-8A3D-43EE-A7C3-FFC48636370B
directors_7188,Q13420173,Q113740339,Q13420173-53E22386-90FF-4DEC-9A20-90E88C87FFB2
directors_7189,Q13420995,Q51167162,Q13420995-9d4974c8-4aee-c297-8b2d-061105f17ca1
directors_7190,Q1342121,Q1138605,q1342121-FB41E1DB-DBE4-4394-B868-869EFB86845B
directors_7191,Q13422356,Q117562,q13422356-3A599D14-099C-40B5-88CD-62DCD908E45D
directors_7192,Q13422356,Q4662709,q13422356-8BAE45D8-8C83-47E6-B677-201BF263D811
directors_7193,Q13422356,Q4778056,q13422356-7B8117DA-0F69-468F-8DE8-959974E1F6E4
directors_7194,Q13422356,Q7409256,q13422356-66592ACF-D8F4-4BF0-B637-A68C4B1C4E42
directors_7195,Q1342267,Q728360,q1342267-EF8D9D53-F10E-4984-A624-5DEC84A19EB9
directors_7196,Q13423398,Q14593421,q13423398-C1642E6F-55F4-4E6A-B805-5D92E28DEBBE
directors_7197,Q13423399,Q15814128,Q13423399-52f045d5-4fd7-2f04-cd45-ee61b4df50ec
directors_7198,Q13423400,Q17091099,Q13423400-945D49AB-E4E5-4DCF-913E-FD4633366E68
directors_7199,Q13423538,Q3345860,q13423538-bfb6bc98-4b27-72e0-b0a5-6365327665ad
directors_7200,Q13423790,Q108047434,q13423790-1831BEB0-1FB1-4CAA-90CB-4520B9E7B3E9
directors_7201,Q13424008,Q53049,Q13424008-F359C4C5-FF91-49E6-B114-53B2F565DF6C
directors_7202,Q13424079,Q27910260,Q13424079-f980076a-4199-9617-8122-d164fbff2f3b
directors_7203,Q13424124,Q5252995,Q13424124-C5AFE468-597D-41C7-84B5-46C5F746A2AC
directors_7204,Q13424171,Q16526434,Q13424171-62660c3e-4033-144c-7661-15a93911d978
directors_7205,Q13424198,Q1907667,Q13424198-5FE8B3F4-12D6-4A87-98C9-A6C386380A6A
directors_7206,Q13424233,Q63491,Q13424233-E3453502-3C72-4EAC-8A76-212C2F6BD621
directors_7207,Q13424245,Q3847526,Q13424245-5b623bab-47bf-8ce8-bb8f-a052ba2019ad
directors_7208,Q13424932,Q270097,q13424932-4d589634-46e5-d3ad-ff90-0b0f836e788a
directors_7209,Q1342540,Q113586133,Q1342540-0D9F328A-E01B-4986-957A-6325C7CBE947
directors_7210,Q13425500,Q84116,Q13425500-0163C603-5ED1-4A49-9846-02932E43A621
directors_7211,Q13425894,Q13439312,q13425894-6ec60fdf-482e-5c82-36d9-6d23ee5170e0
directors_7212,Q13426372,Q15270257,Q13426372-82B09D9A-B1EE-4387-8763-5BBE0D67D1F0
directors_7213,Q13427541,Q5649511,Q13427541-4030C030-8FF1-46DD-984C-2E4ADC8D4CD2
directors_7214,Q134281968,Q123982273,Q134281968-735cb926-427e-ff71-3e90-6e13d845b033
directors_7215,Q13429057,Q60808733,Q13429057-8D16CD64-2B6A-4D5B-99D4-5A903FBA1386
directors_7216,Q134306023,Q133833582,Q134306023-3b29c41b-4817-2e87-e85c-b2dcd7b5543b
directors_7217,Q134306040,Q123982273,Q134306040-1d447b38-493f-c012-ff0c-12139a63b147
directors_7218,Q1343328,Q5445203,q1343328-09782E36-70C1-467C-B0B6-AE0C3F811D06
directors_7219,Q134337806,Q28675849,Q134337806-a8d5b234-472b-8905-83d0-8e21bbdbcd70
directors_7220,Q13433792,Q3377560,Q13433792-99F95E00-62EE-40E1-92C7-E307905EDDB2
directors_7221,Q1343478,Q287607,q1343478-5FFF310B-E712-4040-850D-6404955D3D7D
directors_7222,Q134350226,Q109438225,Q134350226-95c7c456-4487-93de-f847-0cdefef1a474
directors_7223,Q134350238,Q110477088,Q134350238-165d8036-4d05-f1f0-a287-4b1530258089
directors_7224,Q134350252,Q124660748,Q134350252-3611a070-4e21-b296-ebce-db18633e9b02
directors_7225,Q13435066,Q3765121,Q13435066-29FA2A15-0F26-4FD3-9EF7-48B3EA56CB9C
directors_7226,Q13435412,Q16535255,Q13435412-51ac522c-4433-024c-3945-add918f90a21
directors_7227,Q1343567,Q504463,q1343567-54CE8D46-F5F4-4401-9278-2B58DEE8D8E3
directors_7228,Q13435931,Q556294,Q13435931-def30e20-4784-1dfa-d344-f11f30a6bc21
directors_7229,Q13439455,Q90410,q13439455-0EF08993-9D32-44EC-8595-D6CA9B677E72
directors_7230,Q134405478,Q6102211,Q134405478-8cea78a8-428b-aeaa-3deb-7caa197954c1
directors_7231,Q1344190,Q2832952,q1344190-73632105-EAE5-4115-812B-AD974C7D9484
directors_7232,Q134430193,Q113447196,Q134430193-0a44b859-4666-638c-5d92-f2a4188c332f
directors_7233,Q134436647,Q15992080,Q134436647-4ff77687-46e3-34d1-0d63-5230b6e589b0
directors_7234,Q134445526,Q3633596,Q134445526-a784d66c-48f4-7dde-127a-76cd500a1e5a
directors_7235,Q134446202,Q19895109,Q134446202-29c38c19-4ed8-f8ff-9389-63378385e647
directors_7236,Q13446439,Q1999130,Q13446439-4CDD5848-3668-4A33-914A-1C76B7AD18D7
directors_7237,Q13446439,Q2545756,Q13446439-8373f87d-417d-802f-f4c3-a10d04ecd1b7
directors_7238,Q1344968,Q1932624,Q1344968-CD58623A-4B4E-4476-B6F8-6D330664463C
directors_7239,Q134498216,Q133269469,Q134498216-26649fc3-466b-8f1a-f0e6-38a0877a572a
directors_7240,Q1345077,Q350405,q1345077-369E2101-2E8B-43E2-9EAA-E26D135ED405
directors_7241,Q1345585,Q2679090,q1345585-1928FEA9-ED8A-4591-B2A1-F61D42C6CC99
directors_7242,Q134578140,Q136066994,Q134578140-c9893833-4aef-4462-396f-2f596c8a3a26
directors_7243,Q13459735,Q18202654,Q13459735-11e73f66-4d73-9a47-f425-216450736ec7
directors_7244,Q13460552,Q15144855,Q13460552-a941b701-420d-2a4c-e482-86a5aa3a70a7
directors_7245,Q1346062,Q232937,Q1346062-E215E196-9C93-4732-9CDC-4D326A152B4B
directors_7246,Q134607916,Q134549856,Q134607916-8612baa7-49c2-96a6-9480-3fd5fd7459f5
directors_7247,Q13461979,Q738544,q13461979-E1344B02-FC8D-4F57-8863-88050569219C
directors_7248,Q1346258,Q711022,q1346258-934E3413-2DA7-424A-9C51-EDF1705071A8
directors_7249,Q134631825,Q106840364,Q134631825-35705e50-4804-6886-bff4-c2a23c1c5b79
directors_7250,Q1346335,Q1679707,q1346335-4B597BB6-2CE8-47CF-9492-BE223AF2D1E4
directors_7251,Q1346495,Q939321,q1346495-36AB75FA-120B-4997-B288-44C5EE502F2F
directors_7252,Q1346535,Q224754,q1346535-827F68A3-7965-4649-A20C-40643324A4F9
directors_7253,Q1346583,Q2864976,q1346583-01B40579-E889-4225-B70A-9075ACDC41B5
directors_7254,Q1346729,Q14071638,q1346729-669e6703-4dc1-8b2b-3101-d158781d9595
directors_7255,Q1346729,Q14071714,q1346729-7c50119b-41e6-e1df-854b-444ddc007a66
directors_7256,Q13469360,Q13445909,Q13469360-33D03318-A359-4A51-9B24-B3320597844F
directors_7257,Q1346982,Q3014648,q1346982-4B751930-B1F2-4A79-8495-2378A6C1435E
directors_7258,Q1347019,Q231019,q1347019-79DC484A-9429-4CCE-B13A-12A9CD109D7E
directors_7259,Q134703540,Q590914,Q134703540-90f9fb2b-1f9a-4aaf-852f-56b40b4cbfac
directors_7260,Q13471372,Q212990,q13471372-7fd5dbec-4103-798f-cc94-4a758ee10e0b
directors_7261,Q13471819,Q6480060,q13471819-A8D6D998-F774-4097-8A40-A6A2E11FD85C
directors_7262,Q13472725,Q3846379,Q13472725-DC5C10A2-AAB1-4FF4-9718-32C14DDEBD01
directors_7263,Q13472766,Q772798,Q13472766-5EDB13D3-5C80-4F4A-A0C3-A4FB3EE0422E
directors_7264,Q1347393,Q223687,q1347393-A2E2DE18-3938-4D46-BF99-B9085B00F10A
directors_7265,Q13475505,Q10346485,Q13475505-A5460B99-4674-4C83-AE41-0EF2CE297DFD
directors_7266,Q13475510,Q7687790,q13475510-CE98588F-6F66-4F80-A1BE-C00B7FDFF4F7
directors_7267,Q13475554,Q727108,q13475554-495b9fff-4431-52e1-b16b-2c0c3fff86ea
directors_7268,Q1347609,Q434585,q1347609-72413E20-0EED-4F80-998E-0BEFC744BBB9
directors_7269,Q1347735,Q118822,Q1347735-80BACA9D-18A9-4AE3-940B-1081A511E196
directors_7270,Q1347849,Q2857813,q1347849-E6AE9CEC-34ED-45FF-A70E-BD08347F8804
directors_7271,Q13478742,Q3991382,Q13478742-D76631D0-8CD8-49BC-AC92-23A99EF863AD
directors_7272,Q13478818,Q1008412,q13478818-CFD990D6-0B9F-4589-9E94-97E9103D1CCE
directors_7273,Q1347959,Q3897544,Q1347959-6D2CE80D-CE5E-4165-AD5E-70B19ADBED70
directors_7274,Q1348501,Q1806188,q1348501-33da8dab-4684-a5e9-4e4d-bbfaf376d825
directors_7275,Q13486380,Q5724157,Q13486380-E14E4A89-AAE0-4B46-A63E-A45B4EFE189D
directors_7276,Q134913381,Q140165557,Q134913381-49e1466a-416b-441b-3337-433c749c8b1a
directors_7277,Q134931244,Q11539528,Q134931244-8A3D54D2-1690-47B5-B905-705DCF0089E4
directors_7278,Q1349363,Q113462885,Q1349363-278C2DBE-F881-406C-B86B-003D89473FA7
directors_7279,Q13497123,Q114904752,Q13497123-F69B1B82-678B-4295-988B-C60274A065C3
directors_7280,Q135002987,Q135002953,Q135002987-264c912f-4680-3e97-b31a-2423da6d07b5
directors_7281,Q1350521,Q219124,q1350521-E675BA80-2D5F-4898-9E10-B3A740A3BC0B
directors_7282,Q135094718,Q684569,Q135094718-c3461168-45e6-bfef-990e-9dd326352126
directors_7283,Q135106119,Q105081217,Q135106119-ebfce0e1-4798-6a2b-6754-a81bb0eaaada
directors_7284,Q135106838,Q4503044,Q135106838-eace8117-48d5-1b1f-b41e-a108f7645c90
directors_7285,Q135122618,Q106728391,Q135122618-c32beac0-487e-d597-4903-c6aadd667843
directors_7286,Q13512513,Q131360897,Q13512513-41D8B4AE-A010-46F8-8DBC-A8C9266397A7
directors_7287,Q13512523,Q503951,q13512523-BF566C1F-AA4C-4D18-AF38-D2FD93426361
directors_7288,Q135153025,Q114899285,Q135153025-8577d33b-4370-4161-cc0b-d533deb06aaf
directors_7289,Q135156,Q2031292,q135156-c5ea0be8-4ee6-f3d1-5ec3-e35b63ac7792
directors_7290,Q1351818,Q131349928,Q1351818-B8F7117A-97F5-431D-B506-CA0C6234E86F
directors_7291,Q1352085,Q286890,q1352085-8B3960AC-42EC-448F-8472-780E32DE8FAE
directors_7292,Q13522748,Q7494798,q13522748-25E7C155-4739-4841-8D56-F3E70F2B1F7B
directors_7293,Q13522749,Q4648046,q13522749-FB739F24-35BF-42D3-BF58-77F04BE84980
directors_7294,Q13522751,Q455129,q13522751-53A988E8-D791-4074-B4BC-56DCC9916FBE
directors_7295,Q13522753,Q4851055,q13522753-37D589A8-AE39-4C9E-BD2B-0E3CEC4AC381
directors_7296,Q13522754,Q7461020,q13522754-3845B3B6-182B-425D-99A2-CC5BCF1A3A5E
directors_7297,Q13522764,Q13522536,q13522764-D33E2F13-DB28-48EA-897D-6C8EDF10DA26
directors_7298,Q13522795,Q7613624,q13522795-A6201C07-3649-45E3-94A0-75A2D1CC93E1
directors_7299,Q13522800,Q547811,q13522800-01AC4A72-B61B-4938-B183-EC73C0B6D536
directors_7300,Q13522821,Q117844945,Q13522821-BEF14127-3CE3-426F-967E-45DE3F928F4D
directors_7301,Q13522822,Q7399012,q13522822-5BDCC8D5-CEE8-45B9-983D-B6530E257E8C
directors_7302,Q13522825,Q7387790,q13522825-10305264-8A0B-43FC-9801-380EABD59D74
directors_7303,Q13522827,Q7932048,q13522827-4F1304B2-DFD2-4FA8-B825-B1973E2D4F0F
directors_7304,Q13522836,Q707336,q13522836-CFF3FD06-CF0D-4CC0-8FC4-D490651A799D
directors_7305,Q13522854,Q7639214,Q13522854-FEFC4745-B643-4FC3-96E6-82C432F8B178
directors_7306,Q13522856,Q6104977,Q13522856-99244921-7F33-48F1-A34B-34EDD1FF45B4
directors_7307,Q13522857,Q2005037,q13522857-3C74D82A-5F38-4496-B538-1D3D2C23E368
directors_7308,Q13522859,Q171276,Q13522859-8B628B6D-BD7A-4C95-9409-C561A15C2FC2
directors_7309,Q135230,Q350422,q135230-351D9F04-23E6-4072-B1EF-959A86625CB7
directors_7310,Q135234,Q6426234,q135234-B94F8B86-125A-4E95-99F8-585666DC067B
directors_7311,Q135236228,Q684569,Q135236228-6d6b07d3-4d61-ad04-58fe-7e43db86587b
directors_7312,Q13524284,Q3741946,Q13524284-C9430372-C286-4562-B3EE-BDC2712B3D21
directors_7313,Q135248,Q977721,q135248-CA66E462-CA32-49D4-BF19-CDD2878C2BBD
directors_7314,Q1352631,Q8215518,q1352631-54AF8D5C-69DD-4C05-9ED1-FB288A417DFF
directors_7315,Q135298,Q11319,q135298-C5BD8197-64C5-4397-9C4E-8FE7102819E0
directors_7316,Q1353151,Q285856,q1353151-B8B4E1A3-98DB-49FF-80B7-62DAFC64F89B
directors_7317,Q13534211,Q114913760,Q13534211-859B0E36-D340-4160-AF62-8E837CDD7F55
directors_7318,Q13534379,Q8954376,Q13534379-248DAEF3-F18D-4A0D-B9C6-795A1F67D253
directors_7319,Q13534614,Q7488257,q13534614-AF28A046-289B-4225-BD5B-D9A777B5A03B
directors_7320,Q13534622,Q19957060,Q13534622-31BC0E0A-806C-4AB4-A0C8-BB4BE2442522
directors_7321,Q135353,Q523542,Q135353-BD4A2FE7-365E-4448-8036-7591F998A42D
directors_7322,Q13537456,Q84116,Q13537456-C4B17D8E-B628-4BC5-BFAF-639D90ADAF68
directors_7323,Q13537699,Q12768999,Q13537699-522D86B5-51C7-4DB7-8A57-6091E6D2A766
directors_7324,Q13537994,Q79003,q13537994-341dbae6-456b-e93b-d91a-65c800ecb0eb
directors_7325,Q1353813,Q1476756,Q1353813-90007163-C6CB-42E2-BF15-9A6F1BAF0C26
directors_7326,Q135401,Q1034094,q135401-ECF51D34-0EF6-4423-AC03-5F05C81FBC04
directors_7327,Q1354121,Q25089,q1354121-83659B74-BED9-45D8-97EE-6B017B9E86BF
directors_7328,Q1354148,Q259348,q1354148-E61B0458-ABA6-47BC-8FD1-A620E30A5A50
directors_7329,Q1354162,Q4066464,q1354162-C40DB98A-8497-4CA0-B02E-A8D611969DB7
directors_7330,Q135428,Q738410,q135428-6286DE4A-F987-4FBD-B870-0531019100FF
directors_7331,Q135443487,Q11356391,Q135443487-4940D98F-6E5B-412B-9543-2193EB8C2B4C
directors_7332,Q135443688,Q544820,Q135443688-5dc6a63b-4bba-cb59-d17d-284ff1772457
directors_7333,Q135456754,Q22252033,Q135456754-b782e278-484c-a49f-fadc-3e6f4e990c2b
directors_7334,Q1354617,Q16193745,Q1354617-44666519-7326-4B79-B8EF-2443A17F67FF
directors_7335,Q1354797,Q44247247,Q1354797-d5462fb9-4f8a-d43c-62df-86fe58cb2dcb
directors_7336,Q13548225,Q492515,q13548225-4023632C-60DC-4104-ABE6-B23C89F1845E
directors_7337,Q13548399,Q1223694,q13548399-4d688a6f-4b9c-5696-375a-95a9f69dbc5d
directors_7338,Q1354951,Q792338,Q1354951-048E7E63-0AB7-4593-A723-C33B2D1C73DC
directors_7339,Q1354957,Q1928104,Q1354957-75943B94-068A-4896-8523-37B67392762B
directors_7340,Q1354964,Q45292,Q1354964-c76484ce-4db8-00ed-5318-82aec8c759ba
directors_7341,Q1355015,Q285908,q1355015-8AD28D45-86F6-4ED6-863D-01E1A09E845D
directors_7342,Q1355055,Q595112,q1355055-FCF503C4-3136-44A8-BD3C-2165E555717D
directors_7343,Q13550796,Q16239524,Q13550796-375D8C53-8017-4B8A-B2E2-E108733FB6B1
directors_7344,Q135512070,Q7440840,Q135512070-a2904d61-4085-6103-37dc-1d8c843febad
directors_7345,Q13553802,Q193815,q13553802-26B8CC45-3E6C-4B10-9F8F-2F4644BF89CD
directors_7346,Q13553850,Q702326,q13553850-31509454-43A2-4470-BD8C-23088BF52A7B
directors_7347,Q13553872,Q3524589,Q13553872-3b7eee88-437c-f664-1e8e-afa5711379d5
directors_7348,Q13553877,Q14833406,Q13553877-56037378-2F63-42EB-926B-303D7ECF34A3
directors_7349,Q13553881,Q3193991,Q13553881-C20229D6-F6A5-470C-B143-E94D0DFBEC2F
directors_7350,Q13553884,Q113377786,Q13553884-5F94CE21-F5D4-4AE7-BD5F-6E8BFE37AF5D
directors_7351,Q13553885,Q3510258,Q13553885-D529A951-5CC9-4C2E-85D4-4765038CC98E
directors_7352,Q13553887,Q16028794,Q13553887-DF41734F-B26E-4F0A-A0D7-DA7685162513
directors_7353,Q13553889,Q17582593,Q13553889-537B2EFB-B0AF-4FC8-A303-47AEB78CA250
directors_7354,Q13553892,Q56194287,Q13553892-8C24DACF-95DC-4491-B8FA-D006788BFC3E
directors_7355,Q13553892,Q56194289,Q13553892-4B8AEF59-8F9B-4318-BD4B-FDED398C8F5C
directors_7356,Q13553893,Q3571647,Q13553893-6D037D9E-EBBF-4D2C-B917-83975F2BFF39
directors_7357,Q1355667,Q114026721,Q1355667-8F16BDFE-5D3F-46B4-B24C-46821036FCAD
directors_7358,Q13557451,Q2357826,Q13557451-E9F12536-CC04-446A-A83F-F2A86D78B07F
directors_7359,Q13557525,Q4106140,Q13557525-79C92B44-5481-46F5-9A8E-3947B2972861
directors_7360,Q13561018,Q2154158,q13561018-2801603C-44EE-4282-9FF7-B91A7246A6F4
directors_7361,Q13562077,Q2517993,q13562077-35D87E6D-8C17-4F47-807A-05EDC15B4330
directors_7362,Q13562643,Q465139,q13562643-0f20f666-410e-56c4-58d6-5de3649b6455
directors_7363,Q1356265,Q2031570,q1356265-33E9A4AD-DAB4-4224-AD02-B80E1EC7F07D
directors_7364,Q1356395,Q376130,q1356395-3A385ED6-D78A-40B3-B654-C4E37727F28D
directors_7365,Q1356402,Q282033,q1356402-455B6AF5-26D4-4F0C-8BF0-C1E13BEAB2F6
directors_7366,Q1356410,Q214677,q1356410-6FAECAFA-C5DE-4E07-959C-EC195E3E357E
directors_7367,Q13564151,Q3735652,q13564151-42f1a83a-4d5a-ee55-6ca8-a10ececc5b21
directors_7368,Q135644108,Q140422380,Q135644108-dbb9338d-4774-16be-ade5-ed441b873988
directors_7369,Q13564444,Q366242,q13564444-DC17A6B9-9C11-4603-AC6D-CAE80A9F3645
directors_7370,Q13564536,Q5968095,q13564536-9CAF4417-8970-4BDA-8A9F-71EF0F56555D
directors_7371,Q13564539,Q4765739,q13564539-4BBD4FFD-0783-439A-B2AD-9B35E514D373
directors_7372,Q13564557,Q18210547,Q13564557-C89D9722-82F4-4B7A-9DBC-6F9F1A6437DF
directors_7373,Q13564574,Q56257542,Q13564574-AA6DD327-244C-4FEC-95EE-EFD7BFC017DF
directors_7374,Q13564574,Q56257543,Q13564574-E453FBB0-E622-4307-8E12-D457D53B55B9
directors_7375,Q13564796,Q4777707,Q13564796-1C3703FF-DEBD-4494-9A0F-F45ECE149168
directors_7376,Q13564907,Q7285318,Q13564907-59E1635F-3D1A-4D37-9E34-4DDC46318BA8
directors_7377,Q13564956,Q20687395,Q13564956-6E2A3839-B915-4970-A087-0AA4C3BF3DEC
directors_7378,Q13567184,Q54104869,Q13567184-5d3270da-4d38-1665-d51d-2859a0d831ab
directors_7379,Q135677843,Q124660748,Q135677843-0fccf4cd-4989-5102-513a-5d6f298c6244
directors_7380,Q1356779,Q107404,q1356779-28A3D6AF-E190-48E6-974B-666158B3F787
directors_7381,Q135684401,Q16751759,Q135684401-4E065871-B0C8-4CEC-B8DD-AF6D4F59F29E
directors_7382,Q1357016,Q314342,q1357016-FD72F7DF-0AC5-420A-8A22-EEFFDE2AF373
directors_7383,Q135703904,Q96951201,Q135703904-b2d60b99-414c-7b64-51b8-61d750cf31f1
directors_7384,Q13571214,Q113489057,Q13571214-4C4D9DB5-E5C6-4CF8-B684-3F0C12533783
directors_7385,Q13571347,Q17121919,Q13571347-4758337d-4d1f-c548-bfe2-6761aae361e1
directors_7386,Q13571347,Q19776533,Q13571347-2F8873E4-3C68-4C48-9970-964F04A6AC0D
directors_7387,Q13571413,Q2952562,Q13571413-5102906a-43eb-e2ef-256a-a3ce667c1f22
directors_7388,Q13571589,Q40995697,Q13571589-B92E8687-2116-41BF-9949-886BBAEC4917
directors_7389,Q135728757,Q136384961,Q135728757-9040876e-4fcc-d5b6-f263-ed0195e44a25
directors_7390,Q13573278,Q607615,q13573278-1B612747-F796-4D81-A948-8FFB51E9982C
directors_7391,Q1357820,Q6124973,q1357820-38157822-50CA-4105-8942-C53EFE58E9BC
directors_7392,Q13580949,Q114554695,Q13580949-BFBBA74D-A67C-4736-B0D3-0E121CB3F995
directors_7393,Q13580958,Q459933,q13580958-CEC5ABE7-DC50-4DBD-AD4F-0FA163FC001B
directors_7394,Q13581284,Q6355357,q13581284-A7580372-25CF-4C81-A38D-B4EFABF62B02
directors_7395,Q13582546,Q1027551,q13582546-0FA7DCC2-7709-40DB-9EAF-7122E2CAAB63
directors_7396,Q13582568,Q188492,q13582568-C60FC337-ED6E-4E39-8995-379EDEB0C01B
directors_7397,Q1358271,Q318712,q1358271-C3CB7F4C-7DA6-4E41-9DC1-015FB4596D5D
directors_7398,Q1358540,Q371786,q1358540-0B96383D-3B6C-4DD4-A88F-1ADEE2CA8309
directors_7399,Q1358540,Q808769,q1358540-F2575384-24EF-4B7A-B3BB-37F2102F8537
directors_7400,Q13592706,Q470104,q13592706-3D49DFD4-AA4D-4986-A899-7B516FF4BE80
directors_7401,Q1359366,Q16221753,Q1359366-E948596B-B117-4901-86BA-FCAA31265FC9
directors_7402,Q1359366,Q17513204,Q1359366-CDFA10BA-918B-45F3-93FC-272886BC42A7
directors_7403,Q1359366,Q23761813,Q1359366-68B5E543-3955-4ED1-B7B9-5044E46EA85D
directors_7404,Q1359366,Q3527989,q1359366-0E3AA6EA-9218-4C7A-AF6D-84858AFC8C19
directors_7405,Q1359366,Q3771984,Q1359366-45CBC321-810B-4222-A2E8-9BB6EAD9AFD8
directors_7406,Q1359366,Q4679987,q1359366-EE7E4A19-8855-41A0-875D-19BEF3854881
directors_7407,Q1359366,Q5066376,Q1359366-F7ADB78D-EF22-428B-BF17-E0F069940D6C
directors_7408,Q1359366,Q6212564,q1359366-569A591D-1D95-45EB-8E72-0FEAE40C693E
directors_7409,Q1359366,Q6788348,Q1359366-D432A254-980C-4EA2-9306-7AC876FA212F
directors_7410,Q1359366,Q7281049,q1359366-DB210A95-EBB6-458F-9CA8-B629F8D69508
directors_7411,Q1359772,Q7035578,q1359772-3AE9EEB7-C893-4E8D-B16E-8B7FC2F8CB63
directors_7412,Q135985026,Q134584298,Q135985026-69252824-44d2-ab26-9be9-6fd606688c55
directors_7413,Q136027783,Q133833582,Q136027783-afc03296-4908-ce37-838c-fd0dd3d542be
directors_7414,Q136088497,Q134584298,Q136088497-755e8f44-4e88-3bb4-ac05-d66c55458073
directors_7415,Q136088770,Q134584298,Q136088770-0a4005e3-45d6-761f-8dab-ade906a17eb4
directors_7416,Q136094565,Q134584298,Q136094565-72454a72-4e53-c306-beda-0a066f7e5fa3
directors_7417,Q136094741,Q134584298,Q136094741-053185a7-47f4-a7d0-9a0e-c0c7764e3a28
directors_7418,Q1361018,Q724172,q1361018-8BB60CE6-00AD-420D-B2D9-78595C14C524
directors_7419,Q136106895,Q134584298,Q136106895-5ffdd880-4016-d851-30e2-76f63770e82e
directors_7420,Q136135958,Q133833582,Q136135958-5c2e08fb-4ea3-5695-6ac6-b228681ea3ea
directors_7421,Q136148046,Q134584298,Q136148046-36c8dfef-4487-0ed5-f853-e95f80cd3583
directors_7422,Q136174959,Q97660328,Q136174959-fa2dcef7-4adf-ec57-f4b5-31b500f73a85
directors_7423,Q1361897,Q1933304,Q1361897-4FCF98B9-4839-4435-B1D7-5F47BC66C298
directors_7424,Q13619743,Q20666333,Q13619743-1def3ab2-4ecb-1735-b7e6-ef36bfcb2d09
directors_7425,Q13619743,Q3384479,q13619743-E5BFD3AA-8042-4809-BCFC-7CA13322D137
directors_7426,Q13625315,Q2370267,q13625315-202E9127-E053-48B5-9DC7-0345D8A18CB0
directors_7427,Q136264,Q504503,q136264-B6C72B16-6035-475D-97B1-318A4AD48233
directors_7428,Q13627889,Q10390361,Q13627889-F92D09A8-D394-4366-9294-8379CCB268F5
directors_7429,Q13629026,Q11833417,Q13629026-0126a2ad-4ce7-e7d3-c162-e400660c55dc
directors_7430,Q13632074,Q3446294,q13632074-ADA25C56-6BF7-49A6-9E5B-0CC9EF507EF5
directors_7431,Q136323801,Q50082742,Q136323801-20117fd8-43a7-2cf9-51b6-30ddd8a7418e
directors_7432,Q13634022,Q14566057,Q13634022-613DE226-1B90-4A5F-819F-5D9C530BE4EC
directors_7433,Q136342926,Q124801551,Q136342926-4cf53773-4a51-5ed4-044c-b94bd5bc8564
directors_7434,Q136357145,Q19269216,Q136357145-562f0591-44f8-6f18-d9e7-4199de619f85
directors_7435,Q13635771,Q5004675,q13635771-3873C6D5-2689-475C-98C7-B29C4D26AE83
directors_7436,Q13636251,Q20016809,Q13636251-361A90EA-CD8C-4A07-8C7E-66E958028500
directors_7437,Q136376948,Q28003404,Q136376948-3a671861-490e-674e-5bee-3bf4c8630468
directors_7438,Q13637926,Q4834002,q13637926-A4BFFFF9-3D59-4A86-A1ED-3B4FDD90D2F8
directors_7439,Q13638116,Q2177130,Q13638116-74D88F70-BA93-45FD-9D95-07A67D109E21
directors_7440,Q13638153,Q6502995,q13638153-FE6DB9E4-2312-4C41-931F-CB20D3DE3D82
directors_7441,Q136391782,Q60079543,Q136391782-59831acb-44b7-bb4d-cdc4-953bb29179b2
directors_7442,Q136393383,Q95181798,Q136393383-506f5dec-4cdd-1e20-a433-1a637a8029a6
directors_7443,Q136393778,Q102363060,Q136393778-23060aac-4a53-b0f5-80b6-61e7cb8a26d9
directors_7444,Q136394063,Q136343424,Q136394063-6b661f01-4c3f-218c-6884-163f2548a0e0
directors_7445,Q13639692,Q2471177,Q13639692-03a21a83-4791-6d39-1822-41245ad6e4e1
directors_7446,Q1364029,Q2011694,q1364029-1211B45A-927F-4F08-8798-728185A4ECBA
directors_7447,Q13642208,Q113305126,Q13642208-5D2BB4CA-E6D0-4328-AAF6-FCE645A8A0A9
directors_7448,Q13642259,Q771774,q13642259-0AA83675-A829-4C8A-A699-02423235DE98
directors_7449,Q136431222,Q3768370,Q136431222-ca59373d-4b71-863d-e2db-c5433d75d8ca
directors_7450,Q1364349,Q721107,q1364349-6E010B16-3E5C-4899-BA4B-37BC0F447ACE
directors_7451,Q13645807,Q13912862,q13645807-ABA9EB3B-5D73-47F9-8783-38E9A45B7357
directors_7452,Q1364697,Q657354,q1364697-5BE81D07-9362-432B-A8A6-D66A20BF4B00
directors_7453,Q13648340,Q3136157,q13648340-5C0D1C44-1D90-4564-8AF7-0EEF63787A02
directors_7454,Q1364843,Q1316131,q1364843-4B489F23-302F-45D3-9D7C-C030B11E6B6B
directors_7455,Q1365,Q53039,q1365-8982AA77-2BE0-4918-925F-5E3993395EE7
directors_7456,Q1365106,Q1411603,q1365106-30ED635F-8264-4792-8CA2-F55AA5AEBE17
directors_7457,Q136531602,Q3059389,Q136531602-f941b4df-44d0-b5b1-1382-e4e16111040d
directors_7458,Q136537462,Q117088053,Q136537462-aa258064-415b-ab93-540f-cee7fa97e81b
directors_7459,Q136540298,Q98094095,Q136540298-f66253ff-4600-0e63-0e2a-c304448249c9
directors_7460,Q136541522,Q136547757,Q136541522-25027dbb-48c3-851b-7ced-a6ef6d39cbe1
directors_7461,Q13655408,Q10363433,Q13655408-48C61DB7-3C24-489F-9F4A-800A89F47483
directors_7462,Q136556677,Q345838,Q136556677-c209f5dd-45a4-a766-15a0-6873ebfe1f99
directors_7463,Q13655917,Q101288,Q13655917-581a5dd2-4be7-5070-f77a-47da554c074f
directors_7464,Q1365757,Q5249354,Q1365757-907B41D7-9F19-430C-83B2-90B2A20D3353
directors_7465,Q1365797,Q513632,q1365797-EF30BB99-6317-48AF-977D-BA8CB9656758
directors_7466,Q136607731,Q9066431,Q136607731-b2eddf5b-4d30-9598-0e07-4a4e56cac871
directors_7467,Q1366157,Q1077553,q1366157-92345945-F312-4B44-AD00-EE7794DFF879
directors_7468,Q1366157,Q6768895,q1366157-66B9E277-8292-4C77-B946-A3721A599043
directors_7469,Q1366321,Q3439747,q1366321-3181C53F-3BC1-48B0-AA3F-3B2C84E8363A
directors_7470,Q1366434,Q703727,q1366434-0734004D-9749-4BC0-8C44-0B18FE0BEFE7
directors_7471,Q1366454,Q816621,Q1366454-85c8a3de-4990-ed2d-c7c6-750043d40147
directors_7472,Q1366481,Q23636158,Q1366481-0fbd533c-44af-f49a-1227-798ecc5d5827
directors_7473,Q136652753,Q110290236,Q136652753-41a4780a-4e04-e113-dd1e-b5b071a8adf1
directors_7474,Q1366552,Q1482555,Q1366552-103EC384-D541-44EC-867E-CD26DAD194D3
directors_7475,Q136664202,Q10787589,Q136664202-d73081cb-4bd4-867b-8483-6a1c940f18bd
directors_7476,Q136688547,Q136689237,Q136688547-72f4e92f-4124-a091-16bf-ea91af773b9c
directors_7477,Q1366919,Q475703,q1366919-D99DD92C-0B40-4DA3-BCCC-07246B3C6C05
directors_7478,Q136695553,Q134752627,Q136695553-ace3b04c-4376-1eaa-f93b-7432e6f550f0
directors_7479,Q136719,Q23761604,Q136719-4630D2DB-FF73-48D4-9BA2-7CB5B7887FD3
directors_7480,Q1367317,Q944459,q1367317-0F523DCF-6553-4BF0-8F76-483564988BF6
directors_7481,Q13674499,Q11436398,q13674499-D2BB8637-1BA7-49E5-9CD5-1D84ACAF1E9C
directors_7482,Q1367647,Q95125,q1367647-64DBB11B-C5B7-42A9-B57F-C60804C01D4A
directors_7483,Q1367663,Q993973,Q1367663-7AE44A45-8C5B-4E19-890A-6311CF7578EA
directors_7484,Q13682200,Q5957205,Q13682200-5A5A9C47-0BBC-4BF0-A53B-280A63306A2C
directors_7485,Q1368350,Q53834,q1368350-6767E1C1-7B4A-44B9-B0EE-4A776966F9FD
directors_7486,Q136849807,Q136850028,Q136849807-c9ba8683-44bd-ae47-dd90-2dad0d61ccc7
directors_7487,Q1368665,Q3133021,q1368665-6E441CCE-0A7F-4E50-B082-EE4B8D69DF3B
directors_7488,Q136892029,Q136892168,Q136892029-119dfd7a-4779-5827-a1b0-512fc7ce8211
directors_7489,Q1369031,Q6211585,q1369031-17F4CF83-EA22-45F6-8999-E1DFD696BEE6
directors_7490,Q136905003,Q139558823,Q136905003-04C138E6-5364-47E2-89B3-A54317779A17
directors_7491,Q136905070,Q139558463,Q136905070-DDF32D6C-4281-44BC-94C7-55865100EADC
directors_7492,Q13693967,Q113155384,Q13693967-F98690DE-4552-49D2-8908-8A1796A61D63
directors_7493,Q13693967,Q9370077,Q13693967-83C947E3-5A8E-43C3-9D17-1634BF0C5AE8
directors_7494,Q136945910,Q5048657,Q136945910-4db2e0bf-4202-fc1c-4b02-236c4ad4533a
directors_7495,Q136945911,Q5048657,Q136945911-26629101-4989-e397-7c05-9820718e4322
directors_7496,Q1369579,Q11330,q1369579-54A810E1-FA75-4DA2-9CFB-70A3E2341EAA
directors_7497,Q1370934,Q11958682,Q1370934-8F0E8CD8-9592-46B9-B685-8227DFEB5B7C
directors_7498,Q1370936,Q533492,q1370936-E374A3A6-3111-4A4C-9490-9FB889871DBB
directors_7499,Q137098,Q673103,q137098-C882FF29-937C-4C0C-8DBF-507164CDF3AB
directors_7500,Q1370999,Q3129564,q1370999-70F86BC9-B9DC-4566-A49D-E2C2010F59CC
directors_7501,Q137109,Q913003,q137109-5E61EFB7-D6D8-4977-98AF-8C4B7BBA1914
directors_7502,Q1371155,Q461079,q1371155-538669B9-0917-42A7-8EE0-E3174E0B669D
directors_7503,Q1372081,Q3177627,q1372081-7CF25D08-560A-42E9-9111-861927A1D9F9
directors_7504,Q13722122,Q7427291,q13722122-6CC6A248-8693-4E09-967D-4571873D8210
directors_7505,Q1372295,Q508184,q1372295-629E1C36-FCAA-4C32-A1F7-A99094801C35
directors_7506,Q1372318,Q67268,q1372318-aa914296-4146-afad-c81c-1f34cf4d6d0d
directors_7507,Q13725830,Q2056676,Q13725830-7868F9AC-0FEA-419F-8297-9608DC75190D
directors_7508,Q13725830,Q21787617,Q13725830-CE26E321-E0BB-45D8-9987-05063B24F9A8
directors_7509,Q13725830,Q2295530,Q13725830-8A21AF99-1055-44C7-81AA-8EF7361BEEA3
directors_7510,Q13725892,Q75379777,Q13725892-2EF481CF-B724-4BA1-9588-3B2FF234537A
directors_7511,Q13725892,Q95778749,Q13725892-EECB4FB8-F714-460E-B5DA-BB5B389AB743
directors_7512,Q137272917,Q5889613,Q137272917-84c18ddf-4f68-b74a-0dad-ff65bb9397be
directors_7513,Q1372845,Q358356,q1372845-5BFE8C04-B605-4752-BECA-6D86A77F72A2
directors_7514,Q137297133,Q11651884,Q137297133-f9c4d55a-4923-d9ca-9e12-3c7c43dddc61
directors_7515,Q137303536,Q345838,Q137303536-c1a5a5e1-4ed7-9578-0a1a-ac707ba33c86
directors_7516,Q1373080,Q1382876,q1373080-737D2373-25FB-4B39-A78E-E938E2B03CA6
directors_7517,Q13732569,Q724516,Q13732569-648CA647-78B2-4002-A168-CF1497013D82
directors_7518,Q137343,Q4662709,q137343-D487E55F-C744-459F-8817-73EB446B2BC9
directors_7519,Q137363358,Q345838,Q137363358-e04bd519-4c0d-a09d-f41d-d8914bb19416
directors_7520,Q137386682,Q113377820,Q137386682-820370d2-4188-ad33-1def-2e0a068a2fd3
directors_7521,Q13741055,Q2657944,Q13741055-5343220C-C003-477E-BE5D-703B11384E3B
directors_7522,Q1374109,Q896740,Q1374109-7824D085-78A7-4AAC-98FC-F6A434DD131E
directors_7523,Q13742747,Q6721191,Q13742747-F6E184DC-B05A-44C5-A660-0BEE5FADDA10
directors_7524,Q137477074,Q130288281,Q137477074-0088da64-468c-ac78-3f58-e5cb65da76b3
directors_7525,Q137477105,Q10829372,Q137477105-66fbef28-4796-b77f-a743-18e0b6cb8997
directors_7526,Q137477105,Q136439020,Q137477105-7ae36818-4cc0-3ffc-0bcd-8c4567ab3e6e
directors_7527,Q13750840,Q9587268,Q13750840-719029A4-F3A1-46C3-BD70-CCDFFF6F04C0
directors_7528,Q137584,Q724795,q137584-9CEFF564-8B89-47F2-90E4-05F7EDC40A02
directors_7529,Q1375887,Q3294204,q1375887-4B49302F-125C-43B3-A36D-50296A505E7F
directors_7530,Q1376152,Q702326,q1376152-452F55DE-A74F-4BFA-9503-DF47FDCBDACC
directors_7531,Q13765567,Q12588228,Q13765567-22A2DEF3-D9F3-4323-A6B1-36231C173A35
directors_7532,Q137685806,Q50082742,Q137685806-b8db0b48-4837-8e81-c2d7-31667c4c874f
directors_7533,Q137734607,Q137732351,Q137734607-09d4677f-409b-1f8d-327d-d3d686ee8b70
directors_7534,Q137735627,Q113586928,Q137735627-9c5b98dc-42cd-233d-ff74-680372a29935
directors_7535,Q137735681,Q113586928,Q137735681-d55c2206-423d-05d6-35f4-39aff618c30f
directors_7536,Q137735700,Q5387313,Q137735700-1baa7eb7-491f-175e-2ace-2a25157b9473
directors_7537,Q137735934,Q113206347,Q137735934-24b4903e-4d74-36f0-1eab-d31183f5e193
directors_7538,Q1377397,Q18534063,Q1377397-17CE79D1-18E3-458D-B0FC-A5ED0EC9193E
directors_7539,Q1377450,Q202735,q1377450-D97AD14E-906C-45DD-8878-CC00C121FAE5
directors_7540,Q137753819,Q132734425,Q137753819-83f2e111-4a41-e8bc-bb0c-4481b3adb14d
directors_7541,Q137753860,Q137831788,Q137753860-5de79f78-4c93-bd1c-3c7d-4b6f0a315952
directors_7542,Q137753930,Q117859090,Q137753930-907b8278-42d6-7ceb-ca37-d3678e05b75a
directors_7543,Q137754,Q3181205,q137754-3649A8E9-F11C-44EF-8B8B-75AC58604CDE
directors_7544,Q1377566,Q1056063,Q1377566-6A457B1D-0BE3-4757-96B9-B9B9E0635B43
directors_7545,Q1377566,Q1084396,Q1377566-e6bdc667-4414-56ad-6cd3-c12db60a316f
directors_7546,Q1377566,Q12359782,Q1377566-5c79860b-4aa0-af4f-edbd-6217b4a6b81b
directors_7547,Q1377566,Q127481,Q1377566-f1e2638d-49a5-c372-a182-1ba4d16dd05d
directors_7548,Q1377566,Q1396054,Q1377566-46d8fba3-4285-9dbd-3ed9-a149f2b134fe
directors_7549,Q1377566,Q205456,Q1377566-bb5518f1-4748-c1ff-b793-dfa04ae038a9
directors_7550,Q1377566,Q2443145,Q1377566-b753277a-42d4-9e5d-a4da-b605ae3e6e9b
directors_7551,Q1377566,Q274265,Q1377566-5d618a83-4eee-d9b9-a996-43280eaaac99
directors_7552,Q1377566,Q276186,Q1377566-1fd8bf5b-4890-8d8d-1b97-d8177fb7db80
directors_7553,Q1377566,Q312944,Q1377566-cd9da407-4eb1-58b1-44b3-0ee5c3512e14
directors_7554,Q1377566,Q3216358,Q1377566-8cf6ab7a-4f07-14c8-5074-3af04f57529a
directors_7555,Q1377566,Q381876,Q1377566-4f715ef6-4188-b6bd-773d-6517ce82237f
directors_7556,Q1377566,Q391277,Q1377566-87932b30-4cf1-424f-6963-d17ee971e53e
directors_7557,Q1377566,Q440218,Q1377566-9a3847f8-4658-0451-4e91-2b7b7711aed0
directors_7558,Q1377566,Q457170,Q1377566-10d371a6-4fc2-5e22-4f23-5ba9ef1eacfc
directors_7559,Q1377566,Q5212653,Q1377566-0621622b-4789-de69-e711-8f3f30e02db1
directors_7560,Q1377566,Q525305,Q1377566-f34986a3-4296-25f1-c541-e028d3d92508
directors_7561,Q1377566,Q55282,Q1377566-a4e94c33-4395-484c-fa3e-9a2de00882ef
directors_7562,Q1377566,Q5756121,Q1377566-cab67474-4eb6-377d-a735-93a61a3ba64c
directors_7563,Q1377566,Q6014472,Q1377566-68b206c7-4dcd-cf19-5879-5c6f02b5e5dd
directors_7564,Q1377566,Q670399,Q1377566-82c9b6a8-4912-d3a5-0f8c-249b0b42f3c2
directors_7565,Q1377566,Q709032,Q1377566-e1d4b178-465f-007f-0622-7037fbea0615
directors_7566,Q1377566,Q77061,Q1377566-0d461060-4aff-b24e-602a-c95a3e48292f
directors_7567,Q1377566,Q78756,Q1377566-d8a7fa6b-40da-74ec-5a90-ef218be48b6c
directors_7568,Q1377566,Q920040,Q1377566-0cb2ae9d-4193-29e5-a7d1-9939025be981
directors_7569,Q137774312,Q137800510,Q137774312-5c9e3109-490f-d3f4-68ef-982efefaf6bd
directors_7570,Q137800,Q630845,q137800-603D2299-82B5-4D3C-A5B9-24BBBE0CD826
directors_7571,Q137836660,Q137831788,Q137836660-9e70016c-4d81-2573-be16-ec7549acd4f7
directors_7572,Q137836660,Q22290615,Q137836660-d5d42bee-46f1-1b9a-ee1a-473e36708e36
directors_7573,Q137836660,Q6514855,Q137836660-0d65e26d-4cce-386e-884f-8dc66975dfcd
directors_7574,Q137900249,Q16124352,Q137900249-c25e37ab-40be-cd50-3106-a7e0aa967641
directors_7575,Q137984,Q2528937,q137984-3A579803-214F-4020-A232-47EB1D93BD66
directors_7576,Q138000808,Q544820,Q138000808-6f9a3bd3-4e5f-3430-ef0b-12d21190ac62
directors_7577,Q138018532,Q13430351,Q138018532-9A8F75D4-C5C0-4FF1-8AF4-9235CD6788A0
directors_7578,Q138024812,Q4173474,Q138024812-452f6e11-4e72-7364-18c0-27bf9e1ff8f8
directors_7579,Q138035128,Q6814356,Q138035128-cb6b777a-459f-dca6-3710-4ff4c7ba3d74
directors_7580,Q1380376,Q234630,q1380376-61E40FFD-F277-4B61-B867-279C77357828
directors_7581,Q138045063,Q19867131,Q138045063-32a81563-4e75-210b-6df5-399c6d8f6e5e
directors_7582,Q13806247,Q977624,q13806247-D458862A-D7E3-4175-A4CE-87A81EAE874F
directors_7583,Q13806537,Q25132,q13806537-D37237D0-000B-4A2A-B953-DFA7112F05A9
directors_7584,Q138074181,Q345838,Q138074181-e42727f2-479d-ab7b-1871-dfa5c9323e03
directors_7585,Q138074623,Q345838,Q138074623-2b8f42b5-4abf-c050-c1d0-aac3aa864623
directors_7586,Q138077631,Q3341885,Q138077631-c5903f96-47d8-2758-d25a-7d7711dc9dbf
directors_7587,Q138084,Q736069,q138084-700A135F-58CB-49CC-8B55-51145951045E
directors_7588,Q138112364,Q114875567,Q138112364-7bf1b0cf-4b77-96df-bc06-d03778fe25db
directors_7589,Q138112390,Q114875567,Q138112390-5d179e41-4162-b864-f750-a5cc70282939
directors_7590,Q1381796,Q12482295,q1381796-e8353e71-4044-4aaf-e8f0-e7c57879a04d
directors_7591,Q13817962,Q23793893,Q13817962-f66aa4c0-4974-2c1b-d30e-e6b5ff49f7d9
directors_7592,Q1381843,Q953627,q1381843-61ADEC5A-4780-4AD6-A8C5-D623D2C34CD6
directors_7593,Q1381969,Q47168816,Q1381969-96B68F7B-FC4D-46BA-9AF0-FACD2FB2E436
directors_7594,Q1382199,Q103917,q1382199-3226F6A3-8CAD-4EDB-87A1-C970477CE2CF
directors_7595,Q13822679,Q716064,q13822679-BE8B2E56-CD3A-4816-9991-D505E3D6D79C
directors_7596,Q1382283,Q315711,Q1382283-D55A8FD1-7441-440B-B3F3-8686A52AE704
directors_7597,Q1382322,Q98255,q1382322-4dc888e5-4606-e60c-b977-39c70a424dde
directors_7598,Q13823993,Q1356708,q13823993-084D7F96-7254-4BEE-99C3-EA2A5D7DE338
directors_7599,Q13824191,Q56292833,Q13824191-2971313A-08C4-417A-9FE3-233CEE48F719
directors_7600,Q1382421,Q450630,q1382421-65E1AC5F-D67A-4A3A-B138-687B8E2007CE
directors_7601,Q138299273,Q27662543,Q138299273-77732adf-4c8f-dd1d-28f5-e264c8940a62
directors_7602,Q1383269,Q1879810,q1383269-D298AC5B-D30B-43DA-81B5-5F77CF531BF2
directors_7603,Q1383282,Q17418095,Q1383282-1D28A6CE-2AE3-4F1E-BA18-C002301EB80D
directors_7604,Q138333317,Q1782906,Q138333317-65b20799-4fe4-f6af-a4ec-7f9dbb0b49b9
directors_7605,Q138349524,Q121752,Q138349524-0fad8749-451f-71bb-166a-379b595cca9f
directors_7606,Q1383800,Q127481,q1383800-F5874E15-705F-41D6-8399-25D2D98C6C87
directors_7607,Q1383916,Q494835,Q1383916-6CB2EC56-83B5-4FA2-BDAC-9D52C0B0BA23
directors_7608,Q138416905,Q2345067,Q138416905-a1eae1c1-4308-ae09-b17d-124e75b2bfdc
directors_7609,Q13846052,Q11264817,q13846052-887909A6-9598-479D-AA2B-9D957FC645C7
directors_7610,Q1384628,Q113456873,Q1384628-1A985923-2033-4672-96C4-8C33D842D20D
directors_7611,Q13846600,Q12411479,Q13846600-8990d0f7-4c76-567f-8e3f-94e837fb4a14
directors_7612,Q138508964,Q138508968,Q138508964-25a170d3-4768-378a-d21a-f60a88f3ee59
directors_7613,Q138508964,Q138508971,Q138508964-2c084486-483d-c490-73ef-eea7f2ee7517
directors_7614,Q1385258,Q4289477,Q1385258-59e181cb-4198-9605-0a33-3d8a09db0960
directors_7615,Q1385260,Q5995373,Q1385260-4D81E5BC-2EE8-4509-A697-7EBDD45F7BAE
directors_7616,Q1385281,Q565892,Q1385281-FA1BF45D-7F38-4E71-B146-5271C5210AD9
directors_7617,Q1385487,Q113572931,Q1385487-5899C0D3-799D-4468-AE36-62B6446006CE
directors_7618,Q1385487,Q47111755,Q1385487-6A303495-2167-4264-9BD3-893B06266595
directors_7619,Q138548793,Q56219,Q138548793-5c752ce4-4fae-be1b-5ae6-08d2a9aa8307
directors_7620,Q1385502,Q462078,q1385502-BD3E028B-ABDB-43A5-9E52-0CA2878E3FD3
directors_7621,Q138604065,Q138604092,Q138604065-38409569-4beb-505d-255f-26f9854c94d3
directors_7622,Q13861278,Q3374018,q13861278-74925790-3FC5-4444-A8EC-2684666A62E2
directors_7623,Q1386388,Q1392128,q1386388-35DA4970-80FC-44B9-8F0C-8FFDECD6891E
directors_7624,Q138648251,Q135437082,Q138648251-3e9fa13c-41c0-e004-bfa1-4e629d2af780
directors_7625,Q138697,Q549956,q138697-6489FF9F-4127-4CCD-8823-C1E87173BADC
directors_7626,Q13873139,Q2123274,Q13873139-825C6A68-C18D-4FE1-916B-9B5B396F3423
directors_7627,Q1387340,Q521262,q1387340-29FF0FE6-B786-4C57-BADA-19D0E0CCE771
directors_7628,Q1387827,Q2503175,Q1387827-C123C184-9DF1-48BE-8731-CD640AF7878E
directors_7629,Q138793037,Q138793055,Q138793037-75dbcbde-4af6-4f7d-d995-ac303a391daf
directors_7630,Q138809105,Q138810462,Q138809105-b6a192fb-48dd-4be8-c493-53d152271fbd
directors_7631,Q138809105,Q138810590,Q138809105-4441e4d1-4c5d-edd6-25e6-a1688f760a11
directors_7632,Q1388118,Q2391584,q1388118-2733079C-4339-414D-89FF-6843BC84B0D8
directors_7633,Q1388280,Q47500304,Q1388280-52E0BFF5-2617-4CA7-BB16-F7C02F0F8B02
directors_7634,Q1388280,Q61128,Q1388280-799A75FD-3013-4F39-8097-A3CC551448B4
directors_7635,Q13882900,Q212167,q13882900-D8853285-3F07-4F1F-AB7C-EFE917EAE3D1
directors_7636,Q138838660,Q95715048,Q138838660-08b1d712-4208-6dc4-bb2e-747d3087af9d
directors_7637,Q138842499,Q140033254,Q138842499-27603465-4bb0-7229-70ac-cbbd108d71bb
directors_7638,Q1388450,Q269310,q1388450-04C559B6-BCCF-4874-BDEF-B8A616D37971
directors_7639,Q138847533,Q88378115,Q138847533-4b406f82-4755-6da5-f37b-2695a2249aa3
directors_7640,Q138847735,Q138847670,Q138847735-b6fe2777-44f1-6a0b-fbd1-7f2ee04779f5
directors_7641,Q1388543,Q6550001,q1388543-BC3824A0-9320-4CD0-8A63-98F2EDA29B18
directors_7642,Q1388642,Q742799,q1388642-2D145098-61D4-4B35-BC18-DA1B9D07EC0E
directors_7643,Q1388653,Q219124,q1388653-c263c9a1-429f-5242-0f2e-63d587417768
directors_7644,Q1388799,Q577569,q1388799-D364E9B5-61FF-4603-91C9-6E984976A1EE
directors_7645,Q138884197,Q138840742,Q138884197-353baa7d-40f4-9858-34db-5fb88d27c522
directors_7646,Q1388920,Q107290246,Q1388920-b98fb645-4922-63c5-86eb-28a7606419c9
directors_7647,Q138892732,Q5889878,Q138892732-210f437e-4ccb-3120-c94c-4f0cbda06e78
directors_7648,Q138912012,Q826563,Q138912012-e9f83b6e-a1fb-4ccb-a91c-6d7e6e6fc68f
directors_7649,Q138912237,Q826563,Q138912237-3122d24b-107a-45a8-8455-db0d43361037
directors_7650,Q138912272,Q826563,Q138912272-91abb0de-259e-499c-bc88-40db23e32d37
directors_7651,Q138916308,Q88378115,Q138916308-ca46a8a3-45d4-3bfb-ee11-9cf294b931b7
directors_7652,Q138917129,Q138948986,Q138917129-3e8ecd84-45b0-8ad3-9b49-891c462cd685
directors_7653,Q138917562,Q826563,Q138917562-9e112aa2-eed8-422a-ba9e-951a9301a5ef
directors_7654,Q138917738,Q826563,Q138917738-fcfeeb4b-8e34-4852-9795-3f534173215c
directors_7655,Q138918470,Q826563,Q138918470-72346a3b-63a7-49ad-9a72-dd07cf7456c5
directors_7656,Q138918980,Q826563,Q138918980-6c4b1c3c-31af-4236-818f-b228ff9ff070
directors_7657,Q138919287,Q826563,Q138919287-17689743-6ba3-41f1-a0a9-651a526288f8
directors_7658,Q138919436,Q1679970,Q138919436-1ae3cb9d-3b3b-46cf-9356-c3dc2665b6fc
directors_7659,Q138919609,Q1079746,Q138919609-37c5cdf4-ec54-4377-9cb0-7d9178638854
directors_7660,Q138935811,Q1079746,Q138935811-f818c800-3485-4d09-ba9e-3c72a15423dc
directors_7661,Q138935945,Q1079746,Q138935945-546482cb-bb93-4904-83ee-72429d49be57
directors_7662,Q138936633,Q1079746,Q138936633-0c4c90c5-1fda-4da0-84d3-1bceb1ff7582
directors_7663,Q138936919,Q11838404,Q138936919-af9bc88c-be79-40e3-a0d2-d2051ed54317
directors_7664,Q138938005,Q1079746,Q138938005-dc82f358-1220-4704-a35d-93a781b8fdd3
directors_7665,Q138938470,Q1079746,Q138938470-9ee97f98-d2e8-4fa0-954c-ce1c9981f3c1
directors_7666,Q138938708,Q1079746,Q138938708-34fae837-93d7-4db0-b76b-e25b55c27d72
directors_7667,Q138939190,Q1079746,Q138939190-483c7d9d-6eea-41aa-a7fa-3ae6545e95ec
directors_7668,Q138939699,Q1079746,Q138939699-0df6691f-1951-4b24-917e-9a9b75cb4d62
directors_7669,Q138942093,Q1079746,Q138942093-ba0655e4-1d8e-4a09-a228-c0a93959241c
directors_7670,Q138944912,Q1079746,Q138944912-da909490-41cb-46f1-be6c-49f24a96b020
directors_7671,Q138945518,Q137756431,Q138945518-dd164902-99ab-4a75-9f2a-5225ed6867f5
directors_7672,Q138946306,Q137756431,Q138946306-c3ec9ea9-befe-4795-8274-ea04771ba10f
directors_7673,Q138947066,Q137756431,Q138947066-e7f2cad1-b1ee-4b9b-b63c-93fc09d63051
directors_7674,Q13897247,Q3521531,q13897247-33287B72-6AAF-4468-AE1D-F921F02DB3D2
directors_7675,Q1389733,Q15646222,Q1389733-58ABF6B5-2E17-45DF-8EA1-AFB64761C01C
directors_7676,Q138994605,Q3099812,Q138994605-77b805d3-4143-89e9-2249-0141f20edb63
directors_7677,Q1391425,Q1677490,Q1391425-60e9ccd0-4653-b186-2061-3b7b57aa603e
directors_7678,Q1391425,Q17513204,Q1391425-C9C36D05-79D0-4B68-A01B-4AA4E4280E69
directors_7679,Q1391425,Q17517020,Q1391425-747d1ea0-4fe1-c2d7-11bf-d436e643b5ff
directors_7680,Q1391659,Q621514,q1391659-D809995A-FE7C-4162-9BFD-74087CEE1FF0
directors_7681,Q1391920,Q295855,q1391920-519EE517-74E1-4EC8-BD0A-D0E9C34DB1B5
directors_7682,Q1392031,Q24005016,Q1392031-7C0AA354-C917-422A-A6FF-9C378AAED236
directors_7683,Q1392191,Q17683010,Q1392191-98CC72DF-FB04-4746-8385-CAF655096D7E
directors_7684,Q1392258,Q22291614,Q1392258-40f63b92-4d3e-47eb-d9cf-ed5f17947acc
directors_7685,Q139230957,Q18921503,Q139230957-fffab682-4529-6f42-4d6d-d1f715036aca
directors_7686,Q139230957,Q288141,Q139230957-248680f3-4d31-9081-c6c9-17b01814d784
directors_7687,Q139236937,Q18921503,Q139236937-07817d81-42ff-0960-c72b-f979966d4f18
directors_7688,Q139237340,Q18921503,Q139237340-160ea678-4ffe-1c00-fccd-1fa97b5c7e82
directors_7689,Q139238471,Q138604092,Q139238471-5acaa221-4627-f347-bfd6-630397c4ad62
directors_7690,Q1392448,Q628951,q1392448-2DAFCD20-CC2E-4388-9DDE-0F9D7F2BAD3B
directors_7691,Q13926592,Q17495868,Q13926592-8B63A26A-6BD3-4CEF-84A2-3E259F73D710
directors_7692,Q1392744,Q41148,q1392744-D793B55D-F405-482B-A9BF-AEEE2430E801
directors_7693,Q1393003,Q9358715,Q1393003-5C0802F9-BE80-4F1A-B1DB-7C7873B7F632
directors_7694,Q1393048,Q6397775,q1393048-9A452F89-652F-4E8C-BAAF-B8B74C185BE3
directors_7695,Q1393064,Q490406,q1393064-7C900E7E-2A1A-482D-80A1-2F159C051960
directors_7696,Q139326,Q192762,q139326-CFC1820A-FBE6-4419-95FD-F7004631F0BF
directors_7697,Q1393268,Q2838292,q1393268-5D11B4E5-1D48-4BC8-862F-C373DF526FE3
directors_7698,Q1393268,Q4717977,q1393268-FF9C2D5A-3C0C-40E0-8CC2-8A7473BABD21
directors_7699,Q13936492,Q86680415,Q13936492-D056B148-B9EB-442A-B04B-3F7040BA7427
directors_7700,Q1393651,Q541368,q1393651-68D0792D-CF61-4718-A9D9-5736C320B1E2
directors_7701,Q1393668,Q174648,q1393668-E491971E-D0F6-407B-8F58-EDE6862C5DDE
directors_7702,Q139383964,Q532179,Q139383964-c8d4e7ca-489b-a1f9-c0f6-03dcd5be7c54
directors_7703,Q139384283,Q5048657,Q139384283-22afe324-4ff3-584c-d23e-a8a18aa64eb0
directors_7704,Q139384500,Q3568674,Q139384500-1e20d60e-4874-cc05-e15b-21c60581892f
directors_7705,Q139384603,Q19592383,Q139384603-542f6a32-4263-9fba-b3ca-816d48ea8e5c
directors_7706,Q139384904,Q7146252,Q139384904-1e268ed9-4d5a-a5ad-f983-1de51efdd5fb
directors_7707,Q139384960,Q239955,Q139384960-527eeacb-49b1-234a-5c0b-014498edef1e
directors_7708,Q1393871,Q6836443,Q1393871-F2AD047A-BCB5-4A6F-988E-06DA59D27ECD
directors_7709,Q1393949,Q2426914,Q1393949-37E997A9-BFAE-4C31-85F9-88DF003A8D4E
directors_7710,Q139406266,Q6055372,Q139406266-6d35fc09-412e-96e5-6420-5fc6fd2e3026
directors_7711,Q139406266,Q7534291,Q139406266-145a988f-4d58-48aa-1dba-9fabbe3f43bb
directors_7712,Q139407013,Q239955,Q139407013-ad0efc8f-4a84-391b-3de3-4cd13d0fecf2
directors_7713,Q139410037,Q139410049,Q139410037-681a8d54-4dcc-5260-fc28-6337efdfa4bb
directors_7714,Q139411450,Q455407,Q139411450-54066b9b-4894-2463-e923-8e022d71981d
directors_7715,Q1394556,Q78756,q1394556-ddaba80d-42e9-360e-a022-ce3980f49a9a
directors_7716,Q139460,Q918283,q139460-BB172AED-56CE-45B7-8132-B18A029E85FA
directors_7717,Q139492039,Q137295214,Q139492039-ee24eb6d-41a4-1d2b-4b19-ab334cfff183
directors_7718,Q139492983,Q288141,Q139492983-caa0eb6e-4479-10c5-3931-5dd3a1b36bb3
directors_7719,Q139494275,Q6055372,Q139494275-2b0e6fad-46de-3928-4e8a-7124817bfcd6
directors_7720,Q139494326,Q4772959,Q139494326-32445fe3-4149-b028-e654-57b9c34970bf
directors_7721,Q1395101,Q2470473,q1395101-86B4FA8E-6E08-479B-BAD5-C59E2D37A8FC
directors_7722,Q1395306,Q202597,q1395306-3B365E53-8A83-42CC-9D76-299314742273
directors_7723,Q139571139,Q99971666,Q139571139-18b292d7-4769-a379-360b-b5e248ba026f
directors_7724,Q139573809,Q4074981,Q139573809-BB1F4F24-25EE-4097-B7F7-39EA9405D507
directors_7725,Q139577093,Q5048657,Q139577093-c867cba7-4ded-48f2-bf0c-ca5ef65cc342
directors_7726,Q139579988,Q7534291,Q139579988-c2105a77-4ab6-e2be-c7b0-940d02c79aea
directors_7727,Q139600175,Q7340678,Q139600175-572f0f51-4f99-4691-d5ed-79c38f872075
directors_7728,Q139604970,Q400,Q139604970-2654a0f9-4f88-3ba9-608b-13cb68651b41
directors_7729,Q139604970,Q40263,Q139604970-72297dc2-4730-7550-709e-04da436e2a7b
directors_7730,Q1396056,Q279894,q1396056-DCD3EC07-B933-4193-895A-A746BAC8DFF5
directors_7731,Q1396618,Q3379236,Q1396618-5A02297C-2AEC-4152-A86A-DFB122B89799
directors_7732,Q139662023,Q1077839,Q139662023-c3288c14-4020-6425-1bbe-f6bc6c23cc48
directors_7733,Q139677233,Q5230560,Q139677233-ba49f26d-409e-7f05-c0d2-afc051515c74
directors_7734,Q139679016,Q16069130,Q139679016-2a2a146d-4880-e806-70cb-8e010b1518f4
directors_7735,Q139679673,Q235394,Q139679673-652a6852-4444-e462-2f80-f9a356bc531c
directors_7736,Q139683978,Q18562379,Q139683978-4c428d56-4c65-1c4e-13c4-c5b8c42d21f5
directors_7737,Q139683993,Q18562379,Q139683993-04627988-4067-df4f-ead6-9c666f444e27
directors_7738,Q139701341,Q19592383,Q139701341-75049224-404e-917c-b539-d2b376d98f80
directors_7739,Q139708328,Q19592383,Q139708328-ef757155-4c66-7ea4-f833-1f6e292eeeb0
directors_7740,Q139710216,Q4155080,Q139710216-9f2298ca-4cbe-7c52-81f5-a8b93285409c
directors_7741,Q139713440,Q7668168,Q139713440-495e53ea-4929-052d-3c31-fb436d8380d9
directors_7742,Q1397469,Q1273684,Q1397469-B8C5A306-C178-47CF-9492-2A9E13741F96
directors_7743,Q139762104,Q3568674,Q139762104-658de537-4100-6f42-8d3f-edfff4165473
directors_7744,Q139762203,Q3568674,Q139762203-f4ebbfd7-48bd-6359-db8a-d8218f379363
directors_7745,Q139762241,Q3568674,Q139762241-6b6098dc-445e-f817-941e-8e178c935848
directors_7746,Q139762306,Q3568674,Q139762306-f4662d4a-48f4-87fc-00ee-032440103e73
directors_7747,Q139762381,Q3568674,Q139762381-21c8e502-4d41-8414-5bfc-61e2bb102e47
directors_7748,Q1397682,Q2607232,Q1397682-9E6E4550-CE23-4FA2-B224-ACB468217A48
directors_7749,Q139770701,Q448393,Q139770701-8642899f-4e95-58fa-0a04-768071eb146b
directors_7750,Q1397719,Q3350789,Q1397719-BAE1D41B-AFA5-4989-A9C9-545FB20C3409
directors_7751,Q139796910,Q19592383,Q139796910-402a8506-46f1-ad72-b25e-b561ccf0e6fb
directors_7752,Q139796946,Q19592383,Q139796946-f2387b71-4c9b-8ed9-9a53-f74604ab70b7
directors_7753,Q13980021,Q18165055,Q13980021-0A8AA162-5537-4CB2-9E6C-B7C6728F1DEB
directors_7754,Q139821001,Q139825656,Q139821001-8c6664ec-4c70-51e8-2dfc-23d23e42d9d3
directors_7755,Q139821061,Q139825656,Q139821061-02e56a32-4835-9c11-7639-d880b2db7196
directors_7756,Q139827909,Q117844909,Q139827909-41f97a77-4655-6367-d885-ecd8cd046a31
directors_7757,Q139829168,Q6055372,Q139829168-9efb0934-4e9c-4f6c-e2d6-a4917a5544be
directors_7758,Q139838771,Q139558817,Q139838771-5A47D1C7-1A42-4FD7-9BBE-60B2E9039216
directors_7759,Q139840246,Q139558765,Q139840246-09AE8CAC-B901-44C0-BFB2-62E96442A493
directors_7760,Q139840452,Q139558791,Q139840452-e1b8cbf5-4f32-a05b-a895-1a1a3cc9e18f
directors_7761,Q139840469,Q139558769,Q139840469-3E20AF32-C006-4C30-B132-6753B0AC2E65
directors_7762,Q139840476,Q139558778,Q139840476-14AD2E0C-EBEA-4088-A358-7EA41A02C9A2
directors_7763,Q139840572,Q139558775,Q139840572-9845160A-4FC9-4229-8D97-FDE466765678
directors_7764,Q139840621,Q139558781,Q139840621-54322642-82C4-4590-A0A9-2E452907DEF7
directors_7765,Q139840643,Q139558799,Q139840643-4295cd41-4f63-e98f-d324-4aab5824e6cb
directors_7766,Q139840671,Q139558811,Q139840671-a2baa61c-43c7-d2db-e65f-9cf78d3821c0
directors_7767,Q139840709,Q139558811,Q139840709-7d75604f-404a-878a-1671-e0d7d04c405f
directors_7768,Q139840749,Q96106170,Q139840749-07687394-ACCA-41FB-9ECE-40859C824294
directors_7769,Q139840847,Q139558881,Q139840847-AC189F18-10BD-4C64-8B4E-35DAFC4BA053
directors_7770,Q139841707,Q139558501,Q139841707-345ba658-4a53-54fe-6df5-4b1645e705e7
directors_7771,Q139841708,Q139558765,Q139841708-0C3DB0BF-3660-4925-9D4D-EA2BB39326BA
directors_7772,Q139841724,Q139558889,Q139841724-1726FAC4-5569-4D8F-9956-8B3D65FFBC9D
directors_7773,Q139841727,Q139558889,Q139841727-E72EEDF4-9B75-4855-91C7-355D8F5C862C
directors_7774,Q139841747,Q139558501,Q139841747-28A6562C-46F3-4FFA-95E9-443AC5722C01
directors_7775,Q139841749,Q139558765,Q139841749-98CE6139-049D-4B1C-9245-680C4C228B8D
directors_7776,Q139841758,Q139558768,Q139841758-D617020B-4E55-486C-919D-DB6C24F59C85
directors_7777,Q139841759,Q139558768,Q139841759-7D1F0622-734E-4B25-A2ED-9E067CD4A7A8
directors_7778,Q139841804,Q139558889,Q139841804-F307FC1A-7CFF-44CA-BC2C-7FE0A2029FA2
directors_7779,Q139841826,Q139558761,Q139841826-8013A15E-543F-4906-BA38-2383824B73AD
directors_7780,Q139841853,Q139558768,Q139841853-51F04F60-A480-4EBA-AD30-A6C3B68A6C41
directors_7781,Q139841864,Q139558817,Q139841864-259d5130-44c1-5a87-1d63-71bb50624e16
directors_7782,Q139841898,Q139558761,Q139841898-6b5ff9fa-4073-cac1-1d49-11ce956ecca2
directors_7783,Q139841937,Q139558501,Q139841937-33836FCD-F443-4EFA-9CA3-369BA044FEE6
directors_7784,Q139841942,Q139558889,Q139841942-A8EED760-E65D-464C-863A-A69AEF067020
directors_7785,Q139841982,Q139558501,Q139841982-b15fc663-41b9-6814-f5b6-76398053602f
directors_7786,Q139845452,Q114915878,Q139845452-48da9ebd-4d71-bf16-7279-f5edc77b9850
directors_7787,Q139845454,Q114915878,Q139845454-c354dbca-48f7-efa8-3484-27253c82fef9
directors_7788,Q139845473,Q114915878,Q139845473-bd66c89c-469b-672c-3114-a3e66fbbd892
directors_7789,Q139849573,Q139850003,Q139849573-8866e05f-4e6a-14ae-5c1a-9744a6b71ca0
directors_7790,Q139850379,Q3134416,Q139850379-d186082e-4582-0dd9-a182-512636f17580
directors_7791,Q139850380,Q3134416,Q139850380-7465576a-48bf-6a2c-2fe7-19c531e4d9e4
directors_7792,Q139850382,Q3134416,Q139850382-37524090-4d89-4786-b8e1-0ecaf4daf091
directors_7793,Q1398555,Q570635,q1398555-6714D277-CB19-4F60-98D0-4AF6180835C0
directors_7794,Q139864694,Q3134416,Q139864694-4ec3d963-49ad-052a-759b-ce197e834b19
directors_7795,Q139864725,Q3134416,Q139864725-4a84f82c-4ac7-3e05-bbc7-9716091d21b0
directors_7796,Q139864737,Q2462760,Q139864737-0d5ef60b-4cf7-0ac7-4e95-2bbc0943b096
directors_7797,Q139864890,Q3134416,Q139864890-f0e2cbbf-4d8f-b2f4-ba59-1c84df14e93a
directors_7798,Q139865689,Q3134416,Q139865689-54a5389d-40b2-063b-d0d5-aa541487f156
directors_7799,Q139882636,Q139882524,Q139882636-24d4b08c-4bcc-a129-f2ea-ad925fab5fbe
directors_7800,Q139888946,Q2462760,Q139888946-bbb9dc2d-4819-814a-ecfd-1f48cea8616e
directors_7801,Q139889177,Q2462760,Q139889177-21cb2deb-40c8-8846-b322-34fd1b9d179f
directors_7802,Q139889412,Q35937,Q139889412-bedc505f-470e-75c8-fd08-318ea600b279
directors_7803,Q139891876,Q1351141,Q139891876-6d3c4cd2-4667-a255-e8a8-d0780b15afef
directors_7804,Q139894303,Q4772959,Q139894303-a040bafc-4ade-f861-b31b-3a2cb3821e03
directors_7805,Q1398997,Q446294,q1398997-75033114-687D-48DE-8056-1957503A6E1F
directors_7806,Q139900306,Q139900278,Q139900306-553305a5-4dff-0be4-afea-85ea12dca914
directors_7807,Q139914056,Q311769,Q139914056-4bd55208-451e-f6b6-5a3d-240263b20a2a
directors_7808,Q139927,Q489831,q139927-2492C07D-DD16-4759-B414-0B940D1CE43B
directors_7809,Q139935565,Q139935300,Q139935565-b4c34572-45eb-a1df-396c-7e4e3c1ece2c
directors_7810,Q139936354,Q135985284,Q139936354-237026d4-47aa-818a-ed7e-51ecf096fc0e
directors_7811,Q139964441,Q2287620,Q139964441-f0bbe39f-4f35-180a-6e55-dd7feeefb081
directors_7812,Q139970957,Q135270219,Q139970957-acc3e4a2-44f7-b28e-4c57-fde99cfae423
directors_7813,Q139970976,Q3134416,Q139970976-cfa343b1-487e-ec34-0846-4c81a35b7435
directors_7814,Q139970989,Q3134416,Q139970989-9c003b10-4ee3-dcb8-1749-32cc7371633e
directors_7815,Q139970997,Q135270219,Q139970997-f7c8220b-4a9b-e9d3-4da6-a7d1d71c34c3
directors_7816,Q139974833,Q3134416,Q139974833-ac373c45-4ec5-38e4-931a-0f0d559090ce
directors_7817,Q139975381,Q98369075,Q139975381-9a1f46a5-4156-98b4-f2eb-640cd1cc5647
directors_7818,Q139976582,Q135270219,Q139976582-dbad4e77-4542-35c6-3444-f2c7e9acc178
directors_7819,Q139976658,Q98369075,Q139976658-1ac02448-46b2-21d4-9524-32cfd36b0ffc
directors_7820,Q140009,Q12810116,q140009-365D2D74-47B8-4787-BB58-C4754522896C
directors_7821,Q140011048,Q28372840,Q140011048-c2996948-4867-84f6-701f-8cc6546fb71f
directors_7822,Q140011106,Q28372840,Q140011106-70f1af47-4cd1-d302-faec-7e03cc64f880
directors_7823,Q140026947,Q140026978,Q140026947-2031308b-4131-bd17-c6ba-e07e89362791
directors_7824,Q140026947,Q140027097,Q140026947-d35fdd67-401b-2d43-5dc8-40d048c21e2c
directors_7825,Q1400278,Q259240,Q1400278-9f87305b-4514-46b0-338a-84a6eb71a0bd
directors_7826,Q140042756,Q628046,Q140042756-387d41ca-4020-ae9c-d177-7941a251370e
directors_7827,Q140047635,Q3339539,Q140047635-ca2d9093-4673-fea7-59b2-5c2325094d90
directors_7828,Q1400498,Q18030304,Q1400498-78985CB3-3408-439F-9D84-57FACEA27FB7
directors_7829,Q140053026,Q112602662,Q140053026-0cd08eaa-46b6-404e-7d52-07e0aa02a6f3
directors_7830,Q1400547,Q440453,q1400547-2A20D46C-E897-471D-B2B5-F91699D2650B
directors_7831,Q140066968,Q12796215,Q140066968-876c9518-4f87-0706-2a5e-cdeecb202c9d
directors_7832,Q140067351,Q12796215,Q140067351-93848888-47cc-bcbc-babe-7371e8d4dfff
directors_7833,Q140067351,Q140067373,Q140067351-f1c2ddff-4aac-d14a-4f3f-13cf4fcc7a25
directors_7834,Q1400892,Q736300,q1400892-B073424F-8281-42FE-B4A5-9CE978A2FFB5
directors_7835,Q140092422,Q140093435,Q140092422-8e2a6880-4762-f786-5fdb-cb96e475659a
directors_7836,Q1401025,Q314485,q1401025-83257813-A32C-45BA-A867-92D330F9B618
directors_7837,Q1401088,Q265991,q1401088-9A3BF78B-E11A-405F-B375-2F6DDF02566A
directors_7838,Q1401342,Q1351937,Q1401342-2D82CEE8-5010-42E6-9F1F-5B42592A1B7B
directors_7839,Q1401449,Q102275,q1401449-344E2C63-DA74-4F7E-8AFD-E3D79C62CAB6
directors_7840,Q140181539,Q6789568,Q140181539-21cd455c-4ab2-81cb-9a9c-98f335af68f2
directors_7841,Q140183573,Q2049482,Q140183573-3b6209c4-40fb-805a-1de1-0a25f48cfe5d
directors_7842,Q140199481,Q457656,Q140199481-a97c85ca-44ef-b41e-ff97-ae52804b05bd
directors_7843,Q140206305,Q117859674,Q140206305-daa3f359-43a8-3c5f-d8f6-92c392ee6442
directors_7844,Q140267,Q13455488,q140267-E556F254-060F-49F7-B87F-0B7139FCFE53
directors_7845,Q140267,Q3361624,Q140267-d38ebe2c-411c-01eb-973b-f861c5ffc648
directors_7846,Q1402686,Q2288769,Q1402686-0F7DCE89-B408-44EC-8025-B8C0DB04CAE5
directors_7847,Q140278753,Q133864367,Q140278753-cda5c404-4dee-f973-48dc-fe0ced10f21d
directors_7848,Q140278814,Q133864367,Q140278814-e8190332-4c69-5ae6-78a0-d6883bdf1cb2
directors_7849,Q140278983,Q140279028,Q140278983-ef51f055-4d6e-d441-3e56-85d849f7c788
directors_7850,Q140278983,Q21843878,Q140278983-1ca87a16-4f77-32b3-74f3-5fb7c2ff839b
directors_7851,Q140281378,Q140279028,Q140281378-8c08ccb9-485e-8247-9e8c-9da48dc27c4c
directors_7852,Q140283100,Q14944302,Q140283100-e8699532-4a01-391d-b52c-6ca5f61b9ee2
directors_7853,Q140285201,Q133864367,Q140285201-9cc74df4-453e-838e-f8a4-32cbba7ebe27
directors_7854,Q1402883,Q504706,q1402883-66A28DD8-07BC-4AC9-8304-2EAE5D36E2CF
directors_7855,Q1402901,Q3379021,Q1402901-B4800ED5-98D6-4213-BAF3-3D935A5C30F9
directors_7856,Q1403029,Q212167,q1403029-830D5D10-C425-4A99-A7C5-736BAAB7FC1B
directors_7857,Q140304674,Q6055372,Q140304674-37e27e27-4cff-c9e4-1bff-5c70a874e011
directors_7858,Q140304908,Q6055372,Q140304908-12203074-4db5-ff20-3053-9f95e746e8d7
directors_7859,Q140310203,Q139900278,Q140310203-481a22a1-4869-f33d-9e6d-df5c2ffb3d8d
directors_7860,Q140310384,Q139900278,Q140310384-99f6665c-4595-9658-6a3a-c08a3325761c
directors_7861,Q140310411,Q19592383,Q140310411-eb61221a-418c-bb52-9c1a-0bba062f28ec
directors_7862,Q140310447,Q19592383,Q140310447-2bd81d94-4c9f-d047-80c3-f5c03afc2644
directors_7863,Q140310501,Q19592383,Q140310501-e5096cec-4637-aa30-8c1d-54a170a3b20d
directors_7864,Q140310577,Q19592383,Q140310577-5b9d1eba-40c8-bb6f-1d16-35479407818d
directors_7865,Q140310578,Q19592383,Q140310578-65269e60-45b6-248a-ba98-aebfa75cfb63
directors_7866,Q140310616,Q140310629,Q140310616-d85f5f3f-46d0-8522-f2f6-b0d25882a168
directors_7867,Q140314521,Q4155080,Q140314521-ae4c01e3-4006-707f-0680-4f218c0e89db
directors_7868,Q140314684,Q1027855,Q140314684-dd926fdd-4a6e-3e35-8e6f-12a6c698c062
directors_7869,Q140317491,Q137756650,Q140317491-ab2c39b8-45a3-ebea-9642-88478069daa4
directors_7870,Q140317491,Q26489391,Q140317491-d22871a9-4c07-5261-d0d5-5e2d0be2a238
directors_7871,Q140322509,Q323664,Q140322509-9c9e1cf1-4b60-e0b8-e90d-f32e8f5e9102
directors_7872,Q140323980,Q455395,Q140323980-33b4a1ad-4521-b494-ddd7-a5e539b44881
directors_7873,Q140324088,Q455395,Q140324088-f9dd464d-44d3-cfc6-bd87-cc99cc15877f
directors_7874,Q140324628,Q715159,Q140324628-681453de-4020-fcaa-2e8e-78050a1f776f
directors_7875,Q140327261,Q1288519,Q140327261-473fbafb-4d17-785d-8f2f-ba162b34f00b
directors_7876,Q140328912,Q1288519,Q140328912-2d4ae90b-4504-00ca-d374-2f50554d58b0
directors_7877,Q140328912,Q1290207,Q140328912-01159a8e-49e5-2ba6-4d1d-430d1b52fd20
directors_7878,Q140328924,Q1288519,Q140328924-8a24bba2-4ff3-e423-6f59-2dce13496e4c
directors_7879,Q140328925,Q1288519,Q140328925-90f5ec48-4590-1ceb-952b-eff6ede14f6d
directors_7880,Q140328927,Q1288519,Q140328927-88a3ed2e-400e-bae2-e6b4-d5fadbf76f05
directors_7881,Q140328931,Q1288519,Q140328931-9043d67e-4a1f-5c64-facb-5d8eacd249a8
directors_7882,Q140328935,Q1288519,Q140328935-60d0ed64-480c-4a80-6482-b93784865107
directors_7883,Q140351255,Q1288519,Q140351255-a2fac5e6-4318-c334-ba79-0356a3bb0a7b
directors_7884,Q140351263,Q1288519,Q140351263-79876a63-4528-7c38-f5ab-33335fb3a1a9
directors_7885,Q140351275,Q1288519,Q140351275-2f671aee-4932-86b0-dae8-3fc169ab5aba
directors_7886,Q140351279,Q1288519,Q140351279-004ad06b-44bb-eca2-8b3f-7d2638fa7e56
directors_7887,Q140351436,Q1288519,Q140351436-4ca43d7b-4175-776a-a759-f60b10bf58cc
directors_7888,Q140352630,Q551708,Q140352630-1f9ca622-4400-f2ad-03e8-08fda63975de
directors_7889,Q140352638,Q551708,Q140352638-2ea148a4-4180-192a-193a-6d06336807be
directors_7890,Q140357437,Q139558501,Q140357437-3b0ca38f-4b73-2395-cc3c-0daa76aa8f35
directors_7891,Q140357468,Q139558501,Q140357468-e2dde5e7-4608-b652-7420-b56d7b40180d
directors_7892,Q140357497,Q139558501,Q140357497-471cb1da-4e50-b259-f44e-b81ebc00a53a
directors_7893,Q140361734,Q715159,Q140361734-70350123-4262-f8f7-c38f-66ab450e7075
directors_7894,Q140362833,Q6501223,Q140362833-28c40217-402c-8822-7245-f795b85584e6
directors_7895,Q14036428,Q5218706,q14036428-1487680a-4b02-8083-8238-e274e15b37a4
directors_7896,Q140365443,Q288141,Q140365443-a75fd7c3-49bf-05d5-a44a-41c639ee6671
directors_7897,Q140365485,Q288141,Q140365485-cff921c3-453f-487c-ca2a-9c6565e4f680
directors_7898,Q140365506,Q288141,Q140365506-50bce8cf-4a02-bf7b-3322-5f9c6510b6f7
directors_7899,Q140365523,Q288141,Q140365523-1e5c3afb-4493-331c-d3e5-132999e56396
directors_7900,Q140368070,Q6501223,Q140368070-1805b0c8-4a93-ebea-5b7c-036bb3e1c6f2
directors_7901,Q140368114,Q6501223,Q140368114-ed8c92ec-4208-373e-f91a-f1fb9bc8b44e
directors_7902,Q140368119,Q6501223,Q140368119-a5ee966c-4765-8611-b154-057c7b421356
directors_7903,Q140370097,Q288141,Q140370097-a62dceb1-463f-0d47-742d-5536a1a0da4c
directors_7904,Q140370100,Q288141,Q140370100-86a9ac61-42d7-12cd-889e-97b2817fdc0e
directors_7905,Q140370101,Q288141,Q140370101-2bbaa937-450f-4bf2-7fdd-4840ac594a07
directors_7906,Q1404012,Q721662,q1404012-D6939F85-6EC1-4D6C-802D-A6B78440BB77
directors_7907,Q140405011,Q139558884,Q140405011-c3fe70fa-4e4e-281e-b36b-382a54c60875
directors_7908,Q140409364,Q135997312,Q140409364-a1eb29d1-4c6e-3292-26ae-8de984e5135e
directors_7909,Q140420579,Q3099812,Q140420579-80b46631-4735-f5ae-dbf5-82e13586b4ee
directors_7910,Q140429264,Q896740,Q140429264-c3eb2a47-4341-9c47-75ba-dc6e3c566b46
directors_7911,Q1404323,Q532444,q1404323-2D0FA146-482B-456E-8018-68F913BFA19F
directors_7912,Q1404391,Q6125891,q1404391-BE7C21AA-3D3C-4AC3-BF75-E8EAC5BC8DDC
directors_7913,Q140441852,Q139738181,Q140441852-b371f4cb-41ca-db64-66d7-28fa436ae29b
directors_7914,Q140473571,Q11413949,Q140473571-150916D5-DF2B-475F-95CC-F9C64D25EB38
directors_7915,Q1404842,Q1605036,q1404842-6ab3ad1d-408e-fa0c-725f-ab7d45c4a173
directors_7916,Q140494137,Q136033354,Q140494137-1B6F9D24-9741-45DD-AB36-1CBBCD24728B
directors_7917,Q1405016,Q254152,q1405016-ACDD3EEC-5158-410A-A5BC-2DCE1FBBBBE9
directors_7918,Q1405113,Q1772954,q1405113-5C4D9342-C1C0-489F-847D-543B578BB234
directors_7919,Q1405126,Q348868,q1405126-EC9A8F62-724F-42CE-BFE1-CC38E037311B
directors_7920,Q1405305,Q218022,q1405305-57A79BDA-5131-45B9-A5C1-71D1A449C7A5
directors_7921,Q140548242,Q140480321,Q140548242-82ee12b2-4804-0d64-0fb6-456fb507e7c5
directors_7922,Q140571234,Q7313814,Q140571234-E32F9C20-C73A-4D6E-8E65-467AD4572A34
directors_7923,Q1405845,Q1748183,q1405845-4409E477-AF5B-4C7F-954D-0132CBBDDF7C
directors_7924,Q1405901,Q1323312,q1405901-36C3E05C-3CE4-45F5-AE11-6AE4F8107E10
directors_7925,Q1406074,Q2898503,q1406074-E514DFCC-57ED-47C4-B99F-DC6F2986A2EE
directors_7926,Q1406098,Q3179479,q1406098-A6D92B9E-6895-4A59-A300-79E16EC22B08
directors_7927,Q1406151,Q7396645,q1406151-2051C24F-7FFF-4135-AB5A-CFE2B943E21D
directors_7928,Q1406257,Q2296698,q1406257-CB754C9E-D1DC-459D-9AC4-BF1611C63C7E
directors_7929,Q1406280,Q55172,q1406280-A269525C-DA62-45E4-99D1-C8D764E92B5E
directors_7930,Q1406330,Q1375852,q1406330-D8E38559-EA17-4D35-AA6D-5F7C8C39EA6B
directors_7931,Q140645619,Q6055372,Q140645619-1454ffcf-4e3b-bf1a-805f-f741d3d42ddc
directors_7932,Q140669,Q12072216,q140669-08610D93-2A72-4C7A-A76E-059B0BED55D3
directors_7933,Q1406770,Q463255,q1406770-D064A65F-F191-46F6-A7FC-2BDDDAC42340
directors_7934,Q1406874,Q113623172,Q1406874-A93CF3B1-AE6A-4C6B-ABD2-EF5BA6ADF0DE
directors_7935,Q14071865,Q4717191,q14071865-13534C57-95E8-44EC-9C24-27D1C4E8394F
directors_7936,Q140737097,Q24705338,Q140737097-81c3bab6-41a9-fb28-065b-79ecb61d8fca
directors_7937,Q1407454,Q3369125,q1407454-2FB58292-138A-4AEE-BDDB-E19F67D7DFBA
directors_7938,Q140757194,Q551708,Q140757194-22e18290-4a2f-2678-7483-5901495319e5
directors_7939,Q140757322,Q6434867,Q140757322-ce164113-427d-e414-cd19-de6bd849de4e
directors_7940,Q1407661,Q1239091,q1407661-FEC73C1F-7967-476A-A2A9-C2A0FA0C48E4
directors_7941,Q140775154,Q2345067,Q140775154-77bc1f32-45a3-20e6-e86b-864b75799ddf
directors_7942,Q140775190,Q6434867,Q140775190-4b3694f9-4516-b63e-c1d1-d2b846dcda0f
directors_7943,Q1407789,Q1381752,Q1407789-E37332D9-F040-4F7D-B02B-ACF3220F554C
directors_7944,Q140792639,Q6434867,Q140792639-b59b5084-491f-5243-8fdd-a07f0e2cfc95
directors_7945,Q140800037,Q140800046,Q140800037-62e26f5c-4873-0008-2eda-8d345af3637d
directors_7946,Q1408094,Q127481,q1408094-F0FC5F11-B02B-4D7A-82BD-2D2FCC47904B
directors_7947,Q1408293,Q4138857,Q1408293-589D472F-6353-4E57-B4F1-BDA4C5B9AC6A
directors_7948,Q140836224,Q3161105,Q140836224-bad8b681-4df7-9247-f7ef-123c60e762c5
directors_7949,Q1409165,Q380237,q1409165-C31AE1AD-21A2-4AA6-8101-68DDEA75BC23
directors_7950,Q140924855,Q140925017,Q140924855-1057aebb-4b8a-0640-2133-62d038daad33
directors_7951,Q140924906,Q140925017,Q140924906-46f21d19-4725-6634-957b-48cbabfe3d4e
directors_7952,Q140925345,Q140925398,Q140925345-ca87c5a6-451f-7eac-2caa-e24534bdb0f7
directors_7953,Q140925474,Q140925398,Q140925474-d6d64ded-4404-9957-1ac2-edf8fec6e7cb
directors_7954,Q140926028,Q140926274,Q140926028-e8e388c2-436a-6664-d6b7-e132fa105ac8
directors_7955,Q140926028,Q140926327,Q140926028-2b072ec3-47d2-bbca-d12c-a42746849ec9
directors_7956,Q140935395,Q1475082,Q140935395-d973d1c0-444a-3941-8e04-f409925ecfc8
directors_7957,Q140935463,Q3341885,Q140935463-a3c0366e-436e-71ea-1cd9-77d76ea8b6e6
directors_7958,Q1409432,Q1908448,Q1409432-629DE9E0-985E-4AA8-BE58-3DC0B6522036
directors_7959,Q140945529,Q138845393,Q140945529-469502c3-4035-71a9-c0e4-e256040abfcc
directors_7960,Q1409466,Q131897605,Q1409466-203f5896-442a-a51e-fb09-7705950e244e
directors_7961,Q1409466,Q968993,q1409466-BF0B9FAB-E7FE-4DBF-A481-8AA3A44BCD21
directors_7962,Q140965567,Q684569,Q140965567-60203018-4393-bc0d-fde4-1eae3272bd73
directors_7963,Q140965568,Q140925398,Q140965568-0080621d-441a-3bf7-5853-0a23e09e21c9
directors_7964,Q140965568,Q140925398,Q140965568-48ba493f-443e-c41e-96f7-6ffe7805207b
directors_7965,Q1409673,Q108417,Q1409673-264EA1FF-6AA8-4338-BF21-CDC0E1F132D4
directors_7966,Q140967683,Q140925398,Q140967683-3417023a-427a-87f1-3d2c-c8a8dcdd4693
directors_7967,Q140970317,Q12028282,Q140970317-0f28e1fd-46ec-9eb1-d3eb-20925653f7fd
directors_7968,Q140971101,Q12028282,Q140971101-d1a8aad9-4fd9-191d-74e7-58993911c2b5
directors_7969,Q140985891,Q6434867,Q140985891-be0e85c7-4e93-e076-3b22-75edce1be913
directors_7970,Q140989013,Q6434867,Q140989013-68195085-4bc9-e648-18ac-67fe0e9de39a
directors_7971,Q140989380,Q6434867,Q140989380-4b7501b6-4ce3-d34f-d980-5eafaa1601db
directors_7972,Q140998194,Q135985284,Q140998194-0fa18eca-4817-399c-b4dd-8a8830a462e3
directors_7973,Q140998194,Q139936444,Q140998194-618111ad-46c2-26ca-16ff-c27c92b9f2ca
directors_7974,Q1410031,Q2647344,q1410031-9E9FC721-FDD9-4DBB-B1B8-FC73A9D7D938
directors_7975,Q1410288,Q4790340,q1410288-DCFAF5BD-53F0-40D9-8F76-AAE3E7D6689E
directors_7976,Q1410628,Q167475,q1410628-2E69D2C5-A51F-4F13-A783-6B89CFB6A5AE
directors_7977,Q1410845,Q2342969,q1410845-4466B5E7-4F21-46E4-840F-A7ABD80505F8
directors_7978,Q1410850,Q1761332,q1410850-29CAD6C6-D577-4A75-87B3-A06702ABFCED
directors_7979,Q141105874,Q1165289,Q141105874-d5b00bf0-43e7-9443-619c-dd375ff5dc37
directors_7980,Q141105875,Q1165289,Q141105875-06a1c35f-4fb8-a9a7-3cf6-ebd6e0c24d84
directors_7981,Q1411060,Q42304503,Q1411060-F00A68E5-B1E4-4B03-8503-42928691CD3B
directors_7982,Q141124361,Q628046,Q141124361-044be6e4-483a-be2b-4025-cd3a032228f5
directors_7983,Q141124540,Q108738714,Q141124540-6fd7c54e-4e66-12ad-600e-8d467d7579cd
directors_7984,Q1411281,Q3150542,q1411281-DE2B2435-3FDA-4858-BCA5-447DEB66AC86
directors_7985,Q1411345,Q363005,q1411345-1D293B80-C960-4915-B9D7-CA951A24F9BC
directors_7986,Q1411365,Q4756738,q1411365-27DE2A46-0977-4F23-8A91-1714818FCA58
directors_7987,Q141141472,Q55695801,Q141141472-99b78dd3-4e2b-cc9f-b2fe-31a77c4971ed
directors_7988,Q141145073,Q826563,Q141145073-0e341135-4fd5-5fb1-d786-89df96bd7b56
directors_7989,Q141145135,Q826563,Q141145135-aa8e7cd0-4821-fec1-26df-6b6c29d12787
directors_7990,Q141146090,Q137756431,Q141146090-c6b3ddaf-4567-8153-1451-df36edbdb834
directors_7991,Q141146364,Q3860086,Q141146364-238d6d65-4323-75cb-be31-3bf268cf559c
directors_7992,Q141159983,Q27458833,Q141159983-dfc5d7a3-46d0-9de4-5b31-f6cdc38d0e4e
directors_7993,Q14117444,Q707755,q14117444-1CC149C4-C6A6-4F02-B8E5-F642887F6E86
directors_7994,Q141188530,Q141178191,Q141188530-d201c113-4625-6753-cc54-3b40750454be
directors_7995,Q141188535,Q108738714,Q141188535-d3a98cdc-48e8-1221-064e-c770b0ff5c2f
directors_7996,Q141188535,Q141178191,Q141188535-8c1db37e-4180-842c-4531-b9b00006769c
directors_7997,Q141188536,Q141178191,Q141188536-ecd17157-4ff2-b167-00cc-bac0568c45e0
directors_7998,Q141188537,Q141178191,Q141188537-a16c0971-4716-1acb-c539-5b53e735088f
directors_7999,Q141188539,Q141178191,Q141188539-45a9e99d-4d23-892d-b366-15dfcdff23e9
directors_8000,Q141188540,Q141178191,Q141188540-2f081aa2-4dcc-d4b5-c10d-8aedd8312b4e
directors_8001,Q141188541,Q141178191,Q141188541-1412f536-42e0-db70-5a7b-c9811770a50f
directors_8002,Q141188542,Q141178191,Q141188542-c4f333d3-4ca4-d310-7105-353e3ac5f3db
directors_8003,Q141188543,Q141178191,Q141188543-f209179a-4817-e423-fdf7-52515920c813
directors_8004,Q141188544,Q141178191,Q141188544-03a4f834-4b28-592f-ed16-fe761840355b
directors_8005,Q141188545,Q141178191,Q141188545-384e0739-4e51-d5da-f73e-c8a2ce8b5c37
directors_8006,Q141188546,Q141178191,Q141188546-a6f8d2bb-4acd-6390-ff85-39c31a04b33c
directors_8007,Q141188550,Q108738714,Q141188550-fe054bf7-48aa-c4f0-6a9a-72c12eade12a
directors_8008,Q141188551,Q141178191,Q141188551-c6457320-4127-fd78-8af4-4e3f498de1d4
directors_8009,Q141188553,Q141178191,Q141188553-56f5587c-4935-5f9c-f657-00f5aebc34db
directors_8010,Q141188968,Q108738714,Q141188968-81bcfc15-44fa-4d3b-0478-6ba67b1a41c0
directors_8011,Q141188969,Q108738714,Q141188969-647c1335-4f61-ec6b-56e4-a2fee01e98d4
directors_8012,Q141188970,Q108738714,Q141188970-8f5a47bd-4d03-0f8d-6ae2-3db661b0e29a
directors_8013,Q141188993,Q108738714,Q141188993-778b8bfe-404e-87c1-54bc-88b5de38e4af
directors_8014,Q141189025,Q108738714,Q141189025-a33c0de2-42b4-f52e-ec5b-708a12201cff
directors_8015,Q141203193,Q715159,Q141203193-87d7b6d6-4250-b0e9-b883-209713d01c10
directors_8016,Q141203446,Q715159,Q141203446-f305efbf-452c-e4ad-3a1f-81dbba889138
directors_8017,Q141205529,Q235394,Q141205529-f901e4ae-4a24-aa9d-dff1-e6a4e15f1d95
directors_8018,Q141205529,Q715159,Q141205529-f90d8e77-442c-4d1d-ad0e-534c1fd39844
directors_8019,Q141216541,Q1288519,Q141216541-17a2ea90-4685-e953-81c6-00a652a83c57
directors_8020,Q141217754,Q108738714,Q141217754-7ddc5a16-457b-7c6d-b71f-3de4d88b19a5
directors_8021,Q141217756,Q108738714,Q141217756-792c4054-430c-9c03-8d2a-1a6ade556ca5
directors_8022,Q141217772,Q108738714,Q141217772-9cd8e585-4d2b-ec19-b055-5492899ab218
directors_8023,Q1412321,Q3934894,Q1412321-5f8cca80-9241-45b7-86e1-fa7f4793d2ef
directors_8024,Q141244763,Q141244764,Q141244763-9e21de50-4fd1-56ea-3786-a7275eaa9f75
directors_8025,Q141244818,Q19592383,Q141244818-358329e5-4581-8645-cdff-556f2f2ac007
directors_8026,Q141250452,Q19592383,Q141250452-af25348e-4e6f-28b6-f39e-c71670fedb8d
directors_8027,Q141251612,Q137831788,Q141251612-de04915b-465b-9074-dedd-b168c3192d61
directors_8028,Q141256397,Q141256400,Q141256397-d89d7e3b-4d87-917f-fcbd-274ea8f77ffa
directors_8029,Q14127204,Q6426234,q14127204-0DB3D8D6-29CC-4AA8-9FF2-C2349DB2C802
directors_8030,Q14127253,Q114875567,Q14127253-740CD43E-82DB-468E-8247-5A10F9E3D891
directors_8031,Q1412920,Q113462886,Q1412920-89A76801-6B7E-4B2C-A647-CE0F185763C2
directors_8032,Q141393896,Q141393920,Q141393896-9d5b1761-4cda-6d5e-7b06-29fe00153d1a
directors_8033,Q141418716,Q134584298,Q141418716-fd171486-43ac-a8a2-e4f0-65e02725a416
directors_8034,Q141436531,Q3050881,Q141436531-b5d6dbcd-435e-ede4-77ac-86ccdb0b4a24
directors_8035,Q141436540,Q432928,Q141436540-f9d12640-44d8-e165-d6ea-1db7b537bc5b
directors_8036,Q141436540,Q5614699,Q141436540-f179afad-402f-550f-170e-ebd57e5ef008
directors_8037,Q141441202,Q6055372,Q141441202-4d8f2482-4ad4-d4fb-ab25-33c4ecc92342
directors_8038,Q141446103,Q16889658,Q141446103-c1a4c065-418c-e25f-3371-09e41a2481af
directors_8039,Q141447,Q1333379,q141447-D20CD4A4-97DF-4A7C-B490-73F67D0B289A
directors_8040,Q1415011,Q1496442,Q1415011-5A844E76-057F-42D7-83D9-5F5B98E83040
directors_8041,Q1415029,Q2296698,q1415029-3ECF337E-71E8-4060-9DA6-25E63652AA22
directors_8042,Q14156180,Q114678284,Q14156180-E9E09D78-A6DA-41BE-A6EF-8BC423024A53
directors_8043,Q1415931,Q713165,q1415931-2DA1A2D7-F385-4438-ADCD-89B6DFCB6F41
directors_8044,Q1415964,Q3099599,q1415964-55DD8CEA-E343-454F-97D5-936BC053CF05
directors_8045,Q14167288,Q6271790,q14167288-ABE02A72-B783-444C-A0E5-22037015DD1D
directors_8046,Q1416822,Q372921,q1416822-2912F7E9-1237-491D-97F5-CC078213AD32
directors_8047,Q1416896,Q989586,q1416896-86AEFD72-1A74-4952-B1BF-443C97AAD931
directors_8048,Q14171368,Q298025,q14171368-d9bba4ca-4ebe-4d3b-9677-7c1b37a8e94a
directors_8049,Q1417683,Q3186037,q1417683-D3BC5860-F82A-448E-8630-3F7EC6BD8FA3
directors_8050,Q1417721,Q2720543,q1417721-8E720C93-95CC-4C96-AF69-1EBE7C1710F0
directors_8051,Q1417840,Q15431038,Q1417840-F791EB7B-A98E-4559-8079-7E6385E3D0AF
directors_8052,Q1417901,Q63069,Q1417901-5C46A4C0-C0B5-4352-BC37-247BDB81DEE4
directors_8053,Q1417929,Q188792,q1417929-7A2CFC16-1A23-4C34-A864-5A4BF8EFF40D
directors_8054,Q1418089,Q918487,q1418089-67A906DE-E39E-4E2B-8E29-A37E6C39DC69
directors_8055,Q1419056,Q334242,q1419056-03DAE2B0-4CEA-4958-B070-32AA3012C9B3
directors_8056,Q1420330,Q3277020,q1420330-3DD6DD6A-E49C-4366-9924-4ECF4805CE4C
directors_8057,Q14207952,Q460223,q14207952-C51DF02D-8D23-460A-A6C9-80CA1BFDFCC2
directors_8058,Q1421068,Q708899,q1421068-6A2E4AE0-0566-43E9-BFD0-547DDA5797FA
directors_8059,Q1421143,Q6238342,Q1421143-4FDD6A4E-85F4-4B49-973E-D9C4FBF40380
directors_8060,Q1421185,Q423313,q1421185-EEBF8624-11B7-4FC9-8305-D202871EE03F
directors_8061,Q1421526,Q365726,q1421526-2879E226-7EEB-49D8-BD70-00DE1B47884B
directors_8062,Q1421537,Q113351834,Q1421537-96D627EA-A65C-44D2-9C1F-66E91DF9554F
directors_8063,Q1421551,Q270848,Q1421551-ecd29f9d-44ed-0156-5468-658d081c20ab
directors_8064,Q1421593,Q350405,q1421593-EDD21AF8-AFF3-4121-B63A-F8B1CDDED7C3
directors_8065,Q1421902,Q399182,q1421902-90C36D28-0571-432F-8409-2F20DC2B240F
directors_8066,Q1422242,Q67268,q1422242-634A4CAF-E989-4B83-BE77-4A18A5A5A673
directors_8067,Q1422400,Q315087,q1422400-9AF6BB94-5EC5-47AE-A5DA-22BCBCB015F3
directors_8068,Q14227639,Q1893907,Q14227639-43328C51-DD91-472A-953D-C90CCBB0D4A8
directors_8069,Q142292,Q103917,q142292-5C6DE068-8A70-458F-AD1E-0CF6220B6332
directors_8070,Q1423020,Q295207,q1423020-60C8CFAD-2AF3-4D22-843D-4281354DBFA3
directors_8071,Q1423331,Q130527427,Q1423331-483B387F-378B-4111-8627-70D574582367
directors_8072,Q1423667,Q55258,q1423667-E334F608-245B-41EF-B73F-3751F7D4ACBE
directors_8073,Q1423695,Q726126,q1423695-3B0084EC-9A9D-4DC9-8DFF-2A3DEF441169
directors_8074,Q1423767,Q8003385,q1423767-9C872CFE-FADD-4328-B7C2-4600003298AA
directors_8075,Q1423820,Q104726,Q1423820-2898826C-091C-4687-A756-F96D54CF9F48
directors_8076,Q1423873,Q725970,q1423873-2A94DE1D-0734-4E40-B44D-E0C603D237F7
directors_8077,Q1423971,Q193628,q1423971-CCBF29CF-A8D5-4164-ADD0-3E47338ECE14
directors_8078,Q1424273,Q3123765,q1424273-62E0D684-8D2E-4569-A208-A5349C3F8FF9
directors_8079,Q1424273,Q3310430,q1424273-7A575B31-C7CD-4D83-9E68-6F4E26D2CCD7
directors_8080,Q14243960,Q4751248,q14243960-D40B7A6E-C52E-4F47-AF3F-787FF0D194D6
directors_8081,Q1424825,Q51516,q1424825-9E5B8B63-D7B7-425A-95B7-D4FB4B370DDD
directors_8082,Q1424884,Q4834237,q1424884-B12CB5D5-1294-418F-A041-00343217E32F
directors_8083,Q1424889,Q1757186,q1424889-10D9F32D-8643-46D5-90A8-48AE2E052F22
directors_8084,Q1424889,Q1889351,q1424889-56FAE3FA-0EAB-41F9-9202-58077D57718C
directors_8085,Q1424930,Q43264,q1424930-DD56334E-698E-4727-8E5C-ABE59F4FE019
directors_8086,Q1425300,Q4320307,q1425300-8DE1104C-F0BA-43D9-A4A3-833A5ED856F5
directors_8087,Q1425685,Q19560071,Q1425685-71F4506C-0A9F-47F8-9648-126923615481
directors_8088,Q1426069,Q6738295,q1426069-FE146B65-605F-42D8-B12F-78ED36DCF705
directors_8089,Q142695,Q1332810,q142695-4B6FE90E-3DB7-4729-9FF1-02739D3CC2C2
directors_8090,Q1427204,Q3286556,q1427204-B206D92B-CC9F-4390-96D6-4589EE1CAB00
directors_8091,Q1427248,Q2446795,q1427248-EC6D3DD9-1809-4EEA-A381-133FE9194125
directors_8092,Q14272676,Q431191,q14272676-951D202C-87AA-4DCF-8BA4-5BE657A0D4B6
directors_8093,Q1427521,Q472868,q1427521-F4796AF9-02D1-4C67-8E55-E7F2B28B304D
directors_8094,Q1427789,Q1080068,Q1427789-3AE7E747-27BA-463A-96C5-E0B65ED69834
directors_8095,Q1428139,Q113462887,Q1428139-D6C5461F-79DB-495B-9F1B-E2DACA1F9615
directors_8096,Q14282473,Q109679436,Q14282473-DA818476-1022-4495-8784-3C564AD04707
directors_8097,Q1428301,Q969501,Q1428301-9A012A85-8587-4B0B-B717-CD220DF0A8CF
directors_8098,Q1428455,Q16196081,Q1428455-98B48951-D77E-4CB0-9BBB-29618F22DC2A
directors_8099,Q1428689,Q21503648,Q1428689-D6458F47-33AB-4A55-9890-D2E51BF674E1
directors_8100,Q14302636,Q72014,q14302636-bea62c78-4fd6-abe4-ee84-dd30369fd364
directors_8101,Q1430336,Q1769261,q1430336-14698421-0D55-47FE-950D-43D14BA2667F
directors_8102,Q1430594,Q270911,Q1430594-FCB2F0B2-581C-422D-867E-7BE6A8D05813
directors_8103,Q1430996,Q519019,Q1430996-F40D8E31-5CB4-4DF6-904C-53F963771C79
directors_8104,Q1431299,Q38278327,Q1431299-244CDED7-5806-47F6-B084-A5AEB0D6399D
directors_8105,Q14315430,Q113946352,Q14315430-1D209C04-82CF-4637-9918-CBB512344A4F
directors_8106,Q1431639,Q2624537,q1431639-90032187-16A7-4AFE-A393-E67D9D9C583F
directors_8107,Q1431684,Q51537,q1431684-ED7D6352-3751-4EEF-9C8B-F32EBFB60DEA
directors_8108,Q14317024,Q7380291,q14317024-5832B010-8D51-4C3F-95B6-3E15C00533EB
directors_8109,Q1431878,Q175498,q1431878-12A938F7-A2D8-4B18-9C21-B3E2D9FAE0EC
directors_8110,Q14320,Q60100,q14320-6638BC8B-CE56-4995-8E07-E72F8AE14B5D
directors_8111,Q1432136,Q3290385,q1432136-4D286DA4-FE24-47BD-A802-4949AD53DB0C
directors_8112,Q14323819,Q114778336,Q14323819-F9A48F5D-3AAB-4A7A-BFEE-45A070C4D8DD
directors_8113,Q14324139,Q3346041,q14324139-BC7F8565-A69C-4E09-8E74-936DC3E9BA77
directors_8114,Q14324275,Q114684572,Q14324275-3D4AEFDA-CF61-4080-8685-0D37110EBF31
directors_8115,Q14324388,Q3565126,Q14324388-2829fee2-4402-11e8-7f35-b188d2feddc4
directors_8116,Q1432480,Q277996,q1432480-E6490B06-B5D1-49E7-886E-AF87D99CB5E4
directors_8117,Q1432482,Q3189167,q1432482-CA60CE40-3140-4D6C-8244-7DD785EA15DB
directors_8118,Q14326808,Q317814,q14326808-630E571E-CCD4-498C-9A25-7ED8173C493E
directors_8119,Q1432710,Q103917,q1432710-F702FF72-FB52-4781-8D47-4719B4377F28
directors_8120,Q1432853,Q548823,q1432853-4E2B36D2-44F9-4452-8C36-02F24D1EA032
directors_8121,Q14329493,Q504463,Q14329493-492521f0-4bd9-7596-6042-f907c8292989
directors_8122,Q1433265,Q958200,q1433265-461027B8-FDE7-4773-814A-D15248EF91D4
directors_8123,Q1433657,Q13612098,q1433657-2c1632fe-4966-81bb-045d-ef5bfb15afa9
directors_8124,Q14339915,Q1337354,q14339915-0f4c78c7-4063-e134-f099-772b64efebe1
directors_8125,Q1434212,Q5962216,Q1434212-5CBA6544-7A1C-46DC-8E57-FD6FE334C19E
directors_8126,Q1434504,Q5614699,Q1434504-084D7DD1-9E03-49B6-B0B1-870AECEB76A8
directors_8127,Q14346601,Q113740344,Q14346601-B7DDF789-BAC0-432F-B77D-609E5D82223E
directors_8128,Q14346752,Q16069130,Q14346752-E2D7E56C-90CD-4063-866C-59E6B100867C
directors_8129,Q1434730,Q4707732,Q1434730-431139C1-17F7-4125-97BA-6E5CD71EA66C
directors_8130,Q1434995,Q3481357,q1434995-00918003-9E44-4CEF-A438-CCB37496FF4A
directors_8131,Q1435036,Q771104,q1435036-FD366E54-588F-4D82-9B77-77761F1B8974
directors_8132,Q1435058,Q6984188,q1435058-31EA2F3D-826D-434F-ABDE-957987E4F501
directors_8133,Q1435107,Q14120433,q1435107-bf367366-4dc9-2961-1779-983c90c2b32b
directors_8134,Q14359607,Q1282375,Q14359607-6c263b9b-479b-26f4-a58f-145915621f04
directors_8135,Q1435966,Q4695886,Q1435966-E49D6ACB-B5D7-457B-B794-0668FAF5AC88
directors_8136,Q143605,Q967182,q143605-46587BF2-81C0-4AAB-90A5-E1FF664DA26E
directors_8137,Q14361469,Q12609311,Q14361469-E9217E70-6834-454A-897E-9CED9152B5FC
directors_8138,Q14366059,Q306403,q14366059-805d9294-4876-a569-4ddd-e3baca1e0da5
directors_8139,Q14369698,Q1446528,q14369698-f19b997a-443a-8a59-4287-338127e68b72
directors_8140,Q14369796,Q18358288,Q14369796-0F0D8E63-B23E-4953-80A1-CB7CC1A5EDF6
directors_8141,Q14369911,Q55422,q14369911-83cfb200-40b1-de5f-19cc-1b6295542119
directors_8142,Q14369942,Q23829713,Q14369942-8835A06A-CA0E-46DD-ACE5-2A567E11E408
directors_8143,Q14370012,Q558806,q14370012-8858e064-42e1-f8c5-91e4-ef8778273d0c
directors_8144,Q14370105,Q1373590,q14370105-9ff1894a-4cc9-d8d8-1fd3-c4be3f7c6177
directors_8145,Q14370516,Q3369526,q14370516-D952B9EB-E202-4A55-BB33-56F70B1A9682
directors_8146,Q143716,Q363005,q143716-0F107557-D831-43B1-A1B4-99E66E9E3016
directors_8147,Q14371870,Q4992193,q14371870-5d6c595b-4759-d0b8-ddea-e71beb82183f
directors_8148,Q1437261,Q15277249,Q1437261-1452B7D5-1059-4DF6-BD4E-C740E8674B30
directors_8149,Q14387340,Q1866610,Q14387340-CF108698-72BF-4DD6-B9C1-5D4726D9F3F5
directors_8150,Q14388012,Q3623929,q14388012-49D2A767-B978-46F0-AEC4-7594D40C4DC6
directors_8151,Q1438833,Q3237660,q1438833-942C1A23-2C15-4032-8B5F-453CDBCB3FB4
directors_8152,Q1439290,Q1658289,Q1439290-6F26002C-9FA7-40B4-A2AC-8B908ACC5F84
directors_8153,Q14394381,Q115272113,Q14394381-EFB9C253-4686-41D8-8F2A-430D02858A64
directors_8154,Q1439492,Q463565,q1439492-BC8C0910-F453-480B-AB58-E87A7E829C94
directors_8155,Q1439514,Q4727150,q1439514-76A33504-95EC-4383-B447-E9A2BDEC37EE
directors_8156,Q1439591,Q51541,q1439591-AFDF1F4D-342D-499F-B7F7-6EAE1F94DE72
directors_8157,Q14396397,Q15215623,Q14396397-5bed0f5b-4281-0cbe-1446-57cb924780db
directors_8158,Q1439722,Q1757186,q1439722-38D049F7-3B28-43CA-8A85-AE84F35C46A8
directors_8159,Q1439722,Q1889351,q1439722-1C55FD18-6027-460D-87C4-5F511BE42BE4
directors_8160,Q14399854,Q707336,q14399854-D888EDC2-8E4E-4DB4-8F89-877D196C9601
directors_8161,Q1440375,Q19268774,Q1440375-E22E7122-2507-4ACA-9E5C-522FDDC4855A
directors_8162,Q14404793,Q21787617,Q14404793-ed251953-2cb2-42ea-8c3e-ea5ac97cb56a
directors_8163,Q1440613,Q1620439,q1440613-25797f13-4786-9f4d-1e2d-a9f23b86b913
directors_8164,Q14407638,Q2394603,q14407638-117FD1A9-B5CB-4837-8984-AE573B1B051C
directors_8165,Q1440814,Q325805,q1440814-A3572F54-F1FB-4631-9C81-0217DD27004B
directors_8166,Q14421326,Q318712,q14421326-C32C461E-1E0C-442C-B5DB-0BDC1B547105
directors_8167,Q1442306,Q786469,q1442306-5B83569B-D28C-472F-BB6B-9C51669DD3DD
directors_8168,Q1443144,Q113410904,Q1443144-CB877204-A472-447B-A6F0-AF58E899238E
directors_8169,Q14433754,Q359331,Q14433754-AA2BC05E-5DCD-41CB-BACB-B3C0851C4953
directors_8170,Q14433973,Q115272114,Q14433973-E00A6D99-E1DA-421D-A513-EE902609C014
directors_8171,Q14434297,Q14639191,Q14434297-590CCCF0-B54C-4405-B149-A8FC665904C0
directors_8172,Q14434297,Q14641129,Q14434297-BAF880F3-0F68-49C0-81B9-A333EF9E4E3D
directors_8173,Q1443555,Q3876520,q1443555-2781807e-42cc-9ff5-f7a1-352839d4238d
directors_8174,Q14437345,Q114080313,Q14437345-97D7A870-299E-4D44-AB02-78A969F61002
directors_8175,Q1443738,Q1150229,q1443738-39140DD4-EDD9-4800-93AE-C2C65CD83B61
directors_8176,Q144380,Q19544718,Q144380-4635A398-310E-47CE-AA1F-F52CA0061911
directors_8177,Q14439446,Q117860603,Q14439446-7CACC622-043E-472B-9986-54F55E6C6FBA
directors_8178,Q1444046,Q96739386,Q1444046-47f65093-4f38-8244-fc87-1d4405fe3207
directors_8179,Q1444108,Q2745262,q1444108-47D4793E-B9E9-43A2-8D16-37890BE733E3
directors_8180,Q14453132,Q542400,Q14453132-F4610ACB-7AC8-4984-8847-36F378B8D6A5
directors_8181,Q14453450,Q1007923,q14453450-E5FA0E44-1239-48A1-97D1-FDE670AE6EBC
directors_8182,Q14458055,Q1681872,Q14458055-DDDB0034-2C3E-41D9-81B6-4BDA9D9A81E9
directors_8183,Q1445893,Q722352,q1445893-196D1092-FEE2-4C4C-B3A9-6067657FC74E
directors_8184,Q1446504,Q314403,q1446504-1BFD4910-7002-414C-AADC-3AE9B9BE77B5
directors_8185,Q14467251,Q2170671,q14467251-1785305F-C269-4F34-8B65-F570380DF585
directors_8186,Q1447525,Q57391,Q1447525-FE1CEEC4-90AA-4F53-87DA-53FFA6555632
directors_8187,Q144756,Q457656,q144756-AB6DE6DA-00A3-4827-A6F3-ADB8E4C48442
directors_8188,Q14476188,Q5070934,q14476188-9CC5B335-B121-4BBF-BE49-544DD6583985
directors_8189,Q14476380,Q101995592,Q14476380-2B908028-BD14-4AF0-B9D6-144F8532A2BE
directors_8190,Q14476570,Q4707232,q14476570-AEB5F1EC-DDE1-4849-95B7-7DF1C129E6F4
directors_8191,Q14476570,Q5442170,q14476570-33B77395-3BF1-43EA-BBD6-72BC843C1161
directors_8192,Q1448253,Q538578,q1448253-A1CBEA15-F045-4C17-865B-745AE52E984B
directors_8193,Q14488725,Q192990,q14488725-813288BB-97E4-4213-81FF-476D0A8AE388
directors_8194,Q1449664,Q13359754,Q1449664-46553792-BD52-4A22-A888-261D2F825ECF
directors_8195,Q1449664,Q8353750,Q1449664-AE65960A-2A12-4FAD-B2FE-151CBCCB9D5A
directors_8196,Q14497449,Q3016485,q14497449-1BC9E3E2-6B8A-49F0-A435-A88A4C034478
directors_8197,Q14499630,Q2486752,Q14499630-FE41DC47-8DD3-4C21-99B0-62343544A839
directors_8198,Q1450717,Q4679789,Q1450717-81EC1BB1-377A-44B3-B1E9-DBDE92AD145D
directors_8199,Q14509721,Q924283,q14509721-276EC5A7-2667-4919-9AB0-79F832AFC5CC
directors_8200,Q14511869,Q25089,q14511869-E193FE6D-A717-4282-BB5F-DB29C0F05438
directors_8201,Q14511981,Q2924979,q14511981-49F4168C-6AE6-4872-A392-38715DFAE5F5
directors_8202,Q14512003,Q543733,Q14512003-10AA6101-F175-4171-B37D-8B834685E98B
directors_8203,Q14512082,Q1159900,q14512082-72a5ff45-465f-83ff-82ed-374ff0986b7c
directors_8204,Q14512114,Q20920237,Q14512114-575CE2B3-51F5-4EBB-B8C5-A90845A6C3D8
directors_8205,Q14512148,Q5262580,q14512148-26255e42-4e7a-ee7b-dcb1-5095268b089c
directors_8206,Q14512797,Q362930,q14512797-979a258b-4a99-4ef9-f0cf-275322ed7303
directors_8207,Q14513321,Q552731,q14513321-5AEC576E-8A6B-4A95-A706-ABE9ADD36F30
directors_8208,Q14514258,Q1987021,q14514258-50564329-4684-42FB-AEE7-FDC11980B8EB
directors_8209,Q14514268,Q230795,q14514268-69813924-41f7-26e4-726a-b4e2ba07146a
directors_8210,Q1451485,Q126370710,Q1451485-b91a5926-4a53-2239-f9f0-a298fdabe237
directors_8211,Q1451485,Q12771558,Q1451485-04e9755b-4b1f-b549-280b-85f7ebe954dd
directors_8212,Q1451485,Q981530,q1451485-97ECEB6D-6E0F-426F-851B-E18967F41F65
directors_8213,Q1451948,Q513632,q1451948-3BE3195E-872B-45D7-A695-496F27D7F9B8
directors_8214,Q14519487,Q458058,Q14519487-1C20393E-3CD7-4C5E-83F8-4FFDB458BC8D
directors_8215,Q1452143,Q2503175,Q1452143-0AB209E5-B710-496F-8570-52862C7B3E0A
directors_8216,Q1452146,Q2503175,Q1452146-202BF83A-7B2B-4C23-A779-2B444109A214
directors_8217,Q14522493,Q319204,Q14522493-B5AA0F06-02D2-4A8C-868A-F9F189D93C64
directors_8218,Q14522896,Q598238,q14522896-91c1b718-4b0b-6339-ca20-1f58277ab049
directors_8219,Q14522920,Q3308160,q14522920-d603ce6c-482e-2e8f-9b8c-2d570f46b169
directors_8220,Q14523264,Q720615,q14523264-A33BAAB0-37C7-449D-BC16-32076F3E307E
directors_8221,Q1452656,Q315826,q1452656-010E1F48-D8BA-46A0-9EA1-E23B2DD6872F
directors_8222,Q14526650,Q158250,q14526650-66a768ca-479a-8233-f88e-9ae5ed6aa8d7
directors_8223,Q1452938,Q7350620,q1452938-5E3D1CE0-855A-4312-8FEE-F92D0AC196F4
directors_8224,Q1453624,Q114554732,Q1453624-42F73F22-9E31-4BC2-BD48-DDC3E68F3AD2
directors_8225,Q14539337,Q106218467,Q14539337-0FA290D0-A32F-4224-9B4A-BA7B0DA059B6
directors_8226,Q14539337,Q106218530,Q14539337-B3C76788-DCCE-4B63-90C8-1330C0BA23F9
directors_8227,Q14539337,Q106218643,Q14539337-AFF96C12-A20A-4F8F-A245-E22CDA64E5A5
directors_8228,Q14539337,Q30342460,Q14539337-B3864DA3-C20F-433F-97B3-E52F1B7FD8AC
directors_8229,Q145396,Q11698784,Q145396-9A8FC4D4-95C9-4146-B977-2D0BFF23B7B5
directors_8230,Q14540226,Q1381665,q14540226-e18bcb23-4f6a-2dc0-814d-ec1e339967ac
directors_8231,Q14541732,Q100965079,Q14541732-3351B616-CC9A-497E-9FA1-E9F771D175E1
directors_8232,Q14541802,Q20901935,Q14541802-0EDA765C-0C59-415A-9671-E93CB453735D
directors_8233,Q14541928,Q43371305,Q14541928-47be931b-44dd-7dd0-6b0f-d8f5ee13be52
directors_8234,Q1454224,Q2077488,Q1454224-26C89AA0-3356-42E4-842A-41A566527B18
directors_8235,Q14543185,Q686867,q14543185-1AE3B9C9-5ECE-46AC-9090-706860A84C82
directors_8236,Q14544900,Q67266,Q14544900-05572487-4fcb-edda-2fc2-3169082c21ae
directors_8237,Q1454748,Q344854,q1454748-130D4117-66BF-4503-B958-D46C4949225F
directors_8238,Q14549501,Q337226,q14549501-86e7b7ee-482a-a941-3e4f-01b0aeed3be4
directors_8239,Q1455075,Q322842,q1455075-EFC402FC-DEDD-4E50-BC8D-BDA26EDC75FB
directors_8240,Q14550874,Q1761332,q14550874-454e075c-4c09-4622-67d4-56493edd2922
directors_8241,Q14551360,Q319849,q14551360-de628f4a-423f-ea25-3335-0227fd9e7904
directors_8242,Q1455242,Q3134416,Q1455242-5016489A-58A1-46C8-9F9E-DE4CBB602E95
directors_8243,Q14552558,Q3056581,q14552558-8dca52a5-47e2-8cd7-5a43-32bef353af78
directors_8244,Q1455464,Q1256817,Q1455464-C4BCB499-51F8-4DA9-B800-F1B1815B8F56
directors_8245,Q14556951,Q1344373,q14556951-5DE4EFF1-D006-40F3-9E25-9EE3F1D1512D
directors_8246,Q14563975,Q14566057,q14563975-CD10157C-A49E-489A-AE0A-381AEEBD052E
directors_8247,Q14564881,Q558109,q14564881-702F8F3D-F63C-4DEE-ABA9-3D11E3DDC641
directors_8248,Q14565224,Q17335175,Q14565224-B04AF716-9420-44A6-AD7B-F312AC524EF2
directors_8249,Q14565224,Q60137721,Q14565224-E5C48EA6-8B90-458C-93F9-E978BB698B14
directors_8250,Q14565630,Q12712786,Q14565630-267CFC90-B9DA-490C-BE9F-D4057558B62C
directors_8251,Q14565636,Q15932420,Q14565636-bfc83afb-42b9-9f86-a7ec-40e68ff86710
directors_8252,Q14566094,Q702536,q14566094-82d671f9-4ed4-bcf9-2421-fa5be6a53069
directors_8253,Q1456651,Q6044635,Q1456651-B2503A63-4FD8-4606-908A-1B5D349E1E6D
directors_8254,Q14566553,Q1273122,q14566553-08367035-00B7-4504-9806-317FE48BCA62
directors_8255,Q145688,Q1340391,q145688-C1B7299A-7DF9-41FD-A33E-2749A07C5071
directors_8256,Q1457030,Q971738,q1457030-9B563F32-94B5-4D7B-B6FA-561B1DB51768
directors_8257,Q1457036,Q6849298,q1457036-A2866B86-81D9-4541-8230-3CB3FF4624B5
directors_8258,Q145731,Q113119053,Q145731-74AB4AE7-3DF2-4CF7-A553-DF991EC753C8
directors_8259,Q1457659,Q270620,q1457659-585EFE4C-B0A0-45E8-A9B8-32E7AB672646
directors_8260,Q14578326,Q139330,q14578326-E02AFF9C-CD1A-45D1-ABDD-5870A1EF39B4
directors_8261,Q1457891,Q452643,Q1457891-5498ECBB-A7FA-415A-84C4-EAEBC7C92239
directors_8262,Q1458177,Q24829,q1458177-1D5BF670-E49B-4523-B975-6DE261310B48
directors_8263,Q1458594,Q380237,q1458594-3898CB1D-D723-47CF-8E26-A8AD2661B42D
directors_8264,Q14594687,Q61347,q14594687-b2980125-4e6b-501d-29e1-dcbe7ab221d5
directors_8265,Q14594833,Q455482,q14594833-D9B94375-08AD-441F-B861-909EF784EE0C
directors_8266,Q14594833,Q6047738,Q14594833-26EF64F8-831F-47C3-B75B-32917ACFE482
directors_8267,Q14595113,Q727938,q14595113-9FAC2668-A995-4DC3-BD51-E233E2B5D832
directors_8268,Q1459566,Q95216155,Q1459566-E6B47906-2967-460A-9B70-F2D219A4858B
directors_8269,Q1459759,Q13909,q1459759-99B9A095-1CAB-4839-957D-1F64CB746283
directors_8270,Q1460092,Q2451678,q1460092-9DB3BC50-2925-4CC5-A8E8-7FFEBABF0BB8
directors_8271,Q1460394,Q314502,q1460394-CFE47C67-30C8-4331-93FC-52916E207797
directors_8272,Q1460487,Q113305096,Q1460487-5BDBDEFB-F485-47C1-BD3F-CAFB4A4E9F04
directors_8273,Q1460522,Q1083310,Q1460522-16DF944D-41F0-4E32-858C-AE4B4ECA9345
directors_8274,Q1460779,Q6844804,q1460779-2BC3607B-1667-47E4-B35C-2CF270B0B273
directors_8275,Q1461091,Q1530222,Q1461091-c11b33de-4cc4-6146-b023-67981ef112d6
directors_8276,Q14616749,Q10307367,Q14616749-89058763-43fa-a5b7-c1f4-ccc51b4d8944
directors_8277,Q1462075,Q2865970,Q1462075-95D2B2AA-C52D-4395-9422-5AB292EA39EE
directors_8278,Q14623221,Q16734655,Q14623221-F692DAA9-0A49-4026-BA58-F0BD02555658
directors_8279,Q14623361,Q114012239,Q14623361-71B8C703-A821-4A29-8355-BAD379E8A75A
directors_8280,Q14623562,Q1107120,q14623562-4ab04075-48a3-2470-b44c-b95316933a09
directors_8281,Q14623630,Q1894024,Q14623630-611267EC-7D72-40F8-8083-B76CDD12D34E
directors_8282,Q14623718,Q113976631,Q14623718-61D3460E-DC0C-4520-9545-47029B01E1F1
directors_8283,Q14623720,Q11616890,Q14623720-7b87d073-4821-791a-b6a3-431256a665a1
directors_8284,Q14623727,Q15972939,Q14623727-D41635F1-E04A-4A22-8888-1FFEC25A1372
directors_8285,Q14623735,Q3199741,Q14623735-C4FD3869-40D8-42F0-976A-A215D1F64956
directors_8286,Q1462630,Q1342745,q1462630-A43C14CD-261B-4479-A9FE-CA32915C4133
directors_8287,Q14626306,Q23888818,Q14626306-441D62E9-5720-43F6-98A0-B6F3F4BD4D18
directors_8288,Q14627359,Q16656019,Q14627359-0E021FBA-5243-4449-82BE-F70D1FD01EEA
directors_8289,Q1462822,Q3376892,q1462822-45FEDB6D-37AF-4C9E-9621-71EC4B5052D8
directors_8290,Q1463176,Q3048492,q1463176-AB53D2FC-D844-4ACF-B669-8E8B87DD159A
directors_8291,Q14634026,Q55411,q14634026-160D92A0-35DA-4400-9199-2725D31F553B
directors_8292,Q14634072,Q429544,q14634072-09EFB618-CDCA-456F-AF46-C004E93E93E4
directors_8293,Q14634910,Q2665374,q14634910-54F93794-35AC-4BE4-B9E1-C5043453AFD4
directors_8294,Q14635300,Q484882,Q14635300-60BE53DD-C072-4DD0-A94F-8C9CC6C869A4
directors_8295,Q14638068,Q15070019,Q14638068-a627aba8-4c65-df09-033d-58f30b50c853
directors_8296,Q14639047,Q556235,q14639047-AB0CFF22-9399-4456-9DAF-6A03C2FBCDAF
directors_8297,Q14640617,Q3476723,q14640617-F7362F71-A9E6-45CC-8776-FE18A0B962CB
directors_8298,Q14640729,Q323074,Q14640729-AB5CD1E3-9F57-4030-B077-437D87899A12
directors_8299,Q14646004,Q14645232,Q14646004-056b635a-43a8-331c-5f7c-638158628214
directors_8300,Q1464730,Q131321355,q1464730-74D3E50D-CC39-4B3A-87F7-20A52021D0DA
directors_8301,Q1464976,Q1083572,Q1464976-147CE0BB-DB13-4698-B928-FF89DB6B5CB8
directors_8302,Q14650496,Q108047434,q14650496-86DF515B-0175-4174-9754-BA9E357E8204
directors_8303,Q1465295,Q2852995,q1465295-7EB42F33-5CE5-4BA3-96C7-977593BA6698
directors_8304,Q14655414,Q61659642,Q14655414-F656EF6A-1D87-410F-8DD1-424A7A44813B
directors_8305,Q1465829,Q441722,q1465829-9695CCFD-91AB-45EA-8A89-9BB3C0A73BD4
directors_8306,Q14658872,Q1444327,Q14658872-16F9CB62-D80B-4990-A17F-B796A91810EC
directors_8307,Q14658872,Q67268,Q14658872-161002B3-3276-45D5-859A-A60B2D6C0B03
directors_8308,Q1466520,Q106603630,Q1466520-A2412ECD-A1F4-4D88-887C-1C69E024EE50
directors_8309,Q1466736,Q104791,q1466736-88F670F5-9877-42FB-85E0-2D8784D24939
directors_8310,Q1466744,Q951671,q1466744-7028BC86-80E3-4149-AB87-F7E852213440
directors_8311,Q1467522,Q1446528,q1467522-BBAD8412-BFDC-4C49-8CD9-DEFBFE3E3B13
directors_8312,Q1467545,Q946314,q1467545-496B916F-9A9E-4F2F-8B50-56AB6FA0A322
directors_8313,Q1467987,Q3776570,q1467987-C0035851-B5A4-4F8C-96E7-D2C97DDA0C6D
directors_8314,Q1468196,Q139346,q1468196-5B3E69A8-014F-4CD1-8DAB-8C10B27DF9A7
directors_8315,Q1468455,Q2439943,q1468455-F67D3979-D244-444A-94BC-62D43AA3739D
directors_8316,Q1469426,Q967182,q1469426-054D311B-3116-49E7-8FC7-120DB57B157F
directors_8317,Q1469776,Q7117319,q1469776-10A672D3-5F80-443D-BC81-FD6EE3EE092F
directors_8318,Q1470314,Q2836688,q1470314-B80F7471-4C60-4566-B55F-FACB6954FD0D
directors_8319,Q1470342,Q103917,q1470342-040FC6D2-B35D-46A9-8216-41D328B382B2
directors_8320,Q14704171,Q6288682,q14704171-CF8018DF-6232-4026-ABFD-3DB851F8F059
directors_8321,Q1470523,Q545669,q1470523-73BC550E-1F44-4485-A004-49E3841242F5
directors_8322,Q1470582,Q269692,q1470582-ED1DE894-9B7A-4A2D-8416-4A52BEBB59FC
directors_8323,Q1470661,Q458301,q1470661-EA6A6B17-E2AF-4515-A895-7DACFD6D055A
directors_8324,Q1471255,Q912327,q1471255-D74BC543-55AC-412A-9908-E882769B4C98
directors_8325,Q1471338,Q1529280,q1471338-2ACB1728-8D54-44BC-963A-0025FFF49E4F
directors_8326,Q1471937,Q3481124,q1471937-B508EED2-1455-4EC2-B449-5D5026C2397C
directors_8327,Q14719604,Q684474,q14719604-AFD9AD8B-6AC9-4F91-A532-A25599FF5D8A
directors_8328,Q14721119,Q16738964,Q14721119-E981FC89-1C45-4475-9119-C861E4CC6609
directors_8329,Q1472322,Q1158442,q1472322-459315E2-269F-4A1C-BE52-E504D2C9353C
directors_8330,Q14723964,Q541368,q14723964-473443B3-1443-450C-B23D-7C9B9F396EFF
directors_8331,Q1472699,Q896740,Q1472699-4058E2F3-AF7F-4DE1-AB0F-ABC2474C1E67
directors_8332,Q1472854,Q78756,q1472854-E895412A-686C-4354-97D7-64DA38244E41
directors_8333,Q147308,Q22665726,Q147308-d555cee0-42fa-d71e-5ebe-bb7a96421059
directors_8334,Q1473281,Q1104240,Q1473281-5CC4D02B-A4F7-4CC1-AA74-A9C02A9A1141
directors_8335,Q1473281,Q724162,Q1473281-25EF146B-DB08-4983-AAF2-B2C77E159E1A
directors_8336,Q14733105,Q14642576,Q14733105-388F553B-EAA5-43D1-835E-7F2A421B7647
directors_8337,Q1473596,Q2927184,q1473596-FB6ADC9E-E628-41D8-BA7B-67D6E584AD79
directors_8338,Q1473609,Q23697700,Q1473609-5a31f3e2-4a9d-d858-2873-8e9c58782c25
directors_8339,Q1473776,Q470104,q1473776-CD2AC782-66B0-419F-8F53-6BED273472A3
directors_8340,Q1473776,Q616410,q1473776-BBF4E3DC-CEC0-45F8-9ED9-19DEA4E4EC89
directors_8341,Q1473804,Q55258,q1473804-D22F61B1-274F-4AC9-B4A4-2A47C1042980
directors_8342,Q1474127,Q4963510,q1474127-4A0208BE-F21C-4B86-84B5-3CDB999A119B
directors_8343,Q1474263,Q723252,q1474263-8945A156-19DA-4A52-9E39-C39F50CC8451
directors_8344,Q1474655,Q1900385,q1474655-685A448C-CAB3-4513-89BC-70B91D2AD515
directors_8345,Q1474762,Q123710,q1474762-5B40419F-0C2C-4843-BF79-A4E9D8EB553F
directors_8346,Q14749215,Q12321587,Q14749215-E4ED8868-61AF-4CE6-9231-9CBD7DA2F9C6
directors_8347,Q14749477,Q114028151,Q14749477-210F4F41-C60B-439E-874F-94F87B9A9255
directors_8348,Q1475100,Q1334704,q1475100-6C0DFA37-9ECF-4597-A8CE-562E7FBF6452
directors_8349,Q1475100,Q25120,q1475100-690EAE72-3600-4547-9471-2A71F52DC7AD
directors_8350,Q14751300,Q117828318,Q14751300-ECFF0E9B-EADE-4BAA-BEB2-2CB5C36F89A0
directors_8351,Q1475136,Q18055866,q1475136-5B012B4D-8B1E-4297-BD08-08E25083EB7A
directors_8352,Q1475259,Q709076,q1475259-0B0EF3A8-7EA0-4F32-9087-C3AD3E88BD5E
directors_8353,Q1475278,Q541281,q1475278-30C4B530-ADF3-4621-B594-8D0D27B57249
directors_8354,Q1475299,Q970879,q1475299-03993BCB-DFAB-4A21-B572-63BF1E20668C
directors_8355,Q1475460,Q13220867,q1475460-39B68A99-9C0E-4C2C-91A6-C59E7EF6B6F5
directors_8356,Q1475460,Q2397462,q1475460-A0447DFF-AE2B-4F14-8C46-766E9D6BC639
directors_8357,Q14755189,Q5962350,q14755189-D5E23B93-42AE-410E-B361-3667ADEC2299
directors_8358,Q14755190,Q5947357,q14755190-F2E69FE7-E2B7-4898-82E9-F9C790095238
directors_8359,Q14755307,Q3428926,q14755307-8F233020-86A2-4A9C-ADD3-99886152CEAA
directors_8360,Q14755359,Q5875129,q14755359-2536E418-068F-4B26-A3C2-0375196383EF
directors_8361,Q14755433,Q16050679,Q14755433-3BE4217F-3A75-41DE-A6AA-72E20A3EDCB3
directors_8362,Q14755449,Q16046094,Q14755449-E258F0E0-0C96-4F17-936E-8EA5EEFBFA3C
directors_8363,Q1475547,Q573338,q1475547-9AC55544-B84D-49AF-B29D-1FC2A3CAD773
directors_8364,Q14755478,Q16046789,Q14755478-3149DEE2-8C16-422C-B9E9-86A9269384DC
directors_8365,Q14755616,Q1942648,q14755616-660A14D6-46DE-4312-80E0-0AB713A2A07A
directors_8366,Q14755654,Q10883956,q14755654-A6476421-B153-48D8-864F-1F3244BC81C3
directors_8367,Q14755665,Q5716582,q14755665-E6630BF0-3DD9-4C6E-A31D-6A6DFF1163AD
directors_8368,Q14755682,Q3054944,Q14755682-D1A78346-CCC3-4EEC-A613-1DA221867829
directors_8369,Q14755726,Q5956230,q14755726-F89B28A7-5632-40CF-B001-E1DABB8C1201
directors_8370,Q14755755,Q16050704,Q14755755-26950B7A-0C15-4285-9340-A50EBCCF00C5
directors_8371,Q1475581,Q2420333,q1475581-AD2A575C-BFD6-435B-9525-5299349CC92E
directors_8372,Q14755826,Q5939074,q14755826-DFB3EAAC-3085-4C10-B7A7-00B4A550D3E5
directors_8373,Q14755835,Q5945908,Q14755835-FF25F305-2E72-4A90-8BFF-7DC40923679D
directors_8374,Q14755846,Q5957848,q14755846-C479FFE5-0B91-4B09-9F06-150F00A97D6E
directors_8375,Q14755896,Q5947066,q14755896-6CC7758D-1223-442E-92EB-A3DA8B4C0817
directors_8376,Q14755915,Q5917129,q14755915-024F319B-ADAF-4E64-AF77-0F2C0D3691AD
directors_8377,Q14755935,Q17994586,Q14755935-7FD82A83-31C6-4D18-8AC8-EA872E672A20
directors_8378,Q14755942,Q5940046,Q14755942-6EB4C875-7133-45EE-8F36-72EDF4151693
directors_8379,Q14755958,Q5434809,q14755958-867FE0A1-BCBA-4C09-918B-396AB7C994EE
directors_8380,Q14755974,Q4295658,q14755974-12F7EEF3-9866-4582-92F0-64BBB57EB65B
directors_8381,Q1476272,Q711022,q1476272-D118D5A6-AF07-4F61-83BF-73C5DF31B78D
directors_8382,Q1476726,Q113502495,Q1476726-D1777728-11B3-4FC5-9A6A-C21758125153
directors_8383,Q14772351,Q139890,Q14772351-2ebb6a5e-4753-b855-92c7-ae3854715e7c
directors_8384,Q1477243,Q3119205,q1477243-25BD2208-7FC9-4CEA-8F52-E0961F8F4382
directors_8385,Q14774970,Q2578679,q14774970-E214FDA8-7A87-413A-8B16-31CD192DD1C6
directors_8386,Q14774997,Q313506,q14774997-23215b3b-47f4-d434-8efe-fdf8f044d561
directors_8387,Q14775040,Q715330,q14775040-3A1DBDD5-604B-4EC8-9ADF-91A35EAE58C9
directors_8388,Q14775069,Q550717,q14775069-816a0865-4f89-f3d7-e241-8b328dc3b888
directors_8389,Q1477823,Q113410915,Q1477823-0B80F876-DA3E-4871-9C2D-BF102D9824EA
directors_8390,Q14786561,Q1091339,q14786561-F6059948-A08B-4611-BAEC-281B1FDE96FB
directors_8391,Q1479227,Q4372994,q1479227-024170bc-41ef-08f8-5a4c-5adb981641d3
directors_8392,Q14795365,Q3532513,Q14795365-1E0F6F77-9CC3-4882-8D40-8B74FBC5412D
directors_8393,Q1479655,Q942796,q1479655-6FEB3064-3007-4E96-9091-3DDB450C01DC
directors_8394,Q14802842,Q2624066,Q14802842-384148DE-5860-4700-95F4-C42E2FD9B437
directors_8395,Q1480747,Q444583,q1480747-41450FC9-9FA3-4DC7-8D36-E07E1E868570
directors_8396,Q1480806,Q450309,q1480806-1B0BABBF-BD18-4A94-9C7C-F430F94569F4
directors_8397,Q1481125,Q659472,q1481125-2BA2FDA2-836B-4C34-BCC6-210CC02CD63F
directors_8398,Q1481681,Q741465,q1481681-4C857376-D02C-4950-B491-761BDC2E0195
directors_8399,Q1482548,Q236148,q1482548-A5C0C38C-5737-47E0-8A63-B9A396CC96E5
directors_8400,Q148326,Q295964,q148326-0C200A7A-BBAB-4C52-9B54-0026CC993BC9
directors_8401,Q148330,Q26372,q148330-506DF3E5-7BF1-4435-94CF-A70493242F24
directors_8402,Q14833925,Q3740804,q14833925-37d75c09-45e4-1100-1d64-351f9f67ece7
directors_8403,Q14833945,Q5716496,Q14833945-3561d5b5-4d47-0acc-a8d4-df058ddaad4d
directors_8404,Q14834030,Q224159,q14834030-9686694e-4261-fc83-c115-43c94e7904e8
directors_8405,Q1484248,Q400,Q1484248-997B5742-35EF-4B44-9D5E-D0203891E604
directors_8406,Q14847067,Q353501,Q14847067-a5d87ae3-40d2-45db-e9b9-16b580134069
directors_8407,Q1484974,Q1985940,Q1484974-3124E6D6-DD02-40D4-82AA-A45BFF6A6339
directors_8408,Q14851916,Q2127483,Q14851916-FDF961CF-047E-4A5A-A1A2-318ED7770F40
directors_8409,Q1485634,Q323716,Q1485634-120F6A0B-341E-4F34-B872-7E4DED20AE9D
directors_8410,Q1485778,Q2379501,Q1485778-A1FB454D-7CC8-4189-8EDA-062F0F7799EC
directors_8411,Q1485799,Q59348643,Q1485799-feaae4bf-40de-a0a4-d0bc-ee86afb586c9
directors_8412,Q14859564,Q1340718,Q14859564-F58C2513-F1C1-4BBA-9F4F-C68163518AD3
directors_8413,Q14861838,Q12838222,Q14861838-4E9F228A-F6C0-4BA4-B7C3-6D15709E6785
directors_8414,Q14863090,Q14616130,q14863090-35a9e743-439a-93df-7ecd-3bd872868895
directors_8415,Q1487322,Q24572162,Q1487322-BE3D401D-794E-4B69-B41D-DEF001949905
directors_8416,Q14878580,Q4910517,Q14878580-4C11A942-6DEF-451E-86B5-C51EDBB38D1B
directors_8417,Q1488507,Q7436211,q1488507-B69B3A7B-9D3A-4C2D-A273-7DC410C595FD
directors_8418,Q14899408,Q313497,Q14899408-05823b91-43f4-844e-13bb-2ad72cfbbc64
directors_8419,Q14899735,Q8353750,Q14899735-00DEFED3-1903-41D5-951A-87C1F6599807
directors_8420,Q14901498,Q108057885,Q14901498-B31C4E24-E654-42C1-BCD4-B2C92817EC3E
directors_8421,Q14901503,Q3063963,Q14901503-d12e4a51-4c8a-e171-27c2-1f03d6f7e180
directors_8422,Q14901503,Q3241948,Q14901503-1f02c1bf-4019-75e4-cd9b-1d1283f9baab
directors_8423,Q14906074,Q21066677,Q14906074-6F44FA95-F775-4142-8F50-6F88B176563E
directors_8424,Q1490693,Q1871869,Q1490693-05F8C085-937A-43E2-8827-3B130254D62D
directors_8425,Q1490812,Q113565248,Q1490812-99B6F5F5-69D3-434A-98B7-509CEDF9C951
directors_8426,Q14912519,Q2930463,Q14912519-9e9d56fe-4fd8-cf43-ef01-354d4d57f1e8
directors_8427,Q14917495,Q17410948,Q14917495-ba739e38-4af3-fad1-310a-a0b942c51c75
directors_8428,Q14918344,Q3425142,Q14918344-404891d1-4491-e7a5-9ce7-c51de6bcc831
directors_8429,Q14920425,Q184903,Q14920425-8E9529BC-74A3-4548-B5F8-CB95E16F9D3D
directors_8430,Q14921784,Q9086049,Q14921784-daa2cd80-4045-8886-424d-666b06a775ee
directors_8431,Q14928217,Q106375207,Q14928217-CDC50D90-BEBB-4B32-8326-C9EE7203E9E1
directors_8432,Q14929311,Q50384882,Q14929311-4aafa4ad-4959-7126-4afe-9cb4a897e23a
directors_8433,Q1492988,Q7175862,q1492988-10C28EDD-C54D-405F-A5B8-722F342705F5
directors_8434,Q14932750,Q1368300,Q14932750-19836427-6F81-4911-ADD4-FCD4694CF9D2
directors_8435,Q14932750,Q888535,Q14932750-F00277EE-B22F-4344-8C2F-6601C32D1461
directors_8436,Q14932970,Q12702606,Q14932970-CD7BFC40-6CDD-4032-90A9-18CEB6EE5734
directors_8437,Q1493539,Q7705157,q1493539-98F4EE2B-5946-48F3-83F9-80168371F8AF
directors_8438,Q1493544,Q1377534,q1493544-C80E1032-4DC1-44F8-B011-ECD0240CA101
directors_8439,Q1493639,Q5605667,q1493639-F77EDDA6-9B55-42F4-9234-E0EA47FCE409
directors_8440,Q1493882,Q3115713,q1493882-5899A5AB-AA2C-4F03-A4AE-9F55589F846C
directors_8441,Q1494083,Q68990,q1494083-16D5ED49-1BA9-4F1A-8C8A-BC789A2346B9
directors_8442,Q1494100,Q1158442,q1494100-479AC929-A103-4AAA-A6CB-8EE6B68894DE
directors_8443,Q14942614,Q2278102,Q14942614-DBA391A5-4E2C-406D-84BC-399BA7E73428
directors_8444,Q14942871,Q56005,Q14942871-14838157-4320-8639-ad32-f8c1c3120441
directors_8445,Q149431,Q454290,q149431-8AA7B440-ECFC-4892-B66A-0CB4F7EB824F
directors_8446,Q14943677,Q54577865,Q14943677-5EBDA24D-EB02-4E09-8010-1AE33E723C0D
directors_8447,Q14943677,Q54577880,Q14943677-21F7BC26-9B13-48EC-A5ED-9B5B860FF94D
directors_8448,Q14944045,Q58862439,Q14944045-A42F76B7-ECC7-4302-978F-870B5E07FA91
directors_8449,Q14944350,Q16728766,Q14944350-A1D57558-DEF7-4978-9367-2585D16B4DF9
directors_8450,Q1494793,Q6905898,Q1494793-DBEB51F3-BFED-423C-982B-EF754568E5A6
directors_8451,Q14948398,Q211987,Q14948398-1E4E5945-1BA8-4CB4-B376-AE4558456BF6
directors_8452,Q14948446,Q7261235,Q14948446-0BEE48D0-CD7B-4E44-9DD0-8DE512B8E2BD
directors_8453,Q14948457,Q5349201,Q14948457-53ff68a2-4104-2e65-0b65-ea673af44432
directors_8454,Q14948460,Q11632790,Q14948460-A3E16225-E08E-4EDD-8E16-00697C71976A
directors_8455,Q14948466,Q117854279,Q14948466-B2BDA6AC-121B-479D-8A96-6E68A246F327
directors_8456,Q14948468,Q114915478,Q14948468-E0E77269-4CAF-4896-8EBB-87CB8F87394F
directors_8457,Q14948552,Q48700547,Q14948552-5548532D-AE70-4B3C-8F10-BC6F7D38116B
directors_8458,Q14948553,Q4065391,Q14948553-D986C862-98E9-4F0C-9F25-C8E8DF2D5E34
directors_8459,Q14948556,Q7437191,Q14948556-D6D6F57F-8AB9-49D5-94B5-552296065B18
directors_8460,Q14948557,Q17125140,Q14948557-84BF506A-DE51-4D06-8E2D-16EFBF711F82
directors_8461,Q14948562,Q392716,Q14948562-DA939BE4-4838-461E-B04E-3291C109AD10
directors_8462,Q14948563,Q7860154,Q14948563-AF08C739-69AC-4DFC-8F4D-6ADDB48FE211
directors_8463,Q14948564,Q707336,Q14948564-07E2875E-DA04-499F-B7AC-FC9ADCFA2A28
directors_8464,Q14948568,Q6503124,Q14948568-694B078A-2314-4238-B58A-C3DF43F14223
directors_8465,Q14948571,Q21401907,Q14948571-96AC5C4C-4939-46CB-91A1-BCF5FF5F9643
directors_8466,Q14948575,Q96311285,Q14948575-1F2F5FE7-803D-4C3C-840B-938D613001C2
directors_8467,Q14948576,Q16223564,Q14948576-33079654-400C-4F0B-B074-5C58D01AD0B9
directors_8468,Q14948579,Q322842,Q14948579-53ce1f8e-46e2-fb78-af2f-afec4d4453d1
directors_8469,Q14948584,Q113388876,Q14948584-1F8C59AB-519F-4996-B6EB-7FEFEF2D2D4D
directors_8470,Q14948585,Q1253831,Q14948585-6CB66362-727D-4C2E-8B51-1EB3BB28EE14
directors_8471,Q14948589,Q936866,Q14948589-A43F900D-C90F-4265-A859-59DF5BA76AEB
directors_8472,Q14948591,Q2654533,Q14948591-DE364CB2-358B-485B-8966-BDD46C03495C
directors_8473,Q14948592,Q11916561,Q14948592-d37fc1ab-4357-4b20-04f2-4c3145b248af
directors_8474,Q14948601,Q78123220,Q14948601-4E39A977-9438-4F06-9495-F4B17A134A47
directors_8475,Q14948601,Q78123223,Q14948601-ED6025B5-3A7C-4197-9E9F-9027B0D5D277
directors_8476,Q14948606,Q8063816,Q14948606-d4d9f64c-4a22-b050-2b85-918e94f02785
directors_8477,Q14948615,Q180247,Q14948615-847195AE-6BC3-421E-9168-FA7753BBD03F
directors_8478,Q14948617,Q556578,Q14948617-b987fcf5-4f82-2e48-bad0-be58654dffce
directors_8479,Q14949720,Q16186390,Q14949720-715C12BE-1536-4F25-8C0A-AACB2B95377A
directors_8480,Q14949723,Q3510304,Q14949723-1799C29A-58F3-4C03-8A5C-FD6CC97F0607
directors_8481,Q14949902,Q1992778,Q14949902-a966f153-4924-b39c-fd45-e30ff01fe5c9
directors_8482,Q14949921,Q1020665,Q14949921-af1a28d1-4ed7-b616-7c40-8215fa4d30a2
directors_8483,Q1495207,Q6288865,q1495207-174318FB-E0C7-44E4-8F1E-AAF02C445367
directors_8484,Q14953721,Q106481,Q14953721-a78ddd53-4fe2-e554-d8fb-0679be84f7f9
directors_8485,Q14953975,Q117860782,Q14953975-4FCD17E6-BBF6-455B-BF24-8AC832E38C7D
directors_8486,Q14954340,Q24661011,Q14954340-B232DCB4-C818-4A26-97F9-FE511E119787
directors_8487,Q14954340,Q24661015,Q14954340-63A739BD-DBFF-4EA9-B481-78FAB7D1349E
directors_8488,Q14955193,Q6026952,Q14955193-c1cec0df-4aa3-5a29-aa17-065b11073707
directors_8489,Q14955217,Q4990237,Q14955217-B14DCE44-2143-4BDC-A714-B42D3A30D20B
directors_8490,Q14955220,Q16633395,Q14955220-BC6A7DFF-BEA0-4105-874E-BFF99394752A
directors_8491,Q14955220,Q38054994,Q14955220-AC6E4A98-A7BF-4D95-BBC6-20D22680D2D1
directors_8492,Q14955220,Q6046050,Q14955220-C478B3FA-7A8F-4A9F-BEA4-B99F2AB17A67
directors_8493,Q14955257,Q359274,Q14955257-6A776497-B3E9-4FFA-894B-6B6DA79CBBC1
directors_8494,Q14955273,Q5571387,Q14955273-B167E1AD-1AE5-498F-A676-A8C4ECE101F2
directors_8495,Q14955328,Q3934813,Q14955328-E322D160-1C54-41E3-AC56-4F49968C362E
directors_8496,Q14955346,Q4568116,Q14955346-69A3DD62-21B0-46CB-AC0C-C25945187199
directors_8497,Q14955347,Q18238773,Q14955347-93FDB86F-3C55-44D5-BC8B-CC05AAC46167
directors_8498,Q14955355,Q3183120,Q14955355-6A920F06-0721-45A6-9241-8BDDE3CABCA5
directors_8499,Q14955368,Q16594626,Q14955368-BF01DA18-00BD-480F-8CA0-AE30B235A7FD
directors_8500,Q14955376,Q16633183,Q14955376-1DD7DF36-7EF4-4991-832F-E14F96011FB7
directors_8501,Q14955377,Q5900255,Q14955377-86EB3E63-DC8A-455C-983F-BAB75447A0B2
directors_8502,Q14955418,Q104699024,Q14955418-E6EFA08F-95FF-41DF-9ECB-55E1D1B7324C
directors_8503,Q14955459,Q116003336,Q14955459-3f0f2585-4c4b-6923-a995-89bd2833c9e9
directors_8504,Q14955460,Q457656,Q14955460-0A24482E-3195-434E-B66A-21CDE27EADFF
directors_8505,Q14955481,Q106376315,Q14955481-6B124CB6-30E8-46A9-8AE2-31FC514238AB
directors_8506,Q14955481,Q114955867,Q14955481-D3BBFD7D-8D0E-4AE5-8E6D-4DE17E2299AF
directors_8507,Q14955483,Q16632973,Q14955483-3B20550D-5AE9-4045-8F84-A9E829907673
directors_8508,Q14955487,Q6046050,Q14955487-6FB1EA98-D124-4379-ADE6-77F9AA99DB71
directors_8509,Q14956292,Q16940277,Q14956292-B5868988-B1E2-4934-B802-5047EC402A0E
directors_8510,Q1496627,Q235115,q1496627-844BC431-D358-4AFC-973D-1184EE7B064D
directors_8511,Q1496725,Q1310139,q1496725-2EF7B163-25E8-44DC-88D2-E13F8424311A
directors_8512,Q14970681,Q12028282,Q14970681-7FF84F34-3880-4924-AE29-A08E2F58853F
directors_8513,Q1497082,Q1621487,Q1497082-6C3F6B51-88D3-457F-A7C1-A2E2293DC715
directors_8514,Q14970927,Q3064959,Q14970927-CC49646D-F671-4CAD-B8EF-DC80A7465160
directors_8515,Q14970958,Q3489129,Q14970958-2FD99E64-F94F-494E-9FF7-A49C229DCD3B
directors_8516,Q1497155,Q3704534,q1497155-6427DA18-EA9A-4F80-B8F3-4B1F95785903
directors_8517,Q1499587,Q2964765,q1499587-9801A183-46AE-425D-A679-7F2F6067A88C
directors_8518,Q1499682,Q67903,Q1499682-F0114249-3318-4824-8939-19F7891A9F52
directors_8519,Q1500112,Q266535,q1500112-7AB5244D-F393-4A5F-AD2D-5AE0F45C809A
directors_8520,Q1500141,Q51511,q1500141-5998CFFD-06D0-409A-A1CA-3039868DAE9F
directors_8521,Q1500457,Q3299581,q1500457-EC347562-0D5E-45E1-987E-9D0A678642C2
directors_8522,Q150047,Q1340718,q150047-AF372510-E278-4BF1-82B5-03902EA335B4
directors_8523,Q150047,Q913128,q150047-E9B0CA9F-7BFE-4344-9CAD-01DDEC5E852A
directors_8524,Q1500930,Q3417929,q1500930-BC85D366-8704-4312-9260-21404A969999
directors_8525,Q1500944,Q913003,q1500944-BF1D4488-E19E-42EE-B6EA-1D75DF2F1BF4
directors_8526,Q1501773,Q515095,q1501773-16C93DFA-F24A-41FC-9C23-670B4CB4D658
directors_8527,Q1502069,Q2977901,Q1502069-b52cb279-4ecb-1195-9ed9-108a9bfbe7bd
directors_8528,Q1502069,Q3292745,Q1502069-CDDF6155-F1F2-4083-9AA8-894319E50163
directors_8529,Q1502553,Q380237,q1502553-01949D3F-45A1-4299-AC01-5664FB73F96D
directors_8530,Q15028216,Q442740,Q15028216-a299ab6c-4ca4-1f92-331c-90a6451255ef
directors_8531,Q15028220,Q7613624,Q15028220-235C9CC3-2508-49F5-BA0A-7201FF4B5DFC
directors_8532,Q1503263,Q1639353,q1503263-0BF7A15F-5839-404B-BB83-100F34099914
directors_8533,Q1503700,Q167636,q1503700-6FDC757E-BB63-40C6-9FA0-50F6C2B882DF
directors_8534,Q1503878,Q518868,q1503878-02B41B5F-AFE9-4299-AB0C-CD8C1B9509FB
directors_8535,Q1503896,Q3041933,Q1503896-CC9FDE77-73DD-4DB2-BD47-4540CB56680E
directors_8536,Q15039629,Q110989897,Q15039629-D0BE5ED5-A38B-419F-8329-09F25F13F111
directors_8537,Q15039700,Q16149815,Q15039700-8315001C-E98A-480D-8B83-359840FA1218
directors_8538,Q15039835,Q2576503,Q15039835-b62af6ab-4f19-5cbe-101b-671e8752ad9a
directors_8539,Q15039849,Q3296270,Q15039849-3A336228-DDB6-42FC-885A-00107D1EF245
directors_8540,Q15039858,Q26691923,Q15039858-20ca888b-401e-19c2-b508-ac62b368e75f
directors_8541,Q15039869,Q19517847,Q15039869-9CE1E428-CA32-4025-8108-337163088D50
directors_8542,Q15039873,Q323076,Q15039873-2d20280b-4432-bc7c-f7c0-285a36d5d8a0
directors_8543,Q15039878,Q788314,Q15039878-8B6F422D-1F26-46D8-9517-1F92DF962D23
directors_8544,Q15040666,Q8047561,Q15040666-41FE34E6-D7F8-419F-A5EA-282CCA31F9C0
directors_8545,Q15040671,Q114900002,Q15040671-AA356833-9B9F-4733-AAE9-DE698C94BFC7
directors_8546,Q15040671,Q114919184,Q15040671-86750861-7D9B-4D34-AF4E-3108DB9589DE
directors_8547,Q15040672,Q130527425,Q15040672-338A8E99-292E-451F-9074-53C3D5DF6B99
directors_8548,Q15040676,Q113329373,Q15040676-3B2D8B23-3A25-4549-ADB7-AFA1709341CD
directors_8549,Q15040678,Q126633,Q15040678-3ff16fe1-4eaa-10e5-4337-127c0caa56fa
directors_8550,Q15040718,Q16221753,Q15040718-dbb26fc8-4cf9-4a5a-a83e-796864077a5d
directors_8551,Q15040718,Q6788348,Q15040718-B05E887B-3591-4268-8FF1-23786DE91BC7
directors_8552,Q15040721,Q1523831,Q15040721-a10c6d3a-4552-589c-3dd3-793165ad5015
directors_8553,Q15040722,Q113559044,Q15040722-82A9CB45-6F76-4CB3-8123-5307038ABF78
directors_8554,Q15040778,Q5299478,Q15040778-1B4F54E4-4228-47E6-BB3A-856984ED66BC
directors_8555,Q15040782,Q4964309,Q15040782-6A105947-347D-46E3-BC18-88351DF07720
directors_8556,Q15040917,Q13638984,Q15040917-E83F61F9-7468-48AB-9FA2-1907B90EEC5F
directors_8557,Q15040917,Q3378803,Q15040917-12CAD321-BA00-41AB-9E9F-B1F369244550
directors_8558,Q1504287,Q96164,q1504287-437f8701-43ba-612c-ccb6-68f05dc485e4
directors_8559,Q15043347,Q3696452,Q15043347-B2F324D9-0CB8-4A52-BDFB-79694D5CFDBF
directors_8560,Q15043359,Q3194810,Q15043359-AFA4F367-E7BC-449B-9840-E10EA444DE2E
directors_8561,Q1504375,Q3127485,q1504375-71111C5E-E30A-4150-859B-05BB372DA951
directors_8562,Q15044971,Q2857813,Q15044971-C4E0A203-5C39-4166-B429-9148060433E2
directors_8563,Q1504568,Q51488,q1504568-89FFC612-0C30-4963-9902-3292753045DC
directors_8564,Q15046091,Q55294,Q15046091-120E9B02-96B3-49E5-A41E-810FC8CB2A93
directors_8565,Q15046175,Q3476760,Q15046175-C5530D47-3A01-4DD4-BC47-2A232E35F67F
directors_8566,Q15046490,Q295964,Q15046490-1593332d-4e51-90b5-4773-1feca058323e
directors_8567,Q15046521,Q60842615,Q15046521-e976b502-42a4-a0dc-e9d2-c8c362e09a87
directors_8568,Q15046541,Q5213495,Q15046541-0FC0E36C-DD7D-4D5D-B4EC-A8CE1CFF42B2
directors_8569,Q15046558,Q26897001,Q15046558-BB4A5095-B432-45F1-8242-F30E3B327048
directors_8570,Q15046563,Q22958170,Q15046563-C2B0AF4B-3E7F-43C0-9A17-9C118C8C553D
directors_8571,Q15046565,Q6702134,Q15046565-9A14661E-6BB4-4DA9-9F99-E48CA0C0E85D
directors_8572,Q15046598,Q5537604,Q15046598-3530b14d-4980-10d0-3932-8ea20954fc99
directors_8573,Q15048661,Q5278063,Q15048661-54EE7728-3AEE-4F67-8851-91B47F840330
directors_8574,Q15051674,Q381477,Q15051674-114D1EF9-E415-41FB-9FA1-8B47265BE34D
directors_8575,Q15051774,Q16733231,Q15051774-D5D6FA9A-D72B-4291-96CD-4D0E6A424A39
directors_8576,Q15052180,Q113654385,Q15052180-921D1239-E26B-4650-BB4B-D3E4342FC2D7
directors_8577,Q15052184,Q16731741,Q15052184-4A481997-A07F-42E0-ABDB-08DB7AFC3C42
directors_8578,Q15052302,Q111381787,Q15052302-81E9474B-C3BC-4084-8755-9624AB7B1866
directors_8579,Q15052379,Q113559045,Q15052379-0B26B06F-A996-4AC0-937D-B80C3FAF96D5
directors_8580,Q15052387,Q5112226,Q15052387-4A8DC18D-F8CC-45D7-B534-7038F0C23631
directors_8581,Q15052391,Q105699556,Q15052391-978844E2-967F-4223-9A63-CEF2AE945BE5
directors_8582,Q15052392,Q3611025,Q15052392-f49cf94b-415d-bfac-e6b2-c37750008bf4
directors_8583,Q15052392,Q5216883,Q15052392-CDF74A76-B94B-4EC2-960F-3F8F8CBFCEBF
directors_8584,Q15052392,Q6850344,Q15052392-7314a64a-4edc-d84c-64b1-6e31d16c04bf
directors_8585,Q15052400,Q5984911,Q15052400-B4532C34-3E3B-41C8-A3EE-EA70DFA60C2C
directors_8586,Q15052408,Q3505238,Q15052408-5031584f-4390-8630-dd6b-b7df1965199a
directors_8587,Q15052416,Q38054843,Q15052416-9D4CE9E3-AC83-4BD1-8DFE-6F3D206C0191
directors_8588,Q15052416,Q435418,Q15052416-813F6AA0-1FE8-49B1-8793-A51A2781AC5E
directors_8589,Q15053900,Q117860298,Q15053900-0FA16209-EA4F-4347-B920-51EA783E16F6
directors_8590,Q15055426,Q534662,Q15055426-13aaf994-4fa9-2a72-469e-2a2dc575dda5
directors_8591,Q15055478,Q7151786,Q15055478-08260E66-623A-4B29-8BA1-4B1AC8E7821F
directors_8592,Q1505555,Q19921853,Q1505555-91C912F7-D12C-45A5-ACAE-85C93E546998
directors_8593,Q15055934,Q16378074,Q15055934-647A591D-B2DB-4DDC-A41D-2F437B78D3D7
directors_8594,Q1505923,Q518868,q1505923-07B900E7-5562-41E3-B9B8-623CFB186981
directors_8595,Q15059355,Q6787005,Q15059355-C4DBD278-8645-4AF0-BC2B-5B3A5CDC866A
directors_8596,Q15059358,Q43203,Q15059358-0644e32f-4bef-6c93-72e1-3dc7f5240c2e
directors_8597,Q15059365,Q1344373,Q15059365-8DB49EC1-8BAB-4224-BBD4-1823FA754F24
directors_8598,Q15061875,Q562108,Q15061875-d47422be-483f-5fd1-1ae4-0d01df7010bc
directors_8599,Q1506263,Q450309,q1506263-CC7EF2E0-68A6-44C3-B1DE-F98D2EE9BABF
directors_8600,Q15062988,Q108805770,Q15062988-51B7197A-158B-470F-B0CB-E91922539C8C
directors_8601,Q1506377,Q346595,q1506377-84B24CFC-6A18-49B8-90E0-97822BF258F5
directors_8602,Q1506412,Q2913350,q1506412-6DDACAE8-7344-4AB6-AD9F-868119BE9339
directors_8603,Q1506671,Q3308160,q1506671-BF9FC053-AFAD-434B-BCB5-BBDF9F8154A5
directors_8604,Q15068238,Q2593,Q15068238-1a8fc2b2-4683-f819-da6b-a53d8192728d
directors_8605,Q1506910,Q1349845,q1506910-0DE68314-3A11-4E43-8C88-6AF843800853
directors_8606,Q15070713,Q113630849,Q15070713-C8E4A015-2F1A-472A-A808-B3946CAEDA1E
directors_8607,Q15070730,Q20685410,Q15070730-15BBCC45-5D61-4F0C-A7F6-EA1063E68CA1
directors_8608,Q15070775,Q269670,Q15070775-CB4EF1C7-6A84-455E-A4EA-017B3E3FA2DE
directors_8609,Q15070792,Q16729509,Q15070792-05BBAAB1-AA53-4055-B0CD-22B80C3E0E2F
directors_8610,Q15070803,Q21468932,Q15070803-B25935B8-7615-41D8-9312-E9A26EE83E3D
directors_8611,Q15072361,Q7293096,Q15072361-E87B4F6A-A96E-4E21-99C1-B6845A8390D6
directors_8612,Q15072364,Q7395897,Q15072364-B8492A81-652A-420B-A828-7713D523CE8B
directors_8613,Q15072371,Q48733883,Q15072371-B26378B8-844D-4400-AEDF-01A8A9902567
directors_8614,Q1507513,Q1031927,q1507513-99B1E43B-873B-41BE-85E5-62576C5C9C7D
directors_8615,Q1507635,Q6213554,q1507635-2B5F2858-7499-4B05-AEB9-7821C85F01D4
directors_8616,Q1507689,Q59149,q1507689-677375C1-F803-40B4-890A-A2A909DB5F7D
directors_8617,Q15078029,Q318287,Q15078029-995ea0bc-47d7-0e84-7d03-cd7afd9282f5
directors_8618,Q15079015,Q329549,Q15079015-9cbc18e0-42a2-4cd0-79e7-0df584ed3ea6
directors_8619,Q15079316,Q103646,Q15079316-c5c7819d-43fb-0676-f1c1-b170be58f1a9
directors_8620,Q15079318,Q2720543,Q15079318-0e8507c4-4199-6f0b-eb98-3f52810fe7d2
directors_8621,Q15079344,Q543563,Q15079344-d0c93d6a-4ed1-23aa-19aa-860d593e6aaa
directors_8622,Q15079593,Q14387278,Q15079593-92F6B4C5-0E5E-427C-A03D-2C61CDA0538E
directors_8623,Q150804,Q51552,q150804-8AAA6C8C-D3AB-4EF7-8125-85FEB5866330
directors_8624,Q15081228,Q16202889,Q15081228-680bab7b-4339-494d-2f91-5161ca04be34
directors_8625,Q1508203,Q460742,q1508203-090ccfcc-4abf-cc80-1b55-979140d63aae
directors_8626,Q1508378,Q965498,q1508378-0B5248AD-35F4-4A0F-9199-76E3C713BB43
directors_8627,Q1508462,Q525725,q1508462-C0367E91-21B7-4919-9C7A-6649B0132010
directors_8628,Q1508491,Q3193481,Q1508491-B93F1A42-45DF-412B-B9B5-4760DA5233E9
directors_8629,Q1508501,Q1773566,q1508501-79776C16-1BAD-4933-817F-4681E27571CB
directors_8630,Q1508533,Q524711,q1508533-5E731916-AEAF-4F22-8A14-EFC328D7AEA3
directors_8631,Q1508772,Q3453777,q1508772-2F00E731-2139-4ADC-87C7-97530649B493
directors_8632,Q1508772,Q4766862,q1508772-5639A2D8-BB99-4024-9FF7-B90470D7DD1B
directors_8633,Q15088332,Q4908872,Q15088332-33C8B997-BF16-405F-8E97-1842C8591B17
directors_8634,Q15088482,Q55211,Q15088482-90138201-71E2-4F9C-8B89-2040183563D4
directors_8635,Q1509076,Q116172614,Q1509076-2F820B40-B2B1-4532-90FB-3597CC198097
directors_8636,Q15091089,Q3067244,Q15091089-8EF4A087-FA08-4590-BA57-CCE8FB978F3B
directors_8637,Q1509137,Q287828,q1509137-5C0360FB-3DC4-4AD2-A074-CBF72DD462A7
directors_8638,Q15091785,Q18558773,Q15091785-f022dc88-4e7b-2c3e-b4ba-fecbb91225a9
directors_8639,Q1510064,Q2624598,q1510064-A5102D1B-A974-4752-8618-D269D2AE71BD
directors_8640,Q15103254,Q270178,Q15103254-0c4407d2-473b-087a-6832-f7a1de3bbd2c
directors_8641,Q15104217,Q3312946,Q15104217-6715d09c-47dd-53d3-228e-827ef85fe4a0
directors_8642,Q15106947,Q72980153,Q15106947-b119388a-40e5-4c03-9a9c-385ac4b4d02f
directors_8643,Q15106947,Q7815604,Q15106947-EC711433-0703-43E2-A1BE-E745A5FA194F
directors_8644,Q15109729,Q3106429,Q15109729-48f26e59-44e1-b54e-e8c7-d480f530f366
directors_8645,Q15110422,Q1162765,Q15110422-85513C76-F31F-401F-91A0-EDD517008D56
directors_8646,Q15111541,Q6344216,Q15111541-0365C38A-49D8-4F26-A76E-40A5D03B0D50
directors_8647,Q1511480,Q714651,q1511480-304AD15C-4CAE-4288-8556-2DC07499726A
directors_8648,Q15119639,Q14599663,Q15119639-e3f5d9c3-4b4e-f1e3-249e-01365f24ddef
directors_8649,Q15119983,Q3359955,Q15119983-15D19279-DC35-49FE-91AB-4D995767CB0D
directors_8650,Q15120318,Q3675834,Q15120318-BE25CF74-70E3-41F6-8F71-DDBE49869E33
directors_8651,Q1512168,Q742799,q1512168-f7c8e7c0-4432-b8f0-9dbf-09ce8a39abb4
directors_8652,Q1512339,Q19883359,Q1512339-7de17b2e-4b35-ced3-a8d7-4b6a48cebe20
directors_8653,Q15124151,Q2377467,Q15124151-E702A0F4-0AD7-459F-8C81-BC9D8AF6E0E6
directors_8654,Q15124309,Q11774357,Q15124309-31FDDF89-78CC-405B-BF3A-3B9923ADAFD3
directors_8655,Q1512729,Q171736,q1512729-0297F7FE-513B-4307-A656-C3C8A3E9457C
directors_8656,Q1513017,Q518770,q1513017-A296DA35-B093-4E63-AB11-EB2F815D19BE
directors_8657,Q151320,Q524935,q151320-1268BBD9-0D7C-4B84-9168-2B8D4DA1DBF2
directors_8658,Q1513503,Q441510,q1513503-DE239C08-22B0-4714-A6F2-AD415C9D8A65
directors_8659,Q15136227,Q2842675,Q15136227-c8d29eaf-4285-a5eb-01f9-b388f18ed4d0
directors_8660,Q15136238,Q16091918,Q15136238-C73DBC0E-E718-4494-AD45-B28794C50EBD
directors_8661,Q15136244,Q17085808,Q15136244-E02EBA25-469D-4059-BAC6-69AC0121F602
directors_8662,Q15136284,Q12604398,Q15136284-918F8E84-17E8-42C9-9ACC-7D2DD429AA6B
directors_8663,Q1513631,Q113410908,Q1513631-FB913B70-7BBA-498E-8C9B-A5C9DF809AF2
directors_8664,Q15137718,Q22692611,Q15137718-3c940138-4a7b-02d0-69c2-4a18a9f7f629
directors_8665,Q15139203,Q489831,Q15139203-0FC4B1FC-2F3D-4208-B9D9-0071248E7961
directors_8666,Q15140437,Q1113146,Q15140437-7e2fe26a-4535-3b79-2f16-01ebf42cb934
directors_8667,Q1514113,Q112819,Q1514113-FB6118B4-EF1E-4CFA-9B31-AC98E5AEF1D8
directors_8668,Q1514163,Q120090,Q1514163-31215400-9ACF-4305-957C-3DE70A04533C
directors_8669,Q15141749,Q6175315,Q15141749-2CC86591-F6E6-42B9-97B8-5E23A8952C95
directors_8670,Q15143101,Q27976009,Q15143101-855ce044-47c1-eb84-74ed-702af0c00654
directors_8671,Q1514484,Q7518175,q1514484-B9059D40-35B4-48D9-A36E-2390EAE5EB21
directors_8672,Q15146380,Q13909,Q15146380-6A8FBAAA-C41A-4951-9CA5-D9F2DD6271BB
directors_8673,Q1514641,Q504706,q1514641-9E45F4E1-2B74-40A4-8115-9FE7A44226CA
directors_8674,Q15147033,Q6426234,Q15147033-9B2FABD7-5A54-4759-A3D1-07AC4FA02446
directors_8675,Q1514846,Q25186,q1514846-49BC9BBF-6573-4336-9494-ECE0B7A12270
directors_8676,Q1515221,Q126098,q1515221-37ECE207-44F1-4771-8C14-F9A58154985B
directors_8677,Q151546,Q524935,q151546-D73E4657-997D-4A14-BA7F-B35601FA3114
directors_8678,Q1515495,Q3289001,q1515495-5786DB60-B921-4BB1-88CC-BCE9AFA5B0C8
directors_8679,Q15154960,Q3490844,Q15154960-1B72E367-C370-4CDD-AEB2-6182AA7B1069
directors_8680,Q15154975,Q1159073,Q15154975-29107a27-4c18-c4d6-90be-8e2caa9c0806
directors_8681,Q1515669,Q6275724,q1515669-255B9EA9-8E99-4DA2-99E9-CF35DF3DB52C
directors_8682,Q151643,Q127481,q151643-ED96B916-B9F6-40EA-892E-F1F3DF7F08AD
directors_8683,Q1516553,Q309715,q1516553-14A40358-D52F-44A0-8119-D1DD18C4240F
directors_8684,Q1516603,Q718596,q1516603-790359F0-787E-4088-B434-BF8672769F68
directors_8685,Q1516615,Q5131423,Q1516615-578F0CD2-70B3-4E9D-A91A-A9A1177A85A6
directors_8686,Q151682,Q1007270,q151682-A295A28A-D6B9-48FB-8B57-C79964282AE1
directors_8687,Q1516843,Q3876025,q1516843-D60CB616-BEDA-4E2D-AE1E-DD3418A3A67C
directors_8688,Q1516852,Q2005037,q1516852-0ECFDE71-7909-465E-A047-6F5539DD72BF
directors_8689,Q1516920,Q40663946,Q1516920-69719F36-310D-4269-9794-8C7059ED2C04
directors_8690,Q151695,Q1892607,q151695-2CFCD295-3DD3-480B-A64E-219D7520904C
directors_8691,Q151703,Q435866,q151703-B37D28D4-06F4-46E2-8428-6EE4213170BC
directors_8692,Q151705,Q51582,q151705-DD65A92D-F9DF-4DB4-922D-5A55485B9E57
directors_8693,Q151711,Q718596,q151711-FDD433C1-8736-491D-8020-490A5A23A979
directors_8694,Q151717,Q434060,q151717-A9FEA826-1FF4-4A93-9D1F-D8EB34B9AE83
directors_8695,Q1517263,Q6757982,q1517263-D5B1BBFF-51D8-4F7A-AE01-A9B371B4B326
directors_8696,Q151730,Q1345960,q151730-F08D59BC-7C7E-4166-A7CD-66C8E50281C5
directors_8697,Q1517341,Q7409513,q1517341-15738E1B-ED5D-4395-8E55-8931C878B24A
directors_8698,Q151737,Q291205,q151737-10ED742B-4D41-4B67-9910-ED2D96EC0F5D
directors_8699,Q1517393,Q55311355,Q1517393-C5DEA9FC-2A37-4F5B-AE7C-595A7C09BAEE
directors_8700,Q151751,Q3367671,Q151751-23EA774F-DD58-49E5-B0AC-FA936399BDD9
directors_8701,Q151792,Q126098,q151792-F2D82A79-C713-449A-9CBE-152294B269DF
directors_8702,Q151811,Q932508,q151811-0BEFE3A5-A877-419B-B605-3766CD5E4BB5
directors_8703,Q1518153,Q598238,q1518153-CB93BD65-F713-4244-9E74-7B547CA75B5B
directors_8704,Q1518334,Q3496511,q1518334-BB2C386D-3112-439C-B3AE-EF83D0B9AD6A
directors_8705,Q1518391,Q7813033,q1518391-1F45AE63-618E-4836-9849-B08F109AA501
directors_8706,Q151848,Q212167,q151848-3D40AB94-C179-439D-A73F-B1985EAB89E8
directors_8707,Q151870,Q1494859,q151870-DF3AAC16-90D2-403B-BA6F-789BBCA370B8
directors_8708,Q151873,Q2265192,q151873-75C5D42C-52B3-498D-ACA7-C37DCB72E5E2
directors_8709,Q151881,Q643246,q151881-AA2C432D-414A-47C9-8B36-9DDED1F5CFAC
directors_8710,Q151884,Q25078,q151884-171D6356-293C-462D-B988-4156C35A5D79
directors_8711,Q1518840,Q4778056,q1518840-E861F9F2-1CFC-4902-99C4-A606FF5EB3EF
directors_8712,Q151898,Q28497,q151898-E98B0189-82CC-4B2E-8094-26F6886CB669
directors_8713,Q151903,Q55258,q151903-390135B5-BE62-4E1D-B7D0-F40CA7994E2C
directors_8714,Q151904,Q282033,q151904-595E70CF-7F85-4B7D-9058-644B8C93838A
directors_8715,Q1519049,Q7613624,q1519049-2A024B26-6878-49EF-AEF5-2E46E421B704
directors_8716,Q151937,Q10307951,Q151937-98BC04CC-A1BE-4ED0-A346-A73F0E325970
directors_8717,Q151937,Q4964032,q151937-6598AD78-8FAA-452B-BD82-56629AC81A60
directors_8718,Q151945,Q670296,q151945-7FB56B9B-6F1F-45B3-BD3E-763A7C0368E1
directors_8719,Q151946,Q1332531,q151946-C6A35D3A-0713-44C3-98CF-F5B8B4666DD7
directors_8720,Q15198730,Q113990952,Q15198730-287ED88F-F33D-4D7F-9655-EFCF36E77158
directors_8721,Q1519981,Q1779549,q1519981-95103D07-B61F-44F2-B99E-7668FAE9DF01
directors_8722,Q1519981,Q636817,q1519981-692C1F7E-6AB7-473F-BC82-5E999D9371D6
directors_8723,Q1519997,Q5181397,Q1519997-076B5B49-3926-431E-B361-99A138C10D46
directors_8724,Q15206061,Q3302216,Q15206061-8526C1FE-4625-4BDB-AF54-F8BC9DD61ECF
directors_8725,Q15207314,Q106269444,Q15207314-0526709D-9AA3-49F7-8378-3409EF703051
directors_8726,Q1520801,Q920595,q1520801-FE06820E-9B2E-4BD0-87E5-A08BFDB51FA3
directors_8727,Q15208268,Q62047718,Q15208268-2bf30772-4ea9-73a6-45f1-cae35eec238f
directors_8728,Q152090,Q1766320,Q152090-CDD2E151-F15F-41FB-81B3-A82E271C2D9C
directors_8729,Q152090,Q467764,q152090-F25EB702-AA23-4560-B18D-D28FA5014FE1
directors_8730,Q15209986,Q715838,Q15209986-7c3bfaee-460b-7036-fceb-782410a172c2
directors_8731,Q15214105,Q6713134,Q15214105-781EC0B7-EF03-4538-B89F-BD097940EA25
directors_8732,Q15214141,Q7639214,Q15214141-C5CEF3C1-1081-44A4-BFF0-2DFC9561CFCC
directors_8733,Q15216288,Q2892462,Q15216288-3fc0d197-4712-ec07-ebfb-daf368489edc
directors_8734,Q152185,Q131401592,Q152185-11283AAE-48D2-400B-A351-D472D88908AB
directors_8735,Q1521948,Q724516,Q1521948-F0E7A09F-0716-4436-A681-E3F5206834D9
directors_8736,Q15220567,Q357183,Q15220567-9C44F437-B5E2-46CC-A2D2-FBFAB888A3E6
directors_8737,Q15220568,Q316051,Q15220568-b539bfd3-49f1-c948-8b21-2b8fd412045e
directors_8738,Q15223487,Q16991464,Q15223487-F14DB46A-DF6E-4A81-97C4-9BFE26DF823B
directors_8739,Q15226280,Q78402,Q15226280-1A5D0209-4391-443B-8F14-F277CCEB4721
directors_8740,Q15236055,Q117859538,Q15236055-2CCDF296-AC8E-465D-B86A-7BE8A5701089
directors_8741,Q1523747,Q5974094,q1523747-C5B2C08C-25E8-4500-9BB5-27D76431F03A
directors_8742,Q1523906,Q113456892,Q1523906-D8B34E22-C814-4EBB-B4B8-48AE79ACD81A
directors_8743,Q1523923,Q113351868,Q1523923-6A67BCA3-2E35-43C1-931B-708F12E27C56
directors_8744,Q1523923,Q113351869,Q1523923-3046708B-0CD6-467B-94E3-DDCC6AE1021E
directors_8745,Q15240679,Q16214799,Q15240679-D8F99685-B9E3-40B0-8811-8667C53E57AC
directors_8746,Q1524217,Q2735655,q1524217-FF487D8A-D3A1-4DC4-B891-FC545A8D2AD9
directors_8747,Q15243037,Q2580634,Q15243037-dd5ae4d0-4ab0-fc0d-a39f-a8fc991e0bab
directors_8748,Q1524365,Q1387412,q1524365-975FDDF5-957B-424C-9861-79E54EF89369
directors_8749,Q152456,Q8877,q152456-1CE865FE-A462-4E1F-9ED9-F4832B982DB5
directors_8750,Q1524596,Q531425,q1524596-7B98BEA7-247C-43AC-8503-6AE7E5B4CD81
directors_8751,Q1524996,Q4962397,q1524996-5AAE78C2-AC19-4C81-A63F-CB10D4485EA2
directors_8752,Q1525035,Q117859574,Q1525035-289497fa-4161-024e-096d-b528ff1740ea
directors_8753,Q1525102,Q358804,q1525102-2B59DAC9-3FD4-4D6D-BABB-D130178C9C23
directors_8754,Q1525361,Q55465,q1525361-450EF298-F2B5-4255-9D51-70A7EFF23191
directors_8755,Q15258961,Q513844,Q15258961-BD33C26E-0A08-4693-9F03-B3A520DF6AC5
directors_8756,Q1526706,Q3290112,q1526706-EF3D7C30-83B8-4191-9F69-D84877D7F803
directors_8757,Q1526706,Q7967438,q1526706-30645BF7-0A8F-42BC-BA47-C1845DB1FB06
directors_8758,Q1526737,Q323940,Q1526737-7A9F0644-0CDE-4F65-BE76-9CB5647AB6B1
directors_8759,Q15268631,Q3972381,Q15268631-DBC70555-0863-4873-AD34-D8BD27BEF005
directors_8760,Q15269562,Q7635672,Q15269562-6ab3958c-47e5-aaa0-4208-131f2843a4dd
directors_8761,Q15270471,Q15064544,Q15270471-7FA71FD1-B088-4954-B8F7-AF759212D2F0
directors_8762,Q15270572,Q359331,Q15270572-AF8CE388-18DF-461F-B42A-A41942A679B4
directors_8763,Q15270603,Q118106727,Q15270603-77A87ABA-B676-4721-B02C-B33C16BC00CA
directors_8764,Q15270604,Q4491330,Q15270604-86FD76B6-7DE3-431C-8D33-52A03F90E014
directors_8765,Q15270638,Q4328136,Q15270638-26E82C9C-E57F-49B9-AB2E-AC1B1405C371
directors_8766,Q15270639,Q113990953,Q15270639-F49E6E81-1692-498B-9373-29DFE287E53C
directors_8767,Q15270705,Q112581993,Q15270705-9ce1e8cf-4128-0aa3-d0f0-03084dc5f8a0
directors_8768,Q15270705,Q63862223,Q15270705-D5803928-B60B-41D5-AA63-87845942532F
directors_8769,Q15270725,Q4307855,Q15270725-28C5BDC3-09B9-4F14-B4E7-201C36591618
directors_8770,Q15270755,Q2298684,Q15270755-81AD3237-7713-477E-BDF8-2055B69A772B
directors_8771,Q15270782,Q4442282,Q15270782-145B90B6-546F-41C4-9A01-072E600D6A75
directors_8772,Q15270873,Q114875568,Q15270873-CE065CE8-FE88-4829-B90E-5CCD9E105C38
directors_8773,Q15270945,Q4137218,Q15270945-0F3805BE-8390-4D17-9DD0-2487E39B72D8
directors_8774,Q15270992,Q557323,Q15270992-8F512B1B-7A2D-4B99-9291-36BC3FA79FDE
directors_8775,Q15271008,Q382387,Q15271008-7C5923B9-F573-44DD-9AB1-D08AD24EB095
directors_8776,Q15271016,Q703975,Q15271016-d1372f6d-4146-c451-4314-3adf04abd726
directors_8777,Q15271040,Q3093905,Q15271040-0B10636F-425F-4C31-8CD6-D016FAFE635C
directors_8778,Q15271051,Q111804768,Q15271051-6DBC83E7-3F8A-49A4-8F9A-EE9DB8A59833
directors_8779,Q15271081,Q4519872,Q15271081-68FE028F-FF4E-43A9-A68F-3914A089FCC0
directors_8780,Q15271104,Q65151924,Q15271104-5F54D6AF-FE37-4724-B984-485E30CD7993
directors_8781,Q15272134,Q3181441,Q15272134-BFD3164B-4814-4889-B76D-69804E8476D6
directors_8782,Q15275703,Q60341,Q15275703-507953ae-40d5-39f3-5dcd-75d5d2dc0a36
directors_8783,Q15275877,Q114778338,Q15275877-1FAA516E-7348-4499-9CC3-B8264BA353FF
directors_8784,Q15276657,Q169069,Q15276657-0B59E8FF-2275-45B2-B6F3-EB89C21F07AA
directors_8785,Q15283257,Q75815768,Q15283257-6c58fccc-4f4c-8e4f-6929-55710fb0aa1e
directors_8786,Q15284383,Q11433217,Q15284383-1EDCB5D0-04A3-4896-9025-96F2D95306ED
directors_8787,Q15284388,Q11433217,Q15284388-F0D9ECE3-922F-4CB7-8629-DA2D9C0E1075
directors_8788,Q15284489,Q2088074,Q15284489-BDB42735-8490-43C7-B23B-A8E10B945F6B
directors_8789,Q152857,Q60634,q152857-3C2FD0B9-624F-4808-80C7-18908FB5A6D6
directors_8790,Q1528731,Q557323,q1528731-4E18E7FF-B6C9-4C48-B808-67CB41B3CEA0
directors_8791,Q15292486,Q6196942,Q15292486-32e919ed-4549-61b7-9eee-e7480cc572c1
directors_8792,Q15302991,Q2837071,Q15302991-8bd3d0ee-46a9-7579-d0a0-dbd5fa31d954
directors_8793,Q15303118,Q515628,Q15303118-D1E2D46B-41D2-4DAE-8799-B8D3CFB52E44
directors_8794,Q15303493,Q154490,Q15303493-65eb9f8c-4f64-85bc-062a-393a49c80735
directors_8795,Q15303652,Q114273701,Q15303652-ED3DCA42-362D-44DC-B586-83128242EFD7
directors_8796,Q15303729,Q3299812,Q15303729-8DE50432-394D-49F3-92B0-BA448AA2DA8E
directors_8797,Q1532152,Q55133057,Q1532152-8F33A0A7-2472-4C3B-A65C-CBEEFC680FFA
directors_8798,Q1532255,Q42431084,Q1532255-A9DB6C8B-98B6-466D-84EE-1363938FDC55
directors_8799,Q1532274,Q1160223,q1532274-28BB7394-7A0B-49F2-8EBD-8483D379D404
directors_8800,Q1532993,Q185421,q1532993-DFC44E7D-8DA0-4E13-9662-F8C09B8B8F12
directors_8801,Q1533061,Q547485,q1533061-C250BE4A-9659-41DB-9838-8A5073AF1C30
directors_8802,Q15335769,Q1701629,Q15335769-08399637-B5A2-43DF-AF8C-9F5DB2B8AFDF
directors_8803,Q1533597,Q369424,q1533597-8DF6CE4C-B7BB-4672-A538-BFC609351A2F
directors_8804,Q1533604,Q76446,Q1533604-79639EA8-5E0F-47CB-B62E-2FACEFD0C46E
directors_8805,Q1533887,Q1849339,q1533887-BB0AF4D7-FB9A-4D97-9C7B-28D6AF1E8854
directors_8806,Q1533901,Q759186,q1533901-AD48F2CD-817D-4170-B353-061922EBF416
directors_8807,Q1533961,Q2630544,q1533961-2BF021D1-7BF4-4204-9EFA-BBFFC214C4E4
directors_8808,Q1534510,Q298255,q1534510-926C30FA-9139-493C-981C-7E08D167ADBF
directors_8809,Q1534667,Q5716496,q1534667-2de18f5e-458a-3efe-6875-9b5bfdadc044
directors_8810,Q1534737,Q654513,q1534737-231C10B2-EF7D-4F95-A244-66923094B8F8
directors_8811,Q153484,Q380608,q153484-18611101-EB7C-4E67-852F-BA3DB2FC488B
directors_8812,Q1535076,Q7586613,q1535076-3FD10DEE-2742-4A47-9E07-5EAC3230A766
directors_8813,Q15356454,Q8985702,Q15356454-c2bac8a6-4c15-7e57-5029-8bbfc7eb8aa1
directors_8814,Q15356454,Q8988948,Q15356454-31afab9c-4aa7-e969-a19d-31dcb6fee04d
directors_8815,Q1536277,Q703492,q1536277-5C3AF532-C3CC-488A-AA39-07B5D868FA61
directors_8816,Q1536287,Q185421,q1536287-C6489131-8604-4F47-BCD3-4F0E2886ABAA
directors_8817,Q1536341,Q1933304,Q1536341-DB4F7DB3-25D6-4FAB-B934-54A3330A0B47
directors_8818,Q1536544,Q345838,Q1536544-d51046b5-4611-fe2d-67d1-51edfedf8045
directors_8819,Q1536550,Q11360816,Q1536550-D50616AC-7A0E-4D3A-A5AC-05AC3C3CE96C
directors_8820,Q1536600,Q716373,q1536600-9E573B25-7796-4773-BC56-B59B4C32DDC6
directors_8821,Q1536722,Q55429,q1536722-A07463CF-C78F-4F1A-94BD-66F73161238A
directors_8822,Q1537305,Q504656,q1537305-256A3F17-BA37-4A4F-B63F-69865AD52301
directors_8823,Q1537346,Q1806188,q1537346-625e4e93-4fe3-e178-f415-43aa14202458
directors_8824,Q1537480,Q463565,q1537480-D4265A90-42AD-4FFB-9836-FDCFD8F221C7
directors_8825,Q1537484,Q2632767,q1537484-4E0E8B2C-2C2C-4A6C-A882-50DC6DF31BD3
directors_8826,Q1537544,Q2424777,q1537544-A120AD21-570A-435F-9764-D64632797278
directors_8827,Q1537986,Q23901313,Q1537986-d6a7844e-4f2f-ce2a-6dd8-35aa61c470d0
directors_8828,Q1538289,Q738544,q1538289-57BF220F-8317-4C8C-987C-9B1845638F01
directors_8829,Q1538293,Q3443607,q1538293-0176AC6D-1438-478A-B833-0A900B6F306B
directors_8830,Q1538567,Q1688198,Q1538567-2066B0A8-7622-4951-A0FD-3C982F367D5F
directors_8831,Q153882,Q57932,q153882-146FBFA3-3BE5-4730-82F4-C7AE6F9B9ED7
directors_8832,Q1538902,Q4503044,q1538902-8CF3D7FC-EBFC-4AB7-891F-458DFCFA94BD
directors_8833,Q1539566,Q2071173,q1539566-1E58AB4D-33D2-4D16-87D5-38FB1EEE16D1
directors_8834,Q1539655,Q3372411,q1539655-A9E4CF93-A0CC-475F-8F94-6EE60EC02A76
directors_8835,Q15401854,Q5617100,Q15401854-26D4592D-260F-4043-B055-E0EE3F901BAF
directors_8836,Q15401947,Q55432,Q15401947-E5488C9E-2F3F-4D0E-AA5D-E3BBB2C0AEF0
directors_8837,Q1540202,Q5598191,q1540202-B0F21ADA-BF75-434C-8039-EA806FCF6AC2
directors_8838,Q1540260,Q1421655,q1540260-CEE27AEB-1C5F-4252-A5B7-EEF04B42959F
directors_8839,Q1540379,Q946039,q1540379-EF017C0D-A5E7-4FB0-9844-B5BFCCD95B8D
directors_8840,Q1540586,Q725376,q1540586-80C46EAF-D4DC-4813-9466-82AEF6DF2AC7
directors_8841,Q1540614,Q185421,q1540614-07190B49-B66A-4A93-9FE5-E171560FBFE8
directors_8842,Q15407653,Q514527,Q15407653-0662378B-21C3-48E9-A90E-A79C73CBDDAA
directors_8843,Q154077,Q433893,q154077-EE47647D-95A6-4416-BA2B-9734D0442F2E
directors_8844,Q15407746,Q44131,Q15407746-26D2903C-8913-4C1C-A3D1-EA836E94FD37
directors_8845,Q15409303,Q314142,Q15409303-54AE9FF6-8EF0-48D8-93EA-9D06C3042BE0
directors_8846,Q15410723,Q117845413,Q15410723-C5967BEC-834F-4961-A4B0-F00FB08ED34F
directors_8847,Q15411503,Q129817,Q15411503-4b236f4d-49c2-2728-19b0-969b14e45062
directors_8848,Q1541605,Q766818,q1541605-D80228F3-7B90-4B67-9BE9-45C6A8B63EEF
directors_8849,Q1541909,Q26835746,Q1541909-1D855D56-D9C6-405B-899B-14C0D78E2C71
directors_8850,Q1542340,Q471552,q1542340-AF6FF709-7EBF-4742-A036-66D3BF0E16FE
directors_8851,Q1542368,Q126289,Q1542368-9B1B9237-FA5F-4E03-900D-ADCD9711C93C
directors_8852,Q1542565,Q4864855,q1542565-5093F1AA-754D-4B68-BFFB-955EEA0A97D1
directors_8853,Q1542687,Q725773,q1542687-F7F9D9B5-E4CE-41BC-A35F-AE11AE497836
directors_8854,Q15427353,Q21080810,Q15427353-86D33936-CFB5-4A86-B028-67EC19707662
directors_8855,Q1543028,Q7026507,q1543028-BA76D079-7ED5-4A3D-8B48-E0628B3BD014
directors_8856,Q1543439,Q450720,q1543439-F02992B9-1EE3-4DF6-8F04-3360F62C592C
directors_8857,Q1543603,Q118106735,Q1543603-7F4E6124-43D6-45C8-B38A-FF0FC66DF74E
directors_8858,Q1544258,Q444583,q1544258-26858DC4-37FE-48D8-A3BD-D60B5A2973D9
directors_8859,Q154581,Q41148,q154581-54C75587-7698-41A6-95C7-DD11D4C2DB8F
directors_8860,Q1545861,Q2336016,Q1545861-7c509241-4e47-494f-4cf8-d1801b038d01
directors_8861,Q1546370,Q11930,q1546370-64F32549-F08D-4FFC-B474-DC17254B4F20
directors_8862,Q1546955,Q72642565,Q1546955-C09A75FC-8CF5-4E37-8333-4B1EFC050548
directors_8863,Q1547013,Q594382,Q1547013-B5E8CDF8-39D9-47D9-93B0-546FC098F2D1
directors_8864,Q1547758,Q67266,Q1547758-63e28430-4152-ee85-584e-f9def180d4bc
directors_8865,Q154817,Q60669,q154817-67B77256-9230-45C5-A938-169FC1B092C9
directors_8866,Q15485665,Q5218576,Q15485665-F7DEAA5F-F811-415C-A41C-4BFE6C2DD378
directors_8867,Q15491127,Q218022,Q15491127-713345e6-4de5-ef2b-57d6-6f3ca23bf775
directors_8868,Q1550266,Q3041933,q1550266-278BB609-B6FC-47BE-9F6C-F77CB37F457E
directors_8869,Q1551080,Q4759560,q1551080-5A1F6D14-6DDF-4268-A2FA-38E9703C01DE
directors_8870,Q1551169,Q710314,Q1551169-D91AC4F7-D01F-4A7D-8186-81CF5E12755F
directors_8871,Q1551502,Q6142897,q1551502-A130BEE5-7267-4570-88AA-0F3AEFE8B3ED
directors_8872,Q15515219,Q6167589,Q15515219-4B781437-B6A9-42BC-912B-E0E7531B7BB4
directors_8873,Q155163,Q380608,q155163-5AC1B7A0-EDE9-47B2-8B3A-E18EFBDC9A66
directors_8874,Q15516638,Q114804160,Q15516638-79E1E69D-AC5E-4AE3-A17D-DAD237B0FDFA
directors_8875,Q1551737,Q4207063,Q1551737-654a1e88-4466-71f4-aaee-6cad27e0bd00
directors_8876,Q15522237,Q104373,Q15522237-DCB48E89-3D2C-438A-9A38-727D91BC6508
directors_8877,Q15524911,Q220308,Q15524911-1c56d3d3-4cfd-2b48-983c-5ecdf11f102d
directors_8878,Q15524911,Q3061320,Q15524911-9126bccc-445c-ffe8-625b-c8d547215280
directors_8879,Q15524981,Q686867,Q15524981-AB674103-9559-4A3F-84BA-9199961CE35D
directors_8880,Q15525028,Q16940315,Q15525028-C7BC5450-376C-4240-A751-6CD2AB919D0B
directors_8881,Q15526601,Q21064227,Q15526601-E9E9CB9A-E44C-48E7-8334-0D8EC60AEE59
directors_8882,Q15527055,Q314287,Q15527055-7569DC2F-F347-4417-909F-B68A43715C4D
directors_8883,Q1552765,Q270730,q1552765-000E09F3-039B-4D61-B2AF-51FB35C399DD
directors_8884,Q15527682,Q1913946,Q15527682-3f1a5510-4d37-9e3b-fb0a-b47f962dd80f
directors_8885,Q1552835,Q179463,q1552835-E48B3826-93A7-4392-BBEE-44D93ED36A69
directors_8886,Q15533576,Q16337452,Q15533576-C69C35B5-D300-4D70-8D4B-C01C561ACFF1
directors_8887,Q1553584,Q3488923,Q1553584-7CD62936-0A17-49DF-94B4-B07500E0E931
directors_8888,Q1554298,Q457487,Q1554298-F855EA39-B015-46A5-B25C-0021E5EFA9B2
directors_8889,Q1554324,Q113351871,Q1554324-1F9570BC-36C3-45E6-802A-4A08B8AF76C3
directors_8890,Q155476,Q503966,q155476-77FB14A7-5CA8-418B-B3F2-2B9A39354AD1
directors_8891,Q15547983,Q22066220,Q15547983-0B001319-B387-4E27-B71C-2057B089E5E2
directors_8892,Q15548282,Q3108788,Q15548282-6a059675-492e-0e57-b8ec-896bf21a182a
directors_8893,Q15548282,Q3182354,Q15548282-e110452f-4d21-497e-41f2-9634d47c5e9a
directors_8894,Q15550924,Q16337866,Q15550924-0222D4DD-060E-449B-AE45-BEFF280E183D
directors_8895,Q1555773,Q113986838,Q1555773-E6D0791C-FFFE-4D78-B786-DE332ABCA528
directors_8896,Q1557308,Q466320,q1557308-6C3F1492-46C1-4ACC-8A53-214BBB6B56E3
directors_8897,Q15586322,Q10330007,Q15586322-84707C81-AD71-4697-8C3E-82701E968E02
directors_8898,Q15596853,Q455279,Q15596853-777E5E56-6FC1-4EBD-AEA2-F343982B2FAB
directors_8899,Q15612553,Q5216492,Q15612553-4A5C289D-70F3-4371-8A4B-EC15B98DC7D4
directors_8900,Q15613279,Q901185,Q15613279-BE0C9D80-5C64-43BD-9A6C-4CD8E4C38816
directors_8901,Q15613894,Q27063735,Q15613894-61892C9D-5097-45BA-AFDC-C19036165FDF
directors_8902,Q15614650,Q374346,Q15614650-0be0c384-4300-b365-faea-948e77f3b5d3
directors_8903,Q15615185,Q55258,Q15615185-2e7d5b9e-49ea-dbf8-8037-5e26fb9a5212
directors_8904,Q15615772,Q29052501,Q15615772-9ECEB5E3-23AF-46B4-956C-293DF90F92B0
directors_8905,Q15616326,Q117860652,Q15616326-8675D149-5135-495F-8573-14D6F4C00E4C
directors_8906,Q15616485,Q983068,Q15616485-3b7d5c16-4f02-ad98-c5d6-28bc2ed2b43d
directors_8907,Q15616769,Q3536755,Q15616769-82E58463-965E-4466-A7D9-79EB0E76F5EF
directors_8908,Q15618117,Q11818221,Q15618117-BBA12506-8709-439D-8070-300685CDB7CD
directors_8909,Q15618217,Q46091103,Q15618217-5d405088-4b64-8b3f-f9a4-e6b1125a669d
directors_8910,Q15618690,Q105044594,Q15618690-62D116C6-EEC1-481A-80F5-677887CDA832
directors_8911,Q15618690,Q60633865,Q15618690-82D545EE-D505-41F5-9622-DF58AE2352EC
directors_8912,Q15618731,Q113514850,Q15618731-1DD81733-6883-4E3E-8BC7-A08B3AACD8B7
directors_8913,Q15618732,Q114899557,Q15618732-2993FB32-3004-41B0-864D-832EE5C7C906
directors_8914,Q15619286,Q6255109,Q15619286-2C38526E-5E12-4741-B4D7-54CD95DCAA86
directors_8915,Q15622628,Q59149,Q15622628-d23d4499-426e-00b5-0f98-721fb64e49e4
directors_8916,Q15622633,Q383768,Q15622633-42E518DC-54FA-4458-828D-CC910D001FB0
directors_8917,Q15623092,Q2078661,Q15623092-04DA9952-B5FE-400C-A932-096E36ADFAFF
directors_8918,Q15623519,Q16091069,Q15623519-7073741A-1894-4E15-BEA7-93C13347ADC3
directors_8919,Q15623873,Q113285,Q15623873-7e5d858a-48e0-2bdf-789b-c83ded7497c0
directors_8920,Q15624045,Q503966,Q15624045-5E65323B-AF0E-4C66-803D-8625046AF5EB
directors_8921,Q15624215,Q484779,Q15624215-31cfec74-4188-71ba-a411-670b6a5f714e
directors_8922,Q1562686,Q20656303,Q1562686-bfbc3773-404b-ee54-9649-fe7b8b7061c0
directors_8923,Q15627005,Q495055,Q15627005-72F7881E-2094-4759-B64A-E64B9110ACCC
directors_8924,Q15627888,Q951671,Q15627888-3e777488-4539-8861-36af-7eb78bad7532
directors_8925,Q15629624,Q113450117,Q15629624-610BD84A-9043-47C1-8B8A-FDB4C7627980
directors_8926,Q15631013,Q167522,Q15631013-8be960bc-4590-0ab7-7e18-203eec0e0d8c
directors_8927,Q15632400,Q20675904,Q15632400-E6960989-AF3D-4B84-9C5B-383B08070EE8
directors_8928,Q15635667,Q704287,Q15635667-98442D1E-B413-47B2-881C-DC747E731B8F
directors_8929,Q15636112,Q63099916,Q15636112-EDBB3C37-CFDF-46EB-ADB5-BE9BF7E2E9C7
directors_8930,Q15636184,Q1042421,Q15636184-2CA08CA0-DEDF-4977-914D-44CC3158D469
directors_8931,Q15636270,Q11534695,Q15636270-99367CCF-9A75-4F6A-B8C9-FB05E7939FB8
directors_8932,Q156394,Q235555,q156394-EEB9F5B0-C6FF-4A62-BF17-65A219C89749
directors_8933,Q15639636,Q114008599,Q15639636-BD9828F2-C2D6-4E0F-AAB7-97CAE93B2A38
directors_8934,Q15641052,Q24845007,Q15641052-41F8A267-D885-430F-9408-B88DCF92B970
directors_8935,Q15642572,Q1138078,Q15642572-8B2335E5-451A-40F3-AA15-5C16FF87F939
directors_8936,Q15642649,Q6788483,Q15642649-e64b5365-4dc7-bedb-4b74-f82b0a547b06
directors_8937,Q15642956,Q20649765,Q15642956-F088D471-EFCC-4E42-8D6C-37DC7B16E4CA
directors_8938,Q1564329,Q1501394,Q1564329-50853302-45dd-6e34-9526-ddb3de4d4d64
directors_8939,Q15643554,Q983053,Q15643554-CD645B7F-716B-45D3-88FA-918E57175EDE
directors_8940,Q15647086,Q16728099,Q15647086-572269E6-D2C0-40FF-875F-F042B0699C08
directors_8941,Q15647675,Q1976500,Q15647675-B864230B-D3A3-4AD1-B6E2-D63A4F0B0060
directors_8942,Q15647962,Q345259,Q15647962-6468132b-44c4-7362-fb67-f3324a0a1799
directors_8943,Q15648198,Q18350026,Q15648198-6AEBE8A4-280C-4B16-BC16-5DCFED31CA03
directors_8944,Q15648500,Q3532507,Q15648500-9518BD3B-A13F-4493-8BBA-1911AA384CC2
directors_8945,Q15648873,Q16905873,Q15648873-81905C10-B256-4C20-88FC-5CE344D4CD38
directors_8946,Q15650208,Q16259224,Q15650208-6B3DF008-3C17-4E44-8204-12F7BB82F45E
directors_8947,Q156519,Q547811,q156519-2F50A5A0-04C7-4AB6-82F8-2D81AF9D5A5D
directors_8948,Q15651974,Q704027,Q15651974-542A04E1-37AC-4E3D-86D3-BD1141A21640
directors_8949,Q1565481,Q104747,Q1565481-6B426BB8-DB52-4737-9453-66BC04E1773D
directors_8950,Q15655770,Q6212564,Q15655770-d7390d53-4beb-58b3-9564-01779510dcb6
directors_8951,Q15656073,Q50182,Q15656073-725D8BEC-54D3-46B7-9F5A-3BFEAA5415BC
directors_8952,Q156597,Q317567,q156597-5C878CE1-09DF-47A2-8BF0-18E17162991C
directors_8953,Q156608,Q356275,q156608-4DD9D00E-C788-4280-8F54-5FDC52599B24
directors_8954,Q1567731,Q1066169,q1567731-DBCE2EE7-FD5F-4BF2-85F6-74AEC9521C57
directors_8955,Q15689168,Q16216663,Q15689168-35CBE340-851D-430A-8A2D-2BE2C2B89183
directors_8956,Q15689261,Q1261335,Q15689261-cbe8bbf1-4e5a-103f-0cc8-79e36b0c695a
directors_8957,Q15691486,Q3838199,Q15691486-2286780D-5C44-436A-A353-31130CAE16C1
directors_8958,Q1569216,Q1987021,q1569216-25BFC901-6587-4FB6-A231-55F414C1BD91
directors_8959,Q15693920,Q108667382,Q15693920-2CC7C62C-B039-4EEF-A42B-AF1483B10ABD
directors_8960,Q15693920,Q113675806,Q15693920-DAF02166-080D-42A9-9703-2C47298A2803
directors_8961,Q15693920,Q113675807,Q15693920-91DD6334-C001-41C1-921C-F718F3490BD6
directors_8962,Q15694547,Q21067218,Q15694547-A51DFAE8-7CDE-4E2E-AA73-C2B1121E9A16
directors_8963,Q15694687,Q7261235,Q15694687-C638AA35-D297-4E27-997D-BAE493E58B60
directors_8964,Q15695282,Q5974094,Q15695282-A039A3B1-44D8-4EBB-855F-EB79EFDAFC11
directors_8965,Q15695586,Q3286702,Q15695586-1F5E6A66-5085-435B-8AD8-7B7242011BF6
directors_8966,Q15695687,Q5099316,Q15695687-DCD03A12-BFD2-47DC-9ECE-FE4E5C2E8622
directors_8967,Q15696533,Q114911887,Q15696533-AECFC2AF-FC1E-489C-A085-6A620DF82A2A
directors_8968,Q15696746,Q6120030,Q15696746-5402F345-0B4B-4F5B-9D9B-F9BA81408AAB
directors_8969,Q1569923,Q214677,q1569923-2A0AB4DF-A8F1-4C44-AF7E-8322D339C777
directors_8970,Q15699390,Q7929181,Q15699390-DCBFBB50-A3D2-4696-ADEF-EE98D207FDE6
directors_8971,Q15701905,Q454881,Q15701905-62299F7A-117E-454F-A178-D3084B913947
directors_8972,Q15702353,Q3199741,Q15702353-BD18F2F5-8ED3-4C68-B82C-8E53AFBDAE94
directors_8973,Q15702455,Q703779,Q15702455-7d7ba8ef-46e8-9ec5-ea77-045b24dbb532
directors_8974,Q157044,Q313506,q157044-AD134986-39F9-4D04-80CB-98CBE1F43E63
directors_8975,Q15705611,Q5267041,Q15705611-AAF4C4CC-FD2F-49A7-A61A-7745669FEFD1
directors_8976,Q15706385,Q5959544,Q15706385-B123F3F6-01A0-4BD7-A27C-D90D466CA53F
directors_8977,Q15706898,Q8296,Q15706898-EFC0FD0F-0EDD-4A10-80F5-36EF990B39FB
directors_8978,Q15708907,Q3143548,Q15708907-c902f057-4ad3-a1af-677b-4ecf6ea2a0d3
directors_8979,Q15709915,Q4171916,Q15709915-71bd8664-4c79-7cd2-c139-2866ce867609
directors_8980,Q15710747,Q4388203,Q15710747-2175DE0D-0FBF-490F-B29B-E988321060D5
directors_8981,Q15710928,Q2829028,Q15710928-2E591150-01B5-4763-8023-ED6AB45B6C59
directors_8982,Q15711573,Q117860678,Q15711573-5067B07E-42A0-4938-9BD3-474AD92D5315
directors_8983,Q15711834,Q7709824,Q15711834-23357D3A-9A22-48BD-9D67-FDD47E201397
directors_8984,Q15712110,Q23836180,Q15712110-52a7e127-407a-4d80-a295-71ab5ea9ee6e
directors_8985,Q15712110,Q23836181,Q15712110-5cd42de7-41c1-87aa-be6c-149047e78803
directors_8986,Q15713299,Q6374951,Q15713299-1D55577C-4403-44A7-BB72-2E0248E37BC5
directors_8987,Q15713892,Q118817,Q15713892-1B45969D-73DF-4C77-A77C-F6B46F763826
directors_8988,Q15713954,Q10489213,Q15713954-43E53D02-BB2A-420D-BFDD-AE273754C34E
directors_8989,Q15714136,Q1668864,Q15714136-7e3dfa27-4e95-3873-cc72-119b42ca9277
directors_8990,Q15714322,Q404364,Q15714322-7A46CBD2-567C-4910-BE65-3295741B0F0B
directors_8991,Q15715166,Q7493263,Q15715166-582B7E75-7F54-4C01-AB62-23318DDE8D32
directors_8992,Q15715216,Q21004920,Q15715216-D890B784-8ED0-493F-BD1D-304E58EE00D2
directors_8993,Q15715647,Q456008,Q15715647-4b8f9753-4cc7-750b-84f9-5931dda3e693
directors_8994,Q15715663,Q7844002,Q15715663-AD1EF33F-FD48-42B8-8597-5BDB4AA1D8CD
directors_8995,Q15715709,Q117859655,Q15715709-9246E17C-4BC4-438B-B15A-37620C39B442
directors_8996,Q1571644,Q95750420,Q1571644-BC296159-461A-4F91-AFED-DB6F56DDE941
directors_8997,Q15717576,Q28839836,Q15717576-3E3DD6B6-43EE-4773-A0C3-69C8EBCD4F14
directors_8998,Q15717664,Q30249914,Q15717664-39F3CFA7-92EB-4BF6-BC44-7BAD7E024F0D
directors_8999,Q15717896,Q19663486,Q15717896-AFD2C684-A1FE-4350-A7AC-E813C1F30E64
directors_9000,Q15718418,Q7645752,Q15718418-A426098A-3395-4755-917B-3A88CF40416C
directors_9001,Q15718857,Q113687949,Q15718857-DB7365F8-961F-4941-AC17-C34A8E2FCAE7
directors_9002,Q1571941,Q710650,q1571941-F38009C3-3099-4CFC-8B9E-29805E7CD0CD
directors_9003,Q15720528,Q6373535,Q15720528-F3C4153E-FE8A-49AC-9440-E1D0A6148032
directors_9004,Q15721694,Q7399809,Q15721694-597EE89D-DD38-470A-97D7-3FF3AE711B90
directors_9005,Q15722949,Q30249914,Q15722949-0F0195D0-80BF-4511-83A0-CE7616C1DFE3
directors_9006,Q15723814,Q97385638,Q15723814-63558390-3C23-4C13-B9A2-D109E3F4A0D7
directors_9007,Q15725259,Q54504417,Q15725259-e338eca6-482c-5793-0671-2073378dd7d4
directors_9008,Q15725674,Q63140664,Q15725674-B8E97CAE-5C10-4ABB-B5FA-F6E48B111468
directors_9009,Q15725811,Q934691,Q15725811-A7965B2E-F2B8-4C73-ACB8-F2926587861F
directors_9010,Q15726151,Q8985851,Q15726151-9EA6124D-7D01-423D-81B0-5049B7C3ADD2
directors_9011,Q15726236,Q2742292,Q15726236-b3b6df8a-4418-600d-2d39-c6e610cdd9cf
directors_9012,Q15726752,Q2639828,Q15726752-0A27EA51-7B42-450C-9E62-1AE9DF72536B
directors_9013,Q15727032,Q3896663,Q15727032-2aa309ff-4114-7fd6-76b6-e95f617a7ea0
directors_9014,Q15727192,Q7145809,Q15727192-19C6A57C-9D65-4B0F-A6C5-18C3E4BCEF69
directors_9015,Q15727323,Q48066196,Q15727323-f6782ce6-42e8-9f2e-a601-ac1a4add1fbf
directors_9016,Q15728784,Q3161013,Q15728784-9931a9ec-4012-0b43-d9b4-6c576aaaae9f
directors_9017,Q15728823,Q1339625,Q15728823-978423B0-8E53-4E1B-A6BE-AEFAC60871FD
directors_9018,Q15729024,Q1581762,Q15729024-3B0C9B5A-3E03-42F9-88EE-0329A0EE6184
directors_9019,Q15729025,Q219124,Q15729025-77456A22-3750-4C0D-AFD2-6E6A9F53718A
directors_9020,Q15731283,Q3026306,Q15731283-4bd0c1a1-4d12-23aa-d507-cf5340df91be
directors_9021,Q15731457,Q1007270,Q15731457-DDA11509-9D11-4F18-98A4-57AAB20FB0DD
directors_9022,Q15731589,Q16215189,Q15731589-BCD6D48F-19DC-4631-BE0C-F53A3F4F2880
directors_9023,Q15732303,Q3837608,Q15732303-17399554-42e6-e4ef-06d3-6976de8be692
directors_9024,Q15732532,Q55282,Q15732532-3F78F91F-B89A-45B7-B27D-9892BCB085E6
directors_9025,Q15732802,Q22277301,Q15732802-679f9941-4f1f-13e4-7f49-869b5a82ed58
directors_9026,Q15732802,Q5236475,Q15732802-fa17e09d-4836-4ff0-5160-0a75f0e54a20
directors_9027,Q15733016,Q55430,Q15733016-9C352EDF-2B91-4D98-AB11-5456F97CDC41
directors_9028,Q15733036,Q12472882,Q15733036-2AE2DCD8-1C88-4BD5-9284-36501DAAADA1
directors_9029,Q15733440,Q361290,Q15733440-CDC87D84-FD42-4178-91B3-6ED4E07CA742
directors_9030,Q15762515,Q16943490,Q15762515-463c8018-44d1-0caa-c253-74da6744b64e
directors_9031,Q15762515,Q468785,Q15762515-D571195A-F603-444D-96E9-6DB2473FCD80
directors_9032,Q15783521,Q825576,Q15783521-b94c9394-4ebd-1477-226d-8104d58dc108
directors_9033,Q157975,Q78717,q157975-A7A1C55E-4CCF-4B04-A014-3EA1AA9384F2
directors_9034,Q15825814,Q69092,Q15825814-BED72883-2F1C-497B-BAB1-A250F11EC330
directors_9035,Q1582752,Q509900,q1582752-51222398-2E3E-4F2D-B4C9-89C49F62CE18
directors_9036,Q15831672,Q3946184,Q15831672-97CF9B43-274D-4733-B03D-96F5B86409B6
directors_9037,Q15831713,Q435626,Q15831713-7ebbb3b6-41f1-30bf-349e-dd4d338f7e54
directors_9038,Q1584281,Q724208,q1584281-8C9404E8-8197-47BB-B679-F5FBE7935457
directors_9039,Q1584284,Q3035907,q1584284-4EC3EF8A-9AB3-4C51-83BF-9EB7E73BD8FC
directors_9040,Q1584333,Q55430,q1584333-C03EB20D-A176-481F-99A5-666072FF6BC6
directors_9041,Q1584444,Q1699742,q1584444-D43E31C9-9FF5-4BCA-8546-AD51E966DA74
directors_9042,Q15844806,Q7324307,Q15844806-59732558-4A32-4AD4-8CD8-03DFD4A9AD5C
directors_9043,Q158473,Q930903,q158473-D46DF88F-6CA3-4415-A9A2-D578EC53521D
directors_9044,Q1584981,Q3401546,q1584981-6FF6B669-3A44-43DC-BE8B-2F2362786D89
directors_9045,Q1585062,Q913003,q1585062-66DDCEA5-6631-4114-B999-74C67949852C
directors_9046,Q15854772,Q113586172,Q15854772-25A19BBB-40E0-4458-8F93-0D57C9375B7F
directors_9047,Q158571,Q45292,q158571-ED0125C3-52D3-4843-8206-C0814D4B91CE
directors_9048,Q15857743,Q5195441,Q15857743-D135BE26-25A1-4CCD-A222-6290642E1626
directors_9049,Q158697,Q106285398,Q158697-5DDD05E7-D4BE-4D0F-9B12-1DF050A71825
directors_9050,Q1587454,Q1873071,q1587454-63A974CA-528F-406A-B647-09F3953E37E1
directors_9051,Q15891351,Q7289374,Q15891351-EF0383D4-E16F-4828-BA95-A7701A7946D8
directors_9052,Q15905317,Q1378100,Q15905317-54A1C0F6-2937-4583-97ED-1771E77090B6
directors_9053,Q15905869,Q117885611,Q15905869-832E89B2-EED0-4BF3-BF54-B5B25183ACCF
directors_9054,Q15905869,Q95157228,Q15905869-A1ACDE08-E1A3-485C-A752-12E532A3E914
directors_9055,Q15909847,Q8948254,Q15909847-47b52ca9-4b54-7f17-1ae4-d5b2d3c2d302
directors_9056,Q15912094,Q454881,Q15912094-71950038-244C-4D6B-8684-40189ECCAFF7
directors_9057,Q1591464,Q817359,q1591464-387CAC42-5BA6-4B40-88BB-09EE6FD8F9B0
directors_9058,Q1591605,Q12059610,q1591605-20E61B24-082D-41E2-9BE1-4236B51DA88E
directors_9059,Q15917629,Q180029,Q15917629-5F203F7B-F906-4A78-BB31-308A8D8DE4F4
directors_9060,Q15918219,Q2739776,Q15918219-d799c3ee-48ba-efef-d6da-15b74d70a189
directors_9061,Q15918226,Q3479401,Q15918226-886B5B87-3A8B-44F7-BFF8-302DB53C260F
directors_9062,Q1592058,Q738544,q1592058-4C6E61C2-7E62-46FB-9681-788FB7F25BFC
directors_9063,Q15920848,Q717075,Q15920848-D9AE5715-8DEB-4AFD-97A5-A2AB137641CA
directors_9064,Q15922461,Q16914020,Q15922461-08AADB63-0A0C-4C14-ABE1-51F5AE0C8FA8
directors_9065,Q1592282,Q4109,q1592282-5D9C5D20-5C39-4691-8566-C2B8380A4B82
directors_9066,Q1592460,Q7304122,Q1592460-68ed5279-4343-298c-ea40-f68675110af7
directors_9067,Q15927133,Q6102211,Q15927133-950d4811-44e6-9d34-b641-683e2767fb7e
directors_9068,Q15929448,Q551876,Q15929448-7735FDC6-A514-4A82-8931-155598210CE6
directors_9069,Q15930925,Q702536,Q15930925-24002A3B-C0E5-4561-87A8-40116C35918B
directors_9070,Q1593315,Q3472866,q1593315-376C3CB8-3464-44A7-BA94-B0C2E466341B
directors_9071,Q15933939,Q9438453,Q15933939-1E64FE13-4176-46BE-AF63-AF770AE20B88
directors_9072,Q15934383,Q6317793,Q15934383-42652cd7-420a-77aa-f007-2dedcbdfa074
directors_9073,Q15938306,Q4912341,Q15938306-A8ADFDC7-B973-4C3B-A47D-3BDFB3EF3225
directors_9074,Q1594295,Q122925,q1594295-1ed9e934-4b62-c6bc-a1ab-f826d541602a
directors_9075,Q15951713,Q5448516,Q15951713-AA889A17-702B-4106-9616-EDB398446248
directors_9076,Q15954711,Q8039023,Q15954711-45CB4E06-A5F4-401B-87A8-7459156D7937
directors_9077,Q15954941,Q16076953,Q15954941-BAA11590-80C5-48D8-9551-939C6876CEC9
directors_9078,Q1595582,Q202148,Q1595582-FFB107BD-E179-4386-9752-E32BAAA7F99C
directors_9079,Q15963780,Q446580,Q15963780-00eaa5bb-4589-5bc4-1e98-ce8fe3dc495b
directors_9080,Q159638,Q219124,q159638-C7E2B396-8D05-4C95-B7A1-0681F77F9DD0
directors_9081,Q159690,Q84199,q159690-8738ED6E-C31F-4936-87F3-DC5FF7D5E3CC
directors_9082,Q15972938,Q259687,Q15972938-26CCB795-DC66-45D9-8C2F-4091DE868135
directors_9083,Q15973073,Q1114465,Q15973073-00D4E3AA-813A-45A2-B9B1-B465ED2D9629
directors_9084,Q15974157,Q444545,Q15974157-86043c72-4bed-632d-c84e-eedb7fce525f
directors_9085,Q15974157,Q50764,Q15974157-4a3b3d80-4493-c38d-3eb8-a0fe259773f7
directors_9086,Q15982471,Q558522,Q15982471-AE6E5C77-2053-4FE9-A7E9-71126E293861
directors_9087,Q15983469,Q117860912,Q15983469-D457474A-9B9E-4127-B915-129CD79C93B5
directors_9088,Q15983477,Q17411217,Q15983477-90c9a215-4b59-af13-9cf7-151e3fbdd4bd
directors_9089,Q16011123,Q3422869,Q16011123-ad2f9ce3-4d19-f7ea-db40-8b7d6813f0af
directors_9090,Q160215,Q4465,q160215-EE1089F8-9FEA-40EA-A1BF-BA7746B72B84
directors_9091,Q16024345,Q16028331,Q16024345-1568562D-B4ED-463F-B51C-C3F4AC5AE309
directors_9092,Q16025079,Q349842,Q16025079-57c311f8-4a61-73de-0b63-2aa151c83891
directors_9093,Q16028948,Q522382,Q16028948-C67FB31E-96B1-4E82-AF89-807DA30C17C6
directors_9094,Q1603068,Q1644442,Q1603068-DA41705F-BD8C-498C-9C1F-48F3903F30F9
directors_9095,Q1603072,Q1644442,Q1603072-86356AF0-816E-4FC4-A8D1-6A1A69619228
directors_9096,Q16045281,Q1645420,Q16045281-6E4B80F5-EE5A-4E36-A4B9-8E0387715645
directors_9097,Q1604555,Q1773566,q1604555-06F7938A-CDD8-4FAD-8F8C-AD2BA9B0C5D4
directors_9098,Q16050715,Q28712825,Q16050715-586bc1ed-4e6d-717e-025c-b71ceda0f9b2
directors_9099,Q16050715,Q5956402,Q16050715-A086BA37-BDEF-4B19-9706-2A7BCAB25929
directors_9100,Q16051438,Q1166019,Q16051438-2d661f7c-bfc0-4cc4-8eb6-5aef634d504e
directors_9101,Q16053418,Q20110601,Q16053418-2697B8D4-FB06-4E3F-8694-F0EA867184F5
directors_9102,Q16056821,Q16885662,Q16056821-26891F29-1030-48BE-A656-B96B299A7239
directors_9103,Q16057814,Q27922608,Q16057814-80F6E221-3BBE-451F-B5FC-A1B7294A7701
directors_9104,Q16058026,Q5071418,Q16058026-79946D83-14CB-4321-A64B-0A50639D5EA9
directors_9105,Q16058098,Q15700898,Q16058098-3F458873-3C6A-43E4-911F-8B96E3A739D0
directors_9106,Q160618,Q160726,q160618-65D10D97-C831-4A0E-9EB7-3A7B13C25701
directors_9107,Q16081143,Q25461514,Q16081143-E4B3901C-CE60-4A16-A6F4-7EAE957AA69C
directors_9108,Q1608185,Q1772301,q1608185-520AB49C-BA64-46DF-9DF1-8633FF8C6297
directors_9109,Q1608185,Q446047,q1608185-0DCE17D3-9C9D-4357-9F7A-6C29CD353D76
directors_9110,Q16083829,Q115197091,Q16083829-1E8C4F36-E07E-47BC-B561-D644D3F95917
directors_9111,Q16085271,Q12958465,Q16085271-12060eee-4448-c197-37be-125a9b96ef3d
directors_9112,Q16085937,Q5429502,Q16085937-1f9d3d9b-41a8-71c0-bccc-51b962d280bc
directors_9113,Q16087327,Q1253494,Q16087327-96DCD3C8-3F91-4F1F-9BB5-68061F32D0B7
directors_9114,Q16087483,Q718584,Q16087483-0BFB0409-18CE-407E-B8F4-D7E6BAA2A563
directors_9115,Q16087572,Q718584,Q16087572-7B2DAF81-383E-4DD3-AF8E-DA896A6EC980
directors_9116,Q16122256,Q106594498,Q16122256-BED3E3FF-9FDD-479A-B2CE-10A8EEBF6EAC
directors_9117,Q16122480,Q6818154,Q16122480-F36AAE92-836C-4669-B8FB-97C9EF2A2603
directors_9118,Q16123059,Q7916962,Q16123059-36c99be1-4868-959d-60ff-a356d8a1e98b
directors_9119,Q16123621,Q3318647,Q16123621-29F9527F-B5AE-440D-AF83-03F2E275F11F
directors_9120,Q16129528,Q6648352,Q16129528-a5435665-4787-30c2-e7ea-4ccf13712241
directors_9121,Q16131435,Q30015480,Q16131435-D09EE1E5-E911-4F32-A082-484CDA49EEA1
directors_9122,Q16131523,Q5360191,Q16131523-b64c5740-43e8-aa94-ec8c-d29da1f3674e
directors_9123,Q16132832,Q16128762,Q16132832-4b65093c-4416-a66e-3c58-fd55f7b2c3a8
directors_9124,Q16139961,Q16138509,Q16139961-0d15812c-4f12-bf88-9478-ac07643ebd1b
directors_9125,Q161400,Q1383818,q161400-A13F1B2B-D3BD-4DE9-826B-B879041D7DEB
directors_9126,Q16141948,Q553102,Q16141948-4CAFE860-8C42-4A59-AD21-D8DB63CD9B0E
directors_9127,Q16143389,Q1878434,Q16143389-2699155A-FB3B-4A53-A3BC-4B8DDAB4A513
directors_9128,Q1615031,Q95218982,Q1615031-8B769C9A-B7C7-4EF5-9D3E-6A7B04507083
directors_9129,Q1615054,Q1927632,Q1615054-660f35dd-4bd9-561a-f593-0899939103db
directors_9130,Q16155426,Q109648674,Q16155426-4c1b112f-43e1-ebbf-96b0-a0b1c4b1b0b5
directors_9131,Q16156329,Q166159,Q16156329-074A56F0-1A93-42B9-97EB-6D24120F1FF3
directors_9132,Q16160846,Q348615,Q16160846-06C8AFE8-2AA7-4B25-B98E-FEB62F042AB4
directors_9133,Q16160881,Q15042966,Q16160881-D0A2C6A3-0268-4D65-930F-3313D1098BDA
directors_9134,Q16162244,Q28699722,Q16162244-09477FB0-B38F-4A8D-8EEE-F925074AFF25
directors_9135,Q1616729,Q2438469,q1616729-4BEE4F35-3A36-4301-90C4-4BF5BF337BD1
directors_9136,Q16167586,Q2088074,Q16167586-1E1480AE-24FC-4DA4-A5DF-A8DE140B5A58
directors_9137,Q16169987,Q3544725,Q16169987-434d263e-445d-324d-8130-d6772c75c6ef
directors_9138,Q16170762,Q12584881,Q16170762-95F438BD-25C9-4332-A6F8-781BA1A57BD8
directors_9139,Q1617335,Q3392879,Q1617335-17735735-E5B2-4B87-99BB-B36A06B8C3ED
directors_9140,Q1617347,Q1359422,q1617347-1C5B64D3-6E99-4CDF-8DD8-126B7C2F3FA2
directors_9141,Q1617438,Q1582632,Q1617438-80522ac1-4d61-8bd1-7a47-1db486bb83fc
directors_9142,Q16176836,Q7137773,Q16176836-26C6F374-774C-4819-8605-540885DD44A1
directors_9143,Q1617964,Q11856301,Q1617964-227C3363-A65A-4246-AB0F-082F6066B294
directors_9144,Q16179973,Q21059877,Q16179973-3cca7009-4b4a-25fc-9bfe-a14301d41e03
directors_9145,Q16181292,Q21038652,Q16181292-97ED0A39-2B95-4A12-A162-B9FDCCEE43B6
directors_9146,Q16184574,Q114157995,Q16184574-8571172D-8CEF-4607-A718-7788172A185F
directors_9147,Q16184806,Q114833939,Q16184806-9F58EED9-E534-4683-A850-90FE69F8985B
directors_9148,Q1618511,Q6276394,q1618511-A2BC6055-2D14-4F1F-A8E4-596BAD005E2E
directors_9149,Q16189151,Q113365818,Q16189151-723839B8-75AE-4BDD-99C2-509150B87DE6
directors_9150,Q16191809,Q12617102,Q16191809-5C464E1D-AA60-4D14-89F8-2C502D7480CA
directors_9151,Q16191926,Q113675811,Q16191926-65346D47-5B01-4AF0-A2E2-5BA7F6DC4CD6
directors_9152,Q16199403,Q97372300,Q16199403-24b970aa-45f5-6dd4-0d70-74ea251df633
directors_9153,Q16203055,Q515095,Q16203055-F5F0FB27-4944-47A4-AA29-FC7943B51413
directors_9154,Q16203908,Q51516,Q16203908-74A1EA2E-EBA6-4B82-ADC5-F9169F64942B
directors_9155,Q1621289,Q2336829,q1621289-c1c30735-4d7a-653e-d3cf-17be5ada5c40
directors_9156,Q1621486,Q558481,q1621486-0563CBBF-4937-420E-A64A-0410A23D9958
directors_9157,Q1621611,Q114028175,Q1621611-04541378-AB2C-4040-890A-D3E302B3C5A9
directors_9158,Q16220386,Q113329376,Q16220386-4CB76D40-274A-44D4-98A1-2B8F4CAF7D63
directors_9159,Q162277,Q179497,q162277-291E6AE6-25E8-427F-8206-AF2196DBD22D
directors_9160,Q1623056,Q524711,q1623056-DA96291B-8178-4D10-A557-CFEC646AE230
directors_9161,Q16232071,Q3593878,Q16232071-5cce241d-4336-081a-8657-5cf601d08601
directors_9162,Q16237216,Q3077438,Q16237216-03E8DF57-BC68-4F6C-85CA-A0649F7DD170
directors_9163,Q16238294,Q4980211,Q16238294-98e85877-433f-add0-09b2-da496408277d
directors_9164,Q16241878,Q24305204,Q16241878-BCC518EA-0417-4FBD-8CA9-6EB99D66D5B3
directors_9165,Q16242153,Q5365602,Q16242153-99A3858E-877E-4AE5-ADA3-D403FCE50424
directors_9166,Q16242393,Q6202377,Q16242393-1D74B2DF-8F9D-4F96-B6C8-C860918FC91D
directors_9167,Q16242543,Q6515302,Q16242543-012D994F-2E62-4B4F-9223-7958EE578B9A
directors_9168,Q16242907,Q6213668,Q16242907-89C94846-84E1-4086-AB53-CF49DFA29F71
directors_9169,Q16243464,Q106376330,Q16243464-15C9989F-1F68-4651-BD1F-47A7FB60E72F
directors_9170,Q162458,Q25144,q162458-5D501175-3C2F-4F71-A9A9-4835B3EFD3AA
directors_9171,Q16246568,Q16885662,Q16246568-DD2F3799-ACFA-44A9-B158-B28471D23BCF
directors_9172,Q16246870,Q16212569,Q16246870-830902AC-5590-454F-90AC-FF25E6163C82
directors_9173,Q16246880,Q97453437,Q16246880-613D2535-9BC2-4530-852D-997A7B63500E
directors_9174,Q16246896,Q7261235,Q16246896-B5A8B412-A592-460B-B450-4EB4C8BB301A
directors_9175,Q16246949,Q16253454,Q16246949-C12741EA-71E1-4562-9247-F9B317E9E4D6
directors_9176,Q16247285,Q2839609,Q16247285-379CD4A9-BEFD-4C08-BABA-BD97AD6F9C3A
directors_9177,Q16247450,Q7387719,Q16247450-5B048241-C4AD-4913-8C58-CE445A8DBFCF
directors_9178,Q16247509,Q16745302,Q16247509-53049616-A11A-4AC0-9873-0CD8C96339F8
directors_9179,Q16247737,Q28839836,Q16247737-6D01D660-0400-4F55-ABAE-EEA2D9DBA678
directors_9180,Q16247831,Q122842021,Q16247831-AE054584-C528-4D82-880F-D4C9AFFC43F5
directors_9181,Q16247859,Q5278063,Q16247859-74427C94-029A-40C6-BC30-9274B77C0126
directors_9182,Q16247910,Q5203794,Q16247910-CC13266C-F611-4E4E-9141-6270966ABE83
directors_9183,Q16248189,Q117860583,Q16248189-BB6E0497-A5A8-459B-8249-E2BFAB43967F
directors_9184,Q16248221,Q7387745,Q16248221-590F9DAE-802D-4725-A46E-C7ECA4BAD579
directors_9185,Q16248370,Q59851203,Q16248370-03844e10-49c6-1a21-c186-e4c309e0520b
directors_9186,Q16248423,Q16731741,Q16248423-14E8FB08-3213-47DA-879D-3602B92884B4
directors_9187,Q16248465,Q7387719,Q16248465-3D409B75-B977-4AD7-A3C7-9A95F0602F13
directors_9188,Q16248590,Q95093416,Q16248590-8D611DE0-2C34-4EA3-BAB4-160E2E2E3542
directors_9189,Q16248891,Q2332619,Q16248891-69DCAC24-0EF7-4DF8-AFE1-12AAABDD9994
directors_9190,Q16249045,Q1410263,Q16249045-6704B21C-C93D-40E6-B371-B5812EAC65D8
directors_9191,Q16249204,Q7403109,Q16249204-82ECD4DF-CD48-45DF-AE56-DEBF4C7EB832
directors_9192,Q16249233,Q113675813,Q16249233-E599D398-0249-4D93-A788-911D853FF299
directors_9193,Q1624927,Q2141036,q1624927-6392AFD3-CD60-4193-A00F-E14C3C5EB1D3
directors_9194,Q16249342,Q7929565,Q16249342-13C40943-BDFA-4217-87C2-D1532D57E02C
directors_9195,Q16249451,Q117860875,Q16249451-01357645-5777-4D6C-9A9D-0187163E81AE
directors_9196,Q16249477,Q7695166,Q16249477-D5683CE8-697F-4505-8E15-E6D2008D0FCB
directors_9197,Q16249670,Q3162786,Q16249670-625E5874-4275-4E5C-AE29-2C0DCFF161BA
directors_9198,Q16249716,Q7240116,Q16249716-1A7670D4-36E1-44DD-9317-154E5FAE8B83
directors_9199,Q16249764,Q456291,Q16249764-310DE9A4-A284-4929-96D1-B3A180E7C1B6
directors_9200,Q16249888,Q7645752,Q16249888-38542AF9-E4CD-4E7F-9341-6E5605A31E62
directors_9201,Q16249931,Q114051473,Q16249931-39E2D7BA-3F3F-4BBA-B7BA-D0B99E54FD46
directors_9202,Q16250099,Q117859047,Q16250099-A74FE7B0-E928-4F9F-B18B-E8B8230B806B
directors_9203,Q16250123,Q1680997,Q16250123-BC24367E-DE3F-499F-8B62-4F3111053E51
directors_9204,Q16250206,Q114183332,Q16250206-D0CE6C4F-F5C0-40E8-B46F-EB106066C622
directors_9205,Q16250300,Q16832235,Q16250300-460ABD59-7F28-4E65-B321-936084BD707E
directors_9206,Q16250378,Q7238163,Q16250378-CA0D206E-0CBB-4042-B2D9-DAE4E8E70123
directors_9207,Q16250467,Q5109393,Q16250467-39083068-1525-4C70-AF76-470CB0594158
directors_9208,Q16250482,Q113581775,Q16250482-7F6E00C6-B287-4314-BA85-4E44984AD94F
directors_9209,Q16250600,Q7286024,Q16250600-D8F1A57B-6C6C-431F-895E-92990E0E9221
directors_9210,Q16250697,Q925413,Q16250697-CC08E3E1-2D3E-4AA3-8EF5-B27156CAF536
directors_9211,Q16250698,Q6289570,Q16250698-1C1C98F9-968B-4388-9323-4A8419BDF09F
directors_9212,Q16250827,Q3401298,Q16250827-378E5DFE-A41C-4FA5-B6DA-4D10EA89506A
directors_9213,Q16250846,Q106823114,Q16250846-457A2C7F-A9D8-4191-974E-F21431A5DFC8
directors_9214,Q16250882,Q117859572,Q16250882-CA827AFB-090E-4754-84FA-9BA5A4E179CD
directors_9215,Q16250961,Q6937106,Q16250961-23BEE5FE-955B-4473-8B1D-BF79DF1C459E
directors_9216,Q16251026,Q22111196,Q16251026-9F7E15A0-0D0E-4EBD-9831-F7ABDA49FAD7
directors_9217,Q16251031,Q115183856,Q16251031-15C35C87-65B2-432D-B4DE-A01FB25A202E
directors_9218,Q16251060,Q7906237,Q16251060-517C92D8-E781-4429-86A2-0FCF54945910
directors_9219,Q16251100,Q5431079,Q16251100-F240DA5D-D771-44DD-A9E1-D14CDF581E08
directors_9220,Q16251156,Q7906210,Q16251156-9392F8AE-6CBA-4C49-AE08-D0E5E4CC44FE
directors_9221,Q16251258,Q130525691,Q16251258-3DD51628-B875-46D3-8934-CD661952C974
directors_9222,Q16251439,Q57231,Q16251439-6e838008-451d-179b-9d1e-bd625755f8a0
directors_9223,Q16251538,Q7387719,Q16251538-E24F1135-E9C8-4657-8401-8022691E1E8D
directors_9224,Q16251614,Q7817934,Q16251614-D2DFFFED-4420-4DB5-8EF6-61766D7AA200
directors_9225,Q16251792,Q6026902,Q16251792-63BD79CE-E189-4E8A-AAD9-CA1573734DB9
directors_9226,Q16251876,Q5618508,Q16251876-5B02B2D6-E800-4B55-A8C2-E2F66A283354
directors_9227,Q16251985,Q113401756,Q16251985-2911830e-458f-32e1-ccbc-d090ac9b0330
directors_9228,Q16252018,Q16197599,Q16252018-d774cd2d-49fa-61bd-dc57-ca84e363614e
directors_9229,Q16252019,Q7395897,Q16252019-A7AB1A4D-763A-42F6-B1ED-A2CFFD2BE6E8
directors_9230,Q16252043,Q18210252,Q16252043-F4359C41-1C22-4531-A967-526664D651C7
directors_9231,Q16252136,Q4706963,Q16252136-B63266C3-A741-49E7-B92D-02648CDBBAD6
directors_9232,Q16252181,Q117861901,Q16252181-CAAF6F8A-9C51-445E-B266-1222DBE4521D
directors_9233,Q16252237,Q7436189,Q16252237-3B15C91F-85BB-41D7-9925-066A43D5B678
directors_9234,Q16252307,Q16239260,Q16252307-C7BBFB84-500C-4106-85A0-A48B79C6FA9A
directors_9235,Q16252314,Q21934232,Q16252314-D8604795-68EB-4EA2-9778-EB6F41F33971
directors_9236,Q16252315,Q420041,Q16252315-ADAB1AFE-29DD-45A8-97E9-1926B3C6C62E
directors_9237,Q16252330,Q22003002,Q16252330-F68DE805-2655-41CF-86C2-2C6A34A52E41
directors_9238,Q16252340,Q714651,Q16252340-c3b831f1-43a8-5d88-2612-8bca20c695c7
directors_9239,Q16252352,Q7387554,Q16252352-EF0055BF-AAEA-4258-8ADC-6EBB3268F213
directors_9240,Q16252424,Q130525688,Q16252424-FCBBEB12-CD80-4CAB-AD45-CACB9A87BC79
directors_9241,Q16252533,Q7286179,Q16252533-7DD70467-123E-43B1-A0B8-F0C8C83331A9
directors_9242,Q16252844,Q113489031,Q16252844-6B166950-AF5D-4A33-8799-56F42BBC708B
directors_9243,Q16252878,Q1391329,Q16252878-B682197E-6658-431A-8E8F-AA0B1D54DCD9
directors_9244,Q16252945,Q2296698,Q16252945-9a79be71-4d3e-4d3d-5f22-8fedfd96169c
directors_9245,Q16253025,Q449163,Q16253025-82237A86-999E-4D91-8ADF-31E68058E46F
directors_9246,Q16253210,Q354051,Q16253210-6655A780-C08B-4F8A-8BA8-CFB3A53ACA13
directors_9247,Q16253304,Q611586,Q16253304-AD1D1E7B-092D-4B79-9C58-24938D4152FC
directors_9248,Q16253307,Q7387732,Q16253307-1B588F38-3AEC-4029-994D-EA24DCD21B92
directors_9249,Q16253394,Q6749883,Q16253394-0933BE60-3D75-46DD-8D18-A051FD709D25
directors_9250,Q16253421,Q38564487,Q16253421-4E1511E6-CAAD-4A2C-AF55-29FCA900B1E9
directors_9251,Q16253614,Q66816439,Q16253614-c4a866ca-430d-b7e5-3635-bb38aef77268
directors_9252,Q16253705,Q21592575,Q16253705-7d99130b-4534-7e2d-9c3f-7fc8c2ec6c8f
directors_9253,Q16253765,Q117863139,Q16253765-313C7A40-B340-4428-87D8-C02EF740733E
directors_9254,Q16253888,Q18673316,Q16253888-964B3885-3D6E-44EA-9E29-4E9AAFBDCCDE
directors_9255,Q16253892,Q5654113,Q16253892-EEF46B64-A1DF-40B5-8E22-5680BAB5C64C
directors_9256,Q16253906,Q39923274,Q16253906-342BF0B7-CA35-4BB2-9879-2E2E6E083963
directors_9257,Q16254098,Q7653795,Q16254098-15E26FA1-B965-418E-800E-D02BD9080FB8
directors_9258,Q16254109,Q20676694,Q16254109-ABD26B80-C0E4-4D66-B02B-45029C593D59
directors_9259,Q16254138,Q2866590,Q16254138-DE2D3E57-6F52-447E-BA74-AD9EF9214740
directors_9260,Q16254219,Q7237239,Q16254219-AFEFF5C4-871D-413B-896C-A60BA030D759
directors_9261,Q16254555,Q5654113,Q16254555-06760EEC-712A-4898-97EC-D3DF89459D5C
directors_9262,Q16254589,Q5203794,Q16254589-661F7837-F241-4352-A6F3-3ED5F790C1B7
directors_9263,Q16254618,Q117862912,Q16254618-E6C3A145-3848-4960-A779-DB64B8A70F1C
directors_9264,Q16254633,Q25152,Q16254633-46D02BF9-55EE-4516-B277-2F380BE1E038
directors_9265,Q16254653,Q41794758,Q16254653-F426C047-B7B4-4FFA-8B0B-EDE2B2D5BDBE
directors_9266,Q16254665,Q60735809,Q16254665-C4FC2772-4530-4079-8556-BBC354E95AA7
directors_9267,Q16254742,Q6713053,Q16254742-3C6C0C43-E6FD-495F-A209-15B1E0CB1EE7
directors_9268,Q16254753,Q3429883,Q16254753-8D37BB7F-0269-4F60-A00B-DD0E5063DD84
directors_9269,Q16254769,Q6749893,Q16254769-5672E0CD-48B7-4143-80F1-090EA1080311
directors_9270,Q16254841,Q6026902,Q16254841-8D05F558-FBB1-4464-B56A-49DE5D3987BE
directors_9271,Q16254876,Q7286077,Q16254876-184871C7-88D3-4C14-B802-25CB598779E6
directors_9272,Q16254907,Q7653795,Q16254907-159FAE39-C30C-4307-9D16-486A9E12C6F5
directors_9273,Q16254928,Q16215399,Q16254928-2DA7EB57-4557-4DFE-A1E4-124592AE9588
directors_9274,Q16254984,Q7130647,Q16254984-3BBC6CF1-4760-41AF-B701-085565B4D5A8
directors_9275,Q16254994,Q7844679,Q16254994-081B036B-D592-4A06-BD48-B8F431AE2919
directors_9276,Q16255038,Q117862795,Q16255038-35A8EE01-D277-4B31-97B8-F7D3F539DED0
directors_9277,Q16255044,Q117862759,Q16255044-36338A25-6F86-4E71-8715-7E1F882FDB97
directors_9278,Q16255050,Q117862730,Q16255050-D42334A4-844A-4A10-AB7C-BA88562FACF2
directors_9279,Q16255104,Q7387719,Q16255104-5510E5C7-32CE-4697-BC64-3E9E1968F38C
directors_9280,Q16255125,Q16734931,Q16255125-7BA5FD03-1537-42E6-A969-0DA0CCE3C48F
directors_9281,Q16255287,Q652149,Q16255287-0E3C2103-EAA9-4F20-AA13-0B93F0FCA316
directors_9282,Q16255311,Q19561112,Q16255311-24EB24A8-8E2C-42BD-A994-6A944287FA31
directors_9283,Q16255342,Q117863037,Q16255342-8E449712-545E-4CC4-9FA0-6635E71A69A8
directors_9284,Q16256348,Q7137772,Q16256348-55F71C4F-CC10-4F9D-A10A-7C00907FF880
directors_9285,Q16256833,Q16091770,Q16256833-D57C692C-1926-441F-A882-C2A22428EAAF
directors_9286,Q16258397,Q60633865,Q16258397-6E416736-23F5-4F71-B26E-6E5560AD37FF
directors_9287,Q1625945,Q2837665,Q1625945-FFD3173C-6090-4266-805A-851D6A80E5B2
directors_9288,Q16261087,Q16028600,Q16261087-60EBFF91-7933-4F6E-B2BF-DDB341C29008
directors_9289,Q16261230,Q48773837,Q16261230-7A52D1E0-E0F2-479D-B16A-5333BE414C1A
directors_9290,Q16261430,Q19360193,Q16261430-EE1EC322-A5C4-4375-B825-39326FD2CEB3
directors_9291,Q1626877,Q16875355,Q1626877-1A9CEFF5-4514-4924-AE79-6BDD50211720
directors_9292,Q16271318,Q113254855,Q16271318-B1FEDE6B-0B88-4D4C-BA31-A341C7B021B9
directors_9293,Q16271322,Q117862911,Q16271322-100059AA-EB20-4A24-BAFA-9B192DB5416D
directors_9294,Q1628562,Q1356510,q1628562-B52E0AF5-774A-4DC2-AEFD-50B34DCC7881
directors_9295,Q1629256,Q2296663,q1629256-7DBACB4D-F1EC-4675-833E-9F5DC53842CB
directors_9296,Q1630226,Q3354008,q1630226-7EBF8404-CFCB-4D0D-9407-121FF932236E
directors_9297,Q1630263,Q113699487,Q1630263-A790591B-979A-4A41-98AA-951778038836
directors_9298,Q16303436,Q3219059,Q16303436-129DB633-6C47-4237-8401-7C9FEFB22BB5
directors_9299,Q1630404,Q1894024,Q1630404-50985BBC-F38F-4CBA-9C1E-4E877DE4E991
directors_9300,Q1630461,Q236606,q1630461-27C5E415-F2DC-461D-AAD6-A4EDF13995BA
directors_9301,Q1630461,Q4828471,q1630461-BA3F7D70-0D64-4F15-BB92-02A15316A5FD
directors_9302,Q1630691,Q722042,q1630691-7F096E42-7BF7-4186-A6B0-C2EB146BD2EC
directors_9303,Q1630801,Q79003,q1630801-1E0ED478-ABBE-4FF1-B386-02541C0A82F6
directors_9304,Q1630960,Q288009,q1630960-132BB85D-0B0B-41AE-B536-0F678895ACC8
directors_9305,Q16310725,Q117863916,Q16310725-1CCDC124-2A7C-42FC-9E3D-FA01F8E3923D
directors_9306,Q1631404,Q6222177,q1631404-8B4AC9C0-B271-4DAD-A463-597CF8147416
directors_9307,Q16317138,Q949391,Q16317138-13EEDA4D-AFED-4D59-85B2-71588A809CD9
directors_9308,Q16320113,Q28556,Q16320113-A1FD06D3-89A9-42DA-85DD-F71C8A53443C
directors_9309,Q16320589,Q16134448,Q16320589-7F6FAB99-65F9-4BDD-B60B-82F0B56539C2
directors_9310,Q16321604,Q5365602,Q16321604-2D17C51F-65EA-4862-A6CB-433D42D3BD70
directors_9311,Q16324131,Q12305708,Q16324131-296a284e-4c99-c718-e178-54bd8207f9f8
directors_9312,Q16325320,Q3430005,Q16325320-8f44e234-4c04-d654-6365-10851622853a
directors_9313,Q16326728,Q95347538,Q16326728-93E4E220-8B12-4FE1-A1E7-8099BAF6FF69
directors_9314,Q16326754,Q3574272,Q16326754-F0B2F8E2-8A5B-44C2-A89C-E7A3E46AEA7F
directors_9315,Q1632935,Q345259,q1632935-3822419B-4F7E-4807-8A4D-F32074521CC6
directors_9316,Q1633225,Q365616,q1633225-87B3B323-7DB4-472A-BAE1-C6C7145CCE9B
directors_9317,Q16335876,Q169069,Q16335876-959CE0A4-DDC8-4246-BA6F-591A872EB9BA
directors_9318,Q16335945,Q818119,Q16335945-e3b4ede3-48e5-f591-3194-77340bf85a6b
directors_9319,Q16341583,Q6713053,Q16341583-FA51406A-4ABC-490D-A056-3A75EF5CDE4A
directors_9320,Q1634327,Q698710,q1634327-393E2112-16AE-4D4F-B084-9E2EA968ADDF
directors_9321,Q16343343,Q16246990,Q16343343-28A13C81-37A6-4ECE-A665-A207BC718A2E
directors_9322,Q16345234,Q13057071,Q16345234-62DFC95E-DC34-4B6E-BA28-165F9D74ABBE
directors_9323,Q16345402,Q12052777,Q16345402-8A849F6C-9BC8-4E8C-952D-27C447500298
directors_9324,Q16345909,Q47545832,Q16345909-CCAAED97-EAAA-4CF1-8FEB-C3643AED2515
directors_9325,Q16346063,Q6916984,Q16346063-4A307662-0C70-44A0-A96C-4ED3A04F78E6
directors_9326,Q16346737,Q31723850,Q16346737-4489402B-346E-486B-8E96-EED054166489
directors_9327,Q1634688,Q43264,q1634688-FD793698-E9A5-47B6-89D6-15083B223F15
directors_9328,Q1635070,Q4971534,q1635070-21CC16FC-1F0F-406F-BDB6-6B0F240BB033
directors_9329,Q1635199,Q3110579,q1635199-92BA382E-8045-420F-B336-E8F74981FE3E
directors_9330,Q16354843,Q455482,Q16354843-278bbcbe-4410-f324-2ec4-580f93b960a6
directors_9331,Q16354843,Q6047738,Q16354843-f7796cb1-48b1-86bf-2e25-e4978b147e50
directors_9332,Q16354845,Q2319466,Q16354845-2A0AC1D7-3208-440A-9DA0-B37C462AAFFA
directors_9333,Q1636549,Q21281810,Q1636549-0E23A451-0C00-4004-91D9-21D507991438
directors_9334,Q1637139,Q103646,q1637139-A9CFF060-D8F8-4D49-ACCE-13F052519D83
directors_9335,Q1637583,Q32923,q1637583-1B2BC1A7-3FFD-48F6-A06D-372F5E3065D2
directors_9336,Q1638629,Q1700385,Q1638629-3E771FD2-39D1-44DA-8C47-2B14A27F5908
directors_9337,Q1638629,Q1769365,Q1638629-232B87B9-C7EC-4E47-9F4A-9034A87558B3
directors_9338,Q1638629,Q2416965,Q1638629-B3D728A3-CCA9-4127-A72C-60109E8800BB
directors_9339,Q16388405,Q546310,Q16388405-a3436d5e-73bc-4148-9563-e5c564c89288
directors_9340,Q16389827,Q1398481,Q16389827-8D5C61BB-63E0-465A-97C3-671E369251A6
directors_9341,Q16389838,Q2031292,Q16389838-79edf262-4272-f6b5-b87d-d72642d6e913
directors_9342,Q16395232,Q551861,Q16395232-816e6cca-4e1e-24c8-3233-7e0068cc6ee6
directors_9343,Q16395236,Q271247,Q16395236-6FED68B7-411D-4542-8CEE-244E35C11486
directors_9344,Q1640008,Q3299677,q1640008-BB9FC786-6EBF-4245-984E-F9DB014C1AE8
directors_9345,Q164103,Q103646,q164103-C8525BF3-73E5-4016-86A1-999195130A35
directors_9346,Q1641246,Q78115833,Q1641246-bf10252f-411f-4d59-4249-cb8f519a3217
directors_9347,Q16417999,Q4134063,Q16417999-794A1A17-AF39-4FC1-BF0A-68516BFFC85F
directors_9348,Q1641800,Q2833075,q1641800-82CD7EA1-2E2E-45B2-BB4E-3BA51A87BD61
directors_9349,Q16418372,Q16367591,Q16418372-4560D94D-F51D-4C9E-A5E2-38280DFC46CD
directors_9350,Q16426007,Q107261615,Q16426007-3CFA8B8C-1AFE-416B-AF10-E62BA4799CC3
directors_9351,Q16427485,Q653778,Q16427485-5ECF999F-8F17-4C7A-BA8C-9E66D5C71492
directors_9352,Q16429050,Q17107742,Q16429050-35a8d13e-4432-e627-f04a-36176cb610ee
directors_9353,Q1643915,Q1893857,Q1643915-147B1C77-62D3-4201-99AF-8460787150D8
directors_9354,Q1644039,Q3189655,q1644039-C447D935-81C1-4B91-ADA7-57BCA76F431F
directors_9355,Q1644045,Q1423473,Q1644045-A3539C06-70F8-41E1-9315-2B56FA2DC16E
directors_9356,Q1644528,Q6880850,q1644528-8E199B99-FD21-4280-BAD8-0FB2E3A58B35
directors_9357,Q1644593,Q4023328,q1644593-9FCC5603-401F-4C1F-A956-231DD768C615
directors_9358,Q16448753,Q510194,Q16448753-e852dd2b-4ea9-96f4-2ac6-57e7bfba4220
directors_9359,Q1645003,Q1373377,q1645003-320181E3-8C76-4F96-AFEB-00E72E0429B0
directors_9360,Q16453,Q28967539,Q16453-DB1E1A19-B324-4F6C-B69C-D190A16324B5
directors_9361,Q16466116,Q118054474,Q16466116-EC69DB58-7450-418A-97DF-A2054D6C2E35
directors_9362,Q16466126,Q337283,Q16466126-bed11db5-7199-4286-bd37-f90c523162b9
directors_9363,Q16466221,Q16440046,Q16466221-BA0A0BB3-376E-4664-BA35-D2BADB742C95
directors_9364,Q16466256,Q5516151,Q16466256-39F787AF-A1E6-424D-AC75-F5B3972B8484
directors_9365,Q16467411,Q1159900,Q16467411-559942a4-4e07-be84-4822-ca6f9c176b0f
directors_9366,Q1646836,Q2318712,q1646836-727170FA-0793-4DA1-9194-E4E9E8A5E9F1
directors_9367,Q164702,Q55431,q164702-877F3B05-3B33-4C2F-BB67-F6073390AD8B
directors_9368,Q164804,Q336099,q164804-ED2ED612-C0C3-419E-B69D-243BB21B6F73
directors_9369,Q16482113,Q5928180,Q16482113-36D2D0D5-B7FC-4327-847A-53978BE16EBB
directors_9370,Q16482238,Q114804163,Q16482238-AC6D248F-AA9D-4363-8B90-D6D573805A1F
directors_9371,Q16485567,Q5941337,Q16485567-54215ABA-ED6A-42E1-9426-4482857BA96A
directors_9372,Q1648607,Q896740,Q1648607-bba85a7c-4847-36db-b0bc-255b676bee1f
directors_9373,Q16487844,Q55460,Q16487844-EB906AD2-0DE0-4EAC-B6DF-BA9629BB17C6
directors_9374,Q16489418,Q41730739,Q16489418-CB7B1DEC-F9EB-4CAD-B658-7B7DB029E176
directors_9375,Q16492313,Q38681538,Q16492313-BB720A83-3FF2-4883-86F7-0566975145AD
directors_9376,Q16492458,Q114917532,Q16492458-C85D4820-3BAD-418C-8A1D-CD69FA97A9B0
directors_9377,Q164951,Q77061,q164951-E76244DE-5856-4D80-A728-481B41CF5E25
directors_9378,Q164963,Q4465,q164963-B96C6A07-C8CE-429A-B35D-B00F8AA9A1AD
directors_9379,Q1650312,Q36612791,Q1650312-67c6f53f-588e-4d7e-a883-287b2146768c
directors_9380,Q16503311,Q4344650,Q16503311-B6A0DEDA-DE23-4304-9DD1-8056DCA8B356
directors_9381,Q16514482,Q4071683,Q16514482-15E7B019-B7FF-407B-8EAA-2656ECC4C7A7
directors_9382,Q16514509,Q18008958,Q16514509-e6cc3e83-42d7-b156-6716-fd76b9c6103f
directors_9383,Q16514509,Q28122599,Q16514509-82720DCC-46BD-4E65-9B10-5C7BD9779E90
directors_9384,Q16516516,Q12059269,Q16516516-60175D8C-3892-4FA6-8395-202AFFB6BA2C
directors_9385,Q1651807,Q60634,Q1651807-B9407E26-3CF6-439B-8FE1-968D4241C361
directors_9386,Q165183,Q1229038,q165183-394970FC-D59B-4C86-9BD7-B38C3F7B69CC
directors_9387,Q16526429,Q165518,Q16526429-4EAEE6DA-5559-4888-B3F5-2C8752809AB1
directors_9388,Q16530861,Q3340086,Q16530861-0884d655-4cb9-6ad6-0dd9-8c03e5ff05a8
directors_9389,Q16530861,Q3380121,Q16530861-242e86fb-4cc3-1b33-ac42-9a97a43e9898
directors_9390,Q16531377,Q3591221,Q16531377-2c725d6f-4269-ec24-d0ff-3396ebbba65b
directors_9391,Q165325,Q3772,q165325-811A4A70-CC26-4EF3-B78F-5C4139885825
directors_9392,Q1653332,Q920072,q1653332-CB666F60-A1F1-43C2-AF93-0207FCB64418
directors_9393,Q1653448,Q514527,q1653448-6B41E4E6-29D6-4844-8DF2-44DD2C090B7D
directors_9394,Q165392,Q55163,q165392-BF0F7F8A-CB3A-4603-B415-A6ADB5B50003
directors_9395,Q165394,Q174908,q165394-FECF5992-C637-4AA1-9266-27810F90B19B
directors_9396,Q16547881,Q19815594,Q16547881-8765F6BA-90FD-4664-88F9-6177B4C1D92F
directors_9397,Q1654891,Q6276394,q1654891-7351E186-4DFE-466D-8C84-1AB8CA87FA12
directors_9398,Q16551804,Q5836830,Q16551804-2b8310af-41f1-d617-5e2e-232145745476
directors_9399,Q165525,Q167522,q165525-9358F7C5-C4EA-494D-B08F-CAFBAB33D09A
directors_9400,Q16560275,Q6172789,Q16560275-6821296F-33CD-4421-84D7-DC50C3FDF878
directors_9401,Q16560444,Q9151825,Q16560444-45092FB4-9EB3-468B-8530-B4473B0DD74B
directors_9402,Q16560583,Q15966084,Q16560583-C981C9CA-3FA9-45A6-9E23-799E33AF84AD
directors_9403,Q16560616,Q1160223,q16560616-6e8fd9b6-ccc5-4e52-9838-09028ed8a09b
directors_9404,Q1656251,Q6323912,q1656251-A9C85CB4-79E5-4750-8A27-CA6980FCF659
directors_9405,Q1656994,Q936866,q1656994-A49C1488-614A-4139-ABE7-2D7C43AEC062
directors_9406,Q16570652,Q715461,Q16570652-6A4E52F4-9229-43DE-A6C0-DA1E7F557964
directors_9407,Q165713,Q38222,q165713-AC44213E-5F85-4E41-90FA-84F3A56BFE9B
directors_9408,Q16571528,Q114554713,Q16571528-633E72B4-4F6E-4DD1-9984-AEC160AF75E8
directors_9409,Q16572707,Q11242107,Q16572707-5513BE5F-CD50-4A3F-8399-F251A05C057D
directors_9410,Q1657613,Q1381419,q1657613-79888607-7FA2-46F4-B5EB-E1ED0BD738A6
directors_9411,Q16577131,Q63413975,Q16577131-512a25ad-4df9-d723-8be7-6b848d0cd97a
directors_9412,Q16579459,Q315826,Q16579459-547B0B38-6488-4F29-B601-C29118601568
directors_9413,Q165847,Q2336709,q165847-4753946A-56BC-481F-988D-F73C39A8979C
directors_9414,Q16592261,Q1672417,Q16592261-8225AFAC-6B54-46CF-9364-488EE2A80312
directors_9415,Q16593483,Q527279,Q16593483-838DDA86-4F73-4A42-91FF-F9A50344615A
directors_9416,Q16600202,Q11768831,Q16600202-90344EAC-2617-4009-BF38-4A2A4FB76257
directors_9417,Q16601763,Q12114364,Q16601763-021DD8F2-333D-4A8C-9288-83ACCCE8E70B
directors_9418,Q1660328,Q5478210,q1660328-A4AE2AC6-3D51-4448-B8DE-7440D035122D
directors_9419,Q1660388,Q1494859,q1660388-98A86456-F0A0-439E-80EB-11C0FDB56A2B
directors_9420,Q16606856,Q16611774,Q16606856-C177C384-5B6D-4E2C-BAB1-EA2F5B09DFF8
directors_9421,Q1660806,Q6255114,q1660806-B8131242-48B9-4E66-B50C-B6BBCAB369EC
directors_9422,Q16619265,Q219373,Q16619265-C5AD854D-099C-4163-8C69-71BFA3A2838F
directors_9423,Q16619382,Q1010696,Q16619382-627AA4EF-6DD6-4EF8-A9BA-B77D2AE761B2
directors_9424,Q16623445,Q5868265,Q16623445-735D06F5-16FB-4D2F-BD25-D5BE45B5D3F4
directors_9425,Q16625807,Q98804819,Q16625807-9D365D9C-8F4B-4D50-AF5B-5F608A0E0D47
directors_9426,Q16628539,Q3041903,Q16628539-211C4E77-532D-4022-8677-15D01D1E89F6
directors_9427,Q1663240,Q455370,q1663240-26786499-E4AA-44AC-BB01-0968B368B5A3
directors_9428,Q16635326,Q542634,Q16635326-037d552b-4bb6-fd69-6aad-f1d012bde9c9
directors_9429,Q16635391,Q235032,Q16635391-a3701b3c-4547-744c-0635-85be195a21c6
directors_9430,Q16635665,Q951522,Q16635665-9dafdf6f-41fd-1b9c-edad-03982dfbed66
directors_9431,Q16635884,Q12327179,Q16635884-b03e49a3-44a1-4770-c8d5-8d80dd795ba9
directors_9432,Q16637004,Q1377534,Q16637004-6eaa3359-484b-31c0-0501-7a1eae449ad0
directors_9433,Q1663705,Q5181436,q1663705-89217D36-60C7-4DDF-8526-491FFF91AD17
directors_9434,Q16639016,Q455824,Q16639016-bc96a10a-46f5-46c4-6b48-c1a57964e7d5
directors_9435,Q16639016,Q6583858,Q16639016-a7749338-42b0-9e7b-09ac-d33f80037e07
directors_9436,Q16639467,Q360737,Q16639467-7e44c377-4344-d3eb-879f-b7553005c803
directors_9437,Q16641781,Q509900,Q16641781-7B4DCD07-F112-407E-825C-1B7813AF5AF1
directors_9438,Q16643070,Q29045110,Q16643070-730dd4e2-4260-e1eb-22c5-1ce3f856921e
directors_9439,Q16643609,Q3106121,Q16643609-E26064A6-FA7E-41AD-8DF8-2A538890434F
directors_9440,Q16643775,Q113443053,Q16643775-20ADE31F-4ED2-4739-A0FD-7A2D9F632657
directors_9441,Q16643775,Q113443054,Q16643775-ABDEEF30-A925-4C1D-9C51-A55C807001AD
directors_9442,Q16643775,Q113552818,Q16643775-AE3F1013-3D07-4BA9-A046-0F27F29E7CA1
directors_9443,Q16644172,Q4420876,Q16644172-FA105A4A-A703-4686-880B-45C36F1BD6CD
directors_9444,Q16645130,Q3341833,Q16645130-4f0982cd-457d-d914-d6c1-48a6d669eb1a
directors_9445,Q16645174,Q1071731,Q16645174-A6B728AF-1089-4F29-B2A4-4D556D6B67C7
directors_9446,Q16646088,Q114458396,Q16646088-BDB1CBBD-1193-46D7-A519-73368A5E30AF
directors_9447,Q16647179,Q5698049,Q16647179-1fbc4445-1a16-4f19-ab51-3f9906a972dc
directors_9448,Q16647664,Q106270877,Q16647664-0FB13CFC-EF17-40DC-B25C-014925F7A36E
directors_9449,Q16651954,Q86259,Q16651954-CDE3845C-3319-4BD5-AE84-17D03DE33D42
directors_9450,Q16652002,Q18399997,Q16652002-8BF7CB55-4B80-4DFD-AB41-FF2E020C0CEB
directors_9451,Q16652140,Q3559634,Q16652140-BC3B6BB4-1F1B-4AFB-BEB3-B2B8664FC01D
directors_9452,Q16652367,Q18633965,Q16652367-1f392444-435c-c2ec-5835-9a665418dcca
directors_9453,Q16652614,Q1323312,Q16652614-6888baf5-43d7-8034-3953-99c066aae4b8
directors_9454,Q16652737,Q3063871,Q16652737-9018F175-9CC0-457B-9ADE-00EA164FFAC5
directors_9455,Q16652885,Q2975034,Q16652885-ac5867a4-449b-4bb4-b65d-514daa825134
directors_9456,Q16654146,Q3027103,Q16654146-AA39B94F-38BC-4525-B23C-2418120DC4B6
directors_9457,Q16655096,Q55650688,Q16655096-23f646fb-4877-6552-b444-68924ef29b29
directors_9458,Q16655404,Q113377788,Q16655404-51D410C7-945D-48BB-948E-3E58A442A074
directors_9459,Q1665902,Q27038172,Q1665902-686b90e1-40c8-9883-97e6-865d6e011902
directors_9460,Q16661269,Q3189602,Q16661269-4dfe5c94-4490-2b9b-e9dd-da36ed3598c5
directors_9461,Q16661555,Q3511511,Q16661555-8003A983-3916-4920-93DF-2ED4103759E8
directors_9462,Q1666246,Q6227781,q1666246-3A419D53-5A4E-4494-B875-06E9B857174A
directors_9463,Q16663057,Q3168931,Q16663057-5a459a66-479e-174f-3c34-bee04ba02fa4
directors_9464,Q16663447,Q15233062,Q16663447-817B6F05-F82B-4D7F-AA9E-E8D5653856E0
directors_9465,Q16663517,Q3472024,Q16663517-F8A07667-7D5F-4BDA-8B98-30E131A0BD05
directors_9466,Q16664135,Q3022648,Q16664135-70125cce-48f7-791a-9da9-176ce93c7b50
directors_9467,Q16664205,Q7844212,Q16664205-95CC5088-1FCB-46AB-9218-58B4CB8E7EFA
directors_9468,Q16664792,Q3588851,Q16664792-F0A68FA4-F8B0-4E37-A2F9-8576ACF8A2F7
directors_9469,Q16666037,Q3166902,Q16666037-8D99E039-A475-4F12-857B-06EE121CA142
directors_9470,Q16667280,Q730064,Q16667280-4B3D10BD-845C-469E-90DB-E722FE893357
directors_9471,Q16668972,Q3106954,Q16668972-D0C9831A-758A-4DC0-B853-715347980651
directors_9472,Q16670788,Q241546,Q16670788-e1070579-4aa7-10ec-35da-0020d9823789
directors_9473,Q16671761,Q3380924,Q16671761-26c4512a-4ecf-8848-f20c-6179b45926c8
directors_9474,Q16672410,Q274070,Q16672410-49eeccee-49c2-8fdf-ee31-d3398dac86df
directors_9475,Q16672663,Q117071,Q16672663-dbdc943a-49a6-a96b-1c3e-1a2ae5cdee30
directors_9476,Q16672843,Q28938712,Q16672843-F9A53EE0-5FEC-4CFE-9A32-5DD4C72B790E
directors_9477,Q1667327,Q6791182,q1667327-39AF2965-B9A6-48E5-B438-C0572965311B
directors_9478,Q16674581,Q28715312,Q16674581-8F6CC095-530A-4E8A-B5B2-411ED741D316
directors_9479,Q16675434,Q2778106,Q16675434-B6055357-4006-4AFC-AA2A-FE16421011FA
directors_9480,Q16675434,Q74428,Q16675434-EDAA0061-DEDA-43C2-B7D7-667219D90AF9
directors_9481,Q16677923,Q115244787,Q16677923-DF67BC65-FAB1-4056-A393-7D28171E58D4
directors_9482,Q16678283,Q16028808,Q16678283-92621D00-2B96-4D01-B131-5AEAAF777E8A
directors_9483,Q16678289,Q15069997,Q16678289-9E59C3F0-71E2-4595-8E8F-A7E5687B3C04
directors_9484,Q16679828,Q489218,Q16679828-F6373CC2-AC5C-4336-B589-A676506B31CC
directors_9485,Q16679862,Q16220945,Q16679862-B9C15F76-79B7-4470-9DF3-FB1E409F82BB
directors_9486,Q16681045,Q2965543,Q16681045-4798EE1C-DCF7-4DDA-A964-1BBCB427BEE3
directors_9487,Q16681381,Q2555171,Q16681381-cbb043dc-4e7d-08a7-793c-72afa7550361
directors_9488,Q16681852,Q266535,Q16681852-2f74b703-482a-3371-a60c-d57f7a987d3f
directors_9489,Q16681870,Q3159692,Q16681870-582F51D1-8E2A-4395-BCDE-7046682CAFA4
directors_9490,Q16683848,Q5181627,Q16683848-81AA137E-0A74-4F4E-8FDD-E6B7647BC39C
directors_9491,Q16692754,Q4300073,Q16692754-59CD9A05-771F-4CC2-9A34-95F48971F260
directors_9492,Q16693969,Q20730236,Q16693969-092c8a41-4c32-4f77-f19c-810cedaceaaf
directors_9493,Q16696502,Q12161551,Q16696502-E817B150-16DC-46CA-9485-47584B358609
directors_9494,Q16701717,Q113572919,Q16701717-DF1FC7DC-1EE4-4B90-BB4D-4927D6354A34
directors_9495,Q16703003,Q1344275,Q16703003-1E282A58-A324-4AB3-A951-09BAE4F5843F
directors_9496,Q1670513,Q2141212,q1670513-FFC16D3D-A431-43CC-B9A8-9D5D3666EF6E
directors_9497,Q16705981,Q139580657,Q16705981-99BEC3D8-5F2C-47DE-AE43-EEEE703656A2
directors_9498,Q16705983,Q2088028,Q16705983-C6428E5C-1175-4462-BB94-D1AA94B9AF39
directors_9499,Q16707610,Q12099941,Q16707610-217C5DFC-B03B-4A84-9742-3D91C11A18B1
directors_9500,Q1670772,Q84178955,Q1670772-1FADCB52-4CD0-480B-B898-307E7610740E
directors_9501,Q16710425,Q28159717,Q16710425-F380D98F-9B0D-417A-8D55-0CD5F1E4DF48
directors_9502,Q16712566,Q36612791,Q16712566-0302A083-599C-4C1D-B8C5-3A8753EF47AF
directors_9503,Q16713637,Q4137218,Q16713637-869370ec-4c02-3730-f589-0b3cfc0314d6
directors_9504,Q16714960,Q115210499,Q16714960-E70BEA03-1C04-4903-B6E3-AA72BDB68BF3
directors_9505,Q1671807,Q18810886,Q1671807-FD07E299-79AF-4FD0-9F6A-574867CE02B1
directors_9506,Q1671807,Q22114616,Q1671807-ee947918-43d8-b8ce-c565-227d3e75803e
directors_9507,Q16719092,Q12100084,Q16719092-2B927911-BDE0-46D1-8D54-D926BC5E850E
directors_9508,Q16721132,Q4519840,Q16721132-4915477A-C44C-462D-86F3-6FF6BD690341
directors_9509,Q16723938,Q12121752,Q16723938-cb6276e9-424d-90f7-fdc2-84945fe4c547
directors_9510,Q16734412,Q18402368,Q16734412-163900c5-4958-4923-22eb-d9d24c7a27b3
directors_9511,Q16736238,Q42211350,Q16736238-41BC2A84-CF8D-487C-9112-2351C074C9EF
directors_9512,Q16736273,Q58833086,Q16736273-ff29d908-4eec-2187-313b-dfa2cfda1d8d
directors_9513,Q16736285,Q19581779,Q16736285-c62c55aa-4819-69df-9b77-74422b21ae2a
directors_9514,Q16736285,Q55411,Q16736285-27449247-44f4-d630-3e71-f57b2e07f48b
directors_9515,Q16736424,Q232052,Q16736424-987195C5-FDFA-4674-B891-C932D00DD5F3
directors_9516,Q16736430,Q3121346,Q16736430-365D36A4-A304-43C8-B765-458B6E8A9F5E
directors_9517,Q16736451,Q7936007,Q16736451-1C1D8342-460E-40EF-986B-5BC8DC3A5F96
directors_9518,Q16736815,Q15974043,Q16736815-d93ceda7-4972-e2d3-c3d7-26491f1864ab
directors_9519,Q16736815,Q16028680,Q16736815-aa908825-4746-3ea9-379b-c1b9572fe703
directors_9520,Q16736815,Q3471241,Q16736815-79fcaecc-4e4a-0f57-abce-66b55d5ef915
directors_9521,Q1673902,Q6387669,q1673902-2DFF5C2F-6AA4-4AA8-A1EC-797851156624
directors_9522,Q1675031,Q108672754,Q1675031-0342CDB8-A142-4534-95DF-85A16E3BF857
directors_9523,Q16766101,Q16559192,q16766101-783e8bdf-2c2e-4154-bfcf-ac7539bd30d7
directors_9524,Q16766108,Q5752073,Q16766108-ba1488c3-4ca2-5e31-f8bd-bb92a4f291f6
directors_9525,Q16781911,Q1388393,Q16781911-7C81424C-1262-4EB4-A2E7-06CBD4403E63
directors_9526,Q1678575,Q1681872,q1678575-36E81F1C-8AA2-4C8F-9958-7EE3DBFD5875
directors_9527,Q1678744,Q458058,q1678744-59FADD8F-179A-406E-ACEB-17B3BEC582DC
directors_9528,Q1679139,Q3299677,q1679139-2DA0D821-F7EF-4E05-91D4-F4101FD87214
directors_9529,Q1679422,Q3352541,q1679422-9181027F-E8E1-4216-9FE1-38E7DD42B1CA
directors_9530,Q16795448,Q3186007,Q16795448-4271B8D6-EB06-4E0A-8E94-D886632963ED
directors_9531,Q1679972,Q983530,q1679972-6F6B0833-FB79-4235-8DFE-F445AE749C2F
directors_9532,Q16822530,Q178348,Q16822530-e1c42182-4909-2d2c-6763-b55dfae71010
directors_9533,Q16824348,Q4842651,Q16824348-A163BFA2-36C5-4050-B111-7A2034A32BD1
directors_9534,Q16824840,Q117885594,Q16824840-711BBCA4-161C-4EB8-9D5B-60D7F0046136
directors_9535,Q16825148,Q17496649,Q16825148-766C9C57-0825-4861-9494-EF2094400B0C
directors_9536,Q16825180,Q16201448,Q16825180-902150FB-8A1C-4DC4-97E7-0B5B1E2430A7
directors_9537,Q16826996,Q6787394,Q16826996-43541C48-F037-4E51-9795-47D3417B8DB3
directors_9538,Q16827030,Q5214611,Q16827030-9E5F1A30-8BE5-444B-B349-A7551CCEB1BD
directors_9539,Q16829243,Q19874987,Q16829243-3ca98c03-40ef-0bcf-270d-e6e61dc58015
directors_9540,Q16829243,Q19875029,Q16829243-c74ea670-4e72-be1f-bd6c-936f80658a8c
directors_9541,Q16829311,Q5041532,Q16829311-12094807-CCAB-47EF-9B25-4D46889769F6
directors_9542,Q16829400,Q2639828,Q16829400-21D7B982-6B7C-4C16-BA23-4D601FA27EF3
directors_9543,Q16829720,Q277662,Q16829720-c2cf2937-42f6-4cad-8683-b04e6af5359c
directors_9544,Q16830050,Q11904038,Q16830050-4CF2D902-C392-4CED-B505-E82E81D027CD
directors_9545,Q16830223,Q78367,Q16830223-17E50B09-A563-4083-88A3-CEA5E05327A4
directors_9546,Q16830289,Q64590709,Q16830289-3D0E86AD-0E2A-4676-9A20-9A4340AFABE0
directors_9547,Q16834659,Q64728478,Q16834659-0795822f-4fbf-fef4-49af-c761e7c70084
directors_9548,Q16836818,Q1896718,Q16836818-65BAAF08-BAD9-482C-80CA-0D890C0257C4
directors_9549,Q16837125,Q633252,Q16837125-66439156-4a7b-df7b-11e7-3b68275f6b05
directors_9550,Q16837980,Q20726096,Q16837980-50E36E1A-4C55-4C7B-BA0C-CB5D9344CFAD
directors_9551,Q16840147,Q107274,Q16840147-575079ce-4520-2208-44c9-f65761bb524c
directors_9552,Q16840682,Q7088065,Q16840682-766A922F-1B23-4146-88C2-61483FFCDE71
directors_9553,Q16841214,Q2738917,Q16841214-BF2F2C2B-8142-4096-ABCA-2B9D70A9BF12
directors_9554,Q16841214,Q7499317,Q16841214-80384D61-1F1F-4C35-AFFE-CD4BF38EF796
directors_9555,Q16841263,Q11453109,Q16841263-0cf2bd93-4f05-52ab-cdb5-a4232fbe0559
directors_9556,Q16841268,Q11453109,Q16841268-347538c3-499d-42f6-27f1-6ec9fcba841c
directors_9557,Q16846056,Q115183214,Q16846056-4FB49FC2-4ABD-472E-B0BB-86B842FADE23
directors_9558,Q16847410,Q7687064,Q16847410-1645F853-CEDF-468A-A72A-EB1E35F6AF0B
directors_9559,Q16848618,Q19957060,Q16848618-F7CD73F2-1008-42C1-AC99-8D56DFD37F04
directors_9560,Q16848669,Q21066041,Q16848669-97529328-E648-4EEA-935B-3F95EEDAE87D
directors_9561,Q16851157,Q5657115,Q16851157-46A766B0-BA19-4D10-93B4-1C169A44A5A1
directors_9562,Q16852101,Q4062581,Q16852101-41EF2768-14BF-489C-B5F3-7D59100EE7E0
directors_9563,Q16852113,Q3535762,Q16852113-DA9DA4B5-9C70-4E6E-9666-5EAE6F0D5EBF
directors_9564,Q16852433,Q7286024,Q16852433-5B6CD6F7-05B4-4133-8BCA-39EBF7A3165C
directors_9565,Q16857406,Q20013695,Q16857406-d295e17f-4d6b-8786-907f-1491cb1c88e9
directors_9566,Q16857406,Q24028581,Q16857406-9700f727-4da0-e111-b544-8c6e0bcd9952
directors_9567,Q16857406,Q295964,Q16857406-B348323E-6905-4CB2-AC83-5C9B0F49DD63
directors_9568,Q16860865,Q19345276,Q16860865-DB15D50B-127F-4021-B534-AB30307D65C6
directors_9569,Q16860873,Q16860875,Q16860873-2cf5314a-4bbd-7d80-6b04-f2b261323acf
directors_9570,Q16864688,Q19544017,Q16864688-3318d141-4421-ea28-a66a-9f29bd40e915
directors_9571,Q16864725,Q291205,Q16864725-eeeef213-459b-dfd2-441f-5cb9d4b78604
directors_9572,Q16865283,Q12587853,Q16865283-52A3EF2F-7F6C-4D93-A297-2DF7B748F691
directors_9573,Q16866068,Q5218492,Q16866068-2F28C4EB-A4EC-4603-93ED-758A4D22B334
directors_9574,Q16867934,Q3411474,Q16867934-5a7d82ae-4da8-c624-e9f9-381e18f2182d
directors_9575,Q16875759,Q6365637,Q16875759-4659BC09-CF8B-4267-B08C-18F8EFB63AC1
directors_9576,Q168799,Q5653804,Q168799-F72D32F7-C784-49C5-9A94-75420F8F5489
directors_9577,Q168799,Q95911725,Q168799-66f23fb7-4164-2133-e69d-f36880de66f0
directors_9578,Q168849,Q545573,q168849-14941F89-8797-4954-9421-E343D91E30A9
directors_9579,Q168862,Q263486,q168862-31D48E72-F623-4322-B013-46CCB6F99FC9
directors_9580,Q1688884,Q720615,q1688884-5A4E3CE8-3D4B-43EF-95A7-905F1349D60B
directors_9581,Q16912307,Q117863853,Q16912307-A985E8AC-78B1-45A5-AC8A-833A69BA33DE
directors_9582,Q1691401,Q3298323,q1691401-FBAAE4F5-C94D-4EC4-A9D9-4DDBFF6F33EC
directors_9583,Q1691477,Q328483,q1691477-3ED9B8D1-8AA1-4C48-8862-46EF40A95863
directors_9584,Q1691864,Q967970,Q1691864-E0355C24-B850-49A9-A5F2-AEB09872EC26
directors_9585,Q16923905,Q74138,Q16923905-B936ED7F-C16B-4996-97A0-FBA58E769391
directors_9586,Q16930515,Q537284,Q16930515-9cb05211-4578-582e-2932-89d3298a27d4
directors_9587,Q16930989,Q6408704,Q16930989-9D28190F-2537-49B2-8355-10028887183E
directors_9588,Q16933688,Q1745266,Q16933688-b9f42b51-4148-1a5e-1558-85b20c65da8c
directors_9589,Q16934154,Q16151980,Q16934154-47DDEBCB-623B-405C-BCA1-E5A521BC4E96
directors_9590,Q1693691,Q337658,q1693691-7BF1D56F-14BD-4388-A5A7-C315B3F993DD
directors_9591,Q16937096,Q3299812,Q16937096-bc5c748b-4c47-44aa-c688-ffeac6164e7e
directors_9592,Q16939122,Q185655,Q16939122-129363B5-3B78-4E84-B2BA-A928D59C90E8
directors_9593,Q16942410,Q381622,Q16942410-3D85FDDE-A344-4CDF-9BC7-AC9AD8FE2685
directors_9594,Q16943346,Q7820336,Q16943346-580614AE-BA06-497D-B32D-E010EC942495
directors_9595,Q16946988,Q12021824,Q16946988-CED904FB-61D0-4A8C-82EF-6B5FA64BACFE
directors_9596,Q16948192,Q8046063,Q16948192-F821C39B-BD5B-48B5-AE6A-D7704B4A7AF7
directors_9597,Q16950177,Q2042925,Q16950177-7B5CA41A-CD19-4247-9093-7DC8B43425D9
directors_9598,Q16951349,Q7203202,Q16951349-0A414534-548A-4031-8B59-C2002B7B6834
directors_9599,Q16952632,Q20649365,Q16952632-cf7a8684-4e8c-32ad-0402-144cfa72e5a6
directors_9600,Q16953477,Q7399809,Q16953477-565942DF-603B-41F5-A53D-F2E94B50EA3E
directors_9601,Q16954098,Q6227781,Q16954098-0c05c652-456b-2680-5784-638f1dfe060b
directors_9602,Q16954124,Q1806097,Q16954124-9c2fc6b0-40da-a3a2-745d-91efb107c938
directors_9603,Q16954342,Q11774164,Q16954342-5CE4BC62-2BFA-4629-8030-ADA50FF68344
directors_9604,Q16954957,Q6958678,Q16954957-481CF2B7-50A0-45D4-8FBC-43D68FCDFAD6
directors_9605,Q16956072,Q1001195,Q16956072-D12D767B-6FD1-4543-9F65-2FDD5CCDDC71
directors_9606,Q16956157,Q6036366,Q16956157-f001d54a-4503-2739-6f16-a5679ac37e4f
directors_9607,Q16957425,Q11242107,Q16957425-CD443C12-08F4-4F06-A990-88BE73367AB5
directors_9608,Q16958048,Q23771267,Q16958048-90735F70-DEAC-4991-87AF-7DE4BB1CC1C8
directors_9609,Q16959698,Q7906210,Q16959698-7490AA3F-4EB3-4A33-803C-C6A29BFBE44D
directors_9610,Q16959791,Q23771267,Q16959791-872CB9AC-5ECE-44F4-91CF-8BDAACAFEEB7
directors_9611,Q16960278,Q495055,Q16960278-F6695E8D-8661-4E66-B45B-83E496C17723
directors_9612,Q16962300,Q4382647,Q16962300-492EB0FD-078E-4E97-88CB-20A5ECBB3B17
directors_9613,Q16963172,Q1681872,Q16963172-55CF4925-1A94-4540-9E6C-A46812CFC265
directors_9614,Q16967102,Q2478406,Q16967102-1C304FAE-828F-4285-8A4C-17424540660D
directors_9615,Q16970789,Q43203,Q16970789-01E1E754-4E28-4BE1-A246-2C2952C027D7
directors_9616,Q16971610,Q1750712,Q16971610-560CCD99-92B9-40F6-80D0-A6B8BE37B7F4
directors_9617,Q16973734,Q21032133,Q16973734-937BF635-EDA8-48FC-8D53-31CF60AC907E
directors_9618,Q16974047,Q242557,Q16974047-772585B6-CF82-4487-A3F8-7D1F31AA8858
directors_9619,Q16976938,Q105750506,Q16976938-E0113617-B081-4CAF-B433-6E7A29BBFF65
directors_9620,Q1697911,Q22676967,Q1697911-3D973E1C-816B-4689-A385-527B7A5B8BC0
directors_9621,Q16980741,Q19868225,Q16980741-CAA13109-601E-48E8-8530-23BDD796817E
directors_9622,Q16982089,Q3453777,Q16982089-73F66E17-30B1-4A64-82E2-023DBFA84D12
directors_9623,Q16982089,Q4766862,Q16982089-6C68E99D-B152-4852-AB9A-36DCF453D260
directors_9624,Q16983433,Q106376551,Q16983433-10E360A7-CB34-4893-AB41-6225069B7F4C
directors_9625,Q16985254,Q269692,Q16985254-8FCEDE28-87F7-4908-B8B7-7BC09CA6A027
directors_9626,Q16985413,Q11977499,Q16985413-e344570b-4a74-7572-d0ff-a7e1e22dab85
directors_9627,Q16987989,Q1702754,Q16987989-CD58FDD3-FA40-42B5-9D4D-BFC6A4CC6BE9
directors_9628,Q16988558,Q23415389,Q16988558-03B00DD2-5EF8-45B1-A417-28E04A7D9721
directors_9629,Q1698939,Q15079,q1698939-244E1AC6-6BDF-4D40-BDF4-BCAD28F91E84
directors_9630,Q16993171,Q7344931,Q16993171-E15A6A53-4AAA-468A-81C8-8A6AC2274A17
directors_9631,Q16993300,Q4109,Q16993300-7bb8223f-4955-b42a-138f-446b9eff0ab2
directors_9632,Q16994014,Q2895597,Q16994014-AA4197D6-4FBB-4B36-AE87-EFFFE45057D0
directors_9633,Q16994327,Q428815,Q16994327-511069E1-96DD-46DE-B316-12A81A9CD159
directors_9634,Q1699556,Q574983,q1699556-083FBBAB-1F12-4C30-8188-C9F004F30A56
directors_9635,Q16995656,Q18030292,Q16995656-2A74414E-88B7-475C-BE10-A2ADCED6A501
directors_9636,Q16996794,Q975410,Q16996794-a0ecd5ec-49fa-2530-468e-2f3f9a7b0fd9
directors_9637,Q16996797,Q1114465,Q16996797-B6A9D3D5-97BC-45A1-A38D-8DA46C8635E8
directors_9638,Q16997069,Q66867,Q16997069-2C603B83-E6EF-47BC-92EF-D28CE7E2890F
directors_9639,Q16997268,Q4886266,Q16997268-17C445C1-5768-45CB-8A95-3C298A3A268F
directors_9640,Q16998034,Q6768605,Q16998034-b45b94eb-4709-1a48-19ea-25c7aca3ca6e
directors_9641,Q16998034,Q721429,Q16998034-55b13ff4-44a6-4d92-5535-301db1e7a87e
directors_9642,Q16998136,Q18815680,Q16998136-8B5DF008-E8A4-40E1-B38A-7CB6EEFEC9D4
directors_9643,Q16998946,Q3476760,Q16998946-87DF65D4-657E-46FC-AF33-8E6251DF4676
directors_9644,Q16999325,Q15849580,Q16999325-323850BA-9A27-457B-856E-D2C01BEB5B65
directors_9645,Q17002139,Q706142,Q17002139-B5A94F5A-A977-4ABB-9997-9CE9924D64B1
directors_9646,Q17003709,Q461350,Q17003709-3dcdc17f-4ef9-11f7-840b-c3abf9cd99ea
directors_9647,Q17004445,Q3101759,Q17004445-DBAB1C32-B0ED-4C1C-AF62-53DCA3093FFA
directors_9648,Q17005848,Q1328532,Q17005848-c695c42d-4541-d8c5-790a-dfffd8742c32
directors_9649,Q17005988,Q716064,Q17005988-cef6af66-4f95-a201-eee7-c3b2c70e84de
directors_9650,Q17006104,Q118121477,Q17006104-145AE848-9A27-40D5-A1FB-019271194038
directors_9651,Q17010616,Q131358490,Q17010616-FC99C854-3BA1-4F60-B9C5-8016DC8FED8E
directors_9652,Q17011429,Q202597,Q17011429-2b214f14-4290-326c-4761-3d31f18bc5c7
directors_9653,Q17012063,Q117862194,Q17012063-82BD73C9-FB4E-4F01-996D-D642E9734EAA
directors_9654,Q17014747,Q15210571,Q17014747-4CD4655F-617F-47A9-89A7-9919EF5865E0
directors_9655,Q17014747,Q78367,Q17014747-0FCAB38B-D777-44FE-8D01-E30AC571C81A
directors_9656,Q17018223,Q878548,Q17018223-B7317C91-BF0D-41C7-A7F4-D2E6C1F19061
directors_9657,Q17018891,Q21809719,Q17018891-db847ce5-4f79-bbaf-da4e-88f4dac5384f
directors_9658,Q17019453,Q7648702,Q17019453-E74D23F4-1D69-499E-844A-307858644A77
directors_9659,Q17020430,Q7343062,Q17020430-E28B62B2-B624-4EC9-83F8-47F4110020EB
directors_9660,Q17021589,Q7422329,Q17021589-DFEC555F-F280-4501-A08D-2BB57FF94947
directors_9661,Q17021912,Q5082704,Q17021912-9F9187B7-B8ED-405C-AA83-AD46AE216CD7
directors_9662,Q17023315,Q960141,Q17023315-9C58459F-EDD3-478F-BC69-B406DA7ABCA8
directors_9663,Q17025594,Q1324417,Q17025594-1427765c-4091-38ba-3e6b-239519328946
directors_9664,Q17028317,Q95030,Q17028317-969b1b6a-4ecf-7d64-7a2a-1c8b6756f2ce
directors_9665,Q17029004,Q7237261,Q17029004-FD15F6AA-0806-40CF-80E7-17134A6C992C
directors_9666,Q17029188,Q170574,Q17029188-B266845F-DD21-43F0-90B3-971F89CA29B7
directors_9667,Q17030879,Q96065678,Q17030879-2E44C6E5-6375-49F6-B376-0BEF925377A0
directors_9668,Q17032951,Q7273486,Q17032951-E82BBECA-EB1E-4A07-BEF6-5481FD12FB8B
directors_9669,Q17037225,Q3379043,Q17037225-AE253ACD-4315-477C-BACD-67E5374D1F24
directors_9670,Q17037826,Q24572522,Q17037826-951D3992-E101-408C-8F1F-425196F67EB7
directors_9671,Q17038660,Q48896937,Q17038660-F3C14C99-FA44-4DA3-8047-30A2AAA2CD0D
directors_9672,Q17040489,Q782982,Q17040489-E142BACB-D6A8-40C2-8C7A-324BE9991EE0
directors_9673,Q17042694,Q525725,Q17042694-B0EDFD9C-F597-4CFA-B8E4-2723A096484B
directors_9674,Q17042878,Q220751,Q17042878-F2DEF5B5-318B-4896-B9F0-B119DFF693A2
directors_9675,Q17047831,Q17198440,Q17047831-28456FA0-F46C-4C3A-BE22-6A303C9875A3
directors_9676,Q17048105,Q543733,Q17048105-d6306ff0-477c-6438-534c-e68ae0381a97
directors_9677,Q17049587,Q21994816,Q17049587-5734e477-4cd1-dc2c-db56-ff86abeb6746
directors_9678,Q17049895,Q106282273,Q17049895-0415D2FA-73DB-49D7-9ED3-7F76651C5082
directors_9679,Q17050502,Q64638,Q17050502-92FDBDBD-59CC-4F7A-8ED4-43431F3C44F9
directors_9680,Q17051533,Q22987973,Q17051533-3b206efa-4fe8-ce99-c48b-a4e1d50dd302
directors_9681,Q17051888,Q3070885,Q17051888-09DF27F1-2561-4484-95A7-0A051AF10270
directors_9682,Q17052183,Q6749899,Q17052183-EA2E1211-CE00-4CB3-A261-BF6D3DBBA870
directors_9683,Q17052686,Q2906595,Q17052686-7c26b7f3-4ce5-35db-46b8-531111cf0a7d
directors_9684,Q17053635,Q2216464,Q17053635-0A6DF114-1EF4-4508-8C24-262DF6AD0AEB
directors_9685,Q17054077,Q7631226,Q17054077-45998840-348F-4818-BC74-04887AA25244
directors_9686,Q17055661,Q532645,Q17055661-F3AF7A15-7F41-46E4-9BB6-24877DD40EB3
directors_9687,Q17055661,Q55430,Q17055661-FB889EA9-CB76-4D5E-903A-7AA8CE3E68BB
directors_9688,Q17057859,Q30123176,Q17057859-47C2C471-BE90-4DB9-AF35-46EFADC83EB6
directors_9689,Q17059341,Q2301805,Q17059341-31327f72-45c6-7dff-20e7-f4057f23c4a5
directors_9690,Q17061299,Q18704858,Q17061299-590DD11E-F45B-451D-81AE-DCD392F4D42E
directors_9691,Q17062774,Q325396,Q17062774-A563BF45-D3C6-4A9D-93DF-B9C17204A1BE
directors_9692,Q17064227,Q314841,Q17064227-C1B10D5C-9DE9-421E-9A33-ABDFB081086D
directors_9693,Q17065888,Q500611,Q17065888-B496C87B-3D07-47EC-8811-1C37CCAB60B3
directors_9694,Q17068577,Q7615818,Q17068577-4C14315C-FA67-4298-A589-6C0E3E20079B
directors_9695,Q17069780,Q5654113,Q17069780-C109B14E-DD27-469F-98DE-8444AFF3C33F
directors_9696,Q17070257,Q21063308,Q17070257-64197309-17FF-449A-95EE-2709EB8E0A1F
directors_9697,Q17071367,Q116949647,Q17071367-327888AC-1DEA-43B4-9E5F-E7FF6AAF9B0C
directors_9698,Q17072191,Q6122089,Q17072191-CD6B1AB1-938D-4944-9FEB-C0EB320DC123
directors_9699,Q17073759,Q28600286,Q17073759-6F0A885F-4F2D-4B0A-A154-5A4C8E11DB58
directors_9700,Q17074004,Q4648485,Q17074004-392CD35B-5566-4827-A640-CCAAF630F243
directors_9701,Q17074107,Q3536381,Q17074107-E5CEDE0E-B2B4-4551-8AC8-ACBCDD71BBD1
directors_9702,Q17074219,Q4764646,Q17074219-E1A7E567-D2AA-4B16-98A7-5E16C38053F0
directors_9703,Q17074852,Q2738917,Q17074852-96c8e886-46f2-2cbf-6be5-05b6aabc7699
directors_9704,Q17075564,Q3536381,Q17075564-83834FD5-56DA-48D9-BA05-4B7658E5A6E1
directors_9705,Q17075598,Q7929181,Q17075598-97F9AD56-C20A-4DFF-9D5F-FCEEEA02E506
directors_9706,Q17075842,Q6713134,Q17075842-1D16F5D7-9461-4620-918C-65EAFCE209D7
directors_9707,Q17080509,Q18764010,Q17080509-4C914DDD-8FE5-461B-B79D-07FFD613BAC4
directors_9708,Q17081716,Q1190439,Q17081716-04218F6D-177A-4979-B57B-9710FD184B97
directors_9709,Q17082319,Q19668417,Q17082319-D2319F26-24C5-4FB5-86D5-8AE18719A0D5
directors_9710,Q17082350,Q23930866,Q17082350-b421d260-473e-721c-d43f-d5edf8ef3633
directors_9711,Q17083155,Q22988003,Q17083155-07553c84-417e-50ad-293f-4327ee81a4b0
directors_9712,Q17083155,Q22988017,Q17083155-352c96aa-4751-663a-19d5-6725d3d035f9
directors_9713,Q17088983,Q7261235,Q17088983-916825BA-9C2E-4C86-B860-DC9E5EFD627F
directors_9714,Q17097929,Q21890480,Q17097929-40EBCF1B-0264-4503-AD01-E9157FA79176
directors_9715,Q17110552,Q541368,Q17110552-5C2815B5-EA94-448D-B8DA-49DE703A4030
directors_9716,Q17144452,Q552814,Q17144452-56EFC870-C155-43FE-9C1A-BD31F1A27729
directors_9717,Q17150365,Q23771267,Q17150365-9DFC7206-913E-4C72-A7F3-A6F24E8E1F88
directors_9718,Q17150575,Q535018,Q17150575-EC9F6202-4B1F-451C-BD2D-612671FA56C8
directors_9719,Q17151200,Q33103835,Q17151200-56493EAF-8D93-4275-A724-2897850EC97C
directors_9720,Q17154090,Q5891679,Q17154090-2D273E4C-8362-4B9A-803E-9A102943F27E
directors_9721,Q1716708,Q6243822,Q1716708-05AD0690-F5EB-4BB0-AE91-48ACE8D922AC
directors_9722,Q17182419,Q525332,Q17182419-15B5AFF7-DFE5-4483-8FF9-7AD81ACC0E06
directors_9723,Q1719141,Q55238,q1719141-8476AA64-264F-46E0-A535-C00AD6A54EFD
directors_9724,Q17215294,Q523356,Q17215294-81EBB622-5E6B-4915-A0AD-C1C923460E37
directors_9725,Q17224123,Q11439009,Q17224123-6BCC0C78-C649-4A21-9660-83D13D25F7B7
directors_9726,Q17257743,Q65969654,Q17257743-942F43C1-7599-402F-BD5D-7A3CBC39F1E9
directors_9727,Q17257743,Q95181244,Q17257743-9BD9AD72-1119-409B-9526-5648714DCB8E
directors_9728,Q17296910,Q2843189,Q17296910-2add8605-4082-d2b1-25e7-c6becc23339e
directors_9729,Q1731966,Q314485,q1731966-80937FB3-2F82-49F0-B08F-7D8B2F881319
directors_9730,Q17351649,Q18001820,Q17351649-bc20297e-487f-f55b-2a86-ad703c3296f7
directors_9731,Q17361809,Q312988,Q17361809-8BC2C425-0165-4A64-8DFF-5D55BC399C41
directors_9732,Q17382556,Q2665374,Q17382556-6008E477-4CC6-484A-84C0-3B1A8DA9ED32
directors_9733,Q17383148,Q117859224,Q17383148-596FE414-74BE-44DD-B4E1-6A888B22147B
directors_9734,Q17401311,Q19364547,Q17401311-C11EA1B3-F0BB-424E-91D4-D89692FCA8F6
directors_9735,Q17416710,Q3671,Q17416710-3B86584D-A407-4641-8BB5-79B0B2B40244
directors_9736,Q17418119,Q17418108,Q17418119-01DC69B4-B694-411A-A9A6-CD69F3B79D99
directors_9737,Q1742410,Q939321,q1742410-AF4B3FCD-5674-4EB1-9281-B1E0EA3ADAE2
directors_9738,Q17426161,Q4721545,Q17426161-AD42B9DF-A4B6-480F-A8A6-022F67AF5CBA
directors_9739,Q17436508,Q16028575,Q17436508-7AE1F75E-AFC1-4412-A5B0-6BE976465A42
directors_9740,Q17476653,Q1972918,Q17476653-707CE64D-D81C-4F6E-96B0-B7B7A5BF77F7
directors_9741,Q1747758,Q2966473,Q1747758-484c9147-9aa6-4466-a76d-6aba46bf2f6c
directors_9742,Q17478818,Q1896152,Q17478818-6E565A02-79A4-4A96-809E-B9EAFF51451A
directors_9743,Q17478848,Q1421655,Q17478848-BA43EECF-7CA9-47FC-9D34-8CB2B17734A8
directors_9744,Q17485699,Q5925685,Q17485699-6111C9AB-E623-4239-856F-288D643713CE
directors_9745,Q17501972,Q771590,Q17501972-EF4B8865-6845-46BD-8A15-3BAA4457B8D8
directors_9746,Q17508638,Q3116260,Q17508638-7245FE32-D4BA-4D5D-B14E-F5C61F158EC5
directors_9747,Q17511146,Q3369626,Q17511146-5E08B4CD-B86A-4D84-AC04-1310397D6FBD
directors_9748,Q17512646,Q1680884,Q17512646-69E172F2-E9D2-46B4-AAE6-250C9CE864E3
directors_9749,Q17515125,Q709076,Q17515125-B4AD8DD7-9BD5-45B2-BCC5-7A9245E12930
directors_9750,Q1751588,Q705995,q1751588-5FC818FA-9290-4536-B4D0-F6EF7C30BFBB
directors_9751,Q17516207,Q95069159,Q17516207-2D519082-7A8E-4BC0-8382-B0375894F84A
directors_9752,Q1752897,Q16875355,Q1752897-CC492734-6ADE-4A13-B0B2-BE20F037A281
directors_9753,Q1753426,Q191755,q1753426-9EF37688-2606-4F1F-9548-F263F5FB3575
directors_9754,Q1753731,Q443995,q1753731-496BCD38-7A86-4B3D-810E-353DFFFB2E2A
directors_9755,Q17560903,Q101429459,Q17560903-7C64847A-461A-4520-851E-E081F11288E9
directors_9756,Q1756254,Q504656,q1756254-887E14C9-CCE1-40EE-B32F-0B8580616358
directors_9757,Q1757581,Q24635079,Q1757581-80B91A32-548A-4803-9E66-BC0F91AB711F
directors_9758,Q1757581,Q24635089,Q1757581-BE35167E-DE86-42D8-9D9A-50A66F334602
directors_9759,Q17582629,Q944198,Q17582629-88CE94FD-D4D9-4703-92B1-3AE6E306F92B
directors_9760,Q17606382,Q6748387,Q17606382-8f7317e1-4464-c068-aacb-1114df5964b5
directors_9761,Q17607210,Q262608,Q17607210-bdf910bc-4b03-345e-1abf-29f9fdce58c1
directors_9762,Q17621678,Q5384854,Q17621678-7F2EA80F-E0D1-41DC-BC6F-849D99631A32
directors_9763,Q1764764,Q11077308,Q1764764-5C00F8F7-8A3A-4984-81B9-172F2C24AD95
directors_9764,Q1766681,Q459933,q1766681-38E14952-A874-45AA-BC89-7F7E59168C60
directors_9765,Q17763215,Q114918600,Q17763215-4B503F9A-1E25-44B0-8F5D-49E50FDD77C8
directors_9766,Q1777358,Q3644473,q1777358-1C76DFB2-ECC1-417F-A43D-CB73ACA4D02D
directors_9767,Q1777358,Q3703233,q1777358-D26BE84B-8B7C-4A98-B687-C0B7A57C9BC3
directors_9768,Q1779139,Q967544,q1779139-27F7390B-F32E-41BF-8AAA-3F8E54C53A7D
directors_9769,Q1779547,Q2037657,q1779547-F613B0CD-4E13-4B7A-AFEE-579FC091099B
directors_9770,Q1783338,Q106375201,Q1783338-E8025FE0-AC13-44DC-AD05-9C144A12CCEC
directors_9771,Q1789448,Q594382,q1789448-AB7418A0-E2C8-43D7-B1A8-524B4F777A09
directors_9772,Q17903453,Q2005037,Q17903453-DC2DDF20-475D-4D1B-A062-9B6779C06A4B
directors_9773,Q1794408,Q289054,q1794408-68DAB0C7-534E-4544-985F-A2DE06E47DC2
directors_9774,Q17986820,Q100710461,Q17986820-39C54316-486B-42F9-AADD-FB5594AEEC56
directors_9775,Q18031184,Q3696452,Q18031184-7d466e59-47a2-7700-c1f4-2326818b86e8
directors_9776,Q180395,Q328814,q180395-48D34E3F-9559-4FE6-9DC9-B45635648A75
directors_9777,Q180416,Q60634,q180416-E95899C4-F18F-4D30-AB87-7C63D180DEB8
directors_9778,Q18043331,Q117862058,Q18043331-72A7C1E7-A1EB-4C88-9898-D1783336612E
directors_9779,Q18109127,Q18818365,Q18109127-861EAC3B-9AA7-4B4D-94ED-2F3391DAF39E
directors_9780,Q18109989,Q311219,Q18109989-467CEA03-4F00-4804-8F58-6DD4B724BA2B
directors_9781,Q18112160,Q117862247,Q18112160-99EB2B74-6878-4226-9584-E8390F88F9B6
directors_9782,Q18112160,Q117862428,Q18112160-8AA55936-E3EF-4E3A-8C60-A077F9AC31E9
directors_9783,Q18126068,Q22007737,Q18126068-5ABD7614-24EF-47F1-B487-D8E0E3360E9B
directors_9784,Q18127580,Q6986928,Q18127580-0DD3678D-1786-4A04-8FF6-9CFAB0D7C72F
directors_9785,Q18127894,Q56249709,Q18127894-1906E3DD-5838-4EBD-8100-425C12FE6BD5
directors_9786,Q18128126,Q281249,Q18128126-15C56F31-59B7-466A-AD28-ABBB71C7E42A
directors_9787,Q18149041,Q15957667,Q18149041-73BC7FCA-2EE7-4429-BE58-E498DE29901F
directors_9788,Q18150420,Q545669,Q18150420-730A7C62-4DBF-4FCA-9476-5E3B0DD8F0BD
directors_9789,Q18150704,Q313039,Q18150704-8A026951-5A04-4B2C-A683-2226F9D88C2C
directors_9790,Q18151017,Q3527989,Q18151017-DD10B41E-AC6B-49C8-AECA-D0979E5F4FC1
directors_9791,Q18151554,Q44221,Q18151554-8056d47b-4122-f7a5-8be4-b819173a0992
directors_9792,Q18151901,Q2480656,Q18151901-E5055657-CF36-4568-80A9-23171B8DC443
directors_9793,Q18151930,Q653571,Q18151930-720c8654-4cf7-1a84-b5cc-ecf3746d1606
directors_9794,Q18152748,Q229598,Q18152748-8128DD29-27CA-420A-B140-5F48D8B3FECB
directors_9795,Q18153040,Q71276822,Q18153040-cf90a581-45e7-4d81-1f96-9b768bb901a3
directors_9796,Q18153400,Q4717719,Q18153400-69D0E4C9-39CE-4BB9-BFCF-D1AD0E351CEF
directors_9797,Q18153484,Q212167,Q18153484-502a3049-4cb6-fdb0-5996-c83f5db785b9
directors_9798,Q18154994,Q1016897,Q18154994-3AC38178-694D-4F4E-9B7F-C9C22A9B983C
directors_9799,Q18155816,Q458301,Q18155816-1bbbcb9c-4468-a726-d29c-81c85dc54863
directors_9800,Q18155835,Q527862,Q18155835-FD4DEADE-A0F8-40F5-860C-27684EF9B019
directors_9801,Q18161368,Q7181985,Q18161368-56A00C00-24E4-4C35-A972-312D0F53F03D
directors_9802,Q18162353,Q117863195,Q18162353-A21F938F-8795-40C7-92FF-41744BFDD2F4
directors_9803,Q18164659,Q16729700,Q18164659-B5F9C365-5126-4BA0-BF3E-303CB09322E2
directors_9804,Q18168157,Q489831,Q18168157-09751702-807F-4B42-8962-F01A47C144CA
directors_9805,Q18169958,Q25209047,Q18169958-C4E712E9-95C3-45E8-9748-DB239CE35258
directors_9806,Q18169996,Q350710,Q18169996-F1051370-E887-4FE8-926B-F0C42F417690
directors_9807,Q18170000,Q4881554,Q18170000-A433F63F-5ED0-4FEB-9090-2E55B8F9EB7F
directors_9808,Q18170176,Q6052842,Q18170176-E314BFB7-B4D9-464E-9281-AA2084140E9C
directors_9809,Q18170349,Q13118344,Q18170349-6D010774-940C-4D8E-9B4E-11A243B8431D
directors_9810,Q18170400,Q698533,Q18170400-43EABF5F-0617-4D37-9625-55B661F5F961
directors_9811,Q18170400,Q711914,Q18170400-58205990-7FE3-4742-A515-4034774C7EC0
directors_9812,Q18192306,Q103646,Q18192306-DB071969-ED1B-4A4B-988C-F6C9E73BF7F0
directors_9813,Q18198599,Q16214602,Q18198599-5195A47A-D7CB-4626-9AE8-19ED83F5CE72
directors_9814,Q18199330,Q312988,Q18199330-BF1DFE56-E04B-408D-9926-7FAEEBF22DF2
directors_9815,Q18199331,Q312988,Q18199331-55b1c2c7-43eb-4b85-7bdc-9d2a56ac08df
directors_9816,Q18200409,Q932019,Q18200409-65B69A55-3586-424C-B47A-4BED72C40BC3
directors_9817,Q18202448,Q1335528,Q18202448-18334D46-F705-47D1-8C63-33D7F7E7A864
directors_9818,Q18202491,Q464903,Q18202491-76AE464C-BEFA-4FD2-B819-4ED12D1B3F11
directors_9819,Q18202875,Q18408276,Q18202875-2ECF2551-8ACA-4B75-B2CD-DD2E731B5051
directors_9820,Q18206261,Q475703,Q18206261-87E99302-10A0-4A0C-A93B-0C15B61115EA
directors_9821,Q18206289,Q460297,Q18206289-7452CBD2-07ED-4650-AE0E-09FCC3CFB9D5
directors_9822,Q18209382,Q2296698,Q18209382-D41F9A91-5632-4514-9A56-86CCF1C9DF81
directors_9823,Q18209411,Q77593,Q18209411-B4ED81B9-045B-4EFB-86C0-1A257B38B2C6
directors_9824,Q18210299,Q3376892,Q18210299-31ef60d3-443a-31cf-32ed-646833a5e21f
directors_9825,Q18225084,Q3772,Q18225084-0C32B011-5FC3-4DC8-85E2-F4A951785B54
directors_9826,Q1823261,Q529041,q1823261-57B6D663-E23C-4B2D-B5F2-760C26CCEC95
directors_9827,Q182692,Q56094,q182692-0A395858-D516-429D-83B8-564FE31013DF
directors_9828,Q1827484,Q382389,q1827484-464941E6-5DF6-467C-832B-59A76A08862B
directors_9829,Q18291670,Q22262383,Q18291670-c31ca5e2-4601-6373-c1b6-d0ab497e1bf8
directors_9830,Q18291670,Q6182820,Q18291670-f6ed52b1-44cc-434a-250d-e1ca1364fe5a
directors_9831,Q18324869,Q40035,Q18324869-bb5b8e3b-472e-2387-4d9e-97aabc66018d
directors_9832,Q18340877,Q18542926,Q18340877-f04e55b4-4fa3-63bb-220d-5d8787dad783
directors_9833,Q18342910,Q119849,Q18342910-57226B03-EB53-49DA-91C2-9C0825231D00
directors_9834,Q18350210,Q668170,Q18350210-B7514D4E-3123-46B8-879B-D3F36FC18114
directors_9835,Q18351190,Q23772110,Q18351190-524635A1-1FCF-49D4-9D28-9863BBF55998
directors_9836,Q18354827,Q919049,Q18354827-29C170A6-1235-4A24-8C48-2502CD450AC2
directors_9837,Q18356955,Q20894804,Q18356955-3775FCE2-422C-4A03-A3AA-40368475F50B
directors_9838,Q18357743,Q118106738,Q18357743-19ABEE2E-562B-44CD-88FE-B8FE2069F886
directors_9839,Q18361441,Q58327634,Q18361441-6a09ad4f-4c06-51cc-e989-823bb1ced491
directors_9840,Q18377827,Q2654533,Q18377827-6D14C09C-946D-4207-AB98-2037A02595ED
directors_9841,Q18379056,Q93762987,Q18379056-46BDF1AA-C106-4E0F-9FBE-E0CA892F8377
directors_9842,Q18386107,Q7436761,Q18386107-76E781EB-0DC7-4871-8BBE-F3296BDEF0A3
directors_9843,Q18388171,Q960762,Q18388171-19564228-B830-4258-A0CE-1096171F3A4A
directors_9844,Q18389443,Q750877,Q18389443-5A7CE504-9181-4F9F-93AC-3C224C42A898
directors_9845,Q18389573,Q444583,Q18389573-20CAAC63-FCCC-4F84-939E-4A86A1619981
directors_9846,Q18389586,Q3808611,Q18389586-13E2F717-B3C7-4A0F-9041-4A396FABDB3C
directors_9847,Q18390384,Q23761826,Q18390384-0B32C7B1-5D76-4C14-9B5E-71E2A80B6262
directors_9848,Q18391473,Q114697373,Q18391473-076D30F3-A130-4685-B64F-CE17419D5833
directors_9849,Q18392433,Q17521770,Q18392433-4097C63C-9FF3-4295-976F-7375540A5313
directors_9850,Q18393272,Q48699392,Q18393272-5430293A-113A-464B-A183-D7718984EC1F
directors_9851,Q18393844,Q37637608,Q18393844-6D0BCF28-5E28-4992-9A25-8999C65D2723
directors_9852,Q18393909,Q4961534,Q18393909-78DB57D0-BFE0-4084-82B5-B2E818BF7567
directors_9853,Q18401829,Q4400034,Q18401829-36A5332E-DBE4-4094-980E-90BD3E042FB1
directors_9854,Q18406872,Q558806,Q18406872-E5470BEC-CF12-4604-B6B0-62F70A42F3AB
directors_9855,Q18407657,Q18018415,Q18407657-759F2E44-254F-48BE-85E9-12F90E021AA9
directors_9856,Q18407657,Q20675767,Q18407657-e1d69192-4b6d-2902-5d2b-d5c2fefdf984
directors_9857,Q18415459,Q726126,Q18415459-897C08F2-6C88-4C76-9F6C-1CF3BEF6137E
directors_9858,Q18449411,Q5716496,Q18449411-D7793A4B-41EF-41CE-9F86-20B8684BA183
directors_9859,Q18485021,Q19817869,Q18485021-9DE5D20B-0CDF-4F2E-B368-859C0DCC0256
directors_9860,Q18486021,Q621818,Q18486021-8D963005-D0F6-4CC2-BB55-681306AAFEDC
directors_9861,Q18516636,Q13595311,Q18516636-14636A82-7CE5-4F02-ABDF-A7B93DEE3790
directors_9862,Q18516636,Q13595531,Q18516636-C68D0778-D112-4BB0-8C96-48A273A7CBB0
directors_9863,Q18517234,Q3946049,Q18517234-2463c2a8-4845-7859-1844-7da5fdc8ccb7
directors_9864,Q18517234,Q4007762,Q18517234-4cc24a61-401a-2368-452d-54ca13acd742
directors_9865,Q1852729,Q525109,q1852729-0AF858F1-FFE7-435D-B641-E1431D9BCFDF
directors_9866,Q18545028,Q601834,Q18545028-33716ac3-4113-0ab2-19a8-3695ee7dee06
directors_9867,Q18552037,Q60766,Q18552037-7A06C06E-F08B-4ADD-942A-2DA7015FB8C9
directors_9868,Q18561606,Q66637,Q18561606-A2E7E741-B7EA-4773-A401-9E26F581428F
directors_9869,Q18578232,Q643982,Q18578232-04f81084-494e-bcdf-eec8-b3e52860d14e
directors_9870,Q18588971,Q130742508,Q18588971-A7131038-14F5-4C9C-909E-6C3992D9D196
directors_9871,Q18589013,Q28031232,Q18589013-00F8C24D-2C0F-49E1-BF8F-D2393117783F
directors_9872,Q18603037,Q64348027,Q18603037-7DD9AF4F-8342-4EBF-BDD6-EAC91BBC368E
directors_9873,Q18603041,Q81395078,Q18603041-36C5839D-41DC-4920-8E0F-023BC3E249E7
directors_9874,Q18603042,Q6127610,Q18603042-88C65772-5FD4-4DD6-AD57-A6EFA76A85FA
directors_9875,Q18604504,Q1091339,Q18604504-4362c394-4942-e1fc-2b08-eb9cf0de7435
directors_9876,Q18610820,Q3340086,Q18610820-1b9330c3-40b8-4a9a-c5e4-3e899b255f1a
directors_9877,Q18610820,Q3380121,Q18610820-E4551738-64A5-49E9-B91D-BE07624B16F6
directors_9878,Q18613571,Q318712,Q18613571-19b11290-4ffb-80a6-1033-6c32e17645e0
directors_9879,Q18619590,Q60341,Q18619590-39fd1d6f-4430-dc23-e5ca-0f584c6f4c38
directors_9880,Q18625564,Q32946332,Q18625564-60f42e7c-43a3-5302-001a-1c26a197a781
directors_9881,Q18633732,Q3735652,Q18633732-5665E63D-1D31-46B5-8BD2-87D66B9FB4F5
directors_9882,Q18633930,Q19606800,Q18633930-AC816CB6-4BAE-4CB2-87D2-D2B0CAE538FE
directors_9883,Q18633935,Q2408960,Q18633935-3964A0F9-3667-4966-A7D9-7A35A9657D2B
directors_9884,Q18633935,Q3501925,Q18633935-b3bcccd3-490d-e9d3-178e-d986adc4f37b
directors_9885,Q18636368,Q2057920,Q18636368-9F9B7CC8-CC8A-4720-BDCC-D1A9EAE3A5BD
directors_9886,Q18636742,Q2756732,Q18636742-5113380a-4e69-4196-71e5-a071f5e3e5ad
directors_9887,Q18639593,Q94882,Q18639593-3BB5CF2F-FBCC-4834-AF60-761D867A6959
directors_9888,Q18639756,Q2063309,Q18639756-879a97b3-4463-a5cc-18f9-fe9bcf783b9b
directors_9889,Q18644475,Q1983058,Q18644475-547C72EF-7AE4-466C-891C-AC15148FF02C
directors_9890,Q18657644,Q702536,Q18657644-9cc3e406-4c9b-2213-0da8-d79003a1d07c
directors_9891,Q18669866,Q1159118,Q18669866-89709786-F435-47E5-AECE-DF6C504CF169
directors_9892,Q18674502,Q21191121,q18674502-1be08742-1998-4a22-bea5-d6b7223672c3
directors_9893,Q18674502,Q21191123,q18674502-b4c0d9c1-b78f-4c2a-b351-f6b4b6c3ae93
directors_9894,Q18674916,Q4227174,Q18674916-d1195b34-4d77-245f-4091-d0ac5126f68a
directors_9895,Q18684590,Q895091,Q18684590-3791F286-5DAA-44A1-954A-FD089C9A6E68
directors_9896,Q18692630,Q524278,Q18692630-A533C2A7-6DFC-484A-AB81-7B040BD1D1B7
directors_9897,Q18702209,Q100146519,Q18702209-F892A56A-E682-4139-AB96-DB9638E8273D
directors_9898,Q18703016,Q115183220,Q18703016-49ED2D0E-A8B2-4454-8D0D-1E2102110E43
directors_9899,Q18703018,Q115244794,Q18703018-174F81B7-5264-455E-A16F-ECA946C1BB7C
directors_9900,Q18703022,Q26270388,Q18703022-01325A3E-C5BB-4780-B2D9-E1DD7357CCDF
directors_9901,Q18703023,Q8342,Q18703023-5588AC25-061A-46B7-98A6-CDD180744D56
directors_9902,Q18703027,Q1159900,Q18703027-1C1601D0-558A-4B12-8413-A751B7BD7D25
directors_9903,Q18703028,Q1702754,Q18703028-0479703A-3077-41CD-9B4B-9B6C8F5D07A3
directors_9904,Q18703031,Q22101425,Q18703031-d1c36e9f-4187-39be-ba03-5d7c91d785f9
directors_9905,Q18703038,Q5214505,Q18703038-0418C44E-9BAE-474C-81AF-4852E48B7D02
directors_9906,Q18703050,Q24641137,Q18703050-E7E6E7E0-075F-478E-A048-BFBCCE402985
directors_9907,Q18703050,Q24641138,Q18703050-52118C46-38B3-42FA-8988-4E347DCAB451
directors_9908,Q18703089,Q4355032,Q18703089-7F1EFAAB-F559-452D-B160-E63A5AFC6EFB
directors_9909,Q18703094,Q1190406,Q18703094-550E3106-2006-42E3-9E79-F7C9C1362124
directors_9910,Q18703104,Q449220,Q18703104-24DD47D8-FFA3-4FAC-B79E-E8FC26F93346
directors_9911,Q18703120,Q7614491,Q18703120-0D205A7D-5CA7-4A4C-8DAB-BCC65F937B34
directors_9912,Q18703121,Q1754926,Q18703121-9585AF82-6DF8-4AA8-9A34-D437B399893E
directors_9913,Q18703137,Q95208715,Q18703137-4245A96F-967F-4A35-B7FE-154054827BF5
directors_9914,Q18703138,Q114729365,Q18703138-1AF711DB-72B7-407C-AA44-6DA349833C09
directors_9915,Q18703156,Q7403109,Q18703156-67197DE6-F9D0-4493-BF1E-6A303A3707E6
directors_9916,Q18703157,Q16195870,Q18703157-7713FD9B-B71E-4493-8A5C-C8C71035A59F
directors_9917,Q18703193,Q78331779,Q18703193-3F0E4EA2-7065-404D-AE03-57832A1A12A9
directors_9918,Q18703883,Q503951,Q18703883-79851A2A-EC74-4BF0-A4E8-0D2A9049BF4B
directors_9919,Q18703884,Q26924698,Q18703884-8AD4842E-37CE-44F6-BF83-324B549FD015
directors_9920,Q18703893,Q106270877,Q18703893-DA431572-B147-4DC5-B3AB-74C32DDDE445
directors_9921,Q18709329,Q2562608,Q18709329-04649CD4-4957-4A97-A92B-B2A1A99DD071
directors_9922,Q18713033,Q707494,Q18713033-2A38D011-F0BE-4836-B4CC-3D4367DE795B
directors_9923,Q18736633,Q3149763,Q18736633-737BE5D0-E963-4E56-85DC-B70C74340EEF
directors_9924,Q18740722,Q117863827,Q18740722-03537725-AB57-4BD0-9BBE-FB3CF876205C
directors_9925,Q18754959,Q134867,Q18754959-2f0ba969-2057-4eee-84fb-24095407a2b3
directors_9926,Q18758160,Q967302,Q18758160-E89846FE-3237-4FBC-BD21-1BBCCB93AECC
directors_9927,Q18758193,Q3341663,Q18758193-524c4ae6-4297-b62b-13e2-893ad86478b8
directors_9928,Q18785102,Q344854,Q18785102-B7BB23F0-CD22-4942-A5A3-96A916CC7E65
directors_9929,Q18786432,Q20688373,Q18786432-10CAA825-E904-4010-8C44-5BEA64BEBC5A
directors_9930,Q18786472,Q74138,Q18786472-67621D5F-D2E3-46C9-B574-D7A9DAE3A950
directors_9931,Q18786473,Q16935094,Q18786473-51FC86B2-CB39-4312-A779-9724E67CCAC8
directors_9932,Q18811589,Q51893308,Q18811589-70df7f22-46fa-cea4-5325-25b6e3f50678
directors_9933,Q18811597,Q99521003,Q18811597-B945EBBB-6455-4046-9FB9-EC2E80E682E1
directors_9934,Q18811602,Q6830724,Q18811602-07808E80-8755-401E-A236-7CB5CEB6FB65
directors_9935,Q18811609,Q23517,Q18811609-89E70EAA-C931-4AAA-9A61-6C094EC6E163
directors_9936,Q18811617,Q349339,Q18811617-77679442-4a84-0bb1-84c9-33c1d18dad11
directors_9937,Q18811624,Q106376331,Q18811624-0CEF89B0-BF0A-4BB4-8702-90329C7EC1CA
directors_9938,Q18811633,Q18685787,Q18811633-92106B6A-0175-4453-A889-96BE29EBE9FE
directors_9939,Q18811634,Q41148,Q18811634-e67c1ebb-495c-b43e-8fd7-c9f8c022122c
directors_9940,Q18811642,Q4661871,Q18811642-6788E389-0B2A-4699-AF1E-14CA39D5B887
directors_9941,Q18816889,Q6317793,Q18816889-020EEF91-7737-4716-A8C1-BF7BF0F12597
directors_9942,Q18822138,Q7383978,Q18822138-6D592E26-731E-4C8E-AE89-0F06ED77AB46
directors_9943,Q18844655,Q50060413,Q18844655-22E54DBC-6FB6-4753-A152-4D4938EFC509
directors_9944,Q18883455,Q3099599,Q18883455-E8F15F76-A95B-49C4-BFF6-2AB93D732DBB
directors_9945,Q18890293,Q26506826,Q18890293-62A45A77-FCF6-4815-B27F-186C4C225658
directors_9946,Q18890297,Q7331376,Q18890297-5159B877-DCDD-4820-B871-2A885C5CC27F
directors_9947,Q18914954,Q1866610,Q18914954-B4AD9415-F925-4CE5-B0E5-EF07AF51456F
directors_9948,Q18915037,Q63432532,Q18915037-92E54777-7B70-4AFE-AB88-58FF840328D5
directors_9949,Q18923394,Q16633322,Q18923394-EBA83AB8-FDA1-40EC-8AAE-E618462D7724
directors_9950,Q18940001,Q274265,Q18940001-46a03bc7-42cf-ff92-c918-3e9f99a53420
directors_9951,Q18959341,Q19543956,Q18959341-B0ECDB4B-322E-40D3-81B1-DE4DB5715C0E
directors_9952,Q19057481,Q20826736,Q19057481-fb377a41-44aa-59fb-2ebf-8d9eb7d31ef4
directors_9953,Q19204752,Q2082056,Q19204752-BF493B4B-57F6-448D-8368-B88A2D671E03
directors_9954,Q19263959,Q16221279,Q19263959-0256E5D6-8FC5-4E73-976E-E51E7BDDD482
directors_9955,Q19263995,Q7441419,Q19263995-E449CEBE-7544-4516-BE10-51085B4A6D9D
directors_9956,Q19264035,Q6716074,Q19264035-fc028658-46fa-07ab-ec37-70577dcf68f5
directors_9957,Q19272577,Q10392130,Q19272577-CF3A3F9F-2824-4061-92BE-FA5C6E7732CE
directors_9958,Q19272577,Q7008165,Q19272577-25825CE9-EFD8-4120-8453-957F4E62149E
directors_9959,Q19315473,Q179497,Q19315473-73183041-BE7D-4A1B-A313-A63916546737
directors_9960,Q19320927,Q22348093,Q19320927-51ACFAAD-C991-4B5F-A6FB-0D97F481EABB
directors_9961,Q19321019,Q56008,Q19321019-462566e0-4d7a-03a3-da39-60e61d7d8382
directors_9962,Q19347291,Q19561563,Q19347291-73D06220-1D6E-4B7C-A403-ACDF6DAAE889
directors_9963,Q19347583,Q295912,Q19347583-FA6C6565-3639-44B4-AAD7-CAB1C22BDA7F
directors_9964,Q19354987,Q19355028,Q19354987-14A67012-72D4-4505-8A53-5FCC09FAACC1
directors_9965,Q19363435,Q3699905,Q19363435-8F42F4C3-260E-47F2-BD18-35B038DC5C1D
directors_9966,Q19363674,Q972884,Q19363674-742B0ADC-DEA5-440B-BD90-071ED448CD3B
directors_9967,Q19363678,Q508184,Q19363678-DE277428-AB53-48F4-AD03-CF76F6ADA9DC
directors_9968,Q19363691,Q41351,Q19363691-914C0949-51A9-4776-B1F9-8FD243B76CF8
directors_9969,Q19363732,Q609873,Q19363732-04B4E37C-A837-42D7-977C-4A06F130A7A8
directors_9970,Q19363785,Q7340010,Q19363785-FB828EC8-2AE7-49C6-9455-094CEADDB278
directors_9971,Q19363812,Q2679090,Q19363812-18224DB7-938B-4938-AF7C-0BC054C0624C
directors_9972,Q19363883,Q3108788,Q19363883-C1E3B1E9-D233-44AD-9AE0-BBC7DC4C9278
directors_9973,Q19363883,Q3182354,Q19363883-D81DE54B-3559-4389-9DAB-9162824312A5
directors_9974,Q19363897,Q6163834,Q19363897-F462C0E7-A1B8-42EB-8B8C-C5F0F25028F7
directors_9975,Q19363956,Q350717,Q19363956-8E48F93B-78C7-4447-A7C0-50DD101E3EA9
directors_9976,Q19363980,Q716214,Q19363980-25B00A1E-21D7-4D8E-A0DD-76B4F7723ED6
directors_9977,Q19364012,Q306403,Q19364012-9928473b-4909-e4f5-b32e-2bd4617eaa34
directors_9978,Q19365645,Q291205,Q19365645-9eb9d1e2-426c-06d2-64e7-8722785e9191
directors_9979,Q19365738,Q970619,Q19365738-E49179A7-215F-439F-A4AB-68D2ADBAAAA0
directors_9980,Q19365749,Q523144,Q19365749-647bded1-4ff7-2c48-fd37-e3d00909968b
directors_9981,Q19383310,Q315062,Q19383310-76cc956f-42e1-dc37-6970-0eb3d7dc2cc5
directors_9982,Q19404573,Q2318712,Q19404573-FA0D96AC-2A1A-4C46-80A6-EC2E8B3B2E9C
directors_9983,Q19427398,Q114912518,Q19427398-652E17C3-048E-4629-A9B3-54D00F852030
directors_9984,Q19427405,Q1379066,Q19427405-1B5AEC40-2823-47E5-9FCC-CBB8A509823D
directors_9985,Q19481099,Q356275,Q19481099-f7626191-46a2-58bb-58a3-e59245180b1b
directors_9986,Q19483689,Q48896619,Q19483689-22C1BE1A-3DE6-487B-A267-67831B10823D
directors_9987,Q19507562,Q17113665,Q19507562-c1df6778-47ae-cf4b-b609-e6e5067a63f2
directors_9988,Q19521218,Q391974,Q19521218-EE3E7F5C-1A7D-41B0-A046-5F6EA65CD4D4
directors_9989,Q19543842,Q970408,Q19543842-fc3dc62f-4a7a-72c7-3676-50bff147da95
directors_9990,Q19544249,Q551861,Q19544249-1ce9626b-46e3-da09-2a32-1b65d05cfbae
directors_9991,Q19544495,Q129079,Q19544495-F80769BA-9B31-487E-B673-BC78F4A7C090
directors_9992,Q19544556,Q513221,Q19544556-2bf0beca-442e-bd99-6024-5ba17fa1f663
directors_9993,Q19559250,Q298255,Q19559250-9e89b51c-4a5a-7cb9-5b10-a33057ad273b
directors_9994,Q19569225,Q192990,Q19569225-BA519757-B7E9-4E9F-A07A-592D03E969DB
directors_9995,Q19571121,Q461191,Q19571121-d601bf0f-46bd-ce75-ad27-cf78fb322c88
directors_9996,Q19571475,Q5315319,Q19571475-518429A8-6115-470B-B735-29A98DF5B789
directors_9997,Q19571557,Q388557,Q19571557-17A960BC-F1EF-4757-A6E3-C2E39A344EBB
directors_9998,Q19572469,Q65056305,Q19572469-2a486089-43a9-c25a-3286-e070992e12d4
directors_9999,Q19572469,Q707336,Q19572469-DA6ED573-F24C-4769-BB6B-A3CAC1B807AA
directors_10000,Q19573620,Q93833,Q19573620-28e82449-4989-184d-a913-ded945c1fc3d
directors_10001,Q19581930,Q16028615,Q19581930-9F257C9C-114A-4E8B-B08A-BD2B7811E1DA
directors_10002,Q19587078,Q940107,Q19587078-2d9f58bc-4955-80ef-e9c7-00fa07bd017b
directors_10003,Q19587336,Q55430,Q19587336-4F277CA0-4D0D-4D47-A988-86D8ED7357AB
directors_10004,Q19590783,Q246996,Q19590783-23B478D2-F597-47C7-B060-15D273B75F77
directors_10005,Q19590955,Q2451678,Q19590955-E86A0941-30D7-4AD3-82A8-94C2892B9680
directors_10006,Q19595098,Q206922,Q19595098-7E3FF306-012F-4419-BA96-0F60B605A281
directors_10007,Q19599558,Q2845331,Q19599558-9A5B42AB-5612-4468-9DF1-977B2342821D
directors_10008,Q19605737,Q146929,Q19605737-5D93DDE5-8ED5-4DD0-A842-4E7F9CAD0F3B
directors_10009,Q19605737,Q19663986,Q19605737-9be05cf5-4bf5-4eab-ed93-26792de1cbe3
directors_10010,Q19605737,Q21933690,Q19605737-efb40e4d-4d12-8d98-ce5c-e581effa1c2c
directors_10011,Q19605737,Q7933532,Q19605737-65fa8978-4f44-ac10-ae7b-9944361438aa
directors_10012,Q19607526,Q2054088,Q19607526-81FEC707-8C27-42E8-ACB2-1D24E8C9A08C
directors_10013,Q19614711,Q60100,Q19614711-3A00D62C-DBE0-4879-A09B-FF25D83FB75C
directors_10014,Q19618544,Q115272125,Q19618544-09F2C983-2192-4615-8ED9-02B380B88849
directors_10015,Q19627585,Q467484,Q19627585-120EBF5E-9789-4F79-AE3D-F3976339F266
directors_10016,Q19648591,Q66867,Q19648591-14D8664C-D511-4768-96CE-BE4933ED41BD
directors_10017,Q19689203,Q8877,Q19689203-8ff35401-44ff-59c3-de68-80641ab0ca75
directors_10018,Q19692074,Q735668,Q19692074-10fcc85a-413d-888c-ac96-0259a26ed142
directors_10019,Q19702742,Q314287,Q19702742-683687bb-4e07-5b18-b349-91dea6576ddc
directors_10020,Q19702971,Q23653062,Q19702971-a77f7f42-4554-6199-fa57-7d839be28d0e
directors_10021,Q19720688,Q4901341,Q19720688-E2537CA8-E5E8-479F-9C4D-9BC00DBC4104
directors_10022,Q19730988,Q598675,Q19730988-C293EBBB-E03D-4F8E-B8D4-34C830B865DF
directors_10023,Q19742713,Q4065391,Q19742713-0f8e9a45-42be-d847-6497-be62b5c80050
directors_10024,Q19750881,Q359397,Q19750881-7D8EA0DB-43F4-4AC5-ADBB-A52927320C62
directors_10025,Q19757544,Q14645232,Q19757544-4ADBDA1A-911C-4D62-808C-1BB07149533A
directors_10026,Q19757672,Q3089283,Q19757672-15139865-D28D-475A-8A88-0E0B14FC6A48
directors_10027,Q1976114,Q288998,Q1976114-0CEC5F28-7BE3-42DF-A26E-DDD46A61CBCE
directors_10028,Q19766033,Q13091171,Q19766033-9D67FEA4-2C73-4D00-AE13-5FC1C6805E5C
directors_10029,Q19776287,Q710715,Q19776287-A8744EBA-52E6-4A2C-93D8-546F575A7D9B
directors_10030,Q19787902,Q16633064,Q19787902-b6c67243-48df-f4f5-037a-1fc1c005b66d
directors_10031,Q19788266,Q115197089,Q19788266-39AF757D-21B0-4D35-813D-00682F3FEADF
directors_10032,Q19798030,Q201985,Q19798030-ece2276d-4a81-3644-c663-0dc05f41742d
directors_10033,Q19800710,Q993671,Q19800710-db6a47f9-44c7-290c-ef34-2a9e6b62f350
directors_10034,Q19800919,Q25100,Q19800919-2b3a5612-4c28-1ce2-6eaf-a57fcf827748
directors_10035,Q19801728,Q834121,Q19801728-30D80610-96C9-4244-B644-BAFE5C514D0A
directors_10036,Q19804229,Q7929565,Q19804229-C65245C9-4A61-4984-837E-38039B5D95F7
directors_10037,Q19806501,Q740758,Q19806501-f05f728f-4959-96ae-7bea-64001a179b65
directors_10038,Q19807569,Q23008045,Q19807569-91AE4D1D-FBBF-4468-80C4-AAB6622DB45E
directors_10039,Q19810823,Q130092,Q19810823-434f9628-487b-b0a7-b717-267b5d39af14
directors_10040,Q19816400,Q6495014,Q19816400-c9eb19ce-45bb-c664-aa95-4139430dacdb
directors_10041,Q19817055,Q2380085,Q19817055-f49b322e-4c50-8d9f-4415-455c6099550a
directors_10042,Q19819924,Q433979,Q19819924-4f9931b6-4198-fa9a-fa51-fc0288b183af
directors_10043,Q19824594,Q532505,Q19824594-0FF8886E-CD64-4C42-AFD1-11BCC688A5B8
directors_10044,Q19824626,Q115106,Q19824626-85DAB923-34C6-4D9B-827F-B4185F973CC8
directors_10045,Q19824642,Q2974216,Q19824642-1bbe6344-4284-41d7-29fe-0f108f29c3e3
directors_10046,Q19824702,Q5210962,Q19824702-c95f3361-435e-0f23-ad03-fe6e69bedd2b
directors_10047,Q19824736,Q7937583,Q19824736-4A610B9B-6A2F-4448-A3B9-332CE4E12D23
directors_10048,Q19824742,Q7487091,Q19824742-7A32C4DF-34BB-4BD6-8253-FC9FC093062F
directors_10049,Q19824750,Q2941871,Q19824750-3E91FEB2-2D09-491B-9280-F24FBC6CE899
directors_10050,Q19824795,Q28008589,Q19824795-92A1683A-B0A1-48DD-B740-BF6F6FEC5A12
directors_10051,Q19829521,Q462078,Q19829521-4F7AD9D3-80B4-41AE-8C38-4E605410C7EE
directors_10052,Q19833751,Q7283588,Q19833751-BC9158CB-639D-4FBE-ABF4-99B135580BF2
directors_10053,Q19866947,Q8962420,Q19866947-A4CD9CE9-7375-40FF-A141-A89AD989D29B
directors_10054,Q19867188,Q28799812,Q19867188-95233C0A-E0B9-4CAD-88B6-DD8D9BD8A8AF
directors_10055,Q19868132,Q419454,Q19868132-398001DA-722D-488D-A1A4-52317E4B0F42
directors_10056,Q19881278,Q62048565,Q19881278-BBF5E71A-7A4A-4E35-A0A3-7AC1D9A93CA4
directors_10057,Q19881294,Q224159,Q19881294-9C8015C3-3FEB-4189-88B0-A894B0359209
directors_10058,Q19891069,Q3319134,Q19891069-6F3BAC08-15A4-45C0-93DE-E0C988E80733
directors_10059,Q19897965,Q3499264,Q19897965-FAE7F3E2-6DC7-4A7C-B68D-2A317DCD3845
directors_10060,Q19938437,Q931613,Q19938437-557338E0-25F4-4551-B1AE-28E27B80B44F
directors_10061,Q19946102,Q361336,Q19946102-D777E51C-56E0-4E44-A666-8BA143DAA1DD
directors_10062,Q19952096,Q84424444,Q19952096-ac39d569-42fa-5b6b-c543-ab9cd97ba248
directors_10063,Q19954477,Q1373349,Q19954477-7409C96C-2C60-4A39-9207-55DB760ABDB8
directors_10064,Q19961444,Q185783,Q19961444-4A48B4E5-5221-40AA-8749-B53787C534A8
directors_10065,Q19969063,Q5662250,Q19969063-ED4CE3BA-FB67-42C5-8D18-3D7B0D994DF2
directors_10066,Q20001199,Q717015,Q20001199-14FC0F73-4C02-4CF7-A27A-A4190B379330
directors_10067,Q20002648,Q16255210,Q20002648-2901EA92-D516-49D4-AED0-9279EF64EE52
directors_10068,Q20022668,Q6175864,Q20022668-897731E7-1D2A-4229-B629-30640D38024F
directors_10069,Q20022669,Q3116260,Q20022669-BFD5DA47-8BF3-4259-A202-A40E9751FDE6
directors_10070,Q20026854,Q15831456,Q20026854-D27A6C37-8DD0-4B2A-AAC5-84ADA60F7774
directors_10071,Q20026854,Q3189592,Q20026854-434FF649-5448-472A-A76E-ED6F70CC9261
directors_10072,Q20031748,Q1361200,Q20031748-69466EC8-55E3-4B1A-9749-D100E21E5B32
directors_10073,Q20067635,Q4065967,Q20067635-8697D205-9E7C-4B02-9E40-F3EA47B57D8D
directors_10074,Q20076102,Q139580635,Q20076102-6D90D05C-33BC-489B-A164-54096787D480
directors_10075,Q20109545,Q4665107,Q20109545-14012b61-4481-7398-02fd-e4c3e0553346
directors_10076,Q20110005,Q20110866,Q20110005-C257EF43-D448-4DF6-9ACD-AEF037164000
directors_10077,Q20201985,Q15436476,Q20201985-868B954F-DF16-496F-9BD3-F9D5BC86EB91
directors_10078,Q20202215,Q20670245,Q20202215-a654a94c-4ed7-240c-5ca4-14f24e53c473
directors_10079,Q20430699,Q56005,Q20430699-63945391-4f5f-7cb1-ed55-b621c931b300
directors_10080,Q20434870,Q28790145,Q20434870-7e29efe8-49a1-3f6b-4afc-5a7c1ab15a19
directors_10081,Q20444294,Q114774871,Q20444294-6507B434-5CD0-41A0-9C51-D2D1F996CB04
directors_10082,Q20501835,Q139890,Q20501835-182706B0-1A95-4748-9053-EF5E1A87AB02
directors_10083,Q20502242,Q456910,Q20502242-2E6CC059-166F-4908-86EA-CEA92DBBB4EB
directors_10084,Q20649138,Q6712391,Q20649138-37A3009E-24C3-4BEB-89F2-065C4E99CA11
directors_10085,Q20649262,Q2883803,Q20649262-0E8756E6-CBE4-431F-A1F5-DDB7CE40ECC3
directors_10086,Q20649561,Q2742292,Q20649561-B64D63F4-B35F-4480-B5DA-CCE9C7143DE7
directors_10087,Q20649766,Q1354081,Q20649766-AED210E9-0CEE-435F-ABF1-0FE528924093
directors_10088,Q20649898,Q614192,Q20649898-A1D5F3F0-C2D4-4B31-921F-0C259ADD5B67
directors_10089,Q20649932,Q2094087,Q20649932-9251E0E7-045F-47F8-B881-9ED26CF97CAE
directors_10090,Q20650014,Q6767215,Q20650014-C21C6C18-0FF5-4C93-84D2-633E359DAC53
directors_10091,Q20650048,Q18619326,Q20650048-25FC3CE8-90FA-438E-9238-E2455673320B
directors_10092,Q20650065,Q5026681,Q20650065-BA5F24AF-B4C1-4374-B9E8-160A41B87EA4
directors_10093,Q20653248,Q12325636,Q20653248-312836CF-3070-40EF-8A4F-C90B2CBCE594
directors_10094,Q20666646,Q2296698,Q20666646-7EAB5906-1B75-4DCC-8694-A7E3DC6F47F7
directors_10095,Q20684082,Q20685004,Q20684082-592D6145-986D-477F-9639-FA547146F411
directors_10096,Q20708474,Q19955930,Q20708474-3B417138-D513-4311-9BB8-5475E15BD2D3
directors_10097,Q20711555,Q6177768,Q20711555-28E974D4-7896-4E5F-A680-E851C863EA8D
directors_10098,Q20713364,Q442740,Q20713364-E221D4CD-8467-46AE-A928-B07B160FE904
directors_10099,Q20713461,Q114012285,Q20713461-4F66E750-9889-4EEB-B0AB-C436207CC14E
directors_10100,Q20716882,Q23697700,Q20716882-0B0C86B9-D53E-43E2-B0F3-7EC9E81AE931
directors_10101,Q20720837,Q104879450,Q20720837-BB807B98-EFE3-4733-82AE-45B242AB40DE
directors_10102,Q20723063,Q643982,Q20723063-799AEBFD-A442-47F5-87B1-F83BFE6EBD20
directors_10103,Q20735764,Q2720543,Q20735764-F4DCCBCB-8A16-424A-9001-8F6CEDBAEEE2
directors_10104,Q20735767,Q114158000,Q20735767-C4CFAAC0-48D0-4990-AA5B-ABFF1F829BFA
directors_10105,Q20737040,Q1261910,Q20737040-31D6B56C-59EC-4E43-AC3A-898304EBF8D3
directors_10106,Q20751319,Q66424867,Q20751319-2B79DFB2-B70F-4617-9800-E5EA2899956C
directors_10107,Q20751322,Q19946609,Q20751322-54475247-BC36-4522-8311-26FB9BD78ECF
directors_10108,Q20755772,Q2156635,Q20755772-20064F85-D3B4-436F-AA11-2AC3CA9622F1
directors_10109,Q20762668,Q16908467,Q20762668-bead09dc-4c1d-4c41-ca7b-ed7d755fcee8
directors_10110,Q20762674,Q139330,Q20762674-26121A5F-E204-4BE3-AFD4-0FF5C0BC0F66
directors_10111,Q20762680,Q1678831,Q20762680-c7aa32dc-4eb4-2cc0-c126-f8f3aa185720
directors_10112,Q20770561,Q5516151,Q20770561-eaf75ae3-45ab-ad5d-7b22-0351b6fdd4cf
directors_10113,Q20804377,Q19984723,Q20804377-0BA281B3-B93A-44AB-B5DC-E149FCC9D8C4
directors_10114,Q20814480,Q21005693,Q20814480-0F0E5F31-EEE0-4C1A-B201-ED0F82A21ACC
directors_10115,Q20814623,Q630845,Q20814623-8E7D0388-45AD-4B7A-BD7C-906ECC3EA339
directors_10116,Q20814835,Q1496442,Q20814835-79f56f4c-468c-c80e-9be1-b0a327280fd2
directors_10117,Q20814900,Q2669356,Q20814900-2267D259-E508-495B-B2AD-76AF61B4227F
directors_10118,Q20856862,Q755543,Q20856862-7f64b002-45c6-3609-7b02-4d60ffaf07c1
directors_10119,Q20875660,Q58122376,Q20875660-5a9eab42-4224-31b7-ad7b-42c2f6ea6abe
directors_10120,Q20876427,Q16729700,Q20876427-EB83C188-9946-4A65-BC2F-797ECA35E56E
directors_10121,Q20898640,Q72882728,Q20898640-1d1b358e-49b9-2736-fd11-c07671864506
directors_10122,Q20898640,Q768543,Q20898640-4ECC0445-7589-4356-AB18-6391C316FF25
directors_10123,Q20899737,Q23261,Q20899737-9D0AFB1C-82DC-405D-A878-E9A30042C066
directors_10124,Q20899743,Q2380085,Q20899743-0C907299-73F7-427E-9CC8-594482B4E959
directors_10125,Q20900119,Q7378684,Q20900119-E2529A77-3C77-4E38-AA0D-B397E0C85639
directors_10126,Q20921603,Q466320,Q20921603-9D0B5690-34FC-4B5B-B944-E9FE48C34669
directors_10127,Q20926273,Q484779,Q20926273-77538ECC-F923-4A31-ABA7-C1117F4142D2
directors_10128,Q20948236,Q19947205,Q20948236-D1B45DB0-DCA9-44FA-860C-19B512AB8451
directors_10129,Q20949834,Q24061149,Q20949834-485F670B-074C-467B-A54E-1D729C294CAB
directors_10130,Q20949851,Q114026706,Q20949851-D1B3A0E3-892D-4EAF-9EBC-D8D3FC03F12F
directors_10131,Q20949851,Q114026707,Q20949851-C4927F95-0DEE-4632-9395-E272E7798729
directors_10132,Q20950012,Q2053826,Q20950012-6D24C387-ECA9-4EEC-BCA6-EF96EDE11E29
directors_10133,Q20950016,Q259348,Q20950016-0BD9920E-5141-4B50-B69C-97A96FDA3609
directors_10134,Q20950020,Q269692,Q20950020-B593DB62-738B-43C4-9471-F614DF3B64E6
directors_10135,Q2095178,Q25078,Q2095178-17DEC3A1-16FE-4C35-9EEC-17D21A0FBF8D
directors_10136,Q20962229,Q20983604,Q20962229-1D782A9C-5C82-404C-845B-9CEE73489B48
directors_10137,Q20962283,Q3425142,Q20962283-685F5367-3EA6-4068-A741-3787599BD658
directors_10138,Q20962294,Q1392079,Q20962294-47E1D4C8-CB37-4CD2-ADDA-EFFE2D50DD6D
directors_10139,Q20962696,Q20978738,Q20962696-05633A2A-4E85-4B42-9665-612151C6F019
directors_10140,Q20968495,Q630834,Q20968495-70CBA95F-5FA7-476C-837F-EA6E5F0143A7
directors_10141,Q20970348,Q1098003,Q20970348-0a4f7ae5-412d-286a-f32e-1c8aee11749e
directors_10142,Q20971320,Q3340086,Q20971320-7D351C4D-353A-49E7-B95A-54C9C19425B0
directors_10143,Q20971361,Q703975,Q20971361-E5D6ADA3-90D3-4C2A-B5FF-92D3F01B337F
directors_10144,Q20977110,Q188137,Q20977110-23410e72-433d-ee3e-f0c4-751f0a7b2b20
directors_10145,Q20982231,Q11891797,Q20982231-dbd2e7af-4065-0da9-ab36-2f96b8c68d49
directors_10146,Q21001674,Q3521531,Q21001674-d2454255-4f85-c511-97a2-a9d3d461f666
directors_10147,Q21007575,Q21007582,Q21007575-399e7c39-4560-9d9b-df7c-23a1a396f07d
directors_10148,Q21007575,Q21007584,Q21007575-b36d8666-4579-6289-d448-b47ddd6cf26b
directors_10149,Q21007639,Q3189629,Q21007639-F332B78F-1BB4-4821-AEC1-F18283FD02A8
directors_10150,Q21009141,Q2833294,Q21009141-6BEBCC85-6E97-4BA1-92F6-04C3C7A63276
directors_10151,Q21009215,Q434060,Q21009215-A2E09BFA-1246-4AB1-86C4-1A54AD14450A
directors_10152,Q21009548,Q3021818,Q21009548-293D020F-F92C-4E58-9589-6ADAB5BD2C17
directors_10153,Q21010845,Q724098,Q21010845-DD0114F5-E0E5-4294-A303-82475C23743B
directors_10154,Q21010849,Q1680997,Q21010849-EF99DAF4-CF0D-4ED5-B077-AB4B5D3BDD2D
directors_10155,Q21010856,Q42229,Q21010856-1345EC19-EF6D-4583-8AF3-F07F709CF369
directors_10156,Q21010879,Q23302857,Q21010879-f5beeff3-493a-742c-6fc9-087c23994a27
directors_10157,Q21010881,Q15814128,Q21010881-57cddd2c-4290-fb4b-8785-de4858387537
directors_10158,Q21010884,Q27996902,Q21010884-68785267-4ccf-db74-e704-475ee27ff8ca
directors_10159,Q21010887,Q371786,Q21010887-5653D6DB-F21E-4D27-B2EF-599C527FB227
directors_10160,Q21055210,Q3421733,Q21055210-0869F6D0-27C7-4507-A632-0AAA7EAB5497
directors_10161,Q21057656,Q114912488,Q21057656-2EE6230E-BC05-4273-8F77-F5C3F3CD421A
directors_10162,Q21059942,Q114899554,Q21059942-5E015FCD-A1BB-487C-A201-8EA55A57B9B8
directors_10163,Q21060779,Q113502467,Q21060779-5612649E-97CA-4B6D-8CEB-25075D630FAE
directors_10164,Q21076281,Q15142000,Q21076281-CE024E59-044C-456A-AF6A-BCA6011C738C
directors_10165,Q21095433,Q1156039,Q21095433-605B9071-6C5C-4C5E-95B6-929B6BAD814D
directors_10166,Q21095435,Q29452308,Q21095435-F56A81C6-8C15-4F49-8B38-72BAB2D93261
directors_10167,Q21095437,Q27663676,Q21095437-E94C4BB5-D4A8-4B4D-BC1C-013ADFF9805C
directors_10168,Q21098696,Q5145625,Q21098696-9F217B74-C7BF-40DC-92F4-B8A5856F6036
directors_10169,Q21152160,Q702536,Q21152160-CD69DC5A-4499-46AD-BA5C-E0305D5F587D
directors_10170,Q21187930,Q3497995,Q21187930-15B02F7B-CADF-47CD-A584-D1252EBCD3F8
directors_10171,Q21203766,Q17091099,Q21203766-6D1AB6BF-BC9B-4BC7-968F-7DBABFE42D7C
directors_10172,Q21293827,Q483118,Q21293827-F94C6325-F086-4990-952C-6B598BCDFC31
directors_10173,Q21405644,Q541368,Q21405644-2b022390-4b3b-bf8e-5474-368b88f62cb5
directors_10174,Q21427302,Q19956191,Q21427302-65671BEE-EB37-4BED-8492-0A68D6E3522D
directors_10175,Q21427355,Q24061147,Q21427355-E96D9EDA-E6AA-42C7-9EAA-38B45576A94C
directors_10176,Q21428148,Q28492128,Q21428148-f9ee0715-4d68-db00-30f2-2eecfa443d3d
directors_10177,Q21428148,Q28492140,Q21428148-f1298767-4f09-2a3a-bda9-5bcfc6d73659
directors_10178,Q21450446,Q7544363,Q21450446-6B24664E-2AE9-4209-B493-6B02EB38BA26
directors_10179,Q21450478,Q1333379,Q21450478-76C597AF-ED32-426B-89F3-5068EB5A8C48
directors_10180,Q21450514,Q317814,Q21450514-A12F22B2-EA82-4A35-AFA2-0A9ACDA9C278
directors_10181,Q21451640,Q22277301,Q21451640-7BF8EC96-2E2A-4A9B-8016-183884ABAD83
directors_10182,Q21463782,Q3018459,Q21463782-BF5059D1-A750-4ADB-ADE5-5E0BA58EB0D6
directors_10183,Q21500755,Q548823,Q21500755-3b2b8856-4ac9-a659-fe86-9a94d3ec6f33
directors_10184,Q21511492,Q3419513,Q21511492-ce14ab7a-4004-fb41-8eec-11f60823dd71
directors_10185,Q21511509,Q16775487,Q21511509-C66E705D-09D6-42E8-93F5-C38B9F6E362D
directors_10186,Q21523694,Q98807159,Q21523694-5ae3a11d-4d32-feba-15cc-bb64234ed4e1
directors_10187,Q21527464,Q5112863,Q21527464-D7B7F7BC-5CB4-46A5-AA6C-34E97D96340F
directors_10188,Q21527480,Q6504587,Q21527480-8C0DB6DE-B40B-490D-A1D1-7C168FEB3913
directors_10189,Q21527490,Q525164,Q21527490-8EE44900-A30C-416F-BEDB-C6CD2D26B677
directors_10190,Q21527547,Q462354,Q21527547-3693C333-EA06-4D09-9F05-315977105A3B
directors_10191,Q21527562,Q2638166,Q21527562-2394B635-C043-4DC5-ADEC-6E7CC34797D4
directors_10192,Q21527601,Q703492,Q21527601-4C8E5D25-B244-46C9-8EAD-8387FD629CB5
directors_10193,Q21527614,Q316051,Q21527614-B28425C8-1270-4826-BE87-A0A762CE1D73
directors_10194,Q21527653,Q28806200,Q21527653-11d54353-492f-3ce4-1bd0-0034dff07fe9
directors_10195,Q21527677,Q357998,Q21527677-B0AC3E20-865C-4A91-9A2B-940436C72C0F
directors_10196,Q21527744,Q4138857,Q21527744-0B636487-F887-4ECC-ABF0-9DFDBFA1A995
directors_10197,Q21527812,Q104760255,Q21527812-D9B43FFD-5740-4088-873A-94035B5E60DA
directors_10198,Q21527818,Q436861,Q21527818-594942e2-417c-5441-c391-922c27211fad
directors_10199,Q21527828,Q1324417,Q21527828-B001D94C-175B-4BB4-B554-5D57D17A70B4
directors_10200,Q21527861,Q21882760,Q21527861-7F78EE15-9478-45E3-95E1-6857A4DC96DF
directors_10201,Q21527866,Q2424025,Q21527866-A0B9D3F2-AAA0-443C-9113-17DD959E07AC
directors_10202,Q21527875,Q26821227,Q21527875-253EE4CB-2653-4A71-9F86-A47E172A87D0
directors_10203,Q21528016,Q21694272,Q21528016-065768F4-8A33-4257-8A78-760FF5215DE7
directors_10204,Q21528089,Q967544,Q21528089-3D079CD7-85F0-4013-BCB0-9D7BA42664CF
directors_10205,Q21528105,Q385058,Q21528105-6132B27D-0DEE-41B8-A1C2-CB4CD3E2C717
directors_10206,Q21528109,Q3480356,Q21528109-753D5F2C-DBF1-4C39-999E-E79514BE06A1
directors_10207,Q21528112,Q5236475,Q21528112-0DDBF627-AAD0-4D65-BED0-4332A4FB2530
directors_10208,Q21528122,Q100332989,Q21528122-EA54885D-2706-46AC-A296-8418E510C765
directors_10209,Q21528127,Q662257,Q21528127-3A8937B7-5FE3-4D4A-B7A6-842B28C6FB1C
directors_10210,Q21528140,Q23640216,Q21528140-60B5769E-8D09-4B20-AC03-6E6D8A9A5A9F
directors_10211,Q21528153,Q241546,Q21528153-CC7E90C7-A530-40E5-BB5E-296386AE1DCE
directors_10212,Q21528185,Q14857358,Q21528185-FA7D077D-BDDA-4514-8DF2-C55473C25A13
directors_10213,Q21528186,Q7241830,Q21528186-118BC61A-50AC-4F1D-9586-BA2FE4FFE61D
directors_10214,Q21528200,Q4747087,Q21528200-5122F2FA-9D2A-4999-9BBA-8A0F0911EEF3
directors_10215,Q21528262,Q449163,Q21528262-A734E44E-C846-4C0A-8943-1C85B7148EAA
directors_10216,Q21539923,Q1712053,Q21539923-A37A04F2-4520-45AC-ADF7-50D992BAAC96
directors_10217,Q21577091,Q12609311,Q21577091-B715755C-5913-4E40-B106-237F58593943
directors_10218,Q21581258,Q125904,Q21581258-F4827B52-5D90-48A1-9CB5-BF8E5B382EE0
directors_10219,Q21592501,Q443995,Q21592501-3FD4051A-59A1-44CD-AEE5-C9C8C3A40421
directors_10220,Q21598571,Q28803897,Q21598571-5170d996-42c2-a0c6-c2b9-35e7fc0f362a
directors_10221,Q21637453,Q4222061,Q21637453-3B3F1795-C633-4E93-8AA3-916DF1A10C5C
directors_10222,Q21646247,Q318267,Q21646247-C5A85692-0E4B-422B-921C-751D012935DA
directors_10223,Q21646335,Q1119064,Q21646335-55722D5C-1BD4-4A18-AAAD-19474BF61394
directors_10224,Q21646414,Q445117,Q21646414-7E269BE3-3070-4297-81BC-34EDE5532557
directors_10225,Q21646562,Q18355952,Q21646562-E9B34AB3-AD79-4822-8085-C0242FFD9FF3
directors_10226,Q21646605,Q19894727,Q21646605-0415B92F-56AA-4495-8F8C-392977915BA4
directors_10227,Q21647114,Q2867634,Q21647114-69e2fa4b-4154-bced-26ba-85abc81a21e0
directors_10228,Q21647212,Q3021147,Q21647212-60908C99-7D47-4F5D-8AB9-324D5903CA8F
directors_10229,Q21647239,Q113628983,Q21647239-88a08a97-405a-3813-836c-6b82c6278827
directors_10230,Q21647283,Q2900655,Q21647283-930128B6-A3B3-4EAC-84AB-499B50A13F26
directors_10231,Q21647291,Q299563,Q21647291-D9C2C68D-64DA-41D5-A4FC-949E141C0CF1
directors_10232,Q21648810,Q18558773,Q21648810-CC95BB56-4F5C-422B-BE3B-4FF47E765B16
directors_10233,Q21685110,Q21866352,Q21685110-1bcec6d7-4966-ddbd-0a3f-be5e5b2a2ee5
directors_10234,Q21685110,Q21866353,Q21685110-30f81f3c-449e-dd11-39b9-9affef672112
directors_10235,Q21685585,Q32787,Q21685585-8C69C406-CA46-4718-8EEE-A829DFEDE370
directors_10236,Q21695858,Q72021,Q21695858-9ba7f34f-4e1b-4154-97e3-c4208c14fd2d
directors_10237,Q21695930,Q1478569,Q21695930-d8ab7c32-4605-8a55-cb17-08fb1a6db9db
directors_10238,Q21711225,Q11998626,Q21711225-eb1fc558-474b-0d84-3457-cd7612aaa967
directors_10239,Q21780595,Q3115713,Q21780595-6C551D6F-A29E-4518-87BA-862211F62527
directors_10240,Q21822504,Q1680208,Q21822504-52279098-7AA8-46D7-971A-EF711CBF3125
directors_10241,Q21872268,Q506352,Q21872268-31BD4643-9568-41A9-963C-93143DC3584E
directors_10242,Q21877685,Q932019,Q21877685-4E6CE0E4-816A-4062-9D47-1C4EAA64D6AF
directors_10243,Q21925075,Q26908000,Q21925075-B675CC25-C4EA-4AD4-BB51-B9E77FA58688
directors_10244,Q21935651,Q25191,Q21935651-eb5861c0-4c13-5df6-d8de-fd3db9df1d7d
directors_10245,Q21979756,Q78383,Q21979756-240aa3ad-4197-2cd6-f12c-9170ccd6aabe
directors_10246,Q21980599,Q1332329,Q21980599-9DD85FF8-FF0A-4BD7-8EA1-83A6FFF2B648
directors_10247,Q21998190,Q69542654,Q21998190-A67788A6-BD19-442E-953C-116E887B75FA
directors_10248,Q21998208,Q3547728,Q21998208-C23AD7A8-2762-4864-AB82-8538F7D17618
directors_10249,Q21998248,Q25152,Q21998248-47861CC3-9922-44B5-955B-088F92AD5BCB
directors_10250,Q22000108,Q17466090,Q22000108-42014B49-5D9E-4D01-8A14-FE9DD5706C09
directors_10251,Q22000321,Q84199,Q22000321-0CEABA49-9649-4136-B8B4-B62796E52A42
directors_10252,Q22000370,Q3887437,Q22000370-EC691D73-3475-403F-9967-B7FEDA73C932
directors_10253,Q22000542,Q8877,Q22000542-355694BB-1576-4C25-A434-92F42B2DD9F7
directors_10254,Q22000551,Q3193991,Q22000551-514F3496-30C2-4768-8D16-3E8E82E04510
directors_10255,Q22001133,Q975410,Q22001133-85019B42-0D06-4620-90C0-D551D8414AE3
directors_10256,Q22001189,Q15002185,Q22001189-A6085A3B-3926-4C29-B8AB-FC3D00A56C8C
directors_10257,Q22046636,Q65321,Q22046636-f554b81a-4508-e369-73a4-563f6858f3a1
directors_10258,Q22046828,Q16231551,Q22046828-4120B8E9-000A-4440-9E38-075C2509CCA3
directors_10259,Q22074954,Q453494,Q22074954-1F46DDDF-F88B-40BC-A5A7-000AE58C31BD
directors_10260,Q22075017,Q313566,Q22075017-272584D1-3FBA-4FD3-B166-3B895A2B5100
directors_10261,Q22075020,Q444583,Q22075020-49E24EA8-7111-4E15-BE43-11D1C9F5ACDB
directors_10262,Q22077183,Q4679987,Q22077183-1148DBFB-5178-4ED3-BB97-E4646F262FB8
directors_10263,Q22078002,Q306403,Q22078002-6C8C5372-448A-47FD-8EED-7675B855D6EE
directors_10264,Q22078004,Q66902001,Q22078004-f4b29b82-4295-bce5-b053-a3f0b81f8c27
directors_10265,Q22078020,Q6834610,Q22078020-22533C94-E0EC-4D4A-B658-53F40F1D9B69
directors_10266,Q22078046,Q457410,Q22078046-26A5603D-4A2C-4294-ABE4-78B34B78CFE3
directors_10267,Q22078078,Q3110579,Q22078078-EF464F04-61F6-41A2-8016-D2220D24888D
directors_10268,Q22079336,Q3702688,Q22079336-164CF7AD-0E29-4BBC-86BF-C269749A64F9
directors_10269,Q22079346,Q4756825,Q22079346-9C96D5C7-95CB-404A-985A-4344D6429F2A
directors_10270,Q22087543,Q17265902,Q22087543-e1e66ca3-4db3-9b40-5884-66ef32ff1dd5
directors_10271,Q22092289,Q340036,Q22092289-1224c782-4cad-2d53-91dd-476e5bc9346e
directors_10272,Q22098970,Q104722305,Q22098970-1831f54e-4e1f-8443-b6f6-a52e52c5f29f
directors_10273,Q22098970,Q117599968,Q22098970-94c72d9b-4eef-92b1-070a-3f5d142d8ff6
directors_10274,Q22098970,Q123482737,Q22098970-ea62d292-4035-3b36-cf3f-f92c397147db
directors_10275,Q22098970,Q123482766,Q22098970-285a1d7a-4906-780e-055b-082a3dd953c8
directors_10276,Q22098970,Q28416606,Q22098970-4aab9100-4089-5087-628a-f52a7db978c5
directors_10277,Q22099865,Q21055070,Q22099865-fda31d72-4403-ecf7-ecb8-d00986327495
directors_10278,Q22100117,Q7844002,Q22100117-04877552-7297-43EA-9B4F-83FB09A40209
directors_10279,Q22131897,Q117863143,Q22131897-D488575E-2EAE-4027-9259-5C08F68D6718
directors_10280,Q22131936,Q543982,Q22131936-159997D2-174B-4EE4-9211-9BB43005AA4E
directors_10281,Q22131937,Q14087085,Q22131937-d5de9eb6-4b80-af07-282b-01e47adb69e9
directors_10282,Q22162406,Q3554333,Q22162406-42b588ad-41c3-6c4e-fbd8-23a1f81dfdaa
directors_10283,Q22192593,Q3350485,Q22192593-47b226dd-5348-4975-aa1a-1c0ebd07d0c6
directors_10284,Q22192695,Q16724051,Q22192695-E0A05381-442F-4045-879F-13CA3B02B609
directors_10285,Q22236109,Q2388576,Q22236109-9088F470-331F-4B2F-A65B-2AF59B085A3C
directors_10286,Q22251894,Q16944494,Q22251894-27F7D4E0-D755-4FB7-90FD-144B8E743E82
directors_10287,Q22251923,Q52447,Q22251923-388CDE61-430C-4913-B79E-037EBFB623CC
directors_10288,Q22251990,Q50182,Q22251990-163BD495-B43C-4095-80D7-909C31879B8C
directors_10289,Q22252048,Q282033,Q22252048-552989CF-F4A3-4874-89E5-3B52ADC610DF
directors_10290,Q22317562,Q36697344,Q22317562-B6B420C7-F397-4AC4-B16A-47A437404E54
directors_10291,Q22340123,Q607190,Q22340123-6D0B1CBA-B344-47AC-9E61-2F3D84FA1CEB
directors_10292,Q22344480,Q334242,Q22344480-30F93A7F-9D68-4894-B73B-6027042F2B90
directors_10293,Q22350702,Q117862020,Q22350702-13F3D9C4-8D3F-46CE-9688-F51BAF9ED6C2
directors_10294,Q22350712,Q7383775,Q22350712-F1488CF6-55E0-4345-AE84-8DB3D4564EC0
directors_10295,Q22350718,Q16657432,Q22350718-B17A4D4C-C695-4B98-AF66-24478C4AA85E
directors_10296,Q22350719,Q114900002,Q22350719-29FB2B84-EBE8-4815-807A-43BE70A5B65E
directors_10297,Q22350719,Q114919184,Q22350719-DFB227F2-8592-4FD1-91C6-FC3C83859850
directors_10298,Q22350723,Q19667309,Q22350723-10C79A44-AE1F-49F1-BC37-CE5141103BA0
directors_10299,Q22350752,Q43676009,Q22350752-eeb6b92c-42c8-d04f-3da1-485218cbd96e
directors_10300,Q22350752,Q56604143,Q22350752-dfa04168-42fe-e630-9c1f-642681f2d899
directors_10301,Q22350758,Q104403449,Q22350758-f4e7d953-4cd1-8161-d7fe-f4780e7d1276
directors_10302,Q22350767,Q1985090,Q22350767-527782EF-9E6F-4BC2-A8DE-F6DD1647E550
directors_10303,Q22350785,Q51516,Q22350785-E6536F63-E646-4165-9692-E2C55758D2AC
directors_10304,Q22350825,Q457656,Q22350825-0C680D89-FF9C-47C1-989B-729E183B17B7
directors_10305,Q22350839,Q736069,Q22350839-2C895578-4424-4D1F-878B-1D98AEB96C5F
directors_10306,Q22350848,Q726142,Q22350848-EBDAA833-FCF7-46A9-AD68-5FFC092CFEF3
directors_10307,Q22350860,Q1158442,Q22350860-469958B1-FAFD-41FF-946B-2BF748B9EE15
directors_10308,Q22575835,Q175062,Q22575835-3BEB3068-1E71-4BF3-9646-A0DA621CD0EE
directors_10309,Q22662385,Q721389,Q22662385-A32A7509-1CAC-47A9-B9EA-47C24AB345BF
directors_10310,Q22666213,Q5104728,Q22666213-7e721a0b-495a-5b4d-f696-b732d80fa8c7
directors_10311,Q22712210,Q721389,Q22712210-8AC0760B-CCBD-4FBC-AE2C-A8519DB56FB7
directors_10312,Q22931120,Q254152,Q22931120-F1957A34-E463-4CAE-BDD2-9070C33FD4AD
directors_10313,Q22947464,Q106171976,Q22947464-EA0B07D4-C9FD-4D5B-BFE9-20E1F5B8F8F6
directors_10314,Q22957393,Q944763,Q22957393-bd1e1631-4735-6a94-c49d-de37ba560eba
directors_10315,Q22980306,Q114680214,Q22980306-F44FF7BC-B80A-4CE1-AC18-20A19364A552
directors_10316,Q22998395,Q108047434,Q22998395-62c99ed6-4996-658d-ba9c-99c3a7e0a766
directors_10317,Q23006268,Q521691,Q23006268-dcd4498d-433d-a5ac-2b38-96a48c2e0848
directors_10318,Q23055934,Q62117699,Q23055934-17B67482-137F-4091-A1CE-366A687C651D
directors_10319,Q23068002,Q18148710,Q23068002-E1A68DF5-57F4-459A-91A2-315E95FACC9B
directors_10320,Q23707685,Q55956279,Q23707685-FEF36501-B9BB-447F-80DF-5B2A46AD6571
directors_10321,Q23767815,Q23653062,Q23767815-6A0621E8-D93A-44E4-91DC-FFEC0A82F4E3
directors_10322,Q23780734,Q7383978,Q23780734-5120b1dd-46ee-a699-2160-723c4f564f5e
directors_10323,Q23780914,Q18018415,Q23780914-C84711B8-DBA2-432F-A7D7-248B058A5C4C
directors_10324,Q23780914,Q20675767,Q23780914-610D6A2E-8923-44DF-ABC7-C23ED60F81C6
directors_10325,Q23781129,Q3453777,Q23781129-1BB05141-F4C5-4355-A6B0-C907075FEA96
directors_10326,Q23781129,Q4766862,Q23781129-84146CD0-77B4-4252-82A9-A4B9F189915A
directors_10327,Q23781155,Q18018415,Q23781155-6446FA3C-C46C-4CDA-91F5-A6B72F2BF01C
directors_10328,Q23781155,Q20675767,Q23781155-9A5AFCB0-5B31-4B06-8922-C0C89B688492
directors_10329,Q23838204,Q3536381,Q23838204-0109C5FD-B360-48CF-BCFD-D8A507F57F17
directors_10330,Q23899399,Q60766,Q23899399-cdab5ec4-4de4-98b3-d812-385d06235802
directors_10331,Q23899862,Q27662841,Q23899862-23834B86-FC13-4150-8EFE-81FEC8FBC252
directors_10332,Q23899903,Q2638168,Q23899903-572248ed-4037-fc25-7d27-0a001d97b2ea
directors_10333,Q23925037,Q561133,Q23925037-F0017FAD-3254-46F6-B221-C9F25C9EAA7A
directors_10334,Q23925082,Q263730,Q23925082-cb405fdb-4dbd-efa4-e94e-cab3970e6e8a
directors_10335,Q24053265,Q47284,Q24053265-60217FF6-F7C7-4217-BB22-5A9B86D61A65
directors_10336,Q24272881,Q353501,Q24272881-6f0c6e45-4123-1c99-c9f3-b96f3512c660
directors_10337,Q24284283,Q449163,Q24284283-36aa5927-42eb-b122-3a52-ae66981e3333
directors_10338,Q24284798,Q56008,Q24284798-0fa506f8-430c-0e81-6a24-f5d6de0f5519
directors_10339,Q24290097,Q316051,Q24290097-bdd54778-4943-b7be-42b6-84e00bf514a1
directors_10340,Q24290097,Q352948,Q24290097-0981059F-7F38-40C1-B42B-CC84E3E37C1A
directors_10341,Q24301388,Q4827381,Q24301388-66b6eac1-415f-82c7-e7a8-e1ab6875c83b
directors_10342,Q24301991,Q28497,Q24301991-b633ef2c-45d9-8520-a947-1a3eccd43df3
directors_10343,Q24308041,Q15215623,Q24308041-528E5FBF-FD31-4309-981C-57AA3BDF28C4
directors_10344,Q24342065,Q144354,Q24342065-C70119F7-595A-47BE-A68D-82EB8A1CBB22
directors_10345,Q24576335,Q316165,Q24576335-ED74EAF9-C9DA-4EDC-86E1-63B29849F328
directors_10346,Q24705270,Q24705271,Q24705270-9D72E773-4A8E-4C54-AE73-1D44ACF7EE3E
directors_10347,Q24806790,Q3354008,Q24806790-861FC084-B5F6-421E-B2FF-0F22B1A84421
directors_10348,Q24831917,Q74138,Q24831917-311E8EA3-8628-4CA3-8A05-CB19B1AB6FAC
directors_10349,Q2485167,Q55210,q2485167-9227BB65-1C3D-41D9-9A0A-4EA848481D7B
directors_10350,Q24904692,Q7923771,Q24904692-0F62BE80-E84A-450A-85C3-CEF3CD0D8791
directors_10351,Q25136228,Q542634,Q25136228-F0E4E708-BB3B-4ABA-91BD-B1EB085F0CE1
directors_10352,Q25136546,Q543563,Q25136546-A0049D36-8DE6-43C8-9F8D-00ED36F653FA
directors_10353,Q25136560,Q6309998,Q25136560-3B8A2A38-B041-47E4-B55A-07CFAEA9EA27
directors_10354,Q25218734,Q131764990,Q25218734-86CD77AF-D53A-40C1-9F4D-BB2A16798F9B
directors_10355,Q25302841,Q16197466,Q25302841-9C0F4880-1BBC-461E-87BA-B61C10700B97
directors_10356,Q25350235,Q2424025,Q25350235-8F05FAF6-A856-419B-A913-1B1A985FADCF
directors_10357,Q25397044,Q4137218,Q25397044-030cb2cb-4361-81f3-fcfe-8e77e8bb9912
directors_10358,Q25431158,Q5236475,Q25431158-731c59ef-45cc-ae07-2473-6458444cfc9f
directors_10359,Q25436496,Q55956349,Q25436496-A64E132A-C836-455A-8D5B-BB81789FFA58
directors_10360,Q25440513,Q44057125,Q25440513-dd763c8a-439f-78f6-3dc6-776ee78e4c7d
directors_10361,Q25445356,Q12161551,Q25445356-216329ab-6b69-45fd-82e7-dbf5373bc686
directors_10362,Q25461297,Q726126,Q25461297-f942dcbf-447b-74c8-2b1c-6fba5e9559d2
directors_10363,Q25465386,Q49252431,Q25465386-b2f33b02-4b73-03e5-28c6-ca39d00f1fc4
directors_10364,Q25465386,Q85991070,Q25465386-442216bc-41df-c8a7-3119-6e1d44b19ea9
directors_10365,Q25627545,Q598675,Q25627545-ab12dbfb-4941-b247-3469-ade1ba9a9847
directors_10366,Q25999873,Q2037657,Q25999873-DE6246DD-FD62-4612-952A-D5ABD1082165
directors_10367,Q26158148,Q129619,Q26158148-DA0453E7-6F8F-453E-8C6A-2247328AAC0B
directors_10368,Q26252641,Q15460378,Q26252641-C26D2441-45EF-4541-B90C-E24DA5BDFDCC
directors_10369,Q26252685,Q6810275,Q26252685-7166C39F-580A-4ECE-A03F-00F61798475F
directors_10370,Q26252694,Q115016053,Q26252694-3D929D66-4A0D-4357-86B1-BC4AACFF7EB2
directors_10371,Q26262168,Q21932340,Q26262168-75C84528-3711-483B-9878-BF8A2A159185
directors_10372,Q26683395,Q1856626,Q26683395-C9FBA9C2-0140-4FE8-970D-C2CFCD971150
directors_10373,Q26698156,Q219124,Q26698156-CCE362F0-D343-493E-B1CB-020007E7317D
directors_10374,Q26714982,Q244234,Q26714982-4C83905D-6D0B-4001-8A44-C486605F2438
directors_10375,Q26720624,Q3149575,Q26720624-174E08B3-337E-47FF-BD2C-C754505019C1
directors_10376,Q26759545,Q16350392,Q26759545-CA967980-B65D-4AB6-804D-BCFC995EA0F0
directors_10377,Q26792839,Q4532710,Q26792839-2D4972C9-F0D7-44E1-AC5A-B3CEEA2C3D66
directors_10378,Q26821644,Q1221669,Q26821644-3eba6d08-4dd7-a5ae-79d3-8f66da60e099
directors_10379,Q26837753,Q26837819,Q26837753-90a1e50b-418a-1d1a-af35-c73cfb3a4d65
directors_10380,Q26878759,Q44738905,Q26878759-4FF8B2C2-9DE1-42F4-88FD-EB837CEB41F6
directors_10381,Q26884654,Q3739588,Q26884654-BCCC7CF0-7D45-484A-AB49-30F01A5EE37D
directors_10382,Q26963343,Q295855,Q26963343-D0CCD174-CB58-4B7C-B225-4E583CC385E9
directors_10383,Q27038847,Q103646,Q27038847-a3e9fccc-4207-5c86-2b0b-bbc719da0894
directors_10384,Q27049580,Q16656019,Q27049580-7B9EF1F8-FA13-4E7D-ADB5-6CE495AEB3B6
directors_10385,Q27049581,Q122425,Q27049581-6AA36558-BAB0-47AC-A300-B2CF50DF9603
directors_10386,Q27188178,Q192990,Q27188178-5eadde42-483d-8e3f-6a57-07dbbc784c38
directors_10387,Q27198272,Q4480570,Q27198272-14bd14ef-414d-169a-855a-bb18df9815cd
directors_10388,Q27247219,Q115284240,Q27247219-54063FE0-B2B0-42B8-91A1-A0F74971BE7E
directors_10389,Q27259055,Q18331942,Q27259055-1485df5e-45b1-962e-e6dc-a913435f3019
directors_10390,Q27450567,Q358714,Q27450567-2dbbebb1-431e-8e2a-ce3b-b2fb9def2d39
directors_10391,Q27464988,Q57648020,Q27464988-03F03BF2-F0E4-43CD-A330-1F5718C5848A
directors_10392,Q27477640,Q741655,Q27477640-b6be6a1b-479f-9ecb-2b74-9c3b289ba184
directors_10393,Q27480769,Q271967,Q27480769-303CD1C4-C53B-4450-BDC0-C9BEB92D41CE
directors_10394,Q27481442,Q5943623,Q27481442-060E2834-4E63-4A99-8F4A-B2F8F19ADD8B
directors_10395,Q27501903,Q208685,Q27501903-E0463172-6849-4A65-9580-9695EFAF2A69
directors_10396,Q27536646,Q3536892,Q27536646-15F0B83F-AAA1-4D38-9393-B0F30CD7B055
directors_10397,Q27536704,Q28140054,Q27536704-3b165353-434e-c891-921d-0a7d9d3bf6b9
directors_10398,Q27536918,Q26921021,Q27536918-EB69D232-4360-4142-A41C-4BB8865CB6DB
directors_10399,Q27555348,Q215478,Q27555348-19ecd8a9-4c86-8b6d-8c0d-0e7ea032e706
directors_10400,Q27566067,Q357183,Q27566067-712e3f30-4a44-1f0e-b364-e8696320bd79
directors_10401,Q27569540,Q1679707,Q27569540-33191824-48bb-b674-a350-60e327446583
directors_10402,Q27590064,Q37637608,Q27590064-78BF9022-E417-4A1E-9EC1-1352A01F99E3
directors_10403,Q27590115,Q607190,Q27590115-80E1EEED-EF05-424B-B928-12226C0DE568
directors_10404,Q27590393,Q82443624,Q27590393-F1390CB6-BA53-4165-BF6D-0B42D8DB8093
directors_10405,Q27590689,Q2517993,Q27590689-266F0F3C-12A1-4CDB-87AC-6D1A9F6D29FF
directors_10406,Q27590871,Q7151786,Q27590871-7306CD2E-2773-4398-8B72-3B8C99429C75
directors_10407,Q27590909,Q7288869,Q27590909-CFAA44BC-0A1C-43F5-A8C5-909080A4BD06
directors_10408,Q27590937,Q3724640,Q27590937-B2A7C47A-466E-48E1-B71F-CD167CCEE289
directors_10409,Q27657013,Q3106429,Q27657013-B6082777-CAE1-4075-A743-4DD2856BEBFC
directors_10410,Q27671063,Q4718041,Q27671063-EE6C9E1B-B844-4127-A3C3-CC290CBA10B7
directors_10411,Q27701437,Q18210252,Q27701437-56299C92-2644-4FA6-AD2D-025C8BD70F57
directors_10412,Q27701445,Q2141036,Q27701445-6066B497-F74F-400E-B836-29687882F12E
directors_10413,Q27701446,Q6165330,Q27701446-280176ED-32D6-4175-87DB-CAAC9304754D
directors_10414,Q27701616,Q23761575,Q27701616-55C717B5-9482-49D6-8EC1-28D2F40E5A57
directors_10415,Q27703144,Q25089,Q27703144-B42AB481-78AF-45EA-B7DD-49377A4EB36D
directors_10416,Q27703147,Q368493,Q27703147-70B39F34-F407-4469-9AF2-61B9AC5E26F6
directors_10417,Q27703156,Q1378351,Q27703156-8BFE2642-64CE-4E8D-A1F6-0CE9D8392151
directors_10418,Q27703160,Q653911,Q27703160-227E219E-3C79-42D9-AD6A-58B121918F3C
directors_10419,Q27703165,Q63813711,Q27703165-45816C7E-807A-4C0C-AB8E-2DA2BE1ED64B
directors_10420,Q27703167,Q4773006,Q27703167-A5020A4E-39BC-41C4-8485-8972A481B47C
directors_10421,Q27703176,Q3269591,Q27703176-8E19819A-1814-4FD4-9A1A-4C35A377013A
directors_10422,Q27703179,Q1691304,Q27703179-E6B8C945-BC03-4563-AB23-0DFFC2289510
directors_10423,Q27703180,Q1320761,Q27703180-31211715-735B-41E3-9E43-26572CFBE0F3
directors_10424,Q27703189,Q2846620,Q27703189-FA4A9DCC-1227-413D-AC70-1D8646F75DA1
directors_10425,Q27703192,Q22212893,Q27703192-C615E71D-1F01-41BD-BC0E-5EEFD7026C56
directors_10426,Q27703197,Q7648702,Q27703197-CF245983-D7FE-4E44-8849-4991265F7D6E
directors_10427,Q27703212,Q117862250,Q27703212-8ADB5F90-232A-45D5-A845-98EDD17CA04D
directors_10428,Q27703217,Q43559317,Q27703217-2BA51143-58E1-4CF1-B4E2-8E31EB040B4A
directors_10429,Q27703232,Q19815594,Q27703232-69AC8370-640F-471F-895D-9B3CC448BC64
directors_10430,Q27703270,Q206922,Q27703270-418AC6B1-CAC8-497E-8D03-1939341FE336
directors_10431,Q27703272,Q16063227,Q27703272-6993575C-490B-4074-82B4-E7426E168EC7
directors_10432,Q27703274,Q7436761,Q27703274-98133EA8-F8B4-42AA-8D2A-927ABEFA3EA3
directors_10433,Q27765260,Q489218,Q27765260-d10ff60a-47e7-12d4-a084-b2bd41b443fe
directors_10434,Q27778966,Q5543070,Q27778966-b9aa4f18-4cf4-f03c-9c0d-d03a4d88500e
directors_10435,Q27780063,Q306403,Q27780063-a645d1e3-49de-ffd0-b459-3d36b66c089b
directors_10436,Q27826501,Q927371,Q27826501-6EB92CB6-6667-4F27-8AD0-544014494D4F
directors_10437,Q27881204,Q63042629,Q27881204-F08A2D39-0CC3-45E8-A2F9-F94CD29F99B7
directors_10438,Q27888445,Q299194,Q27888445-DB19D27F-18B4-4C89-9ADC-F74AA64EC293
directors_10439,Q27888483,Q109332022,Q27888483-19856EE2-15EA-45A0-9817-F27E4DB34B19
directors_10440,Q27890238,Q56043412,Q27890238-27AD6A40-745B-4073-86E8-3E231BBE3C86
directors_10441,Q27894574,Q220751,Q27894574-4948A7AC-6C9B-46A0-8750-CBD2BD68A28A
directors_10442,Q27920121,Q133730,Q27920121-b98f496f-43ef-c6f9-efaa-4f2e661bbd25
directors_10443,Q27921157,Q3497995,Q27921157-1AB39A1A-C9D3-4A78-9DF3-A08BD1440430
directors_10444,Q27923828,Q16147303,Q27923828-05383194-C5B2-4FF4-8EAE-4B53CA232F9F
directors_10445,Q27942936,Q28152753,Q27942936-711b6210-4eb5-17d8-db4c-cd978653664c
directors_10446,Q27957869,Q470251,Q27957869-D902E5F5-A26E-4706-9F5A-4CE038DE0EBF
directors_10447,Q27957904,Q360737,Q27957904-13B08824-80FF-4A9F-80A5-9603BFDE0C47
directors_10448,Q27957924,Q23651358,Q27957924-C03E5C4F-1898-42B3-AB44-EDCC5BB3C83B
directors_10449,Q27957927,Q314502,Q27957927-4DC2FC91-A7CB-43AD-9E41-A22CB6760AF2
directors_10450,Q27957931,Q7402903,Q27957931-20DA9FE1-953A-4B89-A895-6F33E56B657C
directors_10451,Q27957941,Q1750712,Q27957941-EE4B6A16-1631-44DA-92F4-FC7128CB0462
directors_10452,Q27958106,Q64884940,Q27958106-ca0ef950-4c93-6e1f-6021-1644a4c3ae2b
directors_10453,Q27958188,Q41787254,Q27958188-A2BBA0AE-CDFD-4DD7-894B-76CFD65AC5F1
directors_10454,Q27958213,Q598238,Q27958213-471E4865-8B1C-4580-A9B0-84658A946482
directors_10455,Q27958320,Q2082056,Q27958320-E9521823-811A-429C-AFBA-C54EE47394E3
directors_10456,Q27958378,Q7595941,Q27958378-7FE50B7A-0D1B-4791-8197-07941AA81AD5
directors_10457,Q27958381,Q19630141,Q27958381-DE9352CB-C6D8-4889-9848-105F39B4D724
directors_10458,Q27958394,Q2070360,Q27958394-C7A5CB1B-0989-4D84-B8BE-AAF30A8B7448
directors_10459,Q27958503,Q7497770,Q27958503-72EA2DF9-BA2E-402A-A945-21C09B97B3DA
directors_10460,Q27958509,Q3176718,Q27958509-BB333D07-A4A5-4B10-AE79-1B7956768ACC
directors_10461,Q27958511,Q130680918,Q27958511-6C712511-4553-42F3-B902-5BD9AC4BA197
directors_10462,Q27959221,Q18325889,Q27959221-3B5DE07D-2CFD-4EFB-9D59-AA257300DA2E
directors_10463,Q27959221,Q63286189,Q27959221-0dc545dc-42aa-2b06-fc06-975bde1dffbe
directors_10464,Q27959336,Q5290502,Q27959336-8C1E47EB-1B78-4175-8EF8-EA7F40F76BEC
directors_10465,Q27959455,Q28028,Q27959455-C6A633B8-DA62-4CE9-86F9-896C6E45F999
directors_10466,Q27959467,Q3808351,Q27959467-4E8990DF-69F1-4EA2-863A-4132214596F3
directors_10467,Q27959478,Q49844775,Q27959478-484a26d7-4825-169a-40ea-5496b200bf4b
directors_10468,Q27959538,Q19592405,Q27959538-CA2255F5-7DE9-4FA3-AC19-3A3511E3F0E2
directors_10469,Q27959627,Q691335,Q27959627-6159F46B-D80A-4FF8-9991-8F5D9B01F5D4
directors_10470,Q27959891,Q633252,Q27959891-E7E74008-2942-4169-A1DA-C78B74F473D7
directors_10471,Q27961897,Q1887437,Q27961897-47E6956C-EACE-43AC-933F-C91C8FF84167
directors_10472,Q27961908,Q959115,Q27961908-32FCBA52-6935-4F23-BC32-BEF88D239F3B
directors_10473,Q27961939,Q287607,Q27961939-2F2948C4-A927-499D-A665-EF1214EF93E4
directors_10474,Q27961944,Q707759,Q27961944-0EFD537E-9CE0-4AF7-BFCF-BC727357E53F
directors_10475,Q27962633,Q123675076,Q27962633-45EC99AD-3A82-49E9-B0E3-DB6F7332F434
directors_10476,Q27962641,Q55956279,Q27962641-AEAAB5F4-0277-41DA-B5CE-4745CC073512
directors_10477,Q27963213,Q5068430,Q27963213-DD86B8AA-4341-4144-8A79-0DA834130C6A
directors_10478,Q27963222,Q1372455,Q27963222-58721127-4532-4FE4-93F7-385A1BFE62C4
directors_10479,Q27964337,Q2576503,Q27964337-FF04FDE5-FA6D-4C3D-998F-EEEB6F96810F
directors_10480,Q27964345,Q343616,Q27964345-94E0D16A-3DBE-4F38-88FF-4EBE003E0C6A
directors_10481,Q27964354,Q239656,Q27964354-300C4451-2097-4F2B-A541-413870BF0D8B
directors_10482,Q27964398,Q3086265,Q27964398-3e7f472d-4e27-697d-1d23-337c12e94aba
directors_10483,Q27964411,Q1645420,Q27964411-8421451B-B9C8-47A1-8EB3-D221FED68B22
directors_10484,Q27964433,Q55832823,Q27964433-C9E31005-623F-4C0B-917A-A83F0F6BAB24
directors_10485,Q27964540,Q710715,Q27964540-09D75771-8B82-42C7-A8E9-FD56AA398010
directors_10486,Q27964596,Q727108,Q27964596-60758E14-34CF-46B9-9DE3-6DB53FFC01F6
directors_10487,Q27965092,Q4442282,Q27965092-7B44DAC1-AE46-485D-ACAD-FB787607B453
directors_10488,Q27974672,Q3352541,Q27974672-da7e6934-42ea-a2fb-5944-4f25e9f56359
directors_10489,Q27981586,Q925413,Q27981586-8A5A1B55-B3FC-4CD5-83E1-947F7A00F285
directors_10490,Q27985123,Q18935991,Q27985123-ACDE94F7-DBE2-415F-B27F-0F2AC31B2E60
directors_10491,Q27985819,Q18519749,Q27985819-73531826-1503-44EE-8F44-E2CF5A63BE1C
directors_10492,Q27996429,Q62917615,Q27996429-cfa74127-4885-bcb4-7c3b-1fd3cfcdd161
directors_10493,Q27996429,Q81893132,Q27996429-a53076df-4d21-5982-6848-43618a19e015
directors_10494,Q27997221,Q3838199,Q27997221-6c430f95-4e5f-748d-3d7c-dacbde575ba9
directors_10495,Q28050177,Q231019,Q28050177-DE3F7401-596C-404C-BF93-C04E23E69C4B
directors_10496,Q28050177,Q3193925,Q28050177-BAC3F5B5-F360-4B2C-9CA5-C9AD5B0CA12A
directors_10497,Q28055172,Q232273,Q28055172-BD366A15-B90E-4B2D-8BCE-97B6327B5602
directors_10498,Q28101337,Q29533795,Q28101337-76078059-6668-48F8-967E-58B2DBB5A48A
directors_10499,Q28101342,Q545351,Q28101342-F6374FB2-9D90-4355-AD0A-F1AC47A8CCD4
directors_10500,Q28101361,Q1377534,Q28101361-6DC74528-62AE-48BC-9972-8ABC9AD470F3
directors_10501,Q28101385,Q6769142,Q28101385-EB1AECFA-4AE6-4120-8EB0-F5ECEE14AB55
directors_10502,Q28114658,Q3018342,Q28114658-2378A109-A018-4965-9B3B-5376A7DC29D8
directors_10503,Q28114659,Q50584029,Q28114659-44983D47-2978-4D35-8551-9245EE413713
directors_10504,Q28123349,Q19665935,Q28123349-F1E9F8CD-E218-42B0-8A83-E682FA426C5F
directors_10505,Q28123467,Q1335528,Q28123467-5A924EAA-9150-490A-98F2-A03D85748C29
directors_10506,Q28127548,Q62102436,Q28127548-1F0B15A8-F801-40D9-8F40-2BD2916A7213
directors_10507,Q28127580,Q4250213,Q28127580-30948224-4f1b-3938-e1f4-279f9e343374
directors_10508,Q28128762,Q3592115,Q28128762-960569f6-42f9-56a9-7ee3-32cb0b561096
directors_10509,Q28129369,Q453691,Q28129369-7BACE279-5F94-4138-B5F2-A677BAEBFBFF
directors_10510,Q28170369,Q557398,Q28170369-B9695215-3C7F-4E08-9CAB-3847DE1B1510
directors_10511,Q28170376,Q16195870,Q28170376-717E1C62-2118-4C45-9DF3-83A0DD8B1C0D
directors_10512,Q28173075,Q561387,Q28173075-F1E6264D-9EEF-4252-83B7-AFAB1BFDF235
directors_10513,Q28173298,Q268840,Q28173298-D27091E5-233F-4774-86FE-028B5B11BDF1
directors_10514,Q28173918,Q107040530,Q28173918-3D37ED86-3075-4C5F-8B68-D074C95AFCA2
directors_10515,Q28180128,Q48473040,Q28180128-D4D7C1E1-4F88-4AA2-90E2-2188FD5F1E2B
directors_10516,Q28180352,Q21005617,Q28180352-0A150300-ABF0-4482-BC29-51F502CB6930
directors_10517,Q28193328,Q484572,Q28193328-2842f5a6-49ad-e33e-e99a-b3527c5d16ce
directors_10518,Q28212157,Q223117,Q28212157-A2607447-B8E0-49C1-B257-14C6B06CF34D
directors_10519,Q28222430,Q3144699,Q28222430-E70D84EB-2EA1-437F-94D5-60D85CA33169
directors_10520,Q28233735,Q653571,Q28233735-FEBDB63D-0D15-415C-90B0-61EA849D2E32
directors_10521,Q28318271,Q1810251,Q28318271-3A130F9D-890D-4900-93D3-7A74D0A7E252
directors_10522,Q28369564,Q3696452,Q28369564-3774FC45-843F-42FB-93EA-9013FA1E26F7
directors_10523,Q28369717,Q1027551,Q28369717-F505A31F-6238-44F2-BE32-77B30C166732
directors_10524,Q28393252,Q705711,Q28393252-64AF21D0-C55B-478F-86EB-9AB86462D755
directors_10525,Q28415154,Q3946049,Q28415154-b360daaf-438e-be13-a543-1326252bd746
directors_10526,Q28415154,Q4007762,Q28415154-35b0a50e-4137-cb0b-5e01-bd8684fd8c52
directors_10527,Q28416929,Q123140544,Q28416929-713a8ca2-4d38-a52c-5e9a-2877e7b2d52e
directors_10528,Q28434512,Q17232832,Q28434512-5D83B3E0-F429-40D4-AFA4-3F7912E9B845
directors_10529,Q28435094,Q15072191,Q28435094-37B9B996-8BED-474B-8B2E-1848AD3627F0
directors_10530,Q28444714,Q7260227,Q28444714-240C81B6-4078-4546-B0DB-923B99BE3A68
directors_10531,Q28464841,Q20109451,Q28464841-2E200DA2-D992-4D56-89F3-467DEAF02E1B
directors_10532,Q28466244,Q18764127,Q28466244-54678a76-469e-cf1c-f61a-9d43a9f7da43
directors_10533,Q28474782,Q29574225,Q28474782-45ddaf76-44fd-9e78-1ca4-b6cff6ffb365
directors_10534,Q28489891,Q1780665,Q28489891-1D4DD848-4880-4FE1-A865-5DBEE2C38B21
directors_10535,Q28494917,Q2084096,Q28494917-0bbe1035-44f4-23ff-5e33-a4391538297c
directors_10536,Q28494917,Q27045091,Q28494917-ec444a6e-483e-64d0-60a2-0761a2099217
directors_10537,Q28495518,Q17175096,Q28495518-18309310-7ABE-43AE-BCA3-C890A9E58791
directors_10538,Q28496667,Q314403,Q28496667-2F620E8D-E473-42BE-8B55-4667C01C9C99
directors_10539,Q28496682,Q28556,Q28496682-E697A518-7E25-4A8E-849A-63196334AF72
directors_10540,Q28496935,Q3074020,Q28496935-3AC17C62-EA78-4FEE-8AAB-399B64B470BA
directors_10541,Q28497074,Q552639,Q28497074-83AE9C59-EB3E-4C5A-98CF-F713CB121229
directors_10542,Q28497098,Q3259655,Q28497098-43DD0D16-C74F-4BF8-91D8-CB95A4F4A2FE
directors_10543,Q28497223,Q2892462,Q28497223-4F6518F5-24D4-4A6C-A047-48905A725E65
directors_10544,Q28497237,Q15070019,Q28497237-B03B42C7-7F88-4339-A531-F467BBD50772
directors_10545,Q28498317,Q539065,Q28498317-A9AB93B0-C034-4CD0-B353-29AAF4F84B6B
directors_10546,Q28517227,Q21809719,Q28517227-a229ee21-47e1-24f4-274f-2532cb43f40e
directors_10547,Q28517709,Q20730476,Q28517709-DFBE685F-D9F4-4A6D-A984-5FA48A7DDC1E
directors_10548,Q28532744,Q28474636,Q28532744-5444734F-BA4C-461E-A7DD-D8801CF763EE
directors_10549,Q28542228,Q112352,Q28542228-83afcbbc-4b65-83da-a2e7-d89f3a144551
directors_10550,Q28561715,Q351884,Q28561715-5fdc6472-4ebe-2433-942f-82bbdab9e761
directors_10551,Q28598663,Q65169877,Q28598663-77eb3dfe-4eac-bf41-c79d-d17f217af847
directors_10552,Q28664682,Q4515660,Q28664682-e92d1c4b-491f-f2aa-bb0d-3dcf502d6786
directors_10553,Q28667216,Q4171916,Q28667216-3c80961a-439d-6cd4-80a4-4bd84a7c1535
directors_10554,Q28667831,Q3291516,Q28667831-E39EB07E-02CD-4F39-8BB9-CD77E01DDE47
directors_10555,Q28667926,Q117862390,Q28667926-C6F2FD5F-7626-45FE-B987-A91FE791D006
directors_10556,Q28667926,Q63456781,Q28667926-5DB379DF-7C48-430E-9C9D-54E25E481FDC
directors_10557,Q28679303,Q115284246,Q28679303-E2A55AF7-E44C-4D94-856A-A1A741A68E81
directors_10558,Q28698862,Q131340923,Q28698862-7EA44288-D78C-4F17-BBB3-F190F97B2C7B
directors_10559,Q28713053,Q28712574,Q28713053-82C47C9E-E858-4FEF-8614-8E3E12E21A57
directors_10560,Q28720641,Q11891797,Q28720641-3cfd2f50-4278-c80c-bca1-6a859a423b26
directors_10561,Q28793040,Q706300,Q28793040-5B5F06FF-32FB-43CB-AEEE-EE554EF1ACE0
directors_10562,Q28840410,Q23814,Q28840410-60340ADC-C4CD-4317-8092-68D50FE2A8DA
directors_10563,Q28863791,Q8296,Q28863791-FC1F2D6E-9F2B-40F9-81D4-3D4CE04F0CBF
directors_10564,Q28863793,Q270730,Q28863793-5115A0FF-545C-4C85-A734-26A95A97DAE9
directors_10565,Q28912877,Q1581762,Q28912877-61C166FD-E108-4322-9110-D68E1D6AAA04
directors_10566,Q29057443,Q41148,Q29057443-8536442a-4272-d4af-dfab-e0c19b190c95
directors_10567,Q29469172,Q5458089,Q29469172-BE26D4D8-1A6B-463F-95DB-4A197D3C54C7
directors_10568,Q29641342,Q3143548,Q29641342-896df105-48e5-ecef-cc5a-ad611f24fe0d
directors_10569,Q29832591,Q18698425,Q29832591-FB7B29AC-99CF-4C03-98C2-6036CDD430DA
directors_10570,Q30090770,Q30090866,Q30090770-BDE53B54-00A0-4373-A479-DE0CCE8C9F9D
directors_10571,Q30609465,Q459933,Q30609465-C961897B-83CE-4120-9EB1-45C00B990FDA
directors_10572,Q30639015,Q5559656,Q30639015-22F07A65-ACAA-4CD4-90ED-2D09A2262B72
directors_10573,Q30642630,Q423313,Q30642630-57C61F93-DA81-48E4-A110-15C79DB1F54E
directors_10574,Q30646818,Q186757,Q30646818-85C5BFD9-DFE6-472A-BD5C-EE2509320D6F
directors_10575,Q30728086,Q3380924,Q30728086-5FE933D7-22A5-41E5-8BAF-E3006548E657
directors_10576,Q30742372,Q554103,Q30742372-B588F4E2-7348-497B-9C40-6FDA9956CA88
directors_10577,Q30765956,Q455370,Q30765956-EB2593A1-C528-4146-90A5-826C6CE30CEA
directors_10578,Q30786909,Q20670245,Q30786909-76812e3b-44ed-ffa7-77fa-cee2ec68e7ae
directors_10579,Q30889383,Q3080921,Q30889383-AFD96D5A-DDDE-4694-991A-FB404A12AC25
directors_10580,Q30895665,Q944459,Q30895665-658E3E69-554E-44AA-BB42-8081040BF345
directors_10581,Q30939513,Q51489,Q30939513-F31583D9-025A-428F-A06B-FA77E6CBE454
directors_10582,Q30945885,Q16214033,Q30945885-EA9D870F-2E46-47C6-8544-F9085B1E3C14
directors_10583,Q30963297,Q231019,Q30963297-4b7d8eb9-8768-429b-bda6-f613e8ae5db0
directors_10584,Q31188935,Q219507,Q31188935-c91fb4a5-45aa-3c7e-57d0-444b94a2f533
directors_10585,Q31193403,Q47499823,Q31193403-49dff805-41c4-2271-7a73-b860e6cc19be
directors_10586,Q31197795,Q59821,Q31197795-2bf34238-b6ec-40ff-9de5-80fdb0b3dd17
directors_10587,Q31197795,Q6066272,Q31197795-1cc761f1-4624-b016-1840-7dd8d0e26cc2
directors_10588,Q31202693,Q26859957,Q31202693-ef56f731-4065-5601-929a-a110dc8a88e5
directors_10589,Q31202698,Q374678,Q31202698-3de7ab1d-4774-cd5f-c09b-76572e0a6200
directors_10590,Q31280577,Q2802748,Q31280577-005540c5-4707-54e2-7276-0ebc8d41453a
directors_10591,Q31457048,Q31457428,Q31457048-fa0223ff-4457-37b0-208d-76ef857ea30d
directors_10592,Q31755273,Q31755556,Q31755273-043dbecb-4660-1614-9b41-d6d19c7d803e
directors_10593,Q31899662,Q703513,Q31899662-07827C0E-098C-43A5-B522-1F9551C2204B
directors_10594,Q3220348,Q1190057,Q3220348-79394AE3-1595-40D4-8FF0-61D86B051476
directors_10595,Q32930008,Q32929938,Q32930008-cca0e6c2-432c-ca26-9b65-63b7153490b9
directors_10596,Q32931919,Q241546,Q32931919-a4fe7a09-4731-d964-2ca5-cd2ac6ee90a7
directors_10597,Q32942227,Q315756,Q32942227-17CF3C07-2112-4529-8AB3-8BC008FD4922
directors_10598,Q32942287,Q40035,Q32942287-25EAB1DF-CEFC-481F-961D-ADBCA7659011
directors_10599,Q32942298,Q19868225,Q32942298-C01AD1DA-C596-452A-A8B2-63BA0F7AB89A
directors_10600,Q33101290,Q3563923,Q33101290-ec3d3e5d-4cda-e592-b86a-e9fdd815320a
directors_10601,Q33105131,Q313388,Q33105131-755D255D-FB46-45D1-9A86-BE290F9C1F16
directors_10602,Q33129472,Q238315,Q33129472-53DAA47F-5D51-495A-974D-6DA291E10973
directors_10603,Q33256053,Q16214602,Q33256053-873E8800-F4A3-4B18-B059-490AEAF7096D
directors_10604,Q33256069,Q99283237,Q33256069-d9a2c8df-481c-0c1b-0bab-f8b7ca2e1f46
directors_10605,Q34779365,Q1337354,Q34779365-b2c8fe12-4759-3b78-3930-8970bcf66403
directors_10606,Q35284213,Q70873079,Q35284213-3f350033-42b3-41c7-61f3-7ef00b9fd808
directors_10607,Q35620357,Q64827163,Q35620357-8c55f7c7-4387-73f1-0f4a-40bb553eee1a
directors_10608,Q36359964,Q89913,Q36359964-33a2d96e-46c6-85e5-016d-f99cadf60b91
directors_10609,Q36801710,Q7645646,Q36801710-2508f6e0-4259-5c9a-4371-b661ef399172
directors_10610,Q36951156,Q187364,Q36951156-9F21B335-2DCD-41CA-8EAD-DB2812108699
directors_10611,Q36951250,Q315062,Q36951250-A19C30CC-84FD-4E84-91B0-8F3415638734
directors_10612,Q37816911,Q334242,Q37816911-72D90401-2D13-4C29-ACC3-5E243836885C
directors_10613,Q37909408,Q6290774,Q37909408-d69ae520-4922-9f83-02a2-2e2873f06024
directors_10614,Q38187866,Q718596,Q38187866-3cfb3db9-4586-da5a-ccc7-50f75a20bc9d
directors_10615,Q38215867,Q64735454,Q38215867-C5231CC2-A433-4991-AC57-54D59B66B4F9
directors_10616,Q38421581,Q2917353,Q38421581-05471870-529F-44C7-B38C-BE45B7A8BD01
directors_10617,Q38463384,Q113572914,Q38463384-107E3CF3-BA0B-4180-B8BC-3BA89C0F789A
directors_10618,Q38526462,Q1333379,Q38526462-700DA334-D0FD-412E-97F6-42B6BEC2F239
directors_10619,Q38526462,Q14943080,Q38526462-1a0e25da-4b01-ca68-c205-b3bed0c3271b
directors_10620,Q38526462,Q160115,Q38526462-772dd964-41e2-b815-fa90-f8be6612e7c1
directors_10621,Q38526462,Q228792,Q38526462-6FCBFDEB-5102-4B53-8A62-E66AA062FEED
directors_10622,Q38526462,Q469357,Q38526462-FBEFCE37-1EC3-495A-B06E-663C398464F0
directors_10623,Q38526462,Q57391,Q38526462-E9D4543F-F146-4DF8-AE1D-9E6CE2309D97
directors_10624,Q38526462,Q60766,Q38526462-2fb70624-4bbb-c0e1-c194-83bbf9bc3c44
directors_10625,Q38526462,Q69344,Q38526462-DEBCF584-4371-44E3-B2A1-4DB67D318031
directors_10626,Q38526462,Q710314,Q38526462-4B720F3B-AEFB-40C8-8ECD-205076F04F94
directors_10627,Q38526462,Q89331,Q38526462-03BEB2AF-CCB4-4673-9496-BD83D1FA417C
directors_10628,Q38685547,Q26821227,Q38685547-8a54ddfd-42c1-0037-d9a2-d0b95af40988
directors_10629,Q38774788,Q630845,Q38774788-F76737F0-7156-4B83-98E5-9648D0A6033A
directors_10630,Q38804974,Q944546,Q38804974-03C05EFD-553F-40C6-A996-E1014BF048F4
directors_10631,Q39047194,Q64368666,Q39047194-c9b74170-4be6-cd52-cf69-16af2ac096cb
directors_10632,Q39047194,Q64368832,Q39047194-289c3241-4569-6b5b-9065-ea7451397b86
directors_10633,Q39047277,Q11018819,Q39047277-485071EC-19F1-4EB3-B1F3-8FAE38B93049
directors_10634,Q39049875,Q77082640,Q39049875-e46d055b-46e0-8a39-bedf-8d343a11c17a
directors_10635,Q39060366,Q3056313,Q39060366-04619567-45f2-ac23-1840-011c9b58fd95
directors_10636,Q39060677,Q328814,Q39060677-66995E4A-FED1-4C53-9AC1-4D8FD282A60C
directors_10637,Q39069735,Q1688193,Q39069735-C86F03D2-D719-4D6D-860C-93A298516409
directors_10638,Q39070849,Q360426,Q39070849-CBE2AE03-F86C-4419-B22C-D8066EE5FB2E
directors_10639,Q39071530,Q3571647,Q39071530-5FC3D92D-1296-4D43-8DC3-2B565D1289AB
directors_10640,Q39072129,Q951671,Q39072129-1C3710F6-388B-4DF1-8EBD-E3D65987D6BC
directors_10641,Q39072243,Q115536180,Q39072243-38B71618-1FA7-4C24-A95E-C82ADDE37A94
directors_10642,Q39072454,Q19561563,Q39072454-23686e49-456f-7878-ce46-2f669f2e9b41
directors_10643,Q39073790,Q242557,Q39073790-016F236C-A831-4F42-8B57-59029EDC503C
directors_10644,Q39073952,Q22928232,Q39073952-c615984e-4c72-d8e5-9c63-3127d152bcaf
directors_10645,Q39074884,Q66734194,Q39074884-5908786E-4CC4-4288-A395-C6FFAAB8FB76
directors_10646,Q39075006,Q350405,Q39075006-A46D188C-23A2-4D01-8D05-1FE88AA9BD16
directors_10647,Q39079200,Q7925524,Q39079200-f332bdeb-4c46-4559-dfa3-d87f98c256ad
directors_10648,Q39137276,Q2836677,Q39137276-d9eb1dbf-4b95-e358-b5d9-ac9225d52711
directors_10649,Q39293164,Q4418820,Q39293164-1bb6d24a-702a-4329-982a-89f57ec7ae9e
directors_10650,Q39475584,Q117862087,Q39475584-7534FF9C-FA2C-44F1-A737-593C67085BAE
directors_10651,Q39587916,Q39588634,Q39587916-d4637466-4b49-5b81-8d02-a64cac58fd34
directors_10652,Q39659543,Q381768,Q39659543-0833FC2C-01C6-4E53-B171-B998190FC9C4
directors_10653,Q39765162,Q1892718,Q39765162-9acb85d2-4e50-5024-0f09-2d97230d3bd5
directors_10654,Q40306164,Q314502,Q40306164-C1B8331B-159A-4C12-8B4B-FB827A74CC2F
directors_10655,Q40539406,Q3376726,Q40539406-3C1F33D2-705F-48F6-9073-BC793DA5BA8D
directors_10656,Q40840414,Q18394725,Q40840414-8d66e0ee-44e2-be65-8c39-16549c102fbb
directors_10657,Q41776567,Q42670644,Q41776567-821B8BE4-EF91-4BE2-B151-EC71DBB059B6
directors_10658,Q42048168,Q268881,Q42048168-B8F04713-3727-43E4-B607-FDA5FAD79490
directors_10659,Q42048874,Q2070525,Q42048874-A73A1BE0-535F-4B74-81C6-6354B7A14C05
directors_10660,Q42307699,Q25089,Q42307699-19138C87-5F32-4A5C-94DC-8598CAB604C1
directors_10661,Q42532013,Q22073940,Q42532013-c05b7ad3-493f-1aa4-ff81-f23bc6ae7142
directors_10662,Q42689885,Q2665374,Q42689885-F3AADDC9-8F1F-46EE-8DF6-1FD012BA23E2
directors_10663,Q42726338,Q6385039,Q42726338-8FCFF26A-4B29-4E2A-A597-5FF20B5A73D4
directors_10664,Q42758912,Q76819,Q42758912-CF359C76-8DF0-4FAD-9A3D-671B33148A75
directors_10665,Q42759035,Q362824,Q42759035-8b43c53b-4331-5f5d-9db7-888d52d6809c
directors_10666,Q42947679,Q47465812,Q42947679-E007A095-86EF-4E9A-801A-5ABCDA9834E6
directors_10667,Q42947827,Q528949,Q42947827-15F183F2-A52C-4391-B3CB-A2895D5D2D0C
directors_10668,Q43184957,Q484779,Q43184957-b0490756-485e-b0d8-449a-8bc7cd124668
directors_10669,Q43208792,Q2964639,Q43208792-A8245947-A966-4B8F-B516-DCB77C644138
directors_10670,Q43302449,Q64867592,Q43302449-99dcd682-476a-6919-246b-782dd9c80820
directors_10671,Q43303199,Q115079426,Q43303199-6A718AA7-21C5-4870-9B8C-CC39CE61F07B
directors_10672,Q43373252,Q13815143,Q43373252-a320d61c-4103-fc7b-b89f-09fb3c800610
directors_10673,Q43400866,Q45713059,Q43400866-86E42026-853B-48FC-92C4-2F703F21B240
directors_10674,Q44113229,Q62127786,Q44113229-0A1B6408-691A-443D-B817-9CCDDA3F0F80
directors_10675,Q44491815,Q1320930,Q44491815-0CB1B346-A755-4D5E-9F87-6A46AC1E3B29
directors_10676,Q44613088,Q7334238,Q44613088-2a98c9c2-4b4b-8bd2-f4b1-cdc9cb4aace9
directors_10677,Q44727126,Q4250213,Q44727126-1255E752-0EAB-4341-8A87-A9085FFC40E7
directors_10678,Q44869778,Q50091350,Q44869778-5A8F47CB-9FFD-431D-B077-8CD7205C2717
directors_10679,Q45740018,Q62474734,Q45740018-2333D924-53F2-4B91-9259-FD5B96D0AC10
directors_10680,Q45941066,Q9048569,Q45941066-d2d940dd-4810-b43c-a8e2-aaaf187ce470
directors_10681,Q46223211,Q1107120,Q46223211-B4C4D9B5-F0DD-426B-BC4D-9C0DCD8974AC
directors_10682,Q464032,Q53045,q464032-59669C6C-0DDA-457B-99D9-D59F8F0D3D7D
directors_10683,Q46604721,Q4668153,Q46604721-54dfecb4-45d3-a529-d1b6-febd974f2a12
directors_10684,Q46992828,Q550717,Q46992828-0eb03957-4d5d-4c53-993d-d7c719dd4210
directors_10685,Q47002679,Q3287980,Q47002679-4b182f4d-4bf2-b828-940f-c684cc3bff62
directors_10686,Q47006131,Q345379,Q47006131-b1459b7a-465f-5a74-a562-6f29fe1a9b79
directors_10687,Q47009294,Q2001087,Q47009294-B6CEC058-D726-4631-87DD-C34DC763C852
directors_10688,Q47010001,Q13534431,Q47010001-DBDEA5B6-D5AC-4B78-9CB2-20FDB316900D
directors_10689,Q47010022,Q220918,Q47010022-FF3A43D4-64EC-4AF5-A305-14ADAA8C8EE9
directors_10690,Q47085369,Q17036970,Q47085369-435971be-41d7-81c5-7a57-1d91f39c98f2
directors_10691,Q47086569,Q1334509,Q47086569-4f65db23-4b73-38e2-a4b0-528f553009cf
directors_10692,Q47089813,Q59187965,Q47089813-dd5fa2ec-4216-c23e-068c-ddbbda9afdb4
directors_10693,Q47090463,Q17385584,Q47090463-DCC97217-998F-4A5E-AC25-29FB36BF0933
directors_10694,Q47090972,Q17582593,Q47090972-9CBF7A23-4705-492F-B2AC-4767CF109343
directors_10695,Q47300912,Q3772,Q47300912-3d5042f9-46f2-7d5d-8511-8f9b776126af
directors_10696,Q47354316,Q274265,Q47354316-558fe15f-4fba-acf5-f6a0-b626a325ce4b
directors_10697,Q47400775,Q111725396,Q47400775-90D5E469-2A30-4FA4-AE2F-D8A2E51A0EA2
directors_10698,Q47400775,Q12152517,Q47400775-280a735c-4887-041b-3127-90fd8b4034ac
directors_10699,Q47408473,Q67268,Q47408473-4def20ef-45e8-8c42-e16b-f501ad921c11
directors_10700,Q47457769,Q1084396,Q47457769-8f4584a3-4382-c8e3-b232-784ff9fb4a0d
directors_10701,Q47457794,Q3026010,Q47457794-5093ac25-4f4a-7c8c-006d-3ca3d9d2ad45
directors_10702,Q47457834,Q37494114,Q47457834-5ea534c9-4aa4-6f04-e624-8ae23e59ede5
directors_10703,Q47459278,Q18935991,Q47459278-9424d3d8-4649-c175-6e5d-8a74b51d7197
directors_10704,Q47459299,Q29014684,Q47459299-2892f8ca-40d0-1d39-b94b-57fbeccfddbb
directors_10705,Q47459299,Q47459322,Q47459299-f3775fda-4be5-b525-271b-c62bf6c05ea0
