row_id,movie_id,title,description,release_date,duration
movies_0,Q1000210,Untersuchung an Mädeln,1999 film by Peter Payer,2001-04-05T00:00:00Z,
movies_1,Q10005695,Happy Journey,2014 Marathi film directed by Sachin Kundalkar,2014-11-28T00:00:00Z,130.0
movies_2,Q1000825,Jan Dara,2001 Thai film directed by Nonzee Nimibutr,2001-09-12T00:00:00Z,108.0
movies_3,Q1001400,Ukraine on Fire,documentary propaganda film directed by Igor Lopatonok (2016),2016-01-01T00:00:00Z,94.0
movies_4,Q100145860,The Man with Hare Ears,film by Martin Šulík,2021-08-12T00:00:00Z,104.0
movies_5,Q100146136,EuroClub,2016 comedy film,2016-01-01T00:00:00Z,93.0
movies_6,Q100148067,Coming from Insanity,2019 Nigerian film,2019-06-14T00:00:00Z,100.0
movies_7,Q100148075,Kasala,2018 Nigerian comedy film,2018-10-12T00:00:00Z,
movies_8,Q100148079,Couple of Days,2017 Nigerian Romantic comedy film,2016-02-05T00:00:00Z,
movies_9,Q100148104,Ratnik,2020 Nigerian film directed by Dimeji Ajibola,2020-12-01T00:00:00Z,
movies_10,Q100156260,Freaks Out,2021 film directed by Gabriele Mainetti,2021-09-08T00:00:00Z,141.0
movies_11,Q1001863,Chronicle of an Escape,2005 film by Adrián Caetano,2005-01-01T00:00:00Z,103.0
movies_12,Q1002100,Miracle at St. Anna,2008 film directed by Spike Lee,2008-09-07T00:00:00Z,160.0
movies_13,Q1002251,Bug,2006 film directed by William Friedkin,2006-01-01T00:00:00Z,101.0
movies_14,Q100227242,A Perfect Enemy,2020 film directed by Kike Maíllo,2020-10-16T00:00:00Z,90.0
movies_15,Q100232971,What We Wanted,2020 film by Ulrike Kofler,2020-11-06T00:00:00Z,93.0
movies_16,Q1002495,What Remains of Us,2004 film by Hugo Latulippe,2004-01-01T00:00:00Z,
movies_17,Q100249779,What Happened Last Night,2016 film directed by Candice Cain,2016-01-01T00:00:00Z,
movies_18,Q100249839,Mothering Sunday,2021 film directed by Eva Husson,2021-07-09T00:00:00Z,104.0
movies_19,Q100252108,Narcissus Off Duty,2020 Brazilian documentary,2020-09-07T00:00:00Z,84.0
movies_20,Q100255139,Payday,2018 Nigerian film directed by Cheta Chukwu,2018-07-13T00:00:00Z,
movies_21,Q100255219,Lost in London,2017 Nigerian comedy film,2017-06-09T00:00:00Z,
movies_22,Q100255627,Forgotten Christmas,2019 film by Andrea Eckerbom,2019-11-08T00:00:00Z,70.0
movies_23,Q100255759,Alelí,2019 film directed by Leticia Jorge,2020-03-05T00:00:00Z,88.0
movies_24,Q100257336,Deadly Illusions,2020 Russian film,2020-11-19T00:00:00Z,108.0
movies_25,Q100257527,Are We Lost Forever,2020 Swedish film by David Färdmar,2020-01-01T00:00:00Z,104.0
movies_26,Q100261459,ٌThe Black Box,2020 film,2020-10-28T00:00:00Z,90.0
movies_27,Q100263944,Pornstar Athletics 2,2009 film by Bobby Manila,2009-11-25T00:00:00Z,118.0
movies_28,Q100265988,Black Box,2020 film directed by Emmanuel Osei-Kuffour Jr.,2020-10-06T00:00:00Z,101.0
movies_29,Q100269546,Dreamchild,2020 film directed by Raphaël Jacoulot,2020-01-01T00:00:00Z,107.0
movies_30,Q100271118,Kaccha Limbu,2017 film directed by Prasad Oak,2017-08-11T00:00:00Z,
movies_31,Q100275068,Once you know,French documentary movie on climate change released in 2021,2021-09-22T00:00:00Z,104.0
movies_32,Q100276888,Slalom,2020 film by Charlène Favier,2020-08-29T00:00:00Z,92.0
movies_33,Q100300781,BlackRose,2018 Nigerian film directed by Okechukwu Oku,2018-02-28T00:00:00Z,
movies_34,Q1003106,Linger,2008 film by Johnnie To,2008-01-10T00:00:00Z,88.0
movies_35,Q1003135,Dei yuk dai sup gau tsang,2008 film directed by Miu-Suet Lai,2008-01-01T00:00:00Z,96.0
movies_36,Q1003220,Bukarest Fleisch,2007 film by Andy Fetscher,2007-01-01T00:00:00Z,87.0
movies_37,Q100323656,Contra,2021 film directed by Sönke Wortmann,2021-10-28T00:00:00Z,108.0
movies_38,Q100324181,Aline,2020 film directed by Valérie Lemercier,2020-10-04T00:00:00Z,123.0
movies_39,Q1003411,Bukowski: Born into This,2003 American documentary film,2003-01-01T00:00:00Z,113.0
movies_40,Q100349419,Home,2020 film directed by Franka Potente,2020-10-20T00:00:00Z,100.0
movies_41,Q100361125,Furiosa: A Mad Max Saga,2024 film directed by George Miller,2024-05-15T00:00:00Z,148.0
movies_42,Q100361355,I Met a Girl,2020 film directed by Luke Eve,2020-09-11T00:00:00Z,108.0
movies_43,Q100361490,Don't Look Up,2021 film directed by Adam McKay,2021-12-05T00:00:00Z,138.0
movies_44,Q10037462,"Que sera, sera",2002 film by Murilo Salles,2002-01-01T00:00:00Z,90.0
movies_45,Q100376481,On Any Sunday: The Next Chapter,2014 documentary film directed by Dana Brown,2014-01-01T00:00:00Z,90.0
movies_46,Q100377303,Dream,South Korean film by Lee Byeong-heon,2023-04-26T00:00:00Z,125.0
movies_47,Q1003782,Fatal Move,2008 film by Dennis Law,2008-02-07T00:00:00Z,112.0
movies_48,Q1003845,Frequency,2000 film by Gregory Hoblit,2000-01-01T00:00:00Z,118.0
movies_49,Q100398223,Justice,2017 film directed by Richard Gabai,2017-01-01T00:00:00Z,
movies_50,Q100401223,Eia's Christmas at Phantom Owl Farm,2018 film by Anu Aun,2018-11-17T00:00:00Z,90.0
movies_51,Q10041645,On the Mountain of Tai Hang,2005 Chinese film by Chen Jian,2005-08-15T00:00:00Z,117.0
movies_52,Q100422251,Diabolik,2021 film by Manetti Bros.,2021-12-16T00:00:00Z,133.0
movies_53,Q1004392,Forever Enthralled,2008 film by Chen Kaige,2008-12-05T00:00:00Z,150.0
movies_54,Q1004440,Kill the Irishman,2011 film directed by Jonathan Hensleigh,2011-03-11T00:00:00Z,106.0
movies_55,Q100450069,Ich. Immendorff,2007 documentary film by Nicola Graef,2007-01-01T00:00:00Z,98.0
movies_56,Q100450102,Mica,2020 Moroccan film,2020-01-01T00:00:00Z,103.0
movies_57,Q100452749,My First Film,2024 film by Zia Anger,2024-03-19T00:00:00Z,100.0
movies_58,Q1004657,Bully,2001 film directed by Larry Clark,2001-06-15T00:00:00Z,113.0
movies_59,Q1004710,The River King,2005 film by Nick Willing,2005-01-01T00:00:00Z,99.0
movies_60,Q1004801,Bumer,2003 Crime drama film directed by Pyotr Buslov,2003-08-02T00:00:00Z,110.0
movies_61,Q100489991,Deeper!,2020 film directed by Mikhail Segal,2020-01-01T00:00:00Z,109.0
movies_62,Q100490548,Between Heaven and Earth,2019 film by Najwa Najjar,2019-01-01T00:00:00Z,92.0
movies_63,Q100506077,Dry Wind,2020 film directed by Daniel Nolasco,2020-02-26T00:00:00Z,110.0
movies_64,Q100532928,Come True,2020 film directed by Anthony Scott Burns,2020-01-01T00:00:00Z,105.0
movies_65,Q100535001,Cat in the Wall,2019 film by Vesela Kazakova and Mina Mileva,2019-01-01T00:00:00Z,92.0
movies_66,Q1005361,A Tale of Mari and Three Puppies,2007 film,2007-01-01T00:00:00Z,124.0
movies_67,Q100550091,Home,2008 film directed by Mary Haverstick,2008-01-01T00:00:00Z,
movies_68,Q100557141,About Joan,2022 film by Laurent Larivière,2022-02-15T00:00:00Z,101.0
movies_69,Q100558146,Echo,2019 film by Rúnar Rúnarsson,2019-01-01T00:00:00Z,79.0
movies_70,Q100564447,Motherland,2019 film by Tomas Vengris,2019-01-01T00:00:00Z,97.0
movies_71,Q100573244,The Big Hit,2020 film by Emmanuel Courcol,2020-08-28T00:00:00Z,105.0
movies_72,Q100604555,Nelly Rapp – Monsteragent,2020 film by Amanda Adolfsson,2020-10-23T00:00:00Z,92.0
movies_73,Q100604559,Levi,2019 Nigerian film directed by Okechukwu Oku,2019-01-18T00:00:00Z,
movies_74,Q100606376,Angels Fallen,2020 film directed by Ali Zamani,2020-01-14T00:00:00Z,86.0
movies_75,Q100613366,David Attenborough: A Life on Our Planet,2020 documentary film,2020-10-04T00:00:00Z,
movies_76,Q100683417,Samjin Company English Class,2020 film directed by Lee Jong-pil,2020-10-21T00:00:00Z,110.0
movies_77,Q100693180,Fatuma,2018 Tanzanian drama film,2004-01-01T00:00:00Z,
movies_78,Q100699177,The Evil Next Door,2020 film directed by Oskar Mellander and Tord Danielsson,2020-01-01T00:00:00Z,87.0
movies_79,Q100699493,Ich schenk dir einen Seitensprung,2002 film directed by Dominikus Probst,2002-01-01T00:00:00Z,86.0
movies_80,Q100700071,Diamonds in the Sky,2018 Nigerian movie,2018-01-01T00:00:00Z,
movies_81,Q100701374,Don't Breathe 2,2021 film directed by Rodo Sayagues,2021-08-13T00:00:00Z,98.0
movies_82,Q100703600,Baby Done,2020 film directed by Curtis Vowell,2020-01-01T00:00:00Z,91.0
movies_83,Q100704907,Tiger 3,2023 film directed by Maneesh Sharma,2023-11-10T00:00:00Z,155.0
movies_84,Q100707295,Claire Andrieux,2020 film directed by Olivier Jahan,2020-10-09T00:00:00Z,90.0
movies_85,Q100707365,The Luckiest Man,2008 Hong Kong drama,2008-05-29T00:00:00Z,120.0
movies_86,Q100708744,Mamá o papá,2021 film directed by Dani de la Orden,2021-01-01T00:00:00Z,103.0
movies_87,Q100716189,Beyto,2020 film by Gitta Gsell,2020-09-25T00:00:00Z,98.0
movies_88,Q100718095,Ranchero,2008 film directed by Richard Kaponas,2008-01-01T00:00:00Z,
movies_89,Q100718251,Full Moon,2019 film by Nermin Hamzagić,2019-01-01T00:00:00Z,85.0
movies_90,Q100719246,Gagarine,2020 film directed by Fanny Liatard and Jérémy Trouilh,2020-11-18T00:00:00Z,96.0
movies_91,Q100721048,Isaac,2019 film by Jurgis Matulevičius,2019-01-01T00:00:00Z,104.0
movies_92,Q100722067,The Road to Love,2001 film directed by Rémi Lange,2001-01-01T00:00:00Z,70.0
movies_93,Q100724914,Dual,2022 film directed by Riley Stearns,2022-01-22T00:00:00Z,95.0
movies_94,Q100736066,Belfast,2021 film directed by Kenneth Branagh,2021-09-02T00:00:00Z,97.0
movies_95,Q100740616,If I Am President,2018 Nigerian movie,2018-10-20T00:00:00Z,119.0
movies_96,Q100740657,Caveman,2023 film directed by Laura Lackmann,2023-01-26T00:00:00Z,
movies_97,Q100744821,Killing Jews for German Health,2009 documentary film by Hannes Karnick and Wolfgang Richter,2009-12-03T00:00:00Z,89.0
movies_98,Q100745823,Transeúntes,2015 film by Luis Aller,2015-01-01T00:00:00Z,101.0
movies_99,Q100753217,Albträumer,2020 film directed by Philipp Klinger,2020-01-01T00:00:00Z,94.0
movies_100,Q1007629,Golimaar,2010 film by Puri Jagannadh,2010-05-27T00:00:00Z,
movies_101,Q100774045,Under the Stars of Paris,2020 film directed by Claus Drexel,2020-10-28T00:00:00Z,90.0
movies_102,Q100783666,Adventures of a Mathematician,2020 film directed by Thorsten Klein,2020-01-01T00:00:00Z,103.0
movies_103,Q100801718,Don't Worry Darling,2022 film directed by Olivia Wilde,2022-09-05T00:00:00Z,120.0
movies_104,Q100844812,Unbeatable Youth,Hong Kong martial art film produce in 2014,2014-02-06T00:00:00Z,
movies_105,Q100859606,The Real Iron Monkey,2014 Hong Kong movie,2014-01-01T00:00:00Z,
movies_106,Q1008785,The Wings of the Night,2009 film by Serdar Akar,2009-01-01T00:00:00Z,
movies_107,Q1008801,Adhurs,2010 Telugu film directed by V. V. Vinayak,2009-01-01T00:00:00Z,
movies_108,Q100886621,Yakuza and the Family,2021 film directed by Michihito Fujii,2021-01-29T00:00:00Z,
movies_109,Q100889636,Decision to Leave,2022 South Korean romantic mystery film directed by Park Chan-wook.,2022-05-23T00:00:00Z,138.0
movies_110,Q100930419,The New Gospel,2020 film directed by Milo Rau,2020-09-01T00:00:00Z,107.0
movies_111,Q100931010,Aznavour by Charles,2019 film directed by Marc di Domenico,2019-10-02T00:00:00Z,83.0
movies_112,Q100941289,Rose Island,2020 film directed by Sydney Sibilia,2020-12-09T00:00:00Z,117.0
movies_113,Q100945934,Collectors,2020 film directed by Park Jung-bae,2020-11-04T00:00:00Z,
movies_114,Q100967106,Shadows,2020 film by Carlo Lavagna,2020-10-21T00:00:00Z,100.0
movies_115,Q100980095,Tereza37,2020 film directed by Danilo Šerbedžija,2020-01-01T00:00:00Z,100.0
movies_116,Q100984113,Toubab,2020 film by Florian Dietrich,2021-09-23T00:00:00Z,
movies_117,Q101001358,A Rose in Winter,2018 film by Joshua Sinclair,2018-01-01T00:00:00Z,135.0
movies_118,Q101001959,Skylines,2020 film by Liam O'Donnell,2020-01-01T00:00:00Z,104.0
movies_119,Q101002778,Terrifier 2,2022 film directed by Damien Leone,2022-11-03T00:00:00Z,138.0
movies_120,Q101005247,Fox in a Hole,2020 film directed by Arman T. Riahi,2020-10-09T00:00:00Z,103.0
movies_121,Q1010058,Simha,2010 film by Boyapati Srinu,2010-04-30T00:00:00Z,
movies_122,Q1010071,Rakta Charitra,2010 film directed by Ram Gopal Varma,2010-01-01T00:00:00Z,
movies_123,Q1010082,Jhummandi Naadam,2010 film by K. Raghavendra Rao,2010-07-01T00:00:00Z,
movies_124,Q1010099,Get Carter,2000 film by Stephen Kay,2000-01-01T00:00:00Z,98.0
movies_125,Q1010104,Khaleja,2010 film by Trivikram Srinivas,2010-10-07T00:00:00Z,170.0
movies_126,Q101010925,Wonderland,South Korean film directed by Kim Tae-yong,2024-06-05T00:00:00Z,113.0
movies_127,Q101030417,Héliopolis,2021 film directed by Djaffar Gacem,2021-01-01T00:00:00Z,116.0
movies_128,Q101033424,Me and the Cult Leader,2020 Japanese documentary film,2021-03-20T00:00:00Z,
movies_129,Q101040730,Erlauntza,2020 film directed by Mireia Gabilondo,2020-11-06T00:00:00Z,
movies_130,Q101046574,Salir del ropero,2019 film directed by Ángeles Reiné,2019-01-01T00:00:00Z,94.0
movies_131,Q101058798,Orca,2020 film by Josephine Bornebusch,2020-10-30T00:00:00Z,105.0
movies_132,Q101069738,Resident Evil: Welcome to Raccoon City,2021 film directed by Johannes Roberts,2021-11-19T00:00:00Z,106.0
movies_133,Q101070072,Twelfth Night,2001 film directed by Miguel Bardem,2001-01-01T00:00:00Z,99.0
movies_134,Q101072559,Outlaw,Russian queer drama (2019),2019-01-01T00:00:00Z,
movies_135,Q101078012,Wolf,2021 film directed by Nathalie Biancheri,2021-01-01T00:00:00Z,98.0
movies_136,Q101090249,"Acasă, My Home",2020 documentary film by Radu Ciorniciuc,2020-01-01T00:00:00Z,86.0
movies_137,Q101091534,The Euphoria of Being,2019 documentary film by Réka Szabó,2019-01-01T00:00:00Z,84.0
movies_138,Q101091774,The Man from Toronto,2022 film directed by Patrick Hughes,2022-08-12T00:00:00Z,110.0
movies_139,Q101093410,Benediction,2021 film directed by Terence Davies,2021-09-12T00:00:00Z,137.0
movies_140,Q101094463,Spell,2020 film by Mark Tonderai,2020-01-01T00:00:00Z,91.0
movies_141,Q101098258,The White Tiger,2021 film directed by Ramin Bahrani,2021-01-13T00:00:00Z,125.0
movies_142,Q101112656,The Brutalist,2024 film directed by Brady Corbet,2024-09-01T00:00:00Z,215.0
movies_143,Q101118878,The Virtuoso,2021 film directed by Nick Stagliano,2021-01-01T00:00:00Z,
movies_144,Q101154409,A Belle for Christmas,2014 film directed by Jason Dallas,2014-01-01T00:00:00Z,
movies_145,Q101157677,The Day of the Lord,2020 film directed by Santiago Alvarado Ilarri,2020-01-01T00:00:00Z,
movies_146,Q101189470,Ashes and Snow,2005 film directed by Gregory Colbert,2005-01-01T00:00:00Z,62.0
movies_147,Q101195419,Denting Kematian,Indonesia Film directed by Rudi Soedjarwo,2020-10-30T00:00:00Z,86.0
movies_148,Q101201255,Aftermath,2013 film directed by Thomas Farone,2013-01-01T00:00:00Z,84.0
movies_149,Q101215825,Maria Chapdelaine,2021 film directed by Sébastien Pilote,2021-09-01T00:00:00Z,
movies_150,Q101229556,Orphan: First Kill,2022 film directed by William Brent Bell,2022-07-27T00:00:00Z,98.0
movies_151,Q101235198,Operation Christmas Drop,2020 film directed by Martin Wood,2020-11-05T00:00:00Z,95.0
movies_152,Q101237151,Citation,2020 Nigerian film directed by Kunle Afolayan,2020-11-06T00:00:00Z,151.0
movies_153,Q101242346,"Egal was ich tue, sie lieben es",2011 film directed by Romy Steyer,2011-01-01T00:00:00Z,
movies_154,Q101244962,Blood and Money,2020 film directed by John Barr,2020-01-01T00:00:00Z,
movies_155,Q101245020,"Fiori, Fiori, Fiori",2020 Italian short film,2020-09-05T00:00:00Z,12.0
movies_156,Q101245186,Rendel 2: Cycle of Revenge,2024 film directed by Jesse Haaja,2024-06-21T00:00:00Z,99.0
movies_157,Q101245207,The Wolf of Snow Hollow,2020 film directed by Jim Cummings,2020-10-09T00:00:00Z,83.0
movies_158,Q101245257,Le silence de la forêt,"2003 film directed by Bassek Ba Kobhio, Didier Ouénangaré",2003-01-01T00:00:00Z,93.0
movies_159,Q101245261,"Jump, Darling",2020 film directed by Phil Connell,2020-10-02T00:00:00Z,90.0
movies_160,Q101245363,More Beautiful for Having Been Broken,2019 film by Nicole Conn,2019-01-01T00:00:00Z,
movies_161,Q101245383,Christmas on the Square,2020 film directed by Debbie Allen,2020-01-01T00:00:00Z,98.0
movies_162,Q101245404,Fashion Designer s/o Ladies Tailor,2017 film directed by Vamsy,2017-06-02T00:00:00Z,
movies_163,Q101245465,"Me, You, Madness",2021 film directed by Louise Linton,2021-02-12T00:00:00Z,
movies_164,Q101245576,Heaven,film directed by Tomáš Etzler,2021-06-14T00:00:00Z,71.0
movies_165,Q101246909,Ni de coña,2020 film directed by Fernando Ayllón,2020-11-13T00:00:00Z,90.0
movies_166,Q101247441,Ahmed Gassiaux,Moroccan film 2010,2010-01-01T00:00:00Z,77.0
movies_167,Q1012729,Jasmine Women,2004 film by Hou Yong,2004-06-15T00:00:00Z,130.0
movies_168,Q101305401,The Call,2020 film directed by Timothy Woodward Jr.,2020-10-02T00:00:00Z,97.0
movies_169,Q1014049,Blind Mountain,2007 film by Li Yang,2007-05-20T00:00:00Z,102.0
movies_170,Q101405992,Karel,documentary film directed by Olga Špátová,2020-01-01T00:00:00Z,127.0
movies_171,Q101417413,"Gump - pes, který naucil lidi zít",2020 film directed by František Brabec,2020-01-01T00:00:00Z,92.0
movies_172,Q101423189,Groeten van Gerri,Dutch movie,2020-06-25T00:00:00Z,
movies_173,Q101423732,The Princess Switch: Switched Again,2020 film directed by Mike Rohl,2020-11-19T00:00:00Z,96.0
movies_174,Q101435417,Hold-Up,2020 conspiracy documentary film about the Covid-19 outbreak,2020-11-11T00:00:00Z,163.0
movies_175,Q101436972,50 Cent: Refuse 2 Die,"2005 film directed by Mike Corbera, Rick Underhill",2005-11-08T00:00:00Z,82.0
movies_176,Q101438775,Goliath,2022 film directed by Frédéric Tellier,2022-03-09T00:00:00Z,122.0
movies_177,Q101438781,Secret Name,2021 film directed by Aurélia Georges,2021-01-01T00:00:00Z,112.0
movies_178,Q101440388,Moonfall,2022 film directed by Roland Emmerich,2022-02-03T00:00:00Z,120.0
movies_179,Q101487946,Jukebox,Quebec documentary film by Guylaine Maroist and Éric Ruel released in 2020,2020-09-04T00:00:00Z,99.0
movies_180,Q101497580,Chlap na strídacku,2020 film directed by Petr Zahrádka,2020-01-01T00:00:00Z,109.0
movies_181,Q101503314,Wet Dog,2021 film directed by Damir Lukačević,2021-09-09T00:00:00Z,103.0
movies_182,Q101576107,Des histoires inventées,film directed by Jean-Marc E. Roy,2018-01-01T00:00:00Z,71.0
movies_183,Q101580184,Sabar Ini Ujian,Indonesian film 2020,2020-09-05T00:00:00Z,125.0
movies_184,Q1015807,Cicak Man,2006 film directed by Yusry KRU,2006-01-01T00:00:00Z,107.0
movies_185,Q101584110,Akhirat: A Love Story,2021 film directed by Jason Iskandar,2021-01-01T00:00:00Z,112.0
movies_186,Q1015851,Cicak Man 2: Planet Hitam,2008 film directed by Yusry KRU,2008-12-11T00:00:00Z,999.0
movies_187,Q1015884,"Turn Left, Turn Right","2003 film by Johnnie To, Wai Ka-Fai",2003-01-01T00:00:00Z,95.0
movies_188,Q1015942,Turtles Are Surprisingly Fast Swimmers,2005 film by Satoshi Miki,2005-07-02T00:00:00Z,90.0
movies_189,Q101623511,Kill Pinochet,2020 Chilean film,2020-01-01T00:00:00Z,81.0
movies_190,Q101624592,The Blair Witch Project: A Hardcore Parody,2011 American pornographic film directed by Dick Chibbles,2011-08-01T00:00:00Z,99.0
movies_191,Q101627010,Heavily in Love!,2018 Dutch film directed by Jamel Aattache,2018-10-11T00:00:00Z,86.0
movies_192,Q101627339,The Barcelona Vampiress,2020 film directed by Lluís Danés i Roca,2020-12-04T00:00:00Z,103.0
movies_193,Q1016369,Burke & Hare,2010 film directed by John Landis,2010-10-29T00:00:00Z,91.0
movies_194,Q101666960,The Guilty,2021 film directed by Antoine Fuqua,2021-01-01T00:00:00Z,90.0
movies_195,Q1016790,Burning Bright,2010 film directed by Carlos Brooks,2010-01-01T00:00:00Z,86.0
movies_196,Q101714170,Landscapes of Memories: The Life of Ruth Kluger,2011 documentary film by Renata Schmidtkunz,2011-01-01T00:00:00Z,87.0
movies_197,Q1017254,Buscando a Miguel,2007 film by Juan Fischer,2007-08-15T00:00:00Z,107.0
movies_198,Q101726897,A Christmas Tale,2021 film directed by Hannes Holm,2021-11-12T00:00:00Z,104.0
movies_199,Q101799929,Tigers,2021 film directed by Ronnie Sandahl,2021-08-27T00:00:00Z,116.0
movies_200,Q1018042,Butter,2011 film by Jim Field Smith,2011-01-01T00:00:00Z,120.0
movies_201,Q1018109,The Butterfly Effect 3: Revelations,2009 film directed by Seth Grossman,2009-01-01T00:00:00Z,86.0
movies_202,Q1018477,Bye bye Berlusconi!,2005 film by Jan Henrik Stahlberg,2005-01-01T00:00:00Z,89.0
movies_203,Q1018486,Bye Bye Blackbird,2005 film by Robinson Savary,2005-01-01T00:00:00Z,99.0
movies_204,Q1018491,Bye Bye Bluebird,1999 film directed by Katrin Ottarsdóttir,2000-01-29T00:00:00Z,97.0
movies_205,Q101854947,Ditching Party,2010 film directed by Demetrius Navarro,2010-01-01T00:00:00Z,
movies_206,Q101943976,Verplant,2021 film directed by Waldemar Schleicher,2021-01-01T00:00:00Z,108.0
movies_207,Q101995706,Be Vaghte Talagh,film directed by Hassan Hajgozar,2018-01-01T00:00:00Z,
movies_208,Q102015061,Betrayed,2020 film directed by Eirik Svensson,2020-12-25T00:00:00Z,126.0
movies_209,Q102036245,Licorice Pizza,2021 film directed by Paul Thomas Anderson,2021-12-25T00:00:00Z,133.0
movies_210,Q102036246,Drishyam 2,2021 film directed by Jeethu Joseph,2021-02-19T00:00:00Z,140.0
movies_211,Q102036255,Vacation Friends,2021 film directed by Clay Tarver,2021-08-27T00:00:00Z,103.0
movies_212,Q102036260,Please Baby Please,2022 film by Amanda Kramer,2022-01-01T00:00:00Z,95.0
movies_213,Q102036276,Sneakerella,2022 film directed by Elizabeth Allen Rosenbaum,2022-01-01T00:00:00Z,112.0
movies_214,Q102036297,You Will Remember Me,2020 film directed by Éric Tessier,2020-08-14T00:00:00Z,
movies_215,Q102036323,To Olivia,2021 film directed by John Hay,2021-02-19T00:00:00Z,99.0
movies_216,Q102037506,Oskars Kleid,2022 film by Hüseyin Tabak,2022-12-22T00:00:00Z,102.0
movies_217,Q102039464,The Divide,2021 film directed by Catherine Corsini,2021-01-01T00:00:00Z,108.0
movies_218,Q102046208,Home Sweet Home Alone,2021 film directed by Dan Mazer,2021-11-12T00:00:00Z,93.0
movies_219,Q102046244,Tiki-Taka,2020 film directed by Parambrata Chattopadhyay,2020-09-11T00:00:00Z,
movies_220,Q102047812,Velociraptor,2014 Mexican film,2014-06-07T00:00:00Z,95.0
movies_221,Q102047818,Guests in a Villa,2020 Italian film,2020-01-30T00:00:00Z,88.0
movies_222,Q102067365,Retirement Home,2022 film directed by Thomas Gilou,2022-02-16T00:00:00Z,97.0
movies_223,Q102076681,Anatomía de un Dandy,documentary film about Francisco Umbral,2020-11-20T00:00:00Z,90.0
movies_224,Q102076861,De Oost,film directed by Jim Taihuttu,2020-01-01T00:00:00Z,
movies_225,Q102079399,After Dark,2019 film directed by Kayden Kross,2018-09-27T00:00:00Z,
movies_226,Q102104699,Janowar,2021 film directed by Raihan Rafi,2021-01-14T00:00:00Z,
movies_227,Q102122726,Atomic Summer,2020 film directed by Gaël Lépingle,2020-01-01T00:00:00Z,80.0
movies_228,Q102124437,The Salt in Our Waters,2020 Film by Rezwan Shahriar Sumit,2020-01-01T00:00:00Z,106.0
movies_229,Q102128141,Under My Skin,2020 film directed by David O'Donnell,2020-10-29T00:00:00Z,97.0
movies_230,Q102147287,Vikram,2022 Tamil film directed by Lokesh Kanagaraj,2022-01-01T00:00:00Z,173.0
movies_231,Q1021571,The Stoning of Soraya M.,2008 film by Cyrus Nowrasteh,2008-09-07T00:00:00Z,109.0
movies_232,Q102162355,Fluidity,2019 film,2019-01-01T00:00:00Z,105.0
movies_233,Q102178337,Presidents,2021 film directed by Anne Fontaine,2021-01-01T00:00:00Z,98.0
movies_234,Q102180106,Deadpool & Wolverine,2024 Marvel Studios film by Shawn Levy,2024-07-24T00:00:00Z,128.0
movies_235,Q102185780,Le torrent,2022 French film directed by Anne Le Ny,2022-01-01T00:00:00Z,102.0
movies_236,Q102213117,Anaganaga O Athidhi,2020 film directed by Dayal Padmanabhan,2020-11-20T00:00:00Z,
movies_237,Q102219145,The People Upstairs,2020 film directed by Cesc Gay,2020-10-30T00:00:00Z,82.0
movies_238,Q102225,Harry Potter and the Goblet of Fire,2005 film directed by Mike Newell,2005-11-06T00:00:00Z,151.0
movies_239,Q102227477,Hannes,2021 film directed by Hans Steinbichler,2021-11-25T00:00:00Z,91.0
movies_240,Q102228542,Memories of a Teenager,2020 Argentine film,2020-07-23T00:00:00Z,97.0
movies_241,Q102235,Harry Potter and the Order of the Phoenix,2007 film directed by David Yates,2007-06-28T00:00:00Z,133.0
movies_242,Q1022379,C.R.A.Z.Y.,2005 film directed by Jean-Marc Vallée,2005-05-27T00:00:00Z,127.0
movies_243,Q102244,Harry Potter and the Chamber of Secrets,2002 film directed by Chris Columbus,2002-11-03T00:00:00Z,161.0
movies_244,Q102273941,Single in Seoul,2023 South Korean romantic comedy film,2023-11-29T00:00:00Z,102.0
movies_245,Q102282176,The Final Land,2019 film by Marcel Barion,2019-01-15T00:00:00Z,113.0
movies_246,Q102282310,Children of the Corn,2020 film directed by Kurt Wimmer,2020-10-23T00:00:00Z,82.0
movies_247,Q102288173,Karnawal,2020 film by Juan Pablo Félix,2020-03-21T00:00:00Z,95.0
movies_248,Q102312685,Poppy Field,2020 film directed by Eugen Jebeleanu,2020-01-01T00:00:00Z,81.0
movies_249,Q102315344,What Happened to Mr. Cha?,2021 film directed by Kim Dong-kyu,2021-01-01T00:00:00Z,106.0
movies_250,Q102328447,The Art of Return,2020 film directed by Pedro Collantes,2020-01-01T00:00:00Z,91.0
movies_251,Q102345779,An Uncertain Border,2019 film by Isabella Sandri,2019-10-24T00:00:00Z,118.0
movies_252,Q102351787,Meky,film directed by Šimon Šafránek,2020-01-01T00:00:00Z,80.0
movies_253,Q102389909,Shadows of the Deceased,Czech 2005 war film,2005-01-01T00:00:00Z,126.0
movies_254,Q102391022,Escape from room 18,short documentary film,2017-01-01T00:00:00Z,60.0
movies_255,Q102395353,Midnight at the Magnolia,2020 film directed by Max McGuire,2020-11-05T00:00:00Z,87.0
movies_256,Q102395995,Notes for My Son,2020 film directed by Carlos Sorin,2020-11-24T00:00:00Z,84.0
movies_257,Q102400480,Superwho?,2021 film directed by Philippe Lacheau,2021-11-14T00:00:00Z,82.0
movies_258,Q102410713,Gaza mon amour,2020 film by Tarzan Nasser und Arab Nasser,2020-09-05T00:00:00Z,87.0
movies_259,Q102411430,The Beast,2020 film directed by Ludovico Di Martino,2020-11-26T00:00:00Z,
movies_260,Q102438,Harry Potter and the Philosopher's Stone,2001 film directed by Chris Columbus,2001-11-04T00:00:00Z,152.0
movies_261,Q1024400,CSNY/Déjà Vu,2008 film by Neil Young,2008-01-01T00:00:00Z,96.0
movies_262,Q102448,Harry Potter and the Prisoner of Azkaban,2004 film directed by Alfonso Cuarón,2004-05-31T00:00:00Z,141.0
movies_263,Q1024660,Cash,2008 film by Éric Besnard,2008-01-01T00:00:00Z,100.0
movies_264,Q1024664,Cash,2010 film directed by Stephen Milburn Anderson,2010-01-01T00:00:00Z,108.0
movies_265,Q1024838,Cabin Fever,2002 film directed by Eli Roth,2002-09-14T00:00:00Z,93.0
movies_266,Q102501471,Welcome To Sudden Death,2020 film,2020-01-01T00:00:00Z,81.0
movies_267,Q102509510,The Harder They Fall,2021 film directed by Jeymes Samuel,2021-01-01T00:00:00Z,139.0
movies_268,Q1025721,Caged,2010 film directed by Yann Gozlan,2010-10-06T00:00:00Z,84.0
movies_269,Q1025973,Cairo Time,2009 film by Ruba Nadda,2009-10-09T00:00:00Z,90.0
movies_270,Q10260902,Corrupção,2007 film by João Botelho,2007-01-01T00:00:00Z,90.0
movies_271,Q10261480,Delicate Crime,2005 film by Beto Brant,2005-09-11T00:00:00Z,87.0
movies_272,Q10261785,Cronicamente Inviável,2000 film by Sérgio Bianchi,2000-01-01T00:00:00Z,101.0
movies_273,Q10262415,Curitiba Zero Grau,2010 film by Eloi Pires Ferreira,2010-10-04T00:00:00Z,105.0
movies_274,Q10263747,Daisy Diamond,2007 film by Simon Staho,2007-09-28T00:00:00Z,99.0
movies_275,Q10264518,De Pernas pro Ar 2,2012 film by Roberto Santucci,2012-12-28T00:00:00Z,99.0
movies_276,Q1026470,Beverly Hills Chihuahua 3: Viva la Fiesta!,2012 film directed by Lev L. Spiro,2012-09-03T00:00:00Z,89.0
movies_277,Q10265557,Happy Desert (Deserto Feliz),2007 film by Paulo Caldas,2007-04-23T00:00:00Z,88.0
movies_278,Q10265719,Destiny Road,2012 film,2012-01-01T00:00:00Z,102.0
movies_279,Q1026647,The Baytown Outlaws,2012 film by Barry Battles,2012-01-01T00:00:00Z,98.0
movies_280,Q1026732,Fade to Black,2006 film by Oliver Parker,2006-01-01T00:00:00Z,104.0
movies_281,Q10267445,Dive!!,2008 film by Naoto Kumazawa,2008-01-01T00:00:00Z,115.0
movies_282,Q10267553,In Therapy,2009 film by José Alvarenga Júnior,2009-04-17T00:00:00Z,90.0
movies_283,Q1026756,Beverly Hills Chihuahua 2,2011 film directed by Alex Zamm,2011-02-01T00:00:00Z,89.0
movies_284,Q1026872,The Paperboy,2012 film by Lee Daniels,2012-05-24T00:00:00Z,101.0
movies_285,Q1026875,I Hate Luv Storys,2010 film by Punit Malhotra,2010-01-01T00:00:00Z,135.0
movies_286,Q10269870,Did You Score?,2012 film by Felipe Joffily,2012-01-01T00:00:00Z,100.0
movies_287,Q1027087,Call Girl,2007 Portuguese film directed by António-Pedro Vasconcelos,2007-01-01T00:00:00Z,136.0
movies_288,Q1027175,The Wedding Date,2005 film directed by Clare Kilner,2005-01-01T00:00:00Z,86.0
movies_289,Q10272103,Elvis & Madona,2010 film,2010-03-28T00:00:00Z,105.0
movies_290,Q1027302,Calling Hedy Lamarr,2006 documentary film directed by Georg Misch,2006-05-12T00:00:00Z,72.0
movies_291,Q10273500,Once Upon a Time in Rio,2008 film by Breno Silveira,2008-07-25T00:00:00Z,117.0
movies_292,Q1027387,Fighting,2009 film directed by Dito Montiel,2009-04-24T00:00:00Z,105.0
movies_293,Q10275307,Esquece Tudo O Que Te Disse,2002 film by António Ferreira,2002-01-01T00:00:00Z,108.0
movies_294,Q10277912,I'd Receive the Worst News from Your Beautiful Lips,2011 film by Beto Brant,2011-01-01T00:00:00Z,100.0
movies_295,Q1027834,The Cave,2005 film directed by Bruce Hunt,2005-08-26T00:00:00Z,97.0
movies_296,Q10279936,Family Sins,2004 film directed by Graeme Clifford,2004-01-01T00:00:00Z,86.0
movies_297,Q10280016,Fantasia Lusitana,2010 film by João Canijo,2010-01-01T00:00:00Z,65.0
movies_298,Q10280514,Federal,2010 film by Erik de Castro,2010-09-26T00:00:00Z,91.0
movies_299,Q1028206,Lucky 13,2005 film,2005-01-01T00:00:00Z,95.0
movies_300,Q10282320,Filme da Treta,2006 film by José Sacramento,2006-01-01T00:00:00Z,91.0
movies_301,Q10282323,Filme do Desassossego,2010 film by João Botelho,2010-01-01T00:00:00Z,90.0
movies_302,Q10283120,Women in Temptation,2010 film by Jiří Vejdělek,2010-03-18T00:00:00Z,112.0
movies_303,Q1028330,City Without Baseball,2008 Hong Kong film by Lawrence Ah Mon and Scud,2008-03-22T00:00:00Z,100.0
movies_304,Q1028548,Jonas Brothers: The 3D Concert Experience,2009 film by Bruce Hendricks,2009-02-27T00:00:00Z,76.0
movies_305,Q1028596,Va a ser que nadie es perfecto,2006 film by Joaquín Oristrell,2006-10-27T00:00:00Z,100.0
movies_306,Q10287994,Gaijin - Ama-me Como Sou,2005 film by Tizuka Yamasaki,2005-09-02T00:00:00Z,130.0
movies_307,Q10288404,Garrincha: Lonely Star,2003 film,2003-10-06T00:00:00Z,110.0
movies_308,Q10288958,George Michael: A Different Story,2005 film by Southan Morris,2004-01-01T00:00:00Z,93.0
movies_309,Q102892478,The Child Sheikh,2012 film by Hamid Benani,2012-01-15T00:00:00Z,80.0
movies_310,Q10289358,Getting Levi's Johnson,2010 pornographic film directed by Chris Steele,2010-01-01T00:00:00Z,
movies_311,Q10290444,Ingenious,2009 film directed by Jeff Balsmeyer,2009-01-01T00:00:00Z,85.0
movies_312,Q10290528,Gonzaga — de Pai pra Filho,2012 film by Breno Silveira,2012-10-26T00:00:00Z,120.0
movies_313,Q1029212,Bernie,2011 film directed by Richard Linklater,2011-06-16T00:00:00Z,104.0
movies_314,Q10292507,Summer Song,2011 film by Aram Rappaport,2011-01-01T00:00:00Z,100.0
movies_315,Q102930973,Step Dogs,2013 film directed by Geoff Anderson,2013-01-01T00:00:00Z,82.0
movies_316,Q1029345,Man of Vendetta,2010 South Korean film directed by Woo Min-ho,2010-07-01T00:00:00Z,110.0
movies_317,Q10293496,Hace tiempo pasó un forastero,2008 film,2008-01-01T00:00:00Z,20.0
movies_318,Q10294054,Hatley High,2003 film by Philip Price,2003-01-01T00:00:00Z,90.0
movies_319,Q1029510,Kamen Rider Hibiki & The Seven Senki,2005 film by Tarō Sakamoto,2005-09-03T00:00:00Z,90.0
movies_320,Q1029529,Amusement,2008 film directed by John Simpson,2008-10-09T00:00:00Z,85.0
movies_321,Q1029548,Chak De! India,2007 film directed by Shimit Amin,2007-08-10T00:00:00Z,152.0
movies_322,Q10296795,Ai no Kotodama,2007 film by Satoshi Kaneda,2007-01-01T00:00:00Z,72.0
movies_323,Q10297138,Jamie and Jessie are not together,2011 film by Wendy Jo Carlton,2011-01-01T00:00:00Z,
movies_324,Q1029722,Camouflage,2001 film by James Keach,2001-01-09T00:00:00Z,93.0
movies_325,Q1029789,Camp Cuddly Pines Powertool Massacre,2005 film by Jonathan Morgan,2005-01-01T00:00:00Z,151.0
movies_326,Q1030508,Max Steel: Forces of Nature,2005 film by Sean Sullivan,2005-01-01T00:00:00Z,52.0
movies_327,Q10307637,Jogo Subterrâneo,2005 film,2005-04-01T00:00:00Z,109.0
movies_328,Q10307713,The Hunger Games: Mockingjay – Part 2,2015 film directed by Francis Lawrence,2015-11-18T00:00:00Z,137.0
movies_329,Q1031257,Empire of the Wolves,2005 film directed by Chris Nahon,2005-01-01T00:00:00Z,123.0
movies_330,Q10312820,Julgamento,2007 film by Leonel Vieira,2007-01-01T00:00:00Z,110.0
movies_331,Q1031387,Intern Academy,2004 film by Dave Thomas,2004-01-01T00:00:00Z,90.0
movies_332,Q10314609,Out of This World,2004 film by Junji Sakamoto,2004-02-07T00:00:00Z,123.0
movies_333,Q10316505,Latitude Zero,2001 film by Toni Venturi,2001-02-09T00:00:00Z,85.0
movies_334,Q103165294,Prayer Never Fails,2016 film by Wes Miller,2016-01-01T00:00:00Z,
movies_335,Q10317165,Lena,2001 film,2001-01-01T00:00:00Z,95.0
movies_336,Q10318896,Lisbela e o Prisioneiro,2003 film by Guel Arraes,2003-08-22T00:00:00Z,106.0
movies_337,Q1031956,The Ages of Love,2011 film by Giovanni Veronesi,2011-02-25T00:00:00Z,127.0
movies_338,Q10321891,Lá Fora,2004 film by Fernando Lopes,2004-01-01T00:00:00Z,107.0
movies_339,Q10325672,"Maria, Mãe do Filho de Deus",2003 film by Moacyr Góes,2003-01-01T00:00:00Z,107.0
movies_340,Q10326180,"Love Me, Love My Money",2001 film by Wong Jing,2001-01-01T00:00:00Z,99.0
movies_341,Q10327416,The Dognapper,2013 film by Pedro Amorim,2013-10-04T00:00:00Z,113.0
movies_342,Q10328595,Memórias Póstumas,2001 film by André Klotzel,2001-02-14T00:00:00Z,101.0
movies_343,Q10329335,Meu Passado Me Condena,2013 film by Júlia Rezende,2013-10-25T00:00:00Z,102.0
movies_344,Q10330296,Minha Mãe é uma Peça,2013 film,2013-06-17T00:00:00Z,85.0
movies_345,Q10330320,Worms,2013 film from Brazil,2013-01-01T00:00:00Z,82.0
movies_346,Q1033136,Declaration of War,2011 film by Valérie Donzelli,2011-01-01T00:00:00Z,100.0
movies_347,Q1033185,Paradise: Love,2012 film directed by Ulrich Seidl,2012-05-18T00:00:00Z,120.0
movies_348,Q1033191,Death Race,2008 film directed by Paul W. S. Anderson,2008-01-01T00:00:00Z,105.0
movies_349,Q10332573,Mosaic,2007 animated superhero film directed by Roy Allen Smith,2007-01-01T00:00:00Z,
movies_350,Q1033304,Hum Tum,2004 film by Kunal Kohli,2004-05-28T00:00:00Z,136.0
movies_351,Q1033396,Cannibal,2006 film by Marian Dora,2006-01-01T00:00:00Z,90.0
movies_352,Q1033398,Welcome to the Jungle,2007 American found footage horror film by Jonathan Hensleigh,2007-01-01T00:00:00Z,83.0
movies_353,Q10335546,Narradores de Javé,2003 film by Eliane Caffé,2003-01-01T00:00:00Z,142.0
movies_354,Q10335947,Necrosis,2009 film by Jason Stephens,2009-01-01T00:00:00Z,90.0
movies_355,Q10337241,Nights,2000 film by Cláudia Tomaz,2000-01-01T00:00:00Z,73.0
movies_356,Q10337281,Nome Próprio,2007 film by Murilo Salles,2007-09-30T00:00:00Z,120.0
movies_357,Q103377646,Hustle,2022 film directed by Jeremiah Zagar,2022-06-08T00:00:00Z,117.0
movies_358,Q10338390,Não Se Pode Viver Sem Amor,2010 film by Jorge Durán,2010-01-01T00:00:00Z,100.0
movies_359,Q10338407,Not by Chance,2007 film,2007-01-01T00:00:00Z,90.0
movies_360,Q1033868,Second Name,2002 film by Paco Plaza,2002-11-15T00:00:00Z,93.0
movies_361,Q10338807,The Middle of the World,2003 film by Vicente Amorim,2003-08-11T00:00:00Z,85.0
movies_362,Q10338825,O Capacete Dourado (The Golden Helmet),2007 film by Jorge Cramez,2007-01-01T00:00:00Z,83.0
movies_363,Q10338882,O Circo das Qualidades Humanas,2000 film by Geraldo Veloso,2000-01-01T00:00:00Z,93.0
movies_364,Q10338974,Suely in the Sky,2006 film by Karim Aïnouz,2006-09-03T00:00:00Z,88.0
movies_365,Q10338986,O Delfim,2002 film by Fernando Lopes,2002-01-01T00:00:00Z,88.0
movies_366,Q10339135,O Fato Completo Ou À Procura De Alberto,2002 film by Inês de Medeiros,2002-01-01T00:00:00Z,70.0
movies_367,Q10339136,The Fatalist,2005 film by João Botelho,2005-01-01T00:00:00Z,99.0
movies_368,Q10339150,O Filme dos Espíritos,2011 film,2011-01-01T00:00:00Z,98.0
movies_369,Q10339154,The End and the Beginning,2005 film by Eduardo Coutinho,2005-01-01T00:00:00Z,110.0
movies_370,Q10339193,The Great Mystical Circus,2016 film by Carlos Diegues,2018-01-01T00:00:00Z,105.0
movies_371,Q10339247,The Man Who Copied,2003 film by Jorge Furtado,2003-06-13T00:00:00Z,123.0
movies_372,Q10339275,The Trespasser,2002 film by Beto Brant,2002-01-01T00:00:00Z,97.0
movies_373,Q10339344,The Greatest Love of All,2006 film by Carlos Diegues,2006-08-28T00:00:00Z,106.0
movies_374,Q10339402,O Menino da Porteira,2009 film by Jeremias Moreira Filho,2009-01-01T00:00:00Z,94.0
movies_375,Q10339439,The Mystery of Sintra,2007 film by Jorge Paixão da Costa,2007-05-03T00:00:00Z,98.0
movies_376,Q10339649,O Príncipe,2002 film by Ugo Giorgetti,2002-01-01T00:00:00Z,102.0
movies_377,Q10339800,The Sign of the City,2007 film by Carlos Alberto Riccelli,2007-09-29T00:00:00Z,95.0
movies_378,Q10339864,Time and the Wind,2013 film by Jayme Monjardim,2013-01-01T00:00:00Z,127.0
movies_379,Q10340600,Blue Eyes,2009 film by José Joffily,2009-07-14T00:00:00Z,105.0
movies_380,Q10340953,Onde Andará Dulce Veiga?,2008 film by Guilherme de Almeida Prado,2008-06-27T00:00:00Z,135.0
movies_381,Q103413628,Farrah Superstar: Backdoor Teen Mom,2013 pornographic film,2013-01-01T00:00:00Z,70.0
movies_382,Q10341850,The Twelve Labours,2006 film,2006-09-28T00:00:00Z,90.0
movies_383,Q10341925,Out of Tune,"2008 film by Walter Lima, Jr.",2008-02-08T00:00:00Z,131.0
movies_384,Q1034224,Vampires vs. Zombies,2004 film by Vince D'Amato,2004-01-01T00:00:00Z,85.0
movies_385,Q103426817,Papagajka,2016 film directed by Emma Rozanski,2016-01-01T00:00:00Z,82.0
movies_386,Q103433355,Farrah 2: Backdoor and More,2014 pornographic film,2014-01-01T00:00:00Z,41.0
movies_387,Q10344758,Artificial Paradises,2012 film by Marcos Prado,2012-01-01T00:00:00Z,96.0
movies_388,Q10348013,Peligrosa obsesión,2004 film,2004-01-01T00:00:00Z,126.0
movies_389,Q10350033,Pirates of the Caribbean: Dead Men Tell no Tales,2017 film directed by Espen Sandberg and Joachim Rønning,2017-05-24T00:00:00Z,129.0
movies_390,Q10350380,Black-Eyed Dog,2012 film,2012-01-01T00:00:00Z,
movies_391,Q10350475,Playing with Fire,2008 film by David DeCoteau,2008-01-01T00:00:00Z,
movies_392,Q1035158,Captive,2012 film by Brillante Mendoza,2012-02-12T00:00:00Z,120.0
movies_393,Q1035180,Captivity,2007 film directed by Roland Joffé,2007-01-01T00:00:00Z,96.0
movies_394,Q10352009,Portugal S.A.,2004 film by Ruy Guerra,2004-01-01T00:00:00Z,90.0
movies_395,Q10354438,Forbidden to Forbid,2006 film by Jorge Durán,2006-01-01T00:00:00Z,100.0
movies_396,Q10355903,Paulista,2009 film by Roberto Moreira,2009-10-02T00:00:00Z,83.0
movies_397,Q10355914,Quaresma,2003 film by José Álvaro Morais,2003-01-01T00:00:00Z,95.0
movies_398,Q10356102,Quiéreme,2007 film directed by Beda Docampo Feijóo,2007-01-01T00:00:00Z,
movies_399,Q10356158,Who Are You?,2001 film by João Botelho,2001-01-01T00:00:00Z,112.0
movies_400,Q10356210,Querô,2007 film by Carlos Cortez,2007-09-14T00:00:00Z,
movies_401,Q10356290,The Two Deaths of Quincas Wateryell,2010 film by Sérgio Machado,2010-04-26T00:00:00Z,102.0
movies_402,Q10357564,8 hlav šílenství,2017 film,2017-01-01T00:00:00Z,107.0
movies_403,Q10359018,Reis e Ratos,2012 film by Mauro Lima,2012-01-01T00:00:00Z,111.0
movies_404,Q10359598,A.B.C.D.T.O.P.O.L.,2002 film by Filip Remunda,2002-11-27T00:00:00Z,78.0
movies_405,Q1036420,Under the Same Moon,2007 film by Patricia Riggen,2007-07-27T00:00:00Z,104.0
movies_406,Q10364206,Romance,2008 film by Guel Arraes,2008-11-14T00:00:00Z,
movies_407,Q10366232,Rânia,2011 film by Roberta Marques,2011-01-01T00:00:00Z,
movies_408,Q10366994,Blinkers,2007 film by Álvaro Fernández Armero,2007-01-01T00:00:00Z,95.0
movies_409,Q10369009,If I Were You 2,2009 film by Daniel Filho,2009-01-02T00:00:00Z,98.0
movies_410,Q10369191,Second Life,2009 film,2009-01-29T00:00:00Z,84.0
movies_411,Q1036921,Swallowtail,1996 film by Shunji Iwai,2000-01-20T00:00:00Z,148.0
movies_412,Q10369829,Sem Controle,2007 film,2007-01-01T00:00:00Z,92.0
movies_413,Q103704273,Runway 06-24,2014 film,2014-01-01T00:00:00Z,58.0
movies_414,Q10371101,Shit Year,2010 film by Cam Archer,2010-01-01T00:00:00Z,95.0
movies_415,Q103723559,Holiday on Mars,2020 film directed by Neri Parenti,2020-12-13T00:00:00Z,89.0
movies_416,Q10373255,Somewhere Slow,2013 film directed by Jeremy O'Keefe,2013-01-01T00:00:00Z,96.0
movies_417,Q10373271,Somos tão Jovens,2013 film by Antonio Carlos da Fontoura,2013-05-03T00:00:00Z,104.0
movies_418,Q10373336,Sonhos Roubados,2009 film by Sandra Werneck,2009-09-25T00:00:00Z,85.0
movies_419,Q10373342,Carnal Utopia,2006 film,2006-08-15T00:00:00Z,93.0
movies_420,Q10374054,Star Crossed,2009 film by Mark Heller,2009-01-01T00:00:00Z,85.0
movies_421,Q103742243,The Book of Fish,2021 film directed by Lee Joon-ik,2021-01-01T00:00:00Z,
movies_422,Q10375397,Sweetwater: A True Rock Story,1999 film,2007-01-10T00:00:00Z,
movies_423,Q103757495,Vagenda Stories,2019 film by Natascha Beller,2019-08-11T00:00:00Z,90.0
movies_424,Q10376668,Seoul Train,"2004 film by Jim Butterworth, Aaron Lubarsky",2004-01-01T00:00:00Z,
movies_425,Q10377861,Tainá: An Adventure in the Amazon,2000 film by Tânia Lamarca,2001-01-12T00:00:00Z,90.0
movies_426,Q1038109,The Way We Are,2008 Hong Kong film directed by Ann Hui,2008-01-01T00:00:00Z,91.0
movies_427,Q10381352,The Emperor's Wife,2003 film by Julien Vrebos,2003-01-01T00:00:00Z,100.0
movies_428,Q103817549,Cry Macho,2021 film directed by Clint Eastwood,2021-09-16T00:00:00Z,104.0
movies_429,Q10381825,The Stickup,2002 film by Rowdy Herrington,2002-01-01T00:00:00Z,97.0
movies_430,Q103819225,Josée,South Korean film,2020-12-10T00:00:00Z,117.0
movies_431,Q103820244,Rurouni Kenshin: The Final,2021 film directed by Keishi Ōtomo,2021-04-23T00:00:00Z,
movies_432,Q103822078,Copshop,2021 film directed by Joe Carnahan,2021-09-16T00:00:00Z,107.0
movies_433,Q10382951,Tolerance,2000 film,2000-01-01T00:00:00Z,110.0
movies_434,Q10384049,Trair e Coçar é Só Começar,2006 film by Moacyr Góes,2006-08-25T00:00:00Z,92.0
movies_435,Q103841001,Terra de telers,2020 film directed by Joan Frank Charansonnet,2020-12-11T00:00:00Z,115.0
movies_436,Q10384115,Transcendence,2014 film directed by Wally Pfister,2014-01-01T00:00:00Z,119.0
movies_437,Q1038530,Air Doll,2009 film by Hirokazu Koreeda,2009-05-14T00:00:00Z,125.0
movies_438,Q10385359,Tudo Isto É Fado,2004 film by Luís Galvão Teles,2004-01-01T00:00:00Z,102.0
movies_439,Q103854727,The Marksman,2021 film directed by Robert Lorenz,2021-01-01T00:00:00Z,107.0
movies_440,Q10387384,A Shot in the Dark,2005 film by Leonel Vieira,2005-01-01T00:00:00Z,105.0
movies_441,Q10387404,Uma Aventura no Tempo,2007 film by Maurício de Sousa,2007-02-16T00:00:00Z,80.0
movies_442,Q103880409,Kemarin,2020 Indonesian documentary film,2020-12-03T00:00:00Z,93.0
movies_443,Q10388570,VIPs,2010 film,2010-09-25T00:00:00Z,96.0
movies_444,Q10388683,Vai que Dá Certo,2013 film by Maurício Farias,2013-03-22T00:00:00Z,110.0
movies_445,Q10389169,Vanitas,2004 film by Paulo Rocha,2004-01-01T00:00:00Z,102.0
movies_446,Q10392223,Life/Drawing,2001 film,2001-01-01T00:00:00Z,
movies_447,Q10392230,Viúva Rica Solteira Não Fica,2006 film by José Fonseca e Costa,2006-01-01T00:00:00Z,135.0
movies_448,Q103926227,Christmas Crossfire,2020 film directed by Detlev Buck,2020-12-04T00:00:00Z,106.0
movies_449,Q103931967,The Fallout,2021 film directed by Megan Park,2021-01-01T00:00:00Z,91.0
movies_450,Q103935104,Apples,2020 film directed by Christos Nikou,2020-01-01T00:00:00Z,90.0
movies_451,Q10394429,Xuxa Abracadabra,2003 film by Moacyr Góes,2003-01-01T00:00:00Z,87.0
movies_452,Q10394435,Xuxa Gêmeas,2006 film by Jorge Fernando,2006-01-01T00:00:00Z,81.0
movies_453,Q10394438,Xuxa Popstar,2000 film by Tizuka Yamasaki,2000-01-01T00:00:00Z,84.0
movies_454,Q10394445,Xuxa e os Duendes,2001 film by Paulo Sérgio Almeida,2001-01-01T00:00:00Z,90.0
movies_455,Q10394447,Xuxa em O Mistério de Feiurinha,2009 film by Tizuka Yamasaki,2009-12-25T00:00:00Z,82.0
movies_456,Q10395386,Zuzu Angel,2006 film by Sérgio Rezende,2006-07-27T00:00:00Z,100.0
movies_457,Q103955657,The Hating Game,2021 film directed by Peter Hutchings,2021-01-01T00:00:00Z,102.0
movies_458,Q10396004,Árido Movie,2006 film by Lírio Ferreira,2006-01-01T00:00:00Z,115.0
movies_459,Q10396093,Kovář z Podlesí,2013 film by Pavel Göbl,2013-05-16T00:00:00Z,85.0
movies_460,Q10396493,What's Up?,2004 film by Felipe Joffily,2004-01-01T00:00:00Z,90.0
movies_461,Q10397251,27 sekundmeter snö,2005 film,2005-01-01T00:00:00Z,180.0
movies_462,Q10397371,6 Points,2004 film,2004-01-01T00:00:00Z,
movies_463,Q10397385,7X: This is Our Kids,2010 film,2010-02-03T00:00:00Z,98.0
movies_464,Q103982607,Freak City,1999 film by Lynne Litman,2000-02-02T00:00:00Z,104.0
movies_465,Q103983320,Jetzt.Nicht.,2017 film by Julia Keller,2017-01-01T00:00:00Z,90.0
movies_466,Q103997314,Sweat,2020 film directed by Magnus von Horn,2020-09-14T00:00:00Z,105.0
movies_467,Q104000949,Calichín,2016 film directed by Ricardo Maldonado,2016-01-01T00:00:00Z,
movies_468,Q1040069,Face,2004 Korean horror film,2004-06-11T00:00:00Z,92.0
movies_469,Q104008736,Guerrero,2016 film,2016-01-01T00:00:00Z,90.0
movies_470,Q104013554,Death to 2020,Netflix mockumentary by Charlie Brooker,2020-12-27T00:00:00Z,70.0
movies_471,Q104033765,Vicky and Her Mystery,2021 film directed by Denis Imbert,2021-12-24T00:00:00Z,84.0
movies_472,Q104033835,The Adam Project,2022 film directed by Shawn Levy,2022-03-11T00:00:00Z,106.0
movies_473,Q104033970,Smiley Face Killers,2020 film by Tim Hunter,2020-12-08T00:00:00Z,96.0
movies_474,Q104034130,World of Madame X,2019 film,2019-01-01T00:00:00Z,23.0
movies_475,Q104038439,Cauet sur scène,stand-up comedy and talk show directed by Emmanuel Carriau,2015-06-02T00:00:00Z,124.0
movies_476,Q104044312,Tetris,2023 film directed by Jon S. Baird,2023-03-15T00:00:00Z,118.0
movies_477,Q104055806,Girl,2020 film directed by Chad Faust,2020-09-25T00:00:00Z,
movies_478,Q10409159,Smejdi,2013 documentary film by Silvie Dymáková,2013-04-18T00:00:00Z,78.0
movies_479,Q104094034,Spiderhead,2022 film directed by Joseph Kosinski,2022-06-17T00:00:00Z,107.0
movies_480,Q104097733,"Ariana Grande: Excuse Me, I Love You",2020 American concert film directed by Paul Dugdale,2020-12-21T00:00:00Z,97.0
movies_481,Q10411723,Angel,2007 film by Colin Nutley,2007-01-01T00:00:00Z,
movies_482,Q104128132,American Siege,2022 film directed by Edward Drake,2022-01-01T00:00:00Z,91.0
movies_483,Q104136087,Belzebuth,2017 Mexican horror film,2017-10-14T00:00:00Z,115.0
movies_484,Q104144643,A Radiant Girl,2021 film directed by Sandrine Kiberlain,2021-07-08T00:00:00Z,98.0
movies_485,Q104144746,The Man in the Basement,2021 film directed by Philippe Le Guay,2021-10-13T00:00:00Z,114.0
movies_486,Q104144784,Reagan,2024 film directed by Sean McNamara,2024-08-30T00:00:00Z,135.0
movies_487,Q104145479,Loco por ella,2021 film directed by Dani de la Orden,2021-01-01T00:00:00Z,
movies_488,Q104146434,Baby,2020 film directed by Juanma Bajo Ulloa,2020-01-01T00:00:00Z,104.0
movies_489,Q104146967,Beautiful Minds,2021 film directed by Bernard Campan and Alexandre Jollien,2021-08-26T00:00:00Z,92.0
movies_490,Q1041472,A Million,2009 film directed by Cho Min-ho,2009-08-06T00:00:00Z,114.0
movies_491,Q104153452,Obratnaya svyaz,2020 Russian film directed by Aleksey Nuzhnyy,2020-12-17T00:00:00Z,100.0
movies_492,Q104161925,Lima 13,2012 film directed by Fabrizio Aguilar,2012-01-01T00:00:00Z,86.0
movies_493,Q104162457,Farewell Amor,2020 film directed by Ekwa Msangi,2020-01-01T00:00:00Z,
movies_494,Q104165549,Equinox,2020 film by Lena Knauss,2020-01-23T00:00:00Z,
movies_495,Q1041689,All or Nothing,2002 film by Mike Leigh,2002-01-01T00:00:00Z,128.0
movies_496,Q1041743,An Invisible Sign,2010 film directed by Marilyn Agrelo,2010-10-07T00:00:00Z,96.0
movies_497,Q104177168,"Sihja, the Rebel Fairy",2021 film directed by Marja Pyykkö,2021-05-28T00:00:00Z,89.0
movies_498,Q104180428,Illegal Woman,2020 film,2020-12-11T00:00:00Z,118.0
movies_499,Q104186678,Awesome Abbie Returns,2012 pornographic scene by DDF Network,2012-02-15T00:00:00Z,1887.0
movies_500,Q104187039,65,2023 film directed by Scott Beck and Bryan Woods,2023-03-09T00:00:00Z,93.0
movies_501,Q10420531,Asta Nilsson's Company,2005 film by Marie-Louise Ekman,2005-02-05T00:00:00Z,81.0
movies_502,Q104205493,Yen Peyar Anandhan,2020 Tamil film directed by Sridhar Venkatesan,2020-01-01T00:00:00Z,
movies_503,Q104212237,As Far as I Know,2021 film,2020-11-19T00:00:00Z,117.0
movies_504,Q104212872,Human Factors,2021 film directed by Ronny Trocker,2021-01-01T00:00:00Z,102.0
movies_505,Q104213702,Mass,2021 film directed by Fran Kranz,2021-10-08T00:00:00Z,110.0
movies_506,Q104213767,Reunion 3: Singles Cruise,2021 film directed by Renny Harlin,2021-07-28T00:00:00Z,
movies_507,Q104214267,Prey for the Devil,2022 film directed by Daniel Stamm,2020-01-08T00:00:00Z,93.0
movies_508,Q1042145,Perhaps Love,2005 film by Peter Chan,2005-09-01T00:00:00Z,108.0
movies_509,Q104214504,The Offering,2020 film directed by Ventura Durall,2020-09-18T00:00:00Z,111.0
movies_510,Q104218175,In the Earth,2021 film directed by Ben Wheatley,2021-01-01T00:00:00Z,107.0
movies_511,Q104218405,570,film directed by Ashraf Shishir,2024-08-15T00:00:00Z,
movies_512,Q10422114,Att göra en pudel,2006 film,2006-02-03T00:00:00Z,92.0
movies_513,Q104223935,Cloudy Clouds,2021 film directed by Christian Schäfer,2021-01-18T00:00:00Z,103.0
movies_514,Q1042247,The Message,2009 film directed by Chen Kuo-fu and Gao Qunshu,2009-01-01T00:00:00Z,118.0
movies_515,Q10423476,Avalon,2011 film by Axel Petersén,2011-09-11T00:00:00Z,79.0
movies_516,Q10423994,Baba's Cars,2006 film by Rafael Edholm,2006-01-01T00:00:00Z,90.0
movies_517,Q10424040,Babylon Disease,2004 film directed by Daniel Espinosa,2004-09-24T00:00:00Z,90.0
movies_518,Q104241071,Outside the Wire,2021 film directed by Mikael Håfström,2021-01-15T00:00:00Z,115.0
movies_519,Q104242404,Mother/Android,2021 film directed by Mattson Tomlin,2021-01-01T00:00:00Z,110.0
movies_520,Q104242973,Alone,2020 film directed by John Hyams,2020-01-01T00:00:00Z,98.0
movies_521,Q104245564,Violation,"2020 film directed by Dusty Mancinelli, Madeleine Sims-Fewer",2020-09-17T00:00:00Z,107.0
movies_522,Q104245829,Divertimento,2000 film directed by José García Hernández,2000-10-22T00:00:00Z,93.0
movies_523,Q104248306,The Grave,2020 film directed by Gazi Rakayet,2020-12-25T00:00:00Z,
movies_524,Q1042731,Nada Sōsō,2006 film by Nobuhiro Doi,2006-09-30T00:00:00Z,118.0
movies_525,Q10427794,Bekännelsen,2001 film by Daniel Lind Lagerlöf,2001-01-01T00:00:00Z,171.0
movies_526,Q10430161,Bitch Hug,2012 film by Andreas Öhman,2012-10-19T00:00:00Z,101.0
movies_527,Q10430864,Blackout,2008 film directed by JP Siili,2008-12-26T00:00:00Z,
movies_528,Q10431704,Vägen tillbaka - Blådårar 2,2001 film by Fredrik Gertten,2001-01-01T00:00:00Z,78.0
movies_529,Q1043614,Taare Zameen Par,2007 film directed by Aamir Khan,2007-12-21T00:00:00Z,165.0
movies_530,Q104370184,Serial (Bad) Weddings 3,2022 film directed by Philippe de Chauveron,2022-04-06T00:00:00Z,98.0
movies_531,Q10437051,Bröderna Karlsson,2010 film by Kjell Sundvall,2010-01-01T00:00:00Z,100.0
movies_532,Q104374099,The Fantastic Mr Feynman,2013 film directed by Christopher Riley,2013-05-12T00:00:00Z,
movies_533,Q104374134,The Dry,2020 film directed by Robert Connolly,2020-12-11T00:00:00Z,117.0
movies_534,Q10438507,The Bench,2000 film by Per Fly,2000-08-26T00:00:00Z,93.0
movies_535,Q10438879,CKY2K,2000 film by Bam Margera,2000-01-01T00:00:00Z,
movies_536,Q10438880,CKY 3,2001 film by Bam Margera,2001-01-01T00:00:00Z,
movies_537,Q10438881,CKY4: The Latest & Greatest,2002 film by Bam Margera,2002-01-01T00:00:00Z,
movies_538,Q104388845,Youtuber Dad,2019 Peruvian-Argentine film,2019-01-01T00:00:00Z,90.0
movies_539,Q104398462,Hunter Hunter,2020 film directed by Shawn Linden,2020-12-18T00:00:00Z,93.0
movies_540,Q104423550,Gracious Night,2020 film directed by Mika Kaurismäki,2020-11-17T00:00:00Z,90.0
movies_541,Q104428371,Double Date,2017 film by Benjamin Barfoot,2017-01-01T00:00:00Z,89.0
movies_542,Q104434903,Fucking with Nobody,2020 film directed by Hannaleena Hauru,2020-09-08T00:00:00Z,
movies_543,Q1044398,Carolina Jones and the Broken Covenant,2008 film by Ethan Kane,2008-01-01T00:00:00Z,101.0
movies_544,Q1044598,Departures,2008 film directed by Yōjirō Takita,2008-08-23T00:00:00Z,131.0
movies_545,Q1044859,Coco Before Chanel,2009 film by Anne Fontaine,2009-04-22T00:00:00Z,106.0
movies_546,Q104494108,The Sounds of Silents,"2006 documentary film about Willy Sommerfeld, directed by Ilona Ziok",2006-01-01T00:00:00Z,80.0
movies_547,Q104501654,Vinski and the Invisibility Powder,2021 film directed by Juha Wuolijoki,2021-12-22T00:00:00Z,86.0
movies_548,Q104502804,Oi gabroi tis Eftyhias,2015 Greek comedy film,2015-01-12T00:00:00Z,
movies_549,Q104518852,The Japon,2019 film,2019-01-01T00:00:00Z,91.0
movies_550,Q104521407,Healing Waters,2020 film,2020-12-26T00:00:00Z,90.0
movies_551,Q104522006,AK vs AK,2020 film directed by Vikramaditya Motwane,2020-12-24T00:00:00Z,109.0
movies_552,Q10452700,Ciao Bella,2007 film by Mani Maserrat,2007-08-03T00:00:00Z,86.0
movies_553,Q104528137,10 Year Reunion,2016 film directed by Jake Helgren,2016-01-01T00:00:00Z,96.0
movies_554,Q104528612,Jackass Forever,2022 film directed by Jeff Tremaine,2022-01-01T00:00:00Z,96.0
movies_555,Q104532493,A December Bride,2016 television film,2016-11-20T00:00:00Z,86.0
movies_556,Q104532857,A Little Red Flower,2020 film directed by Han Yan,2020-12-31T00:00:00Z,122.0
movies_557,Q104534455,A California Christmas,2020 film directed by Shaun Piccinino,2020-01-01T00:00:00Z,106.0
movies_558,Q1045388,Night Watch,2004 film by Timur Bekmambetov,2004-06-27T00:00:00Z,115.0
movies_559,Q104539036,Toefl Al-Shams,2014 film by Taieb Louhichi,2014-02-19T00:00:00Z,
movies_560,Q10457208,Colorado Avenue,2007 film by Claes Olsson,2007-01-01T00:00:00Z,
movies_561,Q104589294,Prebz and Dennis: The Movie,2017 film directed by Kaspar Synnevåg,2017-08-11T00:00:00Z,90.0
movies_562,Q104600621,Kikka!,2022 film directed by Anna Paavilainen,2022-10-12T00:00:00Z,
movies_563,Q104602443,Las Reglas del Rey,2020 film directed by Luis Romo,2020-01-01T00:00:00Z,
movies_564,Q104604605,I Am Riley,American adult documentary film,2019-06-11T00:00:00Z,266.0
movies_565,Q1046117,Alexander,2008 Russian film directed by Igor Kalyonov,2008-05-01T00:00:00Z,111.0
movies_566,Q104626509,Emicida: AmarElo - It's All for Yesterday,2020 film directed by Fred Ouro Preto,2020-12-08T00:00:00Z,89.0
movies_567,Q1046295,The Princess Diaries,2001 film directed by Garry Marshall,2001-08-03T00:00:00Z,115.0
movies_568,Q104630023,The Great Yokai War: Guardians,2021 film directed by Takashi Miike,2021-01-01T00:00:00Z,
movies_569,Q104641056,Wikipedia and the Democratisation of Knowledge,2021 film directed by Lorenza Castella and Jascha Hannover,2021-01-01T00:00:00Z,52.0
movies_570,Q104641226,The Last Warrior 3,2021 film directed by Dmitry Dyachenko,2021-12-23T00:00:00Z,
movies_571,Q104641594,Známi neznámi,2021 film directed by Zuzana Marianková,2021-08-05T00:00:00Z,95.0
movies_572,Q104646669,The Lady of Heaven,2021 film directed by Eli King,2021-01-01T00:00:00Z,141.0
movies_573,Q10465267,New York Doll,2005 film by Greg Whiteley,2005-01-01T00:00:00Z,
movies_574,Q1046576,Casa de los Babys,2003 film by John Sayles,2003-01-01T00:00:00Z,95.0
movies_575,Q104665218,Permanent Green Light,film of 2018,2019-05-15T00:00:00Z,91.0
movies_576,Q104670580,The Relatives,2021 film directed by Ilya Aksyonov,2021-02-11T00:00:00Z,98.0
movies_577,Q104671414,Ons,2020 film directed by Alfonso Zarauza,2020-11-11T00:00:00Z,86.0
movies_578,Q104681809,The Ice Road,2021 film directed by Jonathan Hensleigh,2021-06-25T00:00:00Z,108.0
movies_579,Q104682813,Censor,2021 film directed by Prano Bailey-Bond,2021-01-28T00:00:00Z,84.0
movies_580,Q1046841,Vanity Fair,2004 film directed by Mira Nair,2004-01-01T00:00:00Z,141.0
movies_581,Q10468605,Den enskilde medborgaren,2006 film by Claes Eriksson,2006-01-01T00:00:00Z,104.0
movies_582,Q10468689,The Horse Figurine,2008 film by Martin Asphaug,2008-01-01T00:00:00Z,86.0
movies_583,Q104686893,CODA,2021 film directed by Sian Heder,2021-01-28T00:00:00Z,111.0
movies_584,Q10468719,The New Man,2007 film directed by Klaus Härö,2007-02-23T00:00:00Z,104.0
movies_585,Q10468768,Irene Huss - Den som vakar i mörkret,2011 film by Richard Holm,2011-01-01T00:00:00Z,90.0
movies_586,Q1046883,The King of Fighters,2010 film directed by Gordon Chan,2009-12-31T00:00:00Z,93.0
movies_587,Q104698274,Kairee,Indian Marathi movie directed by Amol Palekar,2000-09-29T00:00:00Z,
movies_588,Q10469908,Det blir aldrig som man tänkt sig,2000 film by Måns Herngren,2000-01-01T00:00:00Z,114.0
movies_589,Q10470019,Irene Huss - Det lömska nätet,2011 film by Richard Holm,2011-01-01T00:00:00Z,88.0
movies_590,Q10470038,The Unknown,2000 film by Michael Hjorth,2000-01-01T00:00:00Z,91.0
movies_591,Q10470137,Bagland,2003 film by Anders Gustafsson,2003-12-25T00:00:00Z,81.0
movies_592,Q10470224,Devil in the Flesh 2,2000 film by Marcus Spiegel,2000-01-01T00:00:00Z,92.0
movies_593,Q104714221,Wild Indian,2021 film directed by Lyle Mitchell Corbine Jr.,2021-01-01T00:00:00Z,
movies_594,Q104723735,UKE,2020 sports documentary film,2020-12-03T00:00:00Z,90.0
movies_595,Q104727380,The Guest Room,2021 film directed by Stefano Lodovichi,2021-01-04T00:00:00Z,86.0
movies_596,Q1047336,Cash Truck,2004 film directed by Nicolas Boukhrief,2004-04-10T00:00:00Z,88.0
movies_597,Q10475873,Don Juan,2002 film by Stein Winge,2002-01-01T00:00:00Z,
movies_598,Q104760819,Phulkumar,2002 Bangladeshi film,2002-06-12T00:00:00Z,58.0
movies_599,Q1047623,Casino - No Limit,2008 film by Hervé Bodilis,2008-01-01T00:00:00Z,150.0
movies_600,Q104767333,Marcelo,2012 Mexican film,2012-01-01T00:00:00Z,97.0
movies_601,Q104769118,Ella Fitzgerald: Just One of Those Things,2019 documentary film by Leslie Woodhead,2019-01-01T00:00:00Z,
movies_602,Q104774429,Domina,film directed by Jiří Svoboda,2010-01-01T00:00:00Z,102.0
movies_603,Q104776463,The Expedition of the Family Fox,Dutch 2020 film by Bob Wilbers,2021-02-11T00:00:00Z,72.0
movies_604,Q104778542,The Auschwitz Report,2021 film directed by Peter Bebjak,2021-01-28T00:00:00Z,94.0
movies_605,Q10478006,The Diver,2000 film by Erik Gustavson,2000-01-01T00:00:00Z,97.0
movies_606,Q104783739,Incredible but True,2022 film directed by Quentin Dupieux,2022-02-10T00:00:00Z,74.0
movies_607,Q104786128,Long Story Short,2021 film directed by Josh Lawson,2021-02-11T00:00:00Z,100.0
movies_608,Q1047872,The Adventures of Picasso,1978 Swedish comedy film directed by Tage Danielsson,2002-01-27T00:00:00Z,109.0
movies_609,Q10478816,Ego,2013 film directed by Lisa James Larsson,2013-01-14T00:00:00Z,
movies_610,Q104814965,A Stand Worthy of Men,2021 film directed by Ahmed El Guindi,2021-01-13T00:00:00Z,112.0
movies_611,Q104815183,Red Dot,2021 film directed by Alain Darborg,2021-02-11T00:00:00Z,85.0
movies_612,Q104816324,Paper Lives,2021 film directed by Can Ulkay,2021-01-01T00:00:00Z,97.0
movies_613,Q104816576,Torn - Strappati,2016 documentary film by Alessandro Gassmann,2015-09-09T00:00:00Z,
movies_614,Q104816851,Bear Oasis,2008 film directed by Walter Romero,2008-07-22T00:00:00Z,123.0
movies_615,Q1048202,Cass,2008 film directed by Jon S. Baird,2008-01-01T00:00:00Z,108.0
movies_616,Q104821313,The Kashmir Files,2022 film directed by Vivek Agnihotri,2022-03-11T00:00:00Z,170.0
movies_617,Q104821625,Hey Sinamika,2022 Tamil film directed by Brinda,2022-03-03T00:00:00Z,
movies_618,Q10482166,Emellan,2009 film,2009-01-01T00:00:00Z,
movies_619,Q104822312,Operation Fortune: Ruse de Guerre,2023 film directed by Guy Ritchie,2022-06-16T00:00:00Z,114.0
movies_620,Q104830968,Amsterdam,2022 film directed by David O. Russell,2022-01-01T00:00:00Z,134.0
movies_621,Q1048319,Casshern,2004 film by Kazuaki Kiriya,2004-01-01T00:00:00Z,142.0
movies_622,Q10483256,A Pigeon Sat on a Branch Reflecting on Existence,2014 film directed by Roy Andersson,2014-01-01T00:00:00Z,101.0
movies_623,Q104832984,Octobre blanc,2017 film directed by Christophe Raylat,2017-01-01T00:00:00Z,52.0
movies_624,Q10483390,A Man Comes Home,2007 film by Thomas Vinterberg,2007-09-14T00:00:00Z,100.0
movies_625,Q10483391,Irene Huss: The Man with the Small Face,2011 film by Emiliano Goessens,2011-01-01T00:00:00Z,90.0
movies_626,Q104834026,Kambili: The Whole 30 Yards,2020 Nigerian film directed by Kayode Kasum,2020-12-04T00:00:00Z,120.0
movies_627,Q104834192,Dangerous,2021 film directed by David Hackl,2021-11-18T00:00:00Z,99.0
movies_628,Q104834453,Foam,"quebec short fiction film, Omar Elhamy, 2020",2020-01-01T00:00:00Z,28.0
movies_629,Q104834457,Hello Stranger: The Movie,2021 film directed by Dwein Baltazar,2021-02-12T00:00:00Z,101.0
movies_630,Q104834805,Quam's Money,2020 Nigerian film directed by Kayode Kasum,2020-12-11T00:00:00Z,120.0
movies_631,Q104834950,Dhamaka,2021 film directed by Ram Madhvani,2021-11-19T00:00:00Z,
movies_632,Q104834984,Fate of Alakada,2020 Nigerian film directed by Kayode Kasum,2020-10-01T00:00:00Z,110.0
movies_633,Q104835041,Rattlesnake: The Ahanna Story,2020 Nigerian film directed by Ramsey Nouah,2020-11-13T00:00:00Z,145.0
movies_634,Q104835734,This Lady Called Life,2020 Nigerian film directed by Kayode Kasum,2020-10-09T00:00:00Z,120.0
movies_635,Q1048360,The Visitor,2007 film by Thomas McCarthy,2007-09-07T00:00:00Z,104.0
movies_636,Q104836803,Nico,2021 film directed by Eline Gehring,2021-01-01T00:00:00Z,75.0
movies_637,Q104839812,The Wannabes,2022 film directed by Jonathan Barré,2022-01-01T00:00:00Z,101.0
movies_638,Q104843787,Dog,2022 film directed by Reid Carolin and Channing Tatum,2022-02-17T00:00:00Z,101.0
movies_639,Q104845839,Cyrano,2021 film directed by Joe Wright,2021-01-01T00:00:00Z,123.0
movies_640,Q104854877,Army of Thieves,2021 film directed by Matthias Schweighöfer,2021-01-01T00:00:00Z,129.0
movies_641,Q104856229,Once Upon a Mattress,2005 TV film,2005-01-01T00:00:00Z,
movies_642,Q104856354,Vanquish,2021 film directed by George Gallo,2021-04-16T00:00:00Z,96.0
movies_643,Q1048565,Mambo Café,2000 film by Reuben Gonzalez,2000-01-01T00:00:00Z,98.0
movies_644,Q104856751,The Hand of God,2021 film directed by Paolo Sorrentino,2021-01-01T00:00:00Z,130.0
movies_645,Q104856829,Spiral,2019 film directed by Kurtis David Harder,2019-01-01T00:00:00Z,90.0
movies_646,Q104857419,All the Old Knives,2022 film directed by Janus Metz Pedersen,2022-01-01T00:00:00Z,
movies_647,Q104858962,Love Hard,2021 film directed by Hernán Jiménez,2021-01-01T00:00:00Z,104.0
movies_648,Q104859058,Here We Are,2020 film by Nir Bergman,2021-12-22T00:00:00Z,95.0
movies_649,Q104860449,Swan Song,2021 film directed by Benjamin Cleary,2021-12-17T00:00:00Z,112.0
movies_650,Q104861381,Long Distance,2024 film directed by Josh Gordon and Will Speck,2024-07-12T00:00:00Z,
movies_651,Q104861687,North of Albany,2022 film directed by Marianne Farley,2022-09-19T00:00:00Z,107.0
movies_652,Q104862168,"Paris, 13th District",2021 film directed by Jacques Audiard,2021-07-14T00:00:00Z,106.0
movies_653,Q104863935,The Phantom of the Open,2021 film directed by Craig Roberts,2021-10-12T00:00:00Z,102.0
movies_654,Q104863970,Alice,2022 film directed by Krystin Ver Linden,2022-01-01T00:00:00Z,100.0
movies_655,Q104864112,Shawn Mendes: In Wonder,film directed by Grant Singer,2020-11-23T00:00:00Z,
movies_656,Q104864241,Initiation,2020 film directed by John Berardo,2020-10-08T00:00:00Z,96.0
movies_657,Q1048645,Hostel: Part II,2007 film directed by Eli Roth,2007-06-07T00:00:00Z,94.0
movies_658,Q104865038,"Hello, Goodbye, and Everything In Between",2022 film directed by Michael Lewen,2022-07-06T00:00:00Z,84.0
movies_659,Q104866898,Surrounded,2023 film by Anthony Mandler,2023-04-02T00:00:00Z,100.0
movies_660,Q104867526,Natural Born Star,2007 film directed by Even Benestad,2007-10-26T00:00:00Z,75.0
movies_661,Q104868551,Memory House,2020 film,2020-11-19T00:00:00Z,94.0
movies_662,Q104869582,Spindl 2,film directed by Radek Balaš,2019-01-01T00:00:00Z,109.0
movies_663,Q104869933,Slayers,2022 film directed by K. Asher Levin,2022-01-01T00:00:00Z,
movies_664,Q104870018,Rurouni Kenshin: The Beginning,2021 film directed by Keishi Ōtomo,2021-06-04T00:00:00Z,137.0
movies_665,Q104870677,Breasts,2020 film by Marija Perović,2020-01-01T00:00:00Z,92.0
movies_666,Q104871482,Mrs. Harris Goes to Paris,2022 film directed by Anthony Fabian,2022-07-14T00:00:00Z,116.0
movies_667,Q104872036,Love Again,2023 film directed by James C. Strouse,2023-05-12T00:00:00Z,104.0
movies_668,Q104872482,2000 Songs of Farida,2020 film,2020-01-01T00:00:00Z,110.0
movies_669,Q104872833,Dr. Bird's Advice for Sad Poets,2021 film directed by Yaniv Raz,2021-01-12T00:00:00Z,110.0
movies_670,Q104873310,Linoleum,2022 film directed by Colin West,2022-03-12T00:00:00Z,101.0
movies_671,Q104874544,Broken Keys,2021 film,2021-01-01T00:00:00Z,90.0
movies_672,Q104876047,Cobweb,2023 film by Samuel Bodin,2023-07-19T00:00:00Z,88.0
movies_673,Q104876716,Marvelous and the Black Hole,2021 American film directed by Kate Tsang,2021-02-02T00:00:00Z,81.0
movies_674,Q104876813,High Tide,2020 Argentinean drama,2020-01-01T00:00:00Z,106.0
movies_675,Q104876848,The Rose Maker,2020 film directed by Pierre Pinaud,2020-08-29T00:00:00Z,95.0
movies_676,Q104878035,The Milkmaid,2020 Nigerian film directed by Desmond Ovbiagele,2020-11-27T00:00:00Z,136.0
movies_677,Q104878799,This Is the Year,2020 American film directed by David Henrie,2020-08-28T00:00:00Z,97.0
movies_678,Q104878841,Living 100 MPH,2019 film directed by Louis Bélanger,2019-08-21T00:00:00Z,
movies_679,Q104879226,Chandigarh Kare Aashiqui,2021 film directed by Abhishek Kapoor,2021-12-10T00:00:00Z,116.0
movies_680,Q104879981,Jug Jugg Jeeyo,2022 film directed by Raj Mehta,2022-06-24T00:00:00Z,
movies_681,Q104879992,North Hollywood,2021 film directed by Mikey Alfred,2021-03-26T00:00:00Z,
movies_682,Q104880067,Deception,2021 film directed by Arnaud Desplechin,2021-09-22T00:00:00Z,102.0
movies_683,Q104880088,You Won't Be Alone,2022 film directed by Goran Stolevski,2022-01-01T00:00:00Z,
movies_684,Q104880098,Introducing the Kujus,2020 Nigerian film directed by Biodun Stephen,2020-11-27T00:00:00Z,125.0
movies_685,Q104880622,"Charlie, Trevor and a Girl Savannah",2015 film directed by Ty Hodges,2015-06-19T00:00:00Z,
movies_686,Q104881084,Rita Moreno: Just a Girl Who Decided to Go for It,2021 film directed by Mariem Pérez Riera,2021-01-01T00:00:00Z,90.0
movies_687,Q104882631,One for the Road,2021 film directed by Nattawut Poonpiriya,2021-01-28T00:00:00Z,128.0
movies_688,Q104882831,Hive,2021 film directed by Blerta Basholli,2021-01-31T00:00:00Z,83.0
movies_689,Q104884487,Call Your Father,2016 short film by Jordan Firstman,2016-01-01T00:00:00Z,20.0
movies_690,Q104884519,Five Miles Out,2009 short film by Andrew Haigh,2009-01-01T00:00:00Z,18.0
movies_691,Q1048846,The Sum of All Fears,2002 film by Phil Alden Robinson,2002-05-29T00:00:00Z,119.0
movies_692,Q104889029,Blacklight,2022 film directed by Mark Williams,2022-02-10T00:00:00Z,104.0
movies_693,Q104891260,The Gray Man,2022 film directed by Anthony Russo and Joe Russo,2022-07-13T00:00:00Z,129.0
movies_694,Q104893624,Na psí knízku,film directed by František Filip,2002-01-01T00:00:00Z,75.0
movies_695,Q104893632,Omega Force,film directed by Lloyd A. Simandl,2002-01-01T00:00:00Z,92.0
movies_696,Q104893819,Slaves of the Realm,film directed by Lloyd A. Simandl,2003-01-01T00:00:00Z,99.0
movies_697,Q104893911,Dirty Soul,film directed by Milan Cieslar,2004-10-14T00:00:00Z,99.0
movies_698,Q104893985,O svatební krajce,film directed by Jiří Chlumský,2003-01-01T00:00:00Z,78.0
movies_699,Q104894213,Smrt pedofila,film directed by Ivan Pokorný,2003-01-01T00:00:00Z,85.0
movies_700,Q104894228,Vrazda kocky domácí,film directed by Milan Růžička,2004-01-01T00:00:00Z,79.0
movies_701,Q104894230,66 Seasons,film directed by Peter Kerekes,2003-01-01T00:00:00Z,86.0
movies_702,Q104894233,Lovers & Murderers,film directed by Viktor Polesný,2004-01-01T00:00:00Z,108.0
movies_703,Q104894247,Dopisy v krajkách,2003 film directed by Jaroslav Pozzi,2003-01-01T00:00:00Z,58.0
movies_704,Q104894562,Jak chutnà láska,2002 film directed by Jana Semschová,2002-01-01T00:00:00Z,65.0
movies_705,Q104894572,Rail Yard Blues,film directed by Pavel Göbl,2006-01-01T00:00:00Z,90.0
movies_706,Q104894603,Poklad na Sovím hrádku,film directed by Zdeněk Zelenka,2004-01-01T00:00:00Z,69.0
movies_707,Q104894628,Beethoven's Hair,film directed by Larry Weinstein,2005-01-01T00:00:00Z,90.0
movies_708,Q104894644,Experti,2006 film directed by Karel Coma,2006-01-01T00:00:00Z,85.0
movies_709,Q104894696,Psí kus,film directed by Mirek Balajka,2005-01-01T00:00:00Z,79.0
movies_710,Q104894791,O zivot,film directed by Milan Šteindler and Marek Dobeš,2008-01-01T00:00:00Z,85.0
movies_711,Q104894842,Born Into Shit,film directed by Marcel Bystroň,2006-01-01T00:00:00Z,90.0
movies_712,Q104894865,Prsten krále reky,film directed by Otakar Kosek,2004-01-01T00:00:00Z,58.0
movies_713,Q104894924,The Catfish Summer,2007 film directed by Michal Krajňák,2007-01-01T00:00:00Z,100.0
movies_714,Q104895068,"Same to You, Boss!",film directed by Martin Kotík,2008-01-01T00:00:00Z,92.0
movies_715,Q104895069,English Strawberries,film directed by Vladimír Drha,2008-01-01T00:00:00Z,114.0
movies_716,Q104895077,The God's Rainbow,film directed by Jiří Svoboda,2008-01-01T00:00:00Z,83.0
movies_717,Q104895083,V hlavní roli,film directed by Petr Slavík,2008-01-01T00:00:00Z,90.0
movies_718,Q104895087,"Jan Saudek: Trapped by His Passions, No Hope for Rescue",film directed by Adolf Zika,2007-01-01T00:00:00Z,96.0
movies_719,Q104895103,Someone Down There Likes Me,2009 film directed by Roman Vojkůvka,2009-01-01T00:00:00Z,120.0
movies_720,Q104895114,Who's Afraid of the Wolf?,film directed by Maria Procházková,2008-01-01T00:00:00Z,90.0
movies_721,Q104895115,Nadmerné malickosti: Kukacky,film directed by Zuzana Zemanová,2007-01-01T00:00:00Z,48.0
movies_722,Q104895138,El Paso,film directed by Zdeněk Tyc,2009-01-01T00:00:00Z,100.0
movies_723,Q104895146,Run with Fear,film directed by Lloyd A. Simandl,2005-01-01T00:00:00Z,96.0
movies_724,Q104895270,Foxes,film directed by Mira Fornay,2009-01-01T00:00:00Z,90.0
movies_725,Q104895390,The Tango with Mosquitos,film directed by Miloslav Luther,2009-01-01T00:00:00Z,97.0
movies_726,Q104895416,Devatenact klaviru,film directed by Dušan Klein,2008-01-01T00:00:00Z,82.0
movies_727,Q104895418,O bílé paní,film directed by Martin Dolenský,2008-01-01T00:00:00Z,59.0
movies_728,Q104895456,Aljona,film directed by Jaroslav Brabec,2009-01-01T00:00:00Z,95.0
movies_729,Q104895514,Jménem krále,film directed by Petr Nikolaev,2009-01-01T00:00:00Z,77.0
movies_730,Q104895595,The Slave Huntress 2,film directed by Lloyd A. Simandl,2009-01-01T00:00:00Z,89.0
movies_731,Q104895650,Celebrity Ltd.,film directed by Miloslav Šmídmajer,2015-01-01T00:00:00Z,97.0
movies_732,Q104895710,Bound Heat - The Final Victim,film directed by Lloyd A. Simandl,2003-01-01T00:00:00Z,93.0
movies_733,Q104895733,Trabantem Hedvábnou stezkou,film directed by Dan Přibáň,2009-01-01T00:00:00Z,57.0
movies_734,Q104895753,Treasure Kingdom,film directed by Lloyd A. Simandl,2002-01-01T00:00:00Z,94.0
movies_735,Q1048958,Stuart Little,1999 film directed by Rob Minkoff,2000-02-18T00:00:00Z,84.0
movies_736,Q104895810,H.R. Giger Revealed,2010 film directed by David N. Jahn,2010-01-01T00:00:00Z,52.0
movies_737,Q104895843,One Way Ticket,film directed by Tomáš Řehořek,2010-01-01T00:00:00Z,80.0
movies_738,Q104895943,D2: Train to the End of the World,2020 film directed by Petr Babinec,2020-01-01T00:00:00Z,77.0
movies_739,Q104895950,"Jses mrtvej, tak nebrec!",film directed by Jitka Němcová,2010-01-01T00:00:00Z,78.0
movies_740,Q104895962,Rodinka,film directed by Dušan Klein,2010-01-01T00:00:00Z,90.0
movies_741,Q104896056,Hasici,film directed by Jiří Chlumský,2011-01-01T00:00:00Z,80.0
movies_742,Q104896118,Nic proti nicemu,film directed by Petr Marek,2011-01-01T00:00:00Z,100.0
movies_743,Q104896244,The Treasure,film directed by Vít Karas,2012-01-01T00:00:00Z,85.0
movies_744,Q104896264,Cold Sunday,film directed by Ivan Pokorný,2012-01-01T00:00:00Z,92.0
movies_745,Q104896284,Muj vysvlecenej denik,film directed by Martin Dolenský,2012-01-01T00:00:00Z,90.0
movies_746,Q104896287,The Holy Quaternity,film directed by Jan Hřebejk,2012-01-01T00:00:00Z,78.0
movies_747,Q104896354,Bound Heat: Slave Tears of Rome: Part One,film directed by Lloyd A. Simandl,2011-01-01T00:00:00Z,84.0
movies_748,Q104896377,Stín smrtihlava,2012 film directed by Georgis Agathonikiadis,2012-01-01T00:00:00Z,86.0
movies_749,Q104896381,Vera 68,film directed by Olga Sommerová,2012-05-03T00:00:00Z,91.0
movies_750,Q104896589,Velvet Terrorists,film directed by Ivan Ostrochovský and Peter Kerekes,2013-01-01T00:00:00Z,87.0
movies_751,Q104896619,"Zeny, které nenávidí muze",film directed by Robert Sedláček,2013-01-01T00:00:00Z,77.0
movies_752,Q104896628,Prípad pro rybáre,film directed by Lucie Bělohradská,2013-01-01T00:00:00Z,78.0
movies_753,Q104896629,Isabel,film directed by Lukáš Melník,2013-01-01T00:00:00Z,90.0
movies_754,Q104896744,Defiant Requiem,2012 film directed by Doug Shultz,2012-01-01T00:00:00Z,85.0
movies_755,Q104896814,Maturita,film directed by Tomáš Houška,2013-01-01T00:00:00Z,87.0
movies_756,Q104896828,The Self Lover,film directed by Filip Renč,2013-01-01T00:00:00Z,91.0
movies_757,Q104896834,Modelky s.r.o.,film directed by Tomáš Magnusek and David Laňka,2014-01-01T00:00:00Z,105.0
movies_758,Q104896839,Once Upon an Island,film directed by Steve Lichtag,2015-01-01T00:00:00Z,73.0
movies_759,Q104896856,The Goat Cure,film directed by Lenka Wimmerová,2017-01-01T00:00:00Z,69.0
movies_760,Q104896872,Show!,film directed by Bohdan Bláhovec,2013-01-01T00:00:00Z,69.0
movies_761,Q104896951,Rumbling,film directed by Adolf Zika,2015-01-01T00:00:00Z,91.0
movies_762,Q104897029,Raluca,2014 film directed by Zdeněk Viktora,2014-01-01T00:00:00Z,76.0
movies_763,Q104897073,Boys from the Mountains,film directed by Tomáš Magnusek,2018-01-01T00:00:00Z,90.0
movies_764,Q104897195,Pinocchio,film directed by Štěpán Gajdoš,2015-01-01T00:00:00Z,96.0
movies_765,Q104897207,1989: Z deníku Ivany A.,2014 film directed by Karel Strachota,2014-10-28T00:00:00Z,42.0
movies_766,Q104897326,Listopad: A Memory of the Velvet Revolution,2014 film directed by Gary Keith Griffin,2014-01-01T00:00:00Z,90.0
movies_767,Q104897353,Das goldene Ufer,2015 film directed by Christoph Schrewe,2015-04-05T00:00:00Z,104.0
movies_768,Q104897402,Princ Mamánek,film directed by Jan Budař,2022-10-27T00:00:00Z,101.0
movies_769,Q104897445,Cesta domu,2021 film directed by Tomáš Vorel,2021-01-01T00:00:00Z,92.0
movies_770,Q104897447,The Promised Princess,film directed by Ivan Pokorný,2016-01-01T00:00:00Z,106.0
movies_771,Q104897449,Ostravak Ostravski,2016 film directed by David Kočár,2016-01-01T00:00:00Z,90.0
movies_772,Q104897465,"Den, kdy nevyslo slunce",film directed by Jitka Němcová,2002-01-01T00:00:00Z,80.0
movies_773,Q104897470,Zahradnictví: Rodinný prítel,film directed by Jan Hřebejk,2017-04-27T00:00:00Z,130.0
movies_774,Q104897475,Zahradnictví: Dezertér,film directed by Jan Hřebejk,2017-09-28T00:00:00Z,115.0
movies_775,Q104897476,Zahradnictví: Nápadník,film directed by Jan Hřebejk,2017-11-16T00:00:00Z,113.0
movies_776,Q104897480,Zátopek,2016 documentary film directed by David Ondříček,2016-01-01T00:00:00Z,52.0
movies_777,Q104897667,Prípad dvou sester,film directed by Lucie Bělohradská,2019-01-01T00:00:00Z,75.0
movies_778,Q104897668,Prípad dvou básníku,film directed by Lucie Bělohradská,2019-01-01T00:00:00Z,73.0
movies_779,Q104897669,Prípad dvou manzelek,film directed by Lucie Bělohradská,2019-01-01T00:00:00Z,72.0
movies_780,Q104897682,Nejlepsí prítel,film directed by Karel Janák,2017-01-01T00:00:00Z,97.0
movies_781,Q104897700,Králové videa,2020 film directed by Lukáš Bulava,2020-01-01T00:00:00Z,82.0
movies_782,Q104897706,"Zero, Zero",2018 film directed by Gyula Nemes,2015-09-24T00:00:00Z,83.0
movies_783,Q104897708,Amerika,film directed by Jan Foukal,2015-01-01T00:00:00Z,70.0
movies_784,Q104897715,Dívka za zrcadlem,film directed by Andrea Sedláčková,2018-01-01T00:00:00Z,104.0
movies_785,Q104897728,Elixír a Halíbela,film directed by Dušan Klein,2001-01-01T00:00:00Z,57.0
movies_786,Q104897772,Vecne tvá neverná,film directed by Milan Cieslar,2018-01-01T00:00:00Z,92.0
movies_787,Q104897784,Two Brides and One Wedding,2018 film directed by Tomáš Svoboda,2018-01-01T00:00:00Z,89.0
movies_788,Q104897799,Backstage,film directed by Andrea Sedláčková,2018-01-01T00:00:00Z,90.0
movies_789,Q104897805,A December Royal at Christmas,film directed by Jan Pachl,2018-01-01T00:00:00Z,88.0
movies_790,Q104897872,Double Trouble,film directed by Jakub Sommer,2018-01-01T00:00:00Z,81.0
movies_791,Q104897873,Pepa,film directed by Ján Novák,2018-01-01T00:00:00Z,88.0
movies_792,Q104897882,When the War Comes,2018 film directed by Jan Gebert,2018-01-01T00:00:00Z,76.0
movies_793,Q104897895,Hendi & Hormoz,2018 film directed by Abbas Amini,2018-02-22T00:00:00Z,88.0
movies_794,Q104897955,Johancino tajemství,film directed by Juraj Nvota,2015-01-01T00:00:00Z,85.0
movies_795,Q104898004,The Play,film directed by Alejandro Fernández Almendras,2019-01-01T00:00:00Z,93.0
movies_796,Q104898005,Léto s gentlemanem,film directed by Jiří Adamec,2019-01-01T00:00:00Z,98.0
movies_797,Q104898012,Andílci za skolou,film directed by Jan Lengyel,2022-01-01T00:00:00Z,100.0
movies_798,Q104898014,Voda co ma drzí nad vodou,film directed by Tomáš Magnusek,2019-01-01T00:00:00Z,73.0
movies_799,Q104898032,The Good Death,2019 film directed by Tomáš Krupa,2018-01-01T00:00:00Z,83.0
movies_800,Q104898070,Deliverance: The Making of Kingdom Come,2018 film,2018-01-01T00:00:00Z,98.0
movies_801,Q104898075,Batastories,film directed by Peter Kerekes,2019-01-01T00:00:00Z,105.0
movies_802,Q104898097,Miss Hanoi,2018 film directed by Zdeněk Viktora,2018-01-01T00:00:00Z,86.0
movies_803,Q104898113,Stárí není pro sraby,2022 film directed by Tomáš Magnusek,2022-01-01T00:00:00Z,85.0
movies_804,Q104898118,Leakage,2019 film directed by Suzan Iravanian,2019-01-01T00:00:00Z,105.0
movies_805,Q104898122,Princess Goldenhair,Czech fairytale movie (2025),2025-01-23T00:00:00Z,116.0
movies_806,Q104898157,Shoky & Morthy: Last Big Thing,2021 film directed by Andy Fehu,2021-01-01T00:00:00Z,99.0
movies_807,Q104898202,My Story,2019 film directed by Libor Adam,2019-01-01T00:00:00Z,93.0
movies_808,Q104898208,Solo,2019 film directed by Artemio Benki,2019-10-31T00:00:00Z,85.0
movies_809,Q104898226,Nejvetsí dar,2022 film directed by Marta Gerlíková,2022-01-01T00:00:00Z,95.0
movies_810,Q104898263,Lost in Paradise,2021 film directed by Fiona Ziegler,2021-01-01T00:00:00Z,75.0
movies_811,Q104898265,Abstinent,film directed by David Vigner,2019-01-01T00:00:00Z,78.0
movies_812,Q104898269,Never Happened,2019 film directed by Barbora Berezňáková,2019-01-01T00:00:00Z,81.0
movies_813,Q104898271,Párty Hárd,film directed by Martin Pohl,2019-01-01T00:00:00Z,62.0
movies_814,Q104898275,The Word,2022 film directed by Beata Parkanová,2022-01-01T00:00:00Z,104.0
movies_815,Q104898277,Nobody Likes Me,film directed by Tomáš Weinreb Petr Kazda,2025-01-16T00:00:00Z,105.0
movies_816,Q104898284,Oroslan,film directed by Matjaž Ivanišin,2019-01-01T00:00:00Z,72.0
movies_817,Q104898298,Ukradnutý Stát,film directed by Zuzana Piussi,2019-01-01T00:00:00Z,79.0
movies_818,Q104898310,Son-Mother,2020 film directed by Mahnaz Mohammadi,2019-01-01T00:00:00Z,102.0
movies_819,Q104898341,The Unbalanced,2022 film directed by Zuzana Piussi,2022-01-01T00:00:00Z,82.0
movies_820,Q104898346,Carovný kamienok,2019 film directed by Kristína Herczegová,2019-01-01T00:00:00Z,84.0
movies_821,Q104898368,The Vasulka Effect,2020 film directed by Hrafnhildur Gunnarsdóttir,2019-01-01T00:00:00Z,87.0
movies_822,Q104898428,I Believe That More Light Will Not be Needed,film directed by Olga Sommerová,2020-01-01T00:00:00Z,53.0
movies_823,Q104898441,Two words as the key,film directed by Dan Svátek,2023-01-01T00:00:00Z,100.0
movies_824,Q104898455,Arvéd,film directed by Vojtěch Mašek,2022-08-25T00:00:00Z,120.0
movies_825,Q104898462,Bandits of the Ballad,2022 Czech film directed by Vladimír Morávek,2022-12-01T00:00:00Z,80.0
movies_826,Q104898482,Mothers,2021 film directed by Vojtěch Moravec,2021-01-01T00:00:00Z,95.0
movies_827,Q104898492,"Ach, ta láska nebeská...",film directed by Jakub Wehrenberg,2020-01-01T00:00:00Z,65.0
movies_828,Q104898525,Waves,2024 film directed by Jiří Mádl,2024-07-01T00:00:00Z,131.0
movies_829,Q104898528,Jak ukrást Dagmaru,film directed by Jaroslav Soukup,2001-01-01T00:00:00Z,75.0
movies_830,Q104898544,Modern Father's Diary,2021 film directed by Jan Haluza,2021-08-12T00:00:00Z,97.0
movies_831,Q104898550,Brouk v hlave,film directed by Zdeněk Zelenka,2002-01-01T00:00:00Z,93.0
movies_832,Q104898552,Nepodepsaný knoflík,film directed by Petr Kotek,2003-01-01T00:00:00Z,89.0
movies_833,Q104898574,Love on the Spikes,2021 film directed by Petr Zahrádka,2022-11-17T00:00:00Z,103.0
movies_834,Q104898636,Punch and Run,2021 film directed by Adam Hobzik,2021-07-08T00:00:00Z,99.0
movies_835,Q104898639,Vyšehrad: Fylm,2022 Czech film directed by Jakub Štáfek and Martin Kopp,2022-04-14T00:00:00Z,105.0
movies_836,Q104898643,Grand Prix,film directed by Jan Prušinovský,2022-11-17T00:00:00Z,107.0
movies_837,Q104898645,Borders of Love,2022 film directed by Tomasz Wiński,2022-01-01T00:00:00Z,95.0
movies_838,Q104898646,Ordinary Failures,2022 film directed by Cristina Groşan,2022-10-27T00:00:00Z,84.0
movies_839,Q104898647,Vánocní príbeh,2022 film directed by Irena Pavlásková,2022-01-01T00:00:00Z,123.0
movies_840,Q104898664,Zboznovaný,2021 film directed by Petr Kolečko,2021-01-01T00:00:00Z,99.0
movies_841,Q104898764,The Last Race,2022 film directed by Tomáš Hodan,2022-03-24T00:00:00Z,102.0
movies_842,Q104898797,Gorbachev. Heaven,film directed by Vitaly Mansky,2020-11-19T00:00:00Z,100.0
movies_843,Q104898805,Falling Tears,2022 film directed by Michaela Semela,2022-01-01T00:00:00Z,83.0
movies_844,Q104898818,Bastardi: Reparát,film directed by Tomáš Magnusek,2023-01-01T00:00:00Z,86.0
movies_845,Q104898823,Parallel Worlds,film directed by Petr Václav,2001-01-01T00:00:00Z,100.0
movies_846,Q104898836,The Eye,2009 film directed by Miloš J. Kohout,2009-01-01T00:00:00Z,100.0
movies_847,Q104898842,V lete ti poviem,2022 film directed by Marta Ferencová,2022-01-01T00:00:00Z,111.0
movies_848,Q104898845,Only for Tereza,2021 film directed by Jaroslav Fuit,2021-01-01T00:00:00Z,102.0
movies_849,Q104898905,Two Lions Heading to Venice,2020 film directed by Jonid Jorgji,2021-07-07T00:00:00Z,95.0
movies_850,Q104898913,Lifeline,2021 film directed by Rudolf Havlík,2021-01-01T00:00:00Z,81.0
movies_851,Q104898929,Lakomec,film directed by Zdeněk Zelenka,2003-01-01T00:00:00Z,100.0
movies_852,Q104899860,Three Sisters,2020 South Korean drama film,2021-01-27T00:00:00Z,115.0
movies_853,Q104902025,They Cloned Tyrone,2023 film by Juel Taylor,2023-06-14T00:00:00Z,
movies_854,Q104902123,Lagos Real Fake Life,2018 Nigerian Comedy Film,2018-01-01T00:00:00Z,118.0
movies_855,Q104902161,We Need to Do Something,US film by Sean King O'Grady,2021-06-01T00:00:00Z,97.0
movies_856,Q104902469,Ainu Mosir,2020 Japanese film by Takeshi Fukunaga,2020-11-17T00:00:00Z,84.0
movies_857,Q104902930,The Manor,2021 film directed by Axelle Carolyn,2021-01-01T00:00:00Z,81.0
movies_858,Q104902956,Knocking,2021 film directed by Frida Kempff,2021-01-01T00:00:00Z,78.0
movies_859,Q104902967,Hatching,2022 film directed by Hanna Bergholm,2022-03-04T00:00:00Z,83.0
movies_860,Q104903195,The Stranger,2022 film directed by Thomas M. Wright,2022-05-20T00:00:00Z,117.0
movies_861,Q104903238,Coming Home in the Dark,2021 film directed by James Ashcroft,2021-01-31T00:00:00Z,93.0
movies_862,Q104904706,Liger,2022 film directed by Puri Jagannadh,2022-08-25T00:00:00Z,138.0
movies_863,Q104904964,Sisters,2020 film directed by Yamina Benguigui,2020-08-31T00:00:00Z,99.0
movies_864,Q104906978,Putin's Palace,2021 documentary film by the Anti-Corruption Foundation,2021-01-19T00:00:00Z,112.0
movies_865,Q1049095,Rent,2005 film by Chris Columbus,2005-01-01T00:00:00Z,135.0
movies_866,Q1049139,Spy Game,2001 film directed by Tony Scott,2001-11-19T00:00:00Z,121.0
movies_867,Q104929713,Life as It Should Be,2020 Dutch film directed by Ruud Schuurman,2020-07-29T00:00:00Z,108.0
movies_868,Q10493778,Falling Beauty,2004 film by Lena Hanno,2004-01-01T00:00:00Z,96.0
movies_869,Q10493924,Family Secrets,2001 film by Kjell-Åke Andersson,2001-01-26T00:00:00Z,101.0
movies_870,Q1049480,This Means War,2012 film directed by McG,2012-02-14T00:00:00Z,97.0
movies_871,Q10494821,Festival,2001 film,2001-01-01T00:00:00Z,
movies_872,Q1049558,Miss Minoes,2001 Dutch film directed by Vincent Bal,2001-12-06T00:00:00Z,86.0
movies_873,Q10495749,Fishy,2008 film by Maria Blom,2008-01-01T00:00:00Z,
movies_874,Q10496806,Flimmer,2012 film by Patrik Eklund,2012-01-31T00:00:00Z,100.0
movies_875,Q10497055,Flyvende farmor,2001 film by Steen Rasmussen,2001-02-09T00:00:00Z,77.0
movies_876,Q104972691,Borga,2021 film directed by York-Fabian Raabe,2021-01-18T00:00:00Z,104.0
movies_877,Q1049916,Divine Secrets of the Ya-Ya Sisterhood,2002 film by Callie Khouri,2002-06-03T00:00:00Z,112.0
movies_878,Q10499612,Främmande,2007 film by Markus Widegren,2007-01-01T00:00:00Z,82.0
movies_879,Q10500605,Four Weeks in June,2005 film by Henry Meyer,2005-01-01T00:00:00Z,100.0
movies_880,Q10500607,Four more years,2010 film by Tova Magnusson,2010-11-26T00:00:00Z,90.0
movies_881,Q1050065,REC 2,2009 Spanish horror film,2009-10-02T00:00:00Z,85.0
movies_882,Q1050093,Cat Run,2011 film directed by John Stockwell,2011-04-01T00:00:00Z,106.0
movies_883,Q10501041,The Birthday,2000 film by Richard Hobert,2000-01-01T00:00:00Z,114.0
movies_884,Q1050105,"Torrente, the dumb arm of the law",1998 film by Santiago Segura,2015-04-16T00:00:00Z,97.0
movies_885,Q105011829,3:19,Spanish film directed by Dany Saadia,2008-01-01T00:00:00Z,105.0
movies_886,Q105012220,31 Million Reasons,film directed by John Barker,2011-01-01T00:00:00Z,
movies_887,Q105012394,A Hero,2021 film directed by Asghar Farhadi,2021-07-13T00:00:00Z,128.0
movies_888,Q10502664,Gangster,2007 film by Steve Aalam,2007-01-01T00:00:00Z,
movies_889,Q105038174,Carmen,2022 film directed by Benjamin Millepied,2022-01-01T00:00:00Z,116.0
movies_890,Q105038484,The Snail and the Whale,2019 short film directed by Max Lang and Daniel Snaddon,2019-12-25T00:00:00Z,27.0
movies_891,Q105043236,The Dog Who Wouldn't Be Quiet,2021 film directed by Ana Katz,2021-01-30T00:00:00Z,73.0
movies_892,Q105043566,A Woman's Work: The NFL's Cheerleader Problem,2019 film directed by Yu Gu,2019-01-01T00:00:00Z,80.0
movies_893,Q105043940,Pleasure,2021 film directed by Ninja Thyberg,2021-01-30T00:00:00Z,105.0
movies_894,Q105043951,The Blazing World,2021 film directed by Carlson Young,2021-01-01T00:00:00Z,101.0
movies_895,Q105043986,We're All Going to the World's Fair,2021 film directed by Jane Schoenbrun,2021-01-01T00:00:00Z,86.0
movies_896,Q105044032,Strawberry Mansion,2021 film directed by Albert Birney and Kentucker Audley,2021-01-29T00:00:00Z,91.0
movies_897,Q105044060,Before the World Set on Fire,2023 film directed by Jaclyn Bethany,2023-01-01T00:00:00Z,
movies_898,Q105044259,Together Together,2021 film directed by Nikole Beckwith,2021-01-31T00:00:00Z,90.0
movies_899,Q105044498,The Tiger Rising,2022 film directed by Ray Giarratana,2022-01-21T00:00:00Z,
movies_900,Q105046952,Host,2015 film directed by Jan Vardøen,2015-10-16T00:00:00Z,99.0
movies_901,Q105047385,Balnearios,2002 film directed by Mariano Llinás,2002-01-01T00:00:00Z,80.0
movies_902,Q1050528,Immortals,2011 fantasy film directed by Tarsem Singh,2011-01-01T00:00:00Z,110.0
movies_903,Q10505285,The Glass Devil,2008 film,2008-06-11T00:00:00Z,
movies_904,Q1050558,Catch a Fire,2006 film by Phillip Noyce,2006-09-02T00:00:00Z,98.0
movies_905,Q105062959,Savage Salvation,2022 film directed by Randall Emmett,2022-01-01T00:00:00Z,
movies_906,Q105063013,Omo Ghetto: The Saga,2020 Nigerian film directed by JJC Skillz and Funke Akindele,2020-01-01T00:00:00Z,110.0
movies_907,Q105064429,A Long Story,"Dutch Rumenian film, 2013",2013-10-17T00:00:00Z,89.0
movies_908,Q105070567,Freakscene – The Story of Dinosaur Jr.,2021 film directed by Philipp Reichenheim,2021-09-09T00:00:00Z,82.0
movies_909,Q105070632,The Commando,2022 film directed by Asif Akbar,2022-01-07T00:00:00Z,93.0
movies_910,Q105070966,Psychosis in Stockholm,2020 film by Maria Bäck,2020-08-28T00:00:00Z,101.0
movies_911,Q1050720,Happythankyoumoreplease,2010 film by Josh Radnor,2010-01-20T00:00:00Z,92.0
movies_912,Q1050729,Caterpillar,2010 film directed by Kōji Wakamatsu,2010-02-15T00:00:00Z,85.0
movies_913,Q105077561,Antim: The Final Truth,2021 film directed by Mahesh Manjrekar,2021-11-26T00:00:00Z,140.0
movies_914,Q105078132,Choricha Mamla,2020 Marathi comedy film directed by Priyadarshan Jadhav,2020-01-31T00:00:00Z,
movies_915,Q105080380,The Soul,2021 film directed by Cheng Wei-hao,2021-01-15T00:00:00Z,124.0
movies_916,Q105081740,The Deep House,2021 film directed by Julien Maury and Alexandre Bustillo,2021-06-30T00:00:00Z,85.0
movies_917,Q105081798,Kandisha,2020 film by Julien Maury and Alexandre Bustillo,2020-01-01T00:00:00Z,85.0
movies_918,Q105081812,Hunted,2020 film directed by Vincent Paronnaud,2020-01-01T00:00:00Z,87.0
movies_919,Q105082058,Cop Secret,2021 film directed by Hannes Þór Halldórsson,2021-01-01T00:00:00Z,98.0
movies_920,Q105082230,The Fisherman's Diary,2020 film directed by Enah Johnscott,2020-01-01T00:00:00Z,143.0
movies_921,Q105085648,The Europeans,2020 film directed by Víctor García León,2020-08-28T00:00:00Z,89.0
movies_922,Q105085668,Both Sides of the Blade,2022 film directed by Claire Denis,2022-02-12T00:00:00Z,117.0
movies_923,Q105086602,Stuck Together,2021 film directed by Dany Boon,2021-01-01T00:00:00Z,125.0
movies_924,Q105091466,One Second,2021 film directed by Akram Farid,2021-05-13T00:00:00Z,103.0
movies_925,Q105095126,Vindication Swim,2024 film directed by Elliott Hasler,2024-03-08T00:00:00Z,
movies_926,Q105095144,Ambulance,2022 film directed by Michael Bay,2022-03-17T00:00:00Z,136.0
movies_927,Q105095293,Day of Destiny,2021 Nigerian film directed by Akay Mason and Abosi Ogba,2021-01-01T00:00:00Z,
movies_928,Q105095346,Love at First Sight,2023 film directed by Vanessa Caswill,2023-09-15T00:00:00Z,91.0
movies_929,Q10509989,Gröna gubbar från Y.R.,1986 film by Hans Hatwig,2005-07-27T00:00:00Z,85.0
movies_930,Q105100020,Spencer,2021 film directed by Pablo Larraín,2021-09-03T00:00:00Z,117.0
movies_931,Q105101851,Neither Forget Nor Forgive,2020 short film directed by Jordi Boquet i Claramunt,2020-01-01T00:00:00Z,21.0
movies_932,Q105102350,Kurup,2021 film directed by Srinath Rajendran,2021-11-12T00:00:00Z,155.0
movies_933,Q105102395,Old Henry,2021 film directed by Potsy Ponciroli,2021-01-01T00:00:00Z,99.0
movies_934,Q105102560,Queenpins,2021 film directed by Aron Gaudet and Gita Pullapilly,2021-01-01T00:00:00Z,110.0
movies_935,Q105103910,The School for Good and Evil,2022 film directed by Paul Feig,2022-10-19T00:00:00Z,147.0
movies_936,Q105105219,The Fantastic Four: First Steps,2025 film directed by Matt Shakman,2025-07-24T00:00:00Z,114.0
movies_937,Q10510527,The Gold Digger,2008 film by Alexander Moberg,2008-01-01T00:00:00Z,87.0
movies_938,Q105112819,The Vault,2021 film directed by Jaume Balagueró,2021-01-15T00:00:00Z,118.0
movies_939,Q105117959,Trio – Jakten på Olavsskrinet,2017 film directed by Eva Dahr,2017-02-17T00:00:00Z,77.0
movies_940,Q1051184,Diary,"2006 film by Danny Pang Phat, Oxide Pang Chun",2006-01-01T00:00:00Z,101.0
movies_941,Q105123073,To Catch a Killer,2023 film directed by Damián Szifron,2023-04-06T00:00:00Z,119.0
movies_942,Q105123403,Eyimofe,2020 Nigerian drama film by Arie Esiri and Chuko Esiri,2020-10-11T00:00:00Z,114.0
movies_943,Q1051315,Cats & Dogs,2001 film directed by Lawrence Guterman,2001-07-04T00:00:00Z,83.0
movies_944,Q105145336,F3,2022 film directed by Anil Ravipudi,2022-05-27T00:00:00Z,148.0
movies_945,Q1051469,The Core,2003 US-UK film directed by Jon Amiel,2003-01-01T00:00:00Z,137.0
movies_946,Q105152510,Rumba Therapy,2020 film directed by Franck Dubosc,2022-08-24T00:00:00Z,102.0
movies_947,Q105157284,Mare,2020 film directed by Andrea Štaka,2020-02-23T00:00:00Z,84.0
movies_948,Q105165329,Below Zero,2021 film directed by Lluís Quílez,2021-01-29T00:00:00Z,106.0
movies_949,Q10516771,Agent Hamilton - But Not If It Concerns Your Daughter,2012 film directed by Tobias Falk,2012-09-07T00:00:00Z,90.0
movies_950,Q1051702,Ultimate Avengers,2006 film by Curt Geda,2006-02-21T00:00:00Z,72.0
movies_951,Q10517366,Making Babies,2001 film by Daniel Lind Lagerlöf,2001-01-29T00:00:00Z,
movies_952,Q10517905,Happy End,2011 film by Björn Runge,2011-01-01T00:00:00Z,97.0
movies_953,Q10518037,Hardcore,2004 film by Dennis Iliadis,2004-03-12T00:00:00Z,96.0
movies_954,Q10518329,Harrys döttrar,2005 film by Richard Hobert,2005-01-01T00:00:00Z,106.0
movies_955,Q10518417,Hassel: There Is No Mercy!,2000 film by Mikael Hylin,2000-01-01T00:00:00Z,107.0
movies_956,Q10518419,Hassel - Privatspanarna,2012 film by Måns Månsson,2012-11-09T00:00:00Z,74.0
movies_957,Q10518535,Hata Göteborg,2007 film by Robert Lillhonga,2007-01-01T00:00:00Z,82.0
movies_958,Q10520662,Home Sweet Home,2001 film by Dan Ying,2001-01-01T00:00:00Z,
movies_959,Q105207355,Hi My Name is Jonny Polonsky,2020 documentary film,2020-01-01T00:00:00Z,70.0
movies_960,Q105221616,"Hi, Mom",2021 film by Jia Ling,2021-02-12T00:00:00Z,128.0
movies_961,Q1052260,New Year's Eve,2011 film by Garry Marshall,2011-12-05T00:00:00Z,118.0
movies_962,Q105226296,American Underdog,2021 film directed by Andrew and Jon Erwin,2021-01-01T00:00:00Z,112.0
movies_963,Q105226458,Born a Champion,2021 film directed by Alex Ranarivelo,2021-01-22T00:00:00Z,112.0
movies_964,Q105227223,The Eternal Daughter,2022 film directed by Joanna Hogg,2022-09-06T00:00:00Z,96.0
movies_965,Q10526526,Hot Dog,2002 Swedish drama film directed by Alexandra-Therese Keining,2002-01-01T00:00:00Z,
movies_966,Q10526581,The Golden Piglet Hotel,2011 film by Mikael Syrén,2011-02-23T00:00:00Z,90.0
movies_967,Q10526606,Hotet (The Threat),2004 film by Kjell Sundvall,2004-01-01T00:00:00Z,103.0
movies_968,Q1052682,The Keys to the House,2004 film by Gianni Amelio,2004-01-01T00:00:00Z,105.0
movies_969,Q10527185,The Hundred-Year-Old Man Who Climbed Out the Window and Disappeared,2013 film by Felix Herngren,2013-12-25T00:00:00Z,115.0
movies_970,Q10527257,The Importance of Tying Your Own Shoes,2011 film by Lena Koppel,2011-03-18T00:00:00Z,101.0
movies_971,Q10527261,"Anyway, He's Definitely Dead",2000 film by Kjell Sundvall,2000-08-28T00:00:00Z,95.0
movies_972,Q105296003,One for All,2020 film directed by David Ilundain,2020-09-18T00:00:00Z,94.0
movies_973,Q105296607,Mediterraneo: The Law of the Sea,2021 film directed by Marcel Barrena,2021-10-01T00:00:00Z,100.0
movies_974,Q1052975,Cell 211,2009 film by Daniel Monzón,2009-09-04T00:00:00Z,110.0
movies_975,Q105301360,The Evil That Men Do,2016 film directed by Ramon Térmens,2016-02-19T00:00:00Z,90.0
movies_976,Q105301635,Once Upon a Time in the Desert,2022 film directed by Andrei Kravchuk,2022-02-23T00:00:00Z,121.0
movies_977,Q105318632,Sentinelle,2021 film directed by Julien Leclercq,2021-03-05T00:00:00Z,80.0
movies_978,Q105319877,The New Patriots,2020 Nigerian film,2021-06-11T00:00:00Z,103.0
movies_979,Q105319897,See How They Run,2022 film directed by Tom George,2022-09-08T00:00:00Z,98.0
movies_980,Q105320246,Inexorable,2021 film directed by Fabrice Du Welz,2021-09-07T00:00:00Z,99.0
movies_981,Q105321213,The Last Paradiso,2021 film directed by Rocco Ricciardulli,2021-02-05T00:00:00Z,107.0
movies_982,Q105322690,Escape the Field,2022 film directed by Emerson Moore,2021-01-01T00:00:00Z,85.0
movies_983,Q105326306,Cube,2021 film directed by Yasuhiko Shimizu,2021-10-22T00:00:00Z,108.0
movies_984,Q1053293,I Wish,2011 film by Hirokazu Koreeda,2011-06-11T00:00:00Z,128.0
movies_985,Q10532943,IMurders,2008 film,2008-01-01T00:00:00Z,99.0
movies_986,Q105332215,My Policeman,2022 film directed by Michael Grandage,2022-09-11T00:00:00Z,113.0
movies_987,Q10533236,In Your Veins,2009 film directed by Beata Gårdeler,2009-01-01T00:00:00Z,92.0
movies_988,Q105332658,Castle Falls,2021 film directed by Dolph Lundgren,2021-12-03T00:00:00Z,89.0
movies_989,Q105334186,What's Love Got to Do With It?,2022 film directed by Shekhar Kapur,2022-09-11T00:00:00Z,109.0
movies_990,Q10534834,In Their Skin,2012 film by Jeremy Power Regimbal,2012-01-01T00:00:00Z,97.0
movies_991,Q105359456,Ant-Man and the Wasp: Quantumania,2023 film directed by Peyton Reed,2023-02-15T00:00:00Z,124.0
movies_992,Q105359923,There Are No False Undertakings,2020 film directed by Olivier Godin,2020-10-07T00:00:00Z,109.0
movies_993,Q10536165,Intent,2003 film directed by Mary Ann Marino,2003-12-01T00:00:00Z,
movies_994,Q105369580,Fear Street Part 2: 1978,2021 film directed by Leigh Janiak,2021-07-09T00:00:00Z,110.0
movies_995,Q10537297,Iskariot,2008 film by Miko Lazić,2008-01-01T00:00:00Z,80.0
movies_996,Q105373024,Fear Street Part 3: 1666,2021 film directed by Leigh Janiak,2021-07-16T00:00:00Z,114.0
movies_997,Q105376776,Salt-N-Pepa,2021 film directed by Mario Van Peebles,2021-01-23T00:00:00Z,127.0
movies_998,Q1053770,Villain,2010 film by Lee Sang-il,2010-01-01T00:00:00Z,139.0
movies_999,Q105380802,The North Wind,2021 film directed by Renata Litvinova,2021-02-03T00:00:00Z,122.0
movies_1000,Q105388407,Veneciafrenia,2021 film directed by Álex de la Iglesia,2021-10-09T00:00:00Z,
movies_1001,Q10539097,I Miss You,2011 Swedish film directed by Anders Grönros,2011-08-19T00:00:00Z,125.0
movies_1002,Q10539208,I'm My Own Dolly Parton,2011 film by Jessica Nettelbladt,2011-01-01T00:00:00Z,97.0
movies_1003,Q105393825,Altered Reality,2024 film directed by Don E. FauntLeRoy,2024-02-16T00:00:00Z,
movies_1004,Q105393862,Titane,2021 film directed by Julia Ducournau,2021-07-14T00:00:00Z,108.0
movies_1005,Q105393880,Fresh,2022 film directed by Mimi Cave,2022-01-21T00:00:00Z,114.0
movies_1006,Q105395068,Couple from the Future,2021 film directed by Aleksey Nuzhnyy,2021-03-04T00:00:00Z,104.0
movies_1007,Q10539546,Jane Bomb,2004 film by Mike Beck,2004-02-25T00:00:00Z,81.0
movies_1008,Q1054036,Central Station,1998 film by Walter Salles,2018-07-11T00:00:00Z,113.0
movies_1009,Q10540363,Johan Falk: Barninfiltratören,2012 film by Richard Holm,2012-10-12T00:00:00Z,93.0
movies_1010,Q10540364,Johan Falk: Spelets regler,2012 film by Charlotte Brändström,2012-09-14T00:00:00Z,96.0
movies_1011,Q10540365,Johan Falk: Organizatsija Karayan,2012 film by Richard Holm,2012-10-05T00:00:00Z,97.0
movies_1012,Q10540367,Johan Falk: De fredlösa,2009 film by Daniel Lind Lagerlöf,2009-11-04T00:00:00Z,94.0
movies_1013,Q10540368,Johan Falk: Leo Gaut,2009 film by Richard Holm,2009-01-01T00:00:00Z,92.0
movies_1014,Q10540369,Johan Falk: National Target,2009 film by Richard Holm,2009-10-07T00:00:00Z,95.0
movies_1015,Q10540372,Johan Falk: Organizatsija Karayan,2009 film by Anders Nilsson,2009-09-23T00:00:00Z,
movies_1016,Q10540373,Johan Falk: Operation Näktergal,2009 film by Daniel Lind Lagerlöf,2009-01-01T00:00:00Z,90.0
movies_1017,Q105413030,Rabies,2023 film directed by Dmitry Dyachenko,2023-02-23T00:00:00Z,100.0
movies_1018,Q105413958,The Yin Yang Master,2021 film directed by Li Weiran,2021-02-12T00:00:00Z,
movies_1019,Q105414255,Il grande passo,2019 film by Antonio Padovan,2019-01-01T00:00:00Z,96.0
movies_1020,Q10541817,Järnets änglar,2007 film by Agneta Fagerström-Olsson,2007-01-01T00:00:00Z,113.0
movies_1021,Q105419566,White Snow,Russian film directed by Nikolay Khomeriki,2020-12-07T00:00:00Z,127.0
movies_1022,Q10542056,Jävla pojkar,2012 film by Shaker K. Tahrer,2012-04-13T00:00:00Z,81.0
movies_1023,Q105426084,I Comete − A Corsican Summer,2021 film directed by Pascal Tagnati,2021-02-04T00:00:00Z,128.0
movies_1024,Q105426085,Looking for Venera,2021 film directed by Norika Sefa,2021-02-05T00:00:00Z,111.0
movies_1025,Q105436193,The 180° Rule,2020 film by Farnoosh Samadi,2021-02-01T00:00:00Z,83.0
movies_1026,Q1054369,Night and Fog,2009 film by Ann Hui,2009-01-01T00:00:00Z,122.0
movies_1027,Q105438136,Petite Maman,2021 film directed by Céline Sciamma,2021-06-02T00:00:00Z,72.0
movies_1028,Q105438429,When You Finish Saving the World,2022 film directed by Jesse Eisenberg,2022-01-20T00:00:00Z,88.0
movies_1029,Q105438450,My Son,2021 film directed by Christian Carion,2021-09-15T00:00:00Z,95.0
movies_1030,Q105438929,Je suis Karl,2021 film directed by Christian Schwochow,2021-01-01T00:00:00Z,126.0
movies_1031,Q105438931,I'm Your Man,2021 film directed by Maria Schrader,2021-07-01T00:00:00Z,108.0
movies_1032,Q1054393,The Great Magician,2011 film by Derek Yee,2011-12-22T00:00:00Z,128.0
movies_1033,Q105439788,Night Raiders,2021 film directed by Danis Goulet,2021-01-01T00:00:00Z,1.0
movies_1034,Q105439938,Next Door,2021 film directed by Daniel Brühl,2021-07-15T00:00:00Z,92.0
movies_1035,Q105440980,Memory Box,2021 film directed by Joana Hadjithomas and Khalil Joreige,2021-01-01T00:00:00Z,102.0
movies_1036,Q105441000,Bad Luck Banging or Loony Porn,2021 film directed by Radu Jude,2021-03-01T00:00:00Z,106.0
movies_1037,Q105443513,A Cop Movie,2021 film directed by Alonso Ruizpalacios,2021-06-12T00:00:00Z,107.0
movies_1038,Q105443659,Introduction,2021 film directed by Hong Sang-soo,2022-02-02T00:00:00Z,65.0
movies_1039,Q10544366,Katinkas kalas,2012 film by Levan Akin,2012-01-01T00:00:00Z,105.0
movies_1040,Q105451455,Amalia in the Fall,2020 film,2020-11-20T00:00:00Z,75.0
movies_1041,Q105451488,Potato Dreams of America,film directed by Wes Hurley,2021-01-01T00:00:00Z,95.0
movies_1042,Q105451630,Social Hygiene,2021 film directed by Denis Côté,2021-01-01T00:00:00Z,
movies_1043,Q105451891,Tides,2021 film directed by Tim Fehlbaum,2021-01-01T00:00:00Z,104.0
movies_1044,Q1054521,Kisaragi,2007 film by Yūichi Satō,2007-01-01T00:00:00Z,110.0
movies_1045,Q105459562,Carwash,film directed by Claude Schmitz,2019-10-23T00:00:00Z,85.0
movies_1046,Q10546874,The Chef,Swedish 2005 film directed by Mats Arehn,2005-01-28T00:00:00Z,116.0
movies_1047,Q10547340,Kommer du med mig då,2003 film by Kjell Grede,2003-11-14T00:00:00Z,109.0
movies_1048,Q10547354,Kommissarie Späck,2010 film by Fredde Granberg,2010-06-04T00:00:00Z,82.0
movies_1049,Q105480282,Dear Mother,2020 film directed by Laurent Lafitte,2020-09-15T00:00:00Z,98.0
movies_1050,Q105480878,Paradise Cove,2021 film directed by Martin Guigui,2021-01-01T00:00:00Z,103.0
movies_1051,Q105481082,Wheel of Fortune and Fantasy,2021 film directed by Ryūsuke Hamaguchi,2021-01-01T00:00:00Z,121.0
movies_1052,Q105482844,Pinocchio,2022 film directed by Robert Zemeckis,2022-01-01T00:00:00Z,105.0
movies_1053,Q105487791,Les méchants,"2021 film directed by Dominique Baumard, Mouloud Achour",2021-01-01T00:00:00Z,79.0
movies_1054,Q105499632,Ninnila Ninnila,2021 film directed by Ani I. V. Sasi,2021-02-26T00:00:00Z,118.0
movies_1055,Q105502207,The Girl and the Spider,2021 film directed by Ramon Zürcher and Silvan Zürcher,2021-05-13T00:00:00Z,98.0
movies_1056,Q105505653,Brother’s Keeper,2021 film directed by Ferit Karahan,2021-01-01T00:00:00Z,85.0
movies_1057,Q1055069,Cold Fish,2010 film by Sion Sono,2010-09-07T00:00:00Z,146.0
movies_1058,Q10551011,High Rise Life - The Movie,2012 film by Mikael Syrén,2012-03-16T00:00:00Z,84.0
movies_1059,Q1055136,I Just Didn't Do It,2007 film by Masayuki Suo,2007-01-01T00:00:00Z,143.0
movies_1060,Q10551501,Graveyard Island,2004 film by Martin Forsström,2004-01-01T00:00:00Z,98.0
movies_1061,Q105515378,Superagente Makey,2020 film directed by Alfonso Sánchez Fernández,2020-07-17T00:00:00Z,
movies_1062,Q10551712,As Seen on TV,2001 film by Fredrik Lindström,2001-01-01T00:00:00Z,96.0
movies_1063,Q10551717,Shed No Tears,"2013 film by Måns Mårlind, Björn Stein",2013-07-19T00:00:00Z,109.0
movies_1064,Q10551780,Kärlek 3000,2008 film by Shahriyar Latifzadeh,2008-01-01T00:00:00Z,90.0
movies_1065,Q1055299,Scary Movie 4,2006 film directed by David Zucker,2006-04-14T00:00:00Z,83.0
movies_1066,Q105546467,Sono Guido e non guido,2016 film directed by Alessandro Maria Buonomo,2016-11-14T00:00:00Z,75.0
movies_1067,Q105546566,Demented,2021 film directed by Nigel Hartwell,2021-08-13T00:00:00Z,
movies_1068,Q10554715,LasseMaja's Detective Agency - The Chameleon Strikes Back,2008 film by Henrik Georgsson,2008-12-19T00:00:00Z,97.0
movies_1069,Q105549749,House of Gucci,2021 film directed by Ridley Scott,2021-11-25T00:00:00Z,157.0
movies_1070,Q105554572,Dungeons & Dragons: Honor Among Thieves,2023 film directed by Jonathan Goldstein and John Francis Daley,2022-05-27T00:00:00Z,108.0
movies_1071,Q105554610,Without Everything,2021 film directed by Mohsen Gharaei,2021-12-15T00:00:00Z,
movies_1072,Q105554680,Firebird,2021 film directed by Peeter Rebane,2021-03-01T00:00:00Z,107.0
movies_1073,Q105555852,Infinite Storm,2022 film directed by Małgorzata Szumowska and Michał Englert,2022-03-25T00:00:00Z,104.0
movies_1074,Q105555999,The Marina,2020 Canadian film directed by Christophe Levac and Étienne Galloy,2020-08-27T00:00:00Z,81.0
movies_1075,Q105560027,Ride or Die,2021 film directed by Ryuichi Hiroki,2021-04-15T00:00:00Z,142.0
movies_1076,Q105560268,A Journal for Jordan,2021 film directed by Denzel Washington,2021-12-10T00:00:00Z,131.0
movies_1077,Q105560342,Blood Red Sky,2021 film directed by Peter Thorwarth,2021-07-23T00:00:00Z,121.0
movies_1078,Q105561245,Rustic Oracle,2019 Canadian film directed by Sonia Boileau,2019-09-29T00:00:00Z,101.0
movies_1079,Q1055695,Overheard,2009 Hong Kong film,2009-01-01T00:00:00Z,100.0
movies_1080,Q1055774,A Ghost of a Chance,2011 film by Kōki Mitani,2011-10-19T00:00:00Z,142.0
movies_1081,Q1055785,Kamisama no Karute,2011 film by Yoshihiro Fukagawa,2011-08-27T00:00:00Z,128.0
movies_1082,Q105580677,Am I Ok?,2022 film directed by Tig Notaro and Stephanie Allynne,2022-01-01T00:00:00Z,86.0
movies_1083,Q105582487,Namaste Wahala,2020 Nigerian cross-cultural romantic comedy,2020-12-01T00:00:00Z,106.0
movies_1084,Q10558345,The Men with Blue Dots,2011 Mongolian drama film directed by Dorjsuren Shadav,2011-01-01T00:00:00Z,
movies_1085,Q105584511,The Black Phone,2021 film directed by Scott Derrickson,2021-09-25T00:00:00Z,102.0
movies_1086,Q105584534,Confidential Assignment 2: International,2022 film directed by Lee Seok-hoon,2022-09-01T00:00:00Z,129.0
movies_1087,Q1055906,The Perfect Game,2009 film by William Dear,2009-03-21T00:00:00Z,157.0
movies_1088,Q105605250,X,2022 film directed by Ti West,2022-03-18T00:00:00Z,106.0
movies_1089,Q105605646,This City is a Battlefield,2025 film by Mouly Surya,2024-02-08T00:00:00Z,
movies_1090,Q105614969,Gold Coast Lounge,Ghanaian film,2020-01-01T00:00:00Z,
movies_1091,Q105616541,The Power,2021 film directed by Mahesh Manjrekar,2021-01-14T00:00:00Z,
movies_1092,Q105616698,Glassboy,2020 film directed by Samuele Rossi,2020-01-01T00:00:00Z,90.0
movies_1093,Q105616936,Zeros and Ones,2021 film directed by Abel Ferrara,2021-08-12T00:00:00Z,85.0
movies_1094,Q105624,The Bourne Identity,2002 film directed by Doug Liman,2002-06-06T00:00:00Z,119.0
movies_1095,Q10562414,Bitter Sweetheart,2007 film by Hella Joof,2007-01-01T00:00:00Z,
movies_1096,Q1056260,Tokyo Park,2011 film by Shinji Aoyama,2011-06-18T00:00:00Z,119.0
movies_1097,Q105635420,Abbas Kiarostami,2021 film directed by Mohammad Mohammadian,2021-01-01T00:00:00Z,
movies_1098,Q105637627,Ninjababy,2021 film directed by Yngvild Sve Flikke,2021-01-18T00:00:00Z,103.0
movies_1099,Q105637635,Save The Cinema,2022 film directed by Sara Sugarman,2022-01-14T00:00:00Z,109.0
movies_1100,Q105642651,Three Wishes For Cinderella,2021 fairy-tale film directed by Cecilie Mosli,2021-11-12T00:00:00Z,90.0
movies_1101,Q105655167,'A mazzamma,2016 film by Ennio Eduardo Donato,2016-01-01T00:00:00Z,19.0
movies_1102,Q105657351,Red Rocket,2021 film by Sean Baker,2021-07-14T00:00:00Z,130.0
movies_1103,Q105658120,Against The Ice,2022 film directed by Peter Flinth,2022-01-01T00:00:00Z,101.0
movies_1104,Q105658212,The Tender Bar,2021 film directed by George Clooney,2021-10-10T00:00:00Z,106.0
movies_1105,Q105658294,Shotgun Wedding,2022 film directed by Jason Moore,2022-12-28T00:00:00Z,100.0
movies_1106,Q105661959,Midnight Swan,2020 film directed by Eiji Uchida,2020-09-25T00:00:00Z,
movies_1107,Q105662104,Al massimo ribasso,2017 film by Riccardo Jacopino,2017-01-01T00:00:00Z,
movies_1108,Q10566476,Winners and Losers,Swedish 2005 film by Kjell Sundvall,2005-01-01T00:00:00Z,
movies_1109,Q105672913,Scumbag,film directed by Rudolf Biermann and Mariana Čengel Solčanská,2020-01-01T00:00:00Z,104.0
movies_1110,Q1056740,Romanzo Criminale,2005 film by Michele Placido,2005-09-30T00:00:00Z,152.0
movies_1111,Q105674145,Love and Leashes,2022 film directed by Park Hyun-jin,2022-02-11T00:00:00Z,117.0
movies_1112,Q105676553,Azor,2021 film directed by Andreas Fontana,2021-01-01T00:00:00Z,100.0
movies_1113,Q10568106,Bit by Bit,2002 film,2002-01-01T00:00:00Z,85.0
movies_1114,Q105681658,Space Dancing!,2003 film,2003-01-01T00:00:00Z,46.0
movies_1115,Q105682249,Love Thing,2022 film directed by Anika Decker,2022-07-07T00:00:00Z,99.0
movies_1116,Q10568431,Sven Nykvist: Light Keeps Me Company,2000 film by Carl-Gustaf Nykvist,2000-02-05T00:00:00Z,76.0
movies_1117,Q1056853,In the Mood for Love,2000 film directed by Wong Kar-wai,2000-05-20T00:00:00Z,98.0
movies_1118,Q105685552,The Goldfinger,2023 film directed by Felix Chong,2023-12-30T00:00:00Z,126.0
movies_1119,Q1056859,Himizu,2011 film by Sion Sono,2011-09-06T00:00:00Z,129.0
movies_1120,Q105686521,Language Lessons,2021 film directed by Natalie Morales,2021-01-01T00:00:00Z,91.0
movies_1121,Q105690239,Uncross the Stars,2008 film by Kenny Golde,2008-01-01T00:00:00Z,95.0
movies_1122,Q1056921,Paranormal Activity 3,"2011 film by Ariel Schulman, Henry Joost",2011-10-21T00:00:00Z,84.0
movies_1123,Q105697891,The Sadness,2021 film directed by Rob Jabbaz,2021-01-22T00:00:00Z,100.0
movies_1124,Q105698488,Hjelperytteren,2019 film directed by Jannicke Systad Jacobsen,2019-08-30T00:00:00Z,
movies_1125,Q1057015,Taken 2,2012 film by Olivier Megaton,2012-10-03T00:00:00Z,98.0
movies_1126,Q105702063,1Up,2022 film directed by Kyle Newman,2022-07-15T00:00:00Z,100.0
movies_1127,Q105702073,White Bird: A Wonder Story,2023 film directed by Marc Forster,2023-07-30T00:00:00Z,120.0
movies_1128,Q105702167,The Good Boss,2021 film directed by Fernando León de Aranoa,2021-09-21T00:00:00Z,120.0
movies_1129,Q1057045,The Kite Runner,2007 film directed by Marc Forster,2007-10-01T00:00:00Z,128.0
movies_1130,Q105707540,The World After Us,2021 film directed by Louda Ben Salah-Cazanas,2022-04-20T00:00:00Z,85.0
movies_1131,Q105707697,Columbarium,2012 film directed by Steve Kerr,2012-08-05T00:00:00Z,86.0
movies_1132,Q105710372,I.S.S.,2023 film directed by Gabriela Cowperthwaite,2023-06-12T00:00:00Z,95.0
movies_1133,Q10571193,Good Luck. And Take Care of Each Other,2012 film by Jens Sjögren,2012-10-19T00:00:00Z,100.0
movies_1134,Q105714284,Sulla stessa onda,2021 film directed by Massimiliano Camaiti,2021-03-25T00:00:00Z,99.0
movies_1135,Q105715372,Addio al nubilato,2021 film directed by Francesco Apolloni,2021-02-24T00:00:00Z,87.0
movies_1136,Q105720882,The Royal Treatment,2022 film directed by Rick Jacobson,2022-01-01T00:00:00Z,
movies_1137,Q1057264,House on Haunted Hill,1999 film by William Malone,2000-04-27T00:00:00Z,89.0
movies_1138,Q105728959,Homecoming,2019 film directed by Adriyanto Dewo,2020-08-28T00:00:00Z,90.0
movies_1139,Q105729539,All My Puny Sorrows,2021 film directed by Michael McGowan,2021-09-10T00:00:00Z,103.0
movies_1140,Q105730369,Sanitation Day,2021 Nigerian film directed by Seyi Babatope,2021-01-29T00:00:00Z,110.0
movies_1141,Q105730578,Red Post on Escher Street,2020 film by Sion Sono,2020-10-09T00:00:00Z,148.0
movies_1142,Q105742453,Thank God,2022 film by Indra Kumar,2022-10-25T00:00:00Z,
movies_1143,Q1057433,Fire with Fire,2012 American film by David Barrett,2012-08-31T00:00:00Z,97.0
movies_1144,Q105743713,Warkop DKI Reborn 4,Indonesian film,2020-09-25T00:00:00Z,
movies_1145,Q105745333,Angel Finds Wings,Indonesia Film directed by Aria Kusumadewa,2020-10-02T00:00:00Z,80.0
movies_1146,Q105750473,The Ghost Painter,2020 film directed by Arie Kriting,2020-10-16T00:00:00Z,97.0
movies_1147,Q1057524,Kung Fu Cyborg,2009 film by Jeffrey Lau,2009-01-01T00:00:00Z,102.0
movies_1148,Q105753004,A Million of Loves for You,2020 Indonesian drama film directed by Herwin Novianto,2020-10-23T00:00:00Z,97.0
movies_1149,Q105753062,The Cleanser,2021 Nigerian film directed by James Abinibi,2021-01-22T00:00:00Z,
movies_1150,Q105754608,Nona,2020 film directed by Anggi Frisca,2020-11-06T00:00:00Z,99.0
movies_1151,Q1057580,Just Another Pandora's Box,2010 film by Jeffrey Lau,2010-03-18T00:00:00Z,92.0
movies_1152,Q10575862,Malevolent,2002 film,2002-01-01T00:00:00Z,
movies_1153,Q105759606,Enemies of Laughter,2000 film directed by Joey Travolta,2000-11-09T00:00:00Z,
movies_1154,Q105759872,Slumberland,2022 film directed by Francis Lawrence,2022-01-01T00:00:00Z,117.0
movies_1155,Q10576284,Let's Play House,2003 film by Kjell-Åke Andersson,2003-01-01T00:00:00Z,99.0
movies_1156,Q105768311,"Me, Nina",2021 film by Marysya Nikityuk,2023-09-07T00:00:00Z,100.0
movies_1157,Q10577199,Drömmar ur snö,2011 film by Erik Leijonborg,2011-06-22T00:00:00Z,
movies_1158,Q1057720,Mega Monster Battle: Ultra Galaxy,2009 film by Koichi Sakamoto,2009-12-12T00:00:00Z,96.0
movies_1159,Q10577200,Må döden sova,2011 film by Erik Leijonborg,2011-01-01T00:00:00Z,89.0
movies_1160,Q10577203,Svart fjäril,2011 film,2011-08-17T00:00:00Z,87.0
movies_1161,Q105773076,One Way,2022 film directed by Andrew Baird,2022-01-01T00:00:00Z,95.0
movies_1162,Q105773089,Butter,2020 film by Paul A. Kaufman,2020-03-07T00:00:00Z,111.0
movies_1163,Q105773097,Karen,2021 film directed by Coke Daniels,2022-01-01T00:00:00Z,
movies_1164,Q10577725,Mars & Venus,2007 Norwegian film directed by Eva Dahr,2007-02-14T00:00:00Z,93.0
movies_1165,Q1057774,Noriko's Dinner Table,2005 film by Sion Sono,2005-01-01T00:00:00Z,159.0
movies_1166,Q1057794,The Big Bang,2011 film by Tony Krantz,2010-01-01T00:00:00Z,101.0
movies_1167,Q1057852,Permanent Residence,2009 Hong Kong film directed by Scud,2009-01-01T00:00:00Z,115.0
movies_1168,Q1057951,Persona non grata,2005 film directed by Krzysztof Zanussi,2005-01-01T00:00:00Z,113.0
movies_1169,Q105795501,Emergency Declaration,2021 film directed by Han Jae-rim,2022-08-03T00:00:00Z,141.0
movies_1170,Q1058015,Hara-Kiri: Death of a Samurai,2011 film directed by Takashi Miike,2011-01-01T00:00:00Z,126.0
movies_1171,Q1058019,Gente di Roma,2003 film by Ettore Scola,2003-01-01T00:00:00Z,100.0
movies_1172,Q1058032,Vanilla and Chocolate,2004 film by Ciro Ippolito,2004-01-01T00:00:00Z,110.0
movies_1173,Q105804668,Quarantine Tales,Indonesia film,2020-12-18T00:00:00Z,87.0
movies_1174,Q105805792,Aloe Vera,Ghanaian film,2020-01-01T00:00:00Z,
movies_1175,Q105806498,Apostolul Bologa,2018 film directed by Dominic Dembinski,2018-11-30T00:00:00Z,110.0
movies_1176,Q105806948,Napoleon,2023 film directed by Ridley Scott,2023-11-22T00:00:00Z,158.0
movies_1177,Q105807015,After We Fell,2021 film directed by Castille Landon,2021-01-01T00:00:00Z,99.0
movies_1178,Q105807020,The Time Thief,2021 film by Francis Leclerc,2021-11-16T00:00:00Z,113.0
movies_1179,Q105807115,After Ever Happy,2022 film directed by Castille Landon,2022-08-25T00:00:00Z,119.0
movies_1180,Q105808378,An Zéro - Comment le Luxembourg a disparu,2021 film directed by Myriam Tonelotto and Julien Becker,2021-03-07T00:00:00Z,85.0
movies_1181,Q105810893,6 Month Rule,2012 film directed by Blayne Weaver,2012-01-01T00:00:00Z,100.0
movies_1182,Q1058146,Monamour,2005 film by Tinto Brass,2005-01-01T00:00:00Z,98.0
movies_1183,Q105820921,Blood,2022 film,2022-01-01T00:00:00Z,108.0
movies_1184,Q1058226,The Consequences of Love,2004 film by Paolo Sorrentino,2004-05-13T00:00:00Z,100.0
movies_1185,Q1058244,The Bankers of God: The Calvi Affair,2002 film directed by Giuseppe Ferrara,2002-01-01T00:00:00Z,125.0
movies_1186,Q105833813,Black Coffee,2021 Malayalam film,2021-01-01T00:00:00Z,142.0
movies_1187,Q105840301,Cocaine Bear,2023 film directed by Elizabeth Banks,2023-02-23T00:00:00Z,95.0
movies_1188,Q105840316,Fly Me Away,2021 film directed by Christophe Barratier,2021-01-01T00:00:00Z,91.0
movies_1189,Q105846504,Fix Us,Ghanaian film,2019-12-06T00:00:00Z,
movies_1190,Q105846581,Time Is Up,2021 film directed by Elisa Amoruso,2021-01-01T00:00:00Z,108.0
movies_1191,Q105846876,Holler,2020 film directed by Nicole Riegel,2020-09-08T00:00:00Z,90.0
movies_1192,Q1058489,Sadako 3D,2012 film directed by Tsutomu Hanabusa,2012-05-12T00:00:00Z,96.0
movies_1193,Q1058539,Lakshya,2004 film by Farhan Akhtar,2004-06-18T00:00:00Z,178.0
movies_1194,Q10586304,Misa mi,2003 film by Linus Torell,2003-12-19T00:00:00Z,82.0
movies_1195,Q1058682,Café de Flore,2011 film by Jean-Marc Vallée,2011-01-01T00:00:00Z,120.0
movies_1196,Q1058763,Storm Rider Clash of the Evils,2008 film by Dante Lam,2008-01-01T00:00:00Z,98.0
movies_1197,Q10588224,Waltz for Monica,2013 Swedish film directed by Per Fly,2013-08-10T00:00:00Z,
movies_1198,Q105883400,The Whale,2022 film directed by Darren Aronofsky,2022-09-04T00:00:00Z,117.0
movies_1199,Q105883525,Jeepers Creepers: Reborn,2022 film directed by Timo Vuorensola,2022-09-15T00:00:00Z,88.0
movies_1200,Q105886670,Hari Hara Veera Mallu,2022 Telugu language epic film,2025-07-24T00:00:00Z,161.0
movies_1201,Q1058904,Bread of Happiness,2012 film by Yukiko Mishima,2012-01-21T00:00:00Z,114.0
movies_1202,Q10589061,Morgan Pålsson - världsreporter,2008 film by Fredrik Boklund,2008-02-22T00:00:00Z,88.0
movies_1203,Q1059028,Pontypool,2008 film by Bruce McDonald,2008-01-01T00:00:00Z,95.0
movies_1204,Q105904256,Masha,2020 film directed by Anastasiya Palchikova,2020-09-15T00:00:00Z,85.0
movies_1205,Q105905540,Nocebo,2022 film directed by Lorcan Finnegan,2022-10-14T00:00:00Z,96.0
movies_1206,Q1059059,House of Blood,2006 film by Olaf Ittenbach,2006-04-04T00:00:00Z,105.0
movies_1207,Q105906244,Cocteau et compagnie,2003 documentary film of Jean-Paul Fargier,2003-01-01T00:00:00Z,
movies_1208,Q105907125,Being the Ricardos,2021 film directed by Aaron Sorkin,2021-12-10T00:00:00Z,131.0
movies_1209,Q1059084,Chain of Fools,2000 film directed by Pontus Löwenhielm and Patrick von Krusenstjerna,2000-01-01T00:00:00Z,94.0
movies_1210,Q1059146,Kueki Ressha,2012 film by Nobuhiro Yamashita,2012-07-14T00:00:00Z,112.0
movies_1211,Q1059164,Goal II: Living the Dream,2007 film by Jaume Collet-Serra,2007-02-09T00:00:00Z,111.0
movies_1212,Q10592820,Spending the Night,2007 film by Amanda Adolfsson,2007-01-01T00:00:00Z,
movies_1213,Q105928969,Death of a Ladies’ Man,2020 film,2020-01-01T00:00:00Z,100.0
movies_1214,Q1059303,Janie Jones,2010 American film by David M. Rosenthal,2010-01-01T00:00:00Z,107.0
movies_1215,Q1059378,Chal Mere Bhai,2000 film by David Dhawan,2000-05-05T00:00:00Z,135.0
movies_1216,Q105938325,Teachers,2021 film directed by Sarjono Sutrisno,2021-01-08T00:00:00Z,80.0
movies_1217,Q1059416,Beyond Outrage,2012 film by Takeshi Kitano,2012-09-03T00:00:00Z,110.0
movies_1218,Q1059435,Keep the Lights On,2012 film by Ira Sachs,2012-01-01T00:00:00Z,101.0
movies_1219,Q1059450,Letters to Father Jacob,2009 film directed by Klaus Härö,2009-01-01T00:00:00Z,74.0
movies_1220,Q105946785,Underworld,2019 film directed by Marco Bocci,2019-11-28T00:00:00Z,93.0
movies_1221,Q10594913,The Night Round,2008 film by Anders Engström,2008-01-01T00:00:00Z,90.0
movies_1222,Q105951056,Anek,2022 film by Anubhav Sinha,2022-01-01T00:00:00Z,146.0
movies_1223,Q1059522,Boogeyman 3,2009 film by Gary Jones,2009-01-30T00:00:00Z,94.0
movies_1224,Q105952343,Demonic,2021 film directed by Neill Blomkamp,2021-08-05T00:00:00Z,104.0
movies_1225,Q105952623,Monkey Man,2024 film directed by Dev Patel,2024-03-11T00:00:00Z,113.0
movies_1226,Q1059540,Caesar Must Die,"2012 film by Paolo Taviani, Vittorio Taviani",2012-02-11T00:00:00Z,76.0
movies_1227,Q105962551,Devotion,2022 film directed by J. D. Dillard,2022-01-01T00:00:00Z,139.0
movies_1228,Q105962629,Corner Office,2022 film directed by Joachim Back,2022-01-01T00:00:00Z,101.0
movies_1229,Q105962799,The Outfit,2022 film directed by Graham Moore,2022-01-01T00:00:00Z,106.0
movies_1230,Q105962844,Thirteen Lives,2022 film directed by Ron Howard,2022-01-01T00:00:00Z,147.0
movies_1231,Q105969635,Reservoir,2019 film directed by Kim St-Pierre,2019-10-27T00:00:00Z,
movies_1232,Q105970894,Sonic the Hedgehog 2,2022 film directed by Jeff Fowler,2022-03-30T00:00:00Z,122.0
movies_1233,Q105972359,Fine Wine,2021 Nigerian film directed by Seyi Babatope,2021-02-12T00:00:00Z,
movies_1234,Q1059733,Like Someone in Love,2012 film by Abbas Kiarostami,2012-04-11T00:00:00Z,109.0
movies_1235,Q105983335,Unchangeables,2021 film directed by Herwin Novianto,2021-01-15T00:00:00Z,104.0
movies_1236,Q105983958,Affliction,2021 film directed by Teddy Soeriaatmadja,2021-01-21T00:00:00Z,
movies_1237,Q105985028,Still Falling,2021 Nigerian film directed by Karachi Atiya and Dimbo Atiya,2021-02-12T00:00:00Z,
movies_1238,Q105985338,Sharp Stick,2022 film directed by Lena Dunham,2022-01-22T00:00:00Z,86.0
movies_1239,Q105986042,The Pale Blue Eye,2022 film directed by Scott Cooper,2022-12-22T00:00:00Z,128.0
movies_1240,Q105998710,The Three Musketeers: D'Artagnan,2023 film directed by Martin Bourboulon,2023-04-05T00:00:00Z,121.0
movies_1241,Q105998990,The Three Musketeers: Milady,2023 film directed by Martin Bourboulon,2023-12-13T00:00:00Z,115.0
movies_1242,Q1060047,Saimir,2004 film by Francesco Munzi,2004-01-01T00:00:00Z,88.0
movies_1243,Q106009390,8-Bit Christmas,2021 film directed by Michael Dowse,2021-11-24T00:00:00Z,97.0
movies_1244,Q10600955,Nina's Journey,2005 film by Lena Einhorn,2005-11-04T00:00:00Z,120.0
movies_1245,Q106010101,American Dreamer,2022 film directed by Paul Dektor,2022-06-11T00:00:00Z,
movies_1246,Q106010283,The Bubble,2022 film directed by Judd Apatow,2022-04-01T00:00:00Z,124.0
movies_1247,Q106010297,Bingo Hell,2021 film directed by Gigi Saul Guerrero,2021-01-01T00:00:00Z,85.0
movies_1248,Q1060149,Blue Spring,2002 film by Toshiaki Toyoda,2002-06-29T00:00:00Z,83.0
movies_1249,Q1060164,Chalo Ishq Ladaaye,2002 film by Aziz Sejawal,2002-12-27T00:00:00Z,141.0
movies_1250,Q106019215,Get the Goat,2021 film directed by Vitor Brandt,2021-01-01T00:00:00Z,98.0
movies_1251,Q106020073,Man In Love,2021 film directed by Yin Chen-hao,2021-01-01T00:00:00Z,115.0
movies_1252,Q10602913,Norrmalmstorg,2003 film by Håkan Lindhé,2003-08-29T00:00:00Z,90.0
movies_1253,Q1060293,Chalte Chalte,2003 Hindi film directed by Aziz Mirza,2003-06-25T00:00:00Z,168.0
movies_1254,Q106037042,Deadly Illusions,2021 film directed by Anna Elizabeth James,2021-01-01T00:00:00Z,114.0
movies_1255,Q106040398,Ek Villain Returns,2022 film by Mohit Suri,2022-07-29T00:00:00Z,129.0
movies_1256,Q106040462,"Bardo, False Chronicle of a Handful of Truths",2022 film directed by Alejandro González Iñárritu,2022-09-01T00:00:00Z,174.0
movies_1257,Q106041064,Asih 2,2020 film directed by Rizal Mantovani,2020-12-24T00:00:00Z,104.0
movies_1258,Q106043272,Swan Song,2021 film directed by Todd Stephens,2021-01-01T00:00:00Z,105.0
movies_1259,Q106044096,The Stranger,2009 Italian film,2009-01-01T00:00:00Z,110.0
movies_1260,Q1060484,The Good Doctor,2011 film directed by Lance Daly,2011-04-23T00:00:00Z,93.0
movies_1261,Q10605135,When Darkness Falls,2006 film by Anders Nilsson,2006-01-01T00:00:00Z,133.0
movies_1262,Q1060517,ATM,2012 film by David Brooks,2012-02-17T00:00:00Z,90.0
movies_1263,Q106067474,Operation Varsity Blues: The College Admissions Scandal,2021 film directed by Chris Smith,2021-03-17T00:00:00Z,100.0
movies_1264,Q106070205,Friendship Like a Cocoon,Indonesian film,2021-02-26T00:00:00Z,
movies_1265,Q106074099,Monstrous,2022 film directed by Chris Sivertson,2022-03-12T00:00:00Z,
movies_1266,Q106074143,Hide and Seek,2021 film directed by Joel David Moore,2021-01-01T00:00:00Z,83.0
movies_1267,Q106074321,The Requin,2022 film directed by Le-Van Kiet,2022-03-24T00:00:00Z,
movies_1268,Q106075513,Chip 'n Dale: Rescue Rangers,2022 film directed by Akiva Schaffer,2022-05-20T00:00:00Z,96.0
movies_1269,Q106078397,Surga yang Tak Dirindukan 3,2021 film directed by Pritagita Arianegara,2021-04-16T00:00:00Z,
movies_1270,Q1060820,Chameli,"2003 film by Anant Balani, Sudhir Mishra",2003-12-31T00:00:00Z,108.0
movies_1271,Q10608982,True Noon,2009 Tajik film,2009-01-01T00:00:00Z,83.0
movies_1272,Q106093003,The Drover’s Wife,2021 film directed by Leah Purcell,2021-03-18T00:00:00Z,104.0
movies_1273,Q10609450,If Not,2001 film by Ella Lemhagen,2001-01-01T00:00:00Z,90.0
movies_1274,Q106097509,La Flor - Episode 2,episode from Mariano Llinás 2018 anthology film La Flor,2018-01-01T00:00:00Z,140.0
movies_1275,Q106097514,La Flor - Episode 4,episode from Mariano Llinás 2018 anthology film La Flor,2018-01-01T00:00:00Z,189.0
movies_1276,Q106103421,Parallel Mothers,2021 film directed by Pedro Almodóvar,2021-10-07T00:00:00Z,123.0
movies_1277,Q106103960,Love Blooms,2018 film by Michaël Dacheux,2018-05-17T00:00:00Z,
movies_1278,Q106104745,2gether: The Movie,"2021 film directed by Weerachit Thongjila, Noppharnach Chaiwimol and Kanittha Kwanyu",2021-06-04T00:00:00Z,107.0
movies_1279,Q106111846,Nora,2020 film by Lara Izagirre,2020-01-01T00:00:00Z,100.0
movies_1280,Q10611490,Original,2009 film by Antonio Tublén,2009-04-17T00:00:00Z,104.0
movies_1281,Q106122709,Alison,2016 South African film about Alison Botha,2016-01-01T00:00:00Z,80.0
movies_1282,Q106128164,Bernarda,2018 film directed by Emilio Ruiz Barrachina,2018-10-26T00:00:00Z,
movies_1283,Q106128995,The Accusation,2021 film directed by Yvan Attal,2021-01-01T00:00:00Z,138.0
movies_1284,Q106132790,The Feast,2021 film directed by Lee Haven Jones,2021-01-01T00:00:00Z,93.0
movies_1285,Q10613515,Out for Blood,2004 film by Richard Brandes,2004-01-01T00:00:00Z,95.0
movies_1286,Q106149469,The Siamese Bond,2020 film,2020-11-24T00:00:00Z,81.0
movies_1287,Q106149678,Tracing Her Shadow,2021 film directed by Peng Fei,2021-03-19T00:00:00Z,
movies_1288,Q106153774,Signal: The Movie,2021 film directed by Hajime Hashimoto,2021-01-01T00:00:00Z,122.0
movies_1289,Q1061541,A Prophet,2009 film by Jacques Audiard,2009-05-16T00:00:00Z,150.0
movies_1290,Q106159613,Seaspiracy,2021 film directed by Ali Tabrizi,2021-03-24T00:00:00Z,89.0
movies_1291,Q106161527,Bowling Saturne,2022 film by Patricia Mazuy,2022-01-01T00:00:00Z,114.0
movies_1292,Q1061749,Chandni Chowk to China,2009 film by Nikhil Advani,2009-01-01T00:00:00Z,154.0
movies_1293,Q10617532,Paradiset,2003 film by Colin Nutley,2003-01-01T00:00:00Z,115.0
movies_1294,Q106177775,Young Adult Matters,2021 film directed by Lee Hwan,2020-01-01T00:00:00Z,127.0
movies_1295,Q106182,X-Men,2000 film directed by Bryan Singer,2000-07-13T00:00:00Z,104.0
movies_1296,Q106191870,Adventures Italian Style,2020 film directed by Antonio Pisu,2020-09-12T00:00:00Z,
movies_1297,Q1061962,Change My Life,2001 film directed by Liria Bégéja,2001-01-01T00:00:00Z,101.0
movies_1298,Q106203106,Somewhere Over the Chemtrails,film directed by Adam Koloman Rybanský,2022-01-01T00:00:00Z,85.0
movies_1299,Q1062044,Changing Times,2004 film by André Téchiné,2004-01-01T00:00:00Z,95.0
movies_1300,Q106206127,A Week Away,2021 film directed by Roman White,2021-03-26T00:00:00Z,97.0
movies_1301,Q106206819,Bethlehem Night,2022 film directed by Jan Svěrák,2022-03-10T00:00:00Z,100.0
movies_1302,Q106209394,Tsamo,2015 film,2015-04-17T00:00:00Z,92.0
movies_1303,Q106225105,Poliamor para principiantes,2021 film directed by Fernando Colomo,2021-01-01T00:00:00Z,118.0
movies_1304,Q106225235,Killing a Traitor,2022 film directed by Masoud Kimiai,2022-01-01T00:00:00Z,
movies_1305,Q106230980,To Hell and Back: The Kane Hodder Story,2017 film directed by Derek Dennis Herbert,2017-08-26T00:00:00Z,108.0
movies_1306,Q1062358,The Singer,2006 film directed by Xavier Giannoli,2006-05-26T00:00:00Z,112.0
movies_1307,Q1062362,Love Songs,2007 film directed by Christophe Honoré,2007-05-18T00:00:00Z,95.0
movies_1308,Q106237986,Ponzi,2021 Nigerian film directed by Kayode Kasum,2021-03-12T00:00:00Z,108.0
movies_1309,Q106237993,The Gateway,2021 film directed by Michele Civetta,2021-01-01T00:00:00Z,
movies_1310,Q106252499,Edge of the World,2021 film directed by Michael Haussman,2021-01-01T00:00:00Z,104.0
movies_1311,Q1062533,Chaos,2005 film by Tony Giglio,2005-12-15T00:00:00Z,106.0
movies_1312,Q106253457,Sniper,2020 film,2020-01-01T00:00:00Z,95.0
movies_1313,Q106261265,Better Man,2024 film directed by Michael Gracey,2024-08-30T00:00:00Z,135.0
movies_1314,Q106261959,Has Anyone Seen My Girl?,2020 film directed by Angelina Nikonova,2020-01-01T00:00:00Z,109.0
movies_1315,Q106281329,Lonesome Dove Church,2014 film directed by Terry Miles,2014-08-04T00:00:00Z,
movies_1316,Q1062846,Chapter 27,2007 film by Jarrett Schaefer,2007-01-25T00:00:00Z,84.0
movies_1317,Q106290706,The Takedown,2022 film directed by Louis Leterrier,2022-01-01T00:00:00Z,119.0
movies_1318,Q106298596,Salaar,2023 film by Prashanth Neel,2023-09-28T00:00:00Z,175.0
movies_1319,Q1062992,Tre metri sopra il cielo,2004 Italian film directed by Luca Lucini,2004-01-01T00:00:00Z,98.0
movies_1320,Q106310944,The Amusement Park,1973 film directed by George A. Romero,2020-10-12T00:00:00Z,54.0
movies_1321,Q106311043,Where the Crawdads Sing,2022 film directed by Olivia Newman,2022-07-15T00:00:00Z,125.0
movies_1322,Q106311085,Tsunami,2021 Malayalam film,2021-03-11T00:00:00Z,
movies_1323,Q10632119,Pippi Examples,2001 film by Palle Torsson,2001-01-01T00:00:00Z,25.0
movies_1324,Q10632368,Pistvakt,2005 film directed by Stephan Apelgren,2005-10-07T00:00:00Z,91.0
movies_1325,Q10632500,Piñero,2001 film by Leon Ichaso,2001-01-01T00:00:00Z,
movies_1326,Q106329715,Borderlands,2024 film by Eli Roth based on the video game series of the same name,2024-08-07T00:00:00Z,101.0
movies_1327,Q106346006,White Eye,2019 Israeli live-action short film by Tomer Shushan,2019-01-01T00:00:00Z,
movies_1328,Q106348441,Bhediya,2022 film directed by Amar Kaushik,2022-11-25T00:00:00Z,156.0
movies_1329,Q106350432,The House of Snails,2021 film directed by Macarena Astorga,2021-06-11T00:00:00Z,103.0
movies_1330,Q106350657,Doors,2021 film directed by Saman Kesh and Jeff Desom,2021-01-01T00:00:00Z,
movies_1331,Q106350661,The Kids Are Alright,2021 film directed by Santiago Segura,2021-07-09T00:00:00Z,
movies_1332,Q106357649,Delicious,2021 film directed by Éric Besnard,2021-01-13T00:00:00Z,112.0
movies_1333,Q106358997,The Donut King,2020 film directed by Alice Gu,2020-10-30T00:00:00Z,94.0
movies_1334,Q106359152,The Primary Instinct,2015 film by David Chen,2015-04-26T00:00:00Z,73.0
movies_1335,Q10636269,Polle Fiction,2002 film by Søren Fauli,2002-03-08T00:00:00Z,90.0
movies_1336,Q106362830,Catherine Called Birdy,2022 film directed by Lena Dunham,2022-01-01T00:00:00Z,108.0
movies_1337,Q106362951,Mack & Rita,2022 film directed by Katie Aselton,2022-01-01T00:00:00Z,95.0
movies_1338,Q106363032,Kimi,2022 film directed by Steven Soderbergh,2022-01-01T00:00:00Z,
movies_1339,Q106364049,Shin Kamen Rider,2023 Japanese film,2023-03-01T00:00:00Z,121.0
movies_1340,Q106366591,Lui,2021 film directed by Guillaume Canet,2021-10-06T00:00:00Z,88.0
movies_1341,Q106371582,How to Seduce Difficult Women,2009 film directed by Richard Temtchine,2009-01-01T00:00:00Z,
movies_1342,Q106371709,Lamb,2021 film directed by Valdimar Jóhannsson,2021-07-13T00:00:00Z,106.0
movies_1343,Q106371947,The Razz Guy,2021 Nigerian film directed by Udoka Oyeka,2021-03-19T00:00:00Z,99.0
movies_1344,Q106372021,Aanum Pennum,"2021 film directed by Venu, Aashiq Abu and Jay K.",2021-03-26T00:00:00Z,
movies_1345,Q106375335,Sisters: The Summer We Found Our Superpowers,2020 film by Arild Østin Ommundsen and Silje Salomonsen,2020-08-07T00:00:00Z,72.0
movies_1346,Q10638747,Prime Time,2012 film by Agneta Fagerström-Olsson,2012-01-01T00:00:00Z,89.0
movies_1347,Q10638837,Prinsessa (Princess),2008 film by Teresa Fabik,2008-01-01T00:00:00Z,91.0
movies_1348,Q106390475,Lola,2024 film by Nicola Peltz and Bria Vinaite,2024-02-09T00:00:00Z,84.0
movies_1349,Q10639468,Profetia,2009 film by Johan Melin,2009-10-25T00:00:00Z,100.0
movies_1350,Q106405587,Call Jane,2022 film directed by Phyllis Nagy,2022-01-21T00:00:00Z,121.0
movies_1351,Q106405637,Promises,2021 film directed by Amanda Sthers,2021-11-18T00:00:00Z,113.0
movies_1352,Q106413402,Zog and the flying doctors,2020 animation film directed by Sean Mullin,2020-12-25T00:00:00Z,26.0
movies_1353,Q10641435,Psalm 21,2010 film by Fredrik Hiller,2010-01-01T00:00:00Z,114.0
movies_1354,Q106416026,Sweet & Sour,2021 film directed by Lee Kae-byeok,2021-06-04T00:00:00Z,
movies_1355,Q106432822,Fever Dream,2021 film directed by Claudia Llosa,2021-01-01T00:00:00Z,93.0
movies_1356,Q106434659,Last Life of Lucifer,2013 film directed by Rax Rinnekangas,2013-01-01T00:00:00Z,
movies_1357,Q106444183,Missing,2023 film by Nick Johnson and Will Merrick,2023-01-19T00:00:00Z,111.0
movies_1358,Q106448377,Black Friday!,2021 film directed by Casey Tebo,2021-01-01T00:00:00Z,84.0
movies_1359,Q106448550,"Are You There God? It's Me, Margaret",2023 film directed by Kelly Fremon Craig,2023-04-23T00:00:00Z,105.0
movies_1360,Q106449851,The Sixth Time,2017 film directed by Maarit Lalli,2017-01-01T00:00:00Z,109.0
movies_1361,Q106461608,Genitori vs influencer,2021 film directed by Michela Andreozzi,2021-04-04T00:00:00Z,94.0
movies_1362,Q106462638,Nitram,2021 film directed by Justin Kurzel,2021-01-01T00:00:00Z,112.0
movies_1363,Q10646434,Puder,2001 film by Marie-Louise Ekman,2001-01-01T00:00:00Z,90.0
movies_1364,Q106469330,Broadcast Signal Intrusion,2021 film directed by Jacob Gentry,2021-01-01T00:00:00Z,104.0
movies_1365,Q10647242,The Pyramid,2007 film by Daniel Lind Lagerlöf,2007-01-01T00:00:00Z,88.0
movies_1366,Q106472965,Underground,2020 film directed by Sophie Dupuis,2020-12-05T00:00:00Z,97.0
movies_1367,Q1064838,The Family Stone,2005 film directed by Thomas Bezucha,2005-01-01T00:00:00Z,99.0
movies_1368,Q106485902,Love 24H,2021 short film directed by Angela Pepi,2021-04-10T00:00:00Z,6.0
movies_1369,Q10648678,Rallybrudar,2008 Swedish film directed by Lena Koppel,2008-10-10T00:00:00Z,99.0
movies_1370,Q1064885,Dolphin Tale,2011 film by Charles Martin Smith,2011-09-21T00:00:00Z,113.0
movies_1371,Q106489375,Notre-Dame on Fire,2022 film directed by Jean-Jacques Annaud,2022-03-16T00:00:00Z,110.0
movies_1372,Q106492821,Vacarme,2020 Canadian film directed by Neegan Trudel,2020-11-10T00:00:00Z,77.0
movies_1373,Q106494176,When I’m Done Dying,film directed by Nisan Dağ,2020-01-01T00:00:00Z,97.0
movies_1374,Q106504945,Closure,2019 short film 'Closure',2019-06-01T00:00:00Z,10.0
movies_1375,Q106504977,Terror Beach,2019 short film 'Terror Beach',2019-12-24T00:00:00Z,
movies_1376,Q106505977,Xtreme,2021 film directed by Daniel Benmayor,2021-01-01T00:00:00Z,
movies_1377,Q106506391,Tall Girl 2,2022 film directed by Emily Ting,2022-02-11T00:00:00Z,97.0
movies_1378,Q106506484,A House on the Bayou,2021 film directed by Alex McAulay,2021-11-19T00:00:00Z,88.0
movies_1379,Q10651129,Stay Down!,2010 film by Richard Jarnhed,2010-01-01T00:00:00Z,
movies_1380,Q106513312,Memory,2022 film directed by Martin Campbell,2022-04-28T00:00:00Z,113.0
movies_1381,Q106514501,Concrete Utopia,2023 film directed by Um Tae-hwa,2023-08-09T00:00:00Z,130.0
movies_1382,Q106514711,Men,2022 film directed by Alex Garland,2022-05-01T00:00:00Z,100.0
movies_1383,Q106514960,The Marijuana Conspiracy,2019 Canadian film directed by Craig Pryce,2020-01-01T00:00:00Z,124.0
movies_1384,Q106519089,Skies of Lebanon,2020 film directed by Chloé Mazlo,2020-08-30T00:00:00Z,
movies_1385,Q106522114,Goodbye,2022 film directed by Vikas Bhal,2022-10-07T00:00:00Z,
movies_1386,Q106527639,December,2022 film directed by Klim Shipenko,2022-01-01T00:00:00Z,
movies_1387,Q106537891,Emergency,2022 film directed by Carey Williams,2022-01-20T00:00:00Z,
movies_1388,Q106541036,Recalled,2021 film directed by Seo You-min,2021-04-21T00:00:00Z,99.0
movies_1389,Q106542457,Hotel Coppelia,film directed by José María Cabral,2021-01-01T00:00:00Z,113.0
movies_1390,Q106543910,"She Said, He Said",2019 film directed by Cláudia Castro,2019-10-03T00:00:00Z,
movies_1391,Q106546993,Não Vamos Pagar Nada,2020 film by João Fonseca,2020-10-08T00:00:00Z,87.0
movies_1392,Q106546999,O Auto da Boa Mentira,2021 film directed by José Eduardo Belmonte,2021-04-29T00:00:00Z,100.0
movies_1393,Q106547036,O Outro Lado do Paraíso,2014 film,2014-01-01T00:00:00Z,100.0
movies_1394,Q106548437,East of the Mountains,2021 film directed by SJ Chiro,2021-09-24T00:00:00Z,93.0
movies_1395,Q10654985,The Riding School,2001 Swedish pornographic film directed by Mike Beck,2001-09-17T00:00:00Z,119.0
movies_1396,Q106551383,My Love,2021 film directed by Han Tian,2021-01-01T00:00:00Z,115.0
movies_1397,Q106554940,Watcher,2022 film directed by Chloe Okuno,2022-01-21T00:00:00Z,91.0
movies_1398,Q106555001,Paint,2023 film directed by Brit McAdams,2023-01-01T00:00:00Z,96.0
movies_1399,Q1065568,The Hidden Blade,2004 film by Yōji Yamada,2004-10-23T00:00:00Z,132.0
movies_1400,Q106559770,Don't Kill Me,2021 film directed by Andrea De Sica,2021-04-21T00:00:00Z,90.0
movies_1401,Q106568223,Maria Wern – En orättvis rättvisa,2021 film directed by Lisa Ohlin,2021-04-26T00:00:00Z,
movies_1402,Q10656828,Rosa: The Movie,2007 film directed by Manne Lindwall,2007-01-19T00:00:00Z,85.0
movies_1403,Q106570651,Nightbooks,2021 film directed by David Yarovesky,2021-09-15T00:00:00Z,120.0
movies_1404,Q106574558,Le Professeur,2012 film by Mahmoud Ben Mahmoud,2012-11-16T00:00:00Z,
movies_1405,Q106577763,Downton Abbey: A New Era,2022 film directed by Simon Curtis,2022-04-27T00:00:00Z,125.0
movies_1406,Q106578075,Ram Setu,2022 film directed by Abhishek Sharma,2022-10-24T00:00:00Z,143.0
movies_1407,Q106578091,The Colour Room,2021 film directed by Claire McCarthy,2021-01-01T00:00:00Z,108.0
movies_1408,Q106578117,Kpali,2019 Nigerian comedy film,2019-12-20T00:00:00Z,85.0
movies_1409,Q106581228,A-ha – The Movie,2021 film directed by Thomas Robsahm,2021-06-12T00:00:00Z,109.0
movies_1410,Q1065829,Punisher: War Zone,2008 film directed by Lexi Alexander,2008-01-01T00:00:00Z,103.0
movies_1411,Q106590131,The Good Nurse,2022 film directed by Tobias Lindholm,2022-01-01T00:00:00Z,
movies_1412,Q1065945,Tamara Drewe,2010 film directed by Stephen Frears,2010-01-01T00:00:00Z,111.0
movies_1413,Q106595920,The Pact,2021 film directed by Bille August,2021-08-05T00:00:00Z,115.0
movies_1414,Q106595937,Centervagt,2021 film directed by Rasmus Heide,2021-06-10T00:00:00Z,85.0
movies_1415,Q106595945,Rose,2022 film directed by Niels Arden Oplev,2022-02-24T00:00:00Z,106.0
movies_1416,Q106595954,Miss Viborg,2021 film directed by Marianne Blicher,2021-01-01T00:00:00Z,100.0
movies_1417,Q106595963,As In Heaven,2021 film directed by Tea Lindeburg,2021-01-01T00:00:00Z,86.0
movies_1418,Q106597735,The Inheritance,2024 film directed by Alejandro Brugués,2024-07-12T00:00:00Z,96.0
movies_1419,Q106597806,The Therapist,2021 Nigerian film directed by Kayode Kasum,2021-03-26T00:00:00Z,
movies_1420,Q106597814,Bloodthirsty,2020 film directed by Amelia Moses,2020-08-01T00:00:00Z,
movies_1421,Q106597838,Silent Twins,2022 film directed by Agnieszka Smoczyńska,2022-01-01T00:00:00Z,113.0
movies_1422,Q106597883,Heavenly Grassland,2002 Chinese film,2002-01-01T00:00:00Z,110.0
movies_1423,Q106601197,Schwarze Adler,2021 film directed by Torsten Körner,2021-04-15T00:00:00Z,100.0
movies_1424,Q10660191,Saint Francis,2007 film,2007-01-01T00:00:00Z,
movies_1425,Q106602580,Our Consul in Havana,2020 film directed by Francisco Manso,2020-11-19T00:00:00Z,
movies_1426,Q106608704,The Samejima Incident,2020 film directed by Jirô Nagae,2020-11-27T00:00:00Z,
movies_1427,Q106608773,My Best Friend's Exorcism,2022 film directed by Damon Thomas,2022-09-30T00:00:00Z,97.0
movies_1428,Q1066098,Jackass 3D,2010 American reality comedy film,2010-10-13T00:00:00Z,94.0
movies_1429,Q106610349,Eagle Wings,2021 Nigerian film directed by Paul Apel Papel,2021-03-12T00:00:00Z,127.0
movies_1430,Q106612798,Waiting for Rain,2021 film directed by Jo Jin-mo,2021-04-28T00:00:00Z,117.0
movies_1431,Q106614348,Miracle: Letters to the President,2021 film directed by Lee Jang-hoon,2021-09-15T00:00:00Z,117.0
movies_1432,Q106615731,The Muckles - The Quest for a New Home,2022 film directed by Ali Samadi Ahadi,2022-10-20T00:00:00Z,81.0
movies_1433,Q106616302,Ted K,2021 film directed by Tony Stone,2021-01-01T00:00:00Z,122.0
movies_1434,Q106616993,Runway 34,2022 film directed by Ajay Devgn,2022-04-29T00:00:00Z,148.0
movies_1435,Q1066199,Linda Linda Linda,2005 film by Nobuhiro Yamashita,2005-07-23T00:00:00Z,114.0
movies_1436,Q106622657,No Man of God,2021 film directed by Amber Sealy,2021-06-11T00:00:00Z,
movies_1437,Q10663066,Scenes from a Celebrity Life,2009 film by Christopher Panov,2009-07-17T00:00:00Z,90.0
movies_1438,Q106631071,Agent Game,2022 film directed by Grant S. Johnson,2022-01-01T00:00:00Z,
movies_1439,Q106636954,Harmony and Me,2009 film by Bob Byington,2009-01-01T00:00:00Z,71.0
movies_1440,Q106638234,Takeout,2020 documentary film,2020-01-01T00:00:00Z,
movies_1441,Q106638889,Mamba's Diamond,2021 Nigerian film directed by Seyi Babatope,2021-03-19T00:00:00Z,
movies_1442,Q106640340,"Have Fun, Vasya! Date in Bali",film directed by Roman Karimov,2021-01-01T00:00:00Z,110.0
movies_1443,Q106640457,March of Dawn,film directed by Roman Kachanov,2022-01-01T00:00:00Z,90.0
movies_1444,Q106641766,Grandma of Easy Virtue 3,film directed by Maryus Vaysberg,2021-01-01T00:00:00Z,87.0
movies_1445,Q106644924,Wedding Proposal,2021 film directed by Emil Heradi,2021-05-07T00:00:00Z,
movies_1446,Q106645470,Julia(s),2022 film directed by Olivier Treiner,2023-04-27T00:00:00Z,
movies_1447,Q106651130,Meander,2020 film directed by Mathieu Turi,2020-01-01T00:00:00Z,87.0
movies_1448,Q106653737,L'Étreinte,2020 film by Ludovic Bergery,2021-05-19T00:00:00Z,
movies_1449,Q106654143,Catch the Fair One,2021 film directed by Josef Kubota Wladyka,2021-06-12T00:00:00Z,
movies_1450,Q106665587,Ghostbuser: Misteri Desa Penari,2021 film directed by Girry Pratama & Tora Sudiro,2021-04-09T00:00:00Z,
movies_1451,Q10666835,"Sex, Lies and Video Violence",2000 film by Richard Holm,2000-01-01T00:00:00Z,68.0
movies_1452,Q10667139,Shoo bre,2012 film,2012-01-01T00:00:00Z,86.0
movies_1453,Q106671702,Penunggang Agama,2021 film directed by Syafiq Yusof,2021-03-25T00:00:00Z,89.0
movies_1454,Q1066729,Happily Ever After,2009 Hong Kong film by Azrael Chung and Ivy Kong,2009-01-01T00:00:00Z,92.0
movies_1455,Q1066749,Norwegian Wood,2010 film by Tran Anh Hung,2010-09-02T00:00:00Z,133.0
movies_1456,Q106678840,The Return: Life After ISIS,2021 film directed by Alba Sotorra,2021-01-01T00:00:00Z,90.0
movies_1457,Q106678892,Breaded Life,2021 film directed by Biodun Stephen,2021-04-10T00:00:00Z,120.0
movies_1458,Q106680669,Masquerade,2022 film directed by Nicolas Bedos,2022-05-01T00:00:00Z,134.0
movies_1459,Q10668100,Simon & Malou,2009 film by Theis Mølstrøm Christensen,2009-10-30T00:00:00Z,94.0
movies_1460,Q106685218,The Last Execution,2021 film directed by Franziska Stünkel,2021-01-01T00:00:00Z,116.0
movies_1461,Q106688159,Choose Order,2004 film by Andres Maimik,2004-01-01T00:00:00Z,68.0
movies_1462,Q106689785,Tralala,2021 film directed by Arnaud Larrieu and Jean-Marie Larrieu,2021-10-06T00:00:00Z,120.0
movies_1463,Q106692753,A Small Pilgrimage,2000 film directed by Heikki Kujanpää,2000-01-01T00:00:00Z,
movies_1464,Q10670181,Skills,2010 film by Johannes Runeborg,2010-11-07T00:00:00Z,
movies_1465,Q106706738,The Swimmers,2022 film directed by Sally El Hosaini,2022-09-08T00:00:00Z,134.0
movies_1466,Q106706908,Easter Sunday,2022 film directed by Jay Chandrasekhar,2022-08-01T00:00:00Z,96.0
movies_1467,Q106707239,Aileen Wuornos: American Boogeywoman,2021 film directed by Daniel Farrands,2021-01-01T00:00:00Z,85.0
movies_1468,Q10671338,Dead or Alive 1918,2012 film by Claes Olsson,2012-03-23T00:00:00Z,70.0
movies_1469,Q106714486,The Hypnotist,2019 film directed by Arthur Franck,2019-02-08T00:00:00Z,
movies_1470,Q106715562,JerryMaya’s Detective Agency – The Riddle of the Scorpion,2022 film directed by Tina Mačkić,2022-10-28T00:00:00Z,
movies_1471,Q10671737,Endgame,2000 film,2000-01-01T00:00:00Z,84.0
movies_1472,Q106717929,Far Away Country Pa-Isch,2000 film directed by Rainer Simon,2000-01-01T00:00:00Z,
movies_1473,Q106718014,The Queen,2000 documentary film directed by Werner Schroeter,2000-02-01T00:00:00Z,
movies_1474,Q106718016,Großglocknerliebe - kein Heimatfilm,2004 film directed by Joe Duebell,2003-01-01T00:00:00Z,
movies_1475,Q106718037,A Handful of Grass,2000 film by Roland Suso Richter,2003-01-01T00:00:00Z,114.0
movies_1476,Q106718286,Riding Up Front,2006 film by Markus Herling,2006-02-17T00:00:00Z,108.0
movies_1477,Q106718552,Willi und die Wunder dieser Welt,2009 documentary film directed by Arne Sinnwell,2009-01-01T00:00:00Z,78.0
movies_1478,Q106718718,Looking for Simon,2011 film directed by Jan Krüger,2011-01-01T00:00:00Z,90.0
movies_1479,Q106718731,Out of the Darkness,2011 documentary film by Stefano Levi,2011-02-26T00:00:00Z,
movies_1480,Q106718756,Small Lights,2010 film by Josef Rusnak,2010-10-03T00:00:00Z,
movies_1481,Q106718771,The Real American - Joe McCarthy,2011 documentary film by Lutz Hachmeister,2011-06-14T00:00:00Z,98.0
movies_1482,Q106718824,Sleepless Knights,film,2012-01-01T00:00:00Z,82.0
movies_1483,Q106718877,Pension Freiheit,2012 film directed by Markus Kleinhans,2012-01-01T00:00:00Z,94.0
movies_1484,Q106719039,Dear Courtney,film,2013-01-01T00:00:00Z,89.0
movies_1485,Q106719153,Dr. Ketel,2011 film directed by Linus de Paoli,2011-09-17T00:00:00Z,80.0
movies_1486,Q106719270,The Inner Zone,2013 film directed by Fosco Dubini,2013-10-01T00:00:00Z,93.0
movies_1487,Q106719363,Happy Hour,2015 film by Franz Müller,2015-06-29T00:00:00Z,95.0
movies_1488,Q106720212,Just the Beginning,2000 film by Pierre Franckh,2000-07-27T00:00:00Z,94.0
movies_1489,Q106720750,Adit Sopo Jarwo the Movie,2021 film directed by Hanung Bramantyo,2021-04-30T00:00:00Z,82.0
movies_1490,Q10672193,Smile of April,2009 film,2009-01-01T00:00:00Z,
movies_1491,Q10672462,All It Takes Is a Miracle,2006 film by Jon Lindström,2006-01-01T00:00:00Z,97.0
movies_1492,Q106725458,The Pilot. A Battle for Survival,2021 film directed by Renat Davletyarov,2021-12-01T00:00:00Z,105.0
movies_1493,Q106725856,Roaring 20's,2021 film directed by Elizabeth Vogler,2021-01-01T00:00:00Z,85.0
movies_1494,Q106725858,Emily,2022 film directed by Frances O'Connor,2022-01-01T00:00:00Z,130.0
movies_1495,Q106725885,Day Shift,2022 film directed by J. J. Perry,2022-08-12T00:00:00Z,114.0
movies_1496,Q10672590,Easy Money III: Life Deluxe,2013 film by Jens Jonsson,2013-08-30T00:00:00Z,127.0
movies_1497,Q106726658,Prophetess,2021 Nigerian film directed by Niyi Akinmolayan,2021-04-02T00:00:00Z,110.0
movies_1498,Q106727320,Look of a Killer,2016 film directed by Lauri Nurkse,2016-01-01T00:00:00Z,95.0
movies_1499,Q106728425,Someone Somewhere,2019 film directed by Hannu Aukia and Jaakko Manninen,2019-01-01T00:00:00Z,
movies_1500,Q106729096,The Guardians of the Galaxy Holiday Special,Marvel Studios television special,2022-11-25T00:00:00Z,42.0
movies_1501,Q106730795,Honest Thieves,Armenian comedy film,2019-01-01T00:00:00Z,99.0
movies_1502,Q10673150,Solen i ögonen,2008 documentary and concert video about Lars Winnerbäck directed by Magnus Gertten,2008-11-28T00:00:00Z,
movies_1503,Q10673442,Just Like Zorro,2011 film by Linda-Maria Birbeck,2012-01-28T00:00:00Z,29.0
movies_1504,Q10673456,Som man bäddar...,2005 film by Maria Essén,2005-01-01T00:00:00Z,
movies_1505,Q10673572,A Midsummer Night's Party,2009 Swedish film directed by Staffan Lindberg,2009-07-31T00:00:00Z,96.0
movies_1506,Q106740037,"Good Luck to You, Leo Grande",2022 film directed by Sophie Hyde,2022-01-22T00:00:00Z,97.0
movies_1507,Q106741851,Along for the Ride,2022 film directed by Sofia Alvarez,2022-05-06T00:00:00Z,106.0
movies_1508,Q106756192,The Cold Front,film directed by Roman Volobuev,2016-01-01T00:00:00Z,91.0
movies_1509,Q1067611,Visible Secret,2001 film by Ann Hui,2001-01-01T00:00:00Z,98.0
movies_1510,Q106764544,Keikka,2013 film directed by Jarmo Lampela,2013-01-01T00:00:00Z,
movies_1511,Q106764555,The Romance,2014 film directed by Anssi Mänttäri,2014-01-01T00:00:00Z,
movies_1512,Q106765105,Children of the Enemy,2021 film directed by Gorki Glaser-Müller,2021-05-07T00:00:00Z,96.0
movies_1513,Q106765116,The Father,2017 film directed by Basil Al-Khatib,2017-01-12T00:00:00Z,114.0
movies_1514,Q106766031,Alma de Sant Pere,2016 film directed by Jarmo Lampela,2016-01-01T00:00:00Z,96.0
movies_1515,Q106766219,Kilimanjaro,2013 film directed by Jarmo Lampela,2013-01-01T00:00:00Z,
movies_1516,Q106774309,Casper and Emma's winter vacation,2014 film directed by Arne Lindtner Næss,2014-01-24T00:00:00Z,75.0
movies_1517,Q106774329,Casper and Emma on Safari,2015 film directed by Arne Lindtner Næss,2015-09-04T00:00:00Z,83.0
movies_1518,Q106774335,Casper and Emma Go Hiking,2017 film directed by Arne Lindtner Næss,2017-03-10T00:00:00Z,85.0
movies_1519,Q106774342,Casper and Emma at the Theatre,2017 film directed by Arne Lindtner and Aurora Langaas Gossé,2017-10-27T00:00:00Z,81.0
movies_1520,Q106774984,The Whaler Boy,2020 Russian film by Philipp Yuryev,2020-01-01T00:00:00Z,93.0
movies_1521,Q106775516,Behind the Scenes,"2019 film directed by Igor Kagramanov, Ilya Ermolov, Narkas Iskandarova, Evelina Barsegyan",2019-01-01T00:00:00Z,77.0
movies_1522,Q106775760,Jane's Summer,2020 South Korean film,2020-06-18T00:00:00Z,90.0
movies_1523,Q10678056,One Step Behind,2005 film by Birger Larsen,2005-06-26T00:00:00Z,101.0
movies_1524,Q106795671,Open 24 Hours,film directed by Padraig Reynolds,2018-01-01T00:00:00Z,100.0
movies_1525,Q10680449,Stockholm Boogie,2005 film by John Lindgren,2005-01-01T00:00:00Z,
movies_1526,Q106807431,Bears Love Me!,2019 film,2019-02-22T00:00:00Z,84.0
movies_1527,Q106807587,The Handout,2015 film directed by Micheline Lanctôt,2015-02-23T00:00:00Z,99.0
movies_1528,Q106814017,Gender Crisis,2021 film directed by Malte Wirtz,2021-09-16T00:00:00Z,80.0
movies_1529,Q10681586,Strange Hearts,2001 film,2001-01-01T00:00:00Z,
movies_1530,Q106817801,Beau Is Afraid,2023 film by Ari Aster,2023-04-20T00:00:00Z,179.0
movies_1531,Q106819,Veer-Zaara,2004 film directed by Yash Chopra,2004-01-01T00:00:00Z,190.0
movies_1532,Q106822387,¡Maldito bastardo!,2008 film directed by Javi Camino,2008-01-01T00:00:00Z,82.0
movies_1533,Q10682405,Studio Sex,2012 film by Agneta Fagerström-Olsson,2012-01-01T00:00:00Z,89.0
movies_1534,Q10682503,Styckmordet,2005 Swedish drama documentary film directed by Claes J.B. Löfgren,2005-05-14T00:00:00Z,
movies_1535,Q1068272,Chatroom,2010 film by Hideo Nakata,2010-05-14T00:00:00Z,97.0
movies_1536,Q106834059,Side Effects and Risks,2021 film directed by Michael Kreihsl,2021-07-09T00:00:00Z,92.0
movies_1537,Q1068375,The Filth and the Fury,2000 film by Julien Temple,2000-01-20T00:00:00Z,108.0
movies_1538,Q10683877,The Anderssons in Greece,2012 film directed by Hannes Holm,2012-12-25T00:00:00Z,95.0
movies_1539,Q106838911,Final Cut,2022 film directed by Michel Hazanavicius,2022-05-17T00:00:00Z,112.0
movies_1540,Q10684275,Suxxess,2002 film by Peter Schildt,2002-01-01T00:00:00Z,103.0
movies_1541,Q106847111,Cloudboy,2017 film directed by Meikeminne Clinckspoor,2017-04-05T00:00:00Z,78.0
movies_1542,Q106856729,Peaceful,2021 film directed by Emmanuelle Bercot,2021-01-01T00:00:00Z,122.0
movies_1543,Q10685760,"Svensson, Svensson – i nöd och lust",2011 Swedish film directed by Leif Lindblom,2011-10-14T00:00:00Z,84.0
movies_1544,Q106858423,The Time of the Pirates,2018 film directed by Gaël Lépingle,2018-07-13T00:00:00Z,90.0
movies_1545,Q106862484,Men from Mars,2018 fiction film directed by Hans Somers,2018-03-08T00:00:00Z,91.0
movies_1546,Q1068674,Che Part 2: Guerrilla,2008 film by Steven Soderbergh,2008-01-01T00:00:00Z,135.0
movies_1547,Q106872943,Saubhagya,2021 film,2021-05-14T00:00:00Z,
movies_1548,Q10687414,Syndare i sommarsol,2001 film by Daniel Alfredson,2001-09-01T00:00:00Z,98.0
movies_1549,Q10687452,Syner,2009 film,2009-01-01T00:00:00Z,76.0
movies_1550,Q106874559,Mía y Moi,2021 film directed by Borja de la Vega,2021-05-21T00:00:00Z,107.0
movies_1551,Q10687933,Säg att du älskar mig,2006 film by Daniel Fridell,2006-01-01T00:00:00Z,87.0
movies_1552,Q106880589,National Champions,American film directed by Ric Roman Waugh (2021),2021-01-01T00:00:00Z,
movies_1553,Q106880756,He's All That,2021 film directed by Mark Waters,2021-01-01T00:00:00Z,91.0
movies_1554,Q106882211,Hard Hit,2021 film directed by Kim Chang-ju,2021-06-23T00:00:00Z,
movies_1555,Q10688317,Så olika,2009 film by Helena Bergström,2009-01-01T00:00:00Z,108.0
movies_1556,Q1068840,Cheerleaders,2008 film by Robby D.,2008-01-01T00:00:00Z,159.0
movies_1557,Q106888339,The Last Journey,2020 film directed by Romain Quirot,2020-09-01T00:00:00Z,87.0
movies_1558,Q106890667,A Day to Die,2022 film directed by Wes Miller,2022-01-01T00:00:00Z,105.0
movies_1559,Q10689107,Sök,2006 film by Maria Heland,2006-01-01T00:00:00Z,94.0
movies_1560,Q10689112,Sökarna: Återkomsten,2006 film,2006-12-27T00:00:00Z,
movies_1561,Q106899660,The Wait,2021 Nigerian film directed by Yemi Morafa and Fiyin Gambo,2021-01-01T00:00:00Z,
movies_1562,Q106900400,Suga Suga,2021 Nigerian film directed by Richard Omos Iboyi,2021-04-30T00:00:00Z,110.0
movies_1563,Q106906663,Paradise City,2022 film directed by Chuck Russell,2022-01-01T00:00:00Z,94.0
movies_1564,Q106911865,Persuasion,2022 film directed by Carrie Cracknell,2022-07-15T00:00:00Z,
movies_1565,Q106911881,The Railway Children Return,childrens film set in England,2022-07-15T00:00:00Z,98.0
movies_1566,Q10691415,The Torso,2007 film by Martin Asphaug,2007-08-15T00:00:00Z,87.0
movies_1567,Q106917164,Sargnagel – Der Film,2021 film directed by Sabine Hiebler and Gerhard Ertl,2021-01-01T00:00:00Z,
movies_1568,Q106917840,Sharpshooter,2021 film directed by Zhang Mo and Zhang Yimou,2021-07-30T00:00:00Z,96.0
movies_1569,Q106920195,Ayuda Babes,2021 film directed by Joven Tan,2021-03-05T00:00:00Z,91.0
movies_1570,Q106920712,Pipeline,2021 film directed by Yoo Ha,2021-05-26T00:00:00Z,108.0
movies_1571,Q106921060,Aloners,2021 film directed by Hong Sung-eun,2021-04-30T00:00:00Z,91.0
movies_1572,Q106936946,This Is Måneskin,2018 documentary film,2018-10-24T00:00:00Z,
movies_1573,Q106937739,Kaberi Antardhan,2023 film directed by Kaushik Ganguly,2023-01-01T00:00:00Z,
movies_1574,Q106939505,Gameboys: The Movie,2021 film directed by Ivan Andrew Payawal,2021-07-30T00:00:00Z,107.0
movies_1575,Q106942529,Weißbier im Blut,2021 film directed by Jörg Graser,2021-05-27T00:00:00Z,96.0
movies_1576,Q106943371,Stealing Raden Saleh,2022 film directed by Angga Dwimas Sasongko,2022-08-25T00:00:00Z,154.0
movies_1577,Q1069469,Lies and Fat Girls,2009 Spanish film directed by Alfonso Albacete David Menkes,2009-02-05T00:00:00Z,107.0
movies_1578,Q106947657,Evil Bong: High 5,2016 film by Charles Band,2016-04-20T00:00:00Z,70.0
movies_1579,Q106947973,Reel Evil,2012 film by Danny Draven,2012-12-04T00:00:00Z,78.0
movies_1580,Q106955915,Diversamente,2021 film directed by Max Nardari,2021-05-18T00:00:00Z,
movies_1581,Q10695632,The Last Stop,2000 film directed by Mark Malone,2000-01-01T00:00:00Z,
movies_1582,Q10695757,The Prophet's Game,2000 film directed by David Worth,2000-01-01T00:00:00Z,
movies_1583,Q106958437,Ayinla,2021 Nigerian film directed by Tunde Kelani,2021-06-13T00:00:00Z,110.0
movies_1584,Q106958533,A Classic Horror Story,2021 film directed by Roberto De Feo and Paolo Strippoli,2021-07-14T00:00:00Z,95.0
movies_1585,Q106958852,Baragaki: Unbroken Samurai,2021 film directed by Masato Harada,2021-10-15T00:00:00Z,
movies_1586,Q106961332,Stay Still,2019 film directed by Elisa Mishto,2019-07-02T00:00:00Z,
movies_1587,Q106962510,Tajemství staré bambitky 2,film directed by Ivo Macharáček,2022-01-01T00:00:00Z,98.0
movies_1588,Q106963322,El año de la furia,2021 film directed by Rafa Russo,2020-01-01T00:00:00Z,102.0
movies_1589,Q106969761,Under the Open Sky,2020 film by Miwa Nishikawa,2021-02-11T00:00:00Z,126.0
movies_1590,Q106976840,Dragon Girl,2020 film directed by Katarina Launing,2020-11-13T00:00:00Z,82.0
movies_1591,Q106977383,"Pup-o, ma2! The crazy bride",2021 film directed by Camelia Popa,2021-01-01T00:00:00Z,93.0
movies_1592,Q106977801,Ciegos,2019 Argentinian film,2019-12-05T00:00:00Z,81.0
movies_1593,Q106977842,Comedians,2021 film directed by Gabriele Salvatores,2021-06-10T00:00:00Z,96.0
movies_1594,Q10697895,Pure,2009 film directed by Lisa Langseth,2010-10-22T00:00:00Z,97.0
movies_1595,Q106978953,Bliss,2021 film,2021-01-01T00:00:00Z,91.0
movies_1596,Q106979000,Juliet Must Die,2020 film by Marco Gadge,2020-01-21T00:00:00Z,95.0
movies_1597,Q106979074,Va bene così,2021 film directed by Francesco Marioni,2021-03-26T00:00:00Z,84.0
movies_1598,Q10698037,Seeking Temporary Wife,2003 film by Lisa Ohlin,2003-01-01T00:00:00Z,
movies_1599,Q106982237,God's Creatures,2022 film directed by Saela Davis and Anna Rose Holmer,2022-01-01T00:00:00Z,
movies_1600,Q106987651,Ghost Lab,2021 film directed by Paween Purijitpanya,2021-05-26T00:00:00Z,
movies_1601,Q10698924,The Lovelife of a Fat Thief,2006 film by Henrik Sylvén,2006-01-01T00:00:00Z,82.0
movies_1602,Q106989892,Baggio: The Divine Ponytail,2021 film directed by Letizia Lamartire,2021-05-26T00:00:00Z,
movies_1603,Q106990163,The Night Doctor,2020 film directed by Élie Wajeman,2020-01-01T00:00:00Z,100.0
movies_1604,Q10699140,I Have to Buy New Shoes,2012 film by Eriko Kitagawa,2012-10-06T00:00:00Z,115.0
movies_1605,Q106994644,Secret Headquarters,2022 film directed by Henry Joost and Ariel Schulman,2022-01-01T00:00:00Z,
movies_1606,Q106996423,Midnight,2021 film directed by Kwon Oh-seung,2021-06-30T00:00:00Z,103.0
movies_1607,Q106997681,Teka Teki Tika,2021 film directed by Ernest Prakasa,2021-12-03T00:00:00Z,83.0
movies_1608,Q107000486,Stendap pod prikrytiyem,2021 film directed by Oleg Asadulin,2021-01-01T00:00:00Z,105.0
movies_1609,Q107001222,Assandira,2020 film directed by Salvatore Mereu,2020-09-06T00:00:00Z,
movies_1610,Q1070030,Break Through!,2005 film by Kazuyuki Izutsu,2005-01-01T00:00:00Z,118.0
movies_1611,Q107006132,Blue Miracle,2021 film directed by Julio Quintana,2021-01-01T00:00:00Z,
movies_1612,Q107007233,Earwig,2021 film directed by Lucile Hadzihalilovic,2021-01-01T00:00:00Z,114.0
movies_1613,Q107008067,High Heels Revolution!,2016 film directed by Yo Kohatsu,2016-09-17T00:00:00Z,
movies_1614,Q107012631,Dawn of War,2020 film directed by Margus Paju,2020-10-06T00:00:00Z,100.0
movies_1615,Q1070160,Invincible,2006 sports film directed by Ericson Core,2006-08-25T00:00:00Z,100.0
movies_1616,Q10701611,Tre solar,2004 film by Richard Hobert,2004-01-01T00:00:00Z,102.0
movies_1617,Q107027721,Bones and All,2022 film directed by Luca Guadagnino,2022-09-02T00:00:00Z,130.0
movies_1618,Q107027981,The Tales from Sanctuary City,2019 Australian film directed by Ricard Cussó,2020-01-01T00:00:00Z,
movies_1619,Q1070339,About Cherry,2012 film by Stephen Elliott,2012-02-01T00:00:00Z,102.0
movies_1620,Q107040798,The Lost City,2022 film directed by Aaron Nee and Adam Nee,2022-01-01T00:00:00Z,111.0
movies_1621,Q107050761,The Olsen Gang - Last scream!,2022 film directed by Hallvard Bræin,2022-09-02T00:00:00Z,
movies_1622,Q1070554,Stuart Little 2,2002 film directed by Rob Minkoff,2002-07-19T00:00:00Z,77.0
movies_1623,Q107059453,The Cover,2021 film directed by Secun de la Rosa,2021-07-23T00:00:00Z,81.0
movies_1624,Q10706553,Force Majeure,2014 Swedish film by Ruben Östlund,2014-05-18T00:00:00Z,120.0
movies_1625,Q10706641,A Thousand Times Stronger,2010 film by Peter Schildt,2010-01-01T00:00:00Z,85.0
movies_1626,Q107068399,The Burning Sea,2021 film directed by John Andreas Andersen,2021-10-29T00:00:00Z,104.0
movies_1627,Q107068710,Kerana Korona,2021 film directed by Kabir Bhatia,2021-01-21T00:00:00Z,87.0
movies_1628,Q107068760,Sequin in a Blue Room,2019 film directed by Samuel Van Grinsven,2019-01-01T00:00:00Z,83.0
movies_1629,Q107071324,Good on Paper,2021 film directed by Kimmy Gatewood,2021-06-23T00:00:00Z,
movies_1630,Q107071554,Bodies Bodies Bodies,2022 film directed by Halina Reijn,2022-03-14T00:00:00Z,94.0
movies_1631,Q107071651,Ride the Eagle,2021 film directed by Trent O'Donnell,2021-07-30T00:00:00Z,88.0
movies_1632,Q107073203,When Brooklyn met Seville,2021 film directed by Vicente Villanueva,2021-08-20T00:00:00Z,98.0
movies_1633,Q107073403,The Medium,2021 film directed by Banjong Pisanthanakun,2021-07-14T00:00:00Z,131.0
movies_1634,Q107073859,Donde caben dos,2021 film directed by Paco Caballero,2021-07-30T00:00:00Z,100.0
movies_1635,Q107074827,Přání Ježíškovi,2021 film directed by Marta Ferencová,2021-11-25T00:00:00Z,109.0
movies_1636,Q107075881,The Walk,2022 film directed by Daniel Adams,2022-04-14T00:00:00Z,
movies_1637,Q107077576,Thomas the High Jumper,2020 film directed by Leri Matteha,2021-01-01T00:00:00Z,92.0
movies_1638,Q10707855,Tysta leken,2011 film by Görel Crona,2011-01-01T00:00:00Z,90.0
movies_1639,Q10707888,Hold My Heart,2002 film,2002-01-01T00:00:00Z,92.0
movies_1640,Q107086851,Nobody's Hero,2022 film directed by Alain Guiraudie,2022-03-02T00:00:00Z,100.0
movies_1641,Q107087220,Fisherman's Friends: One and All,2022 film directed by Nick Moorcroft and Meg Leonard,2022-08-19T00:00:00Z,112.0
movies_1642,Q107089450,Ahed's Knee,2021 film directed by Nadav Lapid,2021-01-01T00:00:00Z,
movies_1643,Q107089587,The Worst Person in the World,2021 film directed by Joachim Trier,2021-07-08T00:00:00Z,121.0
movies_1644,Q10708996,Night of the Wolf,2008 Norwegian film directed by Kjell Sundvall,2008-02-29T00:00:00Z,80.0
movies_1645,Q107091787,Historias lamentables,Spanish movie (2020),2020-11-19T00:00:00Z,126.0
movies_1646,Q1070919,Keane,2004 film directed by Lodge Kerrigan,2004-01-01T00:00:00Z,100.0
movies_1647,Q107092356,Compartment No. 6,2021 film directed by Juho Kuosmanen,2021-07-10T00:00:00Z,107.0
movies_1648,Q107093418,The Five Devils,2022 film directed by Léa Mysius,2022-05-23T00:00:00Z,96.0
movies_1649,Q107093974,Jaula,2022 film directed by Ignacio Tatay,2022-01-01T00:00:00Z,
movies_1650,Q107094446,MONEYBOYS,2021 film directed by C.B. Yi,2021-07-12T00:00:00Z,120.0
movies_1651,Q107095270,Great Freedom,2021 film directed by Sebastian Meise,2021-07-08T00:00:00Z,117.0
movies_1652,Q107095586,Tragic Jungle,2020 film,2021-06-09T00:00:00Z,96.0
movies_1653,Q107096526,Casablanca Beats,2021 film directed by Nabil Ayouch,2021-07-15T00:00:00Z,101.0
movies_1654,Q107102317,The Restless,2021 film directed by Joachim Lafosse,2021-01-01T00:00:00Z,119.0
movies_1655,Q107103525,The Shift,2020 film directed by Alessandro Tonda,2020-01-01T00:00:00Z,
movies_1656,Q107103723,Un Tour Chez Ma Fille...,film directed by Éric Lavaine,2021-01-01T00:00:00Z,88.0
movies_1657,Q107105769,The Woman from Uruguay,film directed by Ana García Blaya,2022-01-01T00:00:00Z,78.0
movies_1658,Q107107865,Drive My Car,2021 film directed by Ryusuke Hamaguchi,2021-08-20T00:00:00Z,179.0
movies_1659,Q107112059,The Innocents,2021 film directed by Eskil Vogt,2021-09-03T00:00:00Z,117.0
movies_1660,Q107117628,Lingui,2021 film directed by Mahamat-Saleh Haroun,2021-07-08T00:00:00Z,87.0
movies_1661,Q107119206,Babylon,2022 film directed by Damien Chazelle,2022-12-23T00:00:00Z,189.0
movies_1662,Q1071212,Opium War,2008 film by Siddiq Barmak,2008-01-01T00:00:00Z,90.0
movies_1663,Q107121729,Hollywood Stargirl,2022 film directed by Julia Hart,2022-06-03T00:00:00Z,
movies_1664,Q107122218,House Arrest,2021 film directed by Aleksei Alekseivich German,2021-07-09T00:00:00Z,106.0
movies_1665,Q107123845,Proyecto tiempo,2017 film directed by Isabel Coixet,2017-01-01T00:00:00Z,63.0
movies_1666,Q107123882,Granada Nights,2021 film directed by Abid Khan,2021-01-01T00:00:00Z,85.0
movies_1667,Q107124819,"Espejo, espejo",2022 film directed by Marc Crehuet,2022-05-20T00:00:00Z,80.0
movies_1668,Q107125026,From the Shadows,film directed by Félix Viscarret,2022-10-22T00:00:00Z,107.0
movies_1669,Q107125418,Mascarpone,2021 film by Alessandro Guida and Matteo Pilati,2021-06-04T00:00:00Z,101.0
movies_1670,Q10712544,Case G,2006 film directed by Rickard Petrelius,2006-01-01T00:00:00Z,89.0
movies_1671,Q10712545,Carambole,2005 film by Daniel Lind Lagerlöf,2005-08-19T00:00:00Z,102.0
movies_1672,Q10712546,Moreno and the Silence,2006 film by Erik Leijonborg,2006-01-01T00:00:00Z,91.0
movies_1673,Q10712547,Münsters fall,2005 film by Rickard Petrelius,2005-01-01T00:00:00Z,
movies_1674,Q10712550,"The swallow, the cat, the rose, death",2006 film by Daniel Lind Lagerlöf,2006-06-14T00:00:00Z,86.0
movies_1675,Q107125553,Phoenix,2021 film directed by Bram Droulers,2021-01-01T00:00:00Z,65.0
movies_1676,Q107125825,Children,2006 Italian film,2006-01-01T00:00:00Z,80.0
movies_1677,Q10712726,Love and Rage,2009 film by Morten Giese,2009-07-31T00:00:00Z,94.0
movies_1678,Q10712996,Varg Veum: Buried Dogs,2008 film by Alexander Eik,2008-01-01T00:00:00Z,87.0
movies_1679,Q10712997,Yours Until Death,2008 film by Erik Richter Strand,2008-01-01T00:00:00Z,86.0
movies_1680,Q10712998,Fallen Angels,2008 film by Morten Tyldum,2008-01-01T00:00:00Z,95.0
movies_1681,Q10712999,Varg Veum: Woman in the Fridge,2008 film by Alexander Eik,2008-01-01T00:00:00Z,87.0
movies_1682,Q10713001,Varg Veum – Sleeping Beauty,2008 film by Erik Richter Strand,2008-01-01T00:00:00Z,90.0
movies_1683,Q107132341,Aisha,2022 film directed by Frank Berry,2022-01-01T00:00:00Z,
movies_1684,Q107133629,Outlaws,2021 film directed by Daniel Monzón,2021-10-08T00:00:00Z,129.0
movies_1685,Q107137046,Jaadugar,2022 film directed by Sameer Saxena,2022-07-15T00:00:00Z,
movies_1686,Q107139544,Solo una vez,2021 film directed by Guillermo Ríos Bordón,2021-01-01T00:00:00Z,80.0
movies_1687,Q10713967,Venice Underground,2005 film directed by Eric DelaBarre,2005-01-01T00:00:00Z,93.0
movies_1688,Q107143864,No Trace,2021 film directed by Simon Lavoie,2021-02-12T00:00:00Z,101.0
movies_1689,Q107144268,About Fate,2022 film directed by Maryus Vaysberg,2022-09-08T00:00:00Z,100.0
movies_1690,Q10714767,Us,2013 film by Mani Maserrat,2013-01-01T00:00:00Z,92.0
movies_1691,Q107148197,Most Unwanted,2021 film directed by Sara Young,2021-04-30T00:00:00Z,
movies_1692,Q107150070,Robust,2022 film directed by Constance Meyer,2021-07-07T00:00:00Z,95.0
movies_1693,Q107157881,UFO Sweden,2022 film,2022-12-25T00:00:00Z,115.0
movies_1694,Q10716445,Wither,2012 film,2012-01-01T00:00:00Z,95.0
movies_1695,Q107167218,Hostel,2021 film directed by Roman Vasyanov,2021-06-01T00:00:00Z,122.0
movies_1696,Q107167683,La vida era eso,2021 film directed by David Martín de los Santos,2021-08-27T00:00:00Z,109.0
movies_1697,Q107168350,Chavalas,2021 film directed by Carol Rodríguez Colás,2021-09-03T00:00:00Z,91.0
movies_1698,Q107168962,Con quién viajas,2021 film directed by Hugo Martín Cuervo,2021-09-10T00:00:00Z,87.0
movies_1699,Q107169167,Las consecuencias,Spanish film,2021-09-17T00:00:00Z,96.0
movies_1700,Q107169837,The Grandmother,2021 film directed by Paco Plaza,2021-10-22T00:00:00Z,100.0
movies_1701,Q107170159,Bad Luck Good Love,2018 film directed by Ryszard Zatorski,2018-12-17T00:00:00Z,82.0
movies_1702,Q107171860,Alors on danse,2021 film by Michèle Laroque,2021-01-01T00:00:00Z,87.0
movies_1703,Q107174193,Transformers: Rise of the Beasts,2023 film directed by Steven Caple Jr.,2023-06-07T00:00:00Z,127.0
movies_1704,Q107174589,Maixabel,2021 film directed by Icíar Bollaín,2021-09-24T00:00:00Z,115.0
movies_1705,Q107175474,Spaceman,2024 film directed by Johan Renck,2024-02-20T00:00:00Z,107.0
movies_1706,Q107175604,Por los pelos,2022 film directed by Nacho G. Velilla,2022-01-01T00:00:00Z,
movies_1707,Q107175883,Somewhere in Queens,2022 film directed by Ray Romano,2022-06-10T00:00:00Z,
movies_1708,Q107176162,Nope,2022 film directed by Jordan Peele,2022-07-22T00:00:00Z,130.0
movies_1709,Q107177502,Centauro,2022 film directed by Daniel Calparsoro,2022-06-15T00:00:00Z,
movies_1710,Q107177868,Dancing on Glass,2022 film directed by Jota Linares,2022-01-01T00:00:00Z,138.0
movies_1711,Q107177989,Frimas,2021 short film directed by Marianne Farley,2021-06-09T00:00:00Z,19.0
movies_1712,Q107182492,1000 Miles from Christmas,2021 film directed by Álvaro Fernández Armero,2021-12-24T00:00:00Z,
movies_1713,Q107188939,"I, Dolours",film directed by Maurice Sweeney,2018-04-28T00:00:00Z,82.0
movies_1714,Q10719104,Waiting,2007 film directed by Lisa Campbell,2007-01-01T00:00:00Z,
movies_1715,Q10719170,Arvet,2010 film by Mikael Marcimain,2010-01-01T00:00:00Z,
movies_1716,Q10719172,Vittnet,2010 film by Kathrine Windfeld,2010-01-01T00:00:00Z,
movies_1717,Q10719174,Vålnaden,2010 film by Mikael Marcimain,2010-01-01T00:00:00Z,
movies_1718,Q107191803,Toys of Terror,2020 film directed by Nicholas Verso,2020-10-27T00:00:00Z,89.0
movies_1719,Q107193898,Code Name: Emperor,2022 film directed by Jorge Coira,2022-01-01T00:00:00Z,105.0
movies_1720,Q107194983,Valley of the Dead,2021 film directed by Javier Ruiz Caldera and Alberto de Toro,2021-09-24T00:00:00Z,102.0
movies_1721,Q107197925,Monte Verità,2021 film directed by Stefan Jäger,2021-08-07T00:00:00Z,
movies_1722,Q107199180,24 Hours with Gaspar,Indonesian film,2023-10-06T00:00:00Z,98.0
movies_1723,Q107203508,Evil Dead Rise,2023 film directed by Lee Cronin,2023-03-15T00:00:00Z,96.0
movies_1724,Q107204407,Becloud,2009 film by Alejandro Gerber Bicecci,2009-01-01T00:00:00Z,118.0
movies_1725,Q107208448,The Belly of the Sea,2021 film directed by Agustí Villaronga,2021-06-10T00:00:00Z,76.0
movies_1726,Q107208538,Escape from Mogadishu,2021 film directed by Ryoo Seung-wan,2021-07-28T00:00:00Z,121.0
movies_1727,Q107208626,Feed Me with Your Words,2012 film directed by Martin Turk,2012-01-01T00:00:00Z,88.0
movies_1728,Q107213166,Eva & Adam,2021 film by Caroline Cowan,2021-08-27T00:00:00Z,
movies_1729,Q107214994,Copilot,2021 film directed by Anne Zohra Berrached,2021-08-12T00:00:00Z,
movies_1730,Q107223268,Sounds Like Love,2021 film directed by Juana Macías,2021-09-29T00:00:00Z,
movies_1731,Q107226,The Bourne Ultimatum,2007 film directed by Paul Greengrass,2007-07-25T00:00:00Z,115.0
movies_1732,Q1072282,Japón,2002 film by Carlos Reygadas,2002-01-27T00:00:00Z,130.0
movies_1733,Q107231115,Razor,2014 film directed by Alexey Belyakov,2015-01-01T00:00:00Z,15.0
movies_1734,Q107231499,"Joe Lycett: That's the Way, A-Ha, A-Ha, Joe Lycett",2016 film directed by Brian Klein,2016-11-21T00:00:00Z,
movies_1735,Q10723618,Yoghurt,2010 film by Sanna Lenken,2010-01-01T00:00:00Z,
movies_1736,Q10724496,Zero Day,2003 film by Ben Coccio,2003-09-03T00:00:00Z,
movies_1737,Q1072584,The Kiss,2003 film by Gorman Bechard,2003-01-01T00:00:00Z,90.0
movies_1738,Q10725907,Among Us,2010 film by Johan Brisinger,2010-01-01T00:00:00Z,94.0
movies_1739,Q107264952,Hostage: Missing Celebrity,2021 film directed by Pil Gam-seong,2021-08-01T00:00:00Z,94.0
movies_1740,Q10726561,3 A.M. 3D,2012 film,2012-11-22T00:00:00Z,
movies_1741,Q10726831,Åsa-Nisse - Wälkom to Knohult,2011 film by Fredrik Boklund,2011-02-11T00:00:00Z,89.0
movies_1742,Q107270,Lost in Translation,2003 film directed by Sofia Coppola,2003-08-29T00:00:00Z,97.0
movies_1743,Q107272601,The Lithium Conspiracy,2012 film by Davide Marengo,2012-01-01T00:00:00Z,104.0
movies_1744,Q107273994,The Battle at Lake Changjin,"2021 film directed by Kaige Chen , Dante Lam and Hark Tsui",2021-09-20T00:00:00Z,176.0
movies_1745,Q1072781,Children of the Corn: Revelation,2001 film directed by Guy Magar,2001-01-01T00:00:00Z,82.0
movies_1746,Q10728576,"Abandoned Houses, Empty Homes",2000 film by Lauri Törhönen,2000-02-11T00:00:00Z,103.0
movies_1747,Q107288923,A Separate Wind,2014 film by Alejandro Gerber Bicecci,2014-01-01T00:00:00Z,100.0
movies_1748,Q10728969,Pax,2011 film by Annette Sjursen,2011-03-18T00:00:00Z,
movies_1749,Q10729081,Kurt Josef Wagle and the Legend of the Fjord Witch,2010 film by Tommy Wirkola,2010-01-01T00:00:00Z,82.0
movies_1750,Q10729092,Kalde føtter,2006 Norwegian film directed by Alexander Eik,2006-10-27T00:00:00Z,80.0
movies_1751,Q10729096,Tomme tønner,2010 Norwegian film,2010-01-08T00:00:00Z,87.0
movies_1752,Q107292105,La Civil,2021 film directed by Teodora Mihai,2021-07-09T00:00:00Z,140.0
movies_1753,Q107292443,143 Sahara Street,2019 Algerian film directed by Hassen Ferhani,2019-01-01T00:00:00Z,100.0
movies_1754,Q107294619,Bloodsuckers,2021 film directed by Julian Radlmaier,2021-06-17T00:00:00Z,125.0
movies_1755,Q107297091,Papa hat keinen Plan,2019 film directed by Edgar Rai and Matthias Steurer,2019-04-12T00:00:00Z,89.0
movies_1756,Q107298396,Let It Be Morning,2021 film directed by Eran Kolirin,2021-10-01T00:00:00Z,101.0
movies_1757,Q107299023,Tuesday,2023 film directed by Daina O. Pusic,2023-09-01T00:00:00Z,111.0
movies_1758,Q10730185,"The Chef, the Actor, the Scoundrel",2013 Chinese film directed by Guan Hu,2013-01-01T00:00:00Z,108.0
movies_1759,Q107302815,Sex Appeal,2022 film directed by Talia Osteen,2022-01-01T00:00:00Z,90.0
movies_1760,Q107304169,Living,2022 film directed by Oliver Hermanus,2022-01-01T00:00:00Z,102.0
movies_1761,Q107304843,Beast,2022 Tamil film directed by Nelson Dilipkumar,2022-01-01T00:00:00Z,156.0
movies_1762,Q107310881,The Wisdom of Trauma,documentary film directed by Zaya Benazzo and Maurizio Benazzo,2022-05-27T00:00:00Z,
movies_1763,Q107313347,Gold,2022 film directed by Anthony Hayes,2022-02-17T00:00:00Z,
movies_1764,Q10732446,Hong Kong Confidential,2010 film by Māris Martinsons,2010-09-14T00:00:00Z,92.0
movies_1765,Q107324616,The Marsh King's Daughter,2023 film directed by Neil Burger,2023-10-06T00:00:00Z,108.0
movies_1766,Q107324772,Crater,2023 film directed by Kyle Patrick Alvarez,2023-01-01T00:00:00Z,105.0
movies_1767,Q1073297,Kontroll,2003 film directed by Nimród Antal,2003-11-20T00:00:00Z,106.0
movies_1768,Q107339050,Immenhof - Das große Versprechen,2022 film directed by Sharon von Wietersheim,2022-05-26T00:00:00Z,100.0
movies_1769,Q107348809,As They Made Us,2022 film directed by Mayim Bialik,2022-01-01T00:00:00Z,100.0
movies_1770,Q107348939,Father of the Bride,2022 film directed by Gaz Alazraki,2022-01-01T00:00:00Z,
movies_1771,Q107352262,God's Crooked Lines,2022 Spanish film,2022-01-01T00:00:00Z,154.0
movies_1772,Q107357292,Oxygen Station,2022 film directed by Ivan Tymchenko,2022-01-01T00:00:00Z,100.0
movies_1773,Q107358448,November,2022 film directed by Cédric Jimenez,2022-05-22T00:00:00Z,100.0
movies_1774,Q107363303,Arima,2019 film directed by Jaione Camborda,2019-01-01T00:00:00Z,77.0
movies_1775,Q1073637,Dear Friends,2007 film by Kazuyuki Morosawa,2007-01-01T00:00:00Z,115.0
movies_1776,Q107366035,Assassin,2023 film directed by Jesse Atlas,2023-03-31T00:00:00Z,88.0
movies_1777,Q107377383,White Noise,2022 film directed by Noah Baumbach,2022-08-31T00:00:00Z,136.0
movies_1778,Q1073800,Chinese Take-Away,2011 film by Sebastián Borensztein,2011-03-24T00:00:00Z,93.0
movies_1779,Q1073856,Strings,2004 film by Anders Rønnow Klarlund,2004-01-01T00:00:00Z,88.0
movies_1780,Q107389143,Nanny,2022 film directedy by Nikyatu Jusu,2022-12-16T00:00:00Z,
movies_1781,Q107390449,Kraven the Hunter,2024 superhero film by J. C. Chandor,2024-12-12T00:00:00Z,127.0
movies_1782,Q107394970,The Last Voyage of the Demeter,2023 film directed by André Øvredal,2023-08-09T00:00:00Z,118.0
movies_1783,Q1073956,Tenshi no Koi,2009 film by Yuri Kanchiku,2009-10-19T00:00:00Z,119.0
movies_1784,Q1074032,Penelope,2006 film by Mark Palansky,2006-01-01T00:00:00Z,103.0
movies_1785,Q107404487,Moonshot,2022 film directed by Christopher Winterbauer,2022-03-31T00:00:00Z,104.0
movies_1786,Q107404778,The Toxic Avenger,2023 film directed by Macon Blair,2023-09-21T00:00:00Z,102.0
movies_1787,Q107405067,The Fourth Passenger,2022 film directed by Álex de la Iglesia,2022-01-01T00:00:00Z,99.0
movies_1788,Q107419695,Diana's Wedding,2020 film directed by Charlotte Blom,2020-09-11T00:00:00Z,87.0
movies_1789,Q107428439,Crock of Gold: A Few Rounds with Shane MacGowan,2020 film directed by Julien Temple,2020-12-04T00:00:00Z,124.0
movies_1790,Q1074295,The Missing Gun,2002 film by Lu Chuan,2002-05-09T00:00:00Z,90.0
movies_1791,Q107435219,Tell Her,2020 film directed by Aleksandr Molochnikov,2020-09-14T00:00:00Z,98.0
movies_1792,Q1074397,The Founding of a Party,"2011 Chinese film by Huang Jianxin, Han Sanping",2011-06-15T00:00:00Z,140.0
movies_1793,Q107445708,Margins,2022 film directed by Niccolò Falsetti,2022-09-02T00:00:00Z,91.0
movies_1794,Q107460063,Argylle,2024 film directed by Matthew Vaughn,2024-01-24T00:00:00Z,139.0
movies_1795,Q107462978,18 Pages,2022 film by Palnati Surya Pratap,2022-12-23T00:00:00Z,133.0
movies_1796,Q107463341,Spirited,2022 film directed by Sean Anders,2022-11-11T00:00:00Z,
movies_1797,Q107466664,One Fine Morning,2022 film directed by Mia Hansen-Løve,2022-01-01T00:00:00Z,112.0
movies_1798,Q107473646,Christie Malry's Own Double-Entry,2000 film directed by Paul Tickell,2000-01-01T00:00:00Z,89.0
movies_1799,Q107484172,Vicious Fun,2020 film by Cody Calahan,2020-10-08T00:00:00Z,101.0
movies_1800,Q10748749,Strawberry Shortcakes,2006 film by Hitoshi Yazaki,2006-01-01T00:00:00Z,
movies_1801,Q107496552,The Last Bookshop in the World,2017 film directed by Rax Rinnekangas,2017-01-01T00:00:00Z,
movies_1802,Q107497190,Vikingulven,2022 film directed by Stig Svendsen,2022-11-18T00:00:00Z,97.0
movies_1803,Q107515879,"Bruno Reidal, Confession of a Murderer",2021 film directed by Vincent Le Port,2022-03-23T00:00:00Z,101.0
movies_1804,Q1075182,Chloe,2009 film directed by Atom Egoyan,2009-01-01T00:00:00Z,96.0
movies_1805,Q107522892,Re:Human,2024 film directed by Espen Larsson,2024-01-01T00:00:00Z,108.0
movies_1806,Q107524848,No Exit,2022 film directed by Damien Power,2022-01-01T00:00:00Z,
movies_1807,Q107524912,"Confess, Fletch",2022 film directed by Greg Mottola,2022-09-16T00:00:00Z,98.0
movies_1808,Q107526465,Rubikon,2022 film directed by Magdalena Lauritsch,2022-01-01T00:00:00Z,110.0
movies_1809,Q107549128,Emergency Situation,film project directed by Jiří Havelka,2022-02-03T00:00:00Z,103.0
movies_1810,Q107558781,Gunfight at Rio Bravo,2023 film,2023-01-01T00:00:00Z,80.0
movies_1811,Q1075645,The Stool Pigeon,2010 Hong Kong-Chinese film directed by Dante Lam,2010-08-26T00:00:00Z,112.0
movies_1812,Q107564541,House Party,2023 film directed by Calmatic,2023-01-01T00:00:00Z,110.0
movies_1813,Q107566705,Pickpocket,2022 film directed by Divya Bandaru,2022-01-01T00:00:00Z,
movies_1814,Q1075839,Choke,2008 film by Clark Gregg,2008-01-01T00:00:00Z,88.0
movies_1815,Q107583912,Monica,2022 film directed by Andrea Pallaoro,2022-09-03T00:00:00Z,106.0
movies_1816,Q1075841,Choking Hazard,2004 film,2004-01-01T00:00:00Z,80.0
movies_1817,Q107584295,Havoc,2025 film directed by Gareth Evans,2025-04-25T00:00:00Z,107.0
movies_1818,Q107589360,This Bitter Earth,2012 film directed by David Lee Rawlings,2012-12-01T00:00:00Z,76.0
movies_1819,Q1075918,Dogtooth,2009 film by Yorgos Lanthimos,2009-05-18T00:00:00Z,93.0
movies_1820,Q107599680,Anything's Possible,2022 film directed by Billy Porter,2022-07-22T00:00:00Z,98.0
movies_1821,Q107610336,The Exorcist: Believer,2023 film by David Gordon Green,2023-10-04T00:00:00Z,121.0
movies_1822,Q107610344,Joyride,2022 film directed by Emer Reynolds,2022-11-24T00:00:00Z,94.0
movies_1823,Q107610545,Showing Up,2022 film directed by Kelly Reichardt,2022-05-27T00:00:00Z,108.0
movies_1824,Q107621661,Golda,2023 film directed by Guy Nattiv,2023-02-20T00:00:00Z,100.0
movies_1825,Q107622427,Swingers,2022 film directed by Dmitry Fiks and Andreys Ekis,2022-01-06T00:00:00Z,97.0
movies_1826,Q107622712,Forbidden Intimacy of Two Young Housewives,2000 film directed by Mario Salieri,2000-01-01T00:00:00Z,
movies_1827,Q107630143,Murder at Yellowstone City,2022 film directed by Richard Gray,2022-06-24T00:00:00Z,
movies_1828,Q107637705,La Troisième Guerre,2020 film by Giovanni Aloi,2020-01-01T00:00:00Z,90.0
movies_1829,Q1076380,Beast Stalker,2008 Hong Kong film directed by Dante Lam,2008-11-27T00:00:00Z,109.0
movies_1830,Q107639384,Senior Year,2022 film directed by Alex Hardcastle,2022-05-13T00:00:00Z,111.0
movies_1831,Q107645493,Three Thousand Numbered Pieces,2021 film directed by Ádám Császi,2022-01-01T00:00:00Z,93.0
movies_1832,Q107646885,The Guest: Aleppo-Istanbul,2018 film directed by Andaç Haznedaroğlu,2018-07-14T00:00:00Z,88.0
movies_1833,Q107655827,Ailton Krenak and the dream of the stone,Brazilian documentary film,2017-01-01T00:00:00Z,
movies_1834,Q107657456,Luckiest Girl Alive,2022 film directed by Mike Barker,2022-01-01T00:00:00Z,113.0
movies_1835,Q107675028,Happening,2021 film directed by Audrey Diwan,2002-01-06T00:00:00Z,100.0
movies_1836,Q107675912,The Munsters,2022 film directed by Rob Zombie,2022-01-01T00:00:00Z,110.0
movies_1837,Q1076823,Krrish,2006 film by Rakesh Roshan,2006-06-23T00:00:00Z,175.0
movies_1838,Q107704115,The Boy Behind the Door,2020 film directed by David Charbonier and Justin Powell,2020-09-27T00:00:00Z,88.0
movies_1839,Q10770563,Hà Nội - 12 days and nights,Vietnamese war film,2002-01-01T00:00:00Z,
movies_1840,Q107709858,The Summit,2008 Canadian TV miniseries directed by Nick Copus,2008-01-01T00:00:00Z,240.0
movies_1841,Q107710009,The Fabelmans,2022 film directed by Steven Spielberg,2022-09-10T00:00:00Z,151.0
movies_1842,Q1077315,Antitrust,2001 film by Peter Howitt,2001-01-12T00:00:00Z,108.0
movies_1843,Q107739693,Jerry and Marge Go Large,2022 film directed by David Frankel,2022-06-17T00:00:00Z,96.0
movies_1844,Q107746273,February,2020 film directed by Kamen Kalev,2020-01-01T00:00:00Z,125.0
movies_1845,Q107756265,A Little Kiss,2005 film directed by Bahman Farmanara,2005-01-01T00:00:00Z,100.0
movies_1846,Q107791285,Friend of the World,2020 film directed by Brian Patrick Butler,2020-08-15T00:00:00Z,50.0
movies_1847,Q107803472,Emancipation,2022 film directed by Antoine Fuqua,2022-01-01T00:00:00Z,132.0
movies_1848,Q107808351,Blue Beetle,2023 film directed by Ángel Manuel Soto,2023-08-16T00:00:00Z,127.0
movies_1849,Q1078365,Undisputed II: Last Man Standing,2006 film directed by Isaac Florentine,2006-01-01T00:00:00Z,93.0
movies_1850,Q10785295,Sweet Desire,2010 film by Mischa Kamp,2010-10-09T00:00:00Z,85.0
movies_1851,Q107862278,Dry,2022 film directed by Paolo Virzì,2022-09-08T00:00:00Z,97.0
movies_1852,Q107863171,Guglhupfgeschwader,2022 film directed by Ed Herzog,2022-08-04T00:00:00Z,97.0
movies_1853,Q107871488,Clerks III,2022 film directed by Kevin Smith,2022-09-13T00:00:00Z,100.0
movies_1854,Q107883998,Crimes of the Future,2022 film directed by David Cronenberg,2022-05-23T00:00:00Z,107.0
movies_1855,Q1079055,Japan Sinks,2006 film directed by Shinji Higuchi,2006-07-15T00:00:00Z,135.0
movies_1856,Q107920304,Close,2022 film directed by Lukas Dhont,2022-05-26T00:00:00Z,105.0
movies_1857,Q10792815,A Wedding Invitation,2013 film directed by O Ki-hwan,2013-04-12T00:00:00Z,101.0
movies_1858,Q10796223,"Me Thao, there was once a time when...",Vietnamese film 2002,2002-01-01T00:00:00Z,
movies_1859,Q107969593,She Said,2022 film directed by Maria Schrader,2022-11-17T00:00:00Z,129.0
movies_1860,Q107976429,The Owner,Russian film directed by Yuri Bykov,2023-01-01T00:00:00Z,
movies_1861,Q107978166,Louloute,2020 film directed by Hubert Viel,2020-01-01T00:00:00Z,88.0
movies_1862,Q107984188,Boys from County Hell,2020 film directed by Chris Baugh,2020-01-01T00:00:00Z,88.0
movies_1863,Q107985423,Rainbow,2022 film directed by Paco León,2022-09-23T00:00:00Z,118.0
movies_1864,Q108003049,Table for Six,2022 Hong Kong film,2022-09-08T00:00:00Z,
movies_1865,Q10800800,Five Fairies in the House,2013 Vietnamese comedy drama film,2013-02-02T00:00:00Z,
movies_1866,Q108030443,Women Talking,2022 film directed by Sarah Polley,2022-09-02T00:00:00Z,104.0
movies_1867,Q108031233,Father Stu,2022 film directed by Rosalind Ross,2022-04-13T00:00:00Z,124.0
movies_1868,Q108055717,A Diary of a First-grader Mom,2014 film,2014-11-30T00:00:00Z,75.0
movies_1869,Q108058449,Matriarch,2019 film directed by Jure Pavlović,2019-11-01T00:00:00Z,97.0
movies_1870,Q108067645,Seoul Vibe,2022 film directed by Moon Hyun-sung,2022-08-26T00:00:00Z,139.0
movies_1871,Q108086029,Asteroid City,2023 film directed by Wes Anderson,2023-05-23T00:00:00Z,105.0
movies_1872,Q10809656,Pushkin: The Last Duel,2006 film directed by Natalya Bondarchuk,2006-11-18T00:00:00Z,105.0
movies_1873,Q108101523,Shattered,2022 film directed by Luis Prieto,2022-01-14T00:00:00Z,92.0
movies_1874,Q108101613,Supercell,2023 film directed by Herbert James Winterstern,2023-03-17T00:00:00Z,100.0
movies_1875,Q108101639,Love Hostel,2022 film by Shanker Raman,2022-01-01T00:00:00Z,
movies_1876,Q108101745,Yaksha: Ruthless Operations,2022 film directed by Na Hyun,2022-04-08T00:00:00Z,125.0
movies_1877,Q108101957,Fire Island,2022 film directed by Andrew Ahn,2022-06-03T00:00:00Z,105.0
movies_1878,Q108105043,MINSK,2021 film directed by Boris Guts,2022-01-01T00:00:00Z,
movies_1879,Q108106880,Several Conversations About a Very Tall Girl,2018 film directed by Bogdan Theodor Olteanu,2018-06-01T00:00:00Z,
movies_1880,Q108122921,Jackie and Oopjen,2020 film by Annemarie van de Mond,2020-10-08T00:00:00Z,
movies_1881,Q108123132,Not Okay,2022 film directed by Quinn Shephard,2022-07-29T00:00:00Z,100.0
movies_1882,Q108123259,The Dose,2020 Argentine film,2020-01-01T00:00:00Z,93.0
movies_1883,Q108123279,Nneka the Pretty Serpent,2020 Nigerian film directed by Tosin Igho,2020-12-18T00:00:00Z,120.0
movies_1884,Q108128775,Doble juego,2004 film directed by Alberto Durant,2004-01-01T00:00:00Z,90.0
movies_1885,Q108131369,Tailor,2020 film by Sonia Liza Kenterman,2020-01-01T00:00:00Z,97.0
movies_1886,Q108131599,Plane,2023 film directed by Jean-François Richet,2023-01-13T00:00:00Z,107.0
movies_1887,Q10813251,Yellow elephant,2013 Japanese short story and film directed by Ryūichi Hiroki,2013-02-02T00:00:00Z,131.0
movies_1888,Q108133916,Conversations in isolation,2020 film directed by Douglas Scholes and Jaden Scholes,2020-01-01T00:00:00Z,20.0
movies_1889,Q108146664,Flux Gourmet,2022 film directed by Peter Strickland,2022-02-11T00:00:00Z,111.0
movies_1890,Q108159797,Bocadillo,2018 Spanish film,2018-01-01T00:00:00Z,
movies_1891,Q108167874,Elemental Child,2010 film by Felipe González,2010-01-01T00:00:00Z,90.0
movies_1892,Q108195601,The Beautiful Game,2024 film directed by Thea Sharrock,2024-03-29T00:00:00Z,
movies_1893,Q10822367,Andel Exit,2000 film by Vladimír Michálek,2000-10-26T00:00:00Z,100.0
movies_1894,Q10822396,Angel of the Lord,2005 Czech fantasy comedy film,2005-11-03T00:00:00Z,90.0
movies_1895,Q108226212,An Optical Illusion,2020 Spanish film,2020-01-01T00:00:00Z,
movies_1896,Q10822679,Andělská tvář,2002 film by Zdeněk Troška,2002-03-14T00:00:00Z,118.0
movies_1897,Q108257926,Behind the Scenes,2017 film directed by Mohammad Mohammadian,2017-04-22T00:00:00Z,161.0
movies_1898,Q108266237,Brothers,film by Max Barbakow,2024-10-10T00:00:00Z,
movies_1899,Q108281389,The Perfect Find,2023 film directed by Numa Perrier,2023-06-14T00:00:00Z,
movies_1900,Q108284163,Modelo 77,2022 film directed by Alberto Rodríguez,2022-09-23T00:00:00Z,125.0
movies_1901,Q1082924,Sky Fighters,2005 film by Gérard Pirès,2005-01-01T00:00:00Z,102.0
movies_1902,Q1082977,Love in a Puff,2010 film by Pang Ho-cheung,2010-03-25T00:00:00Z,104.0
movies_1903,Q1083002,Gallants,2010 Hong Kong film,2010-03-26T00:00:00Z,98.0
movies_1904,Q108314506,The Banshees of Inisherin,2022 film by Martin McDonagh,2022-09-05T00:00:00Z,114.0
movies_1905,Q108314793,Retribution,2023 film directed by Nimród Antal,2023-08-23T00:00:00Z,90.0
movies_1906,Q10831867,Miss Farkku-Suomi,2012 film by Matti Kinnunen,2012-06-16T00:00:00Z,
movies_1907,Q108320499,Katharine Hepburn,2019 film directed by Mohammad Mohammadian,2019-02-12T00:00:00Z,94.0
movies_1908,Q108321280,Beasts,2020 film directed by Naël Marandin,2020-08-30T00:00:00Z,
movies_1909,Q108322277,M.O.M.: Mothers of Monsters,2020 film directed by Tucia Lyman,2020-03-13T00:00:00Z,98.0
movies_1910,Q108325691,Dead for a Dollar,2022 film directed by Walter Hill,2022-09-06T00:00:00Z,107.0
movies_1911,Q108329738,Prey,2022 film directed by Dan Trachtenberg,2022-07-21T00:00:00Z,99.0
movies_1912,Q108329775,Piggy,2022 film directed by Carlota Pereda,2022-01-01T00:00:00Z,100.0
movies_1913,Q108330260,Dovbush: Lord of Black Mountains,2023 film directed by Oles Sanin,2023-08-19T00:00:00Z,124.0
movies_1914,Q1083359,Christina's House,2000 film by Gavin Wilding,2000-01-01T00:00:00Z,97.0
movies_1915,Q108366682,Honeymoon with My Mother,2022 film directed by Paco Caballero,2022-01-01T00:00:00Z,
movies_1916,Q108392396,Rocky Aur Rani Ki Prem Kahani,2023 film directed by Karan Johar,2023-07-28T00:00:00Z,168.0
movies_1917,Q108403266,Rose Plays Julie,2019 film directed by Christine Molloy and Joe Lawlor,2019-01-01T00:00:00Z,100.0
movies_1918,Q108407494,Beach House,2023 film directed by Hèctor Hernández Vicens,2023-01-01T00:00:00Z,90.0
movies_1919,Q10840985,We Shoot with Love,2009 film by Tomáš Bařina,2009-11-01T00:00:00Z,12.0
movies_1920,Q108416432,Thunderbolt,2001 Nigerian drama film,2001-01-01T00:00:00Z,
movies_1921,Q10842909,Westernstory,2011 film,2011-05-11T00:00:00Z,96.0
movies_1922,Q108434638,Weg van Jou,Dutch film,2017-10-19T00:00:00Z,
movies_1923,Q10843465,Hafez,2007 film directed by Abolfazl Jalili,2007-01-01T00:00:00Z,98.0
movies_1924,Q108436239,Baghdad in my Shadow,2019 film directed by Samir,2019-08-10T00:00:00Z,104.0
movies_1925,Q10843715,10+10,2011 film by Wang Shaudi,2011-01-01T00:00:00Z,114.0
movies_1926,Q108441683,La freccia del tempo,2019 film by Carlo Sarti,2019-09-26T00:00:00Z,
movies_1927,Q108444804,The Menu,2022 film directed by Mark Mylod,2022-09-10T00:00:00Z,106.0
movies_1928,Q108456719,Wonka,2023 film directed by Paul King,2023-12-13T00:00:00Z,116.0
movies_1929,Q108470901,The Son,2022 film directed by Florian Zeller,2022-09-07T00:00:00Z,123.0
movies_1930,Q1084890,AVH: Alien vs. Hunter,2007 film,2007-12-18T00:00:00Z,85.0
movies_1931,Q108490145,"One Year, One Night",2022 film directed by Isaki Lacuesta,2022-02-14T00:00:00Z,
movies_1932,Q10851237,Kano,2014 Taiwanese baseball film directed by Umin Boya,2014-01-01T00:00:00Z,185.0
movies_1933,Q108525564,Shadow Parties,2020 Nigerian film directed by Yemi Amodu,2020-01-01T00:00:00Z,116.0
movies_1934,Q10852600,Al final todos mueren,2013 film by Javier Fesser,2013-01-01T00:00:00Z,110.0
movies_1935,Q108528962,The Challenge,2023 film directed by Klim Shipenko,2023-04-12T00:00:00Z,165.0
movies_1936,Q108532414,Till,2022 film by Chinonye Chukwu,2022-10-01T00:00:00Z,130.0
movies_1937,Q1085332,Magic Kitchen,2004 film by Li Chi-ngai,2004-01-01T00:00:00Z,105.0
movies_1938,Q1085333,Christopher Columbus – The Enigma,2007 film by Manoel de Oliveira,2007-01-01T00:00:00Z,75.0
movies_1939,Q10854398,The 5th Quarter,2011 film,2010-01-01T00:00:00Z,
movies_1940,Q10854991,Marrying the Mafia III,2006 film by Jeong Yong-gi,2006-01-01T00:00:00Z,
movies_1941,Q108551169,Sharper,2023 film directed by Benjamin Caron,2023-01-01T00:00:00Z,
movies_1942,Q108551990,Soodabeh,2019 Iranian Movie,2024-08-21T00:00:00Z,
movies_1943,Q108552200,Salem's Lot,2024 film directed by Gary Dauberman,2024-09-25T00:00:00Z,115.0
movies_1944,Q10855344,Díra u Hanušovic,2014 film by Miroslav Krobot,2014-07-08T00:00:00Z,102.0
movies_1945,Q10855352,Na druhý pohled,2014 film by Petr Nikolaev,2014-03-09T00:00:00Z,70.0
movies_1946,Q10855467,Negotiator,2005 film by Katsuyuki Motohiro,2005-01-01T00:00:00Z,
movies_1947,Q10855725,"I, Olga Hepnarová",2016 film directed by Tomáš Weinreb and Petr Kazda,2016-02-11T00:00:00Z,105.0
movies_1948,Q108559256,"Lyle, Lyle, Crocodile",2022 film directed by Will Speck and Josh Gordon,2022-10-07T00:00:00Z,106.0
movies_1949,Q10855998,Wedding Campaign,2005 film,2005-11-23T00:00:00Z,
movies_1950,Q10856056,Nankyoku Ryōrinin,2009 Japanese film directed by Shūichi Okita,2009-01-01T00:00:00Z,125.0
movies_1951,Q10856965,Miracle,2013 film by Juraj Lehotský,2013-09-05T00:00:00Z,78.0
movies_1952,Q10856966,The Way Out,2014 film by Petr Václav,2014-01-01T00:00:00Z,103.0
movies_1953,Q10856968,Krásno,2014 film by Ondřej Sokol,2014-01-01T00:00:00Z,119.0
movies_1954,Q10857021,Helluva Good Luck 2,2001 film by Zdeněk Troška,2001-02-01T00:00:00Z,102.0
movies_1955,Q10858003,Say Forever,2014 film,2014-07-11T00:00:00Z,100.0
movies_1956,Q10858570,"I'm Taraneh, 15",2002 film by Rasul Sadr Ameli,2002-01-01T00:00:00Z,110.0
movies_1957,Q108585934,The Yellow Tie,2025 film directed by Serge Ioan Celebidache,2025-11-14T00:00:00Z,145.0
movies_1958,Q108586,The Proposal,2009 film by Anne Fletcher,2009-06-18T00:00:00Z,107.0
movies_1959,Q10858674,Big Eyes,2014 film by Tim Burton,2014-01-01T00:00:00Z,106.0
movies_1960,Q10858783,Pee Mak,2013 film by Banjong Pisanthanakun,2013-03-28T00:00:00Z,113.0
movies_1961,Q10859095,Ten Minutes Older: The Cello,2002 anthology film by 8 different directors,2002-01-01T00:00:00Z,146.0
movies_1962,Q10859176,Aussig,2010 film,2010-10-23T00:00:00Z,88.0
movies_1963,Q10859251,Auto*Mat,2009 film by Martin Mareček,2009-09-24T00:00:00Z,90.0
movies_1964,Q10859325,Auto Fairy Tales,2011 film,2011-03-17T00:00:00Z,85.0
movies_1965,Q10859458,Little Knights Tale,2009 film by Karel Janák,2009-10-08T00:00:00Z,105.0
movies_1966,Q10859641,Babovresky,2013 film by Zdeněk Troška,2013-02-14T00:00:00Z,133.0
movies_1967,Q108597606,Mars and Venus Collabs Version,Indonesian film,2020-12-10T00:00:00Z,101.0
movies_1968,Q10860427,The Professor's Beloved Equation,2006 film by Takashi Koizumi,2006-01-21T00:00:00Z,117.0
movies_1969,Q10860578,An Earthly Paradise For The Eyes,2009 film by Irena Pavlásková,2009-01-01T00:00:00Z,114.0
movies_1970,Q108607472,The Ritual Killer,2023 film directed by George Gallo,2023-03-10T00:00:00Z,92.0
movies_1971,Q10861367,Dreamers,2009 film,2009-11-12T00:00:00Z,97.0
movies_1972,Q10861636,Zvonící mece,2000 film,2000-01-01T00:00:00Z,62.0
movies_1973,Q108616638,Dietro la notte,2021 film directed by Daniele Falleri,2020-01-01T00:00:00Z,90.0
movies_1974,Q10862358,Ip Man: The Final Fight,2013 film by Herman Yau,2013-01-01T00:00:00Z,100.0
movies_1975,Q108625531,Peter von Kant,2022 film directed by François Ozon,2022-02-10T00:00:00Z,85.0
movies_1976,Q108628759,Joker: Folie à Deux,2024 film directed by Todd Phillips,2024-10-03T00:00:00Z,138.0
movies_1977,Q10863615,Zombie 108,2012 film directed by Joe Chien,2012-01-01T00:00:00Z,83.0
movies_1978,Q10863644,Zoo,"2005 film directed by Masaki Adachi, Ryu Kaneda, Hiroshi Ando, Junpei Mizusaki, Komiya Masatetsu",2005-01-01T00:00:00Z,
movies_1979,Q10863829,1895,2008 Taiwanese historical film directed by Hung Chih-yu,2008-11-07T00:00:00Z,
movies_1980,Q10863830,The Sino-Japanese War at Sea 1894,2012 film by Feng Xiaoning,2012-01-01T00:00:00Z,
movies_1981,Q10863849,Ocean Flame,2008 film by Liu Fendou,2008-01-01T00:00:00Z,
movies_1982,Q10863988,Gone with the Bullets,2014 film by Jiang Wen,2014-01-01T00:00:00Z,140.0
movies_1983,Q108649516,Tár,2022 film directed by Todd Field,2022-09-01T00:00:00Z,158.0
movies_1984,Q108650361,Caged Birds,2020 film directed by Oliver Rihs,2020-09-26T00:00:00Z,117.0
movies_1985,Q10865250,All for Love,2012 film by Jiang Ping,2012-01-01T00:00:00Z,
movies_1986,Q108659401,Knights of the Zodiac,2023 film by Tomasz Baginski,2023-01-01T00:00:00Z,
movies_1987,Q108659445,The Wandering Earth 2,2023 Chinese science fiction film directed by Frant Gwo,2023-01-22T00:00:00Z,173.0
movies_1988,Q108660853,Oti Uttam,2024 film by Srijit Mukherji,2024-03-22T00:00:00Z,
movies_1989,Q108673914,Grom: Boyhood,2023 film directed by Oleg Trofim,2022-01-01T00:00:00Z,84.0
movies_1990,Q108685011,Petualangan Sherina 2,2023 film directed by Riri Riza,2023-09-28T00:00:00Z,126.0
movies_1991,Q10868811,Badges of Fury,2013 Chinese-Hong Kong film,2013-06-21T00:00:00Z,97.0
movies_1992,Q108688275,The Sea of Tranquility,2014 South Korean short movie,2014-01-01T00:00:00Z,
movies_1993,Q10868893,Bullets of Love,2001 film by Andrew Lau,2001-01-01T00:00:00Z,
movies_1994,Q108690659,Extraction 2,2023 film directed by Sam Hargrave,2023-06-13T00:00:00Z,122.0
movies_1995,Q108701182,Charlie en Hannah gaan uit,2017 film directed by Bert Scholiers,2017-01-01T00:00:00Z,
movies_1996,Q108703864,Bad Roads,2020 film directed by Natalya Vorozhbyt,2020-01-01T00:00:00Z,105.0
movies_1997,Q108704207,Jeen-Yuhs,2022 film directed by Coodie Simmons and Chike Ozah,2022-02-16T00:00:00Z,
movies_1998,Q1087186,Don't Go Breaking My Heart,2011 film by Johnnie To,2011-01-01T00:00:00Z,115.0
movies_1999,Q1087205,Akame 48 Waterfalls,2003 film by Genjiro Arato,2003-10-25T00:00:00Z,
movies_2000,Q1087225,Taxidermia,2006 film by György Pálfi,2006-02-03T00:00:00Z,91.0
movies_2001,Q108739919,Hellraiser,2022 film directed by David Bruckner,2022-10-07T00:00:00Z,121.0
movies_2002,Q108743818,Just ONE Night,2022 Spanish film by  Vicente Villanueva,2022-01-01T00:00:00Z,
movies_2003,Q1087463,Gegege no Kitarō,2007 film directed by Katsuhide Motoki,2007-01-01T00:00:00Z,103.0
movies_2004,Q108751848,La piedad,Spanish film,2022-01-01T00:00:00Z,84.0
movies_2005,Q108760382,Poor Things,2023 film directed by Yorgos Lanthimos,2023-09-01T00:00:00Z,141.0
movies_2006,Q108760444,The Greatest Beer Run Ever,2022 film directed by Peter Farrelly,2022-01-01T00:00:00Z,126.0
movies_2007,Q108764447,Enola Holmes 2,2022 film directed by Harry Bradbeer,2022-10-28T00:00:00Z,129.0
movies_2008,Q108770289,The Plough,2023 film directed by Philippe Garrel,2023-02-21T00:00:00Z,95.0
movies_2009,Q1087741,Chromophobia,2005 film by Martha Fiennes,2005-05-21T00:00:00Z,136.0
movies_2010,Q108776159,Der weiße Äthiopier,2015 film directed by Tim Trageser,2015-01-01T00:00:00Z,111.0
movies_2011,Q10877634,Hands Up!,2003 film directed by Feng Xiaoning,2003-01-01T00:00:00Z,
movies_2012,Q10877635,Track Aduowan,2010 film by Feng Xiaoning,2010-01-01T00:00:00Z,
movies_2013,Q108782039,The Old Way,2023 film directed by Brett Donowho,2023-01-06T00:00:00Z,95.0
movies_2014,Q108782357,Chevalier,2022 film directed by Stephen Williams,2022-09-11T00:00:00Z,107.0
movies_2015,Q10878601,Duckweed,2017 film directed by Han Han,2017-01-01T00:00:00Z,102.0
movies_2016,Q1087883,Chronicle,2012 film by Josh Trank,2012-01-28T00:00:00Z,83.0
movies_2017,Q108806807,The Translator,2020 film directed by Rana Kazkaz and Anas Khalaf,2020-09-10T00:00:00Z,105.0
movies_2018,Q108809531,Haunting of the Queen Mary,2023 film directed by Gary Shore,2023-01-01T00:00:00Z,125.0
movies_2019,Q108809561,About My Father,2023 film directed by Laura Terruso,2023-05-25T00:00:00Z,90.0
movies_2020,Q108813842,Expend4bles,2023 film directed by Scott Waugh,2023-09-21T00:00:00Z,103.0
movies_2021,Q108828662,Lamento,short film directed by Ruben Sanchez,2020-01-01T00:00:00Z,16.0
movies_2022,Q108828701,Rocky Road to Berlin,2022 Ukrainian film,2024-03-13T00:00:00Z,104.0
movies_2023,Q108830433,Old Buddies,2020 Canadian film,2020-11-01T00:00:00Z,110.0
movies_2024,Q108830676,Better Nate Than Ever,2022 film directed by Tim Federle,2022-04-01T00:00:00Z,
movies_2025,Q108833247,Your Place or Mine,2023 film by Aline Brosh McKenna,2023-02-10T00:00:00Z,109.0
movies_2026,Q108837349,All Quiet on the Western Front,2022 film directed by Edward Berger,2022-09-12T00:00:00Z,147.0
movies_2027,Q108837732,Finlandia,2021 film directed by Horacio Alcalà,2022-01-01T00:00:00Z,97.0
movies_2028,Q108839184,The Miracle Centre,2020 Nigerian comedy film,2020-02-15T00:00:00Z,95.0
movies_2029,Q108839994,Oppenheimer,2023 film directed by Christopher Nolan,2023-07-20T00:00:00Z,10809.0
movies_2030,Q108841266,Somebody I Used to Know,2023 film directed by Dave Franco,2023-02-10T00:00:00Z,106.0
movies_2031,Q1088433,Chrysalis,2007 film directed by Julien Leclercq,2007-10-31T00:00:00Z,90.0
movies_2032,Q1088489,Sebastiane,1976 film directed by Paul Humfress and Derek Jarman,2008-10-16T00:00:00Z,90.0
movies_2033,Q108857075,Powerful Chief,2020 film,2020-01-01T00:00:00Z,92.0
movies_2034,Q10885826,Happy Go Lucky,2003 Hong Kong film,2003-01-01T00:00:00Z,
movies_2035,Q108858400,"Red, White & Royal Blue",2023 film directed by Matthew López,2023-08-11T00:00:00Z,112.0
movies_2036,Q108872432,Hypnotic,2023 film directed by Robert Rodriguez,2023-03-12T00:00:00Z,93.0
movies_2037,Q108877975,Armageddon Time,2022 film directed by James Gray,2022-05-19T00:00:00Z,115.0
movies_2038,Q108878036,Le Sang des loups,2019 film directed by Amar Sifodil,2019-01-01T00:00:00Z,
movies_2039,Q108881748,The Man Who Drew God,2022 film directed by Franco Nero,2022-11-21T00:00:00Z,112.0
movies_2040,Q108882357,The Mother,2023 film directed by Niki Caro,2023-01-01T00:00:00Z,115.0
movies_2041,Q108885257,Caravaggio's Shadow,2022 film directed by Michele Placido,2022-01-01T00:00:00Z,120.0
movies_2042,Q108901009,Leila's Brothers,2022 film directed by Saeed Roustayi,2022-08-24T00:00:00Z,160.0
movies_2043,Q108904966,Sweet Rain: Accuracy of Death,2005 film by Masaya Kakehi,2008-01-01T00:00:00Z,113.0
movies_2044,Q108907392,One True Loves,2023 film directed by Andy Fickman,2023-04-07T00:00:00Z,100.0
movies_2045,Q108908083,Anabel,2015 film directed by Antonio Trashorras,2015-10-11T00:00:00Z,75.0
movies_2046,Q108911396,Ardara,2019 film,2019-11-22T00:00:00Z,120.0
movies_2047,Q1089126,Delta Force One: The Lost Patrol,2000 film directed by Joseph Zito,2000-01-01T00:00:00Z,93.0
movies_2048,Q108913483,Reptile,2023 film by Grant Singer,2023-09-07T00:00:00Z,134.0
movies_2049,Q10891369,La Lingerie,2008 Hong Kong film,2008-01-01T00:00:00Z,118.0
movies_2050,Q108916490,Infiltration,2022 film directed by Aleksey Chadov,2022-07-02T00:00:00Z,110.0
movies_2051,Q1089168,Vlad,2003 film directed by Michael D. Sellers,2003-01-01T00:00:00Z,98.0
movies_2052,Q1089183,The Lost Angel,2005 film,2005-01-01T00:00:00Z,99.0
movies_2053,Q108919296,In My Country,2017 Nigerian action film,2017-01-01T00:00:00Z,99.0
movies_2054,Q108919466,Finding Hubby,2020 Nigerian film,2020-12-04T00:00:00Z,104.0
movies_2055,Q108919489,The Beasts,2022 film directed by Rodrigo Sorogoyen,2022-07-20T00:00:00Z,137.0
movies_2056,Q1089210,Sophie,2010 film directed by Leif Bristow,2010-01-01T00:00:00Z,90.0
movies_2057,Q1089222,La Leyenda del Tesoro,2011 film by Hugo Rodríguez,2011-01-01T00:00:00Z,90.0
movies_2058,Q1089232,Return to the Hiding Place,2011 film,2011-01-01T00:00:00Z,123.0
movies_2059,Q108923247,Hitmen,upcoming Indonesian film,2023-04-27T00:00:00Z,
movies_2060,Q1089245,Escape,2012 film directed by Paul Emami,2012-01-01T00:00:00Z,90.0
movies_2061,Q1089256,Concrete Blondes,2012 film,2012-01-01T00:00:00Z,92.0
movies_2062,Q108933720,Akpe: Return of the Beast,2019 Nigerian film directed by Toka McBaror,2019-10-27T00:00:00Z,95.0
movies_2063,Q108933782,Unroyal,2020 Nigerian drama film,2020-03-20T00:00:00Z,96.0
movies_2064,Q108933791,Mama Drama,2020 Nigerian film directed by Seyi Babatope,2020-10-01T00:00:00Z,85.0
movies_2065,Q108933856,Son of Mercy,2020 Nigerian drama film,2020-03-15T00:00:00Z,120.0
movies_2066,Q108933922,Two Weeks in Lagos,2019 Nigerian film directed by Kathryn Fasegha,2020-03-01T00:00:00Z,106.0
movies_2067,Q108934012,They/Them,2022 film directed by John Logan,2022-08-05T00:00:00Z,104.0
movies_2068,Q108940144,Rise of the Saints,2020 Nigerian action fantasy film,2020-10-09T00:00:00Z,100.0
movies_2069,Q108940238,Barakat,2021 film directed by Amy Jephta,2020-09-01T00:00:00Z,103.0
movies_2070,Q108940271,Joy Ride,2023 film directed by Adele Lim,2023-03-17T00:00:00Z,95.0
movies_2071,Q108940282,Haunted Mansion,2023 film directed by Justin Simien,2023-07-27T00:00:00Z,122.0
movies_2072,Q108940313,Hanu Man,2024 film by Prasanth Varma,2024-01-12T00:00:00Z,158.0
movies_2073,Q108940413,Ponniyin Selvan: I,2022 Tamil film directed by Mani Ratnam,2022-01-01T00:00:00Z,167.0
movies_2074,Q10895518,Welcome to Shama Town,2010 film,2010-01-01T00:00:00Z,104.0
movies_2075,Q108965590,Irati,film by Paul Urkijo,2022-10-09T00:00:00Z,114.0
movies_2076,Q1089690,Chura Liyaa Hai Tumne,2003 film by Sangeeth Sivan,2003-01-01T00:00:00Z,143.0
movies_2077,Q108990978,Bride Sabina 2,2016 film directed by Nurtas Adambay,2016-03-17T00:00:00Z,103.0
movies_2078,Q10899320,Gekijô ban Gegege no Kitarô: Nippon bakuretsu,2008 film,2008-01-01T00:00:00Z,
movies_2079,Q1089943,Mirka,2000 film by Rachid Benhadj,2000-01-01T00:00:00Z,107.0
movies_2080,Q108994615,Taraz,2016 film directed by Nurtas Adambay,2016-10-13T00:00:00Z,82.0
movies_2081,Q109007447,Elevator (2018 film),2018 film directed by Nurtas Adambay,2018-10-11T00:00:00Z,95.0
movies_2082,Q109007499,Akim,2019 film directed by Nurtas Adambay,2019-11-07T00:00:00Z,110.0
movies_2083,Q1090108,Big Trouble,2002 American comedy film directed by Barry Sonnenfeld,2002-01-01T00:00:00Z,85.0
movies_2084,Q109016935,Family Game,2022 film directed by Rafaël Ouellet,2022-06-13T00:00:00Z,
movies_2085,Q109018481,Christmas Miracle,2012 film directed by Terry Ingram,2012-10-12T00:00:00Z,92.0
movies_2086,Q109019627,Snakehead Terror,film,2004-01-01T00:00:00Z,93.0
movies_2087,Q1090390,This Is 40,2012 film by Judd Apatow,2012-12-20T00:00:00Z,134.0
movies_2088,Q109043381,The Green Shutters,film directed by Jean Becker,2022-08-24T00:00:00Z,97.0
movies_2089,Q109045472,Roll the Drum,2019 film directed by François-Christophe Marzal,2019-01-01T00:00:00Z,90.0
movies_2090,Q109051190,Rust,2024 film directed by Joel Souza,2024-11-20T00:00:00Z,
movies_2091,Q1090566,Flying Swords of Dragon Gate,2011 film by Tsui Hark,2011-01-01T00:00:00Z,125.0
movies_2092,Q1090735,Caterina in the Big City,2003 film by Paolo Virzì,2003-01-01T00:00:00Z,103.0
movies_2093,Q1090737,Skagerrak,2003 film by Søren Kragh-Jacobsen,2003-03-14T00:00:00Z,107.0
movies_2094,Q109076927,Village Escape. Love Affair,2015 film directed by Nurtas Adambay,2015-11-26T00:00:00Z,96.0
movies_2095,Q10907942,Somewhere Tonight,2011 film by Michael Di Jiacomo,2011-01-01T00:00:00Z,85.0
movies_2096,Q1090970,Chéri,2009 film by Stephen Frears,2009-01-01T00:00:00Z,100.0
movies_2097,Q109099174,Waiting for Dali,2023 film directed by David Pujol,2023-01-01T00:00:00Z,
movies_2098,Q1091012,Moshidora,2011 film by Makoto Tanaka,2011-06-04T00:00:00Z,
movies_2099,Q1091140,Evening,2007 film by Lajos Koltai,2007-01-01T00:00:00Z,117.0
movies_2100,Q109116554,Funhouse,2019 film directed by Jason William Lee,2019-01-01T00:00:00Z,
movies_2101,Q1091168,Showtime,2002 film directed by Tom Dey,2002-01-01T00:00:00Z,91.0
movies_2102,Q1091178,The Sea,2002 film by Baltasar Kormákur,2002-01-01T00:00:00Z,109.0
movies_2103,Q1091350,Blueberry,2004 film by Jan Kounen,2004-02-11T00:00:00Z,124.0
movies_2104,Q10918465,Sunny,2008 film directed by Lee Joon-ik,2008-01-01T00:00:00Z,126.0
movies_2105,Q10918782,Mariachi Gringo,2012 film,2012-03-02T00:00:00Z,107.0
movies_2106,Q109228976,Butcher's Crossing,2022 film directed by Gabe Polsky,2022-01-01T00:00:00Z,
movies_2107,Q109228991,Dune: Part Two,2024 film directed by Denis Villeneuve,2024-02-27T00:00:00Z,166.0
movies_2108,Q10923591,Lan Kwai Fong 2,2012 film,2012-01-01T00:00:00Z,
movies_2109,Q109236248,The Good Husband,2020 Nigerian film directed by Dickson Iroegbu,2020-11-13T00:00:00Z,105.0
movies_2110,Q109243672,Mariya. Spasti Moskvu,2022 Russian film,2022-01-01T00:00:00Z,111.0
movies_2111,Q109254833,Falling for Figaro,2020 film directed by Ben Lewin,2020-09-09T00:00:00Z,
movies_2112,Q109255213,Zero Fucks Given,2021 film directed by Emmanuel Marre and Julie Lecoustre,2022-03-02T00:00:00Z,115.0
movies_2113,Q109256605,Jakarta vs Everybody,2020 film directed by Ertanto Robby Soediskam,2020-11-14T00:00:00Z,100.0
movies_2114,Q10925770,Orz Boyz,2008 film by Ya-che Yang,2008-01-01T00:00:00Z,104.0
movies_2115,Q109258048,Missing the Light of Amstel,2022 Indonesian film by Hadrah Daeng Ratu,2022-01-20T00:00:00Z,107.0
movies_2116,Q109284173,Hocus Pocus 2,2022 film directed by Anne Fletcher,2022-09-30T00:00:00Z,106.0
movies_2117,Q109284181,A Good Person,2023 film by Zach Braff,2023-03-24T00:00:00Z,129.0
movies_2118,Q109284668,On the Water,2020 film by Peeter Simm,2020-01-01T00:00:00Z,106.0
movies_2119,Q109284836,Cat Person,2023 film by Susanna Fogel,2023-01-21T00:00:00Z,
movies_2120,Q109284841,Tin Can,2020 film directed by Seth A. Smith,2020-01-01T00:00:00Z,104.0
movies_2121,Q109285390,LOUD,2020 Nigerian musical film,2020-11-20T00:00:00Z,95.0
movies_2122,Q109285540,Rise,2022 film directed by Akin Omotoso,2022-01-01T00:00:00Z,111.0
movies_2123,Q109291077,Baby Blues,2022 film directed by Andibachtiar Yusuf,2022-01-01T00:00:00Z,
movies_2124,Q1092928,Circus,2000 film directed by Rob Walker,2000-01-01T00:00:00Z,95.0
movies_2125,Q1092933,Undisputed III: Redemption,2010 film directed by Isaac Florentine,2010-01-01T00:00:00Z,96.0
movies_2126,Q109297092,World War III,2022 film directed by Houman Seyyedi,2022-01-01T00:00:00Z,107.0
movies_2127,Q109300018,Thallumaala,Malayalam film,2022-01-01T00:00:00Z,
movies_2128,Q109312581,The Herbert Macaulay Affair,2019 Nigerian film,2019-10-25T00:00:00Z,90.0
movies_2129,Q109312634,Infinity Pool,2023 film directed by Brandon Cronenberg,2023-01-21T00:00:00Z,117.0
movies_2130,Q109312674,You People,2023 film directed by Kenya Barris,2023-01-27T00:00:00Z,117.0
movies_2131,Q109313959,The Butcher's Daughter,2020 film directed by Christopher Thompson,2020-09-03T00:00:00Z,91.0
movies_2132,Q109315216,Ogre,2021 film directed by Arnaud Malherbe,2022-04-20T00:00:00Z,102.0
movies_2133,Q10931925,Summer Times,2009 film,2009-01-01T00:00:00Z,
movies_2134,Q10932041,Love You You,2011 film by Jingle Ma,2011-01-01T00:00:00Z,92.0
movies_2135,Q10932045,Summer Love Love,2011 film,2011-01-01T00:00:00Z,
movies_2136,Q109324544,Waikīkī,2020 Hawaiian film set on Oʻahu,2020-01-01T00:00:00Z,77.0
movies_2137,Q109325783,Voices in the Wind,2020 film directed by Nobuhiro Suwa,2020-01-24T00:00:00Z,139.0
movies_2138,Q109329212,Christmas Flame,2021 film directed by Dániel Tiszeker,2022-12-30T00:00:00Z,111.0
movies_2139,Q109340847,The Neighbor Zombie,South Korean film,2010-02-18T00:00:00Z,89.0
movies_2140,Q109344477,Number One,2019 Chinese film,2019-09-12T00:00:00Z,98.0
movies_2141,Q10934739,The Lady Shogun and Her Men,2010 film by Fuminori Kaneko,2010-10-01T00:00:00Z,116.0
movies_2142,Q10935044,David Loman,2013 film by Chiu Li-kwan,2013-01-01T00:00:00Z,
movies_2143,Q109355923,The Roundup,2022 South Korean film,2022-05-18T00:00:00Z,106.0
movies_2144,Q109357621,O gamos tis koris mou,2010 film by Nikos Koutelidakis,2010-01-06T00:00:00Z,80.0
movies_2145,Q109360014,Flowers And Rain,2020 film directed by Takafumi Tsuchiya,2020-01-17T00:00:00Z,
movies_2146,Q109361165,Popran,2022 film directed by Shinichiro Ueda,2022-01-14T00:00:00Z,96.0
movies_2147,Q109362028,Sleeping Forest Michiko,2020 film directed by Yûjirô Ozeki,2020-09-25T00:00:00Z,
movies_2148,Q109363442,Hard-Core,2018 film by Nobuhiro Yamashita,2018-11-23T00:00:00Z,
movies_2149,Q1093640,Double Tap,2000 film by Law Chi-leung,2000-01-01T00:00:00Z,96.0
movies_2150,Q109364068,Tsuki to neru onna: Matagura no omokage,film,2020-12-18T00:00:00Z,
movies_2151,Q109365462,Hidden Whisper,2000 film directed by Vivian Chang,2000-11-11T00:00:00Z,
movies_2152,Q109369581,Yokubô ni kurutta aijû-tachi,2014 film directed by Daisuke Yamanouchi,2014-10-24T00:00:00Z,
movies_2153,Q10937232,Just Call Me Nobody,2010 film by Chu Yen-ping,2010-01-01T00:00:00Z,119.0
movies_2154,Q10937357,The Loan Shark,2011 Malaysian film directed by He Zhiliang,2011-01-01T00:00:00Z,
movies_2155,Q109376147,What to Do With the Dead Kaiju?,2022 film directed by Satoshi Miki,2022-01-01T00:00:00Z,115.0
movies_2156,Q109380836,Perjalanan Pertama,2021 film directed by Arief Malinmudo,2022-01-01T00:00:00Z,142.0
movies_2157,Q109381955,Running After,2018 film by Jeferson De,2018-06-07T00:00:00Z,90.0
movies_2158,Q109387468,About Dry Grasses,2023 film directed by Nuri Bilge Ceylan,2023-05-19T00:00:00Z,197.0
movies_2159,Q10939088,The Angel's Egg,2006 film by Shin Togashi,2006-01-01T00:00:00Z,114.0
movies_2160,Q10939174,The Rooftop,2013 Taiwanese film directed by Jay Chou,2013-07-11T00:00:00Z,120.0
movies_2161,Q1094118,City of Ghosts,2002 film by Matt Dillon,2002-01-01T00:00:00Z,112.0
movies_2162,Q1094125,City of Ember,2008 film by Gil Kenan,2008-01-01T00:00:00Z,95.0
movies_2163,Q1094135,The City of Lost Souls,2000 film directed by Takashi Miike,2000-09-15T00:00:00Z,103.0
movies_2164,Q109420019,My Sassy Girl,2022 film directed by Fajar Bustomi,2022-06-23T00:00:00Z,117.0
movies_2165,Q109422721,Forgive Me,2018 film by Najwa Slama,2018-11-11T00:00:00Z,
movies_2166,Q10942754,Bad Girls,2012 film directed by Seven Wong,2012-01-01T00:00:00Z,81.0
movies_2167,Q10943014,Night Corridor,2003 film by Julian Lee,2003-01-01T00:00:00Z,
movies_2168,Q109431346,Blood Moon Party,2020 film directed by Nguyễn Quang Dũng,2020-10-23T00:00:00Z,118.0
movies_2169,Q109432804,Tusuk Jelangkung di Lubang Buaya,2018 film by Erwin Arnada,2018-12-06T00:00:00Z,82.0
movies_2170,Q109433096,Pacarku Anak Koruptor,2016 Indonesian drama film,2016-05-26T00:00:00Z,98.0
movies_2171,Q109435979,Pemburu di Manchester Biru,Indonesia film directed by Rako Prijanto,2020-02-06T00:00:00Z,89.0
movies_2172,Q109437189,Get Lost: Urban Legend di Benteng Pendem,2018 Indonesian horror film,2018-03-15T00:00:00Z,83.0
movies_2173,Q10944005,Marry a Perfect Man,2012 film by Wong Jing,2012-01-01T00:00:00Z,
movies_2174,Q109441601,Chasing Paper Birds,2020 film by Mariana Jukica,2020-09-17T00:00:00Z,123.0
movies_2175,Q109441936,Dear Nathan: Thank You Salma,2022 Indonesian film by Kuntz Agus,2022-01-13T00:00:00Z,112.0
movies_2176,Q109446845,Whitney Houston: I Wanna Dance with Somebody,2022 film directed by Kasi Lemmons,2022-01-01T00:00:00Z,143.0
movies_2177,Q109451594,Look the Other Way and Run,2020 film directed by David Luke Rees,2020-01-01T00:00:00Z,67.0
movies_2178,Q109451670,Invisible,2017 Polish film by Paweł Sala,2017-01-01T00:00:00Z,101.0
movies_2179,Q10945344,Mysterious Island,2011 film directed by Rico Chung,2011-01-01T00:00:00Z,95.0
movies_2180,Q109467732,"Claudia Cardinale, la créature du secret",2019 film directed by Emmanuelle Nobécourt,2019-12-24T00:00:00Z,52.0
movies_2181,Q109480616,L.A.R.R.,2002 Spanish film,2002-01-01T00:00:00Z,
movies_2182,Q1094828,Yuva,2004 Hindi film by Mani Ratnam,2004-01-01T00:00:00Z,160.0
movies_2183,Q1094839,Koi... Mil Gaya,2003 science fiction film directed by Rakesh Roshan,2003-08-08T00:00:00Z,165.0
movies_2184,Q109496796,The Fam,2021 film directed by Fred Baillif,2022-03-09T00:00:00Z,110.0
movies_2185,Q1095042,Battle of Warsaw 1920,2011 Polish historical film directed by Jerzy Hoffman,2011-09-26T00:00:00Z,115.0
movies_2186,Q109510942,Marlowe,2022 film directed by Neil Jordan,2022-09-24T00:00:00Z,109.0
movies_2187,Q109510969,Code 8: Part II,2024 film directed by Jeff Chan,2024-02-28T00:00:00Z,100.0
movies_2188,Q109511080,Ticket to Paradise,2022 film directed by Ol Parker,2022-09-15T00:00:00Z,104.0
movies_2189,Q10952778,Lost in Panic Cruise,2011 film,2011-01-01T00:00:00Z,
movies_2190,Q109535238,Ganapath,Indian film directed by Vikas Bahl,2023-10-20T00:00:00Z,133.0
movies_2191,Q1095356,Suicide Room,2011 film by Jan Komasa,2011-01-01T00:00:00Z,110.0
movies_2192,Q109535859,Caddo Lake,2024 film directed by Celine Held and Logan George,2024-10-10T00:00:00Z,99.0
movies_2193,Q109538749,I am Zlatan,2021 film directed by Jens Sjögren,2022-01-14T00:00:00Z,102.0
movies_2194,Q1095425,Little Moscow,2008 film by Waldemar Krzystek,2008-01-01T00:00:00Z,114.0
movies_2195,Q109545410,Pirate Video Deluxe 4: Fetish Therapy,pornographic film,2000-05-01T00:00:00Z,
movies_2196,Q109545644,La chancha,2020 film by Franco Verdoia,2020-01-01T00:00:00Z,97.0
movies_2197,Q109550132,Playing with the Stars,2021 film directed by Hatef Alimardani,2023-08-23T00:00:00Z,93.0
movies_2198,Q109558145,Luther: The Fallen Sun,2023 film directed by Jamie Payne,2023-02-24T00:00:00Z,129.0
movies_2199,Q109559532,Rustin,2023 film directed by George C. Wolfe,2023-08-31T00:00:00Z,99.0
movies_2200,Q109563723,The Underdogs,2017 film directed by Adink Liwutang,2017-08-16T00:00:00Z,99.0
movies_2201,Q109563789,Nini Thowok,2018 Indonesian horror film,2018-03-01T00:00:00Z,75.0
movies_2202,Q109563801,Heaven Lies Beneath Mother's Feet,2016 Indonesian film,2016-11-24T00:00:00Z,93.0
movies_2203,Q109563852,Ivanna,2022 film directed by Kimo Stamboel,2022-07-14T00:00:00Z,103.0
movies_2204,Q109570235,Hear Me Out,2021 film directed by Pascal Elbé,2022-12-22T00:00:00Z,92.0
movies_2205,Q10958628,Girls Gone Dead,2012 film directed by Michael Hoffman Jr. and Aaron T. Wells,2012-03-28T00:00:00Z,127.0
movies_2206,Q109588751,Apesin,2006 Nigerian film,2006-01-01T00:00:00Z,
movies_2207,Q10959046,Tiny Times,2013 film directed by Guo Jingming,2013-01-01T00:00:00Z,116.0
movies_2208,Q109595555,A Man,2022 film directed by Kei Ishikawa,2022-11-18T00:00:00Z,121.0
movies_2209,Q109596007,Aesop's Game,2019 Japanese film,2019-08-16T00:00:00Z,
movies_2210,Q109599109,The Cherry Bushido,Japanese movie produced by Happy Science Publishing,2022-01-01T00:00:00Z,
movies_2211,Q109600897,Pure Japanese,2022 Japanese film,2022-01-28T00:00:00Z,88.0
movies_2212,Q109602274,Ring Wandering,2021 film directed by Masakazu Kaneko,2022-02-19T00:00:00Z,103.0
movies_2213,Q109603243,Infinite Foundation,2018 Japanese film,2018-11-17T00:00:00Z,
movies_2214,Q109652821,Dark Light,2019 Film by Padraig Reynolds,2019-01-01T00:00:00Z,
movies_2215,Q10965854,Kummelin Jackpot,2006 Finnish film directed by Pekka Karjalainen,2006-02-17T00:00:00Z,93.0
movies_2216,Q10967433,The Seventh Sense,2005 film by Ahmed Mekky,2005-01-01T00:00:00Z,110.0
movies_2217,Q109681699,Just Mom,2021 film directed by Jeihan Angga,2022-01-27T00:00:00Z,88.0
movies_2218,Q10968568,Kante Koothurne Kanu,2000 film by Dasari Narayana Rao,2000-01-01T00:00:00Z,
movies_2219,Q10968665,The Malay Chronicles: Bloodlines,2011 film by KRU Studios,2011-01-01T00:00:00Z,109.0
movies_2220,Q10968934,Kokoda,2006 film by Alister Grierson,2006-01-01T00:00:00Z,
movies_2221,Q1096935,Indie Game: The Movie,2012 film,2012-01-20T00:00:00Z,94.0
movies_2222,Q109701131,Imitation Girl,2017 film by Natasha Kermani,2017-01-01T00:00:00Z,84.0
movies_2223,Q109713819,Name of the game,2021 film directed by Håvard Bustnes,2022-01-18T00:00:00Z,101.0
movies_2224,Q109726871,The White List,Russian film,2022-01-01T00:00:00Z,120.0
movies_2225,Q109729135,The Seekers: Thrill Night,2021 film directed by Philip Th. Pedersen,2022-10-21T00:00:00Z,87.0
movies_2226,Q1097375,Go Go Tales,2007 film by Abel Ferrara,2007-01-01T00:00:00Z,90.0
movies_2227,Q10973852,Si Anak Kampoeng,2011 film by Damien Dematra,2011-04-21T00:00:00Z,108.0
movies_2228,Q109742910,Chop,2011 film by Trent Haaga,2011-01-01T00:00:00Z,98.0
movies_2229,Q109745505,Air,2023 film directed by Aleksei Alekseivich German,2023-01-01T00:00:00Z,
movies_2230,Q10975963,The Student Cop,2004 film by Wael Ehsan,2004-01-28T00:00:00Z,110.0
movies_2231,Q10976126,Lunch Box,2004 film by Shinji Imaoka,2004-01-01T00:00:00Z,65.0
movies_2232,Q109776044,Ngeri-Ngeri Sedap,2022 film directed by Bene Dion,2022-06-02T00:00:00Z,114.0
movies_2233,Q109782260,Christmas With a Crown,2020 film directed by Dylan Pearce,2020-01-01T00:00:00Z,89.0
movies_2234,Q109790103,Mister Knockout,2022 Russian film,2022-02-23T00:00:00Z,117.0
movies_2235,Q10979291,Night Fishing,2011 film by Park Chan-wook,2010-01-01T00:00:00Z,33.0
movies_2236,Q109801772,Alone,2022 film directed by Shaji Kailas,2023-01-26T00:00:00Z,
movies_2237,Q1098140,Hollow Man,2000 film directed by Paul Verhoeven,2000-08-04T00:00:00Z,108.0
movies_2238,Q109822301,The Sleeping Beast,2022 film directed by Jaak Kilmi,2022-04-29T00:00:00Z,100.0
movies_2239,Q109837874,My Name Is Gulpilil,2021 film directed by Molly Reynolds,2022-08-31T00:00:00Z,105.0
movies_2240,Q109905743,The Woman King,2022 film directed by Gina Prince-Bythewood,2022-09-16T00:00:00Z,135.0
movies_2241,Q109918319,The Sacred Spirit,2021 film directed by Chema García Ibarra,2022-07-06T00:00:00Z,97.0
movies_2242,Q109927912,The Featherweight,2023 film directed by Robert Kolodny,2023-09-03T00:00:00Z,
movies_2243,Q10993223,Cinlok,2008 film directed by Guntur Soeharjanto,2008-01-01T00:00:00Z,90.0
movies_2244,Q109935139,Overdose,2022 film directed by Olivier Marchal,2022-01-01T00:00:00Z,
movies_2245,Q1099384,Clean,2004 film by Olivier Assayas,2004-03-27T00:00:00Z,111.0
movies_2246,Q109941604,Blade of the 47 Ronin,2022 film directed by Ron Yuan,2022-01-01T00:00:00Z,106.0
movies_2247,Q109942735,Krylya nad Berlinom,2022 Russian film,2022-04-28T00:00:00Z,100.0
movies_2248,Q1099448,Cleaner,2007 film by Renny Harlin,2007-01-01T00:00:00Z,88.0
movies_2249,Q109965528,Srimulat: Hil yang Mustahal - Bagian Pertama,2022 film directed by Fajar Nugros,2022-05-19T00:00:00Z,110.0
movies_2250,Q109967276,Kamu Tidak Sendiri,2021 film directed by Arwin T. Wardhana,2022-08-25T00:00:00Z,100.0
movies_2251,Q109973745,Devil's Peak,2023 film by Ben Young,2023-02-17T00:00:00Z,
movies_2252,Q109974196,Midas Man,2024 film directed by Sara Sugarman and Jonas Åkerlund,2024-05-30T00:00:00Z,112.0
movies_2253,Q109984826,Twilight of the Warriors: Walled In,2024 Hong Kong neo-noir action crime film,2024-05-01T00:00:00Z,126.0
movies_2254,Q109986454,The Alpinist,2021 documentary directed by Peter Mortimer and Nick Rosen,2022-01-13T00:00:00Z,91.0
movies_2255,Q1100064,Compliance,2012 Craig Zobel film,2012-01-21T00:00:00Z,90.0
movies_2256,Q110010607,Boston Strangler,2023 film directed by Matt Ruskin,2023-03-17T00:00:00Z,112.0
movies_2257,Q110015480,Love Machine 2,2022 film directed by Andreas Schmied,2022-10-06T00:00:00Z,
movies_2258,Q1100217,Life Without Principle,2011 Hong Kong film by Johnnie To,2011-01-01T00:00:00Z,107.0
movies_2259,Q1100224,First Love,2010 film directed by Puttipong Pormsaka Na-Sakonnakorn and Wasin Pokpong,2010-01-01T00:00:00Z,
movies_2260,Q110027782,Cha Cha Real Smooth,2022 film directed by Cooper Raiff,2022-01-23T00:00:00Z,107.0
movies_2261,Q110027954,"Honk for Jesus, Save Your Soul",2022 film directed by Adamma Ebo,2022-07-02T00:00:00Z,102.0
movies_2262,Q110029008,I Never Cry,2020 film directed by Piotr Domalewski,2020-09-25T00:00:00Z,98.0
movies_2263,Q11003376,Venghai,2011 Tamil film directed by Hari,2011-01-01T00:00:00Z,
movies_2264,Q11003562,El Canto del Loco - Personas: La película,2009 film by Félix Viscarret,2009-01-01T00:00:00Z,
movies_2265,Q11003667,Veppam,2011 Tamil film directed by Anjana,2011-07-29T00:00:00Z,
movies_2266,Q110039575,Emily the Criminal,2022 film by John Patton Ford,2022-01-24T00:00:00Z,97.0
movies_2267,Q110040047,Speak No Evil,2022 film directed by Christian Tafdrup,2022-03-17T00:00:00Z,105.0
movies_2268,Q110040212,Breaking,2022 film directed by Abi Damaris Corbin,2022-01-21T00:00:00Z,103.0
movies_2269,Q1100495,Cleopatra,2003 film by Antonio Adamo,2003-10-23T00:00:00Z,103.0
movies_2270,Q110075923,Teddy's Christmas,2022 film directed by Andrea Eckerbom,2022-11-11T00:00:00Z,
movies_2271,Q110077792,Resurrection,2022 film directed by Andrew Semans,2022-01-22T00:00:00Z,103.0
movies_2272,Q1100832,Mortadelo & Filemon: The Big Adventure,2003 film by Javier Fesser,2003-01-01T00:00:00Z,88.0
movies_2273,Q110086360,Égalité,2021 film directed by Kida Khodr Ramadan,2022-01-13T00:00:00Z,
movies_2274,Q110094895,Puzhu,film directed by Raheena PT,2022-05-13T00:00:00Z,115.0
movies_2275,Q110101612,Socios por accidente,2014 Argentinian film by Nicanor Loreti,2014-01-01T00:00:00Z,90.0
movies_2276,Q110101640,Wandering Heart,2021 film directed by Leonardo Brzezicki,2023-04-05T00:00:00Z,116.0
movies_2277,Q110101641,The Uncovering,2018 film directed by Nacho Ruipérez,2018-11-10T00:00:00Z,108.0
movies_2278,Q110101985,Who's Stopping Us,2021 film directed by Jonás Trueba,2022-04-20T00:00:00Z,220.0
movies_2279,Q110110709,Patrick,2019 film directed by Gonçalo Waddington,2019-09-24T00:00:00Z,108.0
movies_2280,Q110115177,Bad Detective : Reload,,2020-01-22T00:00:00Z,
movies_2281,Q110115197,Bigwang,2022 film directed by Lee Ji-won,2022-07-01T00:00:00Z,
movies_2282,Q110118201,Hold Me Back,2020 film directed by Akiko Ōku,2020-01-01T00:00:00Z,134.0
movies_2283,Q110124069,Slingshot,film directed by Mikael Håfström,2024-08-30T00:00:00Z,
movies_2284,Q110128927,CBI 5: The Brain,2022 Malayalam film by K. Madhu,2022-05-01T00:00:00Z,
movies_2285,Q110135326,Posledniot falcer,film directed by Mladen Krstevski,2003-04-01T00:00:00Z,
movies_2286,Q110137248,The Forger,2022 film directed by Maggie Peren,2022-02-13T00:00:00Z,116.0
movies_2287,Q110140881,Nürnberg,2023 film directed by Nikolai Lebedev,2023-01-01T00:00:00Z,131.0
movies_2288,Q110141472,Sublime,2022 film directed by Mariano Biasin,2022-02-12T00:00:00Z,100.0
movies_2289,Q110149731,Poker Face,2012 film directed by Christos Dimas,2012-05-01T00:00:00Z,95.0
movies_2290,Q110158599,Corsage,2022 film directed by Marie Kreutzer,2022-07-07T00:00:00Z,113.0
movies_2291,Q110161249,KAKAME - Vampire Clay Derivation,2019 film directed by Sôichi Umezawa,2019-10-12T00:00:00Z,
movies_2292,Q110161848,The Quiet Girl,2022 film directed by Colm Bairéad,2022-02-11T00:00:00Z,95.0
movies_2293,Q110162926,Talking About The Weather,2022 film by Annika Pinske,2022-01-01T00:00:00Z,
movies_2294,Q110164187,The Outlaw Johnny Black,2023 film directed by Michael Jai White,2023-01-01T00:00:00Z,130.0
movies_2295,Q11016734,Abu Ali,2005 film by Ahmed Nader Galal,2005-01-01T00:00:00Z,
movies_2296,Q11017369,Sri Manjunatha,2001 film by K. Raghavendra Rao,2001-01-01T00:00:00Z,152.0
movies_2297,Q110174266,My Son Hunter,2022 film directed by Robert Davi,2022-09-07T00:00:00Z,
movies_2298,Q110184255,Little Grey Fergie Saves The Farm,2017 film directed by Peder Hamdahl Næss,2017-04-07T00:00:00Z,73.0
movies_2299,Q110184375,Falcons,2018 film,2018-03-23T00:00:00Z,95.0
movies_2300,Q1101856,Book of Blood,2009 film by John Harrison,2009-03-07T00:00:00Z,96.0
movies_2301,Q110192604,Home Team,2022 film directed by Charles Kinnane and Daniel Kinnane,2022-01-28T00:00:00Z,
movies_2302,Q1101982,Private,2004 film by Saverio Costanzo,2004-01-01T00:00:00Z,90.0
movies_2303,Q110203,Collateral,2004 film directed by Michael Mann,2004-01-01T00:00:00Z,120.0
movies_2304,Q110204709,Senza fiato,2015 film,2015-01-01T00:00:00Z,88.0
movies_2305,Q110205064,Nina,2023 film directed by Oksana Bychkova,2023-01-01T00:00:00Z,89.0
movies_2306,Q110206775,Perfecto amor equivocado,2004 film directed by Gerardo Chijona,2004-06-25T00:00:00Z,103.0
movies_2307,Q110208165,Clean,2021 film directed by Paul Solet,2022-01-28T00:00:00Z,94.0
movies_2308,Q110209234,First Oscar,2022 film directed by Sergey Mokritskiy,2022-04-20T00:00:00Z,114.0
movies_2309,Q110210693,Hibana,2017 film directed by Itsuji Itao,2017-11-23T00:00:00Z,
movies_2310,Q1102121,Jump,2009 film by Stephen Fung,2009-01-01T00:00:00Z,87.0
movies_2311,Q110218505,The Dark Figure,2018 film directed by Ales Payá,2018-03-01T00:00:00Z,84.0
movies_2312,Q1102220,Jurassic Park III,2001 film directed by Joe Johnston,2001-07-18T00:00:00Z,92.0
movies_2313,Q110229268,Mirages,2011 film directed by Talal Selhami,2010-01-01T00:00:00Z,100.0
movies_2314,Q110231122,The Bossé Empire,2012 film directed by Claude Desrosiers,2012-03-12T00:00:00Z,95.0
movies_2315,Q110233900,Nay,2015 film directed by Djenar Maesa Ayu,2015-11-19T00:00:00Z,80.0
movies_2316,Q110234025,Belle and Sebastian: Next Generation,2022 film directed by Pierre Coré,2022-01-01T00:00:00Z,96.0
movies_2317,Q1102366,Close,2004 film by Marcus Lenz,2004-06-27T00:00:00Z,90.0
movies_2318,Q110244944,Barbara,2020 film directed by Makoto Tezuka,2020-11-20T00:00:00Z,100.0
movies_2319,Q110246705,The Emigrants,2021 film directed by Erik Poppe,2022-02-11T00:00:00Z,148.0
movies_2320,Q110249211,Off Track,2022 film directed by Mårten Klingberg,2022-01-28T00:00:00Z,108.0
movies_2321,Q110251059,The Blue Island,2001 film directed by Nadine Trintignant,2001-01-01T00:00:00Z,
movies_2322,Q1102541,Closing the Ring,2007 film by Richard Attenborough,2007-01-01T00:00:00Z,113.0
movies_2323,Q110262840,Superheroes,2021 film directed by Paolo Genovese,2022-03-23T00:00:00Z,120.0
movies_2324,Q110263674,Robots,2023 film directed by Anthony Hines and Casper Christensen,2023-01-01T00:00:00Z,93.0
movies_2325,Q110263999,Perfect Strangers,2022 film directed by Wissam Smayra,2022-01-20T00:00:00Z,99.0
movies_2326,Q110264098,Tin&Tina,2023 film by Rubin Stein,2023-01-01T00:00:00Z,119.0
movies_2327,Q110264148,Sarsenapati Hambirrao,2022 film directed by Pravin Tarde,2022-05-27T00:00:00Z,
movies_2328,Q110270018,Passages,2023 film directed by Ira Sachs,2023-06-28T00:00:00Z,91.0
movies_2329,Q110275950,Cheaper by the Dozen,2022 film directed by Gail Lerner,2022-01-01T00:00:00Z,107.0
movies_2330,Q110278,Vanilla Sky,2001 film by Cameron Crowe,2001-01-01T00:00:00Z,136.0
movies_2331,Q110281357,The Works and Days,2020 film,2022-06-22T00:00:00Z,480.0
movies_2332,Q110288987,Above Suspicion,2000 film,2000-01-01T00:00:00Z,92.0
movies_2333,Q110302035,Be happy!,2019 film directed by Ventura Pons,2019-09-20T00:00:00Z,105.0
movies_2334,Q110304328,El pacto de los estudiantes,,2017-01-01T00:00:00Z,71.0
movies_2335,Q1103047,Club Dread,2004 film by Jay Chandrasekhar,2004-01-01T00:00:00Z,104.0
movies_2336,Q110305614,M'esperaràs?,2018 film directed by Carles Alberola Ortiz,2018-01-01T00:00:00Z,89.0
movies_2337,Q110322005,Babysitter,2022 film directed by Monia Chokri,2022-04-27T00:00:00Z,87.0
movies_2338,Q110322079,Oops!! Ada Vampir,2016 Indonesian comedy film,2016-03-31T00:00:00Z,93.0
movies_2339,Q110323743,Ski Girls,film directed by Marja Pyykkö,2023-02-10T00:00:00Z,
movies_2340,Q110323750,Girl Picture,2022 film directed by Alli Haapasalo,2022-01-24T00:00:00Z,100.0
movies_2341,Q110323754,Etsivätoimisto Henkka & Kivimutka,"2022 film directed by Väinö Weckström, Jarkko Felin",2022-04-01T00:00:00Z,97.0
movies_2342,Q110324618,The Magnificent Eleven,2013 film directed by Jeremy Wooding,2013-05-13T00:00:00Z,91.0
movies_2343,Q1103394,Kalandorok,Hungarian film (2008),2008-01-01T00:00:00Z,
movies_2344,Q110343351,If This Is My Story,2018 film directed by Djenar Maesa Ayu and Kan Lumé,2018-01-01T00:00:00Z,73.0
movies_2345,Q11034688,And I Hate You So,2000 film by Yee Chung-Man,2000-01-01T00:00:00Z,96.0
movies_2346,Q110347365,Syirik,2018 Indonesian horror film,2018-02-01T00:00:00Z,85.0
movies_2347,Q110349171,Clinton Road,2019 film directed by Richard Grieco and Steve Stanulis,2019-01-01T00:00:00Z,77.0
movies_2348,Q110350907,Miles from Home,2006 film directed by Ty Hodges,2006-06-11T00:00:00Z,
movies_2349,Q1103569,A Thousand Words,2012 film by Brian Robbins,2012-03-09T00:00:00Z,91.0
movies_2350,Q110362277,On the Fringe,2022 film directed by Juan Diego Botto,2022-01-01T00:00:00Z,105.0
movies_2351,Q1103638,Flickering Lights,2000 film by Anders Thomas Jensen,2000-01-01T00:00:00Z,109.0
movies_2352,Q110365,Dancer in the Dark,2000 film by Lars von Trier,2000-01-01T00:00:00Z,140.0
movies_2353,Q110373736,Die Känguru-Verschwörung,2022 film by Marc-Uwe Kling and Alexander Berner,2022-09-29T00:00:00Z,
movies_2354,Q11038021,Island: Wedding of the Zombies,2010 film directed by Talip Ertürk and Murat Emir Eren,2010-01-01T00:00:00Z,77.0
movies_2355,Q110393291,The Match,2025 film directed by Kim Hyung-joo,2025-03-26T00:00:00Z,115.0
movies_2356,Q110404578,Naikrashchi vykhidni,2022 film directed by Vlad Klymchuk,2022-02-02T00:00:00Z,95.0
movies_2357,Q110413839,Diary of the triplets,2015 Nigerian film,2015-06-26T00:00:00Z,
movies_2358,Q1104158,Coach Carter,2005 film directed by Thomas Carter,2005-01-14T00:00:00Z,136.0
movies_2359,Q110441925,The Path,2022 film by Tobias Wiemann,2023-05-30T00:00:00Z,100.0
movies_2360,Q110442448,Dear David,2023 film directed by John McPhail,2023-01-01T00:00:00Z,95.0
movies_2361,Q11044779,Perempuan Berkalung Sorban,2009 film by Hanung Bramantyo,2009-01-15T00:00:00Z,129.0
movies_2362,Q110449513,Here Comes the Big Red Car,2006 film,2006-01-01T00:00:00Z,
movies_2363,Q1104517,Chasing Papi,2003 film by Linda Mendoza,2003-04-16T00:00:00Z,80.0
movies_2364,Q110459987,Purgatory,2020 Polish film by Michał Kondrat,2020-01-01T00:00:00Z,87.0
movies_2365,Q110465018,Saremo film,2007 film,2007-01-01T00:00:00Z,98.0
movies_2366,Q110465372,The Turtle's Head,2014 film directed by Ari Aster,2014-01-01T00:00:00Z,12.0
movies_2367,Q110465680,Welcome Venice,2021 Italian film by Andrea Segre,2023-08-03T00:00:00Z,104.0
movies_2368,Q110469417,"Still Night, Still Light",2016 film directed by Sophie Goyette,2016-10-11T00:00:00Z,
movies_2369,Q110472648,Coming Clean,2020 film directed by Ondi Timoner,2020-01-01T00:00:00Z,110.0
movies_2370,Q110473332,Caliber 9,2020 film directed by Toni D'Angelo,2020-11-23T00:00:00Z,90.0
movies_2371,Q110490808,Tigers in the city,2012 film directed by Juraj Krasnohorský,2012-01-01T00:00:00Z,
movies_2372,Q110498516,Stella. A Life.,2023 film directed by Kilian Riedhof,2023-11-01T00:00:00Z,121.0
movies_2373,Q110500126,Mission Ulja Funk,2021 film directed by Barbara Kronenberg,2023-01-12T00:00:00Z,92.0
movies_2374,Q11050752,Letters to Angel,2010 film by Sulev Keedus,2010-01-01T00:00:00Z,118.0
movies_2375,Q110516138,Aristotle and Dante Discover the Secrets of the Universe,2022 film directed by Aitch Alberto,2023-09-08T00:00:00Z,96.0
movies_2376,Q110550673,The Cardinal,2019 film directed by Nicolae Mărgineanu,2019-01-01T00:00:00Z,100.0
movies_2377,Q110550826,Historias para no contar,2022 film directed by Cesc Gay,2023-01-05T00:00:00Z,100.0
movies_2378,Q110550966,Soul's Redemption: a Pocket Guide,2018 Romanian film directed by Nicolae Mărgineanu,2018-01-01T00:00:00Z,90.0
movies_2379,Q1105584,Code 46,2003 film directed by Michael Winterbottom,2003-09-02T00:00:00Z,92.0
movies_2380,Q110559136,Game of Death Redux,2019 film reproduced by Alan Canvan,2019-01-01T00:00:00Z,
movies_2381,Q1105631,Code Name: The Cleaner,2007 film directed by Les Mayfield,2007-01-01T00:00:00Z,88.0
movies_2382,Q11056517,Dev,2004 film by Govind Nihalani,2004-06-11T00:00:00Z,172.0
movies_2383,Q110566848,The Young Lovers,2021 film directed by Carine Tardieu,2023-08-03T00:00:00Z,114.0
movies_2384,Q11057812,Giant God Warrior Appears in Tokyo,2012 film by Shinji Higuchi,2012-07-10T00:00:00Z,10.0
movies_2385,Q110585119,Hi-Five,film directed by Kang Hyeong-cheol,2025-05-30T00:00:00Z,119.0
movies_2386,Q110601765,Dead Men in the Skitrack,2024 film directed by Daniel Anda and Ruben Anda,2024-03-15T00:00:00Z,
movies_2387,Q11060184,My Mother Is a Belly Dancer,2006 Hong Kong film,2006-01-01T00:00:00Z,
movies_2388,Q11060612,Bastardi,2010 film,2010-10-28T00:00:00Z,81.0
movies_2389,Q11060626,Bastardi 3,2012 film by Tomáš Magnusek,2012-09-20T00:00:00Z,97.0
movies_2390,Q11060926,A Walk Among the Tombstones,2014 film directed by Scott Frank,2014-01-01T00:00:00Z,113.0
movies_2391,Q110613236,THE COCKPIT,2015 documentary film directed by Shō Miyake,2015-03-26T00:00:00Z,
movies_2392,Q110617876,The Creator,2023 film directed by Gareth Edwards,2023-09-26T00:00:00Z,133.0
movies_2393,Q110628573,The Novelist's Film,2022 film directed by Hong Sang-soo,2023-02-15T00:00:00Z,93.0
movies_2394,Q110629546,JUNG_E,2023 film directed by Yeon Sang-ho,2023-01-20T00:00:00Z,98.0
movies_2395,Q1106312,Nobel Son,2007 film by Randall Miller,2007-04-28T00:00:00Z,110.0
movies_2396,Q1106374,When the Sea Rises,"2004 film by Yolande Moreau, Gilles Porte",2004-05-16T00:00:00Z,90.0
movies_2397,Q1106464,"Wake Up, Mate, Don't You Sleep",2002 film directed by Miklós Jancsó and István Márton,2003-02-06T00:00:00Z,85.0
movies_2398,Q110647361,The Passengers of the Night,2022 film directed by Mikhaël Hers,2023-01-05T00:00:00Z,111.0
movies_2399,Q110653007,Cheburashka,2023 film directed by Dmitry Dyachenko,2023-01-01T00:00:00Z,113.0
movies_2400,Q110655548,Return to Dust,2022 film directed by Li Ruijun,2023-02-08T00:00:00Z,133.0
movies_2401,Q110661062,M3GAN,2022 film directed by Gerard Johnstone,2023-01-06T00:00:00Z,102.0
movies_2402,Q110664384,Creed III,2023 film directed by Michael B. Jordan,2023-03-01T00:00:00Z,116.0
movies_2403,Q110671126,Rescuing Santa,2014 film,2014-12-18T00:00:00Z,88.0
movies_2404,Q110671754,18 and Japanese #1,2002 pornographic film,2002-01-01T00:00:00Z,6615.0
movies_2405,Q110681543,The Happiness of a Mother,2019 film,2019-08-03T00:00:00Z,
movies_2406,Q11068310,Bella mia,2013 film directed by Martin Duba,2013-11-21T00:00:00Z,90.0
movies_2407,Q1106851,Coffee and Cigarettes,2003 anthology film directed by Jim Jarmusch,2003-01-01T00:00:00Z,96.0
movies_2408,Q110713188,We are here. We are close,2020 film directed by Roman Balayan,2020-08-24T00:00:00Z,90.0
movies_2409,Q1107144,Don't Move,2004 film by Sergio Castellitto,2004-03-12T00:00:00Z,125.0
movies_2410,Q110714655,Cinco lobitos,2022 film directed by Alauda Ruiz de Azúa,2023-09-21T00:00:00Z,104.0
movies_2411,Q1107160,Erreway: 4 caminos,2004 film directed by Ezequiel Crupnicoff,2004-07-01T00:00:00Z,90.0
movies_2412,Q11072093,It's a Wonderful Life,2007 film by Ronald Cheng,2007-01-01T00:00:00Z,
movies_2413,Q110732481,Freelance,2023 film directed by Pierre Morel,2023-10-05T00:00:00Z,108.0
movies_2414,Q11073304,The Second Woman,2012 film,2012-01-01T00:00:00Z,102.0
movies_2415,Q11073315,A SARs Journey,2003 Chinese film,2003-01-01T00:00:00Z,95.0
movies_2416,Q11073595,To Fool a Thief,2013 film by Ariel Winograd,2013-08-01T00:00:00Z,103.0
movies_2417,Q11073852,The Soul of the Bread,2012 Taiwanese film,2012-01-01T00:00:00Z,114.0
movies_2418,Q110740058,Maigret in Montmartre,2017 film directed by Thaddeus O'Sullivan,2017-01-01T00:00:00Z,90.0
movies_2419,Q110740256,Maigret's Dead Man,2016 film,2016-01-01T00:00:00Z,88.0
movies_2420,Q110746020,Night at the Crossroads,2017 film directed by Sarah Harding,2017-01-01T00:00:00Z,88.0
movies_2421,Q110748469,This House,2022 film directed by Miryam Charles,2023-12-27T00:00:00Z,
movies_2422,Q11074942,My Man,2014 film by Kazuyoshi Kumakiri,2014-06-14T00:00:00Z,129.0
movies_2423,Q11074963,My Wife Is a Gambling Maestro,2008 film by Wong Jing,2008-01-01T00:00:00Z,
movies_2424,Q11075219,Simply Actors,2007 film by Chan Hing-ka,2007-01-01T00:00:00Z,120.0
movies_2425,Q11075326,¡Viva la República!,2008 film,2008-01-01T00:00:00Z,
movies_2426,Q110761576,The Hill of Secrets,2022 film directed by Lee Ji-eun,2023-07-12T00:00:00Z,122.0
movies_2427,Q110774787,Arini,2018 film directed by Ismail Basbeth,2018-04-05T00:00:00Z,79.0
movies_2428,Q1107802,Cold Creek Manor,2003 film by Mike Figgis,2003-01-01T00:00:00Z,119.0
movies_2429,Q1107829,Cold Prey 2,2008 Norwegian film directed by Mats Stenberg,2008-10-10T00:00:00Z,86.0
movies_2430,Q1107833,Cold Prey 3,2010 film directed by Mikkel Brænne Sandemose,2010-01-01T00:00:00Z,97.0
movies_2431,Q110783594,Christmas in the Jungle,2020 film directed by Jaak Kilmi,2020-12-01T00:00:00Z,94.0
movies_2432,Q11079125,As the Light Goes Out,2014 film directed by Derek Kwok,2014-01-02T00:00:00Z,116.0
movies_2433,Q1107998,The Man from London,"2007 film by Béla Tarr, Ágnes Hranitzky",2007-01-01T00:00:00Z,132.0
movies_2434,Q110811753,Renfield,2023 film directed by Chris McKay,2023-03-30T00:00:00Z,93.0
movies_2435,Q11081205,Ah Boys to Men 2,2013 film by Jack Neo,2013-02-01T00:00:00Z,113.0
movies_2436,Q11081668,"Závis, the Prince of Pornofolk Under the Influence of Griffith's Intolerance and Tati's Monsieur Hulot's Holiday or the Establition and Doom of Czechoslovakia 1918-1992",2006 film by Karel Vachek,2006-11-02T00:00:00Z,120.0
movies_2437,Q110819073,Guy Ritchie's The Covenant,2023 film directed by Guy Ritchie,2023-04-21T00:00:00Z,123.0
movies_2438,Q11082188,Zázracné mece,2001 film,2001-01-01T00:00:00Z,63.0
movies_2439,Q110831228,The Cage Door Is Always Open,documentary film,2012-09-25T00:00:00Z,
movies_2440,Q110833859,Murder Mystery 2,2023 film directed by Jeremy Garelick,2023-03-31T00:00:00Z,89.0
movies_2441,Q110841048,Master Gardener,2022 film directed by Paul Schrader,2023-07-05T00:00:00Z,107.0
movies_2442,Q11084109,Moving Targets,2004 film by Wong Jing,2004-01-01T00:00:00Z,
movies_2443,Q110842446,Meg 2: The Trench,2023 film directed by Ben Wheatley,2023-08-02T00:00:00Z,116.0
movies_2444,Q110846722,Les Perseides,2019 film directed by Alberto Dexeus,2019-01-01T00:00:00Z,70.0
movies_2445,Q11085495,No Man's Land,2013 film directed by Ning Hao,2013-12-03T00:00:00Z,118.0
movies_2446,Q110871135,Verde verde,2012 film directed by Enrique Pineda,2012-01-01T00:00:00Z,90.0
movies_2447,Q110872283,Chamaco,2010 film directed by Juan Carlos Cremata Malberti,2010-02-23T00:00:00Z,92.0
movies_2448,Q110876878,Empire of Light,2022 film directed by Sam Mendes,2023-01-09T00:00:00Z,119.0
movies_2449,Q11088774,Love in the Buff,2012 film by Pang Ho-cheung,2012-03-21T00:00:00Z,112.0
movies_2450,Q110888568,Dangerous Company,2015 film directed by Sheldon Larry,2015-01-01T00:00:00Z,87.0
movies_2451,Q110903821,Desert Warrior,2025 film directed by Rupert Wyatt,2025-09-28T00:00:00Z,
movies_2452,Q110904414,Rise,2022 film directed by Cédric Klapisch,2023-02-02T00:00:00Z,117.0
movies_2453,Q11090460,Higurashi no Naku Koro ni,2008 film directed by Ataru Oikawa,2008-05-10T00:00:00Z,106.0
movies_2454,Q11090461,When They Cry: Reshuffle,2009 film directed by Ataru Oikawa,2009-01-01T00:00:00Z,108.0
movies_2455,Q1109085,College Road Trip,2008 film directed by Roger Kumble,2008-03-07T00:00:00Z,83.0
movies_2456,Q1109094,Shake Hands with the Devil,2007 film by Roger Spottiswoode,2007-01-01T00:00:00Z,100.0
movies_2457,Q1109146,Sherlock Holmes,2010 film by Rachel Lee Goldenberg,2010-01-01T00:00:00Z,85.0
movies_2458,Q110917109,Game Changer,2025 film directed by S. Shankar,2025-01-10T00:00:00Z,
movies_2459,Q110917762,King,2022 film directed by David Moreau,2023-03-03T00:00:00Z,99.0
movies_2460,Q1109255,Tere Naam,2003 film by Satish Kaushik,2003-08-15T00:00:00Z,132.0
movies_2461,Q110928697,Unrest,2022 film directed by Cyril Schäublin,2023-01-05T00:00:00Z,93.0
movies_2462,Q110930174,Lavaperros,2020 film directed by Carlos Moreno,2020-01-01T00:00:00Z,103.0
movies_2463,Q110937156,Love Tactics,"2022 Turkish romantic comedy film, first instalment in the series",2025-02-11T00:00:00Z,98.0
movies_2464,Q110938009,Arthur the King,2024 film directed by Simon Cellan Jones,2024-02-22T00:00:00Z,107.0
movies_2465,Q110938748,Who Shot Lester Monroe?,"2009 film by Tom T. Hall, Dixie Hall, and Buddy Carter",2009-01-01T00:00:00Z,90.0
movies_2466,Q11095077,Design Of Death,film directed by Guan Hu,2012-01-01T00:00:00Z,109.0
movies_2467,Q110952223,The 10 Conditions of Love,2009 documentary film by Jeff Daniels,2009-08-08T00:00:00Z,
movies_2468,Q110953025,The Taste of Things,2023 film directed by Trần Anh Hùng,2023-05-24T00:00:00Z,134.0
movies_2469,Q110969652,KUHANA!,a Japanese film shot in 2016,2016-04-01T00:00:00Z,
movies_2470,Q110981330,The Voiceless,2020 film directed by Pascal Rabaté,2020-01-01T00:00:00Z,85.0
movies_2471,Q110982493,Stars at Noon,2022 film directed by Claire Denis,2023-06-14T00:00:00Z,137.0
movies_2472,Q110982644,We Have a Ghost,2023 film directed by Christopher Landon,2023-02-24T00:00:00Z,127.0
movies_2473,Q110983659,June Again,2020 film directed by JJ Winlove,2020-06-22T00:00:00Z,
movies_2474,Q11098726,Sehar,2005 film by Kabeer Kaushik,2005-01-01T00:00:00Z,125.0
movies_2475,Q11098894,Lea and Darija,2011 film by Branko Ivanda,2011-01-01T00:00:00Z,101.0
movies_2476,Q111008873,The Killer,2023 film directed by David Fincher,2023-09-03T00:00:00Z,118.0
movies_2477,Q111018582,Weird: The Al Yankovic Story,2022 film directed by Eric Appel,2023-05-26T00:00:00Z,108.0
movies_2478,Q11104558,Aisa Kyon Hota Hai,2006 Hindi film,2005-01-01T00:00:00Z,
movies_2479,Q111047731,Delirium,2017 film by Gareth Jones,2017-01-01T00:00:00Z,109.0
movies_2480,Q11104993,Sssshhh...,2003 film,2003-01-01T00:00:00Z,166.0
movies_2481,Q1110550,Off Beat,2004 film by Hendrik Hölzemann,2004-09-11T00:00:00Z,100.0
movies_2482,Q111079464,The Unknown Country,2022 film directed by Morrisa Maltz,2023-07-28T00:00:00Z,85.0
movies_2483,Q111080127,"Seeing, Searching, Being - William Segal",Ken Burns documentary about William Segal,2000-01-01T00:00:00Z,
movies_2484,Q11109243,Life Mein Kabhie Kabhiee,2007 Bollywood film directed by Vikram Bhatt,2007-01-01T00:00:00Z,
movies_2485,Q11112536,Desires of the Heart,2008 film by Ma Liwen,2008-01-01T00:00:00Z,115.0
movies_2486,Q111133807,My Daughter Is Missing,2017 film directed by Tamar Halpern,2017-01-01T00:00:00Z,90.0
movies_2487,Q111149342,Heart of Stone,2023 film directed by Tom Harper,2023-08-11T00:00:00Z,122.0
movies_2488,Q1111576,Elles,2011 film by Małgorzata Szumowska,2011-09-09T00:00:00Z,94.0
movies_2489,Q111169473,Veera Simha Reddy,2023 Telugu-language film by Gopichand Malineni,2023-01-12T00:00:00Z,
movies_2490,Q111170185,Ghosted,2023 film directed by Dexter Fletcher,2023-04-21T00:00:00Z,116.0
movies_2491,Q111170197,Boy Kills World,2023 film directed by Moritz Mohr,2023-09-09T00:00:00Z,
movies_2492,Q111180897,The Gene,Ken Burns documentary about genetics,2020-04-01T00:00:00Z,
movies_2493,Q111195258,Love Me Not,2019 Spanish-Mexican film,2019-01-26T00:00:00Z,82.0
movies_2494,Q1111969,High Crimes,2002 film by Carl Franklin,2002-01-01T00:00:00Z,110.0
movies_2495,Q1111970,Sunshine Cleaning,2008 film directed by Christine Jeffs,2008-01-18T00:00:00Z,91.0
movies_2496,Q111199802,Camila Comes Out Tonight,2021 film directed by Inés María Barrionuevo,2023-06-07T00:00:00Z,103.0
movies_2497,Q111200263,Démoni,2007 film directed by Robert Sveda,2007-01-01T00:00:00Z,105.0
movies_2498,Q111201046,The Last Kingdom: Seven Kings Must Die,2023 film directed by Edward Bazalgette,2023-04-14T00:00:00Z,111.0
movies_2499,Q111209406,Home Games,2018 film,2018-01-01T00:00:00Z,86.0
movies_2500,Q111209750,The Empire,2024 film directed by Bruno Dumont,2024-02-18T00:00:00Z,111.0
movies_2501,Q111209845,Jeanne du Barry,2023 film directed by Maïwenn,2023-05-16T00:00:00Z,116.0
movies_2502,Q111210233,On the Wandering Paths,2023 film directed by Denis Imbert,2023-01-12T00:00:00Z,95.0
movies_2503,Q1112171,Agathe Cléry,2008 film by Étienne Chatiliez,2008-01-01T00:00:00Z,113.0
movies_2504,Q111223540,Kitchen Brigade,2022 film directed by Louis-Julien Petit,2023-04-20T00:00:00Z,97.0
movies_2505,Q111224083,Besties,2021 film directed by Marion Desseigne-Ravel,2023-06-29T00:00:00Z,80.0
movies_2506,Q111224553,Blue Rai,2017 film directed by Pedro B. Abreu,2017-01-01T00:00:00Z,69.0
movies_2507,Q111224651,I'm Being Me,2020 film directed by Alice Waddington et al,2020-01-01T00:00:00Z,94.0
movies_2508,Q111225110,Wax,2014 film directed by Víctor Matellano,2014-01-01T00:00:00Z,88.0
movies_2509,Q11122673,Jana,2004 Tamil film directed by Shaji Kailas,2004-01-01T00:00:00Z,
movies_2510,Q11122984,Hellsinki,2009 Finnish film by Aleksi Mäkelä,2009-01-01T00:00:00Z,133.0
movies_2511,Q1112469,Them,2006 French horror film directed by David Moreau,2006-04-08T00:00:00Z,74.0
movies_2512,Q111250007,Other People's Children,2022 film directed by Rebecca Zlotowski,2023-05-04T00:00:00Z,103.0
movies_2513,Q11125292,Rigor Mortis,2013 film by Juno Mak,2013-08-30T00:00:00Z,101.0
movies_2514,Q111270010,The Color Purple,2023 film directed by Blitz Bazawule,2023-12-25T00:00:00Z,141.0
movies_2515,Q11127913,Insadong Scandal,2009 film by Park Hee-gon,2009-01-01T00:00:00Z,109.0
movies_2516,Q1112849,Get Smart's Bruce and Lloyd: Out of Control,2008 film by Gil Junger,2008-01-01T00:00:00Z,72.0
movies_2517,Q11129569,The Last Death,2011 film directed by David Ruiz,2012-01-27T00:00:00Z,104.0
movies_2518,Q1113039,The Dancer Upstairs,2002 film by John Malkovich,2002-01-01T00:00:00Z,133.0
movies_2519,Q111304992,One Win,2023 South Korean sports film,2023-01-27T00:00:00Z,
movies_2520,Q111309449,Copenhagen Does Not Exist,2022 film directed by Martin Skovbjerg Jensen,2023-01-01T00:00:00Z,99.0
movies_2521,Q111322502,Second Act,2023 film directed by Mårten Klingberg,2023-02-24T00:00:00Z,
movies_2522,Q1113247,Curiosity Kills the Cat,2006 film by Zhang Yibai,2006-01-01T00:00:00Z,93.0
movies_2523,Q111325970,Not Knowing,2019 film directed by Leyla Yılmaz,2019-10-01T00:00:00Z,95.0
movies_2524,Q111327527,Mr. Local Man,2019 film directed by Joseph Squinquel,2019-02-02T00:00:00Z,40.0
movies_2525,Q1113329,Comandante,2003 film directed by Oliver Stone,2003-01-01T00:00:00Z,99.0
movies_2526,Q111340524,Strays,2023 film directed by Josh Greenbaum,2023-08-17T00:00:00Z,93.0
movies_2527,Q1113471,I'll Be There,2003 film directed by Craig Ferguson,2003-01-01T00:00:00Z,101.0
movies_2528,Q111356341,The Twin,2022 film directed by Taneli Mustonen,2023-02-08T00:00:00Z,109.0
movies_2529,Q111362324,The Smile Man,2013 film,2013-06-15T00:00:00Z,10.0
movies_2530,Q111364645,The Witch: Part 2. The Other One,2022 film directed by Park Hoon-jung,2023-01-20T00:00:00Z,137.0
movies_2531,Q1113702,The Island,2006 film directed by Pavel Lungin,2006-06-27T00:00:00Z,112.0
movies_2532,Q111396554,Rheingold,2022 film directed by Fatih Akin,2023-06-28T00:00:00Z,138.0
movies_2533,Q111397183,Marry My Dead Body,2022 Taiwanese film,2023-02-10T00:00:00Z,129.0
movies_2534,Q111398696,Sun and Concrete,2023 film directed by David Wnendt,2023-01-01T00:00:00Z,
movies_2535,Q11141292,Touchless,2013 film,2013-03-28T00:00:00Z,72.0
movies_2536,Q111442180,Extremity,2018 movie,2018-01-01T00:00:00Z,103.0
movies_2537,Q111443888,All Inclusive,2023 Dutch film,2023-01-01T00:00:00Z,
movies_2538,Q111449455,KIDS ON THE SLOPE,2018 film by Takahiro Miki based on the comic with the same name,2018-03-10T00:00:00Z,
movies_2539,Q111458251,Challengers,2024 film by Luca Guadagnino,2024-04-18T00:00:00Z,131.0
movies_2540,Q111461302,Lycan,2017 film by Bev Land,2017-01-01T00:00:00Z,
movies_2541,Q111464581,Wolf Man,2025 film directed by Leigh Whannell,2025-01-15T00:00:00Z,103.0
movies_2542,Q111493716,Skateboard or Die,2018 film by Kit McDee,2018-01-01T00:00:00Z,105.0
movies_2543,Q111493759,Bad Girl,2016 film by Fin Edquist,2016-01-01T00:00:00Z,
movies_2544,Q11149510,I Wish I Knew,2010 film by Jia Zhangke,2010-01-01T00:00:00Z,125.0
movies_2545,Q11149538,Naayika,2011 film directed by Jayaraj,2011-01-01T00:00:00Z,
movies_2546,Q111511159,The Legend of Robert the Doll,2018 film directed by Andrew Jones,2018-01-01T00:00:00Z,80.0
movies_2547,Q111524364,The Black Devil and the White Prince,2016 film directed by Shō Tsukikawa,2016-02-27T00:00:00Z,93.0
movies_2548,Q1115248,Cougar Club,2007 film directed by Christopher Duddy,2007-05-19T00:00:00Z,84.0
movies_2549,Q1115270,The Cruelest Day,2003 film by Ferdinando Vicentini Orgnani,2003-01-01T00:00:00Z,100.0
movies_2550,Q111528279,The Boys in the Boat,2023 film directed by George Clooney,2023-12-25T00:00:00Z,124.0
movies_2551,Q111530175,The Boogeyman,2023 film directed by Rob Savage,2023-05-31T00:00:00Z,98.0
movies_2552,Q111538862,Civil War,2024 film directed by Alex Garland,2024-03-14T00:00:00Z,109.0
movies_2553,Q111540647,Murieron por encima de sus posibilidades,2014 film directed by Isaki Lacuesta,2014-01-01T00:00:00Z,100.0
movies_2554,Q111541305,La fossa,2014 film directed by Pere Vilà Barceló,2014-01-01T00:00:00Z,90.0
movies_2555,Q111541353,L'artèria invisible,2015 film directed by Pere Vilà Barceló,2015-01-01T00:00:00Z,119.0
movies_2556,Q111547368,Life as It Should Be 2,2023 Dutch film directed by Erwin van den Eshof,2023-01-01T00:00:00Z,
movies_2557,Q111548226,Customs Frontline,2024 film directed by Herman Yau,2024-06-28T00:00:00Z,115.0
movies_2558,Q111549435,Smoking Causes Coughing,2022 film directed by Mr. Oizo,2023-03-31T00:00:00Z,77.0
movies_2559,Q1115508,Shortcut to Happiness,2003 film by Alec Baldwin,2003-01-01T00:00:00Z,106.0
movies_2560,Q1115678,The Mourning Forest,2007 film by Naomi Kawase,2007-01-01T00:00:00Z,97.0
movies_2561,Q1115830,A No-Hit No-Run Summer,2008 Canadian film directed by Francis Leclerc,2008-01-01T00:00:00Z,104.0
movies_2562,Q111588413,L’immensità,2022 film by Emanuele Crialese,2023-01-11T00:00:00Z,97.0
movies_2563,Q11159161,The Liberator,2013 film by Alberto Arvelo,2013-01-01T00:00:00Z,119.0
movies_2564,Q111592711,Red Island,film directed by Robin Campillo,2023-05-31T00:00:00Z,116.0
movies_2565,Q111596725,Mum's List,2016 film directed by Niall Johnson,2016-01-01T00:00:00Z,101.0
movies_2566,Q111596834,The Robber Hotzenplotz,2022 film directed by Michael Krummenacher,2023-05-25T00:00:00Z,106.0
movies_2567,Q111597553,My Name is Zaawaadi,2020 film directed by Rocco Siffredi,2020-01-01T00:00:00Z,
movies_2568,Q111599822,Diary of a Fleeting Affair,2022 film directed by Emmanuel Mouret,2023-03-16T00:00:00Z,100.0
movies_2569,Q111600223,Holy Spider,2022 film directed by Ali Abbasi,2023-01-12T00:00:00Z,117.0
movies_2570,Q111601259,EO,2022 film directed by Jerzy Skolimowski,2023-02-21T00:00:00Z,86.0
movies_2571,Q111608782,A Man Called Otto,2022 film directed by Marc Forster,2023-01-06T00:00:00Z,126.0
movies_2572,Q11161083,Awqat Faragh,2006 film,2006-01-01T00:00:00Z,
movies_2573,Q111621124,Forever Young,2022 film directed by Valeria Bruni Tedeschi,2024-05-31T00:00:00Z,125.0
movies_2574,Q111629600,Rebel Moon — Part One: A Child of Fire,2023 film directed by Zack Snyder,2023-12-15T00:00:00Z,135.0
movies_2575,Q111631075,Power of Yoik,2018 film by Paul-Anders Simma,2018-09-24T00:00:00Z,59.0
movies_2576,Q111633274,R.M.N.,2022 film directed by Cristian Mungiu,2023-02-16T00:00:00Z,125.0
movies_2577,Q111653123,My Uncle,2016 film by Nobuhiro Yamashita,2016-11-03T00:00:00Z,110.0
movies_2578,Q111653175,Happy Single,2023 Dutch film directed by Anna van Keimpema,2023-09-13T00:00:00Z,
movies_2579,Q111655610,Enys Men,2022 film by Mark Jenkin,2023-01-13T00:00:00Z,90.0
movies_2580,Q111655628,Sulis 1907,2023 film directed by Nils Gaup,2023-01-01T00:00:00Z,105.0
movies_2581,Q111660704,Space Oddity,2022 film directed by Kyra Sedgwick,2023-03-31T00:00:00Z,
movies_2582,Q111667677,Catch the Doctor!,2007 film directed by Martin Dolenský,2007-01-01T00:00:00Z,85.0
movies_2583,Q111667985,Godland,2022 film directed by Hlynur Pálmason,2023-02-03T00:00:00Z,138.0
movies_2584,Q111668041,Decibels of Love,2016 film directed by Miloslav Halík,2016-01-01T00:00:00Z,91.0
movies_2585,Q111668106,Aftersun,2022 film directed by Charlotte Wells,2023-03-09T00:00:00Z,101.0
movies_2586,Q111669794,Pearl,2022 film directed by Ti West,2023-04-09T00:00:00Z,102.0
movies_2587,Q111670916,Leave the World Behind,2023 film by Sam Esmail,2023-12-08T00:00:00Z,138.0
movies_2588,Q1116712,Something New,2006 film by Sanaa Hamri,2006-01-01T00:00:00Z,99.0
movies_2589,Q111671358,Landscape with Invisible Hand,2023 film by Cory Finley,2023-01-01T00:00:00Z,105.0
movies_2590,Q111672758,La fé del volcán,2002 film directed by Ana Poliak,2002-01-01T00:00:00Z,90.0
movies_2591,Q111672762,Ocio,"2010 film directed by Juan Villegas, Alejandro Lingenti",2010-01-01T00:00:00Z,70.0
movies_2592,Q111677117,Madame Web,2024 film directed by S. J. Clarkson,2024-02-14T00:00:00Z,116.0
movies_2593,Q1116772,Down to Earth,2001 film directed by Chris Weitz and Paul Weitz,2001-02-12T00:00:00Z,87.0
movies_2594,Q111678265,Nimic,2019 short film by Yorgos Lanthimos,2019-01-01T00:00:00Z,12.0
movies_2595,Q11167923,Athisayan,Malayalam-language science fiction film,2007-01-01T00:00:00Z,
movies_2596,Q111684978,Knock at the Cabin,2023 film directed by M. Night Shyamalan,2023-02-02T00:00:00Z,100.0
movies_2597,Q111685205,The Innocent,2022 film directed by Louis Garrel,2023-08-17T00:00:00Z,99.0
movies_2598,Q111686161,The Year of the Plague,2018 film directed by Carlos Martín Ferrera,2018-01-01T00:00:00Z,96.0
movies_2599,Q111686242,El Cerro de los Dioses,2019 film,2019-01-01T00:00:00Z,81.0
movies_2600,Q111686259,Pacifiction,2022 film by Albert Serra,2023-01-06T00:00:00Z,165.0
movies_2601,Q1116886,Rangers,2000 film by Jim Wynorski,2000-01-01T00:00:00Z,
movies_2602,Q111688604,Joika,2023 drama film by James Napier Robertson,2023-01-01T00:00:00Z,110.0
movies_2603,Q11169363,Aman Ke Farishtey,2003 film,2003-01-01T00:00:00Z,
movies_2604,Q111700123,Letter from a Yellow Cherry Blossom,2003 film by Naomi Kawase,2003-01-01T00:00:00Z,65.0
movies_2605,Q111701578,Perverted Planet,2008 pornographic film by Brandon Iron,2008-01-01T00:00:00Z,
movies_2606,Q111705663,Lee,2023 film by Ellen Kuras,2023-09-09T00:00:00Z,117.0
movies_2607,Q11171468,Cepel smrti,2010 film,2010-01-01T00:00:00Z,81.0
movies_2608,Q1117187,The Singles 2nd Ward,2007 film directed by Kurt Hale,2007-01-01T00:00:00Z,
movies_2609,Q1117198,Wild Chicks,2006 film by Vivian Naefe,2006-02-09T00:00:00Z,107.0
movies_2610,Q11172449,Who Never Lived,2006 film,2006-01-01T00:00:00Z,
movies_2611,Q111737259,Father & Soldier,2022 film directed by Mathieu Vadepied,2023-01-04T00:00:00Z,110.0
movies_2612,Q111744207,1920 Horrors Of The Heart,Indian horror drama film,2023-01-01T00:00:00Z,
movies_2613,Q111744347,Sister Death,2023 film by Paco Plaza,2023-10-27T00:00:00Z,89.0
movies_2614,Q11174909,The Devil Knows Why,2003 film by Roman Vávra,2003-01-01T00:00:00Z,100.0
movies_2615,Q111751446,The Eight Mountains,2022 film directed by Felix van Groeningen and Charlotte Vandermeersch,2023-01-05T00:00:00Z,147.0
movies_2616,Q111755008,À la folie,2020 film by Audrey Estrougo,2020-01-01T00:00:00Z,81.0
movies_2617,Q11175520,Wheat,2009 film by He Ping,2009-01-01T00:00:00Z,108.0
movies_2618,Q111756710,Heartbeast,2022 film directed by Aino Suni,2023-02-22T00:00:00Z,102.0
movies_2619,Q111757563,Faunutland and the Lost Magic,2020 film by Marcus Ovnell,2020-07-07T00:00:00Z,85.0
movies_2620,Q1117613,Rachel Getting Married,2008 film by Jonathan Demme,2008-01-01T00:00:00Z,114.0
movies_2621,Q11176909,The Golden Era,2014 film by Ann Hui,2014-01-01T00:00:00Z,179.0
movies_2622,Q1117790,The Emperor's New Clothes,2001 film by Alan Taylor,2001-08-11T00:00:00Z,107.0
movies_2623,Q111784581,The Nun II,2023 film directed by Michael Chaves,2023-09-07T00:00:00Z,109.0
movies_2624,Q11179339,Ceska RAPublika,2008 film,2008-11-27T00:00:00Z,90.0
movies_2625,Q1117936,Music of the Heart,1999 film by Wes Craven,2000-06-08T00:00:00Z,124.0
movies_2626,Q111794293,after-school starlight,Japanese film,2019-04-05T00:00:00Z,
movies_2627,Q11179497,Black Comedy,2014 Hong Kong fantasy comedy film directed by Wilson Chin,2014-01-01T00:00:00Z,98.0
movies_2628,Q111795375,Coal Tower,2002 film directed by Milan Šteindler,2002-03-28T00:00:00Z,110.0
movies_2629,Q111796247,Say Cheese,2022 film directed by François Uzan,2023-02-16T00:00:00Z,95.0
movies_2630,Q111802932,Star Syndrome,2023 film directed by Soleh Solihun,2023-06-08T00:00:00Z,
movies_2631,Q11180473,Dragon Loaded 2003,2003 film by Vincent Kok,2003-08-21T00:00:00Z,
movies_2632,Q11180733,Adventure of the King,2010 film,2010-01-01T00:00:00Z,108.0
movies_2633,Q111817285,Wildflower,2022 film by Matt Smukler,2023-03-17T00:00:00Z,
movies_2634,Q111817932,Pretty Crazy,2025 South Korean romantic comedy film by Lee Sang-geun,2025-07-09T00:00:00Z,
movies_2635,Q111820544,Doblba!,2005 film directed by Petr Vachler,2005-09-29T00:00:00Z,112.0
movies_2636,Q1118333,Dawson Isla 10,2009 film by Miguel Littín,2009-09-11T00:00:00Z,117.0
movies_2637,Q11187761,Ronda nocturna,2005 film by Edgardo Cozarinsky,2005-01-01T00:00:00Z,81.0
movies_2638,Q11187871,The Four-Faced Liar,2010 film by Jacob Chase,2010-01-01T00:00:00Z,
movies_2639,Q111883640,Harold and the Purple Crayon,2024 film directed by Carlos Saldanha,2024-08-02T00:00:00Z,
movies_2640,Q11188437,Christmas in August,2005 film by Shunichi Nagasaki,2005-01-01T00:00:00Z,
movies_2641,Q111890099,We Have Forever,2018 film by Paul Barbeau,2018-09-21T00:00:00Z,81.0
movies_2642,Q111902710,Vampyre Nation,2012 film directed by Todor Chapkanov,2012-01-01T00:00:00Z,82.0
movies_2643,Q111907282,Maestro,2023 film directed by Bradley Cooper,2023-09-02T00:00:00Z,129.0
movies_2644,Q111914900,Duke,2019 film directed by Anthony and James Gaudioso,2019-02-19T00:00:00Z,107.0
movies_2645,Q111915694,Flamin' Hot,2023 film directed by Eva Longoria,2023-03-11T00:00:00Z,99.0
movies_2646,Q111918059,IF,2024 film by John Krasinski,2024-05-15T00:00:00Z,104.0
movies_2647,Q1119322,Exit Through the Gift Shop,2010 film directed by Banksy,2010-01-24T00:00:00Z,87.0
movies_2648,Q111934326,Soulmate,2023 South Korean film,2023-01-01T00:00:00Z,124.0
movies_2649,Q111937315,You Hurt My Feelings,2023 film by Nicole Holofcener,2023-01-22T00:00:00Z,93.0
movies_2650,Q111937655,The Killer: A Girl Who Deserves to Die,2022 film directed by Choi Jae-hoon,2023-03-07T00:00:00Z,95.0
movies_2651,Q111940050,The Childe,South Korean film,2023-06-21T00:00:00Z,118.0
movies_2652,Q111940088,Kandahar,2023 film by Ric Roman Waugh,2023-05-26T00:00:00Z,92.0
movies_2653,Q111941115,The Parenting,2025 film directed by Craig Johnson,2025-03-13T00:00:00Z,100.0
movies_2654,Q111941144,Red Right Hand,2024 film directed by Ian Nelms and Eshom Nelms,2024-02-23T00:00:00Z,111.0
movies_2655,Q111941323,80 for Brady,2023 film directed by Kyle Marvin,2023-02-03T00:00:00Z,
movies_2656,Q111942047,The Lost King,2022 film directed by Stephen Frears,2023-03-29T00:00:00Z,109.0
movies_2657,Q111943486,Road to Boston,2023 South Korean film,2023-09-01T00:00:00Z,108.0
movies_2658,Q111944238,The Palace,2023 film directed by Roman Polanski,2023-09-02T00:00:00Z,100.0
movies_2659,Q111945491,Working Beks,2016 film directed by Chris Martinez,2016-11-23T00:00:00Z,
movies_2660,Q111945633,Uglies,2024 film directed by McG,2024-09-13T00:00:00Z,100.0
movies_2661,Q111946850,Bogota: City of the Lost,2024 film directed by Kim Seong-je,2024-10-03T00:00:00Z,108.0
movies_2662,Q1119489,Sanpei the Fisher Boy,2009 film by Yōjirō Takita,2009-03-20T00:00:00Z,118.0
movies_2663,Q111955137,Burning Days,2022 film directed by Emin Alper,2023-04-26T00:00:00Z,128.0
movies_2664,Q111962565,The Beanie Bubble,2023 film directed by Kristin Gore and Damian Kulash,2023-01-01T00:00:00Z,110.0
movies_2665,Q111962660,Firebrand,2023 film directed by Karim Aïnouz,2023-05-21T00:00:00Z,120.0
movies_2666,Q111962910,The Burial,2023 film directed by Maggie Betts,2023-01-01T00:00:00Z,
movies_2667,Q11196365,Drive,2002 film directed by Sabu,2002-01-01T00:00:00Z,102.0
movies_2668,Q111971798,KLEM: de film,2023 film directed by Frank Ketelaar,2023-01-01T00:00:00Z,
movies_2669,Q111972952,The Out-Laws,2023 film directed by Tyler Spindel,2023-07-07T00:00:00Z,95.0
movies_2670,Q111982507,The Pact,2018 Spanish film,2018-01-01T00:00:00Z,90.0
movies_2671,Q111982520,Young Woman and the Sea,2024 film directed by Joachim Rønning,2024-05-31T00:00:00Z,129.0
movies_2672,Q111988443,My First Summer,2020 film,2020-01-01T00:00:00Z,80.0
movies_2673,Q11200708,Garm Wars: The Last Druid,2014 film by Mamoru Oshii,2014-01-01T00:00:00Z,
movies_2674,Q1120093,Dead Space: Downfall,2008 film directed by Chuck Patton,2008-01-01T00:00:00Z,74.0
movies_2675,Q1120143,The Body,2001 film directed by Jonas McCord,2001-01-01T00:00:00Z,105.0
movies_2676,Q11201948,GS Wonderland,2008 film directed by Ryūichi Honda,2008-01-01T00:00:00Z,
movies_2677,Q112030122,The Last Letter,2002 film directed by Frederick Wiseman,2002-01-01T00:00:00Z,61.0
movies_2678,Q112030155,The Inspection,2022 film directed by Elegance Bratton,2023-02-02T00:00:00Z,95.0
movies_2679,Q112030370,Khufiya,2023 film directed by Vishal Bharadwaj,2023-04-12T00:00:00Z,
movies_2680,Q112031294,Lonesome,2022 film directed by Craig Boreham,2023-01-19T00:00:00Z,99.0
movies_2681,Q112034047,The Blue Caftan,2022 film directed by Maryam Touzani,2023-02-10T00:00:00Z,122.0
movies_2682,Q112039665,Shelby Oaks,2024 film directed by Chris Stuckmann,2024-07-20T00:00:00Z,102.0
movies_2683,Q112045668,The Final Race,2023 film directed by Edward af Sillén,2023-12-25T00:00:00Z,
movies_2684,Q112054623,In the Land of Saints and Sinners,2023 film by Robert Lorenz,2023-01-01T00:00:00Z,106.0
movies_2685,Q112054671,Limonov: The Ballad,2024 film,2024-05-19T00:00:00Z,138.0
movies_2686,Q112054710,1242: Gateway to the West,2025 film directed by Péter Soós,2025-10-02T00:00:00Z,105.0
movies_2687,Q112054756,Here,2024 film directed by Robert Zemeckis,2024-10-25T00:00:00Z,104.0
movies_2688,Q112054817,The Beast,2023 film directed by Bertrand Bonello,2023-09-03T00:00:00Z,145.0
movies_2689,Q112054990,Emmanuelle,2024 film directed by Audrey Diwan,2024-09-20T00:00:00Z,
movies_2690,Q112056711,Coses a fer abans de morir,2020 film,2020-10-24T00:00:00Z,103.0
movies_2691,Q112057421,Asphalt City,2023 film directed by Jean-Stéphane Sauvaire,2023-05-18T00:00:00Z,125.0
movies_2692,Q112062052,1976,2022 film directed by Manuela Martelli,2023-02-21T00:00:00Z,95.0
movies_2693,Q1120732,The Beast in the Heart,2005 film directed by Cristina Comencini,2005-01-01T00:00:00Z,120.0
movies_2694,Q112078051,Silent Night,2023 film directed by John Woo,2023-12-01T00:00:00Z,104.0
movies_2695,Q112078141,Ditto,2022 film directed by Seo Eun-young,2023-06-23T00:00:00Z,114.0
movies_2696,Q112083510,Pushpa 2: The Rule,2024 Indian Movie directed by Sukumar,2024-12-05T00:00:00Z,
movies_2697,Q112084385,El comensal,2022 film directed by Ángeles González-Sinde,2023-11-23T00:00:00Z,
movies_2698,Q112084549,Wanted Man,2024 film directed by Dolph Lundgren,2024-01-19T00:00:00Z,81.0
movies_2699,Q112108763,Unit 234,2024 film directed by Andy Tennant,2024-09-30T00:00:00Z,
movies_2700,Q1121091,Forgotten,2012 film by Alex Schmidt,2012-01-01T00:00:00Z,101.0
movies_2701,Q112114680,Mindcage,2022 film directed by Mauro Borrelli,2023-01-19T00:00:00Z,96.0
movies_2702,Q112114745,The Holdovers,2023 film by Alexander Payne,2023-10-27T00:00:00Z,133.0
movies_2703,Q112114754,God Is a Bullet,2023 film by Nick Cassavetes,2023-06-23T00:00:00Z,156.0
movies_2704,Q112117180,Phantom,2023 film directed by Lee Hae-young,2023-01-18T00:00:00Z,133.0
movies_2705,Q112124771,The Union,2024 film directed by Julian Farino,2024-08-16T00:00:00Z,
movies_2706,Q112124784,Ordinary Angels,2024 film directed by Jon Gunn,2024-02-23T00:00:00Z,117.0
movies_2707,Q112124858,White Men Can't Jump,2023 film directed by Calmatic,2023-05-19T00:00:00Z,101.0
movies_2708,Q11212498,Black Horses,2007 film directed by Ljubiša Samardžić,2007-01-01T00:00:00Z,
movies_2709,Q1121256,Young Adam,2003 film by David Mackenzie,2003-01-01T00:00:00Z,93.0
movies_2710,Q112126298,Joyland,2022 film directed by Saim Sadiq,2023-02-24T00:00:00Z,126.0
movies_2711,Q112129094,Gnaw,2017 film,2017-01-01T00:00:00Z,
movies_2712,Q112133963,Next Sohee,2022 film directed by July Jung,2023-02-08T00:00:00Z,137.0
movies_2713,Q112154407,A Cat with a Dog,2018 film directed by Janusz Kondratiuk,2018-10-19T00:00:00Z,100.0
movies_2714,Q11215636,"Kabayan, Becomes a Billionaire",2010 film,2010-01-01T00:00:00Z,
movies_2715,Q112163810,Unwritten Obsession,2017 film directed by David Martin-Porras,2017-01-01T00:00:00Z,90.0
movies_2716,Q11216402,Nameless Gangster,2012 film by Yoon Jong-bin,2012-01-01T00:00:00Z,134.0
movies_2717,Q112167510,Through the Night,film directed by Delphine Girard,2023-09-05T00:00:00Z,108.0
movies_2718,Q112168901,Nyad,2023 film by Elizabeth Chai Vasarhelyi and Jimmy Chin,2023-01-01T00:00:00Z,121.0
movies_2719,Q11217576,Bohemia Docta or The Labyrinth of the World and the Lust-house of the Heart,2000 film by Karel Vachek,2000-12-16T00:00:00Z,254.0
movies_2720,Q112177101,La película de Ana,2012 film directed by Daniel Díaz Torres,2012-01-01T00:00:00Z,157.0
movies_2721,Q112180367,Invasie,2023 Dutch film directed by Bobby Boermans,2023-01-01T00:00:00Z,91.0
movies_2722,Q112182515,Mothers’ Instinct,2024 film directed by Benoît Delhomme,2024-05-30T00:00:00Z,94.0
movies_2723,Q112182731,Kushi,2023 film by Shiva Nirvana,2023-09-01T00:00:00Z,165.0
movies_2724,Q112183099,Scream VI,2023 film directed by Matt Bettinelli-Olpin and Tyler Gillett,2023-03-08T00:00:00Z,118.0
movies_2725,Q112183404,A Quiet Place: Day One,horror film by Michael Sarnoski,2024-06-26T00:00:00Z,89.0
movies_2726,Q1121878,"Definitely, Maybe",2008 film directed by Adam Brooks,2008-01-24T00:00:00Z,112.0
movies_2727,Q112190851,Reunion,2024 film directed by Chris Nelson,2024-04-13T00:00:00Z,90.0
movies_2728,Q11220194,Dawn of the Planet of the Apes,2014 film directed by Matt Reeves,2014-06-26T00:00:00Z,130.0
movies_2729,Q11220906,Jenglot Pantai Selatan,2011 film by Rizal Mantovani,2011-02-17T00:00:00Z,83.0
movies_2730,Q1122149,Soul Men,2008 American musical comedy film directed by Malcolm D. Lee,2008-01-01T00:00:00Z,100.0
movies_2731,Q11221816,Porcelain Horse,2012 film,2012-01-01T00:00:00Z,100.0
movies_2732,Q11222566,Jakarta Hati,2012 film by Salman Aristo,2012-11-08T00:00:00Z,114.0
movies_2733,Q11223353,Nidra,2012 film by Sidharth Bharathan,2012-02-24T00:00:00Z,
movies_2734,Q11224028,Il Vento e le Rose,2009 film,2009-01-01T00:00:00Z,
movies_2735,Q11224389,Love Sick Love,2012 film directed by Christian Charles,2012-01-01T00:00:00Z,83.0
movies_2736,Q112247632,Inni,2011 live motion picture by Icelandic band Sigur Rós,2011-01-01T00:00:00Z,75.0
movies_2737,Q112252419,Society of the Snow,2023 film directed by J. A. Bayona,2023-09-09T00:00:00Z,144.0
movies_2738,Q11226231,Denis,2013 film by Lionel Bailliu,2013-05-01T00:00:00Z,
movies_2739,Q1122654,Born Romantic,2000 film by David Kane,2000-01-01T00:00:00Z,96.0
movies_2740,Q112285446,The Little Gang,2022 film directed by Pierre Salvadori,2023-01-19T00:00:00Z,106.0
movies_2741,Q112309672,La pared de las palabras,2014 film directed by Fernando Pérez,2014-12-09T00:00:00Z,90.0
movies_2742,Q112322116,Captain America: Brave New World,2025 film by Julius Onah,2025-02-12T00:00:00Z,118.0
movies_2743,Q112322474,Thunderbolts*,2025 film directed by Jake Schreier,2025-05-01T00:00:00Z,126.0
movies_2744,Q11232734,Man-hole,2001 film by Takayuki Suzui,2001-03-03T00:00:00Z,
movies_2745,Q112339416,Jesus Revolution,2023 film by Jon Erwin and Brent McCorkle,2023-02-15T00:00:00Z,120.0
movies_2746,Q112341432,Bob Marley: One Love,2024 film directed by Reinaldo Marcus Green,2024-02-14T00:00:00Z,104.0
movies_2747,Q11234612,NECK,2010 Japanese movie,2010-01-01T00:00:00Z,
movies_2748,Q1123479,The Number 23,2007 film directed by Joel Schumacher,2007-02-13T00:00:00Z,98.0
movies_2749,Q112350392,Apparition,2015 film by Quinn Saunders,2015-05-15T00:00:00Z,100.0
movies_2750,Q1123621,What a Girl Wants,2003 film directed by Dennie Gordon,2003-04-04T00:00:00Z,105.0
movies_2751,Q1123629,Conan the Barbarian,2011 film directed by Marcus Nispel,2011-01-01T00:00:00Z,113.0
movies_2752,Q112365,Live Free or Die,2006 film directed by Gregg Kavet and Andy Robin,2006-01-01T00:00:00Z,89.0
movies_2753,Q11236521,The Last Godfather,2010 film by Shim Hyung-rae,2010-12-29T00:00:00Z,100.0
movies_2754,Q1123831,Hidden Agenda,2001 Canadian film,2001-01-01T00:00:00Z,91.0
movies_2755,Q11238582,Perfect Blue,2002 Japanese movie directed by Toshiki Satō,2002-01-01T00:00:00Z,
movies_2756,Q1123891,Brotherhood of the Wolf,2001 film by Christophe Gans,2001-01-01T00:00:00Z,137.0
movies_2757,Q1123917,Prime,2005 film directed by Ben Younger,2005-01-01T00:00:00Z,105.0
movies_2758,Q1123978,Double Zero,2004 film by Gérard Pirès,2004-06-16T00:00:00Z,
movies_2759,Q1124080,Hide and Seek,2005 film directed by John Polson,2005-01-01T00:00:00Z,101.0
movies_2760,Q11241311,Horror Stories,2012 film by Min Gyu-dong,2012-07-25T00:00:00Z,108.0
movies_2761,Q112420,Tokumei Sentai Go-Busters vs. Kaizoku Sentai Gokaiger: The Movie,2013 film directed by Takayuki Shibasaki,2013-01-19T00:00:00Z,
movies_2762,Q112430183,Kalki 2898 AD,2024 film by Nag Ashwin,2024-06-27T00:00:00Z,181.0
movies_2763,Q112435130,Blackout,US miniseries,2012-06-19T00:00:00Z,
movies_2764,Q11243629,Brak,2002 film by Karel Spěváček,2002-01-01T00:00:00Z,86.0
movies_2765,Q112441569,Ramblers,2003 Japanese film directed by Nobuhiro Yamashita,2003-09-10T00:00:00Z,83.0
movies_2766,Q11244338,8000 Miles,2009 film by Yu Irie,2009-01-01T00:00:00Z,
movies_2767,Q112446260,Asleep,2015 Japanese film directed by Shingo Wakagi,2015-03-06T00:00:00Z,91.0
movies_2768,Q112461,Dolu,2012 film by Elkhan Jafarov,2012-08-02T00:00:00Z,
movies_2769,Q11247833,Adimadhyantham,2011 film directed by Sherrey,2011-12-13T00:00:00Z,
movies_2770,Q1124875,Monster's Ball,2001 film by Marc Forster,2001-11-11T00:00:00Z,111.0
movies_2771,Q112502979,We Have Never Been Modern,2023 film directed by Matěj Chlupáček,2023-01-01T00:00:00Z,117.0
movies_2772,Q1125223,Confessions of a Pit Fighter,2005 film by Art Camacho,2005-01-01T00:00:00Z,95.0
movies_2773,Q1125253,Lara Croft: Tomb Raider – The Cradle of Life,2003 film directed by Jan de Bont,2003-01-01T00:00:00Z,113.0
movies_2774,Q11253374,Superstar Gam Sa-Yong,2004 film by Jong-hyun Kim,2004-09-17T00:00:00Z,113.0
movies_2775,Q1125349,Autumn in New York,2000 film directed by Joan Chen,2000-08-11T00:00:00Z,101.0
movies_2776,Q1125384,Master and Commander: The Far Side of the World,2003 film directed by Peter Weir,2003-01-01T00:00:00Z,133.0
movies_2777,Q112542217,Perimenontas ti nona,2019 film by Nikos Zapatinas,2019-01-17T00:00:00Z,96.0
movies_2778,Q11255565,Singles,2003 South Korean romantic comedy film,2003-07-11T00:00:00Z,110.0
movies_2779,Q1125611,Louise Hires a Contract Killer,2008 film directed by Gustave Kervern and Benoît Delépine,2008-01-01T00:00:00Z,94.0
movies_2780,Q11256602,Love Trilogy,2004 film,2004-01-01T00:00:00Z,
movies_2781,Q1125757,Pele,2006 film by Fernando Vendrell,2006-01-01T00:00:00Z,102.0
movies_2782,Q112584985,The Night of the 12th,2022 film directed by Dominik Moll,2023-01-12T00:00:00Z,114.0
movies_2783,Q11258911,Children of the Dark,2008 film by Junji Sakamoto,2008-01-01T00:00:00Z,138.0
movies_2784,Q112596983,Only You,2023 Dutch film,2023-01-01T00:00:00Z,92.0
movies_2785,Q11259716,With or Without You,1999 film by Michael Winterbottom,2000-01-06T00:00:00Z,93.0
movies_2786,Q112605852,A Deadly View,2018 film directed by Andrew Cymek,2018-01-01T00:00:00Z,81.0
movies_2787,Q112606213,The Mountain,2022 film by Thomas Salvador,2023-02-01T00:00:00Z,112.0
movies_2788,Q1126079,Kill Theory,2009 film directed by Chris Moore,2009-01-01T00:00:00Z,82.0
movies_2789,Q1126097,Pusher II,2004 film by Nicolas Winding Refn,2004-12-25T00:00:00Z,100.0
movies_2790,Q112609799,Unfrosted,2024 film directed by Jerry Seinfeld,2024-05-03T00:00:00Z,93.0
movies_2791,Q112616,Words in Blue,2005 film by Alain Corneau,2005-01-01T00:00:00Z,115.0
movies_2792,Q112623160,Jules,2023 film by Marc Turtletaub,2023-03-22T00:00:00Z,90.0
movies_2793,Q112623320,Miranda's Victim,2023 film by Michelle Danner,2023-02-08T00:00:00Z,127.0
movies_2794,Q112629000,The Panama Papers,2018 documentary film by Alex Winter,2018-01-01T00:00:00Z,
movies_2795,Q11263030,Miss Gold Digger,2007 film,2007-01-01T00:00:00Z,108.0
movies_2796,Q11263219,Otôsan no backdrop,film directed by Toshio Lee,2004-01-01T00:00:00Z,
movies_2797,Q112633,Replay,2001 French drama film directed by Catherine Corsini,2001-01-01T00:00:00Z,96.0
movies_2798,Q112635,Wonderland,2003 film directed by James Cox,2003-01-01T00:00:00Z,106.0
movies_2799,Q11263801,Khiladi 420,2000 Indian film by Neeraj Vora,2000-01-01T00:00:00Z,168.0
movies_2800,Q1126383,Connie and Carla,2004 film by Michael Lembeck,2004-01-01T00:00:00Z,94.0
movies_2801,Q112641438,Deviant,2019 film by Benjamin Howard,2019-01-01T00:00:00Z,
movies_2802,Q1126420,Connors' War,2006 film by Nick Castle,2006-01-01T00:00:00Z,90.0
movies_2803,Q1126479,Fear of the Dark,2002 film directed by K.C. Bascombe,2002-01-01T00:00:00Z,86.0
movies_2804,Q11265850,Gururi no koto,2008 Japanese film,2008-01-01T00:00:00Z,140.0
movies_2805,Q11266757,Lost,2004 film directed by Darren Lemke,2004-01-01T00:00:00Z,90.0
movies_2806,Q112670102,Karenina & I,2017 Norwegian film,2017-01-01T00:00:00Z,85.0
movies_2807,Q112672843,Turtles All the Way Down,2024 film directed by Hannah Marks,2024-05-02T00:00:00Z,
movies_2808,Q11267611,Hijoshi zukan,2009 anthology film,2009-05-30T00:00:00Z,105.0
movies_2809,Q11267675,Sakuya: Slayer of Demons,film directed by Tomoo Haraguchi,2000-01-01T00:00:00Z,88.0
movies_2810,Q11267698,"Sakura, sakura: Samurai Kagakusha Takamine Jōkichi no Shōgai",Japanese film in 2010,2011-03-05T00:00:00Z,
movies_2811,Q11268003,Husbands in Goa,2012 film by Saji Surendran,2012-01-01T00:00:00Z,
movies_2812,Q11268721,Shiawase Kamon,2013 film directed by Daisuke Nakamura,2013-01-26T00:00:00Z,
movies_2813,Q11268920,Jung,2000 film by Sanjay Gupta,2000-01-01T00:00:00Z,147.0
movies_2814,Q11269944,"Sue, Mai & Sawa: Righting the Girl Ship",2012 film by Osamu Minorikawa,2012-01-01T00:00:00Z,106.0
movies_2815,Q1127205,The Colonel,2006 film by Laurent Herbiet,2006-01-01T00:00:00Z,104.0
movies_2816,Q112729953,Fagbug,2009 film directed by Erin Davies,2009-04-20T00:00:00Z,
movies_2817,Q11273867,I Went To,2001 film by Kon Ichikawa,2001-01-01T00:00:00Z,111.0
movies_2818,Q112740889,Unicorns,film directed by Àlex Lora,2023-03-15T00:00:00Z,
movies_2819,Q11274116,Teesri Aankh: The Hidden Camera,2006 film by Harry Baweja,2006-01-01T00:00:00Z,
movies_2820,Q11274271,Champion,2000 film,2000-01-01T00:00:00Z,
movies_2821,Q112744,God Is Great and I'm Not,2001 film directed by Pascale Bailly,2001-01-01T00:00:00Z,100.0
movies_2822,Q11274500,Bayside Shakedown The Final,2012 film by Katsuyuki Motohiro,2012-09-07T00:00:00Z,126.0
movies_2823,Q112747,Trouble with the Curve,2012 film by Robert Lorenz,2012-09-19T00:00:00Z,111.0
movies_2824,Q11275181,Nodame Cantabile: The Movie I,2009 film by Hideki Takeuchi,2009-12-19T00:00:00Z,121.0
movies_2825,Q11275227,The Floating Castle,2012 Japanese historical-drama film directed by Shinji Higuchi,2012-01-01T00:00:00Z,
movies_2826,Q11275822,Hayabusa: Harukanaru Kikan,2012 film by Tomoyuki Takimoto,2012-01-01T00:00:00Z,216.0
movies_2827,Q11275955,No One’s Ark,2003 film directed by Nobuhiro Yamashita,2003-01-01T00:00:00Z,111.0
movies_2828,Q11276349,The Lonely Affair of the Heart,2002 film by Jun'ichi Suzuki,2002-02-23T00:00:00Z,
movies_2829,Q1127763,Queen to Play,2009 film by Caroline Bottaro,2009-01-01T00:00:00Z,100.0
movies_2830,Q11278322,Madamada Abunai Deka,2005 film directed by Kunio Torii,2005-01-01T00:00:00Z,108.0
movies_2831,Q11280320,Three for the Road,2007 film by Hideyuki Hirayama,2007-01-01T00:00:00Z,
movies_2832,Q112811482,Damsel,2024 film by Juan Carlos Fresnadillo,2024-03-08T00:00:00Z,110.0
movies_2833,Q11281287,Rakugo Eiga,2013 film,2013-01-01T00:00:00Z,
movies_2834,Q11281746,Chronicle of My Mother,2011 film by Masato Harada,2011-01-01T00:00:00Z,108.0
movies_2835,Q11281844,My Grandpa,film directed by Yōichi Higashi,2003-04-05T00:00:00Z,113.0
movies_2836,Q1128194,Gruesome School Trip,2005 film by Pieter Kuijpers,2005-01-01T00:00:00Z,96.0
movies_2837,Q1128249,"It's Not Me, I Swear!",2008 film by Philippe Falardeau,2008-01-01T00:00:00Z,110.0
movies_2838,Q112831,Colour Me Kubrick,2005 film by Brian W. Cook,2005-10-06T00:00:00Z,86.0
movies_2839,Q11284061,Hagetaka: The Movie,2009 film by Keishi Ōtomo,2009-06-06T00:00:00Z,134.0
movies_2840,Q11284130,Adrenaline Drive,1999 film by Shinobu Yaguchi,2000-03-05T00:00:00Z,112.0
movies_2841,Q1128433,Contact High,2009 film directed by Michael Glawogger,2009-01-01T00:00:00Z,96.0
movies_2842,Q1128496,Year One,2009 film by Harold Ramis,2009-01-01T00:00:00Z,100.0
movies_2843,Q1128499,Daybreakers,2009 film directed by Michael Spierig and Peter Spierig,2009-09-11T00:00:00Z,94.0
movies_2844,Q11285680,Happy Ero Christmas,2003 film,2003-12-17T00:00:00Z,
movies_2845,Q1128587,Undead Pool,2007 film by Kōji Kawano,2007-01-01T00:00:00Z,79.0
movies_2846,Q112865585,Apartment 7A,2024 film directed by Natalie Erika James,2024-09-20T00:00:00Z,104.0
movies_2847,Q112865900,Beetlejuice Beetlejuice,2024 film directed by Tim Burton,2024-08-28T00:00:00Z,104.0
movies_2848,Q11286901,Initiation Love,2015 Japanese film by Yukihiko Tsutsumi,2015-01-01T00:00:00Z,110.0
movies_2849,Q112869420,Perfect Blue,film directed by Ten Shimoyama,2010-01-01T00:00:00Z,
movies_2850,Q1128745,Hall Pass,"2011 film by Bobby Farrelly, Peter Farrelly",2011-03-10T00:00:00Z,105.0
movies_2851,Q1128750,Crazy Heart,2009 film by Scott Cooper,2009-01-01T00:00:00Z,112.0
movies_2852,Q1128771,The Girl in the Park,2007 film by David Auburn,2007-01-01T00:00:00Z,100.0
movies_2853,Q11288095,Winning Ticket,2003 film,2003-04-24T00:00:00Z,100.0
movies_2854,Q1128867,I Love You Phillip Morris,2009 film directed by John Requa and Glenn Ficarra,2009-01-18T00:00:00Z,102.0
movies_2855,Q112892327,Cobweb,South Korean film by Kim Jee-woon,2023-05-01T00:00:00Z,133.0
movies_2856,Q112898902,Dear Diary I Died,2016 film directed by Ben Demaree,2016-01-01T00:00:00Z,86.0
movies_2857,Q1129080,Contraband,2012 film by Baltasar Kormákur,2012-01-01T00:00:00Z,109.0
movies_2858,Q112909147,Gran Turismo,2023 film directed by Neill Blomkamp,2023-08-09T00:00:00Z,134.0
movies_2859,Q1129186,Control,2007 film directed by Anton Corbijn,2007-05-17T00:00:00Z,122.0
movies_2860,Q1129201,Control,2004 direct-to-video film by Tim Hunter,2004-01-01T00:00:00Z,100.0
movies_2861,Q1129227,About a Boy,2002 film directed by Chris Weitz and Paul Weitz,2002-04-26T00:00:00Z,101.0
movies_2862,Q1129271,Make the Yuletide Gay,2009 film by Rob Williams,2009-01-01T00:00:00Z,89.0
movies_2863,Q11292885,My Heart Is Not Broken Yet,2009 South Korean documentary film directed by Ahn Hae-ryong,2007-01-01T00:00:00Z,
movies_2864,Q1129290,Marley & Me,2008 film directed by David Frankel,2008-12-25T00:00:00Z,120.0
movies_2865,Q1129313,Push,2009 film directed by Paul McGuigan,2009-01-01T00:00:00Z,107.0
movies_2866,Q1129317,SARS Wars,2004 film,2004-12-16T00:00:00Z,88.0
movies_2867,Q1129365,The Convent,2000 film by Mike Mendez,2000-01-01T00:00:00Z,80.0
movies_2868,Q11293895,Czech Peace,"2010 film by Filip Remunda, Vít Klusák",2010-01-01T00:00:00Z,100.0
movies_2869,Q112939358,Teen Wolf: The Movie,2023 film directed by Russell Mulcahy,2023-01-26T00:00:00Z,140.0
movies_2870,Q1129420,The Milk of Sorrow,2009 film by Claudia Llosa,2009-10-29T00:00:00Z,94.0
movies_2871,Q1129449,Conversations with Other Women,2005 film by Hans Canosa,2005-01-01T00:00:00Z,84.0
movies_2872,Q11294846,Chameleon (2008 Japanese film),2008 Japanese film directed by Junji Sakamoto,2008-01-01T00:00:00Z,97.0
movies_2873,Q1129506,Tangled,2001 film by Jay Lowi,2001-01-01T00:00:00Z,86.0
movies_2874,Q11295112,Cult,2013 film by Kōji Shiraishi,2013-01-01T00:00:00Z,84.0
movies_2875,Q1129534,Norbit,2007 film by Brian Robbins,2007-01-01T00:00:00Z,102.0
movies_2876,Q112957844,Falling Camellia,film directed by Daisaku Kimura,2018-01-01T00:00:00Z,111.0
movies_2877,Q112960918,Para toda la muerte,2020 film directed by Alfonso Sánchez Fernández,2020-01-01T00:00:00Z,73.0
movies_2878,Q11296345,Westbrick Murders,film,2010-01-01T00:00:00Z,90.0
movies_2879,Q11297211,Captain Tokio,2007 film by Kazushi Watanabe,2007-02-17T00:00:00Z,
movies_2880,Q1129761,Goya's Ghosts,2006 film by Miloš Forman,2006-11-08T00:00:00Z,114.0
movies_2881,Q112977212,The Promised Land,2023 film directed by Nikolaj Arcel,2023-08-31T00:00:00Z,122.0
movies_2882,Q112977213,Mickey 17,2025 film directed by Bong Joon-ho,2025-02-15T00:00:00Z,137.0
movies_2883,Q112992826,Killer Island,2018 film directed by Alyn Darnay,2018-04-27T00:00:00Z,
movies_2884,Q113001361,Justine de Sade,1972 film by Claude Pierson,2002-10-21T00:00:00Z,100.0
movies_2885,Q11300170,Grasshopper,2015 film by Tomoyuki Takimoto,2015-01-01T00:00:00Z,119.0
movies_2886,Q113002880,Poolman,2023 film directed by Chris Pine,2023-01-01T00:00:00Z,100.0
movies_2887,Q113005247,DogMan,2023 film directed by Luc Besson,2023-09-27T00:00:00Z,113.0
movies_2888,Q113005266,Wish of the Fairy Fish,2023 film directed by Aleksandr Voytinskiy,2023-01-01T00:00:00Z,115.0
movies_2889,Q113012026,Cuckoo,2024 film directed by Tilman Singer,2024-02-16T00:00:00Z,102.0
movies_2890,Q113012523,Blink Twice,2024 film directed by Zoë Kravitz,2024-08-21T00:00:00Z,102.0
movies_2891,Q113014532,Prání k narozeninám,2022 film directed by Marta Ferencová,2023-01-19T00:00:00Z,93.0
movies_2892,Q11301518,GeGeGe no Nyōbō,film directed by Takuji Suzuki,2010-01-01T00:00:00Z,
movies_2893,Q11301625,The Whispering of the Gods,2005 film by Tatsushi Ōmori,2005-01-01T00:00:00Z,107.0
movies_2894,Q113017547,Polaris,2022 film directed by Kirsten Carthew,2023-07-27T00:00:00Z,91.0
movies_2895,Q113019104,Sons of Ramses,2022 film directed by Clément Cogitore,2023-03-01T00:00:00Z,98.0
movies_2896,Q113023001,The Critic,2023 film directed by Anand Tucker,2023-09-07T00:00:00Z,
movies_2897,Q1130297,Into the Blue,2005 film by John Stockwell,2005-09-30T00:00:00Z,110.0
movies_2898,Q1130310,The Skin I Live In,2011 film by Pedro Almodóvar,2011-05-19T00:00:00Z,120.0
movies_2899,Q1130313,Of Gods and Men,2010 film by Xavier Beauvois,2010-05-18T00:00:00Z,122.0
movies_2900,Q1130317,The Marine,2006 film by John Bonito,2006-01-01T00:00:00Z,93.0
movies_2901,Q113032290,Hot Potato: The Story of The Wiggles,2023 Australian documentary film by Sally Aitken,2023-10-24T00:00:00Z,104.0
movies_2902,Q1130343,Rab Ne Bana Di Jodi,2008 Indian film directed by Aditya Chopra,2008-12-11T00:00:00Z,167.0
movies_2903,Q11304109,Saidoweizu,film directed by Cellin Gluck,2009-01-01T00:00:00Z,123.0
movies_2904,Q113042728,The Book of Solutions,2023 film directed by Michel Gondry,2023-05-21T00:00:00Z,102.0
movies_2905,Q11304292,Southbound,"2005 fiction by Okuda Hideo, 2007 film by Yoshimitsu Morita",2007-01-01T00:00:00Z,
movies_2906,Q113043714,Ferrari,2023 film directed by Michael Mann,2023-01-01T00:00:00Z,130.0
movies_2907,Q113045179,Kompromat,2022 film directed by Jérôme Salle,2023-01-27T00:00:00Z,127.0
movies_2908,Q113051080,Holiday Twist,2022 film directed by Stephanie Garvin,2023-01-01T00:00:00Z,95.0
movies_2909,Q1130512,The 9th Company,2005 film directed by Fyodor Bondarchuk,2005-09-29T00:00:00Z,130.0
movies_2910,Q113052,Elizabethtown,2005 film by Cameron Crowe,2005-01-01T00:00:00Z,123.0
movies_2911,Q1130532,The Rite,2011 film by Mikael Håfström,2011-01-01T00:00:00Z,114.0
movies_2912,Q113055437,Dusk for a Hitman,2022 film directed by Raymond St-Jean,2023-02-28T00:00:00Z,106.0
movies_2913,Q1130664,Far from Heaven,2002 film by Todd Haynes,2002-11-08T00:00:00Z,107.0
movies_2914,Q11306926,Share House,2011 film,2011-01-01T00:00:00Z,
movies_2915,Q11307655,ZsaZsa Zaturnnah Ze Moveeh,2006 film,2006-01-01T00:00:00Z,114.0
movies_2916,Q113083535,Off the Rails,2017 film directed by David Jackson,2017-01-01T00:00:00Z,90.0
movies_2917,Q113084589,Knots,2011 film directed by Michael Kang,2011-01-01T00:00:00Z,77.0
movies_2918,Q1130966,Mammuth,2010 film,2010-01-01T00:00:00Z,90.0
movies_2919,Q113101380,Intersect,2020 film directed by Gus Holwerda,2020-02-12T00:00:00Z,
movies_2920,Q1131044,The Merry Widow,2007 film by Isabelle Mergault,2007-01-01T00:00:00Z,97.0
movies_2921,Q113107162,New Normal,2022 film directed by Jung Bum-shik,2023-11-08T00:00:00Z,112.0
movies_2922,Q113114478,Between Pain and Amen,2019 film directed by Toma Enache,2019-10-04T00:00:00Z,125.0
movies_2923,Q1131162,The Slammin' Salmon,2009 film by Kevin Heffernan,2009-01-01T00:00:00Z,90.0
movies_2924,Q1131202,P.S. Your Cat Is Dead,2002 film by Steve Guttenberg,2002-01-01T00:00:00Z,92.0
movies_2925,Q113124603,The New Toy,2022 film directed by James Huth,2023-02-24T00:00:00Z,112.0
movies_2926,Q113127699,Jack Mimoun & the Secrets of Val Verde,2022 film directed by Malik Bentalha and Ludovic Colbeau-Justin,2023-01-19T00:00:00Z,104.0
movies_2927,Q1131279,The Hot Chick,2002 film by Tom Brady,2002-12-02T00:00:00Z,100.0
movies_2928,Q113129442,The Babington Family,2019 Nigerian film by Wale Adenuga,2019-01-01T00:00:00Z,
movies_2929,Q113130841,Shola Arikusa,2017 Nigerian film,2017-01-01T00:00:00Z,
movies_2930,Q113135527,Saltburn,2023 film by Emerald Fennell,2023-11-17T00:00:00Z,131.0
movies_2931,Q113141252,My Name is Kadi,2016 Nigerian film,2016-01-01T00:00:00Z,
movies_2932,Q113141487,A Janela (Maryalva Mix),2001 film directed by Edgar Pêra,2001-01-01T00:00:00Z,104.0
movies_2933,Q1131452,Moolaadé,2004 film directed by Ousmane Sembène,2004-05-15T00:00:00Z,124.0
movies_2934,Q113149,Take This Waltz,2011 film by Sarah Polley,2011-01-01T00:00:00Z,116.0
movies_2935,Q11315077,Showdown in Seoul,2002 film by Masahiko Nagasawa,2002-02-09T00:00:00Z,110.0
movies_2936,Q113152230,The Eve,2018 Nigerian film directed by Tosin Igho,2018-01-01T00:00:00Z,
movies_2937,Q113158629,Makate Must Sell,2019 Nollywood Movie,2019-05-03T00:00:00Z,
movies_2938,Q113163737,Wandering,Japanese film,2023-01-18T00:00:00Z,150.0
movies_2939,Q1131669,The Longest Yard,2005 film by Peter Segal,2005-05-19T00:00:00Z,113.0
movies_2940,Q113172293,King Invincible,2017 Nigerian movie,2017-01-01T00:00:00Z,
movies_2941,Q113172691,Below the Surface,2016 film directed by Damián Romay,2016-01-01T00:00:00Z,85.0
movies_2942,Q113173179,El crèdit,2019 film directed by Abel Folk and Joan Riedweg Pérez,2019-01-01T00:00:00Z,82.0
movies_2943,Q11317940,Capturing Dad,2012 film by Ryōta Nakano,2012-06-15T00:00:00Z,74.0
movies_2944,Q113186040,Brother Jekwu,2016 Nigerian film directed by Charles Uwagbai,2016-01-01T00:00:00Z,103.0
movies_2945,Q113189654,Bachelor's Eve,2018 Nigerian film,2018-01-01T00:00:00Z,
movies_2946,Q113195830,"Cassandro, the Exotico!",2018 film by Marie Losier,2018-05-11T00:00:00Z,73.0
movies_2947,Q113201954,The New Normal,2020 Nigerian film directed by Teniola Olatoni,2020-11-15T00:00:00Z,
movies_2948,Q11320563,Death Kappa,2010 film by Tomoo Haraguchi,2010-01-01T00:00:00Z,85.0
movies_2949,Q11320592,Primal Doubt,film,2007-01-01T00:00:00Z,90.0
movies_2950,Q113212962,Role Play,2024 film directed by Thomas Vincent,2024-01-04T00:00:00Z,100.0
movies_2951,Q11322062,Torso,2009 film directed by Yutaka Yamazaki,2009-11-01T00:00:00Z,104.0
movies_2952,Q11322168,Toro to Tabisuru The Movie,,2009-04-15T00:00:00Z,
movies_2953,Q11322535,Do I Love You?,film,2002-01-01T00:00:00Z,
movies_2954,Q113226956,Traffic,2020 Nigerian film,2020-01-01T00:00:00Z,
movies_2955,Q11323334,"Dolphin Blue: Soar Again, Fuji",2007 film directed by Tetsu Maeda,2007-07-07T00:00:00Z,105.0
movies_2956,Q11323655,9 Souls,2003 film by Toshiaki Toyoda,2003-01-01T00:00:00Z,120.0
movies_2957,Q113242587,Excess Luggage,2017 Nigerian film directed by Damijo Efe Young,2017-01-01T00:00:00Z,
movies_2958,Q113255175,Whose Meal Ticket,2017 Nigerian film,2017-01-01T00:00:00Z,
movies_2959,Q1132661,Vesham,2004 film by V. M. Vinu,2004-12-23T00:00:00Z,
movies_2960,Q113267230,The Ghost and The House Of Truth,2019 Nigerian film,2017-01-01T00:00:00Z,
movies_2961,Q113267784,8 Bars And A Clef,2016 Nigerian film,2016-01-01T00:00:00Z,
movies_2962,Q113268101,Mothers and Daughters-In-Law,2019 Nigerian film,2019-01-01T00:00:00Z,
movies_2963,Q113272186,Sync,2012 American film,2012-03-16T00:00:00Z,103.0
movies_2964,Q113273969,Body Language,2017 film directed by Moses Inwang and Lawrence Richards,2017-01-01T00:00:00Z,
movies_2965,Q113274715,She is,2019 film by Chris Eneng Enaji,2019-01-01T00:00:00Z,
movies_2966,Q11328221,BalletRiverse,2011 Japanese film,2011-07-01T00:00:00Z,
movies_2967,Q113283822,Stormy Hearts,2017 Nigerian film,2017-01-01T00:00:00Z,
movies_2968,Q113284687,The Washerman,2018 Nigerian film,2018-01-01T00:00:00Z,
movies_2969,Q113285535,Little Drops of Happy,2017 Nigerian film,2017-01-01T00:00:00Z,
movies_2970,Q113286040,Home in Exile,2010 Nigerian film,2010-01-01T00:00:00Z,
movies_2971,Q113288634,Crazy People,2018 Nigerian film,2018-01-01T00:00:00Z,
movies_2972,Q113291194,From Lagos With Love,2018 Nigerian film,2018-01-01T00:00:00Z,
movies_2973,Q1132912,Cube 2: Hypercube,2002 Canadian film,2002-04-15T00:00:00Z,90.0
movies_2974,Q113291667,Catch.er,2018 Nigerian film,2018-01-01T00:00:00Z,
movies_2975,Q113292609,Third Avenue,2019 Nigerian film,2019-01-01T00:00:00Z,
movies_2976,Q113292930,Lioness,2023 Dutch film directed by Raymond Grimbergen,2023-01-01T00:00:00Z,85.0
movies_2977,Q113294108,Foreigner’s God,2019 Nigerian film,2019-01-01T00:00:00Z,
movies_2978,Q1132978,Coriolanus,2011 film directed by Ralph Fiennes,2011-02-14T00:00:00Z,123.0
movies_2979,Q113300586,Ghostbusters: Frozen Empire,2024 film directed by Gil Kenan,2024-03-14T00:00:00Z,115.0
movies_2980,Q113300899,The Crow,2024 film directed by Rupert Sanders,2024-08-22T00:00:00Z,
movies_2981,Q113301900,Ajuwaya,2017 Nigerian movie,2017-01-01T00:00:00Z,
movies_2982,Q113303382,Final Whistle,2000 Nollywood film,2000-01-01T00:00:00Z,
movies_2983,Q113303548,Kosefowora,2006 Nollywood Yoruba film,2006-01-01T00:00:00Z,
movies_2984,Q113309124,Divorce Not Allowed,2018 Nigerian film,2018-01-01T00:00:00Z,
movies_2985,Q113311551,Still Standing,2015 Nigerian film,2015-02-27T00:00:00Z,
movies_2986,Q113311854,While You Slept,2015 Nigerian film,2015-03-20T00:00:00Z,
movies_2987,Q113312364,Of Bad Faith,2015 Nigerian film,2015-04-24T00:00:00Z,
movies_2988,Q1133132,Green Street,2005 film directed by Lexi Alexander,2005-01-01T00:00:00Z,109.0
movies_2989,Q113313422,Romance Is Overrated,2015 Nigerian film,2015-07-01T00:00:00Z,
movies_2990,Q113313590,Scars,2015 Ghanaian film,2015-01-01T00:00:00Z,
movies_2991,Q113313921,4-1-Love,2015 Nigerian film,2015-01-01T00:00:00Z,
movies_2992,Q113314062,Let Karma,2019 Nigerian film,2019-02-01T00:00:00Z,
movies_2993,Q113317051,The Roundup: No Way Out,2023 film directed by Lee Sang-yong,2023-05-31T00:00:00Z,105.0
movies_2994,Q113319986,Shirley,2024 film by John Ridley,2024-03-22T00:00:00Z,
movies_2995,Q1133230,Sri Rama Rajyam,2011 film directed by Bapu,2011-11-17T00:00:00Z,
movies_2996,Q113324433,Love Life,2022 film directed by Kōji Fukada,2023-06-14T00:00:00Z,123.0
movies_2997,Q113330175,Driving Madeleine,2022 film directed by Christian Carion,2023-04-13T00:00:00Z,91.0
movies_2998,Q113330857,A Man of Reason,South Korean film,2023-08-15T00:00:00Z,98.0
movies_2999,Q113331181,The Wonder,2022 film directed by Sebastián Lelio,2002-09-13T00:00:00Z,109.0
movies_3000,Q113335170,Wings of a Dove,2018 Nigerian film,2018-01-01T00:00:00Z,
movies_3001,Q113335768,Eileen,2023 film by William Oldroyd,2023-01-21T00:00:00Z,98.0
movies_3002,Q1133497,Kamen Rider × Kamen Rider W & Decade: Movie War 2010,2009 film by Ryūta Tasaki,2009-01-01T00:00:00Z,
movies_3003,Q113358134,Girls Cot,2006 Nigerian film,2006-01-01T00:00:00Z,
movies_3004,Q113360807,The Sitting Duck,2022 film directed by Jean-Paul Salomé,2023-03-01T00:00:00Z,121.0
movies_3005,Q113360912,Godzilla x Kong: The New Empire,2024 film by Adam Wingard,2024-03-27T00:00:00Z,115.0
movies_3006,Q113361003,Cordes,2019 film directed by José Luis Montesinos,2019-01-01T00:00:00Z,87.0
movies_3007,Q113362684,Ostrov,film directed by Rudolf Havlík,2023-02-02T00:00:00Z,100.0
movies_3008,Q113362689,Emma and the Death's Head,film directed by Iveta Grófová,2024-09-10T00:00:00Z,129.0
movies_3009,Q113362698,Children of Nagano,film directed by Dan Pánek,2023-01-01T00:00:00Z,98.0
movies_3010,Q113362702,Franz,2025 film directed by Agnieszka Holland,2025-09-05T00:00:00Z,127.0
movies_3011,Q113362729,A Sensitive Person,2023 film directed by Tomáš Klein,2023-01-01T00:00:00Z,120.0
movies_3012,Q113362738,Victim,2022 film directed by Michal Blaško,2023-04-06T00:00:00Z,92.0
movies_3013,Q113362745,Bloody Johann,2024 film directed by Jakub Krumpoch,2024-01-11T00:00:00Z,90.0
movies_3014,Q113362750,The Killing of a Journalist,2023 film directed by Matt Sarnecki,2023-04-27T00:00:00Z,102.0
movies_3015,Q113362757,Bud chlap!,film directed by Michal Samir,2023-03-23T00:00:00Z,96.0
movies_3016,Q113364967,Waltair Veerayya,Indian film by K. S. Ravindra,2023-01-13T00:00:00Z,160.0
movies_3017,Q113366733,Festival of Fire,2002 Nigerian film,2002-01-01T00:00:00Z,
movies_3018,Q113367431,The Battle of Love,2001 Nigerian film,2001-01-01T00:00:00Z,
movies_3019,Q113367446,Agbako: The Land of a Thousand Demons,2000 Nigerian film,2000-01-01T00:00:00Z,
movies_3020,Q113367481,Dapo Junior,2000 Nigerian film,2000-01-01T00:00:00Z,
movies_3021,Q113367779,First Lady: Who Is She?,2000 Nigerian film,2000-01-01T00:00:00Z,
movies_3022,Q113367793,Ibuka: King of the Forest,2000 Nigerian film,2000-01-01T00:00:00Z,
movies_3023,Q113367940,Holy Law: Sharia,2001 Nigerian film,2001-01-01T00:00:00Z,
movies_3024,Q113367981,Girls Hostel,2001 Nigerian film,2001-01-01T00:00:00Z,
movies_3025,Q113368025,Oganigwe,2001 Nigerian film,2001-01-01T00:00:00Z,
movies_3026,Q113368970,Last Prophet,2001 Nigerian film,2001-01-01T00:00:00Z,
movies_3027,Q113369049,Oil Village,2001 Nigerian film,2001-01-01T00:00:00Z,
movies_3028,Q113369096,Okada Man,2002 Nigerian film,2002-01-01T00:00:00Z,
movies_3029,Q113369208,Formidable Force,2002 Nigerian film,2002-01-01T00:00:00Z,
movies_3030,Q113369282,Baby Police,2003 Nigerian film,2003-01-01T00:00:00Z,88.0
movies_3031,Q113369469,Kasalama: The Slave Merchant,2003 Nigerian film,2003-01-01T00:00:00Z,
movies_3032,Q113369482,Emotional Crack,2003 Nigerian film,2003-01-01T00:00:00Z,
movies_3033,Q113369611,The London Boy,2004 Nigerian film,2004-01-01T00:00:00Z,
movies_3034,Q113369619,Last Girl Standing,2004 Nigerian film,2004-01-01T00:00:00Z,
movies_3035,Q113369802,Joba,2019 Nigerian film directed by Biodun Stephen,2019-01-01T00:00:00Z,
movies_3036,Q113369959,Goodbye New York,2004 Nigerian film,2004-01-01T00:00:00Z,
movies_3037,Q113370402,Home and Abroad,2004 Nigerian film,2004-01-01T00:00:00Z,
movies_3038,Q113370618,Fateful Love,2004 Nigerian film,2004-01-01T00:00:00Z,
movies_3039,Q113371337,Venom: The Last Dance,2024 film directed by Kelly Marcel,2024-10-21T00:00:00Z,109.0
movies_3040,Q113374868,Mr Ibu in London,2004 Nigerian film,2004-01-01T00:00:00Z,
movies_3041,Q11337497,Persona,2008 film,2008-01-01T00:00:00Z,
movies_3042,Q113375067,Night in the Philippines,2006 Nigerian film,2006-01-01T00:00:00Z,
movies_3043,Q113375097,Mr Lecturer,2006 Nigerian film,2006-01-01T00:00:00Z,
movies_3044,Q113375953,Made in Cambridge,2007 Nigerian film,2007-01-01T00:00:00Z,
movies_3045,Q113376009,Life Incidence,2007 Nigerian film,2007-01-01T00:00:00Z,
movies_3046,Q113376057,Last Messiah,2007 Nigerian film,2007-01-01T00:00:00Z,
movies_3047,Q113376407,Hottest Babes,2008 Nigerian Film,2008-01-01T00:00:00Z,
movies_3048,Q113376408,The Call,2019 Nigerian film,2019-01-01T00:00:00Z,
movies_3049,Q113376613,The Liquid Black Gold,2009 Nigerian film,2009-01-01T00:00:00Z,
movies_3050,Q113376888,Naked Girls,2009 Nigerian Film,2009-01-01T00:00:00Z,
movies_3051,Q113376991,Nigerian Girls,2009 Nigerian film,2009-01-01T00:00:00Z,
movies_3052,Q1133772,Napoleon Dynamite,2004 film by Jared Hess,2004-01-17T00:00:00Z,82.0
movies_3053,Q113377305,Ibu in Campus,2011 Nigerian film,2011-01-01T00:00:00Z,
movies_3054,Q113377318,Nkwocha,2011 Nigerian film,2011-01-01T00:00:00Z,
movies_3055,Q113380203,Without Blood,2024 film directed by Angelina Jolie,2024-09-08T00:00:00Z,91.0
movies_3056,Q113380226,The Substance,2024 film directed by Coralie Fargeat,2024-05-19T00:00:00Z,141.0
movies_3057,Q113380380,The Unbreakable Boy,2025 film directed by Jon Gunn,2025-02-21T00:00:00Z,109.0
movies_3058,Q113380641,Abbé Pierre: A Century of Devotion,2023 film directed by Frédéric Tellier,2023-05-26T00:00:00Z,137.0
movies_3059,Q113382725,Sparta,2022 film directed by Ulrich Seidl,2023-05-18T00:00:00Z,101.0
movies_3060,Q113384294,Heart & Soul,2020 Nigerian series film,2020-01-01T00:00:00Z,
movies_3061,Q113388784,The Beast in the Jungle,2023 film directed by Patric Chiha,2023-08-16T00:00:00Z,103.0
movies_3062,Q113391413,Beneath Her Veil,2015 Nigerian film,2015-01-01T00:00:00Z,
movies_3063,Q113392,Infested,2002 film directed by Josh Olson,2002-01-01T00:00:00Z,80.0
movies_3064,Q11339358,Pornostar,1998 film by Toshiaki Toyoda,2000-04-27T00:00:00Z,98.0
movies_3065,Q113396073,Fallen Leaves,2023 film directed by Aki Kaurismäki,2023-05-22T00:00:00Z,81.0
movies_3066,Q113396255,The Unhanged,2022 film by Andrei Alén,2023-01-01T00:00:00Z,90.0
movies_3067,Q11339851,My Normal,2009 film by Irving Schwartz,2009-01-01T00:00:00Z,
movies_3068,Q1133999,Under the Hawthorn Tree,2010 film by Zhang Yimou,2010-09-16T00:00:00Z,114.0
movies_3069,Q1134037,Oskar & Josefine,2005 film by Carsten Myllerup,2005-02-11T00:00:00Z,83.0
movies_3070,Q113407742,Project Wolf Hunting,2022 film directed by Kim Hong-seon,2023-02-15T00:00:00Z,121.0
movies_3071,Q1134134,Post Impact,2004 television film directed by Christoph Schrewe,2004-01-01T00:00:00Z,89.0
movies_3072,Q1134234,Rathinirvedam,2011 film by T. K. Rajeev Kumar,2011-06-16T00:00:00Z,
movies_3073,Q1134271,The Sweetest Thing,2002 film by Roger Kumble,2002-04-12T00:00:00Z,88.0
movies_3074,Q113428,The Profession of Arms,2001 Italian film directed by Ermanno Olmi,2001-01-01T00:00:00Z,100.0
movies_3075,Q1134308,When Eagles Strike,2003 film directed by Cirio H. Santiago,2003-06-11T00:00:00Z,85.0
movies_3076,Q113434807,Something Wicked,2017 Nigerian film directed by Yemi Morafa,2017-01-01T00:00:00Z,
movies_3077,Q113436176,Monday Omo Adugbo,2011 Nigerian film,2011-01-01T00:00:00Z,
movies_3078,Q11343993,The Extraordinary Voyage,2011 film by Serge Bromberg,2011-01-01T00:00:00Z,80.0
movies_3079,Q113443388,Saint Omer,2022 film directed by Alice Diop,2023-01-13T00:00:00Z,122.0
movies_3080,Q113445202,All the Beauty and the Bloodshed,2022 film directed by Laura Poitras,2023-03-15T00:00:00Z,122.0
movies_3081,Q113446383,Ile Afoju,2019 Nigerian film,2019-01-01T00:00:00Z,
movies_3082,Q113446599,Kabiosi,2015 Nigerian film,2015-01-01T00:00:00Z,
movies_3083,Q113446947,Eti keta,2011 Nigerian film,2011-01-01T00:00:00Z,
movies_3084,Q113447481,Kurukuru,2015 Nigerian film,2015-01-01T00:00:00Z,
movies_3085,Q113450354,Adebayo Aremu Abere,2016 Nigerian film,2016-01-01T00:00:00Z,
movies_3086,Q113450610,Posi Wura,2015 Nigerian film,2015-01-01T00:00:00Z,
movies_3087,Q113450748,Ori,2004 Nigerian film,2004-01-01T00:00:00Z,
movies_3088,Q113450802,Gongo aso,2008 Nigerian film,2008-01-01T00:00:00Z,
movies_3089,Q113450817,Gbarada,2019 Nigerian film,2019-01-01T00:00:00Z,
movies_3090,Q113450927,Eyinju Eledumare,2014 Nigerian film,2014-01-01T00:00:00Z,
movies_3091,Q113451132,Omoniyun,2019 Nigerian film,2019-01-01T00:00:00Z,
movies_3092,Q113451206,Igi Owo,2007 Nigerian film,2007-01-01T00:00:00Z,
movies_3093,Q113451298,Amodi,2018 Nigerian film,2018-01-01T00:00:00Z,
movies_3094,Q113451410,Edunjobi,2007 Nigerian film,2007-01-01T00:00:00Z,
movies_3095,Q113451469,Tewe Tegbo,2014 Nigerian film,2014-01-01T00:00:00Z,
movies_3096,Q113451491,Oba Irawo,2007 Nigerian film,2007-01-01T00:00:00Z,
movies_3097,Q113451595,Ija Okan,2006 Nigerian film,2006-01-01T00:00:00Z,
movies_3098,Q113451630,Olugbare,2007 Nigerian film,2007-01-01T00:00:00Z,
movies_3099,Q113453645,Kilebi Olorun,2007 Nigerian film,2007-01-01T00:00:00Z,
movies_3100,Q113453897,Indomie Lomo,2004 Nigerian film,2004-01-01T00:00:00Z,
movies_3101,Q113453918,Kajola,2005 Nigerian film,2005-01-01T00:00:00Z,
movies_3102,Q113453928,Omo Pupa,2008 Nigerian film,2008-01-01T00:00:00Z,
movies_3103,Q113454014,Ise Imole,2009 Nigerian film,2009-01-01T00:00:00Z,
movies_3104,Q113454533,Tibi Tire Laye,2009 Nigerian film,2009-01-01T00:00:00Z,
movies_3105,Q113454602,Olufunmi,2005 Nigerian film,2005-01-01T00:00:00Z,
movies_3106,Q113454644,Kootu Olohun,2007 Nigerian film,2007-01-01T00:00:00Z,
movies_3107,Q113455502,Nkan Adun,2008 Nigerian film,2008-01-01T00:00:00Z,
movies_3108,Q113455537,Modúpẹ́ Tèmi,2008 Nigerian film,2008-01-01T00:00:00Z,
movies_3109,Q113455695,Mentally,2017 Nigerian film,2017-01-01T00:00:00Z,
movies_3110,Q113455734,Last Request,2019 Nigerian film directed by James Abinibi,2019-01-01T00:00:00Z,
movies_3111,Q113456198,Omo Emi,2017 Nigerian film,2017-01-01T00:00:00Z,
movies_3112,Q113456210,You or I,2011 Nigerian film,2011-01-01T00:00:00Z,
movies_3113,Q113456248,Somewhere in the Dark,2019 Nigerian film,2019-01-01T00:00:00Z,
movies_3114,Q113456295,Wetin Women Want,2018 Nigerian film,2018-02-09T00:00:00Z,
movies_3115,Q113456456,Alangba,2017 Nigerian film,2019-01-01T00:00:00Z,
movies_3116,Q113457020,77 Bullets,2019 Nigerian film,2019-01-01T00:00:00Z,
movies_3117,Q113457854,Omo Okun Orun,2004 Nigerian film,2004-01-01T00:00:00Z,
movies_3118,Q113457868,Eeku-ida,2002 Nigerian film,2002-01-01T00:00:00Z,
movies_3119,Q113457939,Oyato,2003 Nigerian film,2003-01-01T00:00:00Z,
movies_3120,Q113457961,Idunu Mi,2007 Nigerian film,2007-01-01T00:00:00Z,
movies_3121,Q113457970,Ota,2007 Nigerian film,2007-01-01T00:00:00Z,
movies_3122,Q113458032,Agbede Meji,2017 Nigerian film,2017-01-01T00:00:00Z,
movies_3123,Q11345817,Yuriko's Aroma,2010 film directed by Kōta Yoshida,2010-01-01T00:00:00Z,74.0
movies_3124,Q113458244,Omo Ole,2009 Nigerian film,2009-01-01T00:00:00Z,
movies_3125,Q113458658,Agbefo,2006 Nigerian film,2006-01-01T00:00:00Z,
movies_3126,Q113458669,Sababi 2,2005 Nigerian film,2005-01-01T00:00:00Z,
movies_3127,Q113458694,Ọkan soso,2004 Nigerian film,2004-01-01T00:00:00Z,
movies_3128,Q113458715,Odu,2007 Nigerian film,2007-01-01T00:00:00Z,
movies_3129,Q113458747,Ekuro,2007 Nigerian film,2007-01-01T00:00:00Z,
movies_3130,Q113458847,Owo Laso Oge,2005 Nigerian film,2005-01-01T00:00:00Z,
movies_3131,Q113458905,One Day All This Will Be Yours,2023 film directed by Andreas Öhman,2023-02-03T00:00:00Z,
movies_3132,Q113458984,Oyinade,2005 Nigerian film,2005-01-01T00:00:00Z,
movies_3133,Q113459004,Egbin Ara,2009 Nigerian film,2009-01-01T00:00:00Z,
movies_3134,Q113459024,Itan,2008 Nigerian film,2008-01-01T00:00:00Z,
movies_3135,Q113459042,Àgbékẹ́,2004 Nigerian film,2004-01-01T00:00:00Z,
movies_3136,Q113459050,Ofin Igbeyawo,2006 Nigerian film,2006-01-01T00:00:00Z,
movies_3137,Q113459076,Enu,2012 Nigerian film,2012-01-01T00:00:00Z,
movies_3138,Q113459104,Àkọ́bí Gómìnà,2002 Nigerian film,2002-01-01T00:00:00Z,
movies_3139,Q113459248,Maku,2007 Nigerian film,2007-01-01T00:00:00Z,
movies_3140,Q113459299,Ija Ola,2009 Nigerian film,2009-01-01T00:00:00Z,
movies_3141,Q113459320,Teni N Teni,2004 Nigerian film,2004-01-01T00:00:00Z,
movies_3142,Q113459332,Gucci Girls,2012 Nigerian film,2012-01-01T00:00:00Z,
movies_3143,Q113459361,Bolode O'ku,2009 Nigerian film,2009-01-01T00:00:00Z,
movies_3144,Q113460196,Fires in the Dark,2020 film directed by Dominique Lienhard,2020-01-01T00:00:00Z,94.0
movies_3145,Q113460295,Alase Aye,2006 Nigerian film,2006-01-01T00:00:00Z,
movies_3146,Q113460379,Aje Meta,2008 Nigerian film,2008-01-01T00:00:00Z,
movies_3147,Q113460409,Akaba,2008 Nigerian film,2008-01-01T00:00:00Z,
movies_3148,Q113460428,Omo Iya Meta Leyi,2009 Nigerian film,2009-01-01T00:00:00Z,
movies_3149,Q113462425,Of an Age,2022 film directed by Goran Stolevski,2023-02-10T00:00:00Z,100.0
movies_3150,Q1134648,Orange,2010 film directed by Bhaskar,2010-01-01T00:00:00Z,162.0
movies_3151,Q113467000,Insidious: The Red Door,2023 film directed by Patrick Wilson,2023-06-27T00:00:00Z,107.0
movies_3152,Q1134677,Magadheera,2009 film directed by S. S. Rajamouli,2009-07-30T00:00:00Z,166.0
movies_3153,Q11347000,The Last Hit Man,2008 film,2008-01-01T00:00:00Z,90.0
movies_3154,Q11347402,Lavender,2000 film by Riley Yip Kam-Hung,2000-01-01T00:00:00Z,
movies_3155,Q11348237,Little Maestra,2012 film,2012-01-01T00:00:00Z,
movies_3156,Q113488690,Love Lies Bleeding,2024 film directed by Rose Glass,2024-01-20T00:00:00Z,104.0
movies_3157,Q113493289,Jawan,2023 film directed by Atlee,2023-09-07T00:00:00Z,167.0
movies_3158,Q113493377,Unreal Boys,2020 film directed by Karl Andersson,2020-10-08T00:00:00Z,36.0
movies_3159,Q113500259,Sweet Home Carolina,2017 film directed by Charlie Vaughn,2017-01-01T00:00:00Z,84.0
movies_3160,Q113504851,Wild Flowers,2022 film directed by Jaime Rosales,2023-08-02T00:00:00Z,107.0
movies_3161,Q113516747,All of Us Strangers,2023 film directed by Andrew Haigh,2023-08-31T00:00:00Z,105.0
movies_3162,Q1135218,Invisible Target,2007 film by Benny Chan,2007-01-01T00:00:00Z,129.0
movies_3163,Q113524284,In the Lost Lands,2025 film directed by Paul W. S. Anderson,2025-03-06T00:00:00Z,
movies_3164,Q1135349,Mohabbatein,2000 film directed by Aditya Chopra,2000-10-27T00:00:00Z,206.0
movies_3165,Q113540650,Christmas on the Coast,2017 American film,2017-12-01T00:00:00Z,92.0
movies_3166,Q113549,Nuovomondo,2006 film by Emanuele Crialese,2006-09-08T00:00:00Z,120.0
movies_3167,Q113549036,Viking,2022 film directed by Stéphane Lafleur,2023-08-02T00:00:00Z,104.0
movies_3168,Q113549047,Riceboy Sleeps,2022 film directed by Anthony Shim,2023-03-17T00:00:00Z,117.0
movies_3169,Q113550154,The Creeps,2025 film by Marko Mäkilaakso,2025-04-11T00:00:00Z,96.0
movies_3170,Q113552087,Fireflies at El Mozote,2023 Salvadoran-American film,2023-01-01T00:00:00Z,
movies_3171,Q113553661,Sisi & I,2023 film directed by Frauke Finsterwalder,2023-03-16T00:00:00Z,132.0
movies_3172,Q1135550,A Chinese Ghost Story,2011 film by Wilson Yip,2011-01-01T00:00:00Z,100.0
movies_3173,Q113556570,Blue Jean,2022 film directed by Georgia Oakley,2023-02-10T00:00:00Z,97.0
movies_3174,Q113560959,I Like Movies,2022 film directed by Chandler Levack,2023-03-10T00:00:00Z,99.0
movies_3175,Q113562964,Rehragout-Rendezvous,2023 film directed by Ed Herzog,2023-01-01T00:00:00Z,97.0
movies_3176,Q113572020,The Listener,2022 film directed by Steve Buscemi,2024-03-29T00:00:00Z,96.0
movies_3177,Q113573567,Swchwrm,2012 film directed by Froukje Tan,2012-01-01T00:00:00Z,
movies_3178,Q113575143,Asphalt Goddess,2020 film directed by Julián Hernández,2020-01-01T00:00:00Z,120.0
movies_3179,Q113586780,Black Hole,2018 film,2018-01-01T00:00:00Z,102.0
movies_3180,Q113588308,Blood Runs Cold,2011 film,2011-12-03T00:00:00Z,
movies_3181,Q11361740,A Lez in Wonderland,2006 film by Anna Margarita Albelo,2006-01-01T00:00:00Z,
movies_3182,Q113621911,Lost Boy,2015 film directed by Tara Miele,2015-01-01T00:00:00Z,88.0
movies_3183,Q11362213,Life Can Be So Wonderful,2007 film by Osamu Minorikawa,2007-01-01T00:00:00Z,70.0
movies_3184,Q113625011,Jailer,2023 Tamil film directed by Nelson Dilipkumar,2023-08-10T00:00:00Z,164.0
movies_3185,Q113625515,Nezouh,2022 film by Soudade Kaadan,2023-06-21T00:00:00Z,103.0
movies_3186,Q113630174,Road House,2024 film directed by Doug Liman,2024-03-08T00:00:00Z,121.0
movies_3187,Q113630185,On a Wing and a Prayer,2023 film directed by Sean McNamara,2023-04-07T00:00:00Z,
movies_3188,Q113632439,100% Coco New York,2019 film directed by Ruud Schuurman,2019-01-01T00:00:00Z,
movies_3189,Q113633105,Valeria Is Getting Married,2023 film directed by Michal Vinik,2023-03-23T00:00:00Z,78.0
movies_3190,Q113635014,Quiz Lady,2023 film directed by Jessica Yu,2023-01-01T00:00:00Z,
movies_3191,Q113638950,Red Sonja,2025 film directed by M. J. Bassett,2025-01-01T00:00:00Z,110.0
movies_3192,Q1136400,Open Your Eyes,1997 film by Alejandro Amenábar,2002-01-24T00:00:00Z,114.0
movies_3193,Q113640307,Korsa,2018 film by Abdellah Ferkous,2018-01-01T00:00:00Z,
movies_3194,Q113645430,Girl You Know It's True,2023 film directed by Simon Verhoeven,2023-01-01T00:00:00Z,124.0
movies_3195,Q113646317,Can't Complain,2008 featurette directed by Simon Borka Otterstål,2008-01-28T00:00:00Z,29.0
movies_3196,Q113650759,Beverly Hills Cop: Axel F,2024 film directed by Mark Molloy,2024-07-03T00:00:00Z,157.0
movies_3197,Q113656221,Whispering Sands,2018 film by Nacer Khemir,2018-04-26T00:00:00Z,
movies_3198,Q113662137,"Luxembourg, Luxembourg",Ukrainian film directed by Antonio Lukich,2023-04-13T00:00:00Z,105.0
movies_3199,Q113668560,The Bikeriders,2023 film by Jeff Nichols,2023-08-31T00:00:00Z,116.0
movies_3200,Q113671585,The Fall Guy,2024 film directed by David Leitch,2024-03-12T00:00:00Z,126.0
movies_3201,Q113674456,Anotherworld,2008 film,2008-01-01T00:00:00Z,109.0
movies_3202,Q113676440,Stolen,2024 film by Elle Márjá Eira,2024-04-12T00:00:00Z,107.0
movies_3203,Q113677881,Lisa Frankenstein,2024 film directed by Zelda Williams,2024-02-08T00:00:00Z,101.0
movies_3204,Q113681891,The Prophet and the Space Aliens,2020 documentary by Yoav Shamir,2020-01-01T00:00:00Z,86.0
movies_3205,Q113685376,In From the Side,2022 film directed by Matt Carter,2023-01-05T00:00:00Z,134.0
movies_3206,Q113685772,Pain Hustlers,2023 film directed by David Yates,2023-10-27T00:00:00Z,122.0
movies_3207,Q113687877,Monocerus - The Mysterious Unicorn,2008 film,2008-01-01T00:00:00Z,100.0
movies_3208,Q1136884,The Waiting List,2000 Cuban film directed by Juan Carlos Tabío,2000-05-13T00:00:00Z,107.0
movies_3209,Q113696198,The Crime Is Mine,2023 film directed by François Ozon,2023-01-21T00:00:00Z,102.0
movies_3210,Q11370556,Rampo Noir,"2005 film by Akio Jissoji, Hisayasu Satō",2005-01-01T00:00:00Z,134.0
movies_3211,Q1137070,Contre-enquête,2007 film by Franck Mancuso,2007-01-01T00:00:00Z,81.0
movies_3212,Q113714300,Moving On,2022 film directed by Paul Weitz,2023-03-17T00:00:00Z,85.0
movies_3213,Q1137236,J. Edgar,2011 film by Clint Eastwood,2011-11-03T00:00:00Z,137.0
movies_3214,Q1137254,Country Strong,2010 film by Shana Feste,2010-11-08T00:00:00Z,117.0
movies_3215,Q113729314,Creatura,2023 film directed by Elena Martín,2023-01-01T00:00:00Z,110.0
movies_3216,Q1137310,Death Proof,2007 film directed by Quentin Tarantino,2007-04-06T00:00:00Z,96.0
movies_3217,Q11373955,The Negotiator: The Movie,film directed by Hidetomo Matsuda,2010-01-01T00:00:00Z,
movies_3218,Q1137543,Jack Brooks: Monster Slayer,2007 film by Jon Knautz,2007-01-01T00:00:00Z,85.0
movies_3219,Q113757659,How to Blow Up a Pipeline,2022 film directed by Daniel Goldhaber,2023-04-07T00:00:00Z,103.0
movies_3220,Q113776597,Women VS Men,film directed by Tahir Mamedov,2015-01-01T00:00:00Z,84.0
movies_3221,Q1137784,My Bloody Valentine 3D,2009 film directed by Patrick Lussier,2009-01-01T00:00:00Z,101.0
movies_3222,Q1137811,Dirty,2005 film directed by Chris Fisher,2005-01-01T00:00:00Z,97.0
movies_3223,Q1137899,Funny People,2009 film by Judd Apatow,2009-07-20T00:00:00Z,146.0
movies_3224,Q1137907,Sydney White,2007 film directed by Joe Nussbaum,2007-01-01T00:00:00Z,90.0
movies_3225,Q1138011,Hollywoodland,2006 film by Allen Coulter,2006-01-01T00:00:00Z,126.0
movies_3226,Q1138083,Love Exposure,2008 film by Sion Sono,2008-01-01T00:00:00Z,237.0
movies_3227,Q1138114,Adrift in Tokyo,2007 film by Satoshi Miki,2007-01-01T00:00:00Z,101.0
movies_3228,Q1138123,Hello Goodbye,2008 film directed by Graham Guit,2008-01-01T00:00:00Z,99.0
movies_3229,Q1138216,Dance of the Dead,2008 film by Gregg Bishop,2008-01-01T00:00:00Z,83.0
movies_3230,Q113827442,Camp Massacre,2014 American film,2014-01-01T00:00:00Z,130.0
movies_3231,Q113836119,Grand Paris,2023 film directed by Martin Jauvat,2023-03-29T00:00:00Z,72.0
movies_3232,Q113841466,Vaincre ou mourir,French drama film directed by Paul Mignot and Vincent Mottez from 2023,2023-01-25T00:00:00Z,95.0
movies_3233,Q1138486,Cyborg She,2008 film by Kwak Jae-yong,2008-01-01T00:00:00Z,120.0
movies_3234,Q11384898,Four Suns,2012 film by Bohdan Sláma,2012-01-01T00:00:00Z,105.0
movies_3235,Q1138510,Always Sanchōme no Yūhi,2005 film by Takashi Yamazaki,2005-11-05T00:00:00Z,133.0
movies_3236,Q113860622,La chimera,2023 film directed by Alice Rohrwacher,2023-05-26T00:00:00Z,130.0
movies_3237,Q1138614,Quarantine,2008 film directed by John Erick Dowdle,2008-01-01T00:00:00Z,89.0
movies_3238,Q1138620,Jackass Number Two,2006 film by Jeff Tremaine,2006-01-01T00:00:00Z,95.0
movies_3239,Q11386448,Oretachi ni Asu wa Naissu,2008 film by Yuki Tanada,2008-01-01T00:00:00Z,
movies_3240,Q113867214,Dies d'agost,2006 film directed by Marc Recha,2006-12-05T00:00:00Z,93.0
movies_3241,Q11387457,I Am,2005 film by Dorota Kędzierzawska,2005-11-04T00:00:00Z,93.0
movies_3242,Q113878612,Dear Grandma,2022 film directed by Jabi Elortegi,2023-12-14T00:00:00Z,100.0
movies_3243,Q11388258,Rain of Light,film directed by Banmei Takahashi,2001-01-01T00:00:00Z,
movies_3244,Q113882866,Her Body,film project directed by Natálie Císařovská,2023-01-01T00:00:00Z,108.0
movies_3245,Q1138876,In Good Company,2004 film by Paul Weitz,2004-12-06T00:00:00Z,106.0
movies_3246,Q1138897,The Monitor,2011 film by Pål Sletaune,2011-03-11T00:00:00Z,96.0
movies_3247,Q1138902,The Goddess of 1967,2000 film by Clara Law,2000-01-01T00:00:00Z,119.0
movies_3248,Q1138916,Crank: High Voltage,"2009 film by Brian Taylor, Mark Neveldine",2009-01-01T00:00:00Z,96.0
movies_3249,Q1139016,When in Rome,2010 film by Mark Steven Johnson,2010-01-27T00:00:00Z,87.0
movies_3250,Q113903713,I Saw the TV Glow,2024 film directed by Jane Schoenbrun,2024-01-18T00:00:00Z,100.0
movies_3251,Q1139072,The Scorpion King 2: Rise of a Warrior,2008 film by Russell Mulcahy,2008-01-01T00:00:00Z,109.0
movies_3252,Q11390744,Venus in Fur,2013 film directed by Roman Polanski,2013-05-25T00:00:00Z,96.0
movies_3253,Q1139094,Turistas,2006 film directed by John Stockwell,2006-12-01T00:00:00Z,89.0
movies_3254,Q1139214,Crazy,2000 film directed by Hans-Christian Schmid,2000-06-08T00:00:00Z,97.0
movies_3255,Q1139236,The Eye,2008 film by David Moreau,2008-01-31T00:00:00Z,98.0
movies_3256,Q1139246,Chasing Destiny,2001 film,2001-01-01T00:00:00Z,91.0
movies_3257,Q1139259,The Class,2008 French film directed by Laurent Cantet,2008-05-24T00:00:00Z,128.0
movies_3258,Q1139265,StreetDance 2,2012 film,2012-01-01T00:00:00Z,85.0
movies_3259,Q1139266,Battle of Los Angeles,2011 film directed by Mark Atkins,2011-01-01T00:00:00Z,92.0
movies_3260,Q1139284,Paranoid Park,2007 film by Gus Van Sant,2007-05-21T00:00:00Z,85.0
movies_3261,Q1139311,George Harrison: Living in the Material World,2011 film by Martin Scorsese,2011-01-01T00:00:00Z,208.0
movies_3262,Q11394785,Borgman,2013 film by Alex van Warmerdam,2013-05-19T00:00:00Z,113.0
movies_3263,Q1139491,12 and Holding,2005 film by Michael Cuesta,2005-09-01T00:00:00Z,94.0
movies_3264,Q113952290,Els encantats,2023 film directed by Elena Trapé,2023-01-01T00:00:00Z,108.0
movies_3265,Q113952414,Subtraction,2022 film directed by Mani Haghighi,2023-04-28T00:00:00Z,107.0
movies_3266,Q1139528,Face,2009 film directed by Tsai Ming-liang,2009-01-01T00:00:00Z,138.0
movies_3267,Q11395479,The Devil's Path,2013 film by Kazuya Shiraishi,2013-09-21T00:00:00Z,128.0
movies_3268,Q1139698,House of Tolerance,2011 film by Bertrand Bonello,2011-05-16T00:00:00Z,122.0
movies_3269,Q1139794,The 40-Year-Old Virgin,2005 film by Judd Apatow,2005-08-11T00:00:00Z,116.0
movies_3270,Q1139801,Date Night,2010 film directed by Shawn Levy,2010-04-06T00:00:00Z,87.0
movies_3271,Q11398239,Sazer-X the Movie,2005 film by Kazuki Ōmori,2005-01-01T00:00:00Z,
movies_3272,Q11398385,Mt. Tsurugidake,2009 film directed by Daisaku Kimura,2009-01-01T00:00:00Z,139.0
movies_3273,Q113987357,Gadar 2,2023 film directed by Anil Sharma,2023-08-11T00:00:00Z,168.0
movies_3274,Q113987828,Brothers,2023 film directed by Tomáš Mašín,2023-10-26T00:00:00Z,135.0
movies_3275,Q113989251,Risto Räppääjä ja villi kone,2023 film directed by Maria Sid,2023-02-17T00:00:00Z,77.0
movies_3276,Q113991017,Paint It Gold,film directed by Rémi Bezançon,2023-08-09T00:00:00Z,95.0
movies_3277,Q113999691,The Black Demon,2023 film directed by Adrian Grünberg,2023-01-01T00:00:00Z,100.0
movies_3278,Q114000249,Maybe I Do,2023 film directed by Michael Jacobs,2023-01-27T00:00:00Z,95.0
movies_3279,Q114000403,One Fast Move,film directed by Kelly Blatz,2024-08-08T00:00:00Z,
movies_3280,Q114000704,Sick of Myself,2022 film directed by Kristoffer Borgli,2023-03-23T00:00:00Z,97.0
movies_3281,Q1140011,Gracie,2007 film by Davis Guggenheim,2007-01-01T00:00:00Z,95.0
movies_3282,Q1140062,Mademoiselle Chambon,2009 film directed by Stéphane Brizé,2009-10-11T00:00:00Z,116.0
movies_3283,Q11400802,Year One in the North,2005 film by Isao Yukisada,2005-01-15T00:00:00Z,170.0
movies_3284,Q114009878,The Birdcatcher,2019 film,2019-01-01T00:00:00Z,100.0
movies_3285,Q114014656,The Teacher Who Promised the Sea,2023 film by Patricia Font,2023-01-01T00:00:00Z,105.0
movies_3286,Q114015090,The House Among the Cactuses,2022 film directed by Carlota González-Adrio,2023-06-15T00:00:00Z,88.0
movies_3287,Q1140257,The Messenger: The Story of Joan of Arc,1999 film by Luc Besson,2000-01-13T00:00:00Z,158.0
movies_3288,Q1140281,Balls,2010 film directed by Josef Fares,2010-01-01T00:00:00Z,94.0
movies_3289,Q1140309,The Path to 9/11,2006 television film directed by David L. Cunningham,2006-01-01T00:00:00Z,240.0
movies_3290,Q114034057,Mukha,film directed by Vladimir Kott,2008-01-01T00:00:00Z,90.0
movies_3291,Q1140365,The Calamari Wrestler,2004 film by Minoru Kawasaki,2004-01-01T00:00:00Z,95.0
movies_3292,Q11404128,Where the North Star Shines Low,2007 film by Seijirō Kōyama,2007-12-22T00:00:00Z,111.0
movies_3293,Q1140439,Finding Forrester,2000 film directed by Gus Van Sant,2000-12-22T00:00:00Z,136.0
movies_3294,Q1140513,The Ballad of Narayama,1983 Japanese film directed by Shōhei Imamura,2018-07-11T00:00:00Z,130.0
movies_3295,Q114056300,Lost Child,2017 film directed by Ramaa Mosley,2017-10-14T00:00:00Z,96.0
movies_3296,Q1140565,Mutants,2009 film by David Morlet,2009-01-31T00:00:00Z,86.0
movies_3297,Q1140605,Rat Race,2001 film by Jerry Zucker,2001-08-17T00:00:00Z,107.0
movies_3298,Q1140607,We Are Family,2010 film by Sidharth Malhotran,2010-09-03T00:00:00Z,115.0
movies_3299,Q114069665,Irish Wish,2024 film directed by Janeen Damian,2024-03-15T00:00:00Z,93.0
movies_3300,Q114073140,The Strangers: Chapter 1,2024 film directed by Renny Harlin,2024-05-15T00:00:00Z,91.0
movies_3301,Q1140738,The Crocodile Hunter: Collision Course,2002 film directed by John Stainton,2002-01-01T00:00:00Z,90.0
movies_3302,Q1140744,Crocodile Dundee in Los Angeles,2001 film directed by Simon Wincer,2001-01-01T00:00:00Z,91.0
movies_3303,Q114076,A Knight's Tale,2001 film by Brian Helgeland,2001-03-08T00:00:00Z,132.0
movies_3304,Q114081248,Maria Into Life,2022 film by Lauriane Escaffre,2023-01-19T00:00:00Z,93.0
movies_3305,Q114087590,The Blackening,2022 film directed by Tim Story,2023-06-16T00:00:00Z,97.0
movies_3306,Q114088541,A Sacrifice,2024 film directed by Jordan Scott,2024-06-28T00:00:00Z,94.0
movies_3307,Q1140906,To the Wonder,2012 film by Terrence Malick,2012-01-01T00:00:00Z,112.0
movies_3308,Q1140935,Shallow Hal,"2001 film by Bobby Farrelly, Peter Farrelly",2001-11-01T00:00:00Z,108.0
movies_3309,Q114095472,Filip,2022 film directed by Michał Kwieciński,2023-11-30T00:00:00Z,125.0
movies_3310,Q114108,Plato's Academy,2009 film directed by Filippos Tsitos,2009-08-13T00:00:00Z,107.0
movies_3311,Q1141111,Bring It On,2000 film directed by Peyton Reed,2000-08-22T00:00:00Z,98.0
movies_3312,Q1141116,The Recruit,2003 film by Roger Donaldson,2003-01-01T00:00:00Z,115.0
movies_3313,Q114130990,The Knocking,2023 horror film by Max Seeck and Joonas Pajunen,2023-11-23T00:00:00Z,92.0
movies_3314,Q114141681,Umro Ayyar - A New Beginning,2024 sci-fi film by Azfar Jafri,2024-06-17T00:00:00Z,
movies_3315,Q1141457,John Q,2002 film directed by Nick Cassavetes,2002-01-01T00:00:00Z,112.0
movies_3316,Q1141481,Faithless,Swedish 2000 film by Liv Ullmann,2000-05-13T00:00:00Z,155.0
movies_3317,Q114151707,Afwaah,2023 film directed by Sudhir Mishra,2023-05-05T00:00:00Z,
movies_3318,Q1141519,The Hills Have Eyes,2006 film directed by Alexandre Aja,2006-03-10T00:00:00Z,105.0
movies_3319,Q1141588,Vexille,2007 film by Fumihiko Sori,2007-01-01T00:00:00Z,109.0
movies_3320,Q1141615,S-21: The Khmer Rouge Killing Machine,2003 documentary film directed by Rithy Panh,2003-01-01T00:00:00Z,101.0
movies_3321,Q1141648,Croupier,1998 film by Mike Hodges,2000-07-28T00:00:00Z,94.0
movies_3322,Q11416665,Kiba Gaiden,2011 film by Keita Amemiya,2011-01-01T00:00:00Z,
movies_3323,Q1141731,Manderlay,2005 film by Lars von Trier,2005-05-16T00:00:00Z,139.0
movies_3324,Q1141811,Crows Zero,2007 Japanese film,2007-10-27T00:00:00Z,125.0
movies_3325,Q1141877,The Legend of Bagger Vance,2000 film by Robert Redford,2000-01-01T00:00:00Z,126.0
movies_3326,Q1141912,Thirteen,2003 film by Catherine Hardwicke,2003-01-17T00:00:00Z,100.0
movies_3327,Q114201306,A través del mar,film directed by Marçal Forés,2023-01-01T00:00:00Z,109.0
movies_3328,Q1142206,Cry Wolf,2005 film directed by Jeff Wadlow,2005-01-01T00:00:00Z,90.0
movies_3329,Q114232000,Unwelcome,film directed by Jon Wright,2023-01-27T00:00:00Z,104.0
movies_3330,Q1142358,Lebanon,2009 film by Samuel Maoz,2009-01-01T00:00:00Z,93.0
movies_3331,Q114240595,Race for Glory: Audi vs. Lancia,2024 film directed by Stefano Mordini,2024-04-11T00:00:00Z,
movies_3332,Q114245238,Stormskerry Maja,Finland Swedish film 2024 directed by Tiina Lymi,2024-01-19T00:00:00Z,163.0
movies_3333,Q114246242,F1,2025 film directed by Joseph Kosinski,2025-01-01T00:00:00Z,155.0
movies_3334,Q114257370,Back on the Strip,2023 film directed by Chris Spencer,2023-08-18T00:00:00Z,
movies_3335,Q114257761,Bottoms,2023 film directed by Emma Seligman,2023-01-01T00:00:00Z,92.0
movies_3336,Q11425900,The Buried Forest,2005 Japanese film directed by Kōhei Oguri,2005-01-01T00:00:00Z,93.0
movies_3337,Q1142799,Rabbit-Proof Fence,2002 film directed by Phillip Noyce,2002-02-04T00:00:00Z,94.0
movies_3338,Q1142950,Lilya 4-ever,2002 film directed by Lukas Moodysson,2002-08-23T00:00:00Z,109.0
movies_3339,Q114309852,Spatial Mistral,2022 film directed by Marc-Antoine Lemire,2023-01-20T00:00:00Z,102.0
movies_3340,Q114314695,Kingdom of the Planet of the Apes,2024 film directed by Wes Ball,2024-05-08T00:00:00Z,145.0
movies_3341,Q114315721,Monster Summer,2024 American film by David Henrie,2024-09-24T00:00:00Z,
movies_3342,Q11432457,Daiteiden no Yoru ni,2005 film by Takashi Minamoto,2005-01-01T00:00:00Z,
movies_3343,Q114325905,The Last Ashes,feature film directed by Loïc Tanson,2023-01-01T00:00:00Z,120.0
movies_3344,Q1143287,Thirteen Conversations About One Thing,2001 film by Jill Sprecher,2001-01-01T00:00:00Z,104.0
movies_3345,Q1143310,Uptown Girls,2003 film by Boaz Yakin,2003-08-15T00:00:00Z,92.0
movies_3346,Q114344937,One Life,2023 film directed by James Hawes,2023-09-09T00:00:00Z,109.0
movies_3347,Q114344999,The End We Start From,2023 film directed by Mahalia Belo,2023-01-01T00:00:00Z,96.0
movies_3348,Q114345051,Kinds of Kindness,2024 film directed by Yorgos Lanthimos,2024-05-17T00:00:00Z,165.0
movies_3349,Q114349256,Birkonna Pritilata,2023 Bengali language film,2023-02-03T00:00:00Z,
movies_3350,Q114352426,Greedy People,2024 film directed by Potsy Ponciroli,2024-01-01T00:00:00Z,113.0
movies_3351,Q114352640,The Old Guard 2,2025 film directed by Victoria Mahoney,2025-07-02T00:00:00Z,104.0
movies_3352,Q114354300,Hui Buh and the Witch's Castle,2022 film directed by Sebastian Niemann,2023-11-09T00:00:00Z,88.0
movies_3353,Q114363820,Ezra,2023 film directed by Tony Goldwyn,2023-09-09T00:00:00Z,100.0
movies_3354,Q114363887,Old Dads,2023 film directed by Bill Burr,2023-10-20T00:00:00Z,104.0
movies_3355,Q114363980,Dr. Cheon and Lost Talisman,2023 South Korean film,2023-09-27T00:00:00Z,98.0
movies_3356,Q114364101,Eric Larue,2023 film directed by Michael Shannon,2023-06-10T00:00:00Z,119.0
movies_3357,Q1143802,Savages,2012 film by Oliver Stone,2012-06-25T00:00:00Z,131.0
movies_3358,Q114391601,Lost & Found,2022 film directed by Jorge Dorado,2023-05-24T00:00:00Z,100.0
movies_3359,Q114397511,No Hard Feelings,2023 film directed by Gene Stupnitsky,2023-06-21T00:00:00Z,90.0
movies_3360,Q114397746,Antiviral,2012 film directed by Brandon Cronenberg,2012-01-01T00:00:00Z,108.0
movies_3361,Q1144055,District 13: Ultimatum,2009 film by Patrick Alessandrin,2009-01-01T00:00:00Z,101.0
movies_3362,Q114414622,Kill Boksoon,2023 South Korean film,2023-02-18T00:00:00Z,137.0
movies_3363,Q1144154,Tell-Tale,2010 film by Michael Cuesta,2010-01-01T00:00:00Z,93.0
movies_3364,Q1144222,Keeping Up with the Steins,2006 comedy film directed by Scott Marshall,2006-05-12T00:00:00Z,99.0
movies_3365,Q1144330,Bienvenue chez les Ch'tis,2008 film directed by Dany Boon,2008-01-17T00:00:00Z,106.0
movies_3366,Q114436651,Northern Comfort,2023 film directed by Hafsteinn Gunnar Sigurðsson,2023-03-12T00:00:00Z,97.0
movies_3367,Q114437078,Hit Man,2023 film directed by Richard Linklater,2023-09-05T00:00:00Z,115.0
movies_3368,Q1144476,Cure,1997 film by Kiyoshi Kurosawa,2001-07-08T00:00:00Z,107.0
movies_3369,Q1144479,Youth in Revolt,2009 film by Miguel Arteta,2009-01-01T00:00:00Z,90.0
movies_3370,Q114450800,Inside,2023 film directed by Vasilis Katsoupis,2023-02-20T00:00:00Z,105.0
movies_3371,Q11446429,The Kunoichi: Ninja Girl,2011 film by Seiji Chiba,2011-01-01T00:00:00Z,65.0
movies_3372,Q11447680,Otoko no Isshō,2014 film by Ryūichi Hiroki,2014-01-01T00:00:00Z,
movies_3373,Q114492769,The Electric State,2025 film directed by Anthony and Joe Russo,2025-03-14T00:00:00Z,128.0
movies_3374,Q1144954,Paranormal Activity 4,"2012 film by Ariel Schulman, Henry Joost",2012-01-01T00:00:00Z,88.0
movies_3375,Q1144967,To Each His Own Cinema,2007 anthology film of 34 short films,2007-05-20T00:00:00Z,100.0
movies_3376,Q1144983,Animal Kingdom,2010 film directed by David Michôd,2010-01-01T00:00:00Z,113.0
movies_3377,Q11451730,Real,2011 film by Kiyoshi Kurosawa,2011-01-08T00:00:00Z,127.0
movies_3378,Q1145275,Windtalkers,2002 American war film on Navajo radio operators in WW II by John Woo,2002-01-01T00:00:00Z,134.0
movies_3379,Q1145506,The Firm,2009 film by Nick Love,2009-01-01T00:00:00Z,87.0
movies_3380,Q114554516,Decibel,2022 film directed by Hwang In-ho,2024-09-26T00:00:00Z,110.0
movies_3381,Q1145740,A Snake of June,2002 film by Shinya Tsukamoto,2002-01-01T00:00:00Z,77.0
movies_3382,Q114582419,A DUEL TALE,2015 film directed by Shigemichi Sugita,2015-11-07T00:00:00Z,
movies_3383,Q1145848,Not Another Teen Movie,2001 film by Joel Gallen,2001-12-07T00:00:00Z,89.0
movies_3384,Q114589148,A Haunting in Venice,2023 film directed by Kenneth Branagh,2023-09-13T00:00:00Z,103.0
movies_3385,Q1146110,"Think Global, Act Rural",2010 film by Coline Serreau,2010-01-01T00:00:00Z,113.0
movies_3386,Q114620212,Pathaan,2023 Indian film by Siddharth Anand,2023-01-25T00:00:00Z,146.0
movies_3387,Q1146246,Veronica Guerin,2003 film by Joel Schumacher,2003-01-01T00:00:00Z,94.0
movies_3388,Q1146296,The Replacements,2000 film by Howard Deutch,2000-01-01T00:00:00Z,118.0
movies_3389,Q1146345,G.I. Joe: Retaliation,2013 film by Jon M. Chu,2013-03-11T00:00:00Z,125.0
movies_3390,Q11464778,Senkaku Rock,2013 film by Hideto Sonoda,2013-06-22T00:00:00Z,60.0
movies_3391,Q1146503,Love & Basketball,2000 film by Gina Prince-Bythewood,2000-04-21T00:00:00Z,124.0
movies_3392,Q1146519,The Slurb,2001 film by Ben Verbong,2001-01-01T00:00:00Z,98.0
movies_3393,Q1146575,A Somewhat Gentle Man,2010 film directed by Hans Petter Moland,2010-09-17T00:00:00Z,111.0
movies_3394,Q114670620,Her Last Will,2016 film directed by Anthony DiBlasi,2016-01-01T00:00:00Z,91.0
movies_3395,Q114670912,Coup de chance,2023 film directed by Woody Allen,2023-09-04T00:00:00Z,96.0
movies_3396,Q114703286,Upon Entry,2022 film directed by Alejandro Rojas and Juan Sebastián Vásquez,2024-05-01T00:00:00Z,74.0
movies_3397,Q1147079,Ramona and Beezus,2010 film directed by Elizabeth Allan,2010-01-01T00:00:00Z,104.0
movies_3398,Q114708739,Flores negras,2009 film directed by David Carreras,2009-01-01T00:00:00Z,108.0
movies_3399,Q114713458,Yaariyan 2,2023 film by Vinay & Radhika,2023-10-20T00:00:00Z,148.0
movies_3400,Q114725240,The Hummingbird,2022 film directed by Francesca Archibugi,2023-07-01T00:00:00Z,126.0
movies_3401,Q114730010,Fathers and Mothers,2022 film directed by Paprika Steen,2023-02-14T00:00:00Z,97.0
movies_3402,Q114737570,Deadstream,2022 film directed by Vanessa Winter and Joseph Winter,2023-12-21T00:00:00Z,87.0
movies_3403,Q114740513,Dumb Money,2023 film by Craig Gillespie,2023-01-01T00:00:00Z,105.0
movies_3404,Q114754068,True Haunting,2023 film,2023-01-06T00:00:00Z,
movies_3405,Q114766504,Merchants of the Wild,documentary tv series directed by Daniel Fortin,2019-02-22T00:00:00Z,
movies_3406,Q1147689,The Grey,2011 film by Joe Carnahan,2011-12-11T00:00:00Z,117.0
movies_3407,Q114797123,The Heiress,2009 Greek comedy film directed by Panagiotis Fafoutis,2009-12-10T00:00:00Z,94.0
movies_3408,Q114798301,Book Club: The Next Chapter,2023 film by Bill Holderman,2023-05-11T00:00:00Z,108.0
movies_3409,Q114802043,The Conjuring: Last Rites,2025 horror film directed by Michael Chaves,2025-09-04T00:00:00Z,135.0
movies_3410,Q11480962,Teiichi no Kuni,a 2017 film directed by Akira Nagai,2017-01-01T00:00:00Z,
movies_3411,Q11481561,A Carne é Fraca,2005 film,2005-01-01T00:00:00Z,54.0
movies_3412,Q1148157,Goebbels und Geduldig,2001 film by Kai Wessel,2001-01-01T00:00:00Z,90.0
movies_3413,Q114817050,Wicked: For Good,2025 film directed by Jon M. Chu,2025-11-04T00:00:00Z,137.0
movies_3414,Q1148185,Cypher,2002 film directed by Vincenzo Natali,2002-01-01T00:00:00Z,95.0
movies_3415,Q114818951,The Equalizer 3,2023 film directed by Antoine Fuqua,2023-08-31T00:00:00Z,109.0
movies_3416,Q11482037,Agujeros en el cielo,2004 film by Pedro Mari Santos,2004-01-09T00:00:00Z,84.0
movies_3417,Q114828128,Divertimento,2022 film directed by Marie-Castille Mention-Schaar,2023-01-25T00:00:00Z,110.0
movies_3418,Q114841148,What they call love,2015 film by Carlos César Arbeláez,2015-01-01T00:00:00Z,90.0
movies_3419,Q114843114,Fast Charlie,2023 film directed by Phillip Noyce,2023-10-07T00:00:00Z,
movies_3420,Q1148499,Stealth,2005 film by Rob Cohen,2005-01-01T00:00:00Z,116.0
movies_3421,Q114870304,Starve Acre,2023 film by Daniel Kokotajlo,2024-09-02T00:00:00Z,98.0
movies_3422,Q1148704,The Naked Brothers Band: The Movie,2005 film by Polly Draper,2005-01-01T00:00:00Z,84.0
movies_3423,Q114876737,Red One,2024 film directed by Jake Kasdan,2024-11-07T00:00:00Z,102.0
movies_3424,Q114901506,The Iron Claw,2023 film directed by Sean Durkin,2024-01-24T00:00:00Z,132.0
movies_3425,Q11490649,Sword of Desperation,2010 film by Hideyuki Hirayama,2010-07-10T00:00:00Z,114.0
movies_3426,Q11491842,Old Master Q 2001,2001 film by Herman Yau,2001-01-01T00:00:00Z,104.0
movies_3427,Q1149253,The Idol,2002 film by Samantha Lang,2002-01-01T00:00:00Z,106.0
movies_3428,Q11492725,The Mourner,2015 film by Yukihiko Tsutsumi,2015-01-01T00:00:00Z,
movies_3429,Q1149368,Tortilla Soup,2001 film by María Ripoll,2001-01-01T00:00:00Z,104.0
movies_3430,Q1149717,When the Lights Went Out,2012 film by Pat Holden,2012-01-01T00:00:00Z,86.0
movies_3431,Q1149916,The Widow of Saint-Pierre,2000 film by Patrice Leconte,2000-01-01T00:00:00Z,108.0
movies_3432,Q114992967,Distancia,Peruvian movie,2020-08-29T00:00:00Z,
movies_3433,Q115010349,The Idea of You,2024 film directed by Michael Showalter,2024-03-16T00:00:00Z,115.0
movies_3434,Q11501089,Fantasia,2004 film by Wai Ka-Fai,2004-01-01T00:00:00Z,
movies_3435,Q11504814,"Puerta de Hierro, el exilio de Perón",2012 Argentine film directed by Víctor Laplace,2012-01-01T00:00:00Z,100.0
movies_3436,Q1150496,Textiles,2004 film directed by Franck Landron,2004-01-01T00:00:00Z,92.0
movies_3437,Q115053037,Godzilla Minus One,2023 film directed by Takashi Yamazaki,2024-01-17T00:00:00Z,125.0
movies_3438,Q115056225,Isaac,2020 film directed by Ángeles Hernández and David Matamoros,2020-01-01T00:00:00Z,80.0
movies_3439,Q115057826,Fly Me to the Moon,2024 film by Greg Berlanti,2024-07-11T00:00:00Z,
movies_3440,Q115063248,The Big Rescue,2009 film,2009-09-18T00:00:00Z,78.0
movies_3441,Q1150713,Summer of Sam,1999 film directed by Spike Lee,2000-01-14T00:00:00Z,136.0
movies_3442,Q11507965,Gunde Jaari Gallanthayyinde,2013 film,2013-01-01T00:00:00Z,149.0
movies_3443,Q1150919,Always Zoku Sanchōme no Yūhi,2007 film by Takashi Yamazaki,2007-11-03T00:00:00Z,146.0
movies_3444,Q1150930,Ironclad,2011 film directed by Jonathan English,2011-03-04T00:00:00Z,121.0
movies_3445,Q115115152,Priscilla,2023 film by Sofia Coppola,2024-01-04T00:00:00Z,113.0
movies_3446,Q1151211,"The Cop, the Criminal and the Clown",2004 film by Alain Zaloum,2004-01-01T00:00:00Z,90.0
movies_3447,Q11513332,Haru's Journey,2010 film directed by Masahiro Kobayashi,2010-05-22T00:00:00Z,134.0
movies_3448,Q1151515,Nana 2,2006 film by Kentarō Ōtani,2006-12-09T00:00:00Z,113.0
movies_3449,Q11515581,The Last Supper,2004 film,2005-02-12T00:00:00Z,
movies_3450,Q115157857,Hamoun's Night,independent Iranian film,2020-07-10T00:00:00Z,
movies_3451,Q115175910,Megalopolis,2024 American film by Francis Ford Coppola,2024-05-17T00:00:00Z,138.0
movies_3452,Q11519254,Time to Die,2007 film by Dorota Kędzierzawska,2007-10-19T00:00:00Z,104.0
movies_3453,Q1151947,The Life Aquatic with Steve Zissou,2004 film by Wes Anderson,2004-01-01T00:00:00Z,119.0
movies_3454,Q115206625,Emmanuelle Through Time: Emmanuelle's Sexy Bite,2011 film by Rolfe Kanefsky,2011-11-07T00:00:00Z,
movies_3455,Q11524787,Tokyo Family,2013 film by Yōji Yamada,2013-01-19T00:00:00Z,146.0
movies_3456,Q1152485,Shinjuku Incident,2009 film by Derek Yee,2009-01-01T00:00:00Z,119.0
movies_3457,Q115252362,A Tale of Two Thieves,British film,2014-01-01T00:00:00Z,72.0
movies_3458,Q115253043,Suck it Up Buttercup,2014 film directed by Malindi Fickle,2014-01-01T00:00:00Z,87.0
movies_3459,Q115254112,Guest from the Future,2024 film directed by Alexander Andryuschenko,2024-04-18T00:00:00Z,142.0
movies_3460,Q115269607,Club Zero,2023 film directed by Jessica Hausner,2024-01-11T00:00:00Z,110.0
movies_3461,Q115270931,Wrongfully Accused,2019 film directed by Michael Feifer,2019-01-01T00:00:00Z,82.0
movies_3462,Q115272577,La Garde,2014 film directed by Sylvain Archambault,2014-04-02T00:00:00Z,
movies_3463,Q115283311,The Roundup: Punishment,2024 South Korean crime action film,2024-02-23T00:00:00Z,109.0
movies_3464,Q115323918,Humpback Whales,2015 film directed by Greg MacGillivray,2015-01-01T00:00:00Z,
movies_3465,Q11533494,The World of Kanako,2014 film by Tetsuya Nakashima,2014-06-27T00:00:00Z,118.0
movies_3466,Q1153431,Sukiyaki Western Django,2007 film directed by Takashi Miike,2007-01-01T00:00:00Z,98.0
movies_3467,Q1153451,This Very Moment,2003 film by Christoph Hochhäusler,2003-01-01T00:00:00Z,87.0
movies_3468,Q1153505,The Damned United,2009 film,2009-01-01T00:00:00Z,98.0
movies_3469,Q1153586,The Terminators,2009 film directed by Xavier S. Puslowski,2009-01-01T00:00:00Z,90.0
movies_3470,Q1153605,I Come with the Rain,2009 film by Tran Anh Hung,2009-01-01T00:00:00Z,114.0
movies_3471,Q115367024,May December,2023 film by Todd Haynes,2024-01-04T00:00:00Z,113.0
movies_3472,Q1153792,Stuck,2007 film by Stuart Gordon,2007-01-01T00:00:00Z,85.0
movies_3473,Q115380,Ichi,2008 film by Fumihiko Sori,2008-01-01T00:00:00Z,120.0
movies_3474,Q115385,Il Divo,2008 film directed by Paolo Sorrentino,2008-05-23T00:00:00Z,110.0
movies_3475,Q115394,Dying Breed,2008 film,2008-01-01T00:00:00Z,92.0
movies_3476,Q115405596,Rich Flu,2024 film directed by Galder Gaztelu-Urrutia,2024-10-06T00:00:00Z,106.0
movies_3477,Q115406426,Two Strangers Who Meet Five Times,2023 film directed by Marcus Markou,2017-12-02T00:00:00Z,12.0
movies_3478,Q11540987,Tsubaki Sanjuro,2007 film by Yoshimitsu Morita,2007-01-01T00:00:00Z,
movies_3479,Q1154108,4:44 Last Day on Earth,2011 film by Abel Ferrara,2011-01-01T00:00:00Z,100.0
movies_3480,Q1154156,Comedy of Innocence,2000 film directed by Raúl Ruiz,2000-09-01T00:00:00Z,100.0
movies_3481,Q115424373,Thanaha,2018 film by Prakash Kunjhan Moorayil,2018-11-02T00:00:00Z,122.0
movies_3482,Q115431079,The Dentist,2020 film,2020-06-27T00:00:00Z,7.0
movies_3483,Q115454224,Serf 2,2023 film directed by Klim Shipenko,2024-01-01T00:00:00Z,119.0
movies_3484,Q11546925,Love Ghost,2001 film,2001-01-01T00:00:00Z,95.0
movies_3485,Q115474889,Atlas,2024 film directed by Brad Peyton,2024-05-24T00:00:00Z,120.0
movies_3486,Q115475553,Nightbitch,2024 film directed by Marielle Heller,2024-09-07T00:00:00Z,98.0
movies_3487,Q115478009,Lights Out,2024 film directed by Christian Sesma,2024-02-16T00:00:00Z,
movies_3488,Q115478286,Parallel,2024 film directed by Kourosh Ahari,2024-02-23T00:00:00Z,
movies_3489,Q115478490,Winner,2024 film by Susanna Fogel,2024-01-20T00:00:00Z,103.0
movies_3490,Q1154789,Fifty Pills,2006 film by Theo Avgerinos,2006-01-01T00:00:00Z,85.0
movies_3491,Q1154898,Deepwater,2005 film directed by David S. Marfield,2005-01-01T00:00:00Z,93.0
movies_3492,Q115494676,The Pod Generation,2023 film directed by Sophie Barthes,2024-01-11T00:00:00Z,109.0
movies_3493,Q11550375,The Eternal Zero,2013 film by Takashi Yamazaki,2013-12-21T00:00:00Z,137.0
movies_3494,Q115516638,Wicked Little Letters,2023 film directed by Thea Sharrock,2024-02-23T00:00:00Z,102.0
movies_3495,Q115517575,Rave,Swedish film from 2020,2020-01-01T00:00:00Z,
movies_3496,Q115517901,My Mother's Wedding,2023 film directed by Kristin Scott Thomas,2025-08-08T00:00:00Z,95.0
movies_3497,Q1155354,Shuttle,2008 film,2008-01-01T00:00:00Z,107.0
movies_3498,Q1155695,The Grandmaster,2013 film by Wong Kar-Wai,2013-01-08T00:00:00Z,130.0
movies_3499,Q1155811,K3 en het Magische Medaillon,2004 film by Indra Siera,2004-01-01T00:00:00Z,
movies_3500,Q11559467,Lakeboat,2000 film by Joe Mantegna,2000-01-01T00:00:00Z,98.0
movies_3501,Q115597,World's Greatest Dad,2009 film by Bobcat Goldthwait,2009-08-21T00:00:00Z,99.0
movies_3502,Q1156078,Half Nelson,2006 film directed by Ryan Fleck,2006-01-23T00:00:00Z,106.0
movies_3503,Q1156089,Soul Surfer,2011 film directed by Sean McNamara,2011-04-08T00:00:00Z,106.0
movies_3504,Q115608955,Aj Zombies!,Peruvian film 2017,2017-01-01T00:00:00Z,80.0
movies_3505,Q11561457,The Kiyosu Conference,2013 Japanese film directed by Kōki Mitani,2013-08-28T00:00:00Z,138.0
movies_3506,Q115616116,Blitz,2024 film directed by Steve McQueen,2024-10-09T00:00:00Z,114.0
movies_3507,Q11561725,The Locker 2,film directed by Kei Horie,2004-01-01T00:00:00Z,
movies_3508,Q115624081,The Book of Clarence,2023 film directed by Jeymes Samuel,2024-01-12T00:00:00Z,129.0
movies_3509,Q115631553,Magazine Dreams,2023 film by Elijah Bynum,2025-03-21T00:00:00Z,
movies_3510,Q1156365,Hollow City,2004 film directed by Maria João Ganga,2004-01-01T00:00:00Z,90.0
movies_3511,Q1156495,Welcome to the Rileys,2010 film by Jake Scott,2010-01-01T00:00:00Z,110.0
movies_3512,Q115650548,The Christmas Calendar,2017 film directed by Allan Harmon,2017-01-01T00:00:00Z,83.0
movies_3513,Q115652319,Merry Christmas,2020 film directed by Henrik Martin Dahlsbakken,2020-10-30T00:00:00Z,90.0
movies_3514,Q1156530,The Ringer,2005 film by Barry W. Blaustein,2005-01-01T00:00:00Z,94.0
movies_3515,Q1156615,Mysterium Occupation,2004 film directed by Andrey Kudzinenka,2004-01-01T00:00:00Z,90.0
movies_3516,Q1156648,Friday Night Lights,2004 film by Peter Berg,2004-10-06T00:00:00Z,113.0
movies_3517,Q1156694,Long Dark Night,2004 film by Antun Vrdoljak,2004-03-07T00:00:00Z,194.0
movies_3518,Q115676246,Convict,2014 film directed by George Basha,2014-01-01T00:00:00Z,110.0
movies_3519,Q1156769,Suicide Club,2001 film by Sion Sono,2001-01-01T00:00:00Z,99.0
movies_3520,Q115679705,Christmas in the Heartland,2017 film directed by Harvey Lowry,2017-01-01T00:00:00Z,112.0
movies_3521,Q1156830,Diary of a Wimpy Kid: Rodrick Rules,2011 film by David Bowers,2011-01-01T00:00:00Z,100.0
movies_3522,Q115686,Forbidden Fruit,2009 Finnish film directed by Dome Karukoski,2009-02-13T00:00:00Z,103.0
movies_3523,Q115691326,Just Like in the Movies,2015 film directed by Gonzalo Ladines,2015-01-01T00:00:00Z,95.0
movies_3524,Q1156971,Daddy and Them,2001 film by Billy Bob Thornton,2001-01-01T00:00:00Z,97.0
movies_3525,Q1156977,Daddy's Little Girls,2007 film by Tyler Perry,2007-01-01T00:00:00Z,95.0
movies_3526,Q115697972,The Nana Project,2023 film by Robin Givens,2024-09-10T00:00:00Z,
movies_3527,Q1157039,Dad’s Dead,2006 film by Christopher Schier,2006-01-01T00:00:00Z,37.0
movies_3528,Q115705869,A poeta analfabeta,2020 film directed by Sonia Méndez,2020-11-12T00:00:00Z,71.0
movies_3529,Q115706415,Kumek,2020 film directed by Dario Juričan,2020-11-22T00:00:00Z,84.0
movies_3530,Q115707175,The Lost Boys,2023 film directed by Zeno Graton,2024-01-15T00:00:00Z,83.0
movies_3531,Q115707860,Cash Out,2024 film directed by Randall Emmett,2024-03-21T00:00:00Z,90.0
movies_3532,Q1157117,Remembrance,2011 film directed by Anna Justice,2011-01-01T00:00:00Z,105.0
movies_3533,Q11571246,The Inugamis,2006 film by Kon Ichikawa,2006-01-01T00:00:00Z,134.0
movies_3534,Q1157177,Evil Aliens,2005 film by Jake West,2005-01-01T00:00:00Z,90.0
movies_3535,Q115730135,The Restoration,2020 Peruvian comedy film directed by Alonso Llosa,2020-01-01T00:00:00Z,94.0
movies_3536,Q11573118,The Boy Inside,2012 film by Tetsu Maeda,2012-09-22T00:00:00Z,84.0
movies_3537,Q1157372,Dagon,2001 film by Stuart Gordon,2001-01-01T00:00:00Z,95.0
movies_3538,Q115743067,The world is broken down into facts,2011 Romanian film,2011-12-08T00:00:00Z,
movies_3539,Q11574347,Isn't Anyone Alive?,2012 film by Gakuryū Ishii,2012-01-01T00:00:00Z,113.0
movies_3540,Q115746231,After Louie,2017 film by Vincent Gagliostro,2017-01-01T00:00:00Z,
movies_3541,Q115749,Hello Stranger,2010 film by Banjong Pisanthanakun,2010-01-01T00:00:00Z,130.0
movies_3542,Q1157491,Dahmer,2002 film by David Jacobson,2002-01-01T00:00:00Z,101.0
movies_3543,Q115756264,12 Pups of Christmas,2019 film directed by Michael Feifer,2019-01-01T00:00:00Z,85.0
movies_3544,Q115760,Catwoman,2004 film directed by Pitof,2004-01-01T00:00:00Z,104.0
movies_3545,Q115766625,The Beekeeper,2024 film directed by David Ayer,2024-01-11T00:00:00Z,105.0
movies_3546,Q115774787,The 47,2024 film directed by Marcel Barrena,2024-09-06T00:00:00Z,110.0
movies_3547,Q115776,The Mad,2007 film by John Kalangis,2007-01-01T00:00:00Z,80.0
movies_3548,Q115776420,Una comedia macabra,2017 Peruvian comedy horror film directed by Sandro Ventura,2017-01-01T00:00:00Z,91.0
movies_3549,Q115778678,Between the Moon and Montevideo,2000 film by Attila Bertalan,2000-07-13T00:00:00Z,
movies_3550,Q1157789,Dalai Lama Renaissance,2007 film by Khashyar Darvich,2007-01-01T00:00:00Z,81.0
movies_3551,Q115778970,Citizen of a Kind,2024 film directed by Park Young-ju,2024-01-24T00:00:00Z,114.0
movies_3552,Q115780498,Model for Murder: The Centerfold Killer,2016 American movie,2016-06-21T00:00:00Z,
movies_3553,Q115789958,Gladiator II,2024 film directed by Ridley Scott,2024-11-13T00:00:00Z,148.0
movies_3554,Q115793954,Inside Four Walls,2015 film by Sini Lehtomäki,2015-06-01T00:00:00Z,41.0
movies_3555,Q115802643,Destiny Has No Favorites,2003 Peruvian film,2003-01-01T00:00:00Z,90.0
movies_3556,Q115802711,Sight,Film by Andrew Hyatt,2024-05-24T00:00:00Z,
movies_3557,Q115803623,Until My Mother-in-Law Separates Us,2016 Peruvian comedy film directed by Carlitos Landeo,2016-01-01T00:00:00Z,93.0
movies_3558,Q115804212,Is He My Girlfriend?,2019 Peruvian comedy film directed by Coco Bravo & Edwin Sierra,2019-01-01T00:00:00Z,100.0
movies_3559,Q115804316,House of Spoils,2024 horror film directed by Bridget Savage Cole and Danielle Krudy,2024-09-21T00:00:00Z,101.0
movies_3560,Q115804585,Absolute Dominion,2025 film directed by Lexi Alexander,2025-05-09T00:00:00Z,
movies_3561,Q115804693,Bleed. Scream. Beat!,2017 Peruvian film,2017-01-01T00:00:00Z,
movies_3562,Q115804754,Longing,2024 film directed by Savi Gabizon,2024-06-07T00:00:00Z,111.0
movies_3563,Q115804772,Dream Scenario,2023 film directed by Kristoffer Borgli,2024-01-01T00:00:00Z,100.0
movies_3564,Q115804877,Freaky Tales,2024 film directed by Anna Boden and Ryan Fleck,2024-01-18T00:00:00Z,107.0
movies_3565,Q115804896,Margarita 2,2018 Peruvian film,2018-01-01T00:00:00Z,98.0
movies_3566,Q115804973,The Solar System,2017 Peruvian-Spanish comedy-drama film directed by Bacha Caravedo & Chinón Higashionna,2017-01-01T00:00:00Z,95.0
movies_3567,Q115805098,Gemelos sin cura,2017 Peruvian comedy film directed by Carlos Landeo,2017-01-01T00:00:00Z,97.0
movies_3568,Q115805300,Unexpectedly Expecting,2021 Peruvian comedy film directed by Eduardo Mendoza de Echave,2020-01-01T00:00:00Z,98.0
movies_3569,Q115805331,Timestalker,2024 film directed by Alice Lowe,2024-03-08T00:00:00Z,96.0
movies_3570,Q115805392,The Alto Knights,2025 film directed by Barry Levinson,2025-03-21T00:00:00Z,123.0
movies_3571,Q115805531,Super Condor,2015 Peruvian film,2015-01-01T00:00:00Z,82.0
movies_3572,Q11580665,One Million Yen Girl,2008 film by Yuki Tanada,2008-01-01T00:00:00Z,121.0
movies_3573,Q115812690,The Art of Sin,Sudanese LGBT film,2020-01-01T00:00:00Z,59.0
movies_3574,Q11582956,Last Operations Under the Orion,2009 film by Tetsuo Shinohara,2009-01-01T00:00:00Z,
movies_3575,Q11584725,A Dream Comes True,2009 film directed by Jang Yong-woo,2009-12-10T00:00:00Z,
movies_3576,Q115857642,Wik,2016 Peruvian film,2016-01-01T00:00:00Z,80.0
movies_3577,Q115859045,Afraid,2024 film directed by Chris Weitz,2024-08-29T00:00:00Z,
movies_3578,Q115859490,Sonic the Hedgehog 3,2024 film directed by Jeff Fowler,2024-12-20T00:00:00Z,110.0
movies_3579,Q115860236,The Ministry of Ungentlemanly Warfare,2024 film directed by Guy Ritchie,2024-04-18T00:00:00Z,119.0
movies_3580,Q115863234,Destination Moscow,2003 film directed by Jo Strømgren and Runar Hodne,2003-09-19T00:00:00Z,
movies_3581,Q115866950,Pavements,2024 film directed by Alex Ross Perry,2024-09-04T00:00:00Z,
movies_3582,Q115890,A Werewolf Boy,2012 film directed by Jo Sung-hee,2012-01-01T00:00:00Z,122.0
movies_3583,Q11590729,Prodigy,2007 film directed by Kōji Hagiuda,2007-01-01T00:00:00Z,
movies_3584,Q115917655,Carry-On,film directed by Jaume Collet-Serra,2024-12-13T00:00:00Z,119.0
movies_3585,Q115917763,Once machos 2,2019 Peruvian sports comedy film directed by Aldo Miyashiro,2019-01-01T00:00:00Z,
movies_3586,Q1159199,Dan in Real Life,2007 film directed by Peter Hedges,2007-01-01T00:00:00Z,99.0
movies_3587,Q115921491,Sommerhuset,2008 film directed by Ole Giæver,2008-02-22T00:00:00Z,55.0
movies_3588,Q115925854,Recontraloca,2019 Peruvian comedy film directed by Giovanni Ciccia,2019-01-01T00:00:00Z,90.0
movies_3589,Q115929234,Winter Spring Summer or Fall,2024 film by Tiffany Paulsen,2024-06-06T00:00:00Z,97.0
movies_3590,Q11593,The Last Airbender,2010 film directed by M. Night Shyamalan,2010-01-01T00:00:00Z,99.0
movies_3591,Q115931717,Wake Up Dead Man,2025 film directed by Rian Johnson,2025-09-06T00:00:00Z,144.0
movies_3592,Q115932544,Alien: Romulus,2024 film directed by Fede Álvarez,2024-08-15T00:00:00Z,119.0
movies_3593,Q115932556,Twisters,2024 film directed by Lee Isaac Chung,2024-07-11T00:00:00Z,122.0
movies_3594,Q115939694,My Worst Wedding,2016 Peruvian comedy film directed by Adolfo Aguilar,2016-01-01T00:00:00Z,95.0
movies_3595,Q115939924,"Oh, quina joia!",2016 film directed by Ventura Pons,2016-01-01T00:00:00Z,90.0
movies_3596,Q115945757,Welcome to Gomorrahland,2017 film directed by I Ditelo voi,2017-03-09T00:00:00Z,97.0
movies_3597,Q115945804,Emergency,2025 film directed by Kangana Ranaut,2025-01-17T00:00:00Z,
movies_3598,Q11594619,The Year of the Wolf,2007 film by Olli Saarela,2007-01-26T00:00:00Z,95.0
movies_3599,Q115953030,Haram,2014 film directed by Ulrik Imtiaz Rolfsen,2014-10-03T00:00:00Z,
movies_3600,Q11597591,The Choice of Hercules,2002 film by Masato Harada,2002-01-01T00:00:00Z,
movies_3601,Q1159835,Daniel – Der Zauberer,2004 film by Ulli Lommel,2004-01-01T00:00:00Z,78.0
movies_3602,Q115993,"Tomorrow, When the War Began",2010 film by Stuart Beattie,2010-01-01T00:00:00Z,100.0
movies_3603,Q115993222,The Zone of Interest,2023 historical drama film by Jonathan Glazer,2024-01-11T00:00:00Z,105.0
movies_3604,Q116004008,Adultland,2019 film by Todd Wolfe,2019-01-01T00:00:00Z,
movies_3605,Q116006544,The Palace,2010 short film by Ruud Satijn,2010-01-01T00:00:00Z,10.0
movies_3606,Q1160173,The Wilde Girls,2001 film directed by Del Shores,2001-11-04T00:00:00Z,95.0
movies_3607,Q11602165,Young & Beautiful,2013 film by François Ozon,2013-05-16T00:00:00Z,94.0
movies_3608,Q116025865,Past Lives,2023 film by Celine Song,2024-01-11T00:00:00Z,106.0
movies_3609,Q116026065,Knyckertz & snutjakten,2023 film directed by Leif Lindblom,2025-12-31T00:00:00Z,91.0
movies_3610,Q116027468,Miller's Girl,2024 film by Jade Halley Bartlett,2024-01-11T00:00:00Z,93.0
movies_3611,Q116029515,Absolution,2024 film directed by Hans Petter Moland,2024-11-01T00:00:00Z,112.0
movies_3612,Q116030637,Nickel Boys,2024 film directed by RaMell Ross,2024-08-30T00:00:00Z,140.0
movies_3613,Q116032513,Freud's Last Session,2023 film directed by Matt Brown,2024-12-19T00:00:00Z,108.0
movies_3614,Q116032682,MaXXXine,2024 film by Ti West,2024-07-05T00:00:00Z,103.0
movies_3615,Q116033451,Fatma,2002 film by Khaled Ghorbal,2002-01-01T00:00:00Z,124.0
movies_3616,Q116044657,El Abuelo,2017 film directed by Gustavo Saavedra,2018-01-01T00:00:00Z,99.0
movies_3617,Q116051269,Havana Kyrie,2019 film directed by Paolo Consorti,2019-01-01T00:00:00Z,100.0
movies_3618,Q11605131,Over the Border,2006 South Korean film directed by Ahn Pan-seok,2006-05-04T00:00:00Z,109.0
movies_3619,Q116051323,Never Forever,2019 film directed by Fabio Massa,2020-09-24T00:00:00Z,100.0
movies_3620,Q116051566,Do It or Shut Up,2019 film directed by Iura Luncașu,2019-03-15T00:00:00Z,
movies_3621,Q116054476,Honey Bee,2018 film,2018-12-01T00:00:00Z,93.0
movies_3622,Q116055747,The Senior,2023 film directed by Rod Lurie,2025-09-19T00:00:00Z,
movies_3623,Q116059419,Magic Mountains,2020 film directed by Urszula Antoniak,2020-01-01T00:00:00Z,81.0
movies_3624,Q116060384,The Moss,2008 film directed by Derek Kwok,2008-05-29T00:00:00Z,
movies_3625,Q116060672,Front Page Midgets,2018 film directed by Milorad Milinković,2018-01-17T00:00:00Z,95.0
movies_3626,Q11608679,A Beautiful Star,2017 film by Daihachi Yoshida,2017-05-26T00:00:00Z,127.0
movies_3627,Q116117399,Summer Is Over,2016 film directed by Radu Potcoavă,2016-01-01T00:00:00Z,99.0
movies_3628,Q11613749,The Great Passage,2013 film by Yuya Ishii,2013-03-25T00:00:00Z,
movies_3629,Q116141839,Kalak,film directed by Isabella Eklöf,2024-03-07T00:00:00Z,125.0
movies_3630,Q116141854,Mr. Freeman,2022 film directed by Mads Matthiesen,2024-01-11T00:00:00Z,93.0
movies_3631,Q11614318,A Castle in Italy,2013 film,2013-05-20T00:00:00Z,104.0
movies_3632,Q1161435,Made in Hungaria,2009 film directed by Gergely Fonyo,2009-01-01T00:00:00Z,109.0
movies_3633,Q116152472,A Difficult Year,2023 film directed by Éric Toledano and Olivier Nakache,2024-03-08T00:00:00Z,120.0
movies_3634,Q116158209,Main Atal Hoon,2024 Indian film,2024-01-19T00:00:00Z,
movies_3635,Q116171,Grbavica,2006 film by Jasmila Žbanić,2006-01-01T00:00:00Z,107.0
movies_3636,Q116171325,Subservience,2024 film directed by S.K. Dale,2024-09-13T00:00:00Z,
movies_3637,Q1161718,Feast II: Sloppy Seconds,2008 film by John Gulager,2008-01-01T00:00:00Z,97.0
movies_3638,Q116172596,Brunch hos Kristin Kaspersen,Swedish film,2019-01-01T00:00:00Z,
movies_3639,Q116172721,Ingen lyssnar,Swedish film,2019-01-01T00:00:00Z,
movies_3640,Q116172809,Sorry Not Sorry,Swedish film,2019-01-01T00:00:00Z,
movies_3641,Q116177256,Mon ami Walid,2019 film by Adib Alkhalidey,2019-01-13T00:00:00Z,76.0
movies_3642,Q116178605,Self Reliance,2023 film directed by Jake Johnson,2024-01-03T00:00:00Z,85.0
movies_3643,Q116178692,Breathe,2024 film directed by Stefon Bristol,2024-04-26T00:00:00Z,93.0
movies_3644,Q116188841,The Worst of My Weddings 2,2019 Peruvian comedy film directed by Adolfo Aguilar,2019-01-01T00:00:00Z,105.0
movies_3645,Q116196894,Family Pixels,2019 Peruvian film,2019-01-01T00:00:00Z,
movies_3646,Q116200952,Retake,2016 American LGBT drama directed by Nick Corporon,2016-06-21T00:00:00Z,98.0
movies_3647,Q116202220,To Live and Die and Live,2023 film directed by Qasim Basir,2025-05-30T00:00:00Z,
movies_3648,Q116205406,A Christmas in summer,2017 Peruvian film,2017-01-01T00:00:00Z,80.0
movies_3649,Q116207773,My Father's Son,2010 Namibian film directed by Joel Haikali,2010-10-28T00:00:00Z,88.0
movies_3650,Q116211698,The Gilligan Manifesto,2018 film by Cevin D. Soling,2018-11-16T00:00:00Z,86.0
movies_3651,Q1162297,Breath,2009 film by Levent Semerci,2009-01-01T00:00:00Z,128.0
movies_3652,Q116235,The Beautiful City,2004 film by Asghar Farhadi,2004-01-01T00:00:00Z,98.0
movies_3653,Q1162380,Sons,2006 film by Erik Richter Strand,2006-01-01T00:00:00Z,99.0
movies_3654,Q116246102,Eureka,2023 film directed by Lisandro Alonso,2024-02-16T00:00:00Z,146.0
movies_3655,Q116248133,Kidnapped,2023 film directed by Marco Bellocchio,2024-01-25T00:00:00Z,125.0
movies_3656,Q116251270,The Teachers' Lounge,2023 film directed by İlker Çatak,2024-01-18T00:00:00Z,99.0
movies_3657,Q116257216,Wyrm,2019 film directed by Christopher Winterbauer,2019-01-01T00:00:00Z,106.0
movies_3658,Q116257424,Woman of the Hour,2023 film directed by Anna Kendrick,2024-10-18T00:00:00Z,94.0
movies_3659,Q116258185,M3GAN 2.0,2025 American film directed by Gerard Johnstone,2025-06-25T00:00:00Z,120.0
movies_3660,Q116265668,Words of War,2025 biographical film directed by James Strong,2025-05-02T00:00:00Z,
movies_3661,Q116267626,El futuro ya no es lo que era,2016 Spanish film,2016-01-01T00:00:00Z,
movies_3662,Q116269859,By a Professional Secrecy,2016 film directed by Pavol Zeleňák,2016-01-01T00:00:00Z,98.0
movies_3663,Q116272026,Richard III: The King in the Car Park,2013 Channel 4 documentary,2013-02-04T00:00:00Z,74.0
movies_3664,Q116279674,Cougar Queen: A Tiger King Parody,film,2020-01-01T00:00:00Z,220.0
movies_3665,Q116298787,Philosophy in the Boudoir,2017 Brazilian film,2017-11-23T00:00:00Z,
movies_3666,Q11630083,Highway Star,2007 film,2007-01-01T00:00:00Z,
movies_3667,Q1163010,Lajja,2001 film by Rajkumar Santoshi,2001-09-19T00:00:00Z,202.0
movies_3668,Q116313171,Carturan,2019 film directed by Liviu Sandulescu,2019-11-08T00:00:00Z,90.0
movies_3669,Q1163389,Trauma,2004 film directed by Marc Evans,2004-01-01T00:00:00Z,94.0
movies_3670,Q116339993,Face Time,2010 film directed by Yves Pelletier,2010-06-14T00:00:00Z,101.0
movies_3671,Q11635165,Girl's Blood,2014 Japanese erotic action film directed by Koichi Sakamoto,2014-02-22T00:00:00Z,118.0
movies_3672,Q11635194,Akai bunka jutaku no hatsuko,film directed by Yuki Tanada,2007-05-12T00:00:00Z,100.0
movies_3673,Q116352448,Pulled Pork,2023 film by Andreas Schmied,2024-07-11T00:00:00Z,
movies_3674,Q116361132,Nosferatu,2024 film directed by Robert Eggers,2024-12-02T00:00:00Z,143.0
movies_3675,Q11637150,Bayside Shakedown 3,2010 Japanese film directed by Katsuyuki Motohiro,2010-01-01T00:00:00Z,141.0
movies_3676,Q11637607,The Egoists,2011 Japanese film directed by Ryūichi Hiroki,2011-01-01T00:00:00Z,
movies_3677,Q1163943,Elephant,2003 drama film directed by Gus Van Sant,2003-01-01T00:00:00Z,81.0
movies_3678,Q116431367,Icebox,2018 film directed by Daniel Sawka,2018-01-01T00:00:00Z,
movies_3679,Q116431968,Lift,2024 film directed by F. Gary Gray,2024-01-12T00:00:00Z,104.0
movies_3680,Q116442637,Magpie,2024 film directed by Sam Yates,2024-03-09T00:00:00Z,
movies_3681,Q116442876,Smugglers,2023 film directed by Ryoo Seung-wan,2024-03-08T00:00:00Z,129.0
movies_3682,Q1164493,Storm,2005 film by Måns Mårlind,2005-01-01T00:00:00Z,111.0
movies_3683,Q116457530,Christmas in Paris,2019 film directed by Justin G. Dyck,2019-01-01T00:00:00Z,90.0
movies_3684,Q116465881,Major Grom: The Game,2024 film directed by Oleg Trofim,2024-05-23T00:00:00Z,168.0
movies_3685,Q116469813,Wildcat,2023 film directed by Ethan Hawke,2024-05-03T00:00:00Z,105.0
movies_3686,Q116470610,Longlegs,2024 film directed by Oz Perkins,2024-07-12T00:00:00Z,101.0
movies_3687,Q116470707,Wolfs,2024 film by Jon Watts,2024-09-20T00:00:00Z,108.0
movies_3688,Q1164714,Mansfeld,2006 film directed by Andor Szilágyi,2006-01-01T00:00:00Z,118.0
movies_3689,Q116471793,Marita,2017 film directed by Cristi Iftime,2017-12-01T00:00:00Z,100.0
movies_3690,Q1164740,The American,2010 film directed by Anton Corbijn,2010-09-01T00:00:00Z,99.0
movies_3691,Q1164753,Paul,2011 film by Greg Mottola,2011-01-01T00:00:00Z,99.0
movies_3692,Q1164779,The Men Who Stare at Goats,2009 film directed by Grant Heslov,2009-01-01T00:00:00Z,93.0
movies_3693,Q116482198,Trading Germans,2014 film directed by Răzvan Georgescu,2014-10-10T00:00:00Z,
movies_3694,Q11648545,Michael Kohlhaas,2013 film by Arnaud des Pallières,2013-05-24T00:00:00Z,122.0
movies_3695,Q1164880,Dare,2009 film,2009-01-01T00:00:00Z,92.0
movies_3696,Q11648811,Blue Is the Warmest Colour,2013 film by Abdellatif Kechiche,2013-05-23T00:00:00Z,179.0
movies_3697,Q1164919,Case 39,2009 film by Christian Alvart,2009-01-01T00:00:00Z,109.0
movies_3698,Q1164940,Rabbit Hole,2010 film by John Cameron Mitchell,2010-09-13T00:00:00Z,91.0
movies_3699,Q116498761,The Actor,2025 film directed by Duke Johnson,2025-03-14T00:00:00Z,98.0
movies_3700,Q116499151,Alienoid 2,2024 South Korean film,2024-01-10T00:00:00Z,122.0
movies_3701,Q116501349,La sacamos del estadio,2018 Peruvian film,2018-01-01T00:00:00Z,
movies_3702,Q1165050,Planet Terror,2007 film by Robert Rodriguez,2007-04-06T00:00:00Z,105.0
movies_3703,Q116507926,Back to Black,2024 English-American film by Sam Taylor-Johnson,2024-04-11T00:00:00Z,122.0
movies_3704,Q1165090,The Girl Who Played with Fire,2009 film directed by Daniel Alfredson,2009-09-18T00:00:00Z,129.0
movies_3705,Q1165208,Killers,2010 film by Robert Luketic,2010-06-01T00:00:00Z,100.0
movies_3706,Q1165259,Harold & Kumar Escape from Guantanamo Bay,2008 film directed by Jon Hurwitz and Hayden Schlossberg,2008-03-23T00:00:00Z,102.0
movies_3707,Q1165314,Max Payne,2008 film directed by John Moore,2008-10-17T00:00:00Z,100.0
movies_3708,Q1165415,16 Years of Alcohol,2003 film by Richard Jobson,2003-01-01T00:00:00Z,102.0
movies_3709,Q116542843,20 Days in Mariupol,2023 documentary film,2024-01-12T00:00:00Z,97.0
movies_3710,Q11654708,101 Chodyangal,2013 film by Sidhartha Siva,2013-01-01T00:00:00Z,
movies_3711,Q116547790,Superman,2025 film directed by James Gunn,2025-07-09T00:00:00Z,129.0
movies_3712,Q1165516,Duplicity,2009 film directed by Tony Gilroy,2009-04-30T00:00:00Z,125.0
movies_3713,Q1165633,Racing Stripes,2005 film by Frederik Du Chau,2005-01-06T00:00:00Z,98.0
movies_3714,Q1165770,Gomorrah,2008 film directed by Matteo Garrone,2008-05-16T00:00:00Z,135.0
movies_3715,Q1165832,Darfur,2009 film by Uwe Boll,2009-01-01T00:00:00Z,98.0
movies_3716,Q116585,Talentime,2009 film by Yasmin Ahmad,2009-01-01T00:00:00Z,120.0
movies_3717,Q1165969,Shamo,2007 film by Cheang Pou-soi,2007-01-01T00:00:00Z,101.0
movies_3718,Q1165994,The Wizard of Gore,2007 film by Jeremy Kasten,2007-01-01T00:00:00Z,91.0
movies_3719,Q116599963,A Family Affair,2024 film directed by Richard LaGravenese,2024-06-28T00:00:00Z,
movies_3720,Q11660247,Karate-Robo Zaborgar,2011 film by Noboru Iguchi,2011-01-01T00:00:00Z,114.0
movies_3721,Q1166120,Dark Wolf,2003 film,2003-01-01T00:00:00Z,94.0
movies_3722,Q1166148,Dark Asylum,2001 film,2001-01-01T00:00:00Z,93.0
movies_3723,Q1166150,Dark Blue,2002 film directed by Ron Shelton,2002-01-01T00:00:00Z,118.0
movies_3724,Q1166161,Wrong Turn 2: Dead End,2007 film by Joe Lynch,2007-01-01T00:00:00Z,90.0
movies_3725,Q116621601,Afire,2023 film by Christian Petzold,2024-02-22T00:00:00Z,102.0
movies_3726,Q1166240,Dark Water,2002 film by Hideo Nakata,2002-01-19T00:00:00Z,101.0
movies_3727,Q1166244,Dark Water,2005 film by Walter Salles,2005-06-27T00:00:00Z,105.0
movies_3728,Q1166269,Darkness,2002 film by Jaume Balagueró,2002-01-01T00:00:00Z,103.0
movies_3729,Q116634301,The Six Triple Eight,2024 film by Tyler Perry,2024-12-20T00:00:00Z,
movies_3730,Q1166355,Darling,2007 Indian film directed by Ram Gopal Varma,2007-01-01T00:00:00Z,132.0
movies_3731,Q11663744,In the Realms of the Unreal,2004 film by Jessica Yu,2004-01-01T00:00:00Z,81.0
movies_3732,Q116638631,Sweet Little Things,2023 film directed by Mélanie Auffret,2024-04-18T00:00:00Z,90.0
movies_3733,Q116675851,Sometimes I Think About Dying,2023 film directed by Rachel Lambert,2024-01-10T00:00:00Z,91.0
movies_3734,Q116687153,The Dead Don't Hurt,2023 film by Viggo Mortensen,2024-06-14T00:00:00Z,129.0
movies_3735,Q116687525,Masallardan Geriye Kalan,2020 Turkish film,2020-02-14T00:00:00Z,
movies_3736,Q116687945,Monster,2023 film directed by Hirokazu Koreeda,2024-03-15T00:00:00Z,127.0
movies_3737,Q116692764,Problemista,2023 film by Julio Torres,2024-03-22T00:00:00Z,98.0
movies_3738,Q116694912,"While My Girlfriend Was Away, I Spent 3 Days Fucking The Shit Out Of My Girlfriend's Best Friend, An Adult Video Actress Yura Kano",Japanese adult video,2019-11-14T00:00:00Z,120.0
movies_3739,Q116700659,My Name Is Loh Kiwan,2024 film directed by Kim Hee Jin,2024-03-01T00:00:00Z,133.0
movies_3740,Q116701124,Conclave,2024 film by Edward Berger,2024-01-23T00:00:00Z,121.0
movies_3741,Q1167123,The Ten,2007 film by David Wain,2007-01-01T00:00:00Z,93.0
movies_3742,Q1167200,Eye of the Beholder,1999 film by Stephan Elliott,2000-11-23T00:00:00Z,109.0
movies_3743,Q116722363,Humanist Vampire Seeking Consenting Suicidal Person,2023 feature film directed by Ariane Louis-Seize,2024-09-03T00:00:00Z,91.0
movies_3744,Q116730669,Holland,2025 film directed by Mimi Cave,2025-03-09T00:00:00Z,110.0
movies_3745,Q1167320,Das Blaue vom Himmel,2011 film directed by Hans Steinbichler,2011-01-01T00:00:00Z,99.0
movies_3746,Q116734,Gendarme in New York,1965 film directed by Jean Girault,2010-04-07T00:00:00Z,98.0
movies_3747,Q116735906,Tin Soldier,2025 film directed by Brad Furman,2025-01-01T00:00:00Z,86.0
movies_3748,Q116736286,The Accidental Getaway Driver,2023 film by Sing J. Lee,2025-02-28T00:00:00Z,102.0
movies_3749,Q116736310,The Birthday,2004 Spanish film,2004-12-01T00:00:00Z,100.0
movies_3750,Q116739361,Check Point,2017 film,2017-01-01T00:00:00Z,97.0
movies_3751,Q116745152,Origin,2023 film directed by Ava DuVernay,2024-04-18T00:00:00Z,135.0
movies_3752,Q1167494,Aftermath,2002 film,2002-01-01T00:00:00Z,83.0
movies_3753,Q116751274,Hawaii,film directed by Jesus del Cerro,2017-01-01T00:00:00Z,116.0
movies_3754,Q116752130,The Remnants of You,film directed by Gala Gracia,2025-05-16T00:00:00Z,91.0
movies_3755,Q116753364,The Daughters of Fire,2018 film directed by Albertina Carri,2018-01-01T00:00:00Z,115.0
movies_3756,Q116754035,A Great Friend,2023 film directed by Éric Besnard,2024-09-05T00:00:00Z,95.0
movies_3757,Q116766507,Hammarskjöld,2023 film directed by Per Fly,2024-04-18T00:00:00Z,114.0
movies_3758,Q1167685,The Inquiry,2006 film by Giulio Base,2006-12-13T00:00:00Z,
movies_3759,Q116769359,Tied to a Chair,2011 film by Michael Bergmann,2011-05-27T00:00:00Z,94.0
movies_3760,Q116771180,The Kill Room,2023 film by Nicol Paone,2024-03-21T00:00:00Z,98.0
movies_3761,Q116771236,The Unlikely Pilgrimage of Harold Fry,2023 film directed by Hettie Macdonald,2024-01-04T00:00:00Z,108.0
movies_3762,Q116771681,Queer,2024 film directed by Luca Guadagnino,2024-09-03T00:00:00Z,135.0
movies_3763,Q1167725,The End of the Affair,1999 film by Neil Jordan,2000-02-11T00:00:00Z,97.0
movies_3764,Q1167735,Assault on Precinct 13,2005 film by Jean-François Richet,2005-01-19T00:00:00Z,109.0
movies_3765,Q116776314,The Chronology of Water,2025 film directed by Kristen Stewart,2025-05-16T00:00:00Z,90.0
movies_3766,Q116783085,Los árboles mueren de pie,2015 film directed by Roberto Girault,2015-01-01T00:00:00Z,90.0
movies_3767,Q116783130,Håkan Bråkan 2,film project directed by Ted Kjellsson,2024-02-09T00:00:00Z,
movies_3768,Q1167835,Mid-August Lunch,2008 film by Gianni Di Gregorio,2008-01-01T00:00:00Z,75.0
movies_3769,Q116791506,Padatik,2024 film by Srijit Mukherji,2024-08-15T00:00:00Z,123.0
movies_3770,Q11679558,Asu mare,2013 Peruvian comedy film directed by Ricardo Maldonado,2013-04-11T00:00:00Z,97.0
movies_3771,Q11679559,Scorpion in Love,2013 film,2013-01-01T00:00:00Z,
movies_3772,Q11679577,Is It Just Me?,2010 American film,2010-01-01T00:00:00Z,93.0
movies_3773,Q116796979,Unearthing,2016 film,2016-01-01T00:00:00Z,
movies_3774,Q11679791,Downhill City,1999 film by Hannu Salonen,2000-04-13T00:00:00Z,103.0
movies_3775,Q116798312,Boogie Man,2018 film by Andy Morahan,2018-03-30T00:00:00Z,
movies_3776,Q1168000,The Secret of Moonacre,2008 film by Gábor Csupó,2008-01-01T00:00:00Z,103.0
movies_3777,Q11680829,The Story of Luke,2012 film by Alonso Mayo,2012-01-01T00:00:00Z,95.0
movies_3778,Q11681316,Ekipo Ja,2007 film,2007-01-01T00:00:00Z,95.0
movies_3779,Q11681362,El coche de pedales,2004 film by Ramón Barea,2004-01-01T00:00:00Z,92.0
movies_3780,Q11681371,El florido pensil,2002 film,2002-01-01T00:00:00Z,80.0
movies_3781,Q11681383,Moscow Gold,2003 film by Jesús Bonilla,2003-01-01T00:00:00Z,108.0
movies_3782,Q1168152,The Blue Butterfly,2004 film by Léa Pool,2004-01-01T00:00:00Z,97.0
movies_3783,Q116818790,Người đàn bà mộng du,Vietnamese movie 2003,2003-01-01T00:00:00Z,
movies_3784,Q116819393,Dangerous Attraction,2000 film directed by Penelope Buitenhuis,2000-01-01T00:00:00Z,94.0
movies_3785,Q116820702,Whale Nation,2023 documentary film directed by Jean-Albert Lièvre,2024-02-29T00:00:00Z,82.0
movies_3786,Q11682387,La jaula de oro,2013 Mexican film directed by Diego Quemada-Díez,2013-05-22T00:00:00Z,108.0
movies_3787,Q116824358,Operation Napoleon,2023 film directed by Óskar Þór Axelsson,2024-01-05T00:00:00Z,112.0
movies_3788,Q116824715,Haunted Heart,2024 film directed by Fernando Trueba,2024-07-20T00:00:00Z,7716.0
movies_3789,Q11682483,The Gilded Cage,2013 film by Ruben Alves,2013-01-17T00:00:00Z,90.0
movies_3790,Q116824859,Soledad.com,2016 Peruvian film,2018-05-12T00:00:00Z,
movies_3791,Q11682541,Miele,2013 film by Valeria Golino,2013-05-01T00:00:00Z,96.0
movies_3792,Q11684251,J-ok'el,2007 film by Benjamin Williams,2007-01-01T00:00:00Z,90.0
movies_3793,Q1168449,The Weight of Chains,2010 film by Boris Malagurski,2010-01-01T00:00:00Z,125.0
movies_3794,Q116845,Silver Linings Playbook,2012 film directed by David O. Russell,2012-09-08T00:00:00Z,122.0
movies_3795,Q116845376,Wild Prairie Rose,film directed by Deborah LaVine,2016-01-01T00:00:00Z,90.0
movies_3796,Q1168460,The Weight of Water,2000 film directed by Kathryn Bigelow,2000-01-01T00:00:00Z,87.0
movies_3797,Q116846171,Así nomás,2016 Peruvian film,2016-01-01T00:00:00Z,95.0
movies_3798,Q11684833,AlaRm,2002 film by Dariusz Gajewski,2002-01-01T00:00:00Z,
movies_3799,Q11684967,Absolute Beginner,2007 film by Piotr Szczepanski,2007-04-13T00:00:00Z,87.0
movies_3800,Q116856005,L'home dels nassos,film directed by Abigail Schaaff,2024-01-01T00:00:00Z,90.0
movies_3801,Q1168660,King of the Ants,2003 film by Stuart Gordon,2003-01-01T00:00:00Z,102.0
movies_3802,Q116867195,Yuli,2018 Peruvian film,2018-10-11T00:00:00Z,
movies_3803,Q116868360,Four Little Adults,2023 film by Selma Vilhunen,2024-01-03T00:00:00Z,121.0
movies_3804,Q1168705,The Affair of the Necklace,2001 film by Charles Shyer,2001-01-01T00:00:00Z,113.0
movies_3805,Q116873269,Out of My Mind,2024 film directed by Cord Jefferson,2024-01-19T00:00:00Z,102.0
movies_3806,Q1168759,Sentimental Destinies,2000 film by Olivier Assayas,2000-05-17T00:00:00Z,180.0
movies_3807,Q11687805,The Good News,2008 film directed by Helena Taberna,2008-01-01T00:00:00Z,
movies_3808,Q11687877,Perfect Happiness,2009 film by Jabi Elortegi,2009-01-01T00:00:00Z,90.0
movies_3809,Q116881172,Dirty Angels,2024 film by Martin Campbell,2024-12-26T00:00:00Z,104.0
movies_3810,Q1168819,House of the Sleeping Beauties,2006 film by Vadim Glowna,2006-11-02T00:00:00Z,99.0
movies_3811,Q11688436,Las vidas de Celia,2007 film by Antonio Chavarrías,2006-09-26T00:00:00Z,101.0
movies_3812,Q1168949,The Heart Is a Dark Forest,2007 film by Nicolette Krebitz,2007-01-01T00:00:00Z,86.0
movies_3813,Q1168958,The Heart of Jenin,2008 film directed by Lior Geller and Marcus Vetter,2008-08-13T00:00:00Z,89.0
movies_3814,Q116905,Lemony Snicket's A Series of Unfortunate Events,2004 adventure film directed by Brad Silberling,2004-12-16T00:00:00Z,108.0
movies_3815,Q11690687,Cisza,2010 film by Sławomir Pstrong,2010-10-28T00:00:00Z,
movies_3816,Q1169080,The Year My Parents Went on Vacation,2006 film directed by Cao Hamburger,2006-09-26T00:00:00Z,104.0
movies_3817,Q116909519,The Sleeping Woman,2024 film directed by Laura Alvea,2024-02-09T00:00:00Z,110.0
movies_3818,Q1169100,Das Jahr der ersten Küsse,2002 film by Kai Wessel,2002-01-01T00:00:00Z,90.0
movies_3819,Q1169108,Year of the Devil,2002 film by Petr Zelenka,2002-03-07T00:00:00Z,88.0
movies_3820,Q11691264,What the Sun Has Seen,2006 film by Michał Rosa,2006-12-01T00:00:00Z,107.0
movies_3821,Q1169141,The Gospel of John,2003 film by Philip Saville,2003-01-01T00:00:00Z,180.0
movies_3822,Q11691882,Falling in the Paradise,2004 film by Milos Radovic,2004-04-19T00:00:00Z,93.0
movies_3823,Q116928,The Twilight Saga: New Moon,2009 film directed by Chris Weitz,2009-11-16T00:00:00Z,131.0
movies_3824,Q1169286,The Child,2012 film directed by Zsolt Bács,2012-01-01T00:00:00Z,118.0
movies_3825,Q116939468,Holy Mother,2024 film directed by Antonio Chavarrías,2024-03-07T00:00:00Z,
movies_3826,Q1169399,Le Concert,2009 film by Radu Mihăileanu,2009-01-01T00:00:00Z,122.0
movies_3827,Q11694069,Diabel,2005 film by Tomasz Szafrański,2005-01-01T00:00:00Z,40.0
movies_3828,Q1169451,My Afternoons with Margueritte,2010 film by Jean Becker,2010-01-01T00:00:00Z,85.0
movies_3829,Q116945637,All Your Faces,film directed by Jeanne Herry,2024-06-06T00:00:00Z,118.0
movies_3830,Q116946326,Bleeding Love,2023 American film by Emma Westenberg,2024-02-16T00:00:00Z,96.0
movies_3831,Q1169493,The Coverup,2008 film by Brian Jun,2008-01-01T00:00:00Z,99.0
movies_3832,Q11694978,Accidental Love,2015 film by David O. Russell,2015-01-01T00:00:00Z,100.0
movies_3833,Q11695201,Splinters,2009 film by Maciej Pieprzyca,2009-02-13T00:00:00Z,106.0
movies_3834,Q116954167,A Little Prayer,2023 film by Angus MacLachlan,2025-08-29T00:00:00Z,
movies_3835,Q116954564,Scoop,2024 film directed by Philip Martin,2024-04-05T00:00:00Z,102.0
movies_3836,Q11695671,The Girl from the Wardrobe,2013 film by Bodo Kox,2013-04-14T00:00:00Z,90.0
movies_3837,Q1169568,Kings and Queen,2004 film by Arnaud Desplechin,2004-01-01T00:00:00Z,150.0
movies_3838,Q1169569,Das Leben ist zu lang,2010 film directed by Dani Levy,2010-01-01T00:00:00Z,86.0
movies_3839,Q11695880,Dlugi weekend,2004 film by Robert Gliński,2004-05-03T00:00:00Z,72.0
movies_3840,Q11695945,E=mc²,2002 film by Olaf Lubaszenko,2002-08-23T00:00:00Z,
movies_3841,Q116965262,The Thicket,film directed by Elliott Lester,2024-09-06T00:00:00Z,
movies_3842,Q1169658,The Song of Sparrows,2008 film by Majid Majidi,2008-02-10T00:00:00Z,96.0
movies_3843,Q116966057,O Horizon,2025 film directed by Madeleine Sackler,2025-02-08T00:00:00Z,
movies_3844,Q1169665,The Day I Was Not Born,2010 film by Florian Cossen,2010-10-26T00:00:00Z,92.0
movies_3845,Q11696925,Eeny Meeny,2000 film by Alice Nellis,2000-02-01T00:00:00Z,104.0
movies_3846,Q11696926,Enduro Bojz,2000 film,2000-09-08T00:00:00Z,
movies_3847,Q116971304,The Gorge,2025 film directed by Scott Derrickson,2025-02-14T00:00:00Z,127.0
movies_3848,Q116971312,On Swift Horses,2024 film directed by Daniel Minahan,2024-09-07T00:00:00Z,119.0
movies_3849,Q1169717,Sylvia,2003 film by Christine Jeffs,2003-10-17T00:00:00Z,110.0
movies_3850,Q116971739,Back in Action,2025 film directed by Seth Gordon,2025-01-17T00:00:00Z,114.0
movies_3851,Q116976558,Darkness of Man,2024 film directed by James Cullen Bressack,2024-05-21T00:00:00Z,109.0
movies_3852,Q11697887,Fenomen,2010 film by Tadeusz Paradowicz,2010-05-07T00:00:00Z,94.0
movies_3853,Q116980365,Immaculate,2024 film directed by Michael Mohan,2024-03-12T00:00:00Z,89.0
movies_3854,Q116980505,Krazy House,Dutch comedy film,2024-01-20T00:00:00Z,88.0
movies_3855,Q116981014,The Book of Wonders,2023 film directed by Lisa Azuelos,2024-05-16T00:00:00Z,94.0
movies_3856,Q1169811,The Page Turner,2006 film by Denis Dercourt,2006-01-01T00:00:00Z,85.0
movies_3857,Q1169835,The Girl on the Broomstick,1972 film by Václav Vorlíček,2004-12-16T00:00:00Z,76.0
movies_3858,Q11698804,Franklin and the Green Knight,2000 film by John van Bruggen,2000-01-01T00:00:00Z,
movies_3859,Q11699344,Blind Detective,"2013 film by Johnnie To, Wai Ka-Fai",2013-05-19T00:00:00Z,130.0
movies_3860,Q116995994,The Gardener's Year,film directed by Jiří Havelka,2024-07-18T00:00:00Z,103.0
movies_3861,Q116996004,Green Border,2023 film directed by Agnieszka Holland,2024-06-27T00:00:00Z,147.0
movies_3862,Q116996005,tata_bojs.doc,film directed by Marek Najbrt,2024-09-05T00:00:00Z,95.0
movies_3863,Q116998477,Záhadné případy,2024 Czech TV series or program,2024-01-01T00:00:00Z,56.0
movies_3864,Q116998478,Taneční,Czech TV series or program,2024-01-01T00:00:00Z,60.0
movies_3865,Q1170012,The Orange Girl,2009 film by Eva Dahr,2009-02-27T00:00:00Z,80.0
movies_3866,Q117005919,Disengaged,2015 film directed by Agustín Fernández,2015-01-01T00:00:00Z,94.0
movies_3867,Q117006376,Daaaaaalí !,2023 film by Quentin Dupieux,2024-02-07T00:00:00Z,77.0
movies_3868,Q117007959,Sleeping Dogs,2024 film directed by Adam Cooper,2024-03-22T00:00:00Z,110.0
movies_3869,Q117014906,Mean Girls,2024 film directed by Arturo Perez Jr. and Samantha Jayne,2024-01-10T00:00:00Z,112.0
movies_3870,Q11701565,Quemar las Naves,2007 film,2007-10-10T00:00:00Z,104.0
movies_3871,Q1170157,The Claim,2000 film by Michael Winterbottom,2000-01-01T00:00:00Z,115.0
movies_3872,Q1170222,Salt of this Sea,2008 film by Annemarie Jacir,2008-01-01T00:00:00Z,105.0
movies_3873,Q1170227,The Sandman and the Lost Sand of Dreams,2010 film by Sinem Sakaoglu,2010-05-08T00:00:00Z,83.0
movies_3874,Q117025081,And the Party Goes On !,2023 film directed by Robert Guédiguian,2025-06-12T00:00:00Z,106.0
movies_3875,Q117025319,Bernadette,2023 film directed by Léa Domenach,2024-03-14T00:00:00Z,93.0
movies_3876,Q11702900,Gunde Jhallumandi,2008 Telugu film directed by Madan,2008-09-12T00:00:00Z,
movies_3877,Q1170292,Potiche,2010 film by François Ozon,2010-01-01T00:00:00Z,103.0
movies_3878,Q1170313,Infection,2004 film directed by Masayuki Ochiai,2004-10-02T00:00:00Z,98.0
movies_3879,Q1170342,When Pigs Have Wings,2011 film by Sylvain Estibal,2011-01-01T00:00:00Z,98.0
movies_3880,Q1170347,Here Comes the Boom,2012 film by Frank Coraci,2012-01-01T00:00:00Z,105.0
movies_3881,Q117037697,Anatomy of a Fall,2023 film directed by Justine Triet,2024-02-23T00:00:00Z,150.0
movies_3882,Q117039376,The Knife of Don Juan,2013 Peruvian film,2015-01-01T00:00:00Z,
movies_3883,Q11704530,Todos estamos invitados,2008 film by Manuel Gutiérrez Aragón,2008-01-01T00:00:00Z,80.0
movies_3884,Q11704796,Thug Angel: The Life of an Outlaw,2002 film by Peter Spirer,2002-01-01T00:00:00Z,
movies_3885,Q11704875,"Un franco, 14 pesetas",2006 film by Carlos Iglesias.,2006-05-05T00:00:00Z,105.0
movies_3886,Q117049250,Americana,2023 film directed by Tony Tost,2025-08-15T00:00:00Z,110.0
movies_3887,Q11705049,Magic Journey to Africa,2010 film by Jordi Llompart,2010-05-07T00:00:00Z,56.0
movies_3888,Q117061497,Orchestra Class,2017 film directed by Mohamed Rachid Hami,2017-01-01T00:00:00Z,102.0
movies_3889,Q1170671,The Longing,2002 film by Iain Dilthey,2002-01-01T00:00:00Z,94.0
movies_3890,Q1170710,The Pledge (film),2001 film by Sean Penn,2001-01-01T00:00:00Z,119.0
movies_3891,Q117077204,The little heart (2007),Vietnamese movie (2007),2007-01-01T00:00:00Z,
movies_3892,Q1170777,Alone,2004 film by Thomas Durchschlag,2004-01-01T00:00:00Z,88.0
movies_3893,Q1170819,Hannah med H,2003 film by Christina Olofson,2003-09-30T00:00:00Z,100.0
movies_3894,Q117085614,One Battle After Another,2025 film directed by Paul Thomas Anderson,2025-09-08T00:00:00Z,9691.0
movies_3895,Q11709738,Hyena,2007 film by Grzegorz Lewandowski,2007-11-02T00:00:00Z,87.0
movies_3896,Q117100871,Mañana te cuento 2,2008 Peruvian film,2008-01-01T00:00:00Z,93.0
movies_3897,Q117100899,Cu4tro,2009 Peruvian film,2009-01-01T00:00:00Z,85.0
movies_3898,Q11710348,Hustawka,2010 film,2010-09-17T00:00:00Z,94.0
movies_3899,Q1171097,Speak to Me of Love,2002 film by Sophie Marceau,2002-01-01T00:00:00Z,98.0
movies_3900,Q1171146,The Flying Classroom,2003 film by Tomy Wigand,2003-01-16T00:00:00Z,110.0
movies_3901,Q11711634,How Much Does the Trojan Horse Weigh?,2009 Polish film by Juliusz Machulski,2009-06-03T00:00:00Z,117.0
movies_3902,Q1171194,The Yellow Handkerchief,2008 film by Udayan Prasad,2008-01-01T00:00:00Z,102.0
movies_3903,Q117130193,Parachute,2023 film directed by Brittany Snow,2024-04-05T00:00:00Z,97.0
movies_3904,Q1171308,Big Animal,2000 film directed by Jerzy Stuhr,2000-01-01T00:00:00Z,73.0
movies_3905,Q1171320,The Greatest Game Ever Played,2005 film by Bill Paxton,2005-09-30T00:00:00Z,120.0
movies_3906,Q11713332,Inteqam: The Perfect Game,2004 film by Pankaj Parashar,2004-11-01T00:00:00Z,127.0
movies_3907,Q1171442,The Silence,2010 film directed by Baran bo Odar,2010-01-01T00:00:00Z,110.0
movies_3908,Q117149186,Al filo de la ley,2015 Peruvian film,2015-07-09T00:00:00Z,105.0
movies_3909,Q117149330,"The Inca, The Silly Girl, and the Son of a Thief",2011 Peruvian film,2011-01-01T00:00:00Z,
movies_3910,Q117151129,A time far past,Vietnamese film (2004),2004-01-01T00:00:00Z,110.0
movies_3911,Q1171531,Sleepwalking Land,2007 film by Teresa Prata,2007-01-01T00:00:00Z,96.0
movies_3912,Q1171541,Two for the Money,2005 film by D. J. Caruso,2005-10-07T00:00:00Z,122.0
movies_3913,Q11715750,Jack Strong,2014 film directed by Władysław Pasikowski,2014-01-01T00:00:00Z,128.0
movies_3914,Q1171584,Sorority Boys,2002 American comedy film directed by Wallace Wolodarsky,2002-03-19T00:00:00Z,93.0
movies_3915,Q11716267,How Do You Make Out with Girls?,2002 film by Przemysław Angerman,2002-11-15T00:00:00Z,90.0
movies_3916,Q11716279,How to Live?,2008 film by Szymon Jakubowski,2008-07-18T00:00:00Z,90.0
movies_3917,Q1171645,The Nest,2002 film by Florent Emilio Siri,2002-01-01T00:00:00Z,107.0
movies_3918,Q1171648,The Ultimate Gift,2006 film directed by Michael O. Sajbel,2006-01-01T00:00:00Z,114.0
movies_3919,Q1171721,Life Actually,2006 film by Alain Gsponer,2006-01-01T00:00:00Z,103.0
movies_3920,Q117172773,The Day Began Yesterday,Mexican 2020 film,2020-01-01T00:00:00Z,
movies_3921,Q117176605,Land of Bad,2024 film directed by William Eubank,2024-02-16T00:00:00Z,6826.0
movies_3922,Q1171769,The Man on the Train,2002 film by Patrice Leconte,2002-10-02T00:00:00Z,90.0
movies_3923,Q117184183,The Chain,2014 Peruvian film,2014-01-01T00:00:00Z,120.0
movies_3924,Q117184222,The Blue Hour,Peruvian film,2014-01-01T00:00:00Z,87.0
movies_3925,Q117196203,The Price of Money: A Largo Winch Adventure,2024 film directed by Olivier Masset-Depasse,2024-01-01T00:00:00Z,
movies_3926,Q11719972,Janosik: A True Story,"2009 film by Agnieszka Holland, Katarzyna Adamik",2009-01-01T00:00:00Z,140.0
movies_3927,Q117208496,Evergreen,2019 film,2019-09-17T00:00:00Z,83.0
movies_3928,Q11721328,Jasminum,2006 film by Jan Jakub Kolski,2006-05-29T00:00:00Z,115.0
movies_3929,Q11721341,The Skylights,2007 film by Bogusław Linda,2007-01-12T00:00:00Z,92.0
movies_3930,Q11722134,People in the Sun,2011 Norwegian film directed by Per-Olav Sørensen,2011-03-04T00:00:00Z,78.0
movies_3931,Q117237643,The Penultimate Truth About Philip K. Dick,documentary film,2007-01-01T00:00:00Z,
movies_3932,Q117253366,The Wailing,Spanish horror film,2024-10-25T00:00:00Z,107.0
movies_3933,Q117255424,Small Things Like These,2024 film directed by Tim Mielants,2024-02-15T00:00:00Z,98.0
movies_3934,Q11725865,Jest sprawa...,2002 film,2002-01-01T00:00:00Z,85.0
movies_3935,Q11725891,You Are God,2012 film by Leszek Dawid,2012-05-07T00:00:00Z,110.0
movies_3936,Q11725909,Zycie Raz Jeszcze,2008 film by Mariusz Malec,2008-01-04T00:00:00Z,
movies_3937,Q117272474,A Different Man,2024 film directed by Aaron Schimberg,2024-01-21T00:00:00Z,112.0
movies_3938,Q117272587,The Greatest Hits,2024 film directed by Ned Benson,2024-03-14T00:00:00Z,94.0
movies_3939,Q11727373,Joanna,2010 Polish film by Feliks Falk,2010-05-26T00:00:00Z,110.0
movies_3940,Q117279005,The Instigators,2024 film directed by Doug Liman,2024-08-02T00:00:00Z,101.0
movies_3941,Q117280500,Falling for Vermont,2017 tv film,2017-01-01T00:00:00Z,84.0
movies_3942,Q117286389,La herencia,2015 Peruvian film,2015-01-01T00:00:00Z,91.0
movies_3943,Q117287129,The End,2024 film directed by Joshua Oppenheimer,2024-08-31T00:00:00Z,
movies_3944,Q117303955,Brooklyn 45,2023 film directed by Ted Geoghegan,2024-11-03T00:00:00Z,92.0
movies_3945,Q117304477,Mary Jane,"Cameroonian short movie , 2017",2017-01-01T00:00:00Z,
movies_3946,Q117311053,Grandpa is Moving Out?,2020 documentary film directed by Laurits Helligsøe,2020-01-01T00:00:00Z,19.0
movies_3947,Q117311183,We Are Here,2019 documentary film directed by Hans Christian Post,2019-01-01T00:00:00Z,52.0
movies_3948,Q117312560,Jackpot!,2024 film directed by Paul Feig,2024-08-15T00:00:00Z,106.0
movies_3949,Q1173161,Tears of Steel,2012 science fiction short film,2012-01-01T00:00:00Z,12.0
movies_3950,Q117322466,Exhuma,2024 South Korean drama film,2024-02-16T00:00:00Z,134.0
movies_3951,Q117322744,¡Qué difícil es amar!,2018 Peruvian film,2018-02-01T00:00:00Z,
movies_3952,Q117322833,Rapto,2019 Peruvian film,2019-03-07T00:00:00Z,97.0
movies_3953,Q117326449,Meet the Leroys,2024 film directed by Florent Bernard,2024-01-16T00:00:00Z,103.0
movies_3954,Q11733137,Kabul Express,2006 film directed by Kabir Khan,2006-01-01T00:00:00Z,104.0
movies_3955,Q11733140,Kac Wawa,2012 film by Łukasz Karwowski,2012-03-02T00:00:00Z,
movies_3956,Q117336418,Upgraded,2024 film directed by Carlson Young,2024-02-09T00:00:00Z,104.0
movies_3957,Q117336433,The Legend of Ochi,2025 film directed by Isaiah Saxon,2025-01-26T00:00:00Z,96.0
movies_3958,Q117338356,A Way of Life,2019 film directed by Micheline Lanctôt,2019-10-26T00:00:00Z,118.0
movies_3959,Q11733943,Kameleon,2001 film by Janusz Kijowski,2001-11-30T00:00:00Z,110.0
movies_3960,Q117341032,Un amor,2023 film,2024-01-01T00:00:00Z,
movies_3961,Q117350302,The Front Room,American film,2024-09-06T00:00:00Z,94.0
movies_3962,Q117350540,"Y si te vi, no me acuerdo",2003 Peruvian film,2011-01-01T00:00:00Z,90.0
movies_3963,Q117357033,The Shrouds,2024 film by David Cronenberg,2024-05-20T00:00:00Z,120.0
movies_3964,Q11735883,Karla & Katrine,2010 film by Charlotte Sachs Bostrup,2010-07-16T00:00:00Z,87.0
movies_3965,Q117359,Stoic,2009 film by Uwe Boll,2009-01-01T00:00:00Z,87.0
movies_3966,Q11737254,Katatonia,2004 film by Jacek Nagłowski,2004-01-01T00:00:00Z,
movies_3967,Q117376325,Bonhoeffer,irish/Belgian drama film,2024-01-01T00:00:00Z,
movies_3968,Q117378,Wilbur Wants to Kill Himself,2002 film by Lone Scherfig,2002-11-08T00:00:00Z,111.0
movies_3969,Q117383415,To the Stars,2020 film by Nicolai Tegeler,2020-10-24T00:00:00Z,73.0
movies_3970,Q117389607,We Will Not Fade Away,2023 Ukrainian documentary film,2024-11-04T00:00:00Z,100.0
movies_3971,Q11739640,Mr. Harvey Lights a Candle,2005 film directed by Susanna White,2005-01-01T00:00:00Z,85.0
movies_3972,Q11740386,Anatema,2006 film,2006-11-01T00:00:00Z,99.0
movies_3973,Q11740645,The Lovers of Marona,2005 film by Izabella Cywińska,2005-09-14T00:00:00Z,107.0
movies_3974,Q117421907,Backspot,2023 film by D. W. Waterson,2024-03-08T00:00:00Z,93.0
movies_3975,Q117425181,We Live in Time,2024 film directed by John Crowley,2024-10-18T00:00:00Z,107.0
movies_3976,Q117431898,Boarding House,film,2014-02-25T00:00:00Z,
movies_3977,Q1174342,Druids,2001 film by Jacques Dorfmann,2001-01-01T00:00:00Z,124.0
movies_3978,Q117437274,The Thundermans Return,2024 film directed by Trevor Kirschner,2024-03-07T00:00:00Z,70.0
movies_3979,Q11743778,Twists of Fate,2007 film by Jerzy Stuhr,2007-01-01T00:00:00Z,112.0
movies_3980,Q117447698,Love's Last Resort,2017 film,2017-01-01T00:00:00Z,86.0
movies_3981,Q11744784,Lullaby,2010 film directed by Juliusz Machulski,2010-01-01T00:00:00Z,95.0
movies_3982,Q117449520,Douch,2018 film directed by Amir Mashhadi Abbas,2018-02-04T00:00:00Z,78.0
movies_3983,Q117455307,Elevation,2024 film directed by George Nolfi,2024-11-07T00:00:00Z,90.0
movies_3984,Q117467730,Jeff Wayne's Musical Version of the War of the Worlds Alive on Stage! The New Generation,2013 film by Nick Morris,2013-05-01T00:00:00Z,118.0
movies_3985,Q117467792,Krotoa,2017 film by Roberta Durrant,2017-04-25T00:00:00Z,122.0
movies_3986,Q117468531,Seize Them!,2024 film directed by Curtis Vowell,2024-04-05T00:00:00Z,91.0
movies_3987,Q117474532,Harry Dean Stanton: Partly Fiction,2013 film by Sophie Huber,2013-06-16T00:00:00Z,76.0
movies_3988,Q117481301,Y2K,2024 film directed by Kyle Mooney,2024-03-09T00:00:00Z,93.0
movies_3989,Q11748162,Krew z nosa,2004 film by Dominik Matwiejczyk,2004-01-01T00:00:00Z,
movies_3990,Q11748166,Kissing Cousins,2008 film,2008-01-01T00:00:00Z,
movies_3991,Q117484075,Monkey Business from A to Z,2015 film,2015-01-01T00:00:00Z,91.0
movies_3992,Q11748439,Krugerandy,2002 film by Wojciech Nowak,2002-11-12T00:00:00Z,91.0
movies_3993,Q11750103,The Sun King,2005 film by Tomas Villum Jensen,2005-02-11T00:00:00Z,87.0
movies_3994,Q11750193,Królowa chmur,2004 film by Radosław Piwowarski,2004-05-26T00:00:00Z,76.0
movies_3995,Q11750226,Krótka histeria czasu,2006 film by Dominik Matwiejczyk,2006-05-26T00:00:00Z,91.0
movies_3996,Q11750477,The Shutka Book of Records,2005 documentary film by Aleksandar Manić,2005-01-01T00:00:00Z,78.0
movies_3997,Q11750845,The Kukumi,2005 film by Isa Qosja,2005-09-30T00:00:00Z,107.0
movies_3998,Q11751120,Kup teraz,2008 film by Piotr Matwiejczyk,2008-01-01T00:00:00Z,80.0
movies_3999,Q11752161,Max Pinlig,2008 film by Lotte Svendsen,2008-12-05T00:00:00Z,100.0
movies_4000,Q11752907,The Forest,2010 film by Piotr Dumała,2010-02-26T00:00:00Z,
movies_4001,Q11753079,Last minute,2013 film by Patryk Vega,2013-02-22T00:00:00Z,82.0
movies_4002,Q11753133,Legenda o Lietajúcom Cypriánovi,2010 film,2010-07-29T00:00:00Z,108.0
movies_4003,Q11753338,Lawstorant,2005 film,2005-06-24T00:00:00Z,
movies_4004,Q11753679,Legenda,2005 film by Mariusz Pujszo,2005-11-04T00:00:00Z,77.0
movies_4005,Q11753858,Ladies,2008 film by Tomasz Konecki,2008-02-01T00:00:00Z,134.0
movies_4006,Q11756173,Power,2013 film directed by Rajkumar Santoshi,2013-01-01T00:00:00Z,
movies_4007,Q11756914,Lincz,2010 film by Krzysztof Łukaszewicz,2010-01-01T00:00:00Z,118.0
movies_4008,Q11761993,Little Zizou,2008 film by Sooni Taraporevala,2008-11-09T00:00:00Z,
movies_4009,Q11762629,Los numeros,2011 film by Ryszard Zatorski,2011-03-25T00:00:00Z,82.0
movies_4010,Q11764307,Water's Edge,2003 film,2003-01-01T00:00:00Z,101.0
movies_4011,Q11764687,Fear Runs Silent,2000 film,2000-03-10T00:00:00Z,
movies_4012,Q11764690,Lek wysokosci,2012 film by Bartosz Konopka,2012-04-20T00:00:00Z,87.0
movies_4013,Q11766171,The Magic Tree,2009 film by Andrzej Maleszka,2009-09-18T00:00:00Z,
movies_4014,Q11766173,Magic Eye,2005 film by Kujtim Çashku,2005-11-01T00:00:00Z,93.0
movies_4015,Q117662296,The Old Oak,2023 film by Ken Loach,2024-04-05T00:00:00Z,113.0
movies_4016,Q117663112,Perfect Days,2023 film by Wim Wenders,2024-02-07T00:00:00Z,123.0
movies_4017,Q11766799,Zoomer,2009 film by Christian E. Christiansen,2009-06-04T00:00:00Z,91.0
movies_4018,Q11766911,I Have Something Important to Tell You,2005 film by Željko Sošić,2005-01-01T00:00:00Z,
movies_4019,Q11767072,Maniac,2011 film by Shia LaBeouf,2011-10-01T00:00:00Z,
movies_4020,Q117696,Remember the Titans,2000 American sports film directed by Boaz Yakin,2000-01-01T00:00:00Z,113.0
movies_4021,Q117705871,The Nature of Love,2023 film by Monia Chokri,2024-01-04T00:00:00Z,110.0
movies_4022,Q117712753,The Summer Book,2024 film directed by Charlie McDowell,2024-10-12T00:00:00Z,95.0
movies_4023,Q11771569,Mother Teresa of Cats,2010 film,2010-09-17T00:00:00Z,95.0
movies_4024,Q11772129,Little Vilna: The Last Diary,2001 film by Márta Mészáros,2001-07-06T00:00:00Z,
movies_4025,Q11772159,Expecting Love,2008 film by Łukasz Karwowski,2008-01-01T00:00:00Z,110.0
movies_4026,Q11772214,Výlet,2002 film by Alice Nellis,2002-03-21T00:00:00Z,100.0
movies_4027,Q11772620,Small World,2003 film by Milos Radovic,2003-01-01T00:00:00Z,90.0
movies_4028,Q11773597,Colette,2013 film by Milan Cieslar,2013-09-12T00:00:00Z,126.0
movies_4029,Q11773879,Czech-Made Man,2011 film by Tomáš Řehořek,2011-04-21T00:00:00Z,96.0
movies_4030,Q117740151,Power Rangers Megaforce: Ultimate Team Power,2013 film by Jonathan Brough and Jonathan Tzachor,2013-09-03T00:00:00Z,95.0
movies_4031,Q117742969,Relay,2024 American film directed by David Mackenzie,2024-09-08T00:00:00Z,112.0
movies_4032,Q117743008,Gunner,2024 film directed by Dimitri Logothetis,2024-08-16T00:00:00Z,
movies_4033,Q117743095,The Wages of Fear,2024 film directed by Julien Leclercq,2024-01-01T00:00:00Z,104.0
movies_4034,Q117745793,Die My Love,2025 film directed by Lynne Ramsay,2025-05-17T00:00:00Z,118.0
movies_4035,Q117751447,"Bonnard, Pierre and Marthe",2023 film directed by Martin Provost,2024-01-10T00:00:00Z,
movies_4036,Q117753843,Moonless Dawn,2018 film,2019-07-20T00:00:00Z,60.0
movies_4037,Q117753851,How to Have Sex,2023 film by Molly Manning Walker,2024-04-04T00:00:00Z,91.0
movies_4038,Q117754551,Pie in the Sky: The Brigid Berlin Story,"2000 film directed by Shelly Dunn Fremont, Vincent Fremont",2001-04-25T00:00:00Z,75.0
movies_4039,Q117755170,Rhythm 'n' Bayous,2001 film directed by Robert Mugge,2001-02-16T00:00:00Z,107.0
movies_4040,Q117756249,Blues Divas,2005 film directed by Robert Mugge,2005-01-01T00:00:00Z,116.0
movies_4041,Q117756748,Josefov Meadows,film,2014-01-01T00:00:00Z,15.0
movies_4042,Q117769481,Drive-Away Dolls,2024 film directed by Ethan Coen,2024-02-22T00:00:00Z,84.0
movies_4043,Q117774926,Dust Up,2012 film directed by Ward Roberts,2012-01-01T00:00:00Z,93.0
movies_4044,Q117774966,The Feeling That the Time for Doing Something Has Passed,2023 film directed by Joanna Arnow,2024-04-26T00:00:00Z,87.0
movies_4045,Q117774977,Rocco's Double Anal Festival,film,2010-01-01T00:00:00Z,
movies_4046,Q117776827,Living with Models,film,2012-01-01T00:00:00Z,
movies_4047,Q11778298,Miasto z morza,2009 film by Andrzej Kotkowski,2009-09-09T00:00:00Z,
movies_4048,Q117787728,He Went That Way,2023 film directed by Jeffrey Darling,2024-01-05T00:00:00Z,95.0
movies_4049,Q117787907,Il pleut dans la maison,2023 film by Paloma Sermon-Daï,2024-04-03T00:00:00Z,82.0
movies_4050,Q117788960,Get Lost!,2018 film by Mirjam de With,2018-03-14T00:00:00Z,80.0
movies_4051,Q117789100,Living Space,2018 film by Steven Spiel,2018-03-10T00:00:00Z,80.0
movies_4052,Q117802160,The Round Table,2014 film,2014-01-01T00:00:00Z,113.0
movies_4053,Q11781244,Milion dolarów,2010 film by Janusz Kondratiuk,2010-06-11T00:00:00Z,107.0
movies_4054,Q117813157,Todos os santos,2013 tv film,2013-01-01T00:00:00Z,
movies_4055,Q117814731,The Hero - Abhimanyu,2009 Film directed by Santosh Mishra,2009-01-01T00:00:00Z,
movies_4056,Q117815968,Cold Copy,2023 film directed by Roxine Helberg,2024-01-26T00:00:00Z,91.0
movies_4057,Q117816594,This is the GOAT!,2024 film project directed by Fred Cavayé,2024-02-21T00:00:00Z,100.0
movies_4058,Q117816797,"LaRoy, Texas",2023 film directed by Shane Atkinson,2024-04-17T00:00:00Z,110.0
movies_4059,Q117818579,Paradise Is Burning,2023 film,2024-04-19T00:00:00Z,108.0
movies_4060,Q11782098,Miss mokrego podkoszulka,2003 film by Witold Adamek,2003-04-21T00:00:00Z,55.0
movies_4061,Q117824018,Killer Heat,2024 film directed by Philippe Lacôte,2024-09-26T00:00:00Z,97.0
movies_4062,Q117832872,"Hayflower, Quiltshoe and the Chicken",2024 film directed by Reetta Aalto,2024-02-16T00:00:00Z,76.0
movies_4063,Q11783561,Mystification,2010 film by Jacek Koprowicz,2010-02-24T00:00:00Z,
movies_4064,Q11784158,Milosc na wybiegu,2009 film by Krzysztof Lang,2009-08-21T00:00:00Z,94.0
movies_4065,Q11784165,Milosc w przejsciu podziemnym,2007 film by Janusz Majewski,2007-02-14T00:00:00Z,57.0
movies_4066,Q117842179,Project Silence,2023 South Korean film,2024-07-12T00:00:00Z,96.0
movies_4067,Q117842560,Dear Santa,2024 film directed by Bobby Farrelly,2024-11-25T00:00:00Z,
movies_4068,Q117842576,The First Omen,2024 film directed by Arkasha Stevenson,2024-04-03T00:00:00Z,119.0
movies_4069,Q117842577,Sweethearts,film directed by Jordan Weiss,2024-11-28T00:00:00Z,98.0
movies_4070,Q117842582,Rez Ball,2024 film directed by Sydney Freeland,2024-09-08T00:00:00Z,111.0
movies_4071,Q117842595,Night Swim,2024 film directed by Bryce McGuire,2024-01-03T00:00:00Z,98.0
movies_4072,Q117842630,The Piano Lesson,2024 film directed by Malcolm Washington,2024-08-31T00:00:00Z,125.0
movies_4073,Q11784265,Mniejsze zlo,2009 film by Janusz Morgenstern,2009-10-23T00:00:00Z,110.0
movies_4074,Q117843038,Old Guy,2024 film directed by Simon West,2024-10-17T00:00:00Z,93.0
movies_4075,Q117846221,Everything’s Going to Be Great,2025 film directed by Jon S. Baird,2025-06-09T00:00:00Z,95.0
movies_4076,Q117846418,El espejo,2008 tv film,2008-05-06T00:00:00Z,78.0
movies_4077,Q11784705,My Flesh My Blood,2010 film by Marcin Wrona,2010-01-29T00:00:00Z,90.0
movies_4078,Q117848301,Canary Black,2024 film directed by Pierre Morel,2024-10-24T00:00:00Z,101.0
movies_4079,Q11785073,Money Hai Toh Honey Hai,2008 film by Ganesh Acharya,2008-01-01T00:00:00Z,
movies_4080,Q11786367,Lost Things,2003 film,2003-05-17T00:00:00Z,83.0
movies_4081,Q11786370,The Brutal Truth,2001 film by Cameron Thor,2001-11-13T00:00:00Z,
movies_4082,Q11786533,Mujhe Kucch Kehna Hai,2001 film by Satish Kaushik,2001-05-25T00:00:00Z,
movies_4083,Q117865341,Spider-Man XXX 2: An Axel Braun Parody,film directed by Axel Braun,2014-05-13T00:00:00Z,89.0
movies_4084,Q11787810,My Father's Bike,2012 film by Piotr Trzaskalski,2012-11-16T00:00:00Z,90.0
movies_4085,Q117878418,Anatema,2023 film directed by Jimina Sabadú,2024-01-01T00:00:00Z,
movies_4086,Q11788465,Barefoot,2007 film by Piotr Matwiejczyk,2007-01-01T00:00:00Z,
movies_4087,Q11788952,Hope,2007 film by Stanislaw Mucha,2007-01-01T00:00:00Z,101.0
movies_4088,Q1179070,Day of the Dead 2: Contagium,2005 film,2005-01-01T00:00:00Z,94.0
movies_4089,Q1179096,Daybreak,2000 film directed by Jean Pellerin,2000-01-01T00:00:00Z,94.0
movies_4090,Q11791173,"Nie klam, kochanie",2008 film by Piotr Wereśniak,2008-03-28T00:00:00Z,100.0
movies_4091,Q11791188,Nie ma takiego numeru,2007 film by Bartosz Brzeskot,2007-11-16T00:00:00Z,89.0
movies_4092,Q11791282,"Heaven, Hell ... Earth",2009 film,2009-04-16T00:00:00Z,95.0
movies_4093,Q11791644,Insatiability,2003 film by Wiktor Grodecki,2003-11-28T00:00:00Z,125.0
movies_4094,Q11791714,The Unmoved Mover,2008 film by Łukasz Barczyk,2008-11-14T00:00:00Z,
movies_4095,Q117919465,Peyarar Subash,2023 Bangladeshi film,2024-02-09T00:00:00Z,
movies_4096,Q11791975,In Hiding,2013 film by Jan Kidawa-Błoński,2013-01-01T00:00:00Z,103.0
movies_4097,Q11791977,Nigdy w zyciu!,2004 film by Ryszard Zatorski,2004-02-13T00:00:00Z,
movies_4098,Q11792656,Noc swietego Mikolaja,2000 film by Janusz Kondratiuk,2000-12-06T00:00:00Z,56.0
movies_4099,Q117934,The Tour,2008 film by Goran Marković,2008-01-01T00:00:00Z,102.0
movies_4100,Q1179378,Moscow Square,2001 Hungarian film by Ferenc Török,2001-02-01T00:00:00Z,88.0
movies_4101,Q117945866,Find Me Falling,2024 film directed by Stelana Kliris,2024-07-19T00:00:00Z,94.0
movies_4102,Q11795633,"Och, Karol 2",2011 Polish comedy film directed by Piotr Wereśniak,2011-01-21T00:00:00Z,
movies_4103,Q11795829,It's a Perfect Night for Suicide,2012 film by Tomasz Szafrański,2012-11-30T00:00:00Z,115.0
movies_4104,Q11795835,Ode to Joy,2006 film by Anna Kazejak-Dawid,2006-04-19T00:00:00Z,
movies_4105,Q11796757,Louise's Garden,2008 film by Maciej Wojtyszko,2008-04-11T00:00:00Z,
movies_4106,Q11798531,Operation Danube,2009 film by Jacek Głomb,2009-07-23T00:00:00Z,104.0
movies_4107,Q11798541,Operacja Koza,2000 film by Konrad Szołajski,2000-03-31T00:00:00Z,95.0
movies_4108,Q117988,The Rest Is Silence,2007 film by Nae Caranfil,2007-01-01T00:00:00Z,
movies_4109,Q11800606,The Last Action,2009 film by Michał Rogalski,2009-09-11T00:00:00Z,
movies_4110,Q118011,Bus Conductor,2005 film by V. M. Vinu,2005-01-01T00:00:00Z,
movies_4111,Q11802369,Palimpsest,2006 film by Konrad Niewolski,2006-08-18T00:00:00Z,
movies_4112,Q1180275,Princesses,2005 film by Fernando León de Aranoa,2005-01-01T00:00:00Z,113.0
movies_4113,Q1180330,The Storm,2009 film directed by Ben Sombogaart,2009-01-01T00:00:00Z,93.0
movies_4114,Q118070772,She Is Conann,2023 film by Bertrand Mandico,2024-02-02T00:00:00Z,105.0
movies_4115,Q1180803,Dead End,2003 film directed by Jean-Baptiste Andrea and Fabrice Canepa,2003-01-01T00:00:00Z,85.0
movies_4116,Q1180805,The Dead Girl,2006 film by Karen Moncrieff,2006-01-01T00:00:00Z,93.0
movies_4117,Q1180884,Dead or Alive,1999 film by Takashi Miike,2001-01-25T00:00:00Z,105.0
movies_4118,Q1180921,Deadline,2009 film directed by Sean McConville,2009-01-01T00:00:00Z,89.0
movies_4119,Q1180928,Deadly Cargo,2003 film,2003-01-01T00:00:00Z,106.0
movies_4120,Q1180930,Radical Jack,2000 film directed by James Allen Bradley,2000-01-01T00:00:00Z,91.0
movies_4121,Q118114,Lion's Den,2008 film by Pablo Trapero,2008-01-01T00:00:00Z,113.0
movies_4122,Q118114963,DayMukti,2025 film by Badiul Alam Khokon,2025-02-07T00:00:00Z,
movies_4123,Q118122388,Loving Bali,2024 Dutch film directed by Johan Nijenhuis,2024-01-28T00:00:00Z,
movies_4124,Q1181262,Death Sentence,2007 film directed by James Wan,2007-01-01T00:00:00Z,105.0
movies_4125,Q1181263,Death Tunnel,2005 film by Philip Adrian Booth,2005-01-01T00:00:00Z,89.0
movies_4126,Q11813146,The Great Flood: Paris 2010,2006 film,2006-01-01T00:00:00Z,
movies_4127,Q1181317,Pistol Whipped,2008 film directed by Roel Reiné,2008-01-01T00:00:00Z,96.0
movies_4128,Q118146294,Motor City,2025 film directed by Potsy Ponciroli,2025-08-30T00:00:00Z,103.0
movies_4129,Q118151231,Expeditie Cupido,2024 Dutch film directed by Erwin van den Eshof,2024-07-17T00:00:00Z,
movies_4130,Q118153248,Aichaku,2025 film directed by Raito Nishizaka and Michael Williams,2024-08-01T00:00:00Z,
movies_4131,Q11816211,Phir Hera Pheri,2006 film by Neeraj Vora,2006-01-01T00:00:00Z,153.0
movies_4132,Q118164188,Serial Dater,film,2012-01-01T00:00:00Z,
movies_4133,Q11816595,Money Is Not Everything,2001 Polish film by Juliusz Machulski,2001-01-05T00:00:00Z,102.0
movies_4134,Q1181667,Debtocracy,2011 film by Katerina Kitidi and Aris Chatzistefanou,2011-01-01T00:00:00Z,74.0
movies_4135,Q118171400,The Flood,2023 film directed by Gianluca Jodice,2024-12-25T00:00:00Z,101.0
movies_4136,Q118175825,A Complete Unknown,2024 film directed by James Mangold,2024-12-25T00:00:00Z,141.0
movies_4137,Q11818371,Piotrek the 13th,2010 film by Piotr Matwiejczyk,2010-02-10T00:00:00Z,87.0
movies_4138,Q118189016,Women's Useless Man,2009 film,2009-01-01T00:00:00Z,95.0
movies_4139,Q11819216,Saviour Square,"2006 film by Krzysztof Krauze, Joanna Kos-Krauze",2006-01-01T00:00:00Z,105.0
movies_4140,Q118194141,Polish Legends: The Dragon,2015 short film directed by Tomasz Bagiński,2015-01-01T00:00:00Z,14.0
movies_4141,Q118195212,Polish Legends: Twardowsky,2015 short film directed by Tomasz Bagiński,2015-01-01T00:00:00Z,9.0
movies_4142,Q118196134,Polish Legends. Twardowsky 2.0,2016 short film directed by Tomasz Bagiński,2016-01-01T00:00:00Z,21.0
movies_4143,Q11819895,Po sezonie,2006 film by Janusz Majewski,2006-03-31T00:00:00Z,89.0
movies_4144,Q11820176,The Underneath,2006 film by Marek Gajczak,2006-10-13T00:00:00Z,73.0
movies_4145,Q11820667,DonT Stop,2012 film directed by Richard Řeřicha,2012-06-14T00:00:00Z,98.0
movies_4146,Q11820993,Pogoda na jutro,2003 film by Jerzy Stuhr,2003-10-03T00:00:00Z,95.0
movies_4147,Q118212751,Final Destination Bloodlines,2025 film directed by Adam Stein and Zach Lipovsky,2025-05-14T00:00:00Z,110.0
movies_4148,Q11821482,The Don Juans,2013 film by Jiří Menzel,2013-01-01T00:00:00Z,102.0
movies_4149,Q118214971,Fresh Kills,2023 film by Jennifer Esposito,2024-05-17T00:00:00Z,120.0
movies_4150,Q118225361,Inmortal,2020 Argentine film directed by Fernando Spiner,2020-01-01T00:00:00Z,96.0
movies_4151,Q118233986,The Dishwasher,"Canadian drama film, directed by Francis Leclerc and released in 2023",2024-01-03T00:00:00Z,127.0
movies_4152,Q118234677,Riddle of Fire,2023 film,2024-03-22T00:00:00Z,114.0
movies_4153,Q1182350,Deep Blue,2003 nature documentary film,2003-01-01T00:00:00Z,83.0
movies_4154,Q1182357,Deep Core,2000 film directed by Rodney McDonald,2000-10-21T00:00:00Z,87.0
movies_4155,Q11823921,Popieluszko: Freedom Is Within Us,2009 film by Rafał Wieczyński,2009-02-27T00:00:00Z,109.0
movies_4156,Q11824035,Poranek kojota,2001 film by Olaf Lubaszenko,2001-08-24T00:00:00Z,100.0
movies_4157,Q1182526,Deewaar,2004 Indian war film directed by Milan Luthria,2004-01-01T00:00:00Z,160.0
movies_4158,Q1182609,Defendor,2009 film by Peter Stebbings,2009-01-01T00:00:00Z,98.0
movies_4159,Q11826268,South by North,2007 film by Łukasz Karwowski,2007-01-26T00:00:00Z,
movies_4160,Q11826867,Law of the father,2000 film by Marek Kondrat,2000-01-14T00:00:00Z,
movies_4161,Q118270949,Paradox Effect,2023 film directed by Scott Weintrob,2024-09-24T00:00:00Z,87.0
movies_4162,Q11827425,Production Office,2008 film,2008-01-14T00:00:00Z,
movies_4163,Q118278015,The Good Teacher,2024 film by Teddy Lussi-Modeste,2024-01-18T00:00:00Z,91.0
movies_4164,Q118278864,Ojos de arena,2020 film directed by Alejandra Marino,2020-01-01T00:00:00Z,92.0
movies_4165,Q118280364,La casa de los conejos,2020 film directed by Valeria Selinger,2020-01-01T00:00:00Z,94.0
movies_4166,Q11828408,Journey to the Beginning of the Time of Economic Transformation,2010 film by Radim Procházka,2010-09-02T00:00:00Z,57.0
movies_4167,Q11828414,The Spring to Come,2001 film by Filip Bajon,2001-03-02T00:00:00Z,140.0
movies_4168,Q118287624,The Order,2024 film directed by Justin Kurzel,2024-08-31T00:00:00Z,144.0
movies_4169,Q11828831,Przemiany,2003 film by Łukasz Barczyk,2003-10-10T00:00:00Z,
movies_4170,Q118289674,A Mother's Touch,2022 film by Junpei Matsumoto,2024-02-28T00:00:00Z,113.0
movies_4171,Q11829042,Chicken Tikka Masala,2005 film,2005-01-01T00:00:00Z,90.0
movies_4172,Q11829895,Przybyli ułani,2006 film by Sylwester Chęciński,2006-08-15T00:00:00Z,
movies_4173,Q118304336,Arcade on Route 9,2006 American gay pornographic film,2006-08-01T00:00:00Z,
movies_4174,Q118309891,"Modì, Three Days on the Wing of Madness",2024 film directed by Johnny Depp,2024-09-24T00:00:00Z,
movies_4175,Q11832270,Pól serio,2001 film by Tomasz Konecki,2001-04-20T00:00:00Z,85.0
movies_4176,Q118323603,Hard Miles,2023 film directed by R.J. Daniel Hanna,2024-04-19T00:00:00Z,108.0
movies_4177,Q1183241,The Ex,2006 American comedy film directed by Jesse Peretz,2006-01-01T00:00:00Z,88.0
movies_4178,Q1183257,The Way,2010 film directed by Emilio Estevez,2010-09-10T00:00:00Z,121.0
movies_4179,Q1183268,"Yours, Mine and Ours",2005 film by Raja Gosnell,2005-01-01T00:00:00Z,95.0
movies_4180,Q11834390,Requiem,2001 film by Witold Leszczyński,2001-10-12T00:00:00Z,
movies_4181,Q118352225,Momê,2020 film directed by Rodi Güven Yalçınkaya,2020-09-28T00:00:00Z,
movies_4182,Q118364834,Heads of State,2025 American film directed by Ilya Naishuller,2025-07-02T00:00:00Z,113.0
movies_4183,Q118368611,Reading Lolita in Tehran,2024 film by Eran Riklis,2024-01-01T00:00:00Z,108.0
movies_4184,Q11837167,Mr. Blot's Triumph,2001 film by Krzysztof Gradowski,2001-10-12T00:00:00Z,72.0
movies_4185,Q11837540,So Young,2013 Chinese drama film directed by Zhao Wei,2013-04-26T00:00:00Z,131.0
movies_4186,Q11838034,Wtorek,2002 film by Witold Adamek,2001-01-01T00:00:00Z,
movies_4187,Q118382825,Rosalie,2023 film directed by Stéphanie Di Giusto,2024-04-10T00:00:00Z,115.0
movies_4188,Q118384190,Turn Me On,2024 film directed by Michael Tyburski,2024-09-24T00:00:00Z,
movies_4189,Q118384191,Detained,2024 film directed by Felipe Mucci,2024-08-02T00:00:00Z,97.0
movies_4190,Q118384193,Hellboy: The Crooked Man,2024 film directed by Brian Taylor,2024-10-08T00:00:00Z,99.0
movies_4191,Q11838498,Dobro ustimani mrtvaci,2005 film by Benjamin Filipović,2005-09-28T00:00:00Z,92.0
movies_4192,Q118386092,Goodrich,2024 film directed by Hallie Meyers-Shyer,2024-10-08T00:00:00Z,
movies_4193,Q11838666,That Life Makes Sense,2001 film by Grzegorz Lipiec,2001-04-04T00:00:00Z,87.0
movies_4194,Q118387582,A Part of You,2024 film directed by Sigge Eklund,2024-05-31T00:00:00Z,
movies_4195,Q11839011,100 Ghost Street: The Return of Richard Speck,2012 film directed by Martin Andersen,2012-01-01T00:00:00Z,80.0
movies_4196,Q118402573,Angels Fallen: Warriors of Peace,2024 film directed by Ali Zamani,2024-07-09T00:00:00Z,
movies_4197,Q118402587,Arcadian,2024 film directed by Ben Brewer,2024-03-11T00:00:00Z,92.0
movies_4198,Q118405167,Anyone but You,2023 film directed by Will Gluck,2024-01-18T00:00:00Z,103.0
movies_4199,Q118431420,Bio,2017 film directed by Carlos Gerbase,2017-08-24T00:00:00Z,105.0
movies_4200,Q1184339,Deliver Us from Evil,2006 film by Amy J. Berg,2006-06-24T00:00:00Z,101.0
movies_4201,Q118494238,Os Amigos,2013 film directed by Lina Chamie,2013-08-14T00:00:00Z,99.0
movies_4202,Q11849479,21 Ways to Ruin a Marriage,2013 film directed by Johanna Vuoksenmaa,2013-02-08T00:00:00Z,89.0
movies_4203,Q11849530,Simo Times Three,2012 film by Teemu Nikki,2012-09-14T00:00:00Z,86.0
movies_4204,Q11849616,8-Ball,2013 Finnish film directed by Aku Louhimies,2013-01-30T00:00:00Z,107.0
movies_4205,Q118498805,Devi Chowdhurani: Bandit Queen of Bengal,2025 film by Subhrajit Mitra,2024-01-01T00:00:00Z,
movies_4206,Q118502010,Devara: Part 1,upcoming Indian Telugu-language film by Koratala Siva,2024-04-05T00:00:00Z,178.0
movies_4207,Q1185105,Nearest to Heaven,2002 film by Tonie Marshall,2002-01-01T00:00:00Z,95.0
movies_4208,Q118527770,Berlin Drifters,2017 film directed by Kōichi Imaizumi,2017-01-01T00:00:00Z,123.0
movies_4209,Q11853804,Badding,2000 film directed by Markku Pölönen,2000-08-02T00:00:00Z,103.0
movies_4210,Q11854200,Concrete Night,2013 film by Pirjo Honkasalo,2013-01-01T00:00:00Z,93.0
movies_4211,Q11854461,Bohemian Eyes,2011 film directed by Janne Kuusi,2011-01-01T00:00:00Z,
movies_4212,Q1185528,Swing Girls,2004 film by Shinobu Yaguchi,2004-09-11T00:00:00Z,105.0
movies_4213,Q1185637,Sharpe's Peril,2008 film by Tom Clegg,2008-11-02T00:00:00Z,
movies_4214,Q11856383,The Dudesons Movie,2006 film directed by Jarno Laasala,2006-01-01T00:00:00Z,75.0
movies_4215,Q1185651,Kamen Rider Decade: All Riders vs. Dai-Shocker,2009 film by Osamu Kaneda,2009-01-01T00:00:00Z,
movies_4216,Q118567428,Beating Hearts,2024 film by Gilles Lellouche,2024-05-23T00:00:00Z,166.0
movies_4217,Q1185737,Code Blue,2011 film by Urszula Antoniak,2011-01-01T00:00:00Z,81.0
movies_4218,Q11857715,For the Living and the Dead,2005 Finnish film directed by Kari Paljakka,2005-02-18T00:00:00Z,105.0
movies_4219,Q118609018,Bellicher: Cel,2012 film directed by Peter de Baan,2012-09-28T00:00:00Z,88.0
movies_4220,Q11862062,Hella W,2011 Finnish film directed by Juha Wuolijoki,2011-01-28T00:00:00Z,82.0
movies_4221,Q11862100,Helmiä ja sikoja,2003 film directed by Perttu Leppä,2003-08-29T00:00:00Z,113.0
movies_4222,Q11862433,Mr Hayhill and the Lion Wind Vane,"2011 film by Matti Grönberg, Pekka Karjalainen",2011-12-23T00:00:00Z,
movies_4223,Q11863246,The House,2011 film by Zuzana Liová,2011-09-29T00:00:00Z,97.0
movies_4224,Q11863322,Dum U Zlateho usvitu,2009 film,2009-01-01T00:00:00Z,93.0
movies_4225,Q118640057,Tatami,2023 film directed by Guy Nattiv and Zar Amir Ebrahimi,2025-06-13T00:00:00Z,105.0
movies_4226,Q118641054,It Ends With Us,2024 film directed by Justin Baldoni,2024-08-07T00:00:00Z,130.0
movies_4227,Q1186461,Demon Pond,2005 film by Takashi Miike,2005-01-01T00:00:00Z,129.0
movies_4228,Q118646219,#AMFAD All My Friends Are Dead,2024 film directed by Marcus Dunstan,2024-06-08T00:00:00Z,
movies_4229,Q1186490,Demonlover,2002 film by Olivier Assayas,2002-01-01T00:00:00Z,116.0
movies_4230,Q1186557,Glee: The 3D Concert Movie,2011 film by Kevin Tancharoen,2011-08-06T00:00:00Z,84.0
movies_4231,Q118669513,My Very Ghanaian Wedding,2017 film directed by Helel Smith,2017-01-01T00:00:00Z,
movies_4232,Q11868933,Things We Do for Love,2013 film by Matti Ijäs,2013-02-01T00:00:00Z,96.0
movies_4233,Q11869210,Kalevala: The New Era,2013 film directed by Jari Halonen,2013-01-01T00:00:00Z,110.0
movies_4234,Q11870902,Ken Tulta Pyytaa,2001 film by Sakari Kirjavainen,2001-01-01T00:00:00Z,
movies_4235,Q1187127,Kadal,2013 Tamil film directed by Mani Ratnam,2013-01-01T00:00:00Z,151.0
movies_4236,Q118713,Freaky Friday,2003 American film directed by Mark Waters,2003-08-06T00:00:00Z,97.0
movies_4237,Q11872833,Home Sweet Home,2011 Finnish film by Aleksi Mäkelä,2011-01-01T00:00:00Z,
movies_4238,Q11873769,The Interrogation,2009 film by Jörn Donner,2009-01-01T00:00:00Z,110.0
movies_4239,Q118739,Gay Sex in the 70s,2005 documentary film directed by Joseph Lovett,2005-01-01T00:00:00Z,71.0
movies_4240,Q11874491,Return to Plainlands,2000 film by Ilkka Vanne,2000-01-14T00:00:00Z,98.0
movies_4241,Q1187607,Edge of Tomorrow,2014 film directed by Doug Liman,2014-05-29T00:00:00Z,113.0
movies_4242,Q11876205,The South,2000 Finnish film by Aleksi Mäkelä,2000-12-01T00:00:00Z,89.0
movies_4243,Q118765520,The History of Sound,2025 film directed by Oliver Hermanus,2025-05-21T00:00:00Z,127.0
movies_4244,Q11879237,Vendeta,2011 film,2011-01-01T00:00:00Z,86.0
movies_4245,Q11880721,Mama Africa – Miriam Makeba,2011 documentary film by Mika Kaurismäki,2011-02-12T00:00:00Z,92.0
movies_4246,Q11882433,August Fools,2013 Finnish film by Taru Mäkelä,2013-10-04T00:00:00Z,101.0
movies_4247,Q11883018,Where Once We Walked,2011 film directed by Peter Lindholm,2011-10-28T00:00:00Z,120.0
movies_4248,Q1188348,Fermat's Room,2007 film by Luis Piedrahita,2007-01-01T00:00:00Z,88.0
movies_4249,Q1188411,Aadukalam,2011 Tamil film directed by Vetrimaaran,2011-01-01T00:00:00Z,160.0
movies_4250,Q118871439,My Papa Master,2016 Vietnamese martial arts action comedy film,2016-01-29T00:00:00Z,
movies_4251,Q11887275,The Geography of Fear,2000 film by Auli Mantila,2000-01-21T00:00:00Z,91.0
movies_4252,Q1188808,The Seeker,2007 film by David L. Cunningham,2007-01-01T00:00:00Z,95.0
movies_4253,Q11888612,Ponterosa,2001 film,2001-01-01T00:00:00Z,
movies_4254,Q11888843,Princess,2010 Finnish film by Arto Halonen,2010-09-10T00:00:00Z,104.0
movies_4255,Q11889185,Falling Angels,2008 Finnish film directed by Heikki Kujanpää,2008-12-05T00:00:00Z,102.0
movies_4256,Q118904382,How to Train Your Dragon,2025 film directed by Dean DeBlois,2025-06-11T00:00:00Z,125.0
movies_4257,Q11890922,Ricky Rapper and Cool Wendy,2012 film directed by Mari Rantasila,2012-02-10T00:00:00Z,73.0
movies_4258,Q11891250,Garbage Prince,2011 Finnish film directed by Raimo O. Niemi,2011-06-15T00:00:00Z,101.0
movies_4259,Q1189180,Quarantine 2: Terminal,2011 film by John Pogue,2011-01-27T00:00:00Z,83.0
movies_4260,Q118921851,Red Rooms,2023 drama film by Pascal Plante,2024-01-17T00:00:00Z,118.0
movies_4261,Q1189317,Tyrannosaur,2011 film directed by Paddy Considine,2011-01-01T00:00:00Z,91.0
movies_4262,Q11893320,Sibelius,2003 Finnish film directed by Timo Koivusalo,2003-09-12T00:00:00Z,120.0
movies_4263,Q1189392,Blind Dating,2006 film by James Keach,2006-01-01T00:00:00Z,95.0
movies_4264,Q1189436,"OSS 117: Cairo, Nest of Spies",2006 film by Michel Hazanavicius,2006-01-01T00:00:00Z,99.0
movies_4265,Q11894634,Pudana Last of the Line,2010 film by Markku Lehmuskallio,2010-01-01T00:00:00Z,80.0
movies_4266,Q11895653,Body of Water,2011 film by Joona Tena,2011-10-07T00:00:00Z,105.0
movies_4267,Q1189580,Grave Encounters,2011 film directed by Colin Minihan and Stuart Ortiz,2011-01-01T00:00:00Z,95.0
movies_4268,Q1189617,Marley,2012 film by Kevin Macdonald,2012-01-01T00:00:00Z,106.0
movies_4269,Q1189674,Everything Must Go,2010 film by Dan Rush,2010-01-01T00:00:00Z,97.0
movies_4270,Q1189690,De l'autre côté du lit,2008 film by Pascale Pouzadoux,2008-01-01T00:00:00Z,93.0
movies_4271,Q1189696,Behind Enemy Lines II: Axis of Evil,2006 film by James Dodson,2006-01-01T00:00:00Z,92.0
movies_4272,Q1189728,Wuthering Heights,2011 film directed by Andrea Arnold,2011-01-01T00:00:00Z,129.0
movies_4273,Q11897392,Thomas,2008 Finnish film directed by Miika Soini,2008-06-01T00:00:00Z,70.0
movies_4274,Q118984114,Under Therapy,2023 film by Gerardo Herrero,2024-11-14T00:00:00Z,93.0
movies_4275,Q11899211,Stars Above,2012 Finnish film directed by Saara Cantell,2012-03-02T00:00:00Z,101.0
movies_4276,Q11899258,Under the North Star II,2010 Finnish film directed by Timo Koivusalo,2010-09-24T00:00:00Z,138.0
movies_4277,Q11900201,Valo,2005 Finnish film directed by Kaija Juurikkala,2005-10-07T00:00:00Z,84.0
movies_4278,Q11900483,Vares: The Path of the Righteous Men,2012 film directed by Anders Engström,2012-01-01T00:00:00Z,93.0
movies_4279,Q11900489,Vares: Gambling Chip,2012 film directed by Lauri Törhönen,2012-01-01T00:00:00Z,
movies_4280,Q119011994,Sky Court,2011 film directed by Alyona Zvantsova,2011-01-01T00:00:00Z,
movies_4281,Q11903535,14 d'abril. Macià contra Companys,2011 film by Manuel Huerga,2011-01-01T00:00:00Z,90.0
movies_4282,Q11904702,Al final de la escapada,2011 film by Albert Solé i Bruset,2011-01-01T00:00:00Z,79.0
movies_4283,Q1190492,P2,2007 film by Franck Khalfoun,2007-01-01T00:00:00Z,96.0
movies_4284,Q119053378,Your Monster,2024 film directed by Caroline Lindy,2024-01-18T00:00:00Z,98.0
movies_4285,Q119053379,The Return,2024 film directed by Uberto Pasolini,2024-09-07T00:00:00Z,
movies_4286,Q119053380,Echo Valley,2025 film directed by Michael Pearce,2025-06-06T00:00:00Z,103.0
movies_4287,Q119059033,Blue Eyed Girl,2025 film directed by J. Mills Goodloe,2025-11-21T00:00:00Z,
movies_4288,Q11906150,Any de Gràcia,2011 film by Ventura Pons,2011-01-01T00:00:00Z,90.0
movies_4289,Q119064873,Speak No Evil,2024 film directed by James Watkins,2024-09-12T00:00:00Z,110.0
movies_4290,Q11908166,"Barcelona, abans que el temps ho esborri",2011 film by Mireia Ros,2011-01-01T00:00:00Z,93.0
movies_4291,Q1190863,Not One Less,1999 film by Zhang Yimou,2000-01-12T00:00:00Z,106.0
movies_4292,Q1190988,Bright Star,2009 film by Jane Campion,2009-01-01T00:00:00Z,119.0
movies_4293,Q11909982,Bridget Jones's Baby,2016 film directed by Sharon Maguire,2016-09-05T00:00:00Z,122.0
movies_4294,Q11910021,"Bruc, the Manhunt",2010 film by Daniel Benmayor,2010-01-01T00:00:00Z,
movies_4295,Q1191106,The Banger Sisters,2002 film by Bob Dolman,2002-01-01T00:00:00Z,98.0
movies_4296,Q119111677,Hell of a Summer,2023 film by Finn Wolfhard and Billy Bryk,2025-04-04T00:00:00Z,88.0
movies_4297,Q1191176,Uzumaki,2000 film by Higuchinsky,2000-02-11T00:00:00Z,90.0
movies_4298,Q11912260,Caracremada,2010 film by Lluís Galter,2010-01-01T00:00:00Z,98.0
movies_4299,Q1191318,Between Strangers,2002 film by Edoardo Ponti,2002-01-01T00:00:00Z,97.0
movies_4300,Q11913252,Catalunya über alles!,2010 film by Ramon Térmens,2010-01-01T00:00:00Z,100.0
movies_4301,Q119144307,Nelson,2020 film directed by Ludi Boeken,2020-09-25T00:00:00Z,75.0
movies_4302,Q119149787,Sacramento,2024 film directed by Michael Angarano,2024-06-08T00:00:00Z,84.0
movies_4303,Q119156315,Prinsessa Pikkiriikki,2024 film by Lauri Maijala,2024-03-27T00:00:00Z,74.0
movies_4304,Q1191668,Kamikaze Girls,2004 film by Tetsuya Nakashima,2004-01-01T00:00:00Z,102.0
movies_4305,Q1191847,Space Battleship Yamato,2010 film by Takashi Yamazaki,2010-01-01T00:00:00Z,138.0
movies_4306,Q1191928,Monkeybone,2001 film by Henry Selick,2001-02-23T00:00:00Z,92.0
movies_4307,Q119206814,The Amateur,2025 film directed by James Hawes,2025-04-09T00:00:00Z,123.0
movies_4308,Q119206819,My Old Ass,2024 film directed by Megan Park,2024-09-13T00:00:00Z,89.0
movies_4309,Q1192128,The Albanian,2010 film directed by Johannes Naber,2010-06-28T00:00:00Z,104.0
movies_4310,Q11921378,Excuses!,2003 film by Joel Joan,2003-01-01T00:00:00Z,84.0
movies_4311,Q1192184,El otro,2007 film by Ariel Rotter,2007-01-01T00:00:00Z,83.0
movies_4312,Q1192189,The Other Man,2008 film by Richard Eyre,2008-01-01T00:00:00Z,88.0
movies_4313,Q1192239,The Architect,2008 film by Ina Weisse,2008-01-01T00:00:00Z,93.0
movies_4314,Q119225271,Last Breath,2025 film directed by Alex Parkinson,2025-02-28T00:00:00Z,93.0
movies_4315,Q1192268,Der Atem des Himmels,2010 film by Reinhold Bilgeri,2010-01-01T00:00:00Z,138.0
movies_4316,Q1192319,Heartbreaker,2010 film directed by Pascal Chaumeil,2010-01-01T00:00:00Z,105.0
movies_4317,Q11923380,Phoenix 11·23,2012 film by Joel Joan,2012-01-01T00:00:00Z,90.0
movies_4318,Q1192353,One 2 Ka 4,2001 film by Shashilal K. Nair,2001-01-01T00:00:00Z,170.0
movies_4319,Q1192363,The Pacifier,2005 film by Adam Shankman,2005-03-04T00:00:00Z,95.0
movies_4320,Q119238688,Explanation for Everything,2023 film directed by Gábor Reisz,2024-12-19T00:00:00Z,151.0
movies_4321,Q1192488,Hana and Alice,2004 film by Shunji Iwai,2004-01-01T00:00:00Z,135.0
movies_4322,Q11925815,Angels,2012 film by Róbert Sveda,2012-05-03T00:00:00Z,95.0
movies_4323,Q1192731,August,2008 film directed by Austin Chick,2008-01-22T00:00:00Z,88.0
movies_4324,Q1192764,Chill Factor,1999 film by Hugh Johnson,2000-03-16T00:00:00Z,101.0
movies_4325,Q11928,Swing Vote,2008 film by Joshua Michael Stern,2008-01-01T00:00:00Z,120.0
movies_4326,Q1192874,We Are Marshall,2006 film directed by McG,2006-01-01T00:00:00Z,124.0
movies_4327,Q11930201,El idioma imposible,2010 film by Rodrigo Rodero,2010-11-26T00:00:00Z,90.0
movies_4328,Q11931016,La máquina de bailar,2006 film by Óscar Aibar,2006-01-01T00:00:00Z,102.0
movies_4329,Q1193235,The Fakir,2004 film by Peter Flinth,2004-12-25T00:00:00Z,85.0
movies_4330,Q1193282,Drowning Mona,2000 film by Nick Gomez,2000-01-01T00:00:00Z,92.0
movies_4331,Q1193350,Devil's Pond,2003 film,2003-01-01T00:00:00Z,92.0
movies_4332,Q1193360,A Map of the Heart,2002 film by Dominik Graf,2002-02-10T00:00:00Z,122.0
movies_4333,Q1193385,Fireproof,2008 film by Alex Kendrick,2008-01-01T00:00:00Z,122.0
movies_4334,Q119341,Dragonfly,2002 drama film directed by Tom Shadyac,2002-02-18T00:00:00Z,104.0
movies_4335,Q1193429,Büyü,2004 film by Orhan Oğuz,2004-01-01T00:00:00Z,98.0
movies_4336,Q1193433,Ip Man 2,2010 film by Wilson Yip,2010-04-29T00:00:00Z,108.0
movies_4337,Q1193443,An American Haunting,2005 film by Courtney Solomon,2005-11-05T00:00:00Z,90.0
movies_4338,Q1193481,The Vanishing Point,2007 film by Laurent de Bartillat,2007-01-01T00:00:00Z,88.0
movies_4339,Q1193488,The Grudge 2,2006 film by Takashi Shimizu,2006-11-09T00:00:00Z,95.0
movies_4340,Q119348999,The Radleys,film by Euros Lyn,2024-11-07T00:00:00Z,115.0
movies_4341,Q1193562,Beau Travail,1999 film by Claire Denis,2000-05-03T00:00:00Z,92.0
movies_4342,Q1193633,The Fox and the Child,2007 film by Luc Jacquet,2007-12-05T00:00:00Z,92.0
movies_4343,Q1193803,Ghost of Mae Nak,2005 film by Mark Duffield,2005-01-01T00:00:00Z,102.0
movies_4344,Q1193810,Chandramukhi,2005 Indian Tamil-language film directed by P. Vasu,2005-01-01T00:00:00Z,167.0
movies_4345,Q11938525,Black Buenos Aires,2009 film by Ramon Térmens,2009-11-13T00:00:00Z,90.0
movies_4346,Q1194035,Big Man Japan,2007 film by Hitoshi Matsumoto,2007-06-02T00:00:00Z,113.0
movies_4347,Q119411068,Ricky Stanicky,2024 film by Peter Farrelly,2024-03-07T00:00:00Z,108.0
movies_4348,Q119414655,Close to You,film directed by Dominic Savage,2024-08-16T00:00:00Z,100.0
movies_4349,Q11942384,Oldies But Goldies,2012 film by Jiří Strach,2012-04-12T00:00:00Z,97.0
movies_4350,Q1194283,Man of the House,2005 film by Stephen Herek,2005-01-01T00:00:00Z,97.0
movies_4351,Q1194323,Behind Blue Skies,2010 Swedish film by Hannes Holm,2010-10-15T00:00:00Z,112.0
movies_4352,Q119444402,Phoenixes,feature film directed by Jonathan Beaulieu-Cyr,2024-09-13T00:00:00Z,90.0
movies_4353,Q1194510,...More than 1000 Words,2006 film by Solo Avital,2006-01-01T00:00:00Z,45.0
movies_4354,Q1194587,The Caiman,2006 film by Nanni Moretti,2006-01-01T00:00:00Z,112.0
movies_4355,Q1194768,Paul Blart: Mall Cop,2009 film directed by Steve Carr,2009-01-06T00:00:00Z,87.0
movies_4356,Q1194810,Daddy Day Camp,2007 film by Fred Savage,2007-01-01T00:00:00Z,89.0
movies_4357,Q1194947,The Circle,2000 film directed by Jafar Panahi,2000-01-01T00:00:00Z,88.0
movies_4358,Q1195206,Der Letzte macht das Licht aus!,2007 film directed by Clemens Schönborn,2007-01-16T00:00:00Z,84.0
movies_4359,Q1195247,Impossibly Yours,2006 film by Torsten C. Fischer,2006-01-01T00:00:00Z,112.0
movies_4360,Q119526,In the House,2012 film by François Ozon,2012-01-01T00:00:00Z,102.0
movies_4361,Q119529709,Aimless (2013),"Vietnamese film, directed by Pham Nhue Giang",2013-09-01T00:00:00Z,
movies_4362,Q11953007,Trash,2009 film by Carles Torras,2009-01-01T00:00:00Z,90.0
movies_4363,Q11953057,Three Days with the Family,2009 film by Mar Coll,2009-04-23T00:00:00Z,88.0
movies_4364,Q119549900,Juror #2,2024 film by Clint Eastwood,2024-10-27T00:00:00Z,114.0
movies_4365,Q1195532,China Strike Force,2000 film by Stanley Tong,2000-01-01T00:00:00Z,92.0
movies_4366,Q11955430,Xtrems,2009 film by Abel Folk,2009-01-01T00:00:00Z,103.0
movies_4367,Q11956597,90 Minutes,2012 Norwegian film directed by Eva Sørhaug,2012-09-07T00:00:00Z,88.0
movies_4368,Q11957679,The Ambassador,Norwegian documentary film (2005),2005-01-01T00:00:00Z,55.0
movies_4369,Q1195825,Bloody Nuisance,2001 film by Andrea Katzenberger,2001-01-01T00:00:00Z,88.0
movies_4370,Q1195928,The Myth,2005 film directed by Stanley Tong,2005-01-01T00:00:00Z,118.0
movies_4371,Q1195980,The Names of Love,2010 film by Michel Leclerc,2010-05-13T00:00:00Z,100.0
movies_4372,Q11959981,Restless Souls,2005 film directed by Martin Schmidt,2005-05-27T00:00:00Z,94.0
movies_4373,Q1196024,Folle embellie,2004 film by Dominique Cabrera,2004-01-01T00:00:00Z,110.0
movies_4374,Q11960872,Rafiki,2009 film by Christian Lo,2009-10-30T00:00:00Z,79.0
movies_4375,Q1196108,The Covenant,2006 film directed by Renny Harlin,2006-01-01T00:00:00Z,97.0
movies_4376,Q119625134,No Address,2025 film directed by Julia Verdin,2025-02-28T00:00:00Z,125.0
movies_4377,Q119625136,Marmalade,2024 film directed by Keir O'Donnell,2024-02-09T00:00:00Z,99.0
movies_4378,Q1196277,The Prince and Me,2004 film by Martha Coolidge,2004-01-01T00:00:00Z,105.0
movies_4379,Q11963321,Cecilie,2007 film by Hans Fabian Wullenweber,2007-06-01T00:00:00Z,96.0
movies_4380,Q1196548,Der rote Kakadu,2006 film by Dominik Graf,2006-01-01T00:00:00Z,128.0
movies_4381,Q1196555,The Red Spot,2008 film by Marie Miyayama,2008-01-01T00:00:00Z,82.0
movies_4382,Q1196588,The Robber Hotzenplotz,2006 film by Gernot Roll,2006-01-01T00:00:00Z,94.0
movies_4383,Q1196707,Waterboys,2001 film by Shinobu Yaguchi,2001-09-07T00:00:00Z,90.0
movies_4384,Q11967389,An Enemy of the People,2005 film by Erik Skjoldbjærg,2005-01-01T00:00:00Z,
movies_4385,Q11967418,Must Have Been Love,2013 film directed by Eirik Svensson,2012-01-01T00:00:00Z,85.0
movies_4386,Q119680224,"I, The Executioner",Korean film by Ryoo Seung-wan,2024-01-01T00:00:00Z,118.0
movies_4387,Q11969071,The Mountain,2011 Norwegian film directed by Ole Giæver,2011-01-18T00:00:00Z,79.0
movies_4388,Q1196918,The Son,"2002 film by Luc Dardenne, Jean-Pierre Dardenne",2002-01-01T00:00:00Z,103.0
movies_4389,Q1196940,Gentlemen Officers: Save the Emperor,2008 film by Oleg Fomin,2008-01-01T00:00:00Z,101.0
movies_4390,Q1196958,The Soloist,2009 film by Joe Wright,2009-01-01T00:00:00Z,117.0
movies_4391,Q1197022,The Spy Who Came in from the Cold,1965 film directed by Martin Ritt,2009-09-24T00:00:00Z,112.0
movies_4392,Q119702307,Escape,2024 film directed by Rodrigo Cortés,2024-01-01T00:00:00Z,129.0
movies_4393,Q119703216,Vincent Must Die,2023 film directed by Stéphan Castang,2024-05-09T00:00:00Z,108.0
movies_4394,Q11970471,Fuck Up,2012 film directed by Øystein Karlsen,2012-01-01T00:00:00Z,96.0
movies_4395,Q119718080,Late Night with the Devil,2023 film directed by Cameron and Colin Cairnes,2024-03-19T00:00:00Z,92.0
movies_4396,Q1197224,Der Sturz - Honeckers Ende,2012 film by Eric Friedler,2012-01-01T00:00:00Z,90.0
movies_4397,Q1197236,The Guru,2002 film by Daisy von Scherler Mayer,2002-01-01T00:00:00Z,91.0
movies_4398,Q1197275,After Him,2007 film by Gaël Morel,2007-01-01T00:00:00Z,88.0
movies_4399,Q1197284,The Day the Earth Stopped,2008 film directed by C. Thomas Howell,2008-01-01T00:00:00Z,90.0
movies_4400,Q1197306,Day of the Wacko,2002 film by Marek Koterski,2002-01-01T00:00:00Z,93.0
movies_4401,Q11973291,Gunnar Goes Comfortable,2003 Norwegian film directed by Gunnar Hall Jensen,2003-10-31T00:00:00Z,75.0
movies_4402,Q1197427,The Squid and the Whale,2005 film by Noah Baumbach,2005-01-23T00:00:00Z,81.0
movies_4403,Q1197442,The Death of Mr. Lazarescu,2005 film by Cristi Puiu,2005-05-17T00:00:00Z,153.0
movies_4404,Q11975498,"Hjelp, vi er russ!",2011 Norwegian film directed by Kenneth Olaf Hjellum,2011-04-15T00:00:00Z,88.0
movies_4405,Q11975817,The Whore,2009 film by Reinert Kiil,2009-01-01T00:00:00Z,
movies_4406,Q1197657,Grabben i graven bredvid,2002 film by Kjell Sundvall,2002-01-01T00:00:00Z,90.0
movies_4407,Q11976727,"Through a Glass, Darkly",2008 Norwegian film directed by Jesper W. Nielsen,2008-10-24T00:00:00Z,95.0
movies_4408,Q11977315,Into the Dark,2012 film directed by Thomas Wangsmo,2012-01-01T00:00:00Z,85.0
movies_4409,Q1197796,Tempesta,2004 film directed by Tim Disney,2004-05-10T00:00:00Z,98.0
movies_4410,Q1197808,The Foster Boy,2011 film by Markus Imboden,2011-11-03T00:00:00Z,107.0
movies_4411,Q1197833,Make It Happen,2008 film by Darren Grant,2008-01-01T00:00:00Z,86.0
movies_4412,Q1197841,Vietnam in HD,2011 6-part American documentary television miniseries directed by Sammy Jackson,2011-01-01T00:00:00Z,360.0
movies_4413,Q1197861,What's in a Name?,"2012 film by Alexandre de La Patellière, Matthieu Delaporte",2012-01-01T00:00:00Z,109.0
movies_4414,Q1197869,Footloose,2011 film by Craig Brewer,2011-10-06T00:00:00Z,113.0
movies_4415,Q1197889,The Forest for the Trees,2003 film by Maren Ade,2003-10-23T00:00:00Z,81.0
movies_4416,Q1197932,Magic Mike,2012 American film directed by Steven Soderbergh,2012-01-01T00:00:00Z,111.0
movies_4417,Q1198097,The Wind Will Carry Us,1999 film by Abbas Kiarostami,2000-03-30T00:00:00Z,118.0
movies_4418,Q119819384,Atrabilious,2025 film directed by William Atticus Parker,2025-07-18T00:00:00Z,100.0
movies_4419,Q1198214,The Zodiac,2005 film directed by Alexander Bulkley,2005-01-01T00:00:00Z,97.0
movies_4420,Q119821866,Terrifier 3,2024 film by Damien Leone,2024-10-11T00:00:00Z,125.0
movies_4421,Q11982239,My Body,2002 film by Margreth Olin,2002-01-01T00:00:00Z,26.0
movies_4422,Q1198315,Breath of the Gods,2012 film by Jan Schmidt-Garre,2012-01-05T00:00:00Z,105.0
movies_4423,Q1198387,The Last Circus,2010 film by Álex de la Iglesia,2010-01-01T00:00:00Z,107.0
movies_4424,Q119841161,The All Is One,2023 film directed by Tobias Schönenberg,2024-05-16T00:00:00Z,
movies_4425,Q1198420,The Boondock Saints II: All Saints Day,2009 film by Troy Duffy,2009-01-01T00:00:00Z,110.0
movies_4426,Q1198434,The Wicked Uncle,2011 film by Urs Odermatt,2011-01-01T00:00:00Z,95.0
movies_4427,Q1198448,Digging for Belladonna,2006 film by Franka Potente,2006-01-01T00:00:00Z,43.0
movies_4428,Q11985403,A Single Shot,2013 film by David M. Rosenthal,2013-02-09T00:00:00Z,112.0
movies_4429,Q1198541,Wind Chill,2007 film by Gregory Jacobs,2007-01-01T00:00:00Z,91.0
movies_4430,Q119856907,The Last Rifleman,British film,2024-01-18T00:00:00Z,99.0
movies_4431,Q119856916,Patalliro!,2019 film by Kensaku Kobayashi,2019-06-28T00:00:00Z,
movies_4432,Q119856939,Padre,2016 Italian film,2016-01-01T00:00:00Z,91.0
movies_4433,Q1198645,Lessons of a Dream,2011 German drama film directed by Sebastian Grobler,2011-02-22T00:00:00Z,105.0
movies_4434,Q1198661,The Most Dangerous Man in America,2009 film by Rick Goldsmith,2009-01-01T00:00:00Z,92.0
movies_4435,Q1198760,The Day of the Cat,2010 film by Wolfgang Panzer,2010-01-21T00:00:00Z,88.0
movies_4436,Q119882908,Suncoast,2024 film directed by Laura Chinn,2024-01-21T00:00:00Z,109.0
movies_4437,Q119889,Aliens in the Attic,2009 American live-action/CGI-animated film by John Schultz,2009-07-31T00:00:00Z,107.0
movies_4438,Q1198900,The Answer Man,2009 film by John Hindman,2009-01-01T00:00:00Z,95.0
movies_4439,Q11989059,The Almost Man,2012 Norwegian comedy film directed by Martin Lund,2012-06-30T00:00:00Z,75.0
movies_4440,Q119892802,Force of Nature: The Dry 2,2024 film directed by Robert Connolly,2024-02-08T00:00:00Z,120.0
movies_4441,Q119892837,Summer Camp,2024 film directed by Castille Landon,2024-05-31T00:00:00Z,
movies_4442,Q119893109,Hounds,2023 film directed by Kamal Lazraq,2024-01-31T00:00:00Z,94.0
movies_4443,Q11989534,My Jealous Barber,2004 film by Annette Sjursen,2004-09-03T00:00:00Z,
movies_4444,Q1199038,Man About Town,2006 film by Mike Binder,2006-01-01T00:00:00Z,96.0
movies_4445,Q11991849,Angels in Fast Motion,2005 Danish film directed by Ole Christian Madsen,2005-03-04T00:00:00Z,120.0
movies_4446,Q1199219,Tresor,2009 film by Claude Berri and François Dupeyron,2009-01-01T00:00:00Z,85.0
movies_4447,Q1199262,Katy Perry: Part of Me,2012 film by Dan Cutforth and Jane Lipsitz,2012-06-26T00:00:00Z,95.0
movies_4448,Q11992900,Passing Darkness,2000 film by Knut Erik Jensen,2000-01-01T00:00:00Z,
movies_4449,Q1199381,The Last Kiss,2006 film by Tony Goldwyn,2006-09-10T00:00:00Z,115.0
movies_4450,Q11993850,Once Upon a Time in Norway,2007 film,2007-10-18T00:00:00Z,60.0
movies_4451,Q119949072,Lost & Found in Cleveland,2024 film directed by Marisa Guterman and Keith Gerchak,2024-10-19T00:00:00Z,
movies_4452,Q1199504,The Red Elvis,2007 film by Leopold Grün,2007-01-01T00:00:00Z,89.0
movies_4453,Q1199599,A Fine Day,2001 Film directed by Thomas Arslan,2001-01-01T00:00:00Z,74.0
movies_4454,Q1199733,Seeking Justice,2011 film by Roger Donaldson,2011-09-02T00:00:00Z,105.0
movies_4455,Q11997515,Journey to the Christmas Star,2012 Norwegian film directed by Nils Gaup,2012-11-09T00:00:00Z,76.0
movies_4456,Q119975269,Looking Through Water,2025 film directed by Roberto Sneider,2025-09-12T00:00:00Z,
movies_4457,Q1199756,Blood: The Last Vampire,2009 film directed by Chris Nahon,2009-01-01T00:00:00Z,85.0
movies_4458,Q1199793,The Skeleton Key,2005 film by Iain Softley,2005-07-29T00:00:00Z,104.0
movies_4459,Q1199853,The Tenth Summer,2003 film by Jörg Grünler,2003-02-09T00:00:00Z,96.0
movies_4460,Q1199869,Hold-Up,2000 film by Florian Flicker,2000-01-01T00:00:00Z,84.0
movies_4461,Q11998696,Russian Lessons,2009 documentary film,2009-01-01T00:00:00Z,111.0
movies_4462,Q1199912,Derailed,2002 film by Bob Misiorowski,2002-01-01T00:00:00Z,85.0
movies_4463,Q11999317,Together,2009 film by Matias Armand Jordal,2009-01-23T00:00:00Z,
movies_4464,Q1199960,StreetDance 3D,2010 film,2010-01-01T00:00:00Z,98.0
movies_4465,Q119998666,The Count of Monte Cristo,2024 French film sirected by Matthieu Delaporte and Alexandre de La Patellière,2024-05-22T00:00:00Z,173.0
movies_4466,Q120001910,The Bricklayer,2023 film directed by Renny Harlin,2024-01-05T00:00:00Z,110.0
movies_4467,Q12001226,Writer's Block and Artistic Ambitions,Norwegian motion picture,2011-01-01T00:00:00Z,
movies_4468,Q1200137,The Romantics,2010 film by Galt Niederhoffer,2010-01-01T00:00:00Z,93.0
movies_4469,Q12004262,Svein and the Rat and the UFO-Mystery,2007 film directed by Vibeke Ringen,2007-03-09T00:00:00Z,73.0
movies_4470,Q12005736,All for the Good of the World and Nosovice!,2011 film by Vít Klusák,2011-02-17T00:00:00Z,82.0
movies_4471,Q1200588,Desert Saints,2002 film by Richard Greenberg,2002-01-01T00:00:00Z,85.0
movies_4472,Q12006352,Kehilan comes home,2011 film,2011-08-26T00:00:00Z,84.0
movies_4473,Q12006689,Tomme Tønner 2 – Det brune gullet,2011 Norwegian film,2011-01-07T00:00:00Z,91.0
movies_4474,Q12006724,Tommys inferno,2005 Norwegian film directed by Ove Raymond Gyldenås,2005-08-19T00:00:00Z,95.0
movies_4475,Q1200673,Death Note,2006 film by Shūsuke Kaneko,2006-06-17T00:00:00Z,126.0
movies_4476,Q12006966,Lousy Bastards,2014 film,2014-04-04T00:00:00Z,95.0
movies_4477,Q120072944,You're Cordially Invited,2025 film directed by Nicholas Stoller,2025-01-30T00:00:00Z,109.0
movies_4478,Q12008230,Legenda No. 17,2013 Russian film by Nikolai Lebedev,2013-04-10T00:00:00Z,134.0
movies_4479,Q12008494,United,2003 film directed by Magnus Martens,2003-01-01T00:00:00Z,
movies_4480,Q1200856,Sultanes del Sur,2007 film,2007-01-01T00:00:00Z,98.0
movies_4481,Q12009052,Varg Veum — Cold Hearts,2012 film by Trond Espen Seim,2012-01-01T00:00:00Z,90.0
movies_4482,Q120105,The Woodsman,2004 film by Nicole Kassell,2004-01-01T00:00:00Z,87.0
movies_4483,Q1201141,Detention,2011 film directed by Joseph Kahn,2011-01-01T00:00:00Z,89.0
movies_4484,Q1201149,Detention,2003 film by Sidney J. Furie,2003-01-01T00:00:00Z,94.0
movies_4485,Q1201169,Deterrence,2000 film by Rod Lurie,2000-01-01T00:00:00Z,104.0
movies_4486,Q12012208,The Haunting of Helena,2012 film directed by Christian Bisceglia,2012-08-24T00:00:00Z,84.0
movies_4487,Q120122358,The Bothersome Man trailer,trailer for 2006 film by Jens Lien,2006-01-01T00:00:00Z,
movies_4488,Q1201227,Holiday in the Sun,2001 film by Steve Purcell,2001-11-20T00:00:00Z,89.0
movies_4489,Q120135479,Confidential Informant,2023 film directed by Michael Oblowitz,2024-01-25T00:00:00Z,88.0
movies_4490,Q120135481,The Salt Path,2024 film directed by Marianne Elliott,2024-09-05T00:00:00Z,
movies_4491,Q12013827,Jappeloup,2013 film by Christian Duguay,2013-03-13T00:00:00Z,125.0
movies_4492,Q120148120,C Street,2016 film directed by Peter James Iengo,2016-01-01T00:00:00Z,86.0
movies_4493,Q1201654,Deuce Bigalow: European Gigolo,2005 film by Mike Bigelow,2005-01-01T00:00:00Z,83.0
movies_4494,Q120170496,Bring Them Down,2024 film directed by Christopher Andrews,2024-09-08T00:00:00Z,
movies_4495,Q120176358,Khorfakkan,2020 Emirati film,2020-01-01T00:00:00Z,
movies_4496,Q1201853,Thor: The Dark World,2013 film directed by Alan Taylor,2013-10-31T00:00:00Z,112.0
movies_4497,Q120188866,Teresa,2023 film directed by Paula Ortiz,2025-03-13T00:00:00Z,100.0
movies_4498,Q120188885,Bird,2024 film directed by Andrea Arnold,2024-05-16T00:00:00Z,119.0
movies_4499,Q12019333,Heart Beat 3D,2010 film by Jan Němec,2010-12-16T00:00:00Z,65.0
movies_4500,Q12019701,Head Hands Heart,2010 film by David Jarab,2010-11-18T00:00:00Z,110.0
movies_4501,Q120199162,Camp Blood 8,2020 film by Dennis Devine,2020-01-01T00:00:00Z,77.0
movies_4502,Q120200710,Daddio,2023 film directed by Christy Hall,2024-06-27T00:00:00Z,101.0
movies_4503,Q120203597,Audrey’s Children,2024 film directed by Ami Canaan Mann,2024-06-01T00:00:00Z,
movies_4504,Q12020642,Hranari,2011 film,2011-12-01T00:00:00Z,95.0
movies_4505,Q12020767,Hrubeš a Mareš jsou kamarádi do deště,2005 film by Vladimír Morávek,2005-01-01T00:00:00Z,116.0
movies_4506,Q12021405,My Name was Sabina Spielrein,2002 documentary film by Elisabeth Márton,2002-01-01T00:00:00Z,
movies_4507,Q12021561,In nomine patris,2004 film,2004-01-01T00:00:00Z,98.0
movies_4508,Q120220874,Personal Movie,2012 film,2012-01-01T00:00:00Z,95.0
movies_4509,Q120237363,Tron: Ares,2025 film directed by Joachim Rønning,2025-10-09T00:00:00Z,
movies_4510,Q12024382,One Hand Can't Clap,2003 film directed by David Ondříček,2003-01-01T00:00:00Z,103.0
movies_4511,Q12027144,"Jsem slavná, tak akorát",2013 film by Jitka Němcová,2013-08-29T00:00:00Z,94.0
movies_4512,Q12027866,Kameňák,film directed by Zdeněk Troška,2003-01-01T00:00:00Z,100.0
movies_4513,Q120278931,Snow White XXX: An Axel Braun Parody,2014 film directed by Axel Braun,2014-04-23T00:00:00Z,134.0
movies_4514,Q120279954,The Rats: A Witcher Tale,2025 film directed by Mairzee Almas,2025-01-01T00:00:00Z,82.0
movies_4515,Q12029129,When She Jumped,2007 film by Sabrina Farji,2007-01-01T00:00:00Z,97.0
movies_4516,Q12029318,Clownwise,2013 film by Viktor Tauš,2013-11-28T00:00:00Z,120.0
movies_4517,Q120298449,Puppy Love,2020 Canadian film by Michael Maxxis,2020-01-01T00:00:00Z,110.0
movies_4518,Q12031667,Krysař,2003 film by František Brabec,2003-03-06T00:00:00Z,63.0
movies_4519,Q12032042,Kvaska,2007 film by Mirjam Müller Landa,2007-02-22T00:00:00Z,106.0
movies_4520,Q12032316,Wings of Christmas,2013 film,2013-11-14T00:00:00Z,110.0
movies_4521,Q12032430,Labyrint,2012 film by Tomáš Houška,2012-01-12T00:00:00Z,93.0
movies_4522,Q1203252,Don 2,2011 film directed by Farhan Akhtar,2011-01-01T00:00:00Z,150.0
movies_4523,Q120326801,The Universal Theory,2023 film by Timm Kröger,2024-11-14T00:00:00Z,118.0
movies_4524,Q120328157,Andrea Gets a Divorce,2024 film by Josef Hader,2024-02-23T00:00:00Z,
movies_4525,Q120333136,River,2023 film directed by Junta Yamaguchi,2024-01-10T00:00:00Z,82.0
movies_4526,Q120333402,Mori wolf: rei rei kara ai wo ueru,film,2012-07-14T00:00:00Z,
movies_4527,Q120333457,Akiho Yoshizawa Temptation: Eating Me,film,2007-12-07T00:00:00Z,
movies_4528,Q12034536,Love Is Love,2012 film by Milan Cieslar,2012-01-19T00:00:00Z,108.0
movies_4529,Q12034540,Love in the Grave,Czech documentary film (2012),2012-11-29T00:00:00Z,79.0
movies_4530,Q12034613,Líbáš jako ďábel,2012 film by Marie Poledňáková,2012-05-17T00:00:00Z,113.0
movies_4531,Q12034614,Honeymoon,2013 film by Jan Hřebejk,2013-06-29T00:00:00Z,98.0
movies_4532,Q12035179,Mamas & Papas,2010 film by Alice Nellis,2010-04-15T00:00:00Z,111.0
movies_4533,Q12035878,Martin a Venuse,2013 film directed by Jiří Chlumský,2013-03-05T00:00:00Z,102.0
movies_4534,Q12036415,Marhuľový ostrov,2011 film by Peter Bebjak,2011-01-01T00:00:00Z,102.0
movies_4535,Q120375703,Rob Peace,2024 film directed by Chiwetel Ejiofor,2024-01-22T00:00:00Z,119.0
movies_4536,Q12038450,The Blue Tiger,2012 film,2012-02-23T00:00:00Z,87.0
movies_4537,Q12038544,Snapshots,2002 film directed by Rudolf van den Berg,2002-01-01T00:00:00Z,
movies_4538,Q12039065,Man in Rut,2009 film by Robert Sedláček,2009-08-20T00:00:00Z,114.0
movies_4539,Q12039144,May,2008 film by František Brabec,2008-08-21T00:00:00Z,80.0
movies_4540,Q12039458,My Dog Killer,2013 film by Mira Fornay,2013-01-29T00:00:00Z,90.0
movies_4541,Q12039599,At Your Own Risk,2008 film by Filip Renč,2008-01-24T00:00:00Z,92.0
movies_4542,Q12040479,"Heaven, Hell",2010 film,2010-08-12T00:00:00Z,82.0
movies_4543,Q12040527,Broken Promise,2009 film by Jiří Chlumský,2009-04-30T00:00:00Z,129.0
movies_4544,Q12040576,The Loveliest Riddle,2007 film by Zdeněk Troška,2007-01-01T00:00:00Z,98.0
movies_4545,Q12040699,Nepolepšitelný,film directed by Jiří Svoboda,2009-01-01T00:00:00Z,88.0
movies_4546,Q12040709,An Unlikely Romance,2013 film directed by Ivan Vojnár,2013-11-07T00:00:00Z,105.0
movies_4547,Q12040838,Innocence,2011 film by Jan Hřebejk,2011-01-01T00:00:00Z,98.0
movies_4548,Q12040847,Nevesta s velkýma nohama,2002 film by Viktor Polesný,2002-01-01T00:00:00Z,76.0
movies_4549,Q120414395,Not Another Church Movie,2024 film directed by Johnny Mack and James Michael Cummings,2024-05-10T00:00:00Z,88.0
movies_4550,Q12042058,Citizen Havel Is Rolling the Empty Barrels,2009 film by Jan Novák,2009-05-14T00:00:00Z,72.0
movies_4551,Q12042217,"Garbage, the City and Death",2012 film by Jan Hřebejk,2012-11-21T00:00:00Z,70.0
movies_4552,Q12042313,Eye Over Prague,2010 film by Olga Špátová,2010-04-15T00:00:00Z,78.0
movies_4553,Q12042997,Eighty Letters,2011 film by Václav Kadrnka,2011-02-15T00:00:00Z,75.0
movies_4554,Q12044562,It Is Hell with the Princess,2009 film by Miloslav Šmídmajer,2009-01-29T00:00:00Z,95.0
movies_4555,Q120450842,Les Indésirables,2023 film directed by Ladj Ly,2024-04-04T00:00:00Z,100.0
movies_4556,Q12046251,Polski film,2012 film by Marek Najbrt,2012-07-12T00:00:00Z,113.0
movies_4557,Q12047019,The Watermill Princess 2,2000 film by Zdeněk Troška,2000-02-03T00:00:00Z,110.0
movies_4558,Q12047054,I Wake Up Yesterday,2012 film by Miloslav Šmídmajer,2012-03-15T00:00:00Z,120.0
movies_4559,Q12047594,"The Tadpole, the Rabbit and the Holy Ghost",2007 film by Filip Remunda,2007-12-05T00:00:00Z,26.0
movies_4560,Q120476405,Englemageren,Film from 2023,2024-01-25T00:00:00Z,93.0
movies_4561,Q12047658,Walking with Dinosaurs,2013 film by Neil Nightingale,2013-12-14T00:00:00Z,87.0
movies_4562,Q12048112,Little Baby Jesus,2013 film,2013-12-04T00:00:00Z,82.0
movies_4563,Q12048155,Story of a Godfather,2013 film by Petr Nikolaev,2013-10-24T00:00:00Z,99.0
movies_4564,Q120483136,Heavier Trip,2024 film directed by Jukka Vidgrén and Juuso Laatio,2024-10-11T00:00:00Z,
movies_4565,Q120486845,The Edge of the Blade,2023 film by Vincent Perez,2024-01-11T00:00:00Z,101.0
movies_4566,Q120487741,My Spy: The Eternal City,2024 film directed by Peter Segal,2024-07-18T00:00:00Z,112.0
movies_4567,Q12049257,Resident Evil: The Final Chapter,2016 film directed by Paul W. S. Anderson,2016-12-26T00:00:00Z,106.0
movies_4568,Q12049291,Revival,2013 film by Alice Nellis,2013-07-05T00:00:00Z,111.0
movies_4569,Q120495641,Nahir,2024 Argentinian film,2024-05-22T00:00:00Z,122.0
movies_4570,Q12049575,Long Live the Family!,2011 film by Robert Sedláček,2011-10-20T00:00:00Z,103.0
movies_4571,Q12049993,Deligh,2013 film directed by Jitky Rudolfové,2013-12-05T00:00:00Z,111.0
movies_4572,Q12050332,Red Shirley,2010 short documentary film directed by Lou Reed,2010-04-20T00:00:00Z,
movies_4573,Q12050995,Little Witch on a Broomstick,2011 film by Václav Vorlíček,2011-09-14T00:00:00Z,90.0
movies_4574,Q120514821,The Wizard of the Emerald City,2024 film directed by Igor Voloshin,2024-12-18T00:00:00Z,104.0
movies_4575,Q120532060,The Red Virgin,2024 film by Paula Ortiz,2024-01-01T00:00:00Z,
movies_4576,Q12054232,Signál,2012 film by Tomáš Řehořek,2012-02-16T00:00:00Z,113.0
movies_4577,Q12055102,The Longing,2003 film by Jürgen Brüning,2003-04-14T00:00:00Z,80.0
movies_4578,Q12058215,Tacho,2010 film by Mirjam Müller Landa,2010-12-02T00:00:00Z,100.0
movies_4579,Q12058240,Tajemství Lesní zeme,2006 film by Václav Křístek,2006-01-01T00:00:00Z,70.0
movies_4580,Q12058853,The Resolution,2008 film,2008-09-01T00:00:00Z,81.0
movies_4581,Q12060397,Three Lives,film directed by Jiří Strach,2007-01-01T00:00:00Z,77.0
movies_4582,Q1206255,Germany 09,2009 anthology film by 15 different directors,2009-01-01T00:00:00Z,152.0
movies_4583,Q12062955,Delirium,2013 film by Ihor Podolchak,2013-01-01T00:00:00Z,100.0
movies_4584,Q120637256,She Said Boom: The Story of Fifth Column,"Canadian documentary film, directed by Kevin Hegge and released in 2012",2012-04-27T00:00:00Z,64.0
movies_4585,Q120648855,The Rye Horn,2023 film by Jaione Camborda,2024-01-11T00:00:00Z,103.0
movies_4586,Q120653230,Marguerite's Theorem,2023 film directed by Anna Novion,2024-05-16T00:00:00Z,112.0
movies_4587,Q120667890,Jodugar,2012 film,2012-01-11T00:00:00Z,115.0
movies_4588,Q1206739,Deviance,2009 American pornographic film directed by Joshua,2009-09-14T00:00:00Z,171.0
movies_4589,Q1206820,Devil,2010 film directed by John Erick Dowdle,2010-01-01T00:00:00Z,80.0
movies_4590,Q1206836,Devilman,2004 film by Hiroyuki Nasu,2004-01-01T00:00:00Z,111.0
movies_4591,Q1206842,The Devil Inside,2012 film by William Brent Bell,2012-01-01T00:00:00Z,83.0
movies_4592,Q120693835,Sunrise at Night,Sunrise at Night film,2014-01-01T00:00:00Z,90.0
movies_4593,Q12071513,Left Behind,2014 film directed by Vic Armstrong,2014-10-02T00:00:00Z,110.0
movies_4594,Q120717599,Hammer,2019 film directed by Christian Sparkes,2019-12-05T00:00:00Z,82.0
movies_4595,Q120720896,Hitlist,2009 film directed by Sandip Ray,2009-11-20T00:00:00Z,
movies_4596,Q120721913,Unfaithtful Women II,2005 film directed by Adolfo Martínez Solares,2005-01-01T00:00:00Z,109.0
movies_4597,Q1207463,Hoot,2006 film by Wil Shriner,2006-01-01T00:00:00Z,91.0
movies_4598,Q1207520,Dhamaal,2007 Indian comedy film,2007-01-01T00:00:00Z,137.0
movies_4599,Q120752067,Seven Veils,2023 film by Atom Egoyan,2025-03-07T00:00:00Z,107.0
movies_4600,Q120753197,The Primevals,2023 science fiction fantasy adventure film directed by David Allen,2024-03-11T00:00:00Z,90.0
movies_4601,Q120758628,Abigail,2024 film directed by Matt Bettinelli-Olpin and Tyler Gillett,2024-04-07T00:00:00Z,
movies_4602,Q120758667,Anniversary,2025 film directed by Jan Komasa,2025-11-06T00:00:00Z,
movies_4603,Q120775760,Circus Noël,2019 Dutch film directed by Dennis Bots,2019-04-17T00:00:00Z,90.0
movies_4604,Q12077996,Amerikana,2001 film by James Merendino,2001-01-01T00:00:00Z,95.0
movies_4605,Q120793569,Comandante,2023 Italian film by Edoardo De Angelis,2024-11-21T00:00:00Z,120.0
movies_4606,Q12080483,Seethamma Vakitlo Sirimalle Chettu,2013 film by Srikanth Addala,2013-01-01T00:00:00Z,
movies_4607,Q1208193,Teeth,2007 film by Mitchell Lichtenstein,2007-01-01T00:00:00Z,94.0
movies_4608,Q120825043,The Swallow,2016 film by Mano Khalil,2016-01-21T00:00:00Z,102.0
movies_4609,Q120828163,Witchboard,2024 film directed by Chuck Russell,2024-07-26T00:00:00Z,
movies_4610,Q120829387,Temur,2018 Uzbek film,2018-01-01T00:00:00Z,
movies_4611,Q1208409,Changing Lanes,2002 film directed by Roger Michell,2002-04-07T00:00:00Z,95.0
movies_4612,Q1208472,Conversations with My Gardener,2007 film by Jean Becker,2007-01-01T00:00:00Z,109.0
movies_4613,Q1208653,Diamant 13,2009 film by Gilles Béhat,2009-01-01T00:00:00Z,98.0
movies_4614,Q1208694,Diamond Dogs,2007 film directed by Shimon Dotan and Dolph Lundgren,2007-08-31T00:00:00Z,90.0
movies_4615,Q120869836,Knox Goes Away,2023 film directed by Michael Keaton,2024-03-15T00:00:00Z,
movies_4616,Q120881724,Nonnas,2025 film directed by Stephen Chbosky,2025-05-09T00:00:00Z,111.0
movies_4617,Q120887939,Death of a Unicorn,2025 film directed by Alex Scharfman,2025-03-08T00:00:00Z,104.0
movies_4618,Q120888501,Out of Season,2023 film directed by Stéphane Brizé,2024-03-20T00:00:00Z,115.0
movies_4619,Q120897557,Evil Does Not Exist,2023 film directed by Ryūsuke Hamaguchi,2024-04-10T00:00:00Z,106.0
movies_4620,Q120900212,Io capitano,2023 film by Matteo Garrone,2024-01-03T00:00:00Z,121.0
movies_4621,Q120900642,Everything's Eventual,2009 film directed by J.P. Scott,2009-10-23T00:00:00Z,78.0
movies_4622,Q120913651,Enea,2023 film by Pietro Castellitto,2024-01-11T00:00:00Z,115.0
movies_4623,Q120914277,Lubo,2023 film directed by Giorgio Diritti,2024-06-20T00:00:00Z,175.0
movies_4624,Q120914605,The dream of the Lagartijas,2018 film directed by Pedro Pérez Rosado,2018-01-01T00:00:00Z,85.0
movies_4625,Q1209189,Diary of the Dead,2007 film directed by George A. Romero,2007-01-01T00:00:00Z,95.0
movies_4626,Q120922062,A Normal Family,2023 South Korean drama film,2024-10-16T00:00:00Z,109.0
movies_4627,Q120970471,Pet Shop Days,2023 film directed by Olmo Schnabel,2024-03-13T00:00:00Z,100.0
movies_4628,Q120972017,The Trials of J. Robert Oppenheimer,2008 docudrama film by David Grubin,2008-01-01T00:00:00Z,109.0
movies_4629,Q120986976,Imaginary,2024 film directed by Jeff Wadlow,2024-03-06T00:00:00Z,104.0
movies_4630,Q120999839,The Journey of Monalisa,2019 documentary film by Nicole Costa,2019-01-01T00:00:00Z,
movies_4631,Q12100047,13 Eerie,2013 film by Lowell Dean,2013-01-01T00:00:00Z,87.0
movies_4632,Q12100134,3 Strikes,2000 film by DJ Pooh,2000-01-01T00:00:00Z,82.0
movies_4633,Q12100164,4,2007 Australian documentary film directed by Tim Slade,2007-01-01T00:00:00Z,
movies_4634,Q12100227,'71,2014 film by Yann Demange,2014-02-07T00:00:00Z,100.0
movies_4635,Q1210033,Dickie Roberts: Former Child Star,2003 film by Sam Weisman,2003-01-01T00:00:00Z,94.0
movies_4636,Q12100409,Adopted,2009 film by Pauly Shore,2009-01-01T00:00:00Z,80.0
movies_4637,Q12100591,Alan Partridge: Alpha Papa,2013 film directed by Declan Lowney,2013-08-07T00:00:00Z,90.0
movies_4638,Q12100606,Alchemy,2005 American film,2005-01-01T00:00:00Z,86.0
movies_4639,Q12101183,Arcadia,2012 film directed by Olivia Silver,2012-01-01T00:00:00Z,91.0
movies_4640,Q12101199,That Awkward Moment,2014 film by Tom Gormican,2014-01-01T00:00:00Z,94.0
movies_4641,Q12101269,The Art of Woo,2001 film by Helen Lee,2001-01-01T00:00:00Z,
movies_4642,Q12101298,As I Lay Dying,2013 film by James Franco,2013-05-20T00:00:00Z,120.0
movies_4643,Q12101676,Baggage Claim,2013 film by David E. Talbert,2013-01-01T00:00:00Z,96.0
movies_4644,Q12101803,Barking Water,2009 film by Sterlin Harjo,2009-01-01T00:00:00Z,85.0
movies_4645,Q12101917,The Beach Party at the Threshold of Hell,2006 film,2006-01-01T00:00:00Z,
movies_4646,Q12101942,Bears,"2014 film by Alastair Fothergill, Keith Scholey, Adam Chapman",2014-04-18T00:00:00Z,77.0
movies_4647,Q1210206,The Dilemma,2011 film by Ron Howard,2011-01-01T00:00:00Z,111.0
movies_4648,Q12102236,Between Us,2012 film by Dan Mirvish,2012-01-01T00:00:00Z,90.0
movies_4649,Q12102493,Bitter & Twisted,2008 film by Christopher Weekes,2008-01-01T00:00:00Z,
movies_4650,Q12102623,Black Rock,2012 film by Katie Aselton,2012-01-01T00:00:00Z,80.0
movies_4651,Q12102714,Blackout,2008 film directed by Rigoberto Castañeda,2008-01-01T00:00:00Z,85.0
movies_4652,Q12103271,Dom s bashenkoy,2012 film by Eva Neymann,2012-01-01T00:00:00Z,80.0
movies_4653,Q12103341,Boiling Pot,2015 film,2015-01-01T00:00:00Z,95.0
movies_4654,Q12103382,Bombil and Beatrice,2007 film by Kaizad Gustad,2007-01-01T00:00:00Z,
movies_4655,Q12104216,Runway,2010 film by Tareque Masud,2010-01-01T00:00:00Z,
movies_4656,Q12105192,The Calling,2009 film by Jan Dunn,2009-06-21T00:00:00Z,
movies_4657,Q12105369,Cannibalism: The Last Supper,2002 film by Lizzy Borden,2002-01-01T00:00:00Z,
movies_4658,Q12105865,The Casserole Club,2011 film by Steve Balderson,2011-01-01T00:00:00Z,95.0
movies_4659,Q12106382,Business as Usual,2013 film,2013-01-01T00:00:00Z,84.0
movies_4660,Q12106680,Cheap Thrills,2013 film by E. L. Katz,2013-01-01T00:00:00Z,85.0
movies_4661,Q12106800,Cherish,2002 film by Finn Taylor,2002-01-01T00:00:00Z,99.0
movies_4662,Q12106874,Chicago 10,2007 film by Brett Morgen,2007-01-18T00:00:00Z,110.0
movies_4663,Q121074924,The Crush,2000 American pornographic film,2000-01-01T00:00:00Z,
movies_4664,Q1210754,The Fourth Revolution: Energy,2010 film directed by Carl-A. Fechner,2010-01-01T00:00:00Z,83.0
movies_4665,Q121076570,Paddington in Peru,2024 film directed by Dougal Wilson,2024-11-08T00:00:00Z,106.0
movies_4666,Q1210776,Die 8. Sünde,2002 film by Alain Payet,2002-01-01T00:00:00Z,112.0
movies_4667,Q1210813,Die Abenteuer des Huck Finn,2012 film by Hermine Huntgeburth,2012-10-03T00:00:00Z,101.0
movies_4668,Q121084614,The Composer,2019 Chinese film,2019-04-13T00:00:00Z,104.0
movies_4669,Q121085761,Den of Thieves 2: Pantera,2025 film directed by Christian Gudegast,2025-01-09T00:00:00Z,
movies_4670,Q121088318,Spinal Tap II: The End Continues,Rock mockumentary film directed by Rob Reiner,2025-09-12T00:00:00Z,
movies_4671,Q12109044,Concussion,2013 film by Stacie Passon,2013-01-19T00:00:00Z,96.0
movies_4672,Q121091587,The Killer's Game,2024 film directed by J. J. Perry,2024-09-13T00:00:00Z,104.0
movies_4673,Q121092656,Love in the Time of Corona,2024 Kurdish movie by Shwan Attof,2024-01-01T00:00:00Z,
movies_4674,Q1210944,Leaving,2009 film by Catherine Corsini,2009-01-01T00:00:00Z,86.0
movies_4675,Q12110058,Crackerjack,2002 film,2002-01-01T00:00:00Z,92.0
movies_4676,Q1211033,The Calling Game,2007 film by Felix Randau,2007-01-01T00:00:00Z,84.0
movies_4677,Q12111204,The Cycle,2009 film,2009-01-01T00:00:00Z,89.0
movies_4678,Q1211121,Die Aufschneider,2007 film by Carsten Strauch,2007-01-01T00:00:00Z,88.0
movies_4679,Q1211143,Angela's Ashes,1999 film directed by Alan Parker,2000-01-14T00:00:00Z,145.0
movies_4680,Q121118356,Monsieur Aznavour,2024 film directed by Mehdi Idir and Grand Corps Malade,2024-09-06T00:00:00Z,133.0
movies_4681,Q1211197,The Ax,2005 film directed by Costa-Gavras,2005-03-02T00:00:00Z,122.0
movies_4682,Q12112362,A Day in the Life,2009 film directed by Sticky Fingaz,2009-01-01T00:00:00Z,90.0
movies_4683,Q1211239,The Band's Visit,2007 film by Eran Kolirin,2007-01-01T00:00:00Z,87.0
movies_4684,Q12112556,Dead Before Dawn,2012 comedy horror film by April Mullen,2012-01-01T00:00:00Z,88.0
movies_4685,Q12115464,Don't Fade Away,2011 film,2011-01-01T00:00:00Z,
movies_4686,Q121157711,Ochiru,film,2017-01-01T00:00:00Z,30.0
movies_4687,Q12116433,Drinking Buddies,2013 film by Joe Swanberg,2013-01-01T00:00:00Z,90.0
movies_4688,Q1211655,The Blindflyers,2004 film by Bernd Sahling,2004-02-07T00:00:00Z,88.0
movies_4689,Q1211672,The Flower of Evil,2003 film by Claude Chabrol,2003-01-01T00:00:00Z,104.0
movies_4690,Q1211675,Die Blutritter,2004 film by Douglas Wolfsperger,2004-09-30T00:00:00Z,90.0
movies_4691,Q1211798,The Bridge of San Luis Rey,2004 film by Mary McGuckian,2004-12-22T00:00:00Z,120.0
movies_4692,Q12118237,Escarpment Blues,2006 film by Andy Keen,2006-01-01T00:00:00Z,
movies_4693,Q1211833,The Cove,2009 film by Louie Psihoyos,2009-04-25T00:00:00Z,90.0
movies_4694,Q1211837,Bad News Bears,2005 film by Richard Linklater,2005-07-22T00:00:00Z,113.0
movies_4695,Q12118381,Pawnshop,2013 film by Lubomyr Levytskyi,2013-01-01T00:00:00Z,88.0
movies_4696,Q12118578,Evidence,2012 film directed by Howie Askins,2012-03-12T00:00:00Z,
movies_4697,Q1211859,Cattle Call,2006 film,2006-01-01T00:00:00Z,83.0
movies_4698,Q12118607,Evil Bong 3D: The Wrath of Bong,2011 film by Charles Band,2011-01-01T00:00:00Z,87.0
movies_4699,Q12119063,The F Word,2005 film,2005-01-01T00:00:00Z,
movies_4700,Q12119563,Family Weekend,2013 film directed by Benjamin Epps,2013-01-01T00:00:00Z,106.0
movies_4701,Q12119732,Farewell to Harry,2002 film,2002-01-01T00:00:00Z,
movies_4702,Q121200137,Do Not Expect Too Much from the End of the World,2023 film directed by Radu Jude,2024-11-21T00:00:00Z,163.0
movies_4703,Q1212068,Echelon Conspiracy,2009 film by Greg Marcks,2009-01-01T00:00:00Z,105.0
movies_4704,Q1212124,The Hedgehog,2009 film by Mona Achache,2009-01-01T00:00:00Z,100.0
movies_4705,Q1212139,Blades of Glory,2007 film directed by Will Speck and Josh Gordon,2007-03-30T00:00:00Z,93.0
movies_4706,Q1212198,The Rookie,2002 film directed by John Lee Hancock,2002-03-29T00:00:00Z,123.0
movies_4707,Q1212275,The Eylandt Investigation,2008 film by Michael W. Driesch,2008-01-01T00:00:00Z,82.0
movies_4708,Q12122876,Freak Dance,2011 film by Matt Besser,2011-01-01T00:00:00Z,
movies_4709,Q1212304,Little Black Book,2004 film by Nick Hurran,2004-01-01T00:00:00Z,102.0
movies_4710,Q12124504,Ghostwood,2006 film,2006-01-01T00:00:00Z,85.0
movies_4711,Q12124515,Gingerdead Man 2: Passion of the Crust,2008 film,2008-01-01T00:00:00Z,82.0
movies_4712,Q12124580,Gogol Bordello Non-Stop,2008 film by Margarita Jimeno,2008-01-01T00:00:00Z,90.0
movies_4713,Q12124611,The Good Lie,2014 film by directed Philippe Falardeau,2014-09-07T00:00:00Z,110.0
movies_4714,Q12124618,Good Vibrations,2013 film by Lisa Barros D'Sa and Glenn Leyburn,2012-05-31T00:00:00Z,103.0
movies_4715,Q12124629,The Gospel of Us,2012 film by Dave McKean,2012-04-13T00:00:00Z,115.0
movies_4716,Q12124671,Grimm's Snow White,2012 American fantasy film directed by Rachel Lee Goldenberg,2012-01-01T00:00:00Z,86.0
movies_4717,Q12124674,Grindstone Road,2008 film,2008-01-01T00:00:00Z,93.0
movies_4718,Q12124681,Guy and Madeline on a Park Bench,2009 film by Damien Chazelle,2009-01-01T00:00:00Z,82.0
movies_4719,Q12124714,Haunted Lighthouse,2003 film by Joe Dante,2003-01-01T00:00:00Z,25.0
movies_4720,Q12124716,Haunter,2013 film directed by Vincenzo Natali,2013-03-09T00:00:00Z,97.0
movies_4721,Q12124719,Having You,2013 film by Sam Hoare,2013-06-04T00:00:00Z,92.0
movies_4722,Q12124720,The Hawk Is Dying,2006 film by Julian Goldberger,2006-01-01T00:00:00Z,
movies_4723,Q12124723,Head Case,2007 film by Anthony Spadaccini,2007-01-01T00:00:00Z,96.0
movies_4724,Q12124746,Hellbilly 58,2008 film,2008-01-01T00:00:00Z,
movies_4725,Q12124760,Here,2011 film directed by Braden King,2011-01-01T00:00:00Z,126.0
movies_4726,Q12124773,High Road,2011 film by Matt Walsh,2011-01-01T00:00:00Z,87.0
movies_4727,Q12124774,High School,"2010 film by John Stalberg, Jr.",2010-01-01T00:00:00Z,99.0
movies_4728,Q12124778,Highway to Dhampus,2015 film by Rick McFarland,2015-09-01T00:00:00Z,100.0
movies_4729,Q12124817,Home Run,2013 film by David Boyd,2013-01-01T00:00:00Z,113.0
movies_4730,Q12124824,Honest Man: The Life of R. Budd Dwyer,2010 American film,2010-01-01T00:00:00Z,
movies_4731,Q12124852,Horror,2002 film by Dante Tomaselli,2002-01-01T00:00:00Z,77.0
movies_4732,Q12124893,House of the Wolf Man,2009 film directed by Eben McGarr,2009-10-01T00:00:00Z,
movies_4733,Q12124911,How to Live Forever,2009 film by Mark Wexler,2009-01-01T00:00:00Z,
movies_4734,Q12124915,Howard Zinn: You Can't Be Neutral on a Moving Train,2004 film,2004-01-01T00:00:00Z,
movies_4735,Q12124935,Hunt Angels,2006 film by Alec Morgan,2006-01-01T00:00:00Z,
movies_4736,Q121249372,Hidden Hit,2011 film directed by Majid Moradi,2011-01-01T00:00:00Z,90.0
movies_4737,Q12124949,I Am,2010 film directed by John Ward,2010-01-01T00:00:00Z,
movies_4738,Q12124953,I Can Do Bad All By Myself,2009 film by Tyler Perry,2009-01-01T00:00:00Z,113.0
movies_4739,Q12124977,I'll Believe You,2006 film,2006-01-01T00:00:00Z,82.0
movies_4740,Q12124983,I'm No Dummy,2009 film by Bryan W. Simon,2009-01-01T00:00:00Z,
movies_4741,Q12124989,I.C.U.,2009 film,2009-01-01T00:00:00Z,85.0
movies_4742,Q12125011,Illegal Aliens,2007 film by David Giancola,2007-01-01T00:00:00Z,96.0
movies_4743,Q12125038,In My Life,2009 film directed by Olivia Lamasan,2009-01-01T00:00:00Z,
movies_4744,Q12125042,In Pursuit,2001 film,2001-02-27T00:00:00Z,
movies_4745,Q12125045,In the Blink of an Eye,2009 film,2009-11-17T00:00:00Z,86.0
movies_4746,Q12125062,In the Wake of the Flood,2010 film by Ron Mann,2010-01-01T00:00:00Z,47.0
movies_4747,Q12125083,Inheritance,2006 film by James Moll,2006-01-01T00:00:00Z,75.0
movies_4748,Q12125095,The Insatiable,2007 film,2007-01-01T00:00:00Z,103.0
movies_4749,Q12125096,Inside,2013 film directed by Daryn Tufts,2013-01-01T00:00:00Z,85.0
movies_4750,Q12125102,Inside the Square,2009 film by David Michôd,2009-03-05T00:00:00Z,
movies_4751,Q12125115,Interview with a Hitman,2012 film by Perry Bhandal,2012-01-01T00:00:00Z,96.0
movies_4752,Q12125123,Into the Dark,2012 film by Mark Edwin Robinson,2012-01-01T00:00:00Z,112.0
movies_4753,Q1212516,Flood,2007 film directed by Tony Mitchell,2007-01-01T00:00:00Z,183.0
movies_4754,Q12125162,ISteve,2013 film directed by Ryan Perez,2013-04-15T00:00:00Z,
movies_4755,Q12125177,It's a Disaster,2012 film by Todd Berger,2012-01-01T00:00:00Z,88.0
movies_4756,Q12125181,It's About You,2012 film directed by Ian Markus and Kurt Markus,2012-01-01T00:00:00Z,
movies_4757,Q12125222,Jeff,2012 movie,2012-01-01T00:00:00Z,80.0
movies_4758,Q12125232,Angels in Stardust,2014 film directed by William Robert Carey,2014-02-21T00:00:00Z,101.0
movies_4759,Q12125242,Jimmy and Judy,2006 film by Jon Schroder,2006-01-01T00:00:00Z,99.0
movies_4760,Q12125248,The Job,2009 film directed by Shem Bitterman,2009-01-01T00:00:00Z,
movies_4761,Q12125275,Joy Division,2006 film by Reg Traviss,2006-01-01T00:00:00Z,105.0
movies_4762,Q12125299,Jupiter Ascending,2015 film directed by Lana Wachowski and Lilly Wachowski,2015-01-05T00:00:00Z,127.0
movies_4763,Q12125310,Just Like the Son,2006 film by Morgan J. Freeman,2006-01-01T00:00:00Z,86.0
movies_4764,Q12125326,"Kapag Tumibok Ang Puso: Not Once, But Twice",2006 film by Wenn V. Deramas,2006-01-01T00:00:00Z,
movies_4765,Q12125359,Killer Eye: Halloween Haunt,2011 film by Charles Band,2011-01-01T00:00:00Z,69.0
movies_4766,Q12125377,King Kelly,2012 film by Andrew Neel,2012-01-01T00:00:00Z,84.0
movies_4767,Q12125419,Know Your Mushrooms,2008 documentary film directed by Ron Mann,2008-01-01T00:00:00Z,74.0
movies_4768,Q12125626,The Last Will,2001 film,2001-01-01T00:00:00Z,
movies_4769,Q12125628,Lastikman: Unang Banat,2004 film by Mac Alejandre,2004-01-01T00:00:00Z,
movies_4770,Q12125653,Leaving Metropolis,2002 film by Brad Fraser,2002-01-01T00:00:00Z,89.0
movies_4771,Q12125657,Leela,2002 Indian film,2002-04-05T00:00:00Z,
movies_4772,Q12125665,The Legend of Simon Conjurer,2006 film,2006-03-24T00:00:00Z,
movies_4773,Q12125679,Let the Game Begin,2010 film by Amit Gupta,2010-01-01T00:00:00Z,
movies_4774,Q12125715,L!fe Happens,2011 film by Kat Coiro,2011-01-01T00:00:00Z,100.0
movies_4775,Q12125718,Life Itself,2014 documentary film about Roger Ebert directed by Steve James,2014-01-01T00:00:00Z,
movies_4776,Q12125726,Light and the Sufferer,2007 film,2007-01-01T00:00:00Z,70.0
movies_4777,Q12125747,Pop Star,2013 film by Carlos Portugal,2013-01-01T00:00:00Z,
movies_4778,Q12125759,Little John,2001 Tamil film directed by Singeetam Srinivasa Rao,2001-01-01T00:00:00Z,
movies_4779,Q12125796,Locker 13,"2009 film by George Huang, Bruce Dellis",2009-01-01T00:00:00Z,
movies_4780,Q12125803,Lone Rider,2000 film,2000-01-01T00:00:00Z,84.0
movies_4781,Q12125815,The Longest Week,2014 film directed by Peter Glanz,2014-01-01T00:00:00Z,86.0
movies_4782,Q12125818,Look Both Ways,2005 film by Sarah Watt,2005-01-01T00:00:00Z,100.0
movies_4783,Q12125839,Losing Control,2011 film by Valerie Weiss,2011-01-01T00:00:00Z,91.0
movies_4784,Q12125869,Love Birds,2011 film directed by Paul Murphy,2011-01-01T00:00:00Z,103.0
movies_4785,Q12125875,Love Eterne,2011 film by Bonnie Piesse,2011-01-01T00:00:00Z,
movies_4786,Q12125885,Love Shines,2010 film by Douglas Arrowsmith,2010-01-01T00:00:00Z,
movies_4787,Q12125886,Love Simple,2009 film,2009-01-01T00:00:00Z,85.0
movies_4788,Q12125897,Lovestruck: The Musical,2013 film directed by Sanaa Hamri,2013-01-01T00:00:00Z,83.0
movies_4789,Q12125913,Lurking in Suburbia,2006 film by Mitchell Altieri,2006-01-01T00:00:00Z,87.0
movies_4790,Q1212598,The Light,2004 film by Philippe Lioret,2004-01-01T00:00:00Z,105.0
movies_4791,Q12125991,Man About Dog,2004 film by Paddy Breathnach,2004-01-01T00:00:00Z,88.0
movies_4792,Q12126009,Man of God,2005 film by Jefery Levy,2005-01-01T00:00:00Z,
movies_4793,Q12126017,Man on the Train,2011 film by Mary McGuckian,2011-01-01T00:00:00Z,100.0
movies_4794,Q12126034,Mandela: Long Walk to Freedom,2013 film by Justin Chadwick,2013-09-07T00:00:00Z,152.0
movies_4795,Q1212609,Girl on the Bridge,1999 film by Patrice Leconte,2000-05-04T00:00:00Z,90.0
movies_4796,Q12126115,Mean People Suck,2001 film,2001-01-01T00:00:00Z,
movies_4797,Q12126128,Meet Me in Miami,2005 film,2005-01-01T00:00:00Z,94.0
movies_4798,Q12126140,Memphis: Direct from Broadway,2011 film by Don Roy King,2011-01-01T00:00:00Z,
movies_4799,Q12126147,Mental,2012 film by P. J. Hogan,2012-08-18T00:00:00Z,116.0
movies_4800,Q12126186,Mind the Gap,2004 film by Eric Schaeffer,2004-01-01T00:00:00Z,134.0
movies_4801,Q12126204,Miss Julie,2014 film,2014-01-01T00:00:00Z,129.0
movies_4802,Q12126247,Monster Brawl,2011 film,2011-01-01T00:00:00Z,89.0
movies_4803,Q12126258,Moonlight,2002 film directed by Paula van der Oest,2002-01-01T00:00:00Z,90.0
movies_4804,Q12126288,Motives,"2004 film by Craig Ross, Jr.",2004-01-01T00:00:00Z,87.0
movies_4805,Q12126290,Motives 2,2007 film,2007-01-01T00:00:00Z,94.0
movies_4806,Q12126298,Movin' In,2010 film by Griff Furst,2010-01-01T00:00:00Z,
movies_4807,Q12126326,Mrs Caldicot's Cabbage War,2002 film by Ian Sharp,2002-01-01T00:00:00Z,106.0
movies_4808,Q12126370,My american girl,2010 film by Cathy,2010-01-01T00:00:00Z,
movies_4809,Q12126371,My Angel,2011 film directed by Stephen Cookson,2011-01-01T00:00:00Z,
movies_4810,Q12126401,My Life with Morrissey,2003 film by Andrew Overtoom,2003-01-01T00:00:00Z,
movies_4811,Q12126454,Nativity 2: Danger in the Manger,2012 film by Debbie Isitt,2012-01-01T00:00:00Z,105.0
movies_4812,Q12126470,Necessary Evil,2008 film directed by Peter J. Eaton,2008-01-01T00:00:00Z,
movies_4813,Q12126477,Neil Young Journeys,2011 film by Jonathan Demme,2011-01-01T00:00:00Z,
movies_4814,Q12126499,Nevermore,2007 film,2007-01-01T00:00:00Z,
movies_4815,Q1212650,Incendies,2010 film directed by Denis Villeneuve,2010-01-01T00:00:00Z,133.0
movies_4816,Q12126509,New Jerusalem,2011 film by Rick Alverson,2011-01-01T00:00:00Z,
movies_4817,Q12126516,A New Wave,2006 film,2006-01-01T00:00:00Z,
movies_4818,Q12126523,New York Street Games,2010 film by Matt Levy,2010-01-01T00:00:00Z,
movies_4819,Q12126542,Night at the Golden Eagle,2001 film by Adam Rifkin,2001-01-01T00:00:00Z,
movies_4820,Q12126557,Night Moves,2013 film by Kelly Reichardt,2013-08-31T00:00:00Z,113.0
movies_4821,Q12126569,Night of the Living Dead 3D: Re-Animation,2012 film by Jeff Broadstreet,2012-01-01T00:00:00Z,88.0
movies_4822,Q12126570,Night of the Living Dead: Darkest Dawn,"2015 film directed by Krisztian Majdik, Zebediah De Soto",2015-07-11T00:00:00Z,
movies_4823,Q12126585,Nikos the Impaler,2003 film by Andreas Schnaas,2003-01-01T00:00:00Z,100.0
movies_4824,Q12126587,Nine Days that Changed the World,2010 film directed by Kevin Knoblock,2010-04-09T00:00:00Z,
movies_4825,Q12126602,No One but Me,2012 film,2012-01-01T00:00:00Z,
movies_4826,Q12126609,No Subtitles Necessary: Laszlo & Vilmos,2008 film,2008-01-01T00:00:00Z,86.0
movies_4827,Q12126621,Nobody Gets Out Alive,2012 film by Jason Christopher,2012-01-01T00:00:00Z,
movies_4828,Q12126635,Noise,2007 film by Matthew Saville,2007-01-01T00:00:00Z,
movies_4829,Q12126637,Nomads,2010 film directed by Ricardo Benet,2010-10-19T00:00:00Z,100.0
movies_4830,Q12126638,Noobz,2012 film,2012-01-01T00:00:00Z,97.0
movies_4831,Q12126640,Nora's Hair Salon,2004 film,2004-01-01T00:00:00Z,81.0
movies_4832,Q12126653,Not Suitable for Children,2012 film directed by Peter Templeman,2012-01-01T00:00:00Z,97.0
movies_4833,Q12126680,Obselidia,2010 film by Diane Bell,2010-01-01T00:00:00Z,103.0
movies_4834,Q12126700,Offender,2012 film,2012-01-01T00:00:00Z,
movies_4835,Q12126702,Offending Angels,2000 film,2000-01-01T00:00:00Z,
movies_4836,Q12126704,Officer Down,2013 film directed by Brian A. Miller,2013-01-18T00:00:00Z,94.0
movies_4837,Q12126738,On the Ropes,2011 film by Mark Noyce,2011-01-01T00:00:00Z,94.0
movies_4838,Q12126761,One for the Road,2003 film by Paul Trijbits,2003-01-01T00:00:00Z,94.0
movies_4839,Q121268638,Boundless,2024 film directed by Ole Christian Madsen,2024-02-01T00:00:00Z,126.0
movies_4840,Q12126865,Papadopoulos & Sons,2012 film directed by Marcus Markou,2012-10-03T00:00:00Z,105.0
movies_4841,Q121268664,B.O.Y - Bruises Of Yesterday,2025 film directed by Søren Green,2025-04-16T00:00:00Z,87.0
movies_4842,Q121268686,Nightwatch - Demons Are Forever,2023 film directed by Ole Bornedal,2024-05-16T00:00:00Z,115.0
movies_4843,Q121268704,Sons,2024 film directed by Gustav Möller,2024-01-01T00:00:00Z,100.0
movies_4844,Q12126888,Partners in Action,2002 film by Sidney J. Furie,2002-01-01T00:00:00Z,
movies_4845,Q12126889,Passenger Side,2009 film,2009-01-01T00:00:00Z,85.0
movies_4846,Q12126894,Peaches,2004 film,2004-01-01T00:00:00Z,109.0
movies_4847,Q12126903,Phil the Alien,2004 film by Rob Stefaniuk,2004-01-01T00:00:00Z,
movies_4848,Q12126932,Porn of the Dead,2006 film by Rob Rotten,2006-01-01T00:00:00Z,
movies_4849,Q12126933,Posers,2003 film directed by Katie Tallo,2003-01-01T00:00:00Z,
movies_4850,Q12126968,Purgatory House,2004 film by Cindy Baer,2004-01-01T00:00:00Z,
movies_4851,Q12127025,Rain,2008 film by Maria Govan,2008-01-01T00:00:00Z,
movies_4852,Q12127045,Ratchet & Clank,2016 film by Kevin Munroe,2016-01-01T00:00:00Z,94.0
movies_4853,Q12127059,Reach Me,2014 film directed by John Herzfeld,2014-01-01T00:00:00Z,95.0
movies_4854,Q12127068,The Reception,2005 film by John G. Young,2005-01-01T00:00:00Z,
movies_4855,Q12127096,Reincarnated,2012 film by Andy Capper,2012-09-07T00:00:00Z,
movies_4856,Q12127110,Rescue Heroes: The Movie,2003 film by Ron Pitts,2003-01-01T00:00:00Z,83.0
movies_4857,Q12127118,Return,2011 film by Liza Johnson,2011-01-01T00:00:00Z,98.0
movies_4858,Q12127154,Ride Along,2014 film directed by Tim Story,2014-01-17T00:00:00Z,100.0
movies_4859,Q12127276,Saint Misbehavin': The Wavy Gravy Movie,2009 film directed by Michelle Esrick,2009-01-01T00:00:00Z,
movies_4860,Q12127285,Salvage,2006 American film,2006-01-19T00:00:00Z,77.0
movies_4861,Q12127352,Searching for Sonny,2011 film by Andrew Disney,2011-01-01T00:00:00Z,
movies_4862,Q121273737,Funny Birds,film by Marco La Via and Hanna Ladoul,2024-02-21T00:00:00Z,
movies_4863,Q12127383,Self Medicated,2005 film,2005-01-01T00:00:00Z,107.0
movies_4864,Q12127389,Sergio,2009 film by Greg Barker,2009-01-01T00:00:00Z,94.0
movies_4865,Q12127409,Seventh Moon,2008 film directed by Eduardo Sánchez,2008-01-01T00:00:00Z,
movies_4866,Q1212746,The Stranger,2000 film directed by Götz Spielmann,2000-01-01T00:00:00Z,97.0
movies_4867,Q12127493,Show Me,2004 film,2004-01-01T00:00:00Z,97.0
movies_4868,Q12127498,Side Sho,2007 film by Michael D'Anna,2007-01-01T00:00:00Z,
movies_4869,Q12127509,Simon Killer,2012 film by António Campos,2012-01-20T00:00:00Z,
movies_4870,Q12127519,Skull Heads,2009 film by Charles Band,2009-01-01T00:00:00Z,
movies_4871,Q12127568,Sold Out: A Threevening with Kevin Smith,2008 film,2008-01-01T00:00:00Z,122.0
movies_4872,Q12127579,Solo,2008 Australian documentary film directed by David Michôd,2008-01-01T00:00:00Z,
movies_4873,Q12127587,Some Guy Who Kills People,2012 film by Jack Perez,2012-01-01T00:00:00Z,
movies_4874,Q1212768,The Stepford Wives,2004 film by Frank Oz,2004-01-01T00:00:00Z,93.0
movies_4875,Q1212777,The Hairdresser,2009 film by Doris Dörrie,2009-01-01T00:00:00Z,108.0
movies_4876,Q12127834,Special People,2007 film by Justin Edgar,2007-08-21T00:00:00Z,80.0
movies_4877,Q12127850,Speedy Delivery,2008 film by Paul B. Germain,2008-01-01T00:00:00Z,
movies_4878,Q12127898,Spoken Word,2009 film by Victor Nuñez,2009-01-01T00:00:00Z,
movies_4879,Q12127924,The Spreading Ground,2000 film by Derek Vanlint,2000-01-01T00:00:00Z,100.0
movies_4880,Q12128082,Stealing Candy,2002 film by Mark L. Lester,2002-01-01T00:00:00Z,
movies_4881,Q12128463,Stupid Teenagers Must Die!,2006 film,2006-01-01T00:00:00Z,
movies_4882,Q12128471,Subdivision,2009 film by Sue Brooks,2009-01-01T00:00:00Z,100.0
movies_4883,Q12128518,Summer in February,2013 film by Christopher Menaul,2013-01-01T00:00:00Z,100.0
movies_4884,Q12128536,Sunlight Jr.,2013 film by Laurie Collyer,2013-04-20T00:00:00Z,90.0
movies_4885,Q1212854,Fred Claus,2007 film by David Dobkin,2007-01-01T00:00:00Z,115.0
movies_4886,Q12128698,The Taiwan Oyster,2012 film directed by Mark Jarrett,2012-01-01T00:00:00Z,105.0
movies_4887,Q12128775,Tanner Hall,"2009 film by Francesca Gregorini, Tatiana von Fürstenberg",2009-01-01T00:00:00Z,96.0
movies_4888,Q12128785,Target,2004 film by William Webb,2004-01-01T00:00:00Z,
movies_4889,Q12128932,Terror Inside,2008 film,2008-01-01T00:00:00Z,90.0
movies_4890,Q12129050,The Last Stand,2006 film by Russ Parr,2006-01-01T00:00:00Z,109.0
movies_4891,Q12129198,Thirst,2010 film by Jeffrey Lando,2010-01-01T00:00:00Z,91.0
movies_4892,Q12129217,This Is Martin Bonner,2013 film by Chad Hartigan,2013-01-20T00:00:00Z,
movies_4893,Q1212923,The Haunted Mansion,2003 film by Rob Minkoff,2003-11-26T00:00:00Z,90.0
movies_4894,Q1212947,Die Geschichte vom Brandner Kaspar,2008 film by Joseph Vilsmaier,2008-01-01T00:00:00Z,105.0
movies_4895,Q12129617,Torture Chamber,2013 film by Dante Tomaselli,2013-01-01T00:00:00Z,90.0
movies_4896,Q12129679,Trailer Park of Terror,2008 film directed by Steven Goldmann,2008-01-01T00:00:00Z,98.0
movies_4897,Q12129690,Transcendent Man,2009 film by Barry Ptolemy,2009-01-01T00:00:00Z,83.0
movies_4898,Q12129789,Trois 2: Pandora's Box,2002 film by Rob Hardy,2002-01-01T00:00:00Z,
movies_4899,Q12129911,Two Days in the Smoke,2014 film by Ben Pickering,2014-01-01T00:00:00Z,89.0
movies_4900,Q12130028,Under Jakob's Ladder,2011 film,2011-01-01T00:00:00Z,
movies_4901,Q1213010,The Savages,2007 film by Tamara Jenkins,2007-01-01T00:00:00Z,113.0
movies_4902,Q12130252,Undocumented,2010 film,2010-01-01T00:00:00Z,96.0
movies_4903,Q12130601,Song to Song,2017 film by Terrence Malick,2017-03-17T00:00:00Z,129.0
movies_4904,Q12131255,Venus and Serena,2012 film directed by Maiken Baird and Michelle Major,2012-01-01T00:00:00Z,99.0
movies_4905,Q1213128,Black Widow,2001 film by Paul Harather,2001-01-01T00:00:00Z,90.0
movies_4906,Q12131543,Vile,2011 film by Taylor Sheridan,2011-01-01T00:00:00Z,88.0
movies_4907,Q121316097,Raptures,2025 film directed by Jon Blåhed,2025-03-21T00:00:00Z,108.0
movies_4908,Q12131956,Wag Kang Lilingon,2006 film,2006-01-01T00:00:00Z,
movies_4909,Q121323115,Love in the Big City,2024 South Korean film,2024-10-02T00:00:00Z,
movies_4910,Q12132358,The War Boys,2009 film,2009-01-01T00:00:00Z,92.0
movies_4911,Q12132457,When the Game Stands Tall,2014 film by Thomas Carter,2014-08-04T00:00:00Z,
movies_4912,Q12133175,Why Stop Now,2012 film by Ron Nyswaner,2012-01-27T00:00:00Z,
movies_4913,Q121334864,Janet Planet,2023 film directed by Annie Baker,2024-06-21T00:00:00Z,113.0
movies_4914,Q1213356,Dragon Gate Inn,1967 Taiwanese wuxia film directed by King Hu,2017-08-17T00:00:00Z,111.0
movies_4915,Q12134068,Witches of the Caribbean,2005 film by David DeCoteau,2005-01-01T00:00:00Z,82.0
movies_4916,Q1213415,Le Cœur des hommes,2003 film by Marc Esposito,2003-01-01T00:00:00Z,105.0
movies_4917,Q1213427,Vanishing on 7th Street,2010 film by Brad Anderson,2010-01-01T00:00:00Z,87.0
movies_4918,Q12134721,Word of Mouth,2003 film by Kevin Booth,2003-01-01T00:00:00Z,
movies_4919,Q1213489,Band Baaja Baaraat,2010 Indian romantic comedy film,2010-01-01T00:00:00Z,140.0
movies_4920,Q1213495,La Horde,2009 film by Yannick Dahan,2009-01-01T00:00:00Z,102.0
movies_4921,Q12134950,Wrestlemaniac,2006 film,2006-01-01T00:00:00Z,75.0
movies_4922,Q12134961,Wrestling,2008 film by Jeremy O'Keefe,2008-01-01T00:00:00Z,
movies_4923,Q12136297,Zzyzx,2006 film,2006-01-01T00:00:00Z,
movies_4924,Q12136345,L'affaire Chebeya,2012 film by Thierry Michel,2012-01-01T00:00:00Z,97.0
movies_4925,Q12136360,Un aller simple,2001 film by Laurent Heynemann,2001-01-01T00:00:00Z,
movies_4926,Q12136489,Bambi,2013 film by Sébastien Lifshitz,2013-01-01T00:00:00Z,58.0
movies_4927,Q121365841,Einstein's Greatest Mistake,2006 drama film,2006-09-23T00:00:00Z,
movies_4928,Q1213714,Lilla Jönssonligan och cornflakeskuppen,1996 film by Christjan Wegner,2000-09-07T00:00:00Z,86.0
movies_4929,Q12137383,Grand Central,2013 film directed by Rebecca Zlotowski,2013-05-18T00:00:00Z,94.0
movies_4930,Q12138301,Mr. Average,2006 film by Pierre-Paul Renders,2006-01-01T00:00:00Z,
movies_4931,Q1213881,Die Kirche bleibt im Dorf,2012 film by Ulrike Grote,2012-01-01T00:00:00Z,97.0
movies_4932,Q12139037,Sarah Would Rather Run,2013 film by Chloé Robichaud,2013-05-21T00:00:00Z,97.0
movies_4933,Q1213911,"Die Klasse von '99 - Schule war gestern, Leben ist jetzt",2003 film by Marco Petry,2003-01-01T00:00:00Z,94.0
movies_4934,Q12139326,Terra incognita,2002 film by Ghassan Salhab,2002-01-01T00:00:00Z,120.0
movies_4935,Q121394055,Legally Blonde: The Musical,2007 film by Beth McCarthy-Miller,2007-10-13T00:00:00Z,
movies_4936,Q12139487,Les travailleu(r)ses du sexe,2009 film by Jean-Michel Carré,2009-01-01T00:00:00Z,
movies_4937,Q12140204,Love Is the Perfect Crime,2013 film directed by Arnaud Larrieu and Jean-Marie Larrieu,2013-01-01T00:00:00Z,110.0
movies_4938,Q12141247,The Guide,2013 film by Oles Sanin,2014-07-16T00:00:00Z,122.0
movies_4939,Q12141709,Bird People,2014 film by Pascale Ferran,2014-01-01T00:00:00Z,127.0
movies_4940,Q1214253,The Lady and the Duke,2001 film by Éric Rohmer,2001-09-05T00:00:00Z,129.0
movies_4941,Q121433282,Eddington,2025 film directed by Ari Aster,2025-07-16T00:00:00Z,148.0
movies_4942,Q12143390,Clara et moi,2004 film by Arnaud Viard,2004-01-01T00:00:00Z,81.0
movies_4943,Q12143588,Colt 45,2014 film by Fabrice Du Welz,2014-01-01T00:00:00Z,85.0
movies_4944,Q12144063,Crawl,2012 film by Hervé Lasgouttes,2012-09-07T00:00:00Z,95.0
movies_4945,Q12144078,La Crème de la crème,2014 film directed by Kim Chapiron,2014-03-12T00:00:00Z,90.0
movies_4946,Q12144366,Spider-Man - Once Upon a Time the Super Heroes,2001 film by Michel Viotte,2001-01-01T00:00:00Z,100.0
movies_4947,Q12144609,Pieces of Me,2012 film by Nolwenn Lemesle,2012-10-02T00:00:00Z,
movies_4948,Q12144835,Stray Dogs,2013 film by Tsai Ming-liang,2013-09-04T00:00:00Z,138.0
movies_4949,Q12144957,Stop Revolution!,2006 film by Ivan Kravchyshyn,2006-01-01T00:00:00Z,95.0
movies_4950,Q1214594,Certified Copy,2010 film by Abbas Kiarostami,2010-01-01T00:00:00Z,106.0
movies_4951,Q1214605,The Conspirator,2010 film directed by Robert Redford,2010-01-01T00:00:00Z,122.0
movies_4952,Q1214671,Net Worth,2000 film directed by Kenny Griswold,2000-01-01T00:00:00Z,95.0
movies_4953,Q1214851,Die Mondverschwörung,2011 film by Thomas Frickel,2011-04-21T00:00:00Z,86.0
movies_4954,Q12148714,Headfirst,2012 film directed by Amélie Van Elmbt,2012-01-01T00:00:00Z,89.0
movies_4955,Q1214896,The Mothman Prophecies,2002 film directed by Mark Pellington,2002-01-25T00:00:00Z,119.0
movies_4956,Q1214898,A Muppets Christmas: Letters to Santa,2008 film by Kirk Thatcher,2008-12-17T00:00:00Z,60.0
movies_4957,Q1214942,The Mother,2003 film by Roger Michell,2003-01-01T00:00:00Z,112.0
movies_4958,Q1215008,The Mill and the Cross,2011 film directed by Lech Majewski,2011-01-23T00:00:00Z,96.0
movies_4959,Q12150294,Mods,2003 film by Serge Bozon,2003-01-01T00:00:00Z,59.0
movies_4960,Q12150298,Mohamed Dubois,2013 film,2013-01-01T00:00:00Z,
movies_4961,Q1215063,Die Nacht singt ihre Lieder,2004 film by Romuald Karmakar,2004-02-19T00:00:00Z,95.0
movies_4962,Q12150878,Demi-sœur,2013 film by Josiane Balasko,2013-06-05T00:00:00Z,90.0
movies_4963,Q12151228,Né quelque part,2013 film by Mohamed Hamidi,2013-05-21T00:00:00Z,90.0
movies_4964,Q12151340,Triggered,2002 film by Gérard Cuq,2002-01-01T00:00:00Z,
movies_4965,Q12151344,Piégé,2014 film by Yannick Saillet,2014-01-01T00:00:00Z,78.0
movies_4966,Q12151357,Queen of Montreuil,2013 film by Sólveig Anspach,2013-01-01T00:00:00Z,87.0
movies_4967,Q12151377,Rue Mandar,2013 film by Idit Cebula,2013-01-01T00:00:00Z,95.0
movies_4968,Q12151380,Samia,2001 film directed by Philippe Faucon,2001-01-01T00:00:00Z,73.0
movies_4969,Q12151402,Sous Le Figuier,2013 film by Anne-Marie Étienne,2013-01-01T00:00:00Z,92.0
movies_4970,Q12152664,Un p'tit gars de Ménilmontant,2013 film by Alain Minier,2013-01-01T00:00:00Z,88.0
movies_4971,Q12152799,A Song for Mama,2013 film by Joël Franka,2013-01-01T00:00:00Z,95.0
movies_4972,Q121532089,Green Bush,2005 film by Warwick Thornton,2005-01-01T00:00:00Z,
movies_4973,Q1215341,National Lampoon's Pledge This!,2006 American film,2006-01-01T00:00:00Z,85.0
movies_4974,Q12153720,La vraie vie des profs,2013 film by Emmanuel Klotz,2013-01-01T00:00:00Z,97.0
movies_4975,Q1215381,Die Perlmutterfarbe,2009 film by Marcus H. Rosenmüller,2008-12-16T00:00:00Z,103.0
movies_4976,Q1215405,Umrao Jaan,2006 Indian film by J. P. Dutta,2006-01-01T00:00:00Z,188.0
movies_4977,Q12154154,Ángel,2007 film by Jacobo Morales,2007-01-01T00:00:00Z,
movies_4978,Q1215478,Policewoman,2000 Film directed by Andreas Dresen,2000-01-01T00:00:00Z,98.0
movies_4979,Q1215549,Against the Ropes,2004 film by Charles S. Dutton,2004-01-01T00:00:00Z,106.0
movies_4980,Q12155544,Francisco de Miranda,2006 Venezuelan film,2006-01-01T00:00:00Z,105.0
movies_4981,Q1215564,The Exam,2006 film by Ömer Faruk Sorak,2006-01-01T00:00:00Z,120.0
movies_4982,Q12155649,Heli,2013 film by Amat Escalante,2013-01-01T00:00:00Z,105.0
movies_4983,Q12155692,Inheritance,2001 film directed by Paula Hernández,2001-01-01T00:00:00Z,94.0
movies_4984,Q12155747,Sultry Moon,2009 film by Vicente Aranda,2009-01-01T00:00:00Z,88.0
movies_4985,Q12155751,Maldeamores,2007 film directed by Luis Guzmán,2007-01-01T00:00:00Z,81.0
movies_4986,Q12155814,My Sweet,2001 film by Jesús Mora Gama,2001-01-01T00:00:00Z,93.0
movies_4987,Q12155834,Nosotros los Nobles,2013 film by Gary Alazraki,2013-03-28T00:00:00Z,108.0
movies_4988,Q12156012,Yesterday Never Ends,2013 film directed by Isabel Coixet,2013-01-01T00:00:00Z,105.0
movies_4989,Q12156955,Truly Human,2001 film by Åke Sandgren,2001-04-27T00:00:00Z,94.0
movies_4990,Q1215703,The Drummer,2007 film by Kenneth Bi,2007-01-01T00:00:00Z,119.0
movies_4991,Q1215704,A Journey Into Bliss,2004 film by Wenzel Storch,2004-01-01T00:00:00Z,73.0
movies_4992,Q1215712,The Human Resources Manager,2010 film by Eran Riklis,2010-01-01T00:00:00Z,103.0
movies_4993,Q1215715,The Journey To Kafiristan,2001 film by Donatello Dubini,2001-01-01T00:00:00Z,105.0
movies_4994,Q121572303,Dust Bunny,2025 film directed by Bryan Fuller,2025-09-09T00:00:00Z,106.0
movies_4995,Q1215834,Die rote Zora,2008 film by Peter Kahane,2008-01-24T00:00:00Z,99.0
movies_4996,Q12161666,Curse of Chucky,2013 film by Don Mancini,2013-08-02T00:00:00Z,97.0
movies_4997,Q12161821,Toloka,2014 film by Mykhailo Illienko,2019-01-01T00:00:00Z,116.0
movies_4998,Q121630601,McKellen: Playing the Part,2017 film directed by Joe Stephenson,2017-01-01T00:00:00Z,92.0
movies_4999,Q12163228,Unforgotten Shadows,2013 film by Lubomyr Levytskyi,2013-01-01T00:00:00Z,95.0
movies_5000,Q1216448,Will You Marry Us?,2009 film by Micha Lewinsky,2009-03-19T00:00:00Z,90.0
movies_5001,Q1216648,My Super Ex-Girlfriend,2006 American film by Ivan Reitman,2006-01-01T00:00:00Z,96.0
movies_5002,Q1216787,The Devil Came on Horseback,2007 documentary film by Ricki Stern and Anne Sundberg,2007-01-01T00:00:00Z,85.0
movies_5003,Q1216829,Torremolinos 73,2003 film directed by Pablo Berger,2003-01-01T00:00:00Z,88.0
movies_5004,Q1216912,Die Tränen meiner Mutter,2008 film by Alejandro Cardenas-Amelio,2008-01-17T00:00:00Z,91.0
movies_5005,Q1216953,The Door,2009 film by Anno Saul,2009-09-26T00:00:00Z,103.0
movies_5006,Q1216970,The Chinese Botanist's Daughters,2006 film by Dai Sijie,2006-01-01T00:00:00Z,95.0
movies_5007,Q1216995,No Place to Go,2000 film by Oskar Roehler,2000-01-01T00:00:00Z,110.0
movies_5008,Q1217027,A Parting Shot,2007 film by Jeanne Waltz,2007-01-01T00:00:00Z,85.0
movies_5009,Q1217049,Cracks in the Shell,2011 film by Christian Schwochow,2011-01-01T00:00:00Z,113.0
movies_5010,Q12170491,Black Council,2001 film by Nikolay Zaseev-Rudenko,2001-01-01T00:00:00Z,
movies_5011,Q12170514,Black Cossack,2018 film,2018-01-01T00:00:00Z,102.0
movies_5012,Q1217176,Measuring the World,2012 film by Detlev Buck,2012-10-25T00:00:00Z,119.0
movies_5013,Q1217181,Reported Missing,2012 Film directed by Jan Speckenbach,2012-01-01T00:00:00Z,86.0
movies_5014,Q12172407,Stolnya,2006 film by Lubomyr Levytskyi,2006-01-01T00:00:00Z,89.0
movies_5015,Q1217263,The Crime of Father Amaro,2002 film directed by Carlos Carrera,2002-01-01T00:00:00Z,118.0
movies_5016,Q1217342,A Rumor of Angels,2000 film directed by Peter O'Fallon,2001-01-01T00:00:00Z,91.0
movies_5017,Q1217364,The Wall,2012 film by Julian Pölsler,2012-02-12T00:00:00Z,108.0
movies_5018,Q1217568,Die Wilden Kerle 3,2006 film by Joachim Masannek,2006-01-01T00:00:00Z,93.0
movies_5019,Q1217569,The Wild Soccer Bunch,2005 film by Joachim Masannek,2005-02-17T00:00:00Z,89.0
movies_5020,Q1217752,Grace Is Gone,2007 film by James C. Strouse,2007-01-01T00:00:00Z,85.0
movies_5021,Q12178389,Ahasees,2010 film,2010-01-27T00:00:00Z,95.0
movies_5022,Q12178433,Ahlam El Fata El Taesh,2007 film,2007-01-01T00:00:00Z,
movies_5023,Q12178449,Sweetest Times,Egyptian film 2004,2004-03-31T00:00:00Z,113.0
movies_5024,Q1217870,Far Side of the Moon,2003 film by Robert Lepage,2003-01-01T00:00:00Z,105.0
movies_5025,Q1217879,Romantics Anonymous,2010 film directed by Jean-Pierre Améris,2010-01-01T00:00:00Z,80.0
movies_5026,Q12179239,Adrenaline,2009 film,2009-10-28T00:00:00Z,120.0
movies_5027,Q1217931,Mother of Mine,2005 Finnish-Swedish film directed by Klaus Härö,2005-01-01T00:00:00Z,96.0
movies_5028,Q12179384,Ard al-Khof,2000 film by Daoud Abdel Sayed,2000-03-15T00:00:00Z,135.0
movies_5029,Q1217941,The Best of Youth,2003 film by Marco Tullio Giordana,2003-01-01T00:00:00Z,366.0
movies_5030,Q12179618,Lion & Four Cats,2007 film,2007-10-10T00:00:00Z,
movies_5031,Q12179622,Secrets of Girls,2001 Egyptian film,2001-06-20T00:00:00Z,91.0
movies_5032,Q1217981,Bay of Angels,1963 film by Jacques Demy,2003-12-09T00:00:00Z,90.0
movies_5033,Q12180011,Africano,2001 film by Amr Arafa,2001-07-11T00:00:00Z,105.0
movies_5034,Q1218011,Hababam Sınıfı Üç Buçuk,2006 film by Ferdi Eğilmez,2005-01-01T00:00:00Z,98.0
movies_5035,Q1218014,The Chaos Class in the Military,2005 film by Ferdi Eğilmez,2005-01-13T00:00:00Z,115.0
movies_5036,Q1218052,The three investigators in the secret of Terror Castle,2009 German crime film directed by Florian Baxmeyer,2009-01-01T00:00:00Z,97.0
movies_5037,Q1218054,The Double Hour,2009 film by Giuseppe Capotondi,2009-01-01T00:00:00Z,102.0
movies_5038,Q12180631,Prince of the Seas,Egyptian film 2009,2009-11-26T00:00:00Z,
movies_5039,Q12180635,Amir El Zalam,2002 film by Rami Imam,2002-01-01T00:00:00Z,113.0
movies_5040,Q121810,Grown Ups,2010 film by Dennis Dugan,2010-01-01T00:00:00Z,102.0
movies_5041,Q121811074,"Papers, Please: The Short Film",2018 film,2018-01-01T00:00:00Z,11.0
movies_5042,Q12181326,Rough Hands,2011 film by Mohamed Asli,2011-09-11T00:00:00Z,
movies_5043,Q12181370,Do You Think So,2006 film,2006-01-01T00:00:00Z,
movies_5044,Q1218172,The In Crowd,2000 film by Mary Lambert,2000-01-01T00:00:00Z,102.0
movies_5045,Q12182079,Eza'at Hubb,2011 film,2011-06-28T00:00:00Z,100.0
movies_5046,Q1218226,Everlasting Moments,2008 film by Jan Troell,2008-09-05T00:00:00Z,131.0
movies_5047,Q12182564,Enta omry,2005 film by Khaled Youssef,2005-01-01T00:00:00Z,125.0
movies_5048,Q12182599,Greed,2010 Moroccan television film,2010-01-01T00:00:00Z,
movies_5049,Q12182627,Watch Out for Your Face,2003 film by Said Hamed,2003-01-01T00:00:00Z,105.0
movies_5050,Q1218295,The Hidden Fortress,2001 film,2001-01-01T00:00:00Z,87.0
movies_5051,Q12183243,El-Anesah Mami,2012 film by Wael Ehsan,2012-10-24T00:00:00Z,90.0
movies_5052,Q12183614,The Prince,2005 film by Mohamed Zran,2005-01-01T00:00:00Z,108.0
movies_5053,Q12183675,Alawela fel Gharam,2007 film,2007-10-13T00:00:00Z,
movies_5054,Q121841115,Love Is the Monster,2025 film directed by Alex Noyer,2025-10-13T00:00:00Z,
movies_5055,Q12184234,Les bandits,2003 film by Saïd Naciri,2003-01-01T00:00:00Z,105.0
movies_5056,Q12184356,The Bitter Orange,2007 Moroccan film directed by Bouchra Ijork,2007-09-14T00:00:00Z,90.0
movies_5057,Q1218525,Le Grand Voyage,2004 film by Ismaël Ferroukhi,2004-09-07T00:00:00Z,108.0
movies_5058,Q1218528,Seducing Doctor Lewis,2003 film by Jean-François Pouliot,2003-01-01T00:00:00Z,104.0
movies_5059,Q12185535,El Gezeira,2007 film by Sherif Arafa,2007-01-01T00:00:00Z,143.0
movies_5060,Q1218637,Draquila – L'Italia che trema,2010 film by Sabina Guzzanti,2010-01-01T00:00:00Z,93.0
movies_5061,Q12186518,The Party,2013 film,2013-01-23T00:00:00Z,96.0
movies_5062,Q12186871,Joys of Life,2005 film,2005-11-30T00:00:00Z,145.0
movies_5063,Q12187181,Aldada Dodi,2008 film by Ali Idrees,2008-12-02T00:00:00Z,105.0
movies_5064,Q12187533,El Dictator,2009 film,2009-09-20T00:00:00Z,
movies_5065,Q12187534,The Dealer,2010 film by Ahmed Saleh,2010-01-01T00:00:00Z,120.0
movies_5066,Q12187704,The Average White Man,2001 film by Sherif Mandour,2001-12-22T00:00:00Z,110.0
movies_5067,Q12187712,El Ragol El Ghamed Beslamto,2010 film,2010-09-09T00:00:00Z,
movies_5068,Q1218790,The Coming Days,2010 film by Lars Kraume,2010-11-04T00:00:00Z,130.0
movies_5069,Q12188218,Al-saher,2001 film by Radwan El-Kashef,2001-12-30T00:00:00Z,127.0
movies_5070,Q12188402,The Embassy in the Building,2005 film by Amr Arafa,2005-01-01T00:00:00Z,2.0
movies_5071,Q1218847,The Last Castle,2001 film by Rod Lurie,2001-01-01T00:00:00Z,126.0
movies_5072,Q12188774,El Shaba7,2007 film by Amr Arafa,2007-07-15T00:00:00Z,
movies_5073,Q12189717,Ettariq Asahih,2005 film by Abdelkrim Derkaoui,2005-01-01T00:00:00Z,
movies_5074,Q1219034,The Masked Gang,2005 film by Murat Aslan,2005-01-01T00:00:00Z,93.0
movies_5075,Q12190704,The Black Room,film directed by Hassan Benjelloun,2004-01-01T00:00:00Z,
movies_5076,Q1219082,The New Adventures of Pinocchio,1999 film by Michael Anderson,2001-04-05T00:00:00Z,88.0
movies_5077,Q12190896,El Farah,2009 film,2009-06-03T00:00:00Z,105.0
movies_5078,Q1219091,The Nine Lives of Tomas Katz,2000 film by Ben Hopkins,2000-03-01T00:00:00Z,88.0
movies_5079,Q12190968,The Five Seasons,2011 film by Sanaa Akroud,2011-03-25T00:00:00Z,100.0
movies_5080,Q12191639,El Kabch,2007 film by Naoufal Braoui,2007-01-01T00:00:00Z,
movies_5081,Q1219184,Crimson Rivers II: Angels of the Apocalypse,2004 film directed by Olivier Dahan,2004-01-01T00:00:00Z,95.0
movies_5082,Q12192036,El-Limby,2002 film by Wael Ehsan,2002-10-07T00:00:00Z,
movies_5083,Q12192077,Elly Baly Balak,2003 film by Wael Ehsan,2003-01-01T00:00:00Z,110.0
movies_5084,Q1219222,Rus Gelin,2003 film by Zeki Alasya,2003-01-01T00:00:00Z,106.0
movies_5085,Q12193260,The Deal,2012 film by Sandra Nashaat,2012-01-01T00:00:00Z,115.0
movies_5086,Q1219329,The Clown,2011 film by Selton Mello,2011-10-07T00:00:00Z,90.0
movies_5087,Q12194238,The Headmaster,2000 film by Sherif Arafa,2000-07-26T00:00:00Z,120.0
movies_5088,Q12195567,Baba,2012 film by Ali Idrees,2012-08-12T00:00:00Z,110.0
movies_5089,Q1219572,The Syrian Bride,2004 film by Eran Riklis,2004-01-01T00:00:00Z,97.0
movies_5090,Q12196079,Bahr al nojoum,2008 film by Ahmed Mahdi,2008-07-30T00:00:00Z,90.0
movies_5091,Q1219626,The Unintentional Kidnapping of Mrs. Elfriede Ott,2010 film by Andreas Prochaska,2010-01-01T00:00:00Z,110.0
movies_5092,Q12196836,No Limit Kids: Much Ado About Middle School,2010 film by Dave Moody,2010-01-01T00:00:00Z,87.0
movies_5093,Q1219732,The World Unseen,2007 film by Shamim Sarif,2007-09-09T00:00:00Z,94.0
movies_5094,Q12197853,Unruly Friends,2012 film by Sherif Mandour,2012-10-17T00:00:00Z,85.0
movies_5095,Q121991068,Failure!,2023 film directed by Alex Kahuam,2025-01-28T00:00:00Z,
movies_5096,Q1219918,The Glamorous Life of Sachiko Hanai,2003 Japanese film directed by Mitsuru Meike,2003-01-01T00:00:00Z,90.0
movies_5097,Q12199261,Midtown Girls,Egyptian film 2005,2005-11-04T00:00:00Z,
movies_5098,Q1219954,Die zwei Leben des Daniel Shore,2009 film by Michael Dreher,2009-01-01T00:00:00Z,95.0
movies_5099,Q12199836,Booha,2005 film by Ramy Imam,2005-06-05T00:00:00Z,
movies_5100,Q12199935,Lucky Hour,2008 film by Ahmed Yousry,2008-08-01T00:00:00Z,120.0
movies_5101,Q1220120,Robbery Alla Turca,2005 film directed by Oguzhan Tercan,2005-01-01T00:00:00Z,
movies_5102,Q12202057,Lost in the USA,2002 film,2002-03-20T00:00:00Z,
movies_5103,Q12203576,Terrible Grandma,Egyptian film 2012,2012-08-19T00:00:00Z,100.0
movies_5104,Q12203578,Tito,2004 film directed by Tarek Al Eryan,2004-01-01T00:00:00Z,
movies_5105,Q12204008,Breaking News,Egyptian film 2001,2001-08-08T00:00:00Z,125.0
movies_5106,Q12205588,She Made Me a Criminal,2006 film by Amr Arafa,2006-07-26T00:00:00Z,105.0
movies_5107,Q12206429,Gawaz Beqarar Gomhoury,Egyptian film 2001,2001-01-01T00:00:00Z,
movies_5108,Q12206455,Juba,2007 film,2007-01-01T00:00:00Z,
movies_5109,Q12206786,Haha w Toffaha,Egyptian film 2005,2005-01-01T00:00:00Z,100.0
movies_5110,Q12207419,Italia's War,2005 film,2005-07-27T00:00:00Z,110.0
movies_5111,Q12208332,Hasal Khair,2012 film,2012-05-30T00:00:00Z,
movies_5112,Q12208608,Helm El3omr,2008 film by Wael Ehsan,2008-07-04T00:00:00Z,
movies_5113,Q12208609,Helm Aziz,2012 film by Amr Arafa,2012-06-06T00:00:00Z,
movies_5114,Q12208610,The Butterfly's Dream,2013 film,2013-01-01T00:00:00Z,178.0
movies_5115,Q12208666,Hamadah Yilab,2005 film by Said Hamed,2005-01-01T00:00:00Z,95.0
movies_5116,Q122092305,Let the Good Times Roll,"2017 short film directed by Guillaume Fournier, Samuel Matteau, Yannick Nolin",2017-01-01T00:00:00Z,8.0
movies_5117,Q12209832,Kharig Ala Al Qanoun,2007 film by Ahmed Nader Galal,2007-12-20T00:00:00Z,113.0
movies_5118,Q12209864,Auntie Faransa,2004 film,2004-06-23T00:00:00Z,101.0
movies_5119,Q122103227,3 in a bed,2014 movie,2014-01-01T00:00:00Z,95.0
movies_5120,Q122113,Super,2010 film directed by James Gunn,2010-09-12T00:00:00Z,92.0
movies_5121,Q12211836,Doctor Silicon,2009 film,2009-03-18T00:00:00Z,119.0
movies_5122,Q12211890,The Gazelle's Blood,2005 film,2005-01-01T00:00:00Z,108.0
movies_5123,Q12212498,Tail of the Fish,Egyptian film 2003,2003-01-15T00:00:00Z,120.0
movies_5124,Q12213228,Rehla Mashbouha,2002 film by Ahmed Yehia,2002-12-05T00:00:00Z,
movies_5125,Q12214656,Zahaimar,2010 film by Amr Arafa,2010-01-01T00:00:00Z,
movies_5126,Q12216857,Sameer Abu Alneel,2013 film by Amr Arafa,2013-01-01T00:00:00Z,105.0
movies_5127,Q12216901,Sameer & Shaheer & Baheer,2010 Egyptian film directed by Moataz El Touni,2010-01-01T00:00:00Z,130.0
movies_5128,Q122169131,Parthenope,2024 film by Paolo Sorrentino,2025-01-08T00:00:00Z,136.0
movies_5129,Q12217949,Cinema Ali Baba,Egyptian film 2011,2011-11-02T00:00:00Z,
movies_5130,Q122190665,Hurry Up Tomorrow,2025 film directed by Trey Edward Shults,2025-05-15T00:00:00Z,
movies_5131,Q12219483,Saheb Sahbuh,2002 film by Said Hamed,2002-08-07T00:00:00Z,110.0
movies_5132,Q12219714,What a Lie,2007 film,2007-01-01T00:00:00Z,
movies_5133,Q12219959,Ant Scream,2011 film,2011-06-02T00:00:00Z,
movies_5134,Q12219985,Upper Egyptian to and fro,Egyptian film 2001,2001-05-13T00:00:00Z,
movies_5135,Q12220313,The Magic Box,2002 film directed by Ridha Behi,2002-08-31T00:00:00Z,94.0
movies_5136,Q122203155,Maria,2024 film directed by Pablo Larraín,2025-01-01T00:00:00Z,124.0
movies_5137,Q122204638,Penny Dreadful,2005 film,2005-10-15T00:00:00Z,
movies_5138,Q122204697,Waltzing Anna,2006 film,2006-08-11T00:00:00Z,
movies_5139,Q12221585,Cook of President or Chef of President,2008 Egyptian film,2008-01-23T00:00:00Z,
movies_5140,Q12221980,You Fly,2009 film by Ahmed El Guindi,2009-07-15T00:00:00Z,118.0
movies_5141,Q12222029,Zaza,Egyptian film 2006,2006-07-26T00:00:00Z,
movies_5142,Q12222050,Tarek's Situation,2006 film by Wael Ehsan,2006-01-04T00:00:00Z,108.0
movies_5143,Q12222401,I Want My Right,2003 film by Ahmed Nader Galal,2003-07-16T00:00:00Z,
movies_5144,Q122234107,Trippen,"film directed by Joel Adolphson, Victor Beer, Emil Beer",2025-09-26T00:00:00Z,98.0
movies_5145,Q12224223,Abdo Mota,2015 film,2012-10-24T00:00:00Z,90.0
movies_5146,Q12224224,Abdou With the Almohades,2006 film by Saïd Naciri,2006-01-01T00:00:00Z,
movies_5147,Q12224398,Agamista,2007 film,2007-01-01T00:00:00Z,120.0
movies_5148,Q12224778,Aris min geha amneya,2004 film by Ali Idrees,2004-07-28T00:00:00Z,90.0
movies_5149,Q12224852,Adam's Village,2009 film,2009-11-18T00:00:00Z,95.0
movies_5150,Q12227154,Soldiers in the Camp,2003 film,2003-07-30T00:00:00Z,110.0
movies_5151,Q12227592,Allal al Kalda,Moroccan film directed by Mohamed Ismaïl,2003-01-01T00:00:00Z,
movies_5152,Q12227806,Ala Goththeti,2013 film,2013-01-01T00:00:00Z,108.0
movies_5153,Q12228344,Omar 2000,2000 film,2000-09-27T00:00:00Z,98.0
movies_5154,Q12228488,Omar & Salma,2007 Egyptian film directed by Akram Farid,2007-01-01T00:00:00Z,
movies_5155,Q12228489,Omar & Salma 3,2012 film by Mohamed Samy,2012-01-11T00:00:00Z,
movies_5156,Q12228632,About Love and Passion,2006 film by Kamlah Abu-Zikri,2006-06-28T00:00:00Z,105.0
movies_5157,Q12228681,Andaleeb El Dokki,2008 film by Wael Ehsan,2008-01-01T00:00:00Z,
movies_5158,Q12228814,Okal,2004 film,2004-07-06T00:00:00Z,118.0
movies_5159,Q12229413,Stupid from Him in Him,2004 film by Rami Imam,2004-07-28T00:00:00Z,
movies_5160,Q12230126,We'll Be Right Back After the Break,2011 film by Ahmed Nader Galal,2011-01-19T00:00:00Z,110.0
movies_5161,Q12230300,فتح عينيك,2005 film,2005-01-01T00:00:00Z,
movies_5162,Q12230613,Band of Girls Only,Egyptisn film 2000,2000-12-27T00:00:00Z,
movies_5163,Q1223129,Different from Whom?,2009 film by Umberto Carteni,2009-01-01T00:00:00Z,108.0
movies_5164,Q12231386,"In Casablanca, Angels Don't Fly",2004 film by Mohamed Asli,2004-05-16T00:00:00Z,97.0
movies_5165,Q12231479,In the Heliopolis Flat,2007 film by Mohamed Khan,2007-03-14T00:00:00Z,118.0
movies_5166,Q12231490,Fe Mahatet masr,2006 film by Ahmed Nader Galal,2006-11-01T00:00:00Z,102.0
movies_5167,Q12231741,Awlad Lablad,2010 film by Mohamed Ismaïl,2010-01-01T00:00:00Z,
movies_5168,Q12231744,Cultural Film,2000 Egyptian film,2000-01-01T00:00:00Z,120.0
movies_5169,Q12231750,Film Hindi,2003 film,2003-01-01T00:00:00Z,
movies_5170,Q12232912,Class 8,2003 Moroccan film directed by Jamal Belmejdoub,2003-01-01T00:00:00Z,
movies_5171,Q122329458,Resurrection,2025 film directed by Bi Gan,2025-05-22T00:00:00Z,156.0
movies_5172,Q12234413,Cabaret,2008 film,2008-06-01T00:00:00Z,
movies_5173,Q12234549,Katkoot,2006 film by Ahmed Awad,2006-08-02T00:00:00Z,124.0
movies_5174,Q12234785,Karkar,2007 film directed by Ali Ragab,2007-06-26T00:00:00Z,
movies_5175,Q12234981,Amar's Hands,2011 film by Khaled Youssef,2011-11-02T00:00:00Z,120.0
movies_5176,Q12235760,Kalashnikov,2008 film by Ramy Imam,2008-01-23T00:00:00Z,
movies_5177,Q12235765,Love Talk,2006 film by Ali Idrees,2006-01-01T00:00:00Z,
movies_5178,Q12235815,Kallemni Shukran,2010 film by Khaled Youssef,2010-01-20T00:00:00Z,
movies_5179,Q12236428,Code 36,2007 film,2007-02-21T00:00:00Z,
movies_5180,Q12236845,"No Retreat, No Surrender",2010 film by Ahmed El Guindi,2010-06-30T00:00:00Z,116.0
movies_5181,Q12237731,White Nights,2004 film by Jamal Belmejdoub,2004-01-01T00:00:00Z,
movies_5182,Q12238234,MARIA Y ASSOU,film,2005-01-01T00:00:00Z,
movies_5183,Q12238289,Mafia,2002 film by Sherif Arafa,2002-07-24T00:00:00Z,
movies_5184,Q12239279,Divorce Attorney,2002 film,2002-08-14T00:00:00Z,112.0
movies_5185,Q12239286,Mohtaram Ela 1/4,2010 film by Muhammed Hamdi Yazır,2010-11-10T00:00:00Z,95.0
movies_5186,Q122396990,The Strangers: Chapter 2,2025 film directed by Renny Harlin,2025-01-16T00:00:00Z,162.0
movies_5187,Q12241522,Scary or Die,"2012 film directed by Bob Badway, Michael Emanuel and Igor Meglic",2012-01-01T00:00:00Z,91.0
movies_5188,Q12241931,Teen Diary,2001 film by Inas El-Degheidy,2001-01-23T00:00:00Z,
movies_5189,Q12242061,Morgan Ahmed Morgan,2007 film by Ali Idrees,2007-07-04T00:00:00Z,
movies_5190,Q12242586,Mr.& Mrs. Ewis,2012 film,2012-08-19T00:00:00Z,
movies_5191,Q12242874,Transit Prisoner,2008 film by Sandra Nashaat,2008-06-18T00:00:00Z,
movies_5192,Q12243516,Mesawar Qateel,2012 film,2012-12-05T00:00:00Z,94.0
movies_5193,Q12243582,Life's Speed Bump,2006 film by Wael Ehsan,2006-12-01T00:00:00Z,110.0
movies_5194,Q12243704,His Excellency..... The Minister,2002 film by Samir Seif,2002-12-05T00:00:00Z,100.0
movies_5195,Q12244262,Malesh Ehna Benetbahdel,2005 film by Sherif Mandour,2005-08-03T00:00:00Z,90.0
movies_5196,Q122459848,Bella Donna's,2017 film directed by Jon Karthaus,2017-09-14T00:00:00Z,
movies_5197,Q122469990,Pokkhirajer Dim,2025 film directed by Soukarya Ghosal,2025-06-13T00:00:00Z,
movies_5198,Q12248902,Nims Bond,2008 film,2008-01-01T00:00:00Z,115.0
movies_5199,Q12249669,Hello America,Egyptian-American film 2000,2000-01-08T00:00:00Z,115.0
movies_5200,Q12250425,Intact One,Egyptian film 2011,2011-12-11T00:00:00Z,100.0
movies_5201,Q12250426,One-Zero,Egyptian film 2009,2009-03-04T00:00:00Z,105.0
movies_5202,Q12250430,One of the People,2010 film directed by Ahmed Nader Galal,2006-07-19T00:00:00Z,133.0
movies_5203,Q1225068,Into the Arms of Strangers: Stories of the Kindertransport,2000 film documentary directed by Mark Jonathan Harris,2000-01-01T00:00:00Z,122.0
movies_5204,Q12250901,Encrypted Letter,2008 film,2008-01-01T00:00:00Z,89.0
movies_5205,Q12251050,Wesh Egram,2006 film by Wael Ehsan,2006-07-19T00:00:00Z,105.0
movies_5206,Q12251233,Walad w Bent,2010 film,2010-02-10T00:00:00Z,
movies_5207,Q12251453,Either Me or My Auntie,2005 film by Said Hamed,2005-06-22T00:00:00Z,90.0
movies_5208,Q1225387,Dil Hai Tumhaara,2002 Hindi film directed by Kundan Shah,2002-01-01T00:00:00Z,185.0
movies_5209,Q12254143,Arriya,2011 film by Alberto J. Gorritiberea,2011-04-01T00:00:00Z,101.0
movies_5210,Q12255572,Bypass,"2012 film by Aitor Mazo, Patxo Telleria",2012-01-01T00:00:00Z,98.0
movies_5211,Q12256657,El síndrome de Svensson,2006 film by Kepa Sojo,2006-01-01T00:00:00Z,95.0
movies_5212,Q12257676,Eutsi!,2007 film directed by Alberto J. Gorritiberea,2007-03-09T00:00:00Z,87.0
movies_5213,Q122585845,The Rivals of Amziah King,2025 film directed by Andrew Patterson,2025-03-10T00:00:00Z,131.0
movies_5214,Q12261704,"Kutsidazu bidea, Ixabel","2006 film by Fernando Bernues, Mireia Gabilondo",2006-09-29T00:00:00Z,90.0
movies_5215,Q122624366,Anton,2019 film directed by Zaza Urushadze,2019-01-01T00:00:00Z,102.0
movies_5216,Q1226378,Things That Hang from Trees,2006 film,2006-01-01T00:00:00Z,94.0
movies_5217,Q122652,Krabat,2008 film by Marco Kreuzpaintner,2008-01-01T00:00:00Z,115.0
movies_5218,Q1226599,Dinner for Schmucks,2010 film by Jay Roach,2010-01-01T00:00:00Z,114.0
movies_5219,Q1226604,Dinocroc,2004 film by Kevin O’Neill,2004-01-01T00:00:00Z,87.0
movies_5220,Q1226702,Dinosaurier,2009 film by Leander Haußmann,2009-01-01T00:00:00Z,101.0
movies_5221,Q12267733,Secretos de cocina,2009 film directed by Aitzpea Goenaga,2009-05-22T00:00:00Z,90.0
movies_5222,Q12269090,Xora,2012 film directed by Peio Cachenaut,2012-01-01T00:00:00Z,85.0
movies_5223,Q12269332,Zigortzaileak,film,2009-01-01T00:00:00Z,87.0
movies_5224,Q12270550,A.T.M.,2006 film directed by Wiktor Tschutschkow,2006-01-01T00:00:00Z,
movies_5225,Q12270983,Which Way Today,2007 film by Rangel Vulchanov,2007-07-03T00:00:00Z,
movies_5226,Q122713,Insidious,2010 film by James Wan,2010-09-14T00:00:00Z,102.0
movies_5227,Q12273059,Bez semeyna prilika,2004 film,2004-01-01T00:00:00Z,
movies_5228,Q122741016,Hamnet,2025 film directed by Chloé Zhao,2025-08-29T00:00:00Z,125.0
movies_5229,Q1227439,Direct Action,2004 film directed by Sidney J. Furie,2004-01-01T00:00:00Z,90.0
movies_5230,Q12274553,Waltzes and Tangos in the Village of Whitewater,2007 film,2007-01-01T00:00:00Z,
movies_5231,Q12277243,Mrs. Dinosaur,2002 film by Anri Kulev,2002-10-20T00:00:00Z,75.0
movies_5232,Q12279517,One Calorie,2003 film by Ivanka Grybcheva,2003-05-21T00:00:00Z,
movies_5233,Q12279803,Emigrants,2002 film by Ivaylo Hristov,2002-01-01T00:00:00Z,85.0
movies_5234,Q12280274,Voice Over,2010 film by Svetoslav Ovtcharov,2010-01-01T00:00:00Z,
movies_5235,Q12280624,Posseteni ot gospoda,2003 film by Petar Popzlatev,2003-11-22T00:00:00Z,118.0
movies_5236,Q122827342,Silent Friend,2025 film directed by Ildikó Enyedi,2025-09-05T00:00:00Z,147.0
movies_5237,Q1228413,Military Academy,2007 film by Granz Henman,2007-01-01T00:00:00Z,
movies_5238,Q12284754,Lady Zee,2005 film by Georgi Djulgerov,2005-03-14T00:00:00Z,96.0
movies_5239,Q12285001,HDSP: Hunting Down Small Predators,2010 film by Tsvetodar Markov,2010-09-17T00:00:00Z,100.0
movies_5240,Q12285060,Lora from Morning Till Evening,2011 film,2011-01-01T00:00:00Z,
movies_5241,Q122852744,Tower of Silence,2019 film directed by Erik Flynn Patton,2019-12-03T00:00:00Z,107.0
movies_5242,Q122863612,Kratt,2020 film directed by Rasmus Merivoo,2020-01-01T00:00:00Z,107.0
movies_5243,Q12288964,Night and Day,2006 film by Krassimir Kroumov,2006-01-01T00:00:00Z,
movies_5244,Q12289121,Christmas Tree Upside Down,2006 film by Ivan Tscherkelov,2006-12-15T00:00:00Z,124.0
movies_5245,Q12289142,The Devil's Mirror,2001 film by Nikolai Volev,2001-11-26T00:00:00Z,
movies_5246,Q12289253,Devil's Tail,2001 film by Dimitar Petkov,2001-11-25T00:00:00Z,87.0
movies_5247,Q12289862,Pansion za kucheta,2000 film by Stefan Komandarev,2000-10-10T00:00:00Z,
movies_5248,Q1229069,"Remember Me, My Love",2003 film by Gabriele Muccino,2003-01-01T00:00:00Z,117.0
movies_5249,Q12290898,Under the Same Roof,2003 film by Krassimir Kroumov,2003-01-01T00:00:00Z,
movies_5250,Q12290923,Shelter,2010 film,2010-01-01T00:00:00Z,88.0
movies_5251,Q12290942,Lost and Found,2005 film directed by Stefan Arsenijević et al.,2005-02-10T00:00:00Z,99.0
movies_5252,Q12291125,Posrednikat,2008 film,2008-01-01T00:00:00Z,
movies_5253,Q12291497,Forecast,2009 film by Zornitsa Sofia Popgancheva,2009-04-17T00:00:00Z,100.0
movies_5254,Q12291666,Ptitsata,2003 film,2003-11-25T00:00:00Z,
movies_5255,Q12292185,Crayfish,2009 film by Ivan Tscherkelov,2009-01-01T00:00:00Z,
movies_5256,Q12292279,Rosy Pelican Reserve,2003 film by Ivaylo Dzhambazov,2003-12-31T00:00:00Z,59.0
movies_5257,Q122932764,The Second Coming of Christ,2018 film,2018-01-01T00:00:00Z,92.0
movies_5258,Q1229368,Distance,2009 film by Thomas Sieben,2009-01-01T00:00:00Z,82.0
movies_5259,Q12294089,The Meaning of Life,2005 Bulgarian drama feature film directed by Krassimir Krumov,2005-01-01T00:00:00Z,
movies_5260,Q122946886,The Wrecker,2025 film directed by Art Camacho,2025-10-31T00:00:00Z,
movies_5261,Q12295739,The Glass River,2010 film by Stanimir Trifonov,2010-01-01T00:00:00Z,
movies_5262,Q12297197,Weekend with Mommy,2009 film by Stere Gulea,2009-03-20T00:00:00Z,87.0
movies_5263,Q1229752,Twice Upon a Time,2006 film by Antoine de Caunes,2006-01-01T00:00:00Z,92.0
movies_5264,Q12298069,Hindemith,2006 film directed by Andrej Slabakov,2006-01-01T00:00:00Z,
movies_5265,Q1229857,Old Dogs,2009 film by Walt Becker,2009-11-25T00:00:00Z,88.0
movies_5266,Q12298819,The Colour of the Chameleon,2012 film,2012-01-01T00:00:00Z,111.0
movies_5267,Q12299295,Freaky Day,2004 film,2004-03-11T00:00:00Z,
movies_5268,Q12299353,Seamstresses,2007 film by Lyudmil Todorov,2007-01-01T00:00:00Z,95.0
movies_5269,Q12299903,Kick'n Rush,2003 film by Aage Rais-Nordentoft,2003-10-03T00:00:00Z,95.0
movies_5270,Q12300135,Through Your Eyes,2006 film,2006-09-07T00:00:00Z,104.0
movies_5271,Q12300853,Albert,1998 Danish film by Jørn Faurschou,2000-09-14T00:00:00Z,80.0
movies_5272,Q12301078,All for Two,2013 film by Rasmus Heide,2013-01-31T00:00:00Z,89.0
movies_5273,Q123014315,Human Comedy In Tokyo,2008 film directed by Kōji Fukada,2008-10-11T00:00:00Z,140.0
movies_5274,Q123014465,D'Uragons,Philippine action comedy film,2002-08-07T00:00:00Z,115.0
movies_5275,Q12301702,Anja After Viktor,2003 film by Charlotte Sachs Bostrup,2003-04-04T00:00:00Z,85.0
movies_5276,Q12301704,Anja & Viktor,2001 film by Charlotte Sachs Bostrup,2001-08-03T00:00:00Z,90.0
movies_5277,Q12301705,Anja og Viktor - Brændende Kærlighed,2007 film by Niels Nørløv Hansen,2007-01-19T00:00:00Z,92.0
movies_5278,Q12301707,Anja & Viktor - I medgang og modgang,2008 film by Søren Frellesen,2008-09-12T00:00:00Z,85.0
movies_5279,Q12301736,Anna,2000 film by Erik Wedersøe,2000-11-10T00:00:00Z,86.0
movies_5280,Q12302227,Artemis Fowl,2020 film by Kenneth Branagh,2020-01-01T00:00:00Z,94.0
movies_5281,Q12302313,Cinder Rock'n Rella,2003 film by Charlotte Sachs Bostrup,2003-02-07T00:00:00Z,82.0
movies_5282,Q12302400,One-Hand Clapping,2001 film by Gert Fredholm,2001-08-17T00:00:00Z,94.0
movies_5283,Q12302708,Baby,2003 film by Linda Wendel,2003-08-08T00:00:00Z,89.0
movies_5284,Q12303309,Bertram & Co,2002 film by Hans Kristensen,2002-12-25T00:00:00Z,80.0
movies_5285,Q12303872,Take the Trash,2008 film by Rasmus Heide,2008-08-15T00:00:00Z,83.0
movies_5286,Q12304750,Bytte Bytte Købmand,2010 film show directed by Anders Matthesen and Thomas Hartmann,2010-09-27T00:00:00Z,
movies_5287,Q12304817,Bølle Bob og Smukke Sally,2005 film by Rune Bendixen,2005-07-15T00:00:00Z,72.0
movies_5288,Q123050485,The Home,2025 film directed by James DeMonaco,2025-07-25T00:00:00Z,95.0
movies_5289,Q12305094,Camping,2009 film by Jacob Bitsch,2009-09-04T00:00:00Z,79.0
movies_5290,Q12305674,Charlie Butterfly,2002 film by Dariusz Steiness,2002-05-03T00:00:00Z,100.0
movies_5291,Q12307349,Dansen,2008 film by Pernille Fischer Christensen,2008-03-14T00:00:00Z,102.0
movies_5292,Q12308214,Den rette ånd,2005 film by Martin Strange-Hansen,2005-12-16T00:00:00Z,89.0
movies_5293,Q12308225,The Last Journey,2011 film by Lasse Spang Olsen,2011-12-15T00:00:00Z,100.0
movies_5294,Q12308226,The Last Viking,1997 film by Jesper W. Nielsen,2000-04-21T00:00:00Z,88.0
movies_5295,Q12308291,"Skymaster, a flying family fairytale",2006 film by Michael Wikke,2006-10-13T00:00:00Z,90.0
movies_5296,Q12308462,Det grå guld,2013 film by Shaky González,2013-03-27T00:00:00Z,92.0
movies_5297,Q12308501,The Perfect Heist,2008 film by Dennis Holck Petersen,2008-06-21T00:00:00Z,78.0
movies_5298,Q12308608,Dig og mig,2008 film directed by Christian E. Christiansen,2008-08-01T00:00:00Z,89.0
movies_5299,Q12308814,Dommeren,2005 film by Gert Fredholm,2005-11-04T00:00:00Z,90.0
movies_5300,Q12308937,Dreng,2011 film by Peter Gantzler,2011-01-27T00:00:00Z,93.0
movies_5301,Q123091318,Happy Birthday,2015 film by Paulo Leão,2015-01-01T00:00:00Z,
movies_5302,Q123094814,Brave the Dark,2023 film directed by Damian Harris,2025-01-24T00:00:00Z,122.0
movies_5303,Q12310042,Oneway-ticket to Korsør,2008 film by Gert Fredholm,2008-09-19T00:00:00Z,104.0
movies_5304,Q12311031,Familien Gregersen,2004 film by Charlotte Sachs Bostrup,2004-12-17T00:00:00Z,210.0
movies_5305,Q12311073,Far til Fire Gi'r Aldrig Op,2005 film by Claus Bjerre,2005-10-14T00:00:00Z,91.0
movies_5306,Q12311074,Far til Fire - I Stor Stil,2006 film by Claus Bjerre,2006-12-25T00:00:00Z,90.0
movies_5307,Q12311075,Far til Fire - På Hjemmebane,2008 film by Claus Bjerre,2008-10-03T00:00:00Z,91.0
movies_5308,Q12311077,Father of Four - In Japanese Mode,2010 film by Claus Bjerre,2010-02-04T00:00:00Z,86.0
movies_5309,Q123113807,In the Hand of Dante,2025 film directed by Julian Schnabel,2025-09-03T00:00:00Z,
movies_5310,Q12311678,The Escape,2009 film by Kathrine Windfeld,2009-01-09T00:00:00Z,117.0
movies_5311,Q123122993,Yen's life,Vietnamese movie (2016),2016-01-08T00:00:00Z,
movies_5312,Q123125161,Saint Clare,2024 film directed by Mitzi Peirone,2025-07-18T00:00:00Z,
movies_5313,Q12312966,Freedom on Parole,2010 film directed by Erik Clausen,2010-06-10T00:00:00Z,104.0
movies_5314,Q12313082,Fruen på Hamre,2000 film by Katrine Wiedemann,2000-05-12T00:00:00Z,90.0
movies_5315,Q1231314,Mambo Italiano,2003 film by Émile Gaudreault,2003-01-01T00:00:00Z,89.0
movies_5316,Q123137223,Not Without Hope,2025 film directed by Joe Carnahan,2025-10-25T00:00:00Z,
movies_5317,Q123139361,Verona,2010 Canadian film,2010-04-30T00:00:00Z,22.0
movies_5318,Q12314029,Glimpse,2006 film by Nicolas Russell Bennetzen,2006-01-01T00:00:00Z,108.0
movies_5319,Q12314310,Count Axel,2001 film by Søren Fauli,2001-04-06T00:00:00Z,86.0
movies_5320,Q123144593,Behind the Shadows,2025 Hong Kong film,2025-01-01T00:00:00Z,
movies_5321,Q12314585,The Gold of Valhalla,2007 film directed by Martin Schmidt,2007-10-12T00:00:00Z,93.0
movies_5322,Q12314758,Go with Peace Jamil,2008 film by Omar Shargawi,2008-05-30T00:00:00Z,90.0
movies_5323,Q12315018,Halalabad Blues,2002 film by Helle Ryslinge,2002-11-29T00:00:00Z,114.0
movies_5324,Q12315869,Headhunter,2009 film by Rumle Hammerich,2009-08-28T00:00:00Z,108.0
movies_5325,Q12316769,When Heaven Falls,2009 film by Manyar I. Parwani,2009-01-30T00:00:00Z,115.0
movies_5326,Q12316789,Himmerland,2008 film by James Barclay,2008-01-01T00:00:00Z,85.0
movies_5327,Q123169096,The Dutchman,2025 film directed by Andre Gaines,2025-03-08T00:00:00Z,
movies_5328,Q123169098,The Life of Chuck,2024 film directed by Mike Flanagan,2025-06-06T00:00:00Z,111.0
movies_5329,Q123169551,Por Que Você Veio Morar Aqui?,Doc Film by Paulo Leão,2009-01-01T00:00:00Z,46.0
movies_5330,Q12317023,Hold Me Tight,2010 film by Kaspar Munk,2010-04-17T00:00:00Z,79.0
movies_5331,Q12317441,The Man Who Couldn't Say No,2002 film by Peter Bay,2002-06-28T00:00:00Z,85.0
movies_5332,Q12317570,This Life,2012 film by Anne-Grethe Bjarup Riis,2012-03-01T00:00:00Z,110.0
movies_5333,Q123179308,There Is Still Tomorrow,2023 Italian film by Paola Cortellesi,2025-01-02T00:00:00Z,118.0
movies_5334,Q12317931,The Collector,2004 film by Lasse Spang Olsen,2004-10-22T00:00:00Z,86.0
movies_5335,Q123181935,William Tell,historical drama film,2025-01-10T00:00:00Z,133.0
movies_5336,Q123184936,Annie Brocoli dans les fonds marins,2003 film directed by Claude Brie,2003-12-19T00:00:00Z,
movies_5337,Q123185886,The Unholy Trinity,2024 film directed by Richard Gray,2025-06-13T00:00:00Z,
movies_5338,Q12320257,Jolly Roger,2001 film by Lasse Spang Olsen,2001-10-12T00:00:00Z,95.0
movies_5339,Q12320424,The Christmas Party,2009 film by Rasmus Heide,2009-11-06T00:00:00Z,85.0
movies_5340,Q12320451,Juliane,2000 film by Hans Kristensen,2000-04-07T00:00:00Z,104.0
movies_5341,Q123205627,What It Was,2014 film directed by Daniel Armando,2014-06-25T00:00:00Z,
movies_5342,Q123218412,Narcos Gay,2002 Mexican film,2002-01-01T00:00:00Z,91.0
movies_5343,Q12322474,Room 205,2007 film by Martin Barnewitz,2007-08-10T00:00:00Z,92.0
movies_5344,Q12323002,The Crocs,2009 film by Dennis Bahnson,2009-09-12T00:00:00Z,81.0
movies_5345,Q12323041,Krummerne - Så er det jul igen,2006 film by Morten Lorentzen,2006-11-17T00:00:00Z,86.0
movies_5346,Q12323334,Aching Hearts,2009 film by Nils Malmros,2009-03-13T00:00:00Z,121.0
movies_5347,Q1232340,Heiter bis Wolkig,2012 film by Marco Petry,2012-01-01T00:00:00Z,99.0
movies_5348,Q12324124,Temporary Release,2007 film by Erik Clausen,2007-01-12T00:00:00Z,95.0
movies_5349,Q12324929,Lotto,2006 film by Peter Schrøder,2006-06-09T00:00:00Z,91.0
movies_5350,Q12325220,Move Me,2003 film by Morten Arnfred,2003-01-30T00:00:00Z,99.0
movies_5351,Q12325347,Lærkevej - Til Døden os Skiller,2012 film by Mogens Hagedorn Christiansen,2012-02-02T00:00:00Z,93.0
movies_5352,Q12325874,Manden bag døren,2003 film by Jesper W. Nielsen,2003-08-15T00:00:00Z,92.0
movies_5353,Q123263821,Psycho Therapy: The Shallow Tale of a Writer Who Decided to Write About a Serial Killer,2024 film directed by Tolga Karaçelik,2025-04-04T00:00:00Z,
movies_5354,Q12326461,Max,2000 film by Trine Piil Christensen,2000-03-17T00:00:00Z,85.0
movies_5355,Q12326475,Max Embarrassing Goes to the Festival,2012 film by Lotte Svendsen,2012-12-25T00:00:00Z,100.0
movies_5356,Q12327268,My Good Enemy,2010 Danish film directed by Oliver Ussing,2010-04-16T00:00:00Z,93.0
movies_5357,Q12327272,My Grandfather's Murderer,"2004 Danish documentary directed by Søren Fauli, Mikala Krogh",2004-11-19T00:00:00Z,60.0
movies_5358,Q12327278,My sister's kids 2,2002 film by Tomas Villum Jensen,2002-10-11T00:00:00Z,84.0
movies_5359,Q12327279,My Sister's Kids Home Alone,2012 film by Martin Miehe-Renard,2012-02-02T00:00:00Z,79.0
movies_5360,Q12327280,Min søsters børn i Ægypten,2004 film by Kasper Barfoed,2004-10-08T00:00:00Z,79.0
movies_5361,Q12327281,My Sister's Kids in Jutland,2010 film by Martin Miehe-Renard,2010-01-16T00:00:00Z,90.0
movies_5362,Q12327338,Miracle,2000 film by Natasha Arthy,2000-10-13T00:00:00Z,80.0
movies_5363,Q12327567,Monster Busters,2009 film directed by Martin Schmidt,2009-09-10T00:00:00Z,88.0
movies_5364,Q12328084,Nasty Brats,2003 film by Giacomo Campeotto,2003-10-10T00:00:00Z,85.0
movies_5365,Q12329107,Noma at Boiling Point,2008 film by Christian Vorting,2008-11-12T00:00:00Z,58.0
movies_5366,Q12329564,Next Step,2005 film by Morten Nørgaard,2005-01-01T00:00:00Z,87.0
movies_5367,Q12329944,Oh Happy Day,2004 film by Hella Joof,2004-11-05T00:00:00Z,98.0
movies_5368,Q12330002,Oldboys,2009 film by Nikolaj Steen,2009-12-25T00:00:00Z,100.0
movies_5369,Q12330295,One Hell of a Christmas,2002 film by Shaky González,2002-12-10T00:00:00Z,94.0
movies_5370,Q12330298,One Shot,2008 film by Linda Wendel,2008-06-20T00:00:00Z,78.0
movies_5371,Q12330696,"Above the Street, Below the Water",2009 film by Charlotte Sieling,2009-10-23T00:00:00Z,85.0
movies_5372,Q12331012,Therapy,2010 film by Kenneth Kainz,2010-02-25T00:00:00Z,99.0
movies_5373,Q12331964,Player,2013 film by Tomas Villum Jensen,2013-06-20T00:00:00Z,90.0
movies_5374,Q1233258,Kuma,2012 film by Umut Dağ,2012-01-01T00:00:00Z,93.0
movies_5375,Q12332601,Pyrus på pletten,2000 film by Martin Miehe-Renard,2000-11-24T00:00:00Z,85.0
movies_5376,Q12332614,Foreign Fields,2000 film by Aage Rais-Nordentoft,2000-03-24T00:00:00Z,100.0
movies_5377,Q12332651,Quatraro mysteriet,2009 film,2009-01-01T00:00:00Z,
movies_5378,Q123330555,Peg O' My Heart,2025 Hong Kong film,2025-03-27T00:00:00Z,97.0
movies_5379,Q12333223,Pure Hearts,2006 film by Kenneth Kainz,2006-09-08T00:00:00Z,82.0
movies_5380,Q12333412,Rich Kids,2007 film directed by Rune Bendixen,2007-03-01T00:00:00Z,85.0
movies_5381,Q123339531,A House on Fire,2024 film directed by Dani de la Orden,2025-07-03T00:00:00Z,
movies_5382,Q12334097,Life Hits,2006 film by Christian E. Christiansen,2006-07-07T00:00:00Z,93.0
movies_5383,Q12334799,"Se til venstre, der er en svensker",2003 film by Natasha Arthy,2003-01-31T00:00:00Z,95.0
movies_5384,Q12334998,Send More Candy,2001 film by Cæcilia Holbek Trier,2001-07-06T00:00:00Z,76.0
movies_5385,Q123353190,A Goy Guide to World History,2014 documentary film,2014-01-01T00:00:00Z,
movies_5386,Q12335324,Silkevejen,2004 film by Jytte Rex,2004-09-10T00:00:00Z,76.0
movies_5387,Q12335340,Simon,2004 film directed by Nikolaj Cederholm,2004-01-01T00:00:00Z,
movies_5388,Q123353613,Flight Risk,2025 film directed by Mel Gibson,2025-01-24T00:00:00Z,91.0
movies_5389,Q123354111,Yang Shanzhou,2011 Chinese film,2011-07-19T00:00:00Z,97.0
movies_5390,Q123354121,Yuan Longping,2009 Chinese film,2009-03-19T00:00:00Z,92.0
movies_5391,Q123354232,The Dumpling Queen,2025 film directed by Andrew Lau,2025-04-30T00:00:00Z,119.0
movies_5392,Q12335599,Skavengers,film directed by Nikolaj Tarp,2012-01-01T00:00:00Z,
movies_5393,Q12335915,The Shooter,2013 film by Annette K. Olesen,2013-02-28T00:00:00Z,94.0
movies_5394,Q12336072,Joystick Nation – Generation Hip Hop,2002 film by Marcelino Ballarin,2002-08-30T00:00:00Z,101.0
movies_5395,Q12336076,Slip hestene løs,2000 film by Erik Clausen,2000-08-11T00:00:00Z,98.0
movies_5396,Q12336171,Nothing's all Bad,2010 film by Mikkel Munch-Fals,2010-09-23T00:00:00Z,93.0
movies_5397,Q12336502,Black Balls,2009 film by Anders Matthesen,2009-06-12T00:00:00Z,82.0
movies_5398,Q12336559,Sover Dolly på ryggen?,2012 film by Hella Joof,2012-11-04T00:00:00Z,100.0
movies_5399,Q12336657,"Sex, Drugs & Taxation",2013 film by Christoffer Boe,2013-08-29T00:00:00Z,110.0
movies_5400,Q12336735,Springet,2005 film by Henning Carlsen,2005-02-25T00:00:00Z,95.0
movies_5401,Q12336764,Clash of Egos,2006 film by Tomas Villum Jensen,2006-08-25T00:00:00Z,92.0
movies_5402,Q123370370,Cleaner,2025 film by Martin Campbell,2025-02-20T00:00:00Z,97.0
movies_5403,Q1233715,Doc West,"2009 film by Giulio Base, Terence Hill",2009-01-01T00:00:00Z,93.0
movies_5404,Q12337373,Store planer!,2005 film by Jesper W. Nielsen,2005-01-07T00:00:00Z,96.0
movies_5405,Q12339042,The Good Life,2011 film by Eva Mulvad,2011-02-02T00:00:00Z,86.0
movies_5406,Q12339350,What's Wrong with This Picture,2004 film by Lotte Svendsen,2004-08-13T00:00:00Z,94.0
movies_5407,Q12339379,Turn Right by the Yellow Dog,2003 film by Peter Ringgaard,2003-09-19T00:00:00Z,86.0
movies_5408,Q12339843,The Coach,2009 film by Lars Mikkelsen,2009-01-01T00:00:00Z,33.0
movies_5409,Q12340263,Ung mand falder,2007 film by Martin de Thurah,2007-01-01T00:00:00Z,43.0
movies_5410,Q123403594,Hamlet,2025 film directed by Aneil Karia,2025-08-30T00:00:00Z,114.0
movies_5411,Q12340701,Veninder,2005 film by Charlotte Sachs Bostrup,2005-07-29T00:00:00Z,85.0
movies_5412,Q123420921,Code 3,2025 film directed by Christopher Leone,2025-09-12T00:00:00Z,104.0
movies_5413,Q12342337,Grønne hjerter,2006 film by Preben Lorentzen,2006-04-28T00:00:00Z,96.0
movies_5414,Q12342669,Overcoming,2005 film by Tómas Gislason,2005-01-01T00:00:00Z,105.0
movies_5415,Q12343180,With Your Permission,2007 film by Paprika Steen,2007-09-28T00:00:00Z,100.0
movies_5416,Q12343433,Gemini,2003 film by Hans Fabian Wullenweber,2003-11-07T00:00:00Z,94.0
movies_5417,Q12343471,Tæl til 100,2004 film by Linda Krogsøe Holmberg,2004-02-06T00:00:00Z,78.0
movies_5418,Q12343734,At World's End,2009 film by Tomas Villum Jensen,2009-10-09T00:00:00Z,95.0
movies_5419,Q12344188,Winnie & Karina - The Movie,2009 film by Søren Fauli,2009-08-07T00:00:00Z,75.0
movies_5420,Q12344354,Jewel of the Desert,2001 film by Thomas Borch Nielsen,2001-02-02T00:00:00Z,77.0
movies_5421,Q12345679,Death March,2013 film,2013-05-19T00:00:00Z,110.0
movies_5422,Q123457713,The Braid,2023 film directed by Lætitia Colombani,2025-05-08T00:00:00Z,119.0
movies_5423,Q1234633,Dog Pound,2010 film by Kim Chapiron,2010-01-01T00:00:00Z,87.0
movies_5424,Q12346586,A House Built on Water,2001 Iranian drama film by Bahman Farmanara,2001-01-01T00:00:00Z,108.0
movies_5425,Q123466388,The Warehouse,2015 Belgian Film by Kurt Velghe and Ronny Claus,2015-01-01T00:00:00Z,
movies_5426,Q1234664,Dog Soldiers,2002 film directed by Neil Marshall,2002-03-22T00:00:00Z,100.0
movies_5427,Q123472177,Eden,2024 film directed by Ron Howard,2025-08-22T00:00:00Z,129.0
movies_5428,Q1234728,Doghouse,2009 film by Jake West,2009-01-01T00:00:00Z,86.0
movies_5429,Q123477948,The Surfer,2024 film directed by Lorcan Finnegan,2025-05-02T00:00:00Z,100.0
movies_5430,Q123511612,Riff Raff,2024 film directed by Dito Montiel,2025-02-28T00:00:00Z,103.0
movies_5431,Q1235281,We Have a Pope,2011 film directed by Nanni Moretti,2011-04-15T00:00:00Z,102.0
movies_5432,Q1235550,W.E.,2011 film by Madonna,2011-01-01T00:00:00Z,119.0
movies_5433,Q12357515,In My End Is My Beginning,2013 film by Min Gyu-dong,2013-01-01T00:00:00Z,87.0
movies_5434,Q123582793,Lucie and the Miracles,1971 film by Ota Koval,2008-11-03T00:00:00Z,76.0
movies_5435,Q123583548,The Last Front,2024 film directed by Julien Hayet-Kerknawi,2025-06-27T00:00:00Z,98.0
movies_5436,Q123594168,Harvest,2024 film directed by Athina Rachel Tsangari,2025-04-16T00:00:00Z,131.0
movies_5437,Q12360215,Baskin,2012 film by Manfred Vainokivi,2012-01-01T00:00:00Z,53.0
movies_5438,Q1236069,"Farewell, My Queen",2012 film directed by Benoît Jacquot,2012-01-01T00:00:00Z,100.0
movies_5439,Q12360753,Demons,2012 film by Ain Mäeots,2012-11-09T00:00:00Z,118.0
movies_5440,Q123614097,Soukromý vesmír,film directed by Helena Třeštíková,2012-01-01T00:00:00Z,83.0
movies_5441,Q12361829,Living Images,2013 film by Hardi Volmer,2013-01-01T00:00:00Z,135.0
movies_5442,Q12363537,Good Hands,2001 film by Peeter Simm,2001-01-01T00:00:00Z,90.0
movies_5443,Q123653417,Bon Schuur Ticino,Swiss comedy film from 2023,2025-07-10T00:00:00Z,88.0
movies_5444,Q12367211,The Arbiter,2013 film by Kadri Kõusaar,2013-01-01T00:00:00Z,103.0
movies_5445,Q123677839,Caniba,film directed by Véréna Paravel and Lucien Castaing-Taylor,2017-09-04T00:00:00Z,90.0
movies_5446,Q12367873,Coach Driver Knocks Three Times,2010 film directed by Elo Selirand,2010-01-01T00:00:00Z,49.0
movies_5447,Q123680870,Ecchi o nerae!: Inuneko.,2009 Film,2009-08-29T00:00:00Z,133.0
movies_5448,Q1236851,The History Boys,2006 film by Nicholas Hytner,2006-01-01T00:00:00Z,109.0
movies_5449,Q123689050,Fátima o el parque de la fraternidad,2015 film directed by Jorge Peruguria,2015-01-01T00:00:00Z,
movies_5450,Q123690366,Love Me,2024 film directed by Sam and Andy Zuchero,2025-01-31T00:00:00Z,92.0
movies_5451,Q123690368,A Real Pain,2024 film by Jesse Eisenberg,2025-01-16T00:00:00Z,90.0
movies_5452,Q123690382,Presence,2024 film directed by Steven Soderbergh,2025-01-24T00:00:00Z,85.0
movies_5453,Q123690674,Live in Peace,1997 Chinese film,2000-02-10T00:00:00Z,102.0
movies_5454,Q12369119,The Snow Queen,2010 film by Marko Raat,2010-02-25T00:00:00Z,95.0
movies_5455,Q123693164,Ponyboi,2024 film directed by Esteban Arango,2025-06-27T00:00:00Z,103.0
movies_5456,Q12371187,Knife,2007 film by Marko Raat,2007-01-01T00:00:00Z,58.0
movies_5457,Q12371939,Bank Robbery,2009 film directed by Andrus Tuisk,2009-01-01T00:00:00Z,93.0
movies_5458,Q123734322,Dramarama,2020 film directed by Jonathan Wysocki,2020-01-01T00:00:00Z,91.0
movies_5459,Q123742,Cloverfield,2008 film directed by Matt Reeves,2008-01-16T00:00:00Z,85.0
movies_5460,Q12374259,Rat Trap,2011 film by Andres Puustusmaa,2011-01-01T00:00:00Z,105.0
movies_5461,Q12375072,Ballerina Blues,2012 film by Ruti Murusalu,2012-03-14T00:00:00Z,58.0
movies_5462,Q123754013,Opus,2025 film directed by Mark Anthony Green,2025-01-27T00:00:00Z,104.0
movies_5463,Q123755212,Common Denominator,2014 Greek drama film by Sotiris Tsafoulias,2014-12-11T00:00:00Z,77.0
movies_5464,Q12376027,Taarka,2008 film by Ain Mäeots,2008-01-01T00:00:00Z,94.0
movies_5465,Q123761856,Kamogawa Horumo,2009 film by Katsuhide Motoki,2009-04-18T00:00:00Z,
movies_5466,Q12377615,Empty,2006 film by Veiko Õunpuu,2006-01-01T00:00:00Z,40.0
movies_5467,Q1238102,Dominion: Prequel to the Exorcist,2005 film directed by Paul Schrader,2005-01-01T00:00:00Z,111.0
movies_5468,Q123819147,When in Rome,2024 film directed by Niclas Bendixen,2025-07-03T00:00:00Z,
movies_5469,Q12382267,A biblioteca da iguana,2006 film,2006-03-21T00:00:00Z,70.0
movies_5470,Q123822933,Eternal Return,2025 film directed by Yaniv Raz,2025-09-08T00:00:00Z,
movies_5471,Q123823141,All Shall Be Well,2024 film by Ray Yeung,2025-02-01T00:00:00Z,93.0
movies_5472,Q1238429,Poligamy,2009 film by Dénes Orosz,2009-12-10T00:00:00Z,85.0
movies_5473,Q12384500,Blanca Madison,1998 film directed by Carlos Amil,2003-05-15T00:00:00Z,85.0
movies_5474,Q123852386,Starving,2014 film by Marcelo Briem Stamm,2014-01-08T00:00:00Z,
movies_5475,Q12385813,Catalina,2006 film,2006-01-01T00:00:00Z,120.0
movies_5476,Q123859861,Love Forever,2025 film by Staffan Lindberg,2025-02-14T00:00:00Z,
movies_5477,Q123861757,Babygirl,2024 film by Halina Reijn,2025-01-15T00:00:00Z,114.0
movies_5478,Q123862686,Ash,2025 film directed by Flying Lotus,2025-03-11T00:00:00Z,95.0
movies_5479,Q12386712,Crebinsky,2011 Spanish film,2011-04-08T00:00:00Z,90.0
movies_5480,Q123869132,Trópico,2020 film by Sabrina Farji,2020-06-22T00:00:00Z,87.0
movies_5481,Q12387051,11.6,2013 film by Philippe Godeau,2013-04-03T00:00:00Z,102.0
movies_5482,Q12387161,Doentes,2011 film,2011-01-01T00:00:00Z,85.0
movies_5483,Q12387793,"Emilia Pardo Bazán, la condesa rebelde",2012 film directed by Zaza Ceballos,2011-01-01T00:00:00Z,96.0
movies_5484,Q12387884,Entre bateas,2002 film directed by Jorge Coira,2002-01-01T00:00:00Z,82.0
movies_5485,Q123908641,Inside,2024 film directed by Charles Williams,2025-02-27T00:00:00Z,
movies_5486,Q123910761,Jingle Bell Heist,2025 film directed by Michael Fimognari,2025-11-26T00:00:00Z,96.0
movies_5487,Q12391290,Jubilee,2000 film directed by Michael Hurst,2000-04-13T00:00:00Z,94.0
movies_5488,Q123913223,The Heiress Lethal,2010 film by Michael Brueggemeyer,2010-07-29T00:00:00Z,
movies_5489,Q123913781,Make the Last Wish,2009 film by Sion Sono,2009-01-09T00:00:00Z,109.0
movies_5490,Q123928072,Emilia Pérez,2024 film by,2025-02-27T00:00:00Z,132.0
movies_5491,Q123938786,Muscle Bear Truck Stop,2006 film directed by Steven La Butch,2006-01-01T00:00:00Z,97.0
movies_5492,Q123938825,Penélope,2018 film by Agustín Abda,2018-04-17T00:00:00Z,67.0
movies_5493,Q12396205,Silvia's Gift,film directed by Dionisio Pérez,2003-07-18T00:00:00Z,90.0
movies_5494,Q12396227,The Galíndez File,2003 film by Gerardo Herrero,2003-09-26T00:00:00Z,124.0
movies_5495,Q123985273,Amsterdamned II,2025 Dutch film directed by Dick Maas,2025-12-01T00:00:00Z,
movies_5496,Q123986303,King Ivory,2024 film directed by John Swab,2025-11-14T00:00:00Z,
movies_5497,Q12402020,Vilamor,2012 film,2012-01-01T00:00:00Z,112.0
movies_5498,Q12403955,Alice,2012 film directed by Dana Goldberg,2012-01-01T00:00:00Z,82.0
movies_5499,Q12404006,Alenbi Romance,2005 film directed by Yanai Goz and Yoni Zicholtz,2005-01-01T00:00:00Z,50.0
movies_5500,Q12404153,Never Too Late,2011 film,2011-01-01T00:00:00Z,93.0
movies_5501,Q12404177,Out of the Blue,2008 film by Igal Bursztyn,2008-01-01T00:00:00Z,92.0
movies_5502,Q12404593,The Ballad of the Weeping Spring,2012 film directed by Benny Toraty,2012-01-01T00:00:00Z,105.0
movies_5503,Q12404742,The Fifth Heaven,2011 film directed by Dina Zvi-Riklis,2011-01-01T00:00:00Z,103.0
movies_5504,Q12406694,Israeli Intelligence,2007 film by Alon Gur Arye,2007-01-01T00:00:00Z,45.0
movies_5505,Q12406734,The Journey to Planet Minimik,2013 film,2013-01-01T00:00:00Z,96.0
movies_5506,Q12406796,Youth,2013 film by Tom Shoval,2013-02-10T00:00:00Z,107.0
movies_5507,Q12406917,Matinee,2011 film by Einat Fernbach,2011-01-01T00:00:00Z,76.0
movies_5508,Q12407032,Return from India,2002 film by Menahem Golan,2002-01-01T00:00:00Z,96.0
movies_5509,Q12407096,And on the Third Day,2010 film directed by Moshe Ivgy,2010-01-01T00:00:00Z,118.0
movies_5510,Q12408133,Frozen Days,film directed by Danny Lerner,2006-08-24T00:00:00Z,90.0
movies_5511,Q12408743,Maya,2010 film directed by Michal Bat-Adam,2010-01-01T00:00:00Z,96.0
movies_5512,Q12409391,Urban Tale,2012 film directed by Eliav Lilti,2012-01-01T00:00:00Z,90.0
movies_5513,Q124098394,Soul on Fire,2025 film directed by Sean McNamara,2025-10-10T00:00:00Z,
movies_5514,Q12410177,Blank Bullet,2010 film directed by Haim Bouzaglo,2010-01-01T00:00:00Z,100.0
movies_5515,Q12410788,Petah Tikva movie,2007 student film directed by Tom Shoval,2007-01-01T00:00:00Z,
movies_5516,Q12411255,Single Plus,2012 film by Dover Kosashvili,2012-01-01T00:00:00Z,87.0
movies_5517,Q124131345,Screamboat,2025 film directed by Steven LaMorte,2025-04-02T00:00:00Z,102.0
movies_5518,Q1241836,Pyare Mohan,2006 film by Indra Kumar,2006-01-01T00:00:00Z,
movies_5519,Q124196410,The Last Dance,2024 Hong Kong drama film,2025-01-29T00:00:00Z,127.0
movies_5520,Q124215661,Hedda,2025 film directed by Nia DaCosta,2025-09-07T00:00:00Z,
movies_5521,Q124216482,Five Nights at betios,2025 American film directed by Emma Tammi,2025-12-04T00:00:00Z,104.0
movies_5522,Q1242222,Don's Plum,2001 film by R. D. Robb,2001-02-10T00:00:00Z,89.0
movies_5523,Q124246470,Karate Kid: Legends,2025 film by Jonathan Entwistle,2025-05-28T00:00:00Z,94.0
movies_5524,Q124248117,Riley,2023 film directed by Benjamin Howard,2025-01-14T00:00:00Z,93.0
movies_5525,Q124249580,Zhang Side,Chinese 2004 film,2004-09-08T00:00:00Z,
movies_5526,Q124250689,My Dead Friend Zoe,2024 film by Kyle Hausmann-Stokes,2025-02-28T00:00:00Z,98.0
movies_5527,Q124253867,I Wish You All The Best,2024 film by Tommy Dorfman,2025-11-07T00:00:00Z,92.0
movies_5528,Q1242543,Doomsday,2008 film by Neil Marshall,2008-01-01T00:00:00Z,109.0
movies_5529,Q124255913,A Nice Indian Boy,2024 film directed by Roshan Sethi,2025-04-04T00:00:00Z,96.0
movies_5530,Q124256183,Rumours,"2024 film directed by Guy Maddin, Evan Johnson and Galen Johnson",2025-05-15T00:00:00Z,104.0
movies_5531,Q124256460,Fountain of Youth,2025 film directed by Guy Ritchie,2025-05-23T00:00:00Z,125.0
movies_5532,Q124258654,A Young Prisoner's Revenge,2001 film directed by Mu Deyuan,2001-06-24T00:00:00Z,98.0
movies_5533,Q124259173,A Father with His Twenty-five Children,Chinese 2002 film,2002-06-16T00:00:00Z,90.0
movies_5534,Q124260477,We Strangers,2024 film directed by Anu Valia,2025-08-22T00:00:00Z,80.0
movies_5535,Q124262351,I'm Still Here,2024 film directed by Walter Salles,2025-01-15T00:00:00Z,135.0
movies_5536,Q1242727,Karlsson on the Roof,1974 Swedish film directed by Olle Hellbom,2016-11-25T00:00:00Z,99.0
movies_5537,Q124282681,Palau: The Movie,2019 film by Kevin Knoblock,2019-01-01T00:00:00Z,120.0
movies_5538,Q124288425,Resentimental,2016 film by Leonardo Damario,2016-01-01T00:00:00Z,83.0
movies_5539,Q12428942,Jis Desh Mein Ganga Rehta Hain,2000 film by Mahesh Manjrekar,2000-01-01T00:00:00Z,
movies_5540,Q124289803,Bride Hard,2025 American film directed by Simon West,2025-06-20T00:00:00Z,105.0
movies_5541,Q12428988,Jeena Sirf Merre Liye,2002 film,2002-01-01T00:00:00Z,139.0
movies_5542,Q12429398,Joker,2012 film directed by Shirish Kunder,2012-01-01T00:00:00Z,103.0
movies_5543,Q12429457,Jodi No.1,2001 film by David Dhawan,2001-01-01T00:00:00Z,
movies_5544,Q1242957,What a Beautiful Day,2011 film by Gennaro Nunziante,2011-01-05T00:00:00Z,92.0
movies_5545,Q124308286,Young Hearts,2024 film by Anthony Schatteman,2025-01-16T00:00:00Z,97.0
movies_5546,Q124311829,Waiting for the Storms,Feature film by director François Delisle,2025-04-18T00:00:00Z,
movies_5547,Q124316634,Bernafas dalam lumpur,2008 film directed by James Lee,2008-02-03T00:00:00Z,
movies_5548,Q124317176,Dead Bite,2011 Thai film,2011-07-21T00:00:00Z,94.0
movies_5549,Q124323597,Ice Road: Vengeance,2025 film directed by Jonathan Hensleigh,2025-06-27T00:00:00Z,112.0
movies_5550,Q124326764,Lucky Winners,2024 film directed by Maxime Govare and Romain Choay,2025-01-30T00:00:00Z,103.0
movies_5551,Q124331620,Grand Tour,2024 film by Miguel Gomes,2025-05-22T00:00:00Z,129.0
movies_5552,Q124334469,La cocina,2024 film directed by Alonso Ruizpalacios,2025-03-06T00:00:00Z,139.0
movies_5553,Q124335053,Foreign Tongue,2024 film by Claire Burger,2025-06-19T00:00:00Z,105.0
movies_5554,Q12433675,Dil Ne Phir Yaad Kiya,2001 film by Rajat Rawail,2001-01-01T00:00:00Z,
movies_5555,Q124337176,G20,2025 film directed by Patricia Riggen,2025-04-10T00:00:00Z,108.0
movies_5556,Q1243381,Family Name,2006 film by Stanislav Mitin,2006-09-01T00:00:00Z,94.0
movies_5557,Q12434631,Dhoop,2003 film,2003-01-01T00:00:00Z,
movies_5558,Q1243508,Leroy,2007 film by Armin Völckers,2007-01-01T00:00:00Z,89.0
movies_5559,Q124352605,Honey Don't!,2025 film directed by Ethan Coen,2025-05-24T00:00:00Z,89.0
movies_5560,Q124353875,Play Dirty,2025 film directed by Shane Black,2025-10-01T00:00:00Z,128.0
movies_5561,Q1243571,Dor,2006 film by Nagesh Kukunoor,2006-01-01T00:00:00Z,124.0
movies_5562,Q124359261,The Room Next Door,2024 film by Pedro Almodóvar,2025-01-10T00:00:00Z,107.0
movies_5563,Q124364048,Father Mother Sister Brother,2025 film directed by Jim Jarmusch,2025-08-31T00:00:00Z,110.0
movies_5564,Q124364757,Good Fortune,2025 film directed by Aziz Ansari,2025-09-06T00:00:00Z,97.0
movies_5565,Q1243674,Summer with the Ghosts,2003 film by Bernd Neuburger,2003-09-21T00:00:00Z,85.0
movies_5566,Q124370375,Locked,2025 film directed by David Yarovesky,2025-03-20T00:00:00Z,95.0
movies_5567,Q124373035,Black Bag,2025 film directed by Steven Soderbergh,2025-03-12T00:00:00Z,93.0
movies_5568,Q12437666,Papa The Great,2000 film directed by K. Bhagyaraj,2000-01-01T00:00:00Z,143.0
movies_5569,Q124378266,Shared rooms,2016 movie,2016-01-01T00:00:00Z,
movies_5570,Q124380480,Jurassic World Rebirth,2025 film directed by Gareth Edwards,2025-07-02T00:00:00Z,133.0
movies_5571,Q124382485,Winter of the Crow,2025 film directed by Kasia Adamik,2025-09-06T00:00:00Z,112.0
movies_5572,Q12438981,Pyaar Zindagi Hai,2001 film,2001-01-01T00:00:00Z,135.0
movies_5573,Q124393045,Frankenstein,2025 film directed by Guillermo del Toro,2025-08-30T00:00:00Z,149.0
movies_5574,Q124393313,Nuremberg,2025 film directed by James Vanderbilt,2025-09-07T00:00:00Z,148.0
movies_5575,Q1243969,When Santa Fell to Earth,2011 film directed by Oliver Dieckmann,2011-11-24T00:00:00Z,107.0
movies_5576,Q124397410,Madea's Destination Wedding,2025 film directed by Tyler Perry,2025-07-11T00:00:00Z,
movies_5577,Q124398018,I Will Make You Mine,2020 film directed by Lynn Chen,2020-05-26T00:00:00Z,
movies_5578,Q124400088,National Theatre Live: Cyrano de Bergerac,2019 film by Jamie Lloyd,2019-02-14T00:00:00Z,
movies_5579,Q124408474,Ella McCay,2025 film directed by James L. Brooks,2025-12-09T00:00:00Z,115.0
movies_5580,Q124426106,The Damned,2024 film directed by Thordur Palsson,2025-01-03T00:00:00Z,89.0
movies_5581,Q124427625,America The Beautiful 2: The Thin Commandments,2011 documentary film directed by Darryl Roberts,2011-01-01T00:00:00Z,
movies_5582,Q124435493,Black Phone 2,2025 American film directed by Scott Derrickson,2025-10-16T00:00:00Z,114.0
movies_5583,Q124436027,The Great Flood,2025 South Korean film by Kim Byung-woo,2025-09-18T00:00:00Z,
movies_5584,Q124439306,Deep Cover,2025 film directed by Tom Kingsley,2025-06-04T00:00:00Z,100.0
movies_5585,Q124450734,If I Had Legs I'd Kick You,2025 film directed by Mary Bronstein,2025-01-24T00:00:00Z,113.0
movies_5586,Q124450737,Atropia,2025 film directed by Hailey Gates,2025-01-25T00:00:00Z,
movies_5587,Q12446251,My Name Is Anthony Gonsalves,2008 Indian film directed by Eeshwar Nivas,2007-01-01T00:00:00Z,
movies_5588,Q124464617,She Rides Shotgun,2025 film directed by Nick Rowland,2025-08-01T00:00:00Z,120.0
movies_5589,Q1244648,Mariken,2000 film directed by André van Duren,2000-01-01T00:00:00Z,88.0
movies_5590,Q12447679,"Main, Meri Patni Aur Woh",2005 film by Chandan Arora,2005-01-01T00:00:00Z,
movies_5591,Q124479577,"After Fall, Winter",2012 film directed by Eric Schaeffer,2012-01-01T00:00:00Z,132.0
movies_5592,Q12448457,Yeh Teraa Ghar Yeh Meraa Ghar,2001 film by Priyadarshan,2001-01-01T00:00:00Z,
movies_5593,Q1244899,Dorfpunks,2009 film by Lars Jessen,2009-01-01T00:00:00Z,93.0
movies_5594,Q124497778,A Big Bold Beautiful Journey,2025 film directed by Kogonada,2025-09-18T00:00:00Z,109.0
movies_5595,Q12450642,Rog,2005 film directed by Himanshu Brahmbhatt,2005-01-01T00:00:00Z,
movies_5596,Q124512337,Highest 2 Lowest,2025 film directed by Spike Lee,2025-05-19T00:00:00Z,133.0
movies_5597,Q124526535,Bomb,2013 film by Sergio Bizzio,2013-01-01T00:00:00Z,75.0
movies_5598,Q124528247,The Man In My Basement,2025 film directed by Nadia Latif,2025-09-05T00:00:00Z,
movies_5599,Q124528281,Black Site,2018 film directed by Tom Paton,2018-08-27T00:00:00Z,
movies_5600,Q124537378,Hard Truths,2024 film directed by Mike Leigh,2025-01-01T00:00:00Z,97.0
movies_5601,Q12459117,Stumped,2003 film by Gaurav Pandey,2003-01-01T00:00:00Z,
movies_5602,Q124608269,Steve,2025 film directed by Tim Mielants,2025-09-05T00:00:00Z,91.0
movies_5603,Q124611547,Adele: Live at the Royal Albert Hall,2011 concert film directed by Paul Dugdale,2011-11-27T00:00:00Z,90.0
movies_5604,Q124611992,Al acecho,2019 film by Francisco D'Eufemia,2019-01-01T00:00:00Z,84.0
movies_5605,Q1246152,Home of the Brave,2006 film directed by Irwin Winkler,2006-01-01T00:00:00Z,106.0
movies_5606,Q124615382,The Returned,2019 film by Laura Casabé,2019-01-01T00:00:00Z,92.0
movies_5607,Q124615876,We Bury the Dead,2024 film directed by Zak Hilditch,2025-03-09T00:00:00Z,94.0
movies_5608,Q124621511,Bir xalanin sirri,film directed by Emil Quliyev,2018-01-01T00:00:00Z,
movies_5609,Q124622268,The Three Investigators – Carpathian Dog,2025 film directed by Tim Dünschede,2025-01-23T00:00:00Z,
movies_5610,Q124625067,Osiris,2025 film directed by William Kaufman,2025-07-25T00:00:00Z,120.0
movies_5611,Q124630194,The Threesome,2025 film directed by Chad Hartigan,2025-03-07T00:00:00Z,
movies_5612,Q124630715,Porno Melodrama,2011 film by Romas Zabarauskas,2011-08-13T00:00:00Z,31.0
movies_5613,Q124635920,Love Fail Repeat,2025 Dutch film directed by Erwin van den Eshof,2025-02-20T00:00:00Z,
movies_5614,Q124637577,Giro de ases,2020 film by Sebastián Tabany,2020-01-01T00:00:00Z,82.0
movies_5615,Q124637896,Soft Rains Will Come,2018 film directed by Iván Fund,2018-11-15T00:00:00Z,81.0
movies_5616,Q124652747,London Calling,2025 film directed by Allan Ungar,2025-09-19T00:00:00Z,
movies_5617,Q124653711,The Mugger,2007 film by Pablo Fendrik,2007-01-01T00:00:00Z,67.0
movies_5618,Q124658205,Before,2010 film by Daniel Gimelberg,2010-01-01T00:00:00Z,90.0
movies_5619,Q124658699,From Tuesday to Tuesday,2012 film by Gustavo Triviño,2012-01-01T00:00:00Z,111.0
movies_5620,Q124659049,Paradise for the Damned,2013 film by Alejandro Montiel,2013-01-01T00:00:00Z,85.0
movies_5621,Q124659329,La vida después,2015 film by Pablo Bardauil & Franco Verdoia,2015-01-01T00:00:00Z,78.0
movies_5622,Q124664023,When Fall Is Coming,2024 film by François Ozon,2025-01-31T00:00:00Z,102.0
movies_5623,Q124694260,Tunnel: Sun in the Dark,2025 Vietnamese war historical drama film,2025-04-04T00:00:00Z,128.0
movies_5624,Q124695390,Kronprinsen och tyrannens återkomst,2025 film directed by Tord Danielsson,2025-02-07T00:00:00Z,
movies_5625,Q12470091,100% Sari,2003 film,2003-01-01T00:00:00Z,96.0
movies_5626,Q12470109,12:00 am,2005 film by Nayato Fio Nuala,2005-01-01T00:00:00Z,
movies_5627,Q12470120,18++ Forever Love,2012 film by Nayato Fio Nuala,2012-07-12T00:00:00Z,
movies_5628,Q12470375,3 Doa 3 Cinta,2008 film directed by Nurman Hakim,2008-12-18T00:00:00Z,110.0
movies_5629,Q12470376,"3 Hati Dua Dunia, Satu Cinta",2010 film by Benni Setiawan,2010-01-01T00:00:00Z,100.0
movies_5630,Q12470377,3 Pejantan Tanggung,2010 film by Iqbal Rais,2010-12-30T00:00:00Z,82.0
movies_5631,Q12470387,40 Hari Bangkitnya Pocong,2008 film by Rudy Soedjarwo,2008-01-01T00:00:00Z,
movies_5632,Q12470427,9 Naga,2006 Indonesian film by Rudy Soedjarwo,2006-01-12T00:00:00Z,104.0
movies_5633,Q1247048,Oh! My Zombie Mermaid,2004 film,2004-01-01T00:00:00Z,99.0
movies_5634,Q124706420,Bridget Jones: Mad About the Boy,2025 film directed by Michael Morris,2025-02-12T00:00:00Z,125.0
movies_5635,Q12470673,Ada Hantu di Vietnam,2012 film by Nayato Fio Nuala,2012-11-29T00:00:00Z,79.0
movies_5636,Q124707042,Novocaine,2025 film directed by Dan Berk and Robert Olsen,2025-03-12T00:00:00Z,110.0
movies_5637,Q12470887,Affair,2010 film by Nayato Fio Nuala,2010-01-01T00:00:00Z,
movies_5638,Q12471324,Aku atau Dia,2010 film,2010-10-28T00:00:00Z,97.0
movies_5639,Q12471944,Anak Halal,2019 film directed by Osman Ali,2007-01-01T00:00:00Z,
movies_5640,Q1247216,The Next Best Thing,2000 film by John Schlesinger,2000-01-01T00:00:00Z,103.0
movies_5641,Q12472472,Arisan Brondong,2010 Indonesian film directed by Helfi Kardit,2010-02-18T00:00:00Z,84.0
movies_5642,Q12472474,Arisan! 2,2011 film by Nia Dinata,2011-12-01T00:00:00Z,119.0
movies_5643,Q12472893,"Dad, Why Am I Different?",2011 film,2011-01-01T00:00:00Z,99.0
movies_5644,Q1247293,"Tsatsiki, morsan och polisen",1999 film directed by Ella Lemhagen,2000-10-12T00:00:00Z,91.0
movies_5645,Q1247320,Free Zone,2005 film by Amos Gitai,2005-01-01T00:00:00Z,90.0
movies_5646,Q124734067,A Star and Two Coffees,2006 film by Alberto Lecchi,2006-01-01T00:00:00Z,85.0
movies_5647,Q12473524,Bahwa Cinta Itu Ada,2010 film by Sujiwo Tejo,2010-03-04T00:00:00Z,93.0
movies_5648,Q12473778,Bali Forever,2007 film by Rima Melati,2007-01-01T00:00:00Z,
movies_5649,Q12474262,Bangun Lagi Dong Lupus,2013 film,2013-04-04T00:00:00Z,
movies_5650,Q124744751,The Portrait of a Nightmare,2022 film directed by Ismail Basbeth,2020-01-01T00:00:00Z,84.0
movies_5651,Q124748783,Tatooed,2005 film by Eduardo Raspo,2005-01-01T00:00:00Z,84.0
movies_5652,Q124749841,Hallow Road,2025 film directed by Babak Anvari,2025-01-01T00:00:00Z,80.0
movies_5653,Q124758292,The Disappearance of Josef Mengele,2025 film directed by Kirill Serebrennikov,2025-05-20T00:00:00Z,135.0
movies_5654,Q124758337,The Phoenician Scheme,2025 film directed by Wes Anderson,2025-04-30T00:00:00Z,105.0
movies_5655,Q12476106,Bewitching Attraction,2006 film by Lee Ha,2006-01-01T00:00:00Z,
movies_5656,Q12477286,Broken Hearts,2012 film by Helfi Kardit,2012-01-01T00:00:00Z,
movies_5657,Q124773925,Como mariposas en la luz,2005 film by Diego Yaker,2005-01-01T00:00:00Z,106.0
movies_5658,Q12477456,Bukan Pocong Biasa,2011 film by Chiska Doppert,2011-12-15T00:00:00Z,80.0
movies_5659,Q12478405,Catatan (Harian) Si Boy,2011 film,2011-07-01T00:00:00Z,96.0
movies_5660,Q1247886,The Border Post,2006 film by Rajko Grlić,2006-01-01T00:00:00Z,95.0
movies_5661,Q12479111,Cinta brontosaurus,2013 film directed by Fajar Nugros,2013-05-08T00:00:00Z,
movies_5662,Q124799105,Rancho aparte,2007 film by Edi Flehner,2007-01-01T00:00:00Z,90.0
movies_5663,Q124801034,Three Wishes,2008 film by Vivián Imar & Marcelo Trotta,2008-01-01T00:00:00Z,95.0
movies_5664,Q124801374,Samurai,2012 film by Gaspar Scheuer,2012-01-01T00:00:00Z,96.0
movies_5665,Q124806485,Caíto,2012 film by Guillermo Pfening,2012-01-01T00:00:00Z,70.0
movies_5666,Q12480713,Dalam Mihrab Cinta,2010 Indonesian film by Habiburrahman El Shirazy,2010-12-23T00:00:00Z,109.0
movies_5667,Q1248074,All for Free,2006 film by Antonio Nuić,2006-01-01T00:00:00Z,94.0
movies_5668,Q12481108,Dead Mine,2012 film,2012-01-01T00:00:00Z,87.0
movies_5669,Q124811245,Tornado,2025 film directed by John Maclean,2025-02-26T00:00:00Z,91.0
movies_5670,Q12481217,Demi Ucok,2013 film,2013-01-01T00:00:00Z,
movies_5671,Q124814444,Afterburn,2025 film directed by J.J. Perry,2025-09-11T00:00:00Z,
movies_5672,Q1248177,Metastases,2009 film by Branko Schmidt,2009-01-01T00:00:00Z,82.0
movies_5673,Q12482771,Fallin' in Love,2012 film by Findo Purwono HW,2012-09-20T00:00:00Z,96.0
movies_5674,Q12482945,Fiksi.,2008 film by Mouly Surya,2008-06-19T00:00:00Z,90.0
movies_5675,Q124829697,Jay Kelly,2025 film directed by Noah Baumbach,2025-08-28T00:00:00Z,132.0
movies_5676,Q1248360,Dark Reel,2008 film directed by Josh Eisenstadt,2008-01-01T00:00:00Z,109.0
movies_5677,Q124838098,Lihis,2013 Filipino film,2013-09-11T00:00:00Z,
movies_5678,Q12484041,Get Married,2007 film directed by Hanung Bramantyo,2007-01-01T00:00:00Z,
movies_5679,Q124841936,The Monkey,2025 film directed by Oz Perkins,2025-02-19T00:00:00Z,98.0
movies_5680,Q124844804,Bob Trevino Likes It,2024 film directed by Tracie Laymon,2025-03-21T00:00:00Z,
movies_5681,Q124845026,Cold Wallet,2024 film directed by Cutter Hodierne,2025-02-28T00:00:00Z,93.0
movies_5682,Q124847512,Doin' It,2024 film directed by Sara Zandieh,2025-09-19T00:00:00Z,
movies_5683,Q124847605,I Love You Forever,2024 film directed by Cazzie David and Elisa Kalani,2025-02-07T00:00:00Z,
movies_5684,Q124848369,The Accountant 2,2025 film directed by Gavin O'Connor,2025-03-08T00:00:00Z,132.0
movies_5685,Q12485037,Habibie & Ainun,2012 Indonesian biographical drama film by Faozan Rizal,2012-12-20T00:00:00Z,118.0
movies_5686,Q12485213,Hantu Bangku Kosong,2006 film by Helfi Kardit,2006-10-19T00:00:00Z,111.0
movies_5687,Q124852530,War 2,2025 film by Ayan Mukerji,2025-08-14T00:00:00Z,
movies_5688,Q124852795,Oddity,2024 film directed by Damian Mc Carthy,2025-07-20T00:00:00Z,98.0
movies_5689,Q12485284,Hari Ini Pasti Menang,2013 film,2013-01-01T00:00:00Z,
movies_5690,Q12485298,Hari untuk Amanda,2010 Indonesian film directed by Angga Dwimas Sasongko,2010-01-07T00:00:00Z,102.0
movies_5691,Q124853345,Sew Torn,2024 film directed by Freddy Macdonald,2025-05-09T00:00:00Z,95.0
movies_5692,Q124853968,The Friend,2024 film directed by Scott McGehee and David Siegel,2025-03-28T00:00:00Z,120.0
movies_5693,Q12485478,Heart 2 Heart,2010 Indonesian film directed by Nayato Fio Nuala,2010-01-01T00:00:00Z,
movies_5694,Q124856152,Vicious,2025 film directed by Bryan Bertino,2025-09-01T00:00:00Z,98.0
movies_5695,Q12485633,Hi5teria,2012 film by Chairun Nissa,2012-01-01T00:00:00Z,94.0
movies_5696,Q12487339,Janji Joni,2005 film by Joko Anwar,2005-04-27T00:00:00Z,83.0
movies_5697,Q12487822,Jermal,2009 Indonesian film,2009-03-12T00:00:00Z,88.0
movies_5698,Q12488094,Joshua oh Joshua,2000 Indonesian film directed by Edward Sirait,2000-01-01T00:00:00Z,100.0
movies_5699,Q12488407,Kado Hari Jadi,2008 film by Paul Agusta,2008-07-04T00:00:00Z,72.0
movies_5700,Q12488582,Kalau Cinta Jangan Cengeng,2009 Indonesian film by Monty Tiwa,2009-01-01T00:00:00Z,112.0
movies_5701,Q12488871,Kambing Jantan: The Movie,2009 film by Rudy Soedjarwo,2009-03-05T00:00:00Z,118.0
movies_5702,Q12489673,Karma,2008 Indonesian film directed by Allan Lunardi,2008-07-24T00:00:00Z,90.0
movies_5703,Q12489966,Kawin Kontrak,2008 Indonesian film directed by Ody C Harahap,2008-01-09T00:00:00Z,111.0
movies_5704,Q124902277,I Thought It Was a Party,2013 film by Victoria Galardi,2013-01-01T00:00:00Z,85.0
movies_5705,Q12490416,Kehormatan di Balik Kerudung,2011 film by Tya Subiakto,2011-10-27T00:00:00Z,110.0
movies_5706,Q12490895,Kentut,2011 film by Aria Kusumadewa,2011-06-01T00:00:00Z,90.0
movies_5707,Q12490941,Kepergok Pocong,2011 film by Nayato Fio Nuala,2011-07-14T00:00:00Z,78.0
movies_5708,Q12491092,Kerasukan,2013 film by Chiska Doppert,2013-04-25T00:00:00Z,
movies_5709,Q12491405,Kesurupan,2008 film by Rizal Mantovani,2008-03-27T00:00:00Z,
movies_5710,Q12491464,Ketika Cinta Bertasbih 2,2009 Indonesian film by Chaerul Umam,2009-01-01T00:00:00Z,
movies_5711,Q12491625,Kiamat Sudah Dekat,2003 film by Deddy Mizwar,2003-01-01T00:00:00Z,100.0
movies_5712,Q1249231,ID A,2011 film by Christian E. Christiansen,2011-11-24T00:00:00Z,104.0
movies_5713,Q12492685,Kutunggu Jandamu,2008 Indonesian film directed by Findo Purwono HW,2008-09-26T00:00:00Z,86.0
movies_5714,Q12492941,Kung Fu Pocong Perawan,2012 film,2012-01-01T00:00:00Z,
movies_5715,Q12492966,Kuntilanak 3,2008 film by Rizal Mantovani,2008-01-01T00:00:00Z,106.0
movies_5716,Q12494282,The Legend of Sundel Bolong,2007 film by Hanung Bramantyo,2007-01-01T00:00:00Z,91.0
movies_5717,Q12494647,Lewat Tengah Malam,2007 Indonesian film directed by Koya Pagayo,2007-03-08T00:00:00Z,92.0
movies_5718,Q124947229,Rental Family,2025 film directed by Hikari,2025-09-06T00:00:00Z,110.0
movies_5719,Q124947655,Dead of Winter,2025 film directed by Brian Kirk,2025-08-08T00:00:00Z,98.0
movies_5720,Q124948054,Worldbreaker,2025 film directed by Brad Anderson,2025-10-30T00:00:00Z,
movies_5721,Q1249484,The Living and the Dead,2007 film by Kristijan Milić,2007-01-01T00:00:00Z,90.0
movies_5722,Q12495344,Lovely Luna,2008 film by Lasja Fauzia Susatyo,2008-01-01T00:00:00Z,92.0
movies_5723,Q1249561,Sint,2010 film directed by Dick Maas,2010-01-01T00:00:00Z,85.0
movies_5724,Q124958300,Anti-Argentine Campaign,2016 film by Alejandro Parysow,2016-01-01T00:00:00Z,105.0
movies_5725,Q12495949,"Maaf, Saya Menghamili Istri Anda",2007 Indonesian film by Monty Tiwa,2007-06-21T00:00:00Z,106.0
movies_5726,Q124959660,Four Barefoot Women,2005 film by Santiago Loza,2005-01-01T00:00:00Z,90.0
movies_5727,Q1249597,Night Train,2009 film directed by Brian King,2009-01-01T00:00:00Z,87.0
movies_5728,Q12496440,Mama Cake,2012 film directed by Anggy Umbara,2012-09-13T00:00:00Z,137.0
movies_5729,Q124966248,Man Must Pay,2007 film directed by Vadim Sokolovsky,2007-06-06T00:00:00Z,93.0
movies_5730,Q1249706,I've Loved You So Long,2008 film by Philippe Claudel,2008-01-01T00:00:00Z,115.0
movies_5731,Q12497246,Masih Bukan Cinta Biasa,2011 film by Benni Setiawan,2011-01-01T00:00:00Z,98.0
movies_5732,Q12497349,Maskot,2006 film,2006-01-01T00:00:00Z,118.0
movies_5733,Q1249760,Wishmaster: The Prophecy Fulfilled,2002 film directed by Chris Angel,2002-01-01T00:00:00Z,87.0
movies_5734,Q124979080,Alarum,2025 film directed by Michael Polish,2025-01-17T00:00:00Z,
movies_5735,Q12498051,Mengejar Matahari,2004 Indonesian film by Rudi Soedjarwo,2004-07-22T00:00:00Z,92.0
movies_5736,Q12498137,Merah Itu Cinta,2007 film by Rako Prijanto,2007-08-16T00:00:00Z,108.0
movies_5737,Q124982801,Xale,2016 film directed by Douglas Soares,2016-10-11T00:00:00Z,71.0
movies_5738,Q12498537,Milky Way Liberation Front,2007 South Korean film,2007-01-01T00:00:00Z,85.0
movies_5739,Q124995470,Tijuana Jackson: Purpose Over Prison,2020 film directed by Romany Malco,2020-07-10T00:00:00Z,
movies_5740,Q12499603,Mursala,2013 film by Viva Westi,2013-01-01T00:00:00Z,
movies_5741,Q124996662,"Liza, Liza, Skies Are Grey",2017 film directed by Terry Sanders,2017-08-18T00:00:00Z,
movies_5742,Q12499760,My Last Love,2012 film by Nayato Fio Nuala,2012-01-19T00:00:00Z,91.0
movies_5743,Q12499853,Nagabonar Jadi 2,2007 film by Deddy Mizwar,2007-03-29T00:00:00Z,
movies_5744,Q12500254,Negeri 5 Menara,2012 film directed by Affandi Abdul Rachman,2012-01-01T00:00:00Z,
movies_5745,Q12500530,Ngebut Kawin,2010 film directed by G. Soeharjanto,2010-01-01T00:00:00Z,
movies_5746,Q12500930,Novel tanpa huruf R,2003 film by Aria Kusumadewa,2003-01-01T00:00:00Z,
movies_5747,Q125020375,Sisu: Road to Revenge,2025 film directed by Jalmari Helander,2025-09-21T00:00:00Z,89.0
movies_5748,Q125027720,Un p'tit truc en plus,2024 film directed by Artus,2025-02-20T00:00:00Z,99.0
movies_5749,Q125029885,Bad Apples,2025 film directed by Jonatan Etzler,2025-09-07T00:00:00Z,100.0
movies_5750,Q125029935,Alma and the Wolf,2025 film directed by Michael Patrick Jann,2025-03-22T00:00:00Z,
movies_5751,Q12505896,Pocong Kesetanan,2011 Indonesian film,2011-12-29T00:00:00Z,76.0
movies_5752,Q12506204,Pontianak Harum Sundal Malam 2,2005 film by Shuhaimi Baba,2005-01-01T00:00:00Z,113.0
movies_5753,Q12506758,Ghost Island,2007 film by Jose Poernomo,2007-10-31T00:00:00Z,91.0
movies_5754,Q12506760,Pulau Hantu 3,2012 film by Jose Poernomo,2012-01-01T00:00:00Z,79.0
movies_5755,Q12507175,Pupus,2011 film by Rizal Mantovani,2011-05-26T00:00:00Z,
movies_5756,Q125076,Slumdog Millionaire,2008 film directed by Danny Boyle,2008-08-30T00:00:00Z,120.0
movies_5757,Q1250780,Mr. Nice,2010 film by Bernard Rose,2010-01-01T00:00:00Z,121.0
movies_5758,Q125078429,Kiss of the Spider Woman,2025 film directed by Bill Condon,2025-01-26T00:00:00Z,
movies_5759,Q125085856,Jamais sans mon psy,2024 film directed by Arnaud Lemort,2025-01-09T00:00:00Z,91.0
movies_5760,Q12508870,Romeo Juliet,2009 film,2009-01-01T00:00:00Z,104.0
movies_5761,Q12508974,Ruang,2006 film by Teddy Soeriaatmadja,2006-01-01T00:00:00Z,95.0
movies_5762,Q12509045,Rumah Kentang,2012 film by Jose Poernomo,2012-10-04T00:00:00Z,102.0
movies_5763,Q1250966,Sordid Lives,2000 film by Del Shores,2000-01-01T00:00:00Z,111.0
movies_5764,Q125101209,Team Batista no Eikō,2008 film directed by Yoshihiro Nakamura,2008-01-01T00:00:00Z,120.0
movies_5765,Q125102928,Plainclothes,2025 film directed by Carmen Emmi,2025-01-26T00:00:00Z,92.0
movies_5766,Q125106002,A World Apart,2024 film directed by Riccardo Milani,2025-02-13T00:00:00Z,113.0
movies_5767,Q1251094,Dostana,2008 film by Tarun Mansukhani,2008-01-01T00:00:00Z,146.0
movies_5768,Q12511522,Sajadah Ka'bah,2011 film by Rhoma Irama,2011-11-17T00:00:00Z,107.0
movies_5769,Q12513200,Forever,2007 film,2007-07-19T00:00:00Z,103.0
movies_5770,Q125144809,8,Spanish film,2025-01-01T00:00:00Z,126.0
movies_5771,Q125153299,The Lost Bus,2025 film directed by Paul Greengrass,2025-09-05T00:00:00Z,
movies_5772,Q12517676,Sumpah Pocong Di Sekolah,2008 film by Awi Suryadi,2008-01-01T00:00:00Z,
movies_5773,Q125182608,Va la madre,2006 film directed by Carlos Mario Aguirre,2006-04-23T00:00:00Z,
movies_5774,Q125182639,Liebes Leid und Lust,2006 film directed by Ulrich Zrenner,2006-04-24T00:00:00Z,
movies_5775,Q125187519,Dracula: A Love Tale,2025 film directed by Luc Besson,2025-07-30T00:00:00Z,129.0
movies_5776,Q125201436,Zombies 4: Dawn of the Vampires,2025 film,2025-07-10T00:00:00Z,
movies_5777,Q1252050,In the Fog,2012 film,2012-05-25T00:00:00Z,127.0
movies_5778,Q1252069,Håkan Bråkan & Josef,2004 film directed by Erik Leijonborg,2004-10-08T00:00:00Z,
movies_5779,Q125207271,Daddy's Dick in Hand,2008 film directed by Chris Roma and Walter Romero,2008-10-20T00:00:00Z,120.0
movies_5780,Q12521085,Test Pack,2012 film by Monty Tiwa,2012-01-01T00:00:00Z,
movies_5781,Q125212257,Never Alone,2024 film directed by Klaus Härö,2025-01-17T00:00:00Z,85.0
movies_5782,Q12521292,The Real Pocong,2009 Indonesian film by Hanny R. Saputra,2009-01-01T00:00:00Z,
movies_5783,Q12521311,The Tarix Jabrix,2008 film by Iqbal Rais,2008-01-01T00:00:00Z,102.0
movies_5784,Q125215184,The Owners,2013 film by Agustín Toscano & Ezequiel Radusky,2013-01-01T00:00:00Z,93.0
movies_5785,Q125217247,Warfare,2025 film directed by Ray Mendoza and Alex Garland,2025-03-16T00:00:00Z,95.0
movies_5786,Q125220484,Luna en Leo,2013 film by Juan Pablo Martínez,2013-01-01T00:00:00Z,71.0
movies_5787,Q125255949,Tunnel of Bones,2011 film by Nacho Garassino,2011-01-01T00:00:00Z,100.0
movies_5788,Q125265183,Love Hurts,2025 film directed by Jonathan Eusebio,2025-02-06T00:00:00Z,83.0
movies_5789,Q125274110,The Ballad of Wallis Island,British comedy film,2025-01-25T00:00:00Z,99.0
movies_5790,Q125274113,"Darling, I Am Going Out for Cigarettes and I Will Be Right Back",2011 film by Mariano Cohn y Gastón Duprat,2011-01-01T00:00:00Z,80.0
movies_5791,Q125289552,Andres Doesn't Want to Take a Siesta,2009 film by Daniel Bustamante,2009-01-01T00:00:00Z,108.0
movies_5792,Q125295778,Deva,2024 Indian film directed by Rosshan Andrrews,2025-01-31T00:00:00Z,
movies_5793,Q125295880,God Save the Tuche,,2025-02-05T00:00:00Z,
movies_5794,Q1253121,Down,2001 horror film about a killer elevator directed by Dick Maas,2001-01-01T00:00:00Z,107.0
movies_5795,Q1253203,Down in the Valley,2005 film by David Jacobson,2005-01-01T00:00:00Z,114.0
movies_5796,Q1253219,Down to the Bone,2004 film by Debra Granik,2004-01-01T00:00:00Z,104.0
movies_5797,Q1253229,One Life,"2011 film by Martha Holmes, Mike Gunton",2011-01-01T00:00:00Z,85.0
movies_5798,Q125335949,Team Spirit,2000 Chinese film,2000-01-01T00:00:00Z,94.0
movies_5799,Q1253366,The Smurfs 2,2013 film by Raja Gosnell,2013-01-01T00:00:00Z,105.0
movies_5800,Q125346059,To Be with You Forever,2000 Chinese film,2000-01-01T00:00:00Z,120.0
movies_5801,Q125351400,The Full Moon,2001 Chinese film,2001-06-10T00:00:00Z,85.0
movies_5802,Q125364184,Zou Guo Yan Dong,2000 Chinese film,2000-01-01T00:00:00Z,
movies_5803,Q125365449,Foreigner,2007 film by Inés de Oliveira Cézar,2007-01-01T00:00:00Z,80.0
movies_5804,Q125365909,Zhen Xin,2001 Chinese film,2001-01-01T00:00:00Z,99.0
movies_5805,Q125371155,Another Simple Favor,2025 film directed by Paul Feig,2025-03-07T00:00:00Z,120.0
movies_5806,Q125373848,Frequency for Victory,2002 Chinese film,2002-06-15T00:00:00Z,
movies_5807,Q1253812,Dr. Alemán,2008 film by Tom Schreiber,2008-07-08T00:00:00Z,106.0
movies_5808,Q125381393,Dream of a Young Soldier,2001 Chinese film,2001-01-01T00:00:00Z,
movies_5809,Q125383686,The Demolition,2005 film by Marcelo Mangone,2005-01-01T00:00:00Z,80.0
movies_5810,Q1253872,Dr. Dolittle 3,2006 film by Rich Thorne,2006-01-01T00:00:00Z,90.0
movies_5811,Q125388230,Trap House,2025 film directed by Michael Dowse,2025-11-14T00:00:00Z,
movies_5812,Q1253887,Dr. Dolittle 2,2001 film by Steve Carr,2001-01-01T00:00:00Z,87.0
movies_5813,Q125390878,Meeting Life and Death,2002 Chinese film,2002-06-11T00:00:00Z,103.0
movies_5814,Q125392328,28 Years Later,2025 film directed by Danny Boyle,2025-06-20T00:00:00Z,115.0
movies_5815,Q125394579,Far from Home,2002 Chinese film,2002-12-27T00:00:00Z,120.0
movies_5816,Q125396248,C.E.O.,2002 Chinese film,2002-10-22T00:00:00Z,125.0
movies_5817,Q125399191,Gameboy,2014 Dutch short movie,2014-01-01T00:00:00Z,21.0
movies_5818,Q125401070,Springsteen: Deliver Me from Nowhere,2025 film directed by Scott Cooper,2025-10-23T00:00:00Z,119.0
movies_5819,Q125401311,Jing Tao Hai Lang,2003 Chinese film,2003-03-01T00:00:00Z,102.0
movies_5820,Q125404,Red Trousers: The Life of the Hong Kong Stuntmen,2003 film by Robin Shou,2003-01-01T00:00:00Z,135.0
movies_5821,Q1254081,Mondays in the Sun,2002 film by Fernando León de Aranoa,2002-01-01T00:00:00Z,113.0
movies_5822,Q125408538,Tow,2025 film directed by Stephanie Laing,2025-06-07T00:00:00Z,105.0
movies_5823,Q1254088,After Earth,2013 film directed by M. Night Shyamalan,2013-01-01T00:00:00Z,100.0
movies_5824,Q1254108,Dr. T & the Women,2000 American film by Robert Altman,2000-01-01T00:00:00Z,122.0
movies_5825,Q125420909,Parts of the Heart,2012 film directed by Paul Agusta,2012-02-01T00:00:00Z,88.0
movies_5826,Q125422231,The Girl with the Needle,2024 film directed by Magnus von Horn,2025-01-09T00:00:00Z,115.0
movies_5827,Q125422662,All We Imagine as Light,2024 film by Payal Kapadia,2025-01-03T00:00:00Z,118.0
movies_5828,Q125422670,Who Let the Dog Bite?,"French-Swiss movie by Lætitia Dosch, 2024",2025-02-06T00:00:00Z,83.0
movies_5829,Q125422898,Wild Diamond,2024 film directed by Agathe Riedinger,2025-04-24T00:00:00Z,103.0
movies_5830,Q125422899,Caught by the Tides,2024 film directed by Jia Zhangke,2025-05-09T00:00:00Z,111.0
movies_5831,Q125445898,Broke,2025 film directed by Carlyle Eubank,2025-05-06T00:00:00Z,103.0
movies_5832,Q1254476,Bram Stoker's Dracula's Curse,2006 film by Leigh Scott,2006-01-01T00:00:00Z,102.0
movies_5833,Q125449414,The Running Man,2025 film directed by Edgar Wright,2025-11-05T00:00:00Z,133.0
movies_5834,Q125451302,38 Degrees,2003 Chinese film,2003-09-04T00:00:00Z,100.0
movies_5835,Q125454193,My Bittersweet Taiwan,2004 Chinese film,2004-04-07T00:00:00Z,95.0
movies_5836,Q125454671,Splendid Season,2003 Chinese film,2003-01-01T00:00:00Z,94.0
movies_5837,Q125457216,On Becoming a Guinea Fowl,British comedy drama film,2025-03-07T00:00:00Z,99.0
movies_5838,Q125469562,Le Roman de Jim,2024 film by Arnaud and Jean-Marie Larrieu,2025-04-17T00:00:00Z,101.0
movies_5839,Q125469653,She's Got No Name,2024 film directed by Peter Chan,2025-06-21T00:00:00Z,150.0
movies_5840,Q125473145,Sinners,2025 film directed by Ryan Coogler,2025-04-16T00:00:00Z,137.0
movies_5841,Q1254857,Dragon Head,2003 film by Jōji Iida,2003-01-01T00:00:00Z,
movies_5842,Q125490152,Stirring Trip to Motuo,2003 Chinese film,2003-01-01T00:00:00Z,99.0
movies_5843,Q125490455,Way Home,2024 film directed by Charlotte Sieling,2025-02-21T00:00:00Z,97.0
movies_5844,Q125491431,When Ruoma Was Seventeen,2002 Chinese film,2002-11-01T00:00:00Z,88.0
movies_5845,Q125494,Bread and Roses,2000 film by Ken Loach,2000-01-01T00:00:00Z,110.0
movies_5846,Q125494051,Defending Reputation,2004 Chinese film,2004-06-07T00:00:00Z,92.0
movies_5847,Q125495342,A Working Man,2025 film directed by David Ayer,2025-03-26T00:00:00Z,116.0
movies_5848,Q125499005,Julie Keeps Quiet,2024 film by Leonardo Van Dijl,2025-04-24T00:00:00Z,97.0
movies_5849,Q125500642,A Bright Moon,2005 Chinese film,2005-06-15T00:00:00Z,105.0
movies_5850,Q125501399,Deng Xiaoping 1928,2004 Chinese film,2004-01-01T00:00:00Z,99.0
movies_5851,Q125507012,Jazzy,2024 film directed by Morrisa Maltz,2025-02-07T00:00:00Z,86.0
movies_5852,Q1255102,Dragonheart: A New Beginning,2000 film by Doug Lefler,2000-01-01T00:00:00Z,81.0
movies_5853,Q125517151,The Other Way Around,2024 film,2025-02-13T00:00:00Z,114.0
movies_5854,Q125523347,Queen of the Ring,2024 film directed by Ash Avildsen,2025-03-07T00:00:00Z,130.0
movies_5855,Q125526882,Ren Changxia,2005 Chinese film,2005-07-01T00:00:00Z,104.0
movies_5856,Q125532822,La Dolce Villa,2025 film directed by Mark Waters,2025-02-13T00:00:00Z,
movies_5857,Q125536940,To a Land Unknown,2024 film by Mahdi Fleifel,2025-07-17T00:00:00Z,105.0
movies_5858,Q125538266,A Big Potato,2007 Chinese film,2007-03-04T00:00:00Z,93.0
movies_5859,Q125544154,Meerkat Moonship,2017 film by Hanneke Schutte,2017-08-24T00:00:00Z,
movies_5860,Q125547253,Class Reunion 2: A Wedding And A Funeral,2018 film directed by René Vilbre,2018-01-01T00:00:00Z,90.0
movies_5861,Q125548321,Sheng Si Niu Yu Ru,2005 Chinese film,2005-10-01T00:00:00Z,
movies_5862,Q1255499,Red State,2011 film by Kevin Smith,2011-01-01T00:00:00Z,88.0
movies_5863,Q125549916,The Lane Premier,2006 Chinese film,2006-08-09T00:00:00Z,103.0
movies_5864,Q1255514,Phir Bhi Dil Hai Hindustani,2000 film directed by Aziz Mirza,2000-01-01T00:00:00Z,175.0
movies_5865,Q125558462,"Ama Dablam, Dreams Unfolded",mountaineering film by Igor Vrtačnik (2016),2016-01-01T00:00:00Z,80.0
movies_5866,Q125560160,Axis of War: The First of August,2008 Chinese film,2008-06-18T00:00:00Z,95.0
movies_5867,Q125563776,The Seed of the Sacred Fig,2024 film directed by Mohammad Rasoulof,2025-01-30T00:00:00Z,168.0
movies_5868,Q125566298,City of Dream,2007 Chinese film,2007-03-28T00:00:00Z,95.0
movies_5869,Q125566469,Here Now,2024 film by Gabriele Muccino,2025-01-23T00:00:00Z,
movies_5870,Q125567279,The Great River,2009 Chinese film,2009-05-05T00:00:00Z,99.0
movies_5871,Q125569914,Emergency,2007 Chinese film,2007-09-27T00:00:00Z,97.0
movies_5872,Q125574208,One Spoon of Chocolate,2025 film directed by RZA,2025-06-08T00:00:00Z,112.0
movies_5873,Q125578001,Fear Street: Prom Queen,2025 film directed by Matt Palmer,2025-05-23T00:00:00Z,90.0
movies_5874,Q125578089,The Pickup,2025 film directed by Tim Story,2025-08-06T00:00:00Z,
movies_5875,Q125578090,The Ritual,2025 film directed by David Midell,2025-04-18T00:00:00Z,98.0
movies_5876,Q125578450,Turning Point 1977,2009 Chinese film,2009-04-03T00:00:00Z,110.0
movies_5877,Q125583965,Six Sisters in the War,2009 Chinese film,2009-09-08T00:00:00Z,90.0
movies_5878,Q125585498,"Alexander and the Terrible, Horrible, No Good, Very Bad Road Trip",2025 film directed by Marvin Lemus,2025-03-28T00:00:00Z,
movies_5879,Q125603174,The Basement,1989 film directed by Timothy O'Rawe,2011-09-13T00:00:00Z,119.0
movies_5880,Q125613304,Giant,2025 film directed by Rowan Athale,2025-10-18T00:00:00Z,
movies_5881,Q125613308,The Thing with Feathers,2025 film directed by Dylan Southern,2025-01-25T00:00:00Z,
movies_5882,Q125620071,The Astronaut,2025 film directed by Jess Varley,2025-03-07T00:00:00Z,90.0
movies_5883,Q1256208,Rare Exports: A Christmas Tale,Finish 2010 film directed by Jalmari Helander,2010-12-03T00:00:00Z,85.0
movies_5884,Q125621796,Kinda Pregnant,2025 film directed by Tyler Spindel,2025-02-05T00:00:00Z,81.0
movies_5885,Q125622191,The Thursday Murder Club,2025 film directed by Chris Columbus,2025-08-28T00:00:00Z,118.0
movies_5886,Q12562251,Balak-Palak,2013 film by Ravi Jadhav,2013-01-01T00:00:00Z,
movies_5887,Q1256231,Dreamcatcher,2003 film directed by Lawrence Kasdan,2003-03-06T00:00:00Z,128.0
movies_5888,Q125627182,Eleanor the Great,2025 film directed by Scarlett Johansson,2025-09-04T00:00:00Z,98.0
movies_5889,Q125637377,Sitaare Zameen Par,2025 film by R. S. Prasanna,2025-06-20T00:00:00Z,
movies_5890,Q125660863,The Wedding Banquet,2025 film directed by Andrew Ahn,2025-01-27T00:00:00Z,102.0
movies_5891,Q1256746,Whatcha Wearin'?,2012 film by Byun Sung-hyun,2012-01-01T00:00:00Z,114.0
movies_5892,Q125678238,The Woman in the Yard,2025 film directed by Jaume Collet-Serra,2025-03-28T00:00:00Z,
movies_5893,Q125684699,Loyalty and Betrayal,2012 Chinese film,2012-05-23T00:00:00Z,92.0
movies_5894,Q125695588,A Bee in August,2006 Greek comedy and drama film directed by Thodoris Atheridis,2007-02-01T00:00:00Z,94.0
movies_5895,Q125696950,To Live and Die in Ordos,2013 Chinese film,2013-10-19T00:00:00Z,113.0
movies_5896,Q1257043,3 Deewarein,2003 film by Nagesh Kukunoor,2003-01-01T00:00:00Z,120.0
movies_5897,Q125706572,Lobi Kuna (The day before yesterday/day after tomorrow),2018 film by Matthias De Groof,2018-01-01T00:00:00Z,45.0
movies_5898,Q125726790,Materialists,2025 film directed by Celine Song,2025-06-13T00:00:00Z,116.0
movies_5899,Q125728863,The Captive,2025 film directed by Alejandro Amenábar,2025-09-07T00:00:00Z,133.0
movies_5900,Q1257485,Love Belongs to Everyone,2006 film by Hilde Van Mieghem,2006-01-01T00:00:00Z,80.0
movies_5901,Q125751075,Niki,2024 film directed by Céline Sallette,2025-03-20T00:00:00Z,98.0
movies_5902,Q125757803,Sacrifice,2025 film directed by Romain Gavras,2025-09-06T00:00:00Z,
movies_5903,Q125758998,Oh. What. Fun.,upcoming film directed by Michael Showalter,2025-12-03T00:00:00Z,106.0
movies_5904,Q1257599,But I'm a Cheerleader,1999 film by Jamie Babbit,2000-07-07T00:00:00Z,89.0
movies_5905,Q12580265,The Sunshine Boys,2013 film,2012-10-05T00:00:00Z,83.0
movies_5906,Q125808089,Late Fame,2025 film directed by Kent Jones,2025-08-30T00:00:00Z,90.0
movies_5907,Q12581160,Haan,2005 film directed by In-soo Lee,2005-09-23T00:00:00Z,92.0
movies_5908,Q125811881,The Woman Behind the Man,2016 Chinese film,2016-07-22T00:00:00Z,107.0
movies_5909,Q125816540,The War of Loong,2017 Chinese film,2017-08-04T00:00:00Z,112.0
movies_5910,Q1258197,Three Quarter Moon,2011 film directed by Christian Zübert,2011-01-01T00:00:00Z,95.0
movies_5911,Q125831483,Queens of Drama,2024 film directed by Alexis Langlois,2025-02-19T00:00:00Z,115.0
movies_5912,Q125843356,"Good Luck, Have Fun, Don't Die",2025 film directed by Gore Verbinski,2025-01-01T00:00:00Z,134.0
movies_5913,Q12585348,Almost Che,2012 film,2012-10-25T00:00:00Z,113.0
movies_5914,Q125861557,Sikandar,2025 film by A. R. Murugadoss,2025-03-30T00:00:00Z,135.0
movies_5915,Q125861561,The Luckiest Man in America,2024 film by Samir Oliveros,2025-04-04T00:00:00Z,90.0
movies_5916,Q12586232,Heartbreak Library,2008 film by Kim Jung-kwon,2008-10-23T00:00:00Z,99.0
movies_5917,Q125867250,Nouvelle Vague,2025 film directed by Richard Linklater,2025-05-17T00:00:00Z,105.0
movies_5918,Q125871880,Dr. Huang Danian,2018 Chinese film,2018-12-12T00:00:00Z,86.0
movies_5919,Q125880828,DreamQuil,film directed by Alex Prager,2025-01-01T00:00:00Z,
movies_5920,Q125888131,Adulthood,2025 film directed by Alex Winter,2025-09-11T00:00:00Z,97.0
movies_5921,Q125897105,Kid Snow,2024 film by Paul Goldman,2025-02-14T00:00:00Z,127.0
movies_5922,Q125900284,Los Tigres,2025 film directed by Alberto Rodríguez,2025-09-20T00:00:00Z,109.0
movies_5923,Q12590050,South Bound,2013 film by Yim Soon-rye,2013-02-07T00:00:00Z,121.0
movies_5924,Q125908027,The Naked Gun,2025 film directed by Akiva Schaffer,2025-07-31T00:00:00Z,85.0
movies_5925,Q12590956,Another Promise,2013 film by Kim Tae-yun,2013-10-04T00:00:00Z,120.0
movies_5926,Q12591019,Hanji,2011 film by Im Kwon-taek,2011-01-01T00:00:00Z,118.0
movies_5927,Q125913481,Jimpa,2025 film directed by Sophie Hyde,2025-01-23T00:00:00Z,
movies_5928,Q1259336,Mercenary for Justice,2006 film by Don E. Fauntleroy,2006-01-01T00:00:00Z,91.0
movies_5929,Q125933907,Companion,2025 film directed by Drew Hancock,2025-01-25T00:00:00Z,97.0
movies_5930,Q12593668,Tumen River,2010 film directed by Zhang Lu,2010-01-01T00:00:00Z,90.0
movies_5931,Q12593907,Radio Star,2006 Korean film directed by Lee Joon-ik,2006-01-01T00:00:00Z,112.0
movies_5932,Q125940265,When the Light Breaks,2024 film directed by Rúnar Rúnarsson,2025-02-19T00:00:00Z,82.0
movies_5933,Q1259409,Drive Angry,2011 film by Patrick Lussier,2011-01-01T00:00:00Z,104.0
movies_5934,Q1259419,Driven,2001 film directed by Renny Harlin,2001-01-01T00:00:00Z,112.0
movies_5935,Q1259440,Driving Lessons,2006 film by Jeremy Brock,2006-09-08T00:00:00Z,98.0
movies_5936,Q1259466,The Strangers,2008 horror film by Bryan Bertino,2008-05-29T00:00:00Z,85.0
movies_5937,Q12594665,My Black Mini Dress,2011 film,2011-01-01T00:00:00Z,
movies_5938,Q125948183,The Furious,2025 film directed by Kenji Tanigaki,2025-09-06T00:00:00Z,113.0
movies_5939,Q125950404,Fishbone,2018 film directed by Adán Aliaga,2018-01-01T00:00:00Z,
movies_5940,Q125951554,Everybody Loves Touda,2024 film directed by Nabil Ayouch,2025-05-29T00:00:00Z,102.0
movies_5941,Q125960257,Natacha (Almost) Air Hostess,2025 film by Noémie Saglio,2025-04-02T00:00:00Z,90.0
movies_5942,Q125960287,Rosa,2019 Italian film,2019-01-01T00:00:00Z,
movies_5943,Q125962650,Last Days,2025 film directed by Justin Lin,2025-01-28T00:00:00Z,
movies_5944,Q125966692,Swiped,2025 film directed by Rachel Lee Goldenberg,2025-09-09T00:00:00Z,110.0
movies_5945,Q125971387,Bugonia,2025 film directed by Yorgos Lanthimos,2025-08-28T00:00:00Z,118.0
movies_5946,Q125975336,Pillion,2025 film directed by Harry Lighton,2025-05-18T00:00:00Z,106.0
movies_5947,Q12597940,Mr. Perfect,2014 film,2014-04-03T00:00:00Z,109.0
movies_5948,Q125983478,Drop,2025 film directed by Christopher Landon,2025-03-09T00:00:00Z,95.0
movies_5949,Q12599662,Lost in Love,2006 South Korean film directed by Choo Chang-min,2006-01-26T00:00:00Z,115.0
movies_5950,Q125999766,Putin,2024 film,2025-01-09T00:00:00Z,
movies_5951,Q126001775,Scared Stiff,2016 American pornograpgic film,2016-11-06T00:00:00Z,
movies_5952,Q12600478,"The Mafia, the Salesman",2007 film,2007-09-20T00:00:00Z,110.0
movies_5953,Q126008203,Deathstalker,2025 film directed by Steven Kostanski,2025-08-15T00:00:00Z,103.0
movies_5954,Q126009194,The Wizard of the Kremlin,2025 film directed by Olivier Assayas,2025-08-31T00:00:00Z,156.0
movies_5955,Q126012569,The Smashing Machine,2025 film directed by Benny Safdie,2025-09-01T00:00:00Z,123.0
movies_5956,Q126013176,Holy Cow,2024 film directed by Louise Courvoisier,2025-01-16T00:00:00Z,90.0
movies_5957,Q12602418,Once Upon a Time in Seoul,2008 film,2008-01-01T00:00:00Z,98.0
movies_5958,Q12605897,Sahasam,2013 film by Chandra Sekhar Yeleti,2013-01-01T00:00:00Z,
movies_5959,Q12606041,Goodbye Mom,2009 South Korean film directed by Jeong Gi-hun,2009-09-09T00:00:00Z,111.0
movies_5960,Q126074918,Black Dog,2024 Chinese film,2025-03-06T00:00:00Z,110.0
movies_5961,Q126075285,The Kingdom,2024 film directed by Julien Colonna,2025-10-23T00:00:00Z,108.0
movies_5962,Q126076522,The Bloody Indulgent,2014 American film,2014-08-09T00:00:00Z,
movies_5963,Q126076793,Vampire Burt's Serenade,2020 American film,2020-05-08T00:00:00Z,
movies_5964,Q126077186,Night Always Comes,2025 film directed by Benjamin Caron,2025-08-15T00:00:00Z,
movies_5965,Q12608276,Old Miss Diary,2006 film by Kim Seok Yoon,2006-12-20T00:00:00Z,
movies_5966,Q12608351,Wild Card,2003 film directed by Kim Yu-jin,2003-01-01T00:00:00Z,
movies_5967,Q126086644,The Assessment,2024 sci-fi drama film,2025-03-21T00:00:00Z,114.0
movies_5968,Q126086662,Train Dreams,2025 film directed by Clint Bentley,2025-01-01T00:00:00Z,102.0
movies_5969,Q126086666,Nirvanna the Band the Show the Movie,2025 film directed by Matt Johnson,2025-03-09T00:00:00Z,95.0
movies_5970,Q12608709,No Mercy,2010 film by Kim Hyeong-jun,2010-01-01T00:00:00Z,205.0
movies_5971,Q126091602,Fly Me To The Saitama,2019 film by Hideki Takeuchi,2019-01-01T00:00:00Z,107.0
movies_5972,Q12609187,Our School's E.T.,2008 film by Park Gwang-chun,2008-09-11T00:00:00Z,120.0
movies_5973,Q126099163,The Swedish Torpedo,2024 film directed by Frida Kempff,2025-10-16T00:00:00Z,120.0
movies_5974,Q126102664,Trinetram,2002 film directed by Kodi Ramakrishna,2002-12-06T00:00:00Z,
movies_5975,Q126119788,The Woman in Cabin 10,2025 film directed by Simon Stone,2025-10-10T00:00:00Z,92.0
movies_5976,Q126125664,¿Por qué lloran mis amigas?,2017 film directed by Magda González Grau,2017-01-01T00:00:00Z,80.0
movies_5977,Q1261289,Drumline,2002 film by Charles Stone III,2002-12-13T00:00:00Z,113.0
movies_5978,Q12613358,Indian Summer,2001 film by Noh Hyo-jeong,2001-05-05T00:00:00Z,
movies_5979,Q126142548,Bastion 36,2025 French movie from Olivier Marchal,2025-01-01T00:00:00Z,124.0
movies_5980,Q12614992,Born to Sing,2013 film,2013-05-01T00:00:00Z,
movies_5981,Q126172130,Fissa,2016 Dutch film directed by Bobby Boermans,2016-01-01T00:00:00Z,102.0
movies_5982,Q12619343,The ESP Couple,2008 film by Kim Hyung-Joo,2008-11-27T00:00:00Z,
movies_5983,Q126203157,Eternity,2025 film directed by David Freyne,2025-09-07T00:00:00Z,114.0
movies_5984,Q126209905,Playdate,2025 film directed by Luke Greenfield,2025-11-12T00:00:00Z,
movies_5985,Q126209959,The Plot,2024 South Korea film,2025-06-20T00:00:00Z,99.0
movies_5986,Q12621523,Papa,2012 film by Han Ji-seung,2012-02-01T00:00:00Z,
movies_5987,Q12621717,Pacemaker,2011 film,2011-01-01T00:00:00Z,124.0
movies_5988,Q1262179,Jungle Child,2011 film by Roland Suso Richter,2011-02-17T00:00:00Z,131.0
movies_5989,Q1262391,Du bist nicht allein,2007 German comedy film by Bernd Böhlich,2007-01-01T00:00:00Z,90.0
movies_5990,Q1262427,7 Days to Live,2000 film by Sebastian Niemann,2000-01-01T00:00:00Z,96.0
movies_5991,Q1262452,Jaane Tu... Ya Jaane Na,2008 film by Abbas Tyrewala,2008-01-01T00:00:00Z,155.0
movies_5992,Q1262479,Eyes Wide Open,2009 film by Haim Tabakman,2009-01-01T00:00:00Z,91.0
movies_5993,Q12625334,The Righteous Thief,2009 film by Jeong Yong-gi,2009-11-26T00:00:00Z,117.0
movies_5994,Q12627920,White White World,2010 film by Oleg Novković,2010-01-01T00:00:00Z,121.0
movies_5995,Q126281957,Gazer,2024 film by Ryan J. Sloan,2025-04-03T00:00:00Z,114.0
movies_5996,Q126285655,A Bathroom of One's Own,2025 film,2025-01-01T00:00:00Z,102.0
movies_5997,Q126290878,Easy's Waltz,2025 film directed by Nic Pizzolatto,2025-09-11T00:00:00Z,
movies_5998,Q1262927,Polisse,2011 film by Maïwenn,2011-01-01T00:00:00Z,127.0
movies_5999,Q12629334,Crna Zorica,2012 film,2012-03-20T00:00:00Z,80.0
movies_6000,Q12631423,Generation Um...,2013 film by Mark Mann,2013-01-01T00:00:00Z,96.0
movies_6001,Q126326956,The Knife,2024 film directed by Nnamdi Asomugha,2025-08-15T00:00:00Z,82.0
movies_6002,Q12635968,He Ain't Like That,2010 film,2010-01-01T00:00:00Z,90.0
movies_6003,Q1263687,Simply Irresistible,1999 American film by Mark Tarlov,2000-01-13T00:00:00Z,95.0
movies_6004,Q126371311,Jugadores con patente,film directed by Luis Ara and Federico Lemos,2013-01-01T00:00:00Z,80.0
movies_6005,Q12637285,"I Have to Sleep, My Angel",2007 film by Dejan Aćimović,2007-01-01T00:00:00Z,100.0
movies_6006,Q126396314,Predator: Badlands,2025 film directed by Dan Trachtenberg,2025-11-05T00:00:00Z,108.0
movies_6007,Q126414863,Gabby's Dollhouse: The Movie,2025 film directed by Ryan Crego,2025-09-26T00:00:00Z,98.0
movies_6008,Q126417279,Karmele,2025 film directed by Asier Altuna,2025-09-01T00:00:00Z,120.0
movies_6009,Q126426508,Diplo: The Mighty Dinosaur,animated movie,2025-04-17T00:00:00Z,93.0
movies_6010,Q12643767,So Hot Was the Cannon,2012 film by Slobodan Boban Skerlic,2012-01-01T00:00:00Z,119.0
movies_6011,Q126453800,Mrs.,2024 film directed by Arati Kadav,2025-02-07T00:00:00Z,111.0
movies_6012,Q12646096,Professor Kosta Vujic's Hat,2012 film by Zdravko Šotra,2012-02-01T00:00:00Z,121.0
movies_6013,Q12646204,Forest Creatures,2010 film,2010-07-20T00:00:00Z,120.0
movies_6014,Q12648305,Anastasia,2006 film directed by Māris Martinsons,2006-01-01T00:00:00Z,
movies_6015,Q12648309,Anarchy Girls,2010 film,2010-01-01T00:00:00Z,90.0
movies_6016,Q126487478,Weapons,2025 film directed by Zach Cregger,2025-01-09T00:00:00Z,128.0
movies_6017,Q12649195,Low Lights,2009 film by Ignas Miškinis,2009-07-05T00:00:00Z,92.0
movies_6018,Q126492,Malibu's Most Wanted,2003 film directed by John Whitesell,2003-04-10T00:00:00Z,86.0
movies_6019,Q12649444,Farewell: The Ballad of a Lucky Man,2010 film by Tomas Donela,2010-01-01T00:00:00Z,90.0
movies_6020,Q1265063,Screwed,2000 film by Scott Alexander and Larry Karaszewski,2000-01-01T00:00:00Z,78.0
movies_6021,Q1265087,Dumb and Dumberer: When Harry Met Lloyd,2003 film directed by Troy Miller,2003-06-13T00:00:00Z,85.0
movies_6022,Q126511469,The Long Walk,2025 film directed by Francis Lawrence,2025-08-20T00:00:00Z,108.0
movies_6023,Q1265160,Dumplings,2004 Hong Kong film directed by Fruit Chan,2004-01-01T00:00:00Z,91.0
movies_6024,Q126537613,Dhadak 2,2025 film by Shazia Iqbal,2025-01-01T00:00:00Z,
movies_6025,Q12654021,Elze's Life,2000 film by Algimantas Puipa,2000-01-01T00:00:00Z,135.0
movies_6026,Q12654167,Eastern Drift,2010 film by Šarūnas Bartas,2010-02-11T00:00:00Z,111.0
movies_6027,Q1265691,The Five-Year Engagement,2012 film by Nicholas Stoller,2012-04-27T00:00:00Z,124.0
movies_6028,Q1265779,Dungeons & Dragons,2000 film by Courtney Solomon,2000-01-01T00:00:00Z,107.0
movies_6029,Q126599500,The Marching Band,2024 film directed by Emmanuel Courcol,2025-03-27T00:00:00Z,103.0
movies_6030,Q126637,Wedding Daze,2006 film by Michael Ian Black,2006-09-10T00:00:00Z,92.0
movies_6031,Q126654744,Un cercle en l'aigua,2020 film directed by Vicent Monsonís Andreu,2020-01-01T00:00:00Z,
movies_6032,Q12667270,Opium: Diary of a Madwoman,2007 film directed by János Szász,2007-02-04T00:00:00Z,90.0
movies_6033,Q126676,Transmorphers,2007 American sci-fi film by Leigh Scott,2007-01-01T00:00:00Z,83.0
movies_6034,Q126682448,Nobody 2,2025 film directed by Timo Tjahjanto,2025-01-01T00:00:00Z,89.0
movies_6035,Q126688992,Kiss & Spell,2017 Vietnamese horror-comedy romance film,2017-08-25T00:00:00Z,
movies_6036,Q126699,Gran Torino,2008 American film directed by Clint Eastwood,2008-12-12T00:00:00Z,116.0
movies_6037,Q126709448,Daytime Lovers,2006 Nigerian Film,2006-01-01T00:00:00Z,
movies_6038,Q12671094,Redirected,2014 film directed by Emilis Velyvis,2014-01-01T00:00:00Z,99.0
movies_6039,Q126723863,Sex and Love,2018 Nigerian Film,2018-02-20T00:00:00Z,103.0
movies_6040,Q126724933,The Prophet: Omniscient Reader,2025 South Korean film,2025-07-23T00:00:00Z,117.0
movies_6041,Q126734403,Hot Milk,2025 film,2025-02-14T00:00:00Z,
movies_6042,Q12674488,Fireheart: The Legend of Tadas Blinda,2011 film,2011-09-23T00:00:00Z,106.0
movies_6043,Q126766644,Empaná de pino,2008 film directed by Wincy Oyarce,2008-07-13T00:00:00Z,
movies_6044,Q12678912,Zero,2006 film,2006-01-01T00:00:00Z,82.0
movies_6045,Q126810973,The Roses,2025 film directed by Jay Roach,2025-08-28T00:00:00Z,105.0
movies_6046,Q12681195,In A Bottle,2011 Malaysian film directed by Khir Rahman,2011-03-24T00:00:00Z,
movies_6047,Q1268550,Heavy Metal in Baghdad,2007 film by Suroosh Alvi,2007-01-01T00:00:00Z,84.0
movies_6048,Q126870507,Magma,2025 film directed by Cyprien Vial,2025-03-19T00:00:00Z,85.0
movies_6049,Q126874131,Surviving The Death Committee,2025 documentary film by Nima Sarvestani,2025-01-01T00:00:00Z,83.0
movies_6050,Q1268749,Dylan Dog: Dead of Night,2010 film by Kevin Munroe,2010-01-01T00:00:00Z,103.0
movies_6051,Q126896,In the Valley of Elah,2007 film by Paul Haggis,2007-01-01T00:00:00Z,122.0
movies_6052,Q126897021,A Kind of Magic,2015 film,2015-10-06T00:00:00Z,86.0
movies_6053,Q126897811,Freakier Friday,2025 film directed by Nisha Ganatra,2025-08-07T00:00:00Z,
movies_6054,Q12690052,Ketika Cinta Bertasbih,2009 Indonesian film by Chaerul Umam,2009-01-01T00:00:00Z,
movies_6055,Q12690359,Kongsi,2011 film by Farid Kamil,2011-05-12T00:00:00Z,90.0
movies_6056,Q1269050,Klangbad: Avant-garde in the Meadows,"2009 film by Dietmar Post, Lucia Palacios",2009-01-01T00:00:00Z,85.0
movies_6057,Q126909347,Magic Hat,2000 film,2000-05-13T00:00:00Z,
movies_6058,Q126918442,Extremely Unique Dynamic,"2024 film directed by Katherine Dudas, Ivan Leung and Harrison Xu",2025-01-10T00:00:00Z,73.0
movies_6059,Q126920605,Real Life,2015 film by Robert Heber,2015-05-07T00:00:00Z,90.0
movies_6060,Q1269212,Undisputed,2002 film directed by Walter Hill,2002-01-01T00:00:00Z,96.0
movies_6061,Q126921922,Revolver,2024 South Korean film,2025-11-20T00:00:00Z,114.0
movies_6062,Q126924306,The Goldsmith's Secret,2025 film directed by Olga Osorio,2025-02-28T00:00:00Z,99.0
movies_6063,Q126930039,Vulcanizadora,2024 film directed by Joel Potrykus,2025-05-02T00:00:00Z,85.0
movies_6064,Q126942775,Breaking Walls,2025 film directed by Borja Cobeaga,2025-03-21T00:00:00Z,88.0
movies_6065,Q126952961,Mala influencia,2025 Spanish film,2025-01-01T00:00:00Z,
movies_6066,Q12696471,Mael Lambong,2012 film,2012-06-21T00:00:00Z,
movies_6067,Q1269703,Frailty,2001 film by Bill Paxton,2001-01-01T00:00:00Z,100.0
movies_6068,Q1269778,50 Ways of Saying Fabulous,2005 film,2005-01-01T00:00:00Z,90.0
movies_6069,Q12698915,The Curse of Niyang Rapik,2010 film directed by Ahmad Idham,2010-01-01T00:00:00Z,
movies_6070,Q1269970,Inconceivable,2008 film by Mary McGuckian,2008-01-01T00:00:00Z,105.0
movies_6071,Q127011,In Your Hands,2004 film by Annette K. Olesen,2004-01-23T00:00:00Z,101.0
movies_6072,Q1270503,Deliver Me,2006 film by Denis Chouinard,2006-01-01T00:00:00Z,100.0
movies_6073,Q1270772,Days of Santiago,2004 film by Josué Méndez,2004-01-01T00:00:00Z,82.0
movies_6074,Q127118129,Blue Moon,2025 film directed by Richard Linklater,2025-02-18T00:00:00Z,100.0
movies_6075,Q127118132,Coolie,2025 film by Lokesh Kanagaraj,2025-08-13T00:00:00Z,170.0
movies_6076,Q127129,Kismat Konnection,2008 film by Aziz Mirza,2008-07-18T00:00:00Z,153.0
movies_6077,Q1271407,Delicacy,2011 film by David Foenkinos,2011-01-01T00:00:00Z,108.0
movies_6078,Q127162841,The Choral,2025 film directed by Nicholas Hytner,2025-09-05T00:00:00Z,
movies_6079,Q127163221,Heart Eyes,2025 film directed by Josh Ruben,2025-02-07T00:00:00Z,97.0
movies_6080,Q12720534,Tales from the Golden Age: Love after Hours,film directed by Cristian Mungiu,2009-01-01T00:00:00Z,
movies_6081,Q1272441,Urban Legends: Final Cut,2000 film by John Ottman,2000-01-01T00:00:00Z,97.0
movies_6082,Q127250,Inu to Anata no Monogatari,2011 film by Shunichi Nagasaki,2011-01-01T00:00:00Z,
movies_6083,Q12725637,Contra timp,film directed by Jesús del Cerro,2008-01-01T00:00:00Z,78.0
movies_6084,Q127267,Attenberg,2010 film by Athina Rachel Tsangari,2010-01-01T00:00:00Z,95.0
movies_6085,Q1272835,The Statement,2003 film by Norman Jewison,2003-01-01T00:00:00Z,120.0
movies_6086,Q127289273,Speech,2018 Dutch film directed by Barbara Bredero,2018-01-15T00:00:00Z,93.0
movies_6087,Q127312272,Shepherds,film by Sophie Deraspe,2025-04-09T00:00:00Z,113.0
movies_6088,Q127324468,Fuze,2025 film directed by David Mackenzie,2025-09-05T00:00:00Z,98.0
movies_6089,Q127327216,Moon,2024 film directed by Kurdwin Ayub,2025-03-27T00:00:00Z,92.0
movies_6090,Q127327950,A Girl Named Willow,2025 film by Mike Marzuk,2025-02-27T00:00:00Z,
movies_6091,Q12735596,Milionari de weekend,2004 film by Cătălin Saizescu,2004-01-01T00:00:00Z,90.0
movies_6092,Q12736444,The Godmother,2011 film,2011-01-01T00:00:00Z,100.0
movies_6093,Q127367,The Lord of the Rings: The Fellowship of the Ring,2001 film by Peter Jackson,2001-12-19T00:00:00Z,178.0
movies_6094,Q12736987,A Good Day for a Swim,2008 film directed by Bogdan Mustață,2008-01-01T00:00:00Z,10.0
movies_6095,Q127382372,After the Hunt,2025 film directed by Luca Guadagnino,2025-08-29T00:00:00Z,138.0
movies_6096,Q127384884,Guns & Moses,2024 film by Salvador Litvak,2025-07-18T00:00:00Z,
movies_6097,Q12738539,Principles of Life,film directed by Constantin Popescu,2010-01-01T00:00:00Z,97.0
movies_6098,Q12738801,Pacala se întoarce,film directed by Geo Saizescu,2006-01-01T00:00:00Z,150.0
movies_6099,Q127395451,Oʻtov,2007 film,2007-01-01T00:00:00Z,
movies_6100,Q127414,Henry's Crime,2010 film directed by Malcolm Venville,2010-01-01T00:00:00Z,108.0
movies_6101,Q1274301,"Not Afraid, Not Afraid",2001 film by Annette Carducci,2001-01-01T00:00:00Z,86.0
movies_6102,Q12743617,Dracula the Impaler,film directed by Adrian Popovici,2002-01-01T00:00:00Z,
movies_6103,Q12744409,18 Meals,2010 film by Jorge Coira,2010-06-12T00:00:00Z,104.0
movies_6104,Q12744987,Black Gruya and the Stone of Wisdom,2007 film by Marko Marinkovic,2007-01-01T00:00:00Z,98.0
movies_6105,Q12745666,"When I Grow Up, I'll Be a Kangaroo",2004 film by Рadivoje Andrić,2004-03-25T00:00:00Z,92.0
movies_6106,Q12747457,Devil's Town,2009 film,2009-01-01T00:00:00Z,89.0
movies_6107,Q12747899,Love Comes After,2013 film,2013-01-01T00:00:00Z,77.0
movies_6108,Q12748004,And Now Goodbye,2000 film,2000-01-01T00:00:00Z,60.0
movies_6109,Q12748176,Albatros,2011 film,2011-01-01T00:00:00Z,60.0
movies_6110,Q12748509,Artiljero,2012 film,2012-01-01T00:00:00Z,
movies_6111,Q12748813,Beli lavovi,2011 film by Lazar Ristovski,2011-01-01T00:00:00Z,90.0
movies_6112,Q12748945,Biro za izgubljene stvari,2008 film,2008-01-01T00:00:00Z,90.0
movies_6113,Q12749038,Pale Moon,2008 film by Ljubiša Samardžić,2008-01-01T00:00:00Z,87.0
movies_6114,Q12749487,Boomerang,2001 film,2001-01-01T00:00:00Z,87.0
movies_6115,Q12749522,Awaking from the Dead,2005 film directed by Miloš Radivojević,2005-01-01T00:00:00Z,134.0
movies_6116,Q12749795,Vir,2012 film,2012-11-11T00:00:00Z,95.0
movies_6117,Q12750129,Where the Yellow Lemon Blooms,2006 film by Zdravko Šotra,2006-01-01T00:00:00Z,
movies_6118,Q12750600,Fellowship Offerings,2004 film,2004-01-01T00:00:00Z,81.0
movies_6119,Q127510067,Harbin,2024 film directed by Woo Min-ho,2025-01-01T00:00:00Z,
movies_6120,Q12751203,The State of the Dead,"2002 film by Dinko Tucaković, Živojin Pavlović",2002-01-01T00:00:00Z,92.0
movies_6121,Q12751244,Comrade Black in WWII,2009 film,2009-01-01T00:00:00Z,
movies_6122,Q127514804,My Daddy My Superhero,Upcoming Pakistani animated film,2025-01-01T00:00:00Z,85.0
movies_6123,Q12751777,Zjivot je marš,2003 film,2003-01-01T00:00:00Z,
movies_6124,Q12751813,Party,2004 film,2004-01-01T00:00:00Z,88.0
movies_6125,Q12751912,Together,2011 film,2011-01-01T00:00:00Z,90.0
movies_6126,Q12752161,Ivkova Slava,2005 film by Zdravko Šotra,2005-11-03T00:00:00Z,110.0
movies_6127,Q12752499,Kako su me ukrali Nemci,2011 film,2011-01-01T00:00:00Z,140.0
movies_6128,Q12752840,Knezevina Srbija,2008 documentary film directed by Zdravko Šotra,2008-01-01T00:00:00Z,90.0
movies_6129,Q12754192,Kraljevina Srbija,2008 film by Zdravko Šotra,2008-01-01T00:00:00Z,
movies_6130,Q127542,Maurice Richard,2005 film directed by Charles Binamé,2005-01-01T00:00:00Z,124.0
movies_6131,Q12754256,Krojačeva tajna,2006 film,2006-01-25T00:00:00Z,
movies_6132,Q12754266,Circles,2013 film by Srdan Golubović,2013-01-18T00:00:00Z,112.0
movies_6133,Q12754412,Labyrinth,2002 film by Miroslav Lekić,2002-01-01T00:00:00Z,116.0
movies_6134,Q12754485,Ice,2012 film,2012-10-10T00:00:00Z,118.0
movies_6135,Q12754500,"Lele, bato",2005 film,2005-01-01T00:00:00Z,
movies_6136,Q12754770,Mala nocna muzika,2002 film by Dejan Zečević,2002-01-01T00:00:00Z,
movies_6137,Q12755725,See You in Montevideo,2014 film by Dragan Bjelogrlić,2014-01-01T00:00:00Z,141.0
movies_6138,Q12755756,Motel Nana,2010 film,2010-01-01T00:00:00Z,92.0
movies_6139,Q1275605,To Kill a King,2003 film by Mike Barker,2003-01-01T00:00:00Z,102.0
movies_6140,Q12756107,Someone is Still Waiting,2009 film directed by Marko Novaković,2009-01-01T00:00:00Z,
movies_6141,Q12756345,Normal People,2001 film by Oleg Novković,2001-01-01T00:00:00Z,91.0
movies_6142,Q12756448,The Reject,2007 film,2007-01-01T00:00:00Z,
movies_6143,Q12756530,She Likes Red Star,2001 film by Marko Marinkovic,2001-01-01T00:00:00Z,104.0
movies_6144,Q12757422,Pogled u nebo,2007 film,2007-01-01T00:00:00Z,
movies_6145,Q12757686,Kisses,2004 film,2004-01-01T00:00:00Z,81.0
movies_6146,Q12757763,Upside Down,2007 film directed by Igor Ivanov Izi,2007-01-01T00:00:00Z,120.0
movies_6147,Q12758337,Ringeraja,2002 film by Đorđe Milosavljević,2002-05-10T00:00:00Z,99.0
movies_6148,Q12758452,Save Our Souls,2007 film directed by Slobodan Šijan,2007-01-01T00:00:00Z,
movies_6149,Q12758626,Sve je za ljude,2001 film by Dragoslav Lazić,2001-11-12T00:00:00Z,
movies_6150,Q1275866,Ultimate Force,2005 film,2005-01-01T00:00:00Z,93.0
movies_6151,Q12758761,Selo gori... i tako,2009 film directed by Radoš Bajić,2009-01-01T00:00:00Z,
movies_6152,Q12758807,Seljaci,2001 film by Dragoslav Lazić,2001-02-22T00:00:00Z,
movies_6153,Q12759663,Heart's Affair,2006 film,2006-01-01T00:00:00Z,
movies_6154,Q127599809,Summer Coda,2010 film,2010-01-01T00:00:00Z,
movies_6155,Q127599819,The Dream Children,2015 film,2015-01-01T00:00:00Z,
movies_6156,Q127600891,Bilched,2019 Australian film directed by Jeremy Cumpston,2019-05-23T00:00:00Z,
movies_6157,Q127602137,Mr Burton,2025 film directed by Marc Evans,2025-04-04T00:00:00Z,
movies_6158,Q127602379,Bring Her Back,2025 film directed by Danny and Michael Philippou,2025-05-28T00:00:00Z,104.0
movies_6159,Q127602909,Dog 51,2025 film directed by Cédric Jimenez,2025-09-06T00:00:00Z,106.0
movies_6160,Q127603403,Instant Love,2019 film,2020-01-01T00:00:00Z,79.0
movies_6161,Q12760421,Ustanička ulica,2012 film,2012-01-01T00:00:00Z,97.0
movies_6162,Q12760558,Falsifier,2013 film by Goran Marković,2013-03-03T00:00:00Z,90.0
movies_6163,Q12760877,The Ambulance,2009 film by Goran Radovanović,2009-01-01T00:00:00Z,81.0
movies_6164,Q12761174,Wait for Me and I Will Not Come,2009 film by Miroslav Momčilović,2009-01-01T00:00:00Z,90.0
movies_6165,Q12761220,Čitulja za Eskobara,2008 film by Milorad Milinković,2008-01-01T00:00:00Z,90.0
movies_6166,Q12761358,Shaitan's Warrior,2006 film,2006-01-01T00:00:00Z,94.0
movies_6167,Q127619022,Clown in a Cornfield,2025 film directed by Eli Craig,2025-03-10T00:00:00Z,97.0
movies_6168,Q12763465,Bratislavafilm,2009 film by Jakub Kroner,2009-01-01T00:00:00Z,
movies_6169,Q12764133,Cinka Panna,2008 film by Dušan Rapoš,2008-01-01T00:00:00Z,122.0
movies_6170,Q127678466,Titus the Village Gossiper,2018 Nigerian Movie,2018-01-01T00:00:00Z,
movies_6171,Q1276847,Eagle vs Shark,2007 film by Taika Waititi,2007-01-01T00:00:00Z,88.0
movies_6172,Q127686835,Ascension Day,German film from 2014 directed by Harald Holzenleiter,2014-02-05T00:00:00Z,
movies_6173,Q127688495,September 5,2024 film by Tim Fehlbaum,2025-01-09T00:00:00Z,91.0
movies_6174,Q127692200,Duse,2025 film directed by Pietro Marcello,2025-09-03T00:00:00Z,
movies_6175,Q12769381,Konečná stanica,2004 film by Jiří Chlumský,2004-01-01T00:00:00Z,
movies_6176,Q127697922,Cesium Fallout,2024 film by Anthony Pun,2025-01-15T00:00:00Z,136.0
movies_6177,Q127699542,Vermiglio,2024 film by Maura Delpero,2025-01-03T00:00:00Z,119.0
movies_6178,Q127699891,The Quiet Son,2024 film by Delphine and Muriel Coulin,2025-01-22T00:00:00Z,120.0
movies_6179,Q1277005,Womb Raider,2003 film by Randolph Scott,2003-01-01T00:00:00Z,90.0
movies_6180,Q127700776,Kill the Jockey,2024 film by Luis Ortega,2025-05-30T00:00:00Z,96.0
movies_6181,Q127709937,Diva Futura,2024 film directed by Giulia Louise Steigerwalt,2025-12-11T00:00:00Z,120.0
movies_6182,Q127710707,Three Friends,2024 French film by Emmanuel Mouret,2025-03-13T00:00:00Z,117.0
movies_6183,Q127713636,Stranger Eyes,2024 film directed by Yeo Siew Hua,2025-01-09T00:00:00Z,125.0
movies_6184,Q127726954,Love,2024 Norwegian film directed by Dag Johan Haugerud,2025-03-13T00:00:00Z,119.0
movies_6185,Q12772894,Od Fica do Fica,2012 film by Zuzana Piussi,2012-01-01T00:00:00Z,82.0
movies_6186,Q1277329,Survival of the Dead,2009 film by George A. Romero,2009-01-01T00:00:00Z,90.0
movies_6187,Q1277366,Noel,2004 film directed by Chazz Palminteri,2004-01-01T00:00:00Z,102.0
movies_6188,Q127756492,Perempuan Pembawa Sial,2024 Indonesian horror film,2025-09-18T00:00:00Z,
movies_6189,Q127763750,Good Bad Things,2024 film directed by Shane D. Stanger,2025-02-04T00:00:00Z,96.0
movies_6190,Q1277684,Earthlings,2005 film by Shaun Monson,2005-09-24T00:00:00Z,95.0
movies_6191,Q12777252,Tanec medzi črepinami,2012 film by Marek Ťapák,2012-01-01T00:00:00Z,
movies_6192,Q127778663,The Shrinking Man,2025 film directed by Jan Kounen,2025-01-01T00:00:00Z,100.0
movies_6193,Q127785559,2073,2024 film by Asif Kapadia,2025-01-01T00:00:00Z,85.0
movies_6194,Q127785576,Sicilian Letters,2024 film directed by Fabio Grassadonia and Antonio Piazza,2025-09-18T00:00:00Z,122.0
movies_6195,Q1278022,Shrooms,2007 film by Paddy Breathnach,2007-01-01T00:00:00Z,86.0
movies_6196,Q1278073,East Is East,1999 film by Damien O'Donnell,2000-05-18T00:00:00Z,92.0
movies_6197,Q127821688,Friendship,2024 film directed by Andrew DeYoung,2025-05-09T00:00:00Z,100.0
movies_6198,Q1278386,Easy Virtue,2008 film directed by Stephan Elliott,2008-01-01T00:00:00Z,95.0
movies_6199,Q127850158,Mr. K,2024 surreal drama film,2025-08-14T00:00:00Z,94.0
movies_6200,Q127868899,Soul Kittens Cabaret,2011 film,2011-01-11T00:00:00Z,147.0
movies_6201,Q127897,Jersey Girl,2004 film by Kevin Smith,2004-03-09T00:00:00Z,98.0
movies_6202,Q1279290,Jiro Dreams of Sushi,2011 film by David Gelb,2011-01-01T00:00:00Z,81.0
movies_6203,Q1279412,Glory Road,2006 film by James Gartner,2006-01-13T00:00:00Z,118.0
movies_6204,Q127943733,Barroco,2013 film by Estanislao Buisel Quintana,2013-04-01T00:00:00Z,
movies_6205,Q1279482,The Junior Olsen Gang Goes Submarine,2003 film by Arne Lindtner Næss,2003-02-07T00:00:00Z,95.0
movies_6206,Q12797195,On Our Own Vesna,2002 film directed by Sašo Đukić,2002-04-25T00:00:00Z,92.0
movies_6207,Q12799228,Porno Film,2000 film directed by Damjan Kozole,2000-10-19T00:00:00Z,80.0
movies_6208,Q1280179,How Much Do You Love Me?,2005 film by Bertrand Blier,2005-01-01T00:00:00Z,95.0
movies_6209,Q1280263,The Trip,2002 film directed by Miles Swain,2002-01-01T00:00:00Z,95.0
movies_6210,Q12806405,Forever,2009 film by Damjan Kozole,2009-01-08T00:00:00Z,82.0
movies_6211,Q12806475,Prisoner,2007 film by David Alford and Robert Archer Lyn,2007-01-01T00:00:00Z,94.0
movies_6212,Q1280795,Olympus Inferno,2009 film by Igor Voloshin,2009-01-01T00:00:00Z,85.0
movies_6213,Q12808694,Love Is Red,2013 film by Osman Sınav,2013-01-01T00:00:00Z,105.0
movies_6214,Q12808945,Bu Son Olsun,2012 film,2012-01-01T00:00:00Z,100.0
movies_6215,Q12809142,Offside,2000 film by Serdar Akar,2000-01-01T00:00:00Z,
movies_6216,Q1280945,Real Women Have Curves,2002 film by Patricia Cardoso,2002-01-13T00:00:00Z,86.0
movies_6217,Q12809751,The Shadowless,2009 film by Ümit Ünal,2009-02-27T00:00:00Z,
movies_6218,Q12809917,Recep İvedik 6,2019 film by Togan Gökbakar,2019-11-07T00:00:00Z,
movies_6219,Q12810254,In Darkness,2009 film by Çağan Irmak,2009-01-01T00:00:00Z,100.0
movies_6220,Q12810477,Kutsal Damacana,2007 film by Kamil Aydin und Ahmet Yilmaz,2007-01-01T00:00:00Z,
movies_6221,Q12811143,Jolly Life,2009 film by Yılmaz Erdoğan,2009-01-01T00:00:00Z,100.0
movies_6222,Q12811331,Pars: Operation Cherry,2007 film by Osman Sınav,2007-01-01T00:00:00Z,
movies_6223,Q12811761,Selam,2013 Film directed by Levent Demirkale,2013-01-01T00:00:00Z,
movies_6224,Q12811780,Semum,2008 film by Hasan Karacadağ,2008-01-01T00:00:00Z,116.0
movies_6225,Q12812194,The imam,2005 film directed by İsmail Güneş,2005-01-01T00:00:00Z,110.0
movies_6226,Q12812546,Yangin Var,2011 film by Murat Saraçoğlu,2011-12-08T00:00:00Z,
movies_6227,Q12812808,Majority,2010 film by Seren Yüce,2010-01-01T00:00:00Z,
movies_6228,Q12813010,The Confession,2002 film directed by Zeki Demirkubuz,2002-01-01T00:00:00Z,100.0
movies_6229,Q12813120,Ugly,2013 film by Anurag Kashyap,2013-05-17T00:00:00Z,128.0
movies_6230,Q12813483,A mohácsi vész,2004 film directed by Miklós Jancsó,2004-02-26T00:00:00Z,82.0
movies_6231,Q1281420,Essential Killing,2010 film directed by Jerzy Skolimowski,2010-09-06T00:00:00Z,83.0
movies_6232,Q128153069,Wolfman's Got Nards,2018 documentary film,2018-04-07T00:00:00Z,
movies_6233,Q12816822,Wyrmwood,2014 film by Kiah Roache-Turner,2014-01-01T00:00:00Z,98.0
movies_6234,Q128187,Machete Kills,2013 film by Robert Rodriguez,2013-09-19T00:00:00Z,107.0
movies_6235,Q128210357,December 31st Express,2025 film,2025-01-01T00:00:00Z,90.0
movies_6236,Q128214361,War Through the Eyes of Animals,,2025-11-06T00:00:00Z,97.0
movies_6237,Q128271742,The Uranus Experiment: Part I,,2000-01-01T00:00:00Z,136.0
movies_6238,Q128271988,The Uranus Experiment: Part II,,2000-01-01T00:00:00Z,90.0
movies_6239,Q1283500,Eden,2006 film by Michael Hofmann,2006-01-01T00:00:00Z,104.0
movies_6240,Q1283546,Eden Log,2007 film,2007-01-01T00:00:00Z,98.0
movies_6241,Q1283552,Eden Lake,2008 film by James Watkins,2008-01-01T00:00:00Z,91.0
movies_6242,Q12835565,Aktrisa,2011 film directed by Rovshen Isakh,2011-01-01T00:00:00Z,97.0
movies_6243,Q1283760,The Tomb,2009 film directed by Michael Staininger,2009-11-13T00:00:00Z,85.0
movies_6244,Q12837618,The Truth of the Moment,2003 film by Ramiz Fataliyev,2003-01-01T00:00:00Z,
movies_6245,Q12838143,Cavid ömrü,2007 film by Ramiz Hasanoglu,2007-01-01T00:00:00Z,128.0
movies_6246,Q1283887,Edgar G. Ulmer - The Man Off-screen,2004 film by Michael Palm,2004-01-01T00:00:00Z,77.0
movies_6247,Q12838977,Black-and-White Nights,2009 film by Ayaz Salayev,2009-01-01T00:00:00Z,
movies_6248,Q12842573,Mahalla,2003 film by Ramiz Fataliyev,2003-01-01T00:00:00Z,126.0
movies_6249,Q128430869,Nadine in Date Land,2005 american film,2005-06-25T00:00:00Z,
movies_6250,Q1284393,Edges of the Lord,2001 film by Yurek Bogayevicz,2001-10-12T00:00:00Z,95.0
movies_6251,Q1284439,Edi,2002 film by Piotr Trzaskalski,2002-01-01T00:00:00Z,97.0
movies_6252,Q1284461,Pyaar Ka Punchnama,2011 Hindi language film directed by Luv Ranjan,2011-05-20T00:00:00Z,149.0
movies_6253,Q128474263,Telusu Kada,film by Neeraja Kona,2025-10-17T00:00:00Z,
movies_6254,Q1284839,Edison,2005 film by David J. Burke,2005-03-05T00:00:00Z,95.0
movies_6255,Q12849080,Interpapa,2006 film directed by Namiq Agayev,2006-01-01T00:00:00Z,72.0
movies_6256,Q128493,Machete,2010 film by Robert Rodriguez and Ethan Maniquis,2010-09-01T00:00:00Z,105.0
movies_6257,Q128499267,Woman in Motion,2019 american documentary film,2019-04-12T00:00:00Z,
movies_6258,Q128503,It's All Gone Pete Tong,2004 film by Michael Dowse,2004-01-01T00:00:00Z,90.0
movies_6259,Q128518,Gladiator,2000 film by Ridley Scott,2000-05-05T00:00:00Z,155.0
movies_6260,Q128542,Extreme Ops,2002 film by Christian Duguay,2002-01-01T00:00:00Z,89.0
movies_6261,Q128582,Mission to Mars,2000 film directed by Brian DePalma,2000-03-10T00:00:00Z,114.0
movies_6262,Q12860861,Lost in Karastan,2014 film by Ben Hopkins,2014-01-01T00:00:00Z,100.0
movies_6263,Q12861222,Kadal Kadannoru Mathukkutty,2013 film directed by Ranjith,2013-01-01T00:00:00Z,
movies_6264,Q12863061,The Other Bank,2009 film by George Ovashvili,2009-01-01T00:00:00Z,90.0
movies_6265,Q12863443,In Bloom,2013 film directed by Nana Ekvtimishvili and Simon Groß,2013-02-10T00:00:00Z,102.0
movies_6266,Q1286387,The Cat in the Hat,2003 film directed by Bo Welch,2003-11-08T00:00:00Z,82.0
movies_6267,Q128646,2 Days in Paris,2007 film by Julie Delpy,2007-02-10T00:00:00Z,96.0
movies_6268,Q12872664,False Alarm,2006 drama film by Katerina Evangelakou,2006-11-24T00:00:00Z,86.0
movies_6269,Q128730,Thirteen Days,2000 film directed by Roger Donaldson,2000-01-01T00:00:00Z,145.0
movies_6270,Q1287353,Fine Dead Girls,2002 film by Dalibor Matanić,2002-01-01T00:00:00Z,77.0
movies_6271,Q1287973,Go West,2005 Bosnic drama film by Ahmed Imamović,2005-01-01T00:00:00Z,97.0
movies_6272,Q12880315,Loafing and Camouflage: Sirens in the Aegean,2005 film by Nikos Perakis,2005-01-01T00:00:00Z,115.0
movies_6273,Q1288055,Paap,2003 film by Pooja Bhatt,2003-01-01T00:00:00Z,116.0
movies_6274,Q12881022,Mia fora kai ena... moro,2011 film,2011-03-17T00:00:00Z,86.0
movies_6275,Q12882092,The Loser Takes It All,2002 film by Nikos Nikolaidis,2002-01-01T00:00:00Z,121.0
movies_6276,Q1288305,Tabloid,2001 film directed by David Blair,2001-01-01T00:00:00Z,101.0
movies_6277,Q12884617,Matchbox,2002 Greek film directed by Yannis Economides,2002-11-14T00:00:00Z,80.0
movies_6278,Q128848,Y tu mamá también,2001 film by Alfonso Cuarón,2001-06-08T00:00:00Z,101.0
movies_6279,Q128854,The Painted Veil,2006 film directed by John Curran,2006-01-01T00:00:00Z,120.0
movies_6280,Q128855,Chopper,2000 film directed by Andrew Dominik,2000-01-01T00:00:00Z,94.0
movies_6281,Q1288693,Simon Says,2006 film by William Dear,2006-01-01T00:00:00Z,100.0
movies_6282,Q128924,The World's Fastest Indian,2005 film directed by Roger Donaldson,2005-01-01T00:00:00Z,127.0
movies_6283,Q128927,Monsieur Ibrahim,2003 film by François Dupeyron,2003-09-17T00:00:00Z,94.0
movies_6284,Q128934,Duplex,2003 film by Danny DeVito,2003-01-01T00:00:00Z,89.0
movies_6285,Q12902822,Stranger by the Lake,2013 film by Alain Guiraudie,2013-05-17T00:00:00Z,100.0
movies_6286,Q12902828,My Sweet Pepperland,2013 film by Huner Saleem,2013-05-22T00:00:00Z,100.0
movies_6287,Q129037,The House of Mirth,2000 film by Terence Davies,2000-01-01T00:00:00Z,135.0
movies_6288,Q129051,Lines of Wellington,2012 film by Valeria Sarmiento,2012-01-01T00:00:00Z,151.0
movies_6289,Q129078,Puppet Master: The Legacy,2004 film by Charles Band,2004-01-01T00:00:00Z,80.0
movies_6290,Q1291491,Shelter,2007 film directed by Jonah Markowitz,2007-01-01T00:00:00Z,90.0
movies_6291,Q1292187,Just Friends,2005 film by Roger Kumble,2005-01-01T00:00:00Z,96.0
movies_6292,Q12923518,Chinna Chinna Kannile,2000 Tamil film directed by Ameerjan,2000-01-01T00:00:00Z,
movies_6293,Q12923651,Sigamani Ramamani,2001 Tamil film directed by Visu,2001-01-01T00:00:00Z,
movies_6294,Q12931360,Pallavan,2003 Tamil film directed by Padmamagan,2003-02-28T00:00:00Z,
movies_6295,Q129348374,Manners In Battle,2008 South Korean film,2008-05-16T00:00:00Z,
movies_6296,Q12938262,Maayan,2001 Tamil film directed by Nassar,2001-09-14T00:00:00Z,
movies_6297,Q129411,Tatarak,2009 film by Andrzej Wajda,2009-01-01T00:00:00Z,85.0
movies_6298,Q12943321,Veerasamy,2007 Tamil film directed by T. Rajendar,2007-01-01T00:00:00Z,
movies_6299,Q12944284,Shakalaka Baby,2002 Tamil film directed by Rama Narayanan,2002-01-01T00:00:00Z,
movies_6300,Q129574,The Feast of the Goat,2006 film by Luis Llosa,2005-09-23T00:00:00Z,125.0
movies_6301,Q129588236,My Fair Gentleman,2009 Chinese film,2009-09-28T00:00:00Z,
movies_6302,Q129601,An American Carol,2008 film by David Zucker,2008-01-01T00:00:00Z,83.0
movies_6303,Q1296149,Effi Briest,2009 film by Hermine Huntgeburth,2009-01-01T00:00:00Z,118.0
movies_6304,Q12962338,Brother Nature,2016 film directed by Osmany Rodriguez and Matt Villines,2016-09-09T00:00:00Z,97.0
movies_6305,Q1296303,Tom und Hacke,2012 film by Norbert Lechner,2012-01-01T00:00:00Z,90.0
movies_6306,Q129637,Boystown,2007 film by Juan Flahn,2007-01-01T00:00:00Z,101.0
movies_6307,Q1296385,Snow Day,2000 film directed by Chris Koch,2000-02-11T00:00:00Z,89.0
movies_6308,Q129657,Gantz,2011 film by Shinsuke Sato,2010-11-29T00:00:00Z,130.0
movies_6309,Q12967391,Love Me Again,2008 film by Rory Quintos,2008-01-01T00:00:00Z,
movies_6310,Q12970834,The Samurai I Loved,2005 film by Mitsuo Kurotsuchi,2005-10-01T00:00:00Z,
movies_6311,Q12973360,Aduthathu,2012 Tamil film directed by Thakkali Srinivasan,2011-09-23T00:00:00Z,
movies_6312,Q12973515,Annai,2000 Tamil film directed by Manobala,2000-02-11T00:00:00Z,
movies_6313,Q12975144,Unnai Kann Theduthey,2000 Tamil film directed by Sundar C.,2000-09-01T00:00:00Z,
movies_6314,Q12975794,I,2015 Tamil film directed by S. Shankar,2015-01-01T00:00:00Z,170.0
movies_6315,Q12976767,Kaadhal,2004 Tamil film directed by Balaji Sakthivel,2004-01-01T00:00:00Z,
movies_6316,Q12976955,Kireedam,2007 Tamil film directed by A. L. Vijay,2007-07-20T00:00:00Z,
movies_6317,Q12977353,Koodi Vazhnthal Kodi Nanmai,2000 Tamil film directed by V. Sekhar,2000-01-01T00:00:00Z,
movies_6318,Q12978080,Sadhu Miranda,2008 Tamil film directed by Siddique,2008-01-01T00:00:00Z,
movies_6319,Q1298017,Wrecked,2011 film by Michael Greenspan,2011-01-01T00:00:00Z,91.0
movies_6320,Q12980911,Sutta Kadhai,2013 Tamil film directed by Subu,2013-10-25T00:00:00Z,
movies_6321,Q129813,Enduring Love,2004 film by Roger Michell,2004-01-01T00:00:00Z,100.0
movies_6322,Q1298217,Songcatcher,2000 film by Maggie Greenwald,2000-01-01T00:00:00Z,109.0
movies_6323,Q12982690,Chennai 600028,2007 Tamil film directed by Venkat Prabhu,2007-01-01T00:00:00Z,
movies_6324,Q12982893,Johnny,2003 film by Pawan Kalyan,2003-01-01T00:00:00Z,
movies_6325,Q12985049,Naan,2012 Tamil film directed by Jeeva Shankar,2012-01-01T00:00:00Z,
movies_6326,Q12985995,Parijatham,2006 Tamil film directed by K. Bhagyaraj,2006-01-01T00:00:00Z,
movies_6327,Q129869,Torrente 4: Lethal Crisis,2011 film by Santiago Segura,2011-01-01T00:00:00Z,93.0
movies_6328,Q129874,Wrong,2012 film directed by Quentin Dupieux,2012-01-01T00:00:00Z,94.0
movies_6329,Q12988039,Moodar Koodam,2013 Tamil film directed by Naveen,2013-01-01T00:00:00Z,
movies_6330,Q12988262,Yaaradi Nee Mohini,2008 Tamil film directed by Mithran Jawahar,2008-01-01T00:00:00Z,
movies_6331,Q12988455,Rishi,2001 Tamil film directed by Sundar C.,2001-01-01T00:00:00Z,
movies_6332,Q12988585,Looty,2001 Tamil film directed by Sakthi Paramesh,2001-01-01T00:00:00Z,
movies_6333,Q12988919,Vaanam Vasappadum,2004 Tamil film directed by P. C. Sreeram,2004-01-01T00:00:00Z,
movies_6334,Q12989265,Veeranadai,2000 Tamil film directed by Senthamilan Seeman,2000-01-01T00:00:00Z,
movies_6335,Q12989335,Veeram,2014 Tamil film directed by Siva,2014-01-01T00:00:00Z,155.0
movies_6336,Q12989733,The Attacks of 26/11,2013 film by Ram Gopal Varma,2013-02-28T00:00:00Z,116.0
movies_6337,Q12990754,Ala Modalaindi,2011 film by B.V. Nandini Reddy,2011-01-01T00:00:00Z,140.0
movies_6338,Q12990938,Astram,2006 film by Suresh Krissna,2006-01-01T00:00:00Z,
movies_6339,Q12991459,Idiot,2002 film directed by Puri Jagannadh,2002-01-01T00:00:00Z,
movies_6340,Q12993457,Kick,2009 Telugu film directed by Surender Reddy,2009-01-01T00:00:00Z,
movies_6341,Q129959,Beethoven's 3rd,2000 film by David M. Evans,2000-01-01T00:00:00Z,94.0
movies_6342,Q12996271,Gopi – Goda Meedha Pilli,2006 Telugu-language film directed by Janardhana Maharshi,2006-11-16T00:00:00Z,
movies_6343,Q12996703,Chintakayala Ravi,2008 film directed by Yogie,2008-01-01T00:00:00Z,
movies_6344,Q12998142,Josh,2009 film by Vasu Varma,2009-09-05T00:00:00Z,
movies_6345,Q12998191,Top Hero,2010 Top Hero a Bangladeshi film directed by Montazur Rahman Akbar,2010-01-01T00:00:00Z,
movies_6346,Q13000063,Devullu,2000 Telugu film directed by Kodi Ramakrishna,2000-11-10T00:00:00Z,
movies_6347,Q13000859,Nagavalli,2010 film by P. Vasu,2010-01-01T00:00:00Z,
movies_6348,Q1300148,"Food, Inc.",American food industry documentary,2008-01-01T00:00:00Z,93.0
movies_6349,Q13003980,Boss,2006 Telugu film directed by V. N. Aditya,2006-01-01T00:00:00Z,
movies_6350,Q13004248,Bendu Apparao R.M.P,2009 Telugu comedy film directed by E. V. V. Satyanarayana,2009-01-01T00:00:00Z,
movies_6351,Q13004687,Broker,2010 Telugu film directed by R. P. Patnaik,2010-12-31T00:00:00Z,
movies_6352,Q13005506,Manasunna Maaraju,2000 Telugu Film by Muthyala Subbaiah,2000-01-01T00:00:00Z,
movies_6353,Q13005969,Maa Annayya,2000 film by Ravi Raja Pinisetty,2000-01-01T00:00:00Z,
movies_6354,Q13007054,Moguds-Pellams,2005 Telugu film directed by Ranganath,2005-10-29T00:00:00Z,
movies_6355,Q13007513,Ranam,2006 Telugu film,2006-01-01T00:00:00Z,
movies_6356,Q13007654,Rakhi,2006 film by Krishna Vamsi,2006-01-01T00:00:00Z,
movies_6357,Q13008157,Raraju,2006 film by K. R. Udhayashankar,2006-01-01T00:00:00Z,
movies_6358,Q13008704,Lakshyam,2007 Telugu film directed by Sriwass,2007-01-01T00:00:00Z,164.0
movies_6359,Q13010360,Shakti,2011 film by Meher Ramesh,2011-01-01T00:00:00Z,161.0
movies_6360,Q13011429,Siddham,2009 film by J. D. Chakravarthy,2009-01-01T00:00:00Z,
movies_6361,Q13011721,Super,2005 Telugu film directed by Puri Jagannadh,2005-01-01T00:00:00Z,
movies_6362,Q1301177,Prom Night,2008 film by Nelson McCormick,2008-04-10T00:00:00Z,88.0
movies_6363,Q13012321,Heaven's Seven,2002 film,2002-01-01T00:00:00Z,
movies_6364,Q1301240,Madhouse,2004 film by William Butler,2004-01-01T00:00:00Z,91.0
movies_6365,Q13012425,Yes or No 2,2012 film,2012-01-01T00:00:00Z,108.0
movies_6366,Q13014140,Jan Dara the Beginning,2012 film by M.L. Pundhevanop Dhewakul,2012-09-20T00:00:00Z,
movies_6367,Q13014386,Shambhala,2012 film,2012-01-01T00:00:00Z,
movies_6368,Q130147,Putih Abu-Abu dan Sepatu Kets,2009 film by Nayato Fio Nuala,2009-10-29T00:00:00Z,85.0
movies_6369,Q1302032,Chicken with Plums,2011 film directed by Marjane Satrapi and Vincent Paronnaud,2011-01-01T00:00:00Z,90.0
movies_6370,Q13024585,Countdown,2012 film by Nattawut Poonpiriya,2012-01-01T00:00:00Z,90.0
movies_6371,Q13025677,Memory,film,2008-01-01T00:00:00Z,91.0
movies_6372,Q130271,Live and Become,2005 film by Radu Mihăileanu,2005-01-01T00:00:00Z,135.0
movies_6373,Q1302735,Eierdiebe,2003 film by Robert Schwentke,2003-01-01T00:00:00Z,84.0
movies_6374,Q130297,Metroland,1997 film directed by Philip Saville,2000-12-21T00:00:00Z,105.0
movies_6375,Q130300189,Amsterdam,"Ensemble film about a rich American couple, a Dutch asocial family, a French gay couple, a German working class family and two illegal Moroccans in Amsterdam",2009-06-09T00:00:00Z,85.0
movies_6376,Q1303143,Eccentricities of a Blonde-haired Girl,2009 film by Manoel de Oliveira,2009-01-01T00:00:00Z,63.0
movies_6377,Q130348394,Rain,2020 film directed by Janno Jürgens,2020-01-01T00:00:00Z,98.0
movies_6378,Q130355125,Zumiriki,2018 film directed by Oskar Alegria,2020-09-25T00:00:00Z,122.0
movies_6379,Q13036287,Shooting Star,2016 film by Darrell Roodt,2016-04-22T00:00:00Z,92.0
movies_6380,Q1303634,Jacquou le Croquant,2007 film by Laurent Boutonnat,2007-01-01T00:00:00Z,128.0
movies_6381,Q13036463,'n Saak van Geloof,2011 film by Diony Kempen,2011-01-01T00:00:00Z,
movies_6382,Q13038178,Desnudos,Mexican film from 2004,2004-01-01T00:00:00Z,
movies_6383,Q130404717,Any Bullet Will Do,2018 film,2018-01-01T00:00:00Z,
movies_6384,Q130413469,Who am I?,Vietnamese short film 2004,2004-01-01T00:00:00Z,
movies_6385,Q1304144,First Sunday,2008 film directed by David E. Talbert,2008-01-01T00:00:00Z,94.0
movies_6386,Q1304536,A Secret,2007 film by Claude Miller,2007-01-01T00:00:00Z,105.0
movies_6387,Q130454101,"Sleep Easy, Hutch Rimes",2000 film directed by Matthew Irmas,2000-11-05T00:00:00Z,99.0
movies_6388,Q1304619,Kinamand,2005 film by Henrik Ruben Genz,2005-04-01T00:00:00Z,88.0
movies_6389,Q1304632,Tara Road,2005 film by Gillies MacKinnon,2005-05-11T00:00:00Z,94.0
movies_6390,Q1304675,Ein Hund kam in die Küche,2002 film by Xaver Schwarzenberger,2002-01-01T00:00:00Z,89.0
movies_6391,Q1304692,The Big Year,2011 film by David Frankel,2011-01-01T00:00:00Z,101.0
movies_6392,Q130469717,New Year's Eve Taxi 2,2019 film directed by Māris Martinsons,2019-12-06T00:00:00Z,84.0
movies_6393,Q1304731,Who Can Kill a Child?,1976 film by Narciso Ibáñez Serrador,2009-02-13T00:00:00Z,100.0
movies_6394,Q130474889,Chachchu,2006 film by F.I. Manik,2006-08-25T00:00:00Z,
movies_6395,Q1304778,Ein Leben lang kurze Hosen tragen,2002 film directed by Kai S. Pieck,2002-01-01T00:00:00Z,83.0
movies_6396,Q1304902,Fever Pitch,"2005 US film by Peter Farrelly, Bobby Farrelly",2005-04-06T00:00:00Z,103.0
movies_6397,Q1304948,The Closet,2001 film by Francis Veber,2001-01-01T00:00:00Z,84.0
movies_6398,Q1304955,A Man and His Dog,2008 film directed by Francis Huster,2008-01-01T00:00:00Z,94.0
movies_6399,Q1305119,Fool's Gold,2008 film directed by Andy Tennant,2008-02-07T00:00:00Z,112.0
movies_6400,Q1305159,The Children of the Marshland,1999 film directed by Jean Becker,2000-07-13T00:00:00Z,115.0
movies_6401,Q1305207,Four Last Songs,2007 film,2007-01-01T00:00:00Z,107.0
movies_6402,Q13052524,Garegin Nzhdeh,2013 Armenian biographical film by Hrachya Keshishyan,2013-01-28T00:00:00Z,
movies_6403,Q1305259,A Piece of Me,2008 film by Christoph Röhl,2008-01-01T00:00:00Z,85.0
movies_6404,Q1305267,Alive and Ticking,2011 film by Andi Rogenhagen,2011-07-07T00:00:00Z,86.0
movies_6405,Q1305268,Riding Alone for Thousands of Miles,2005 Japanese film directed by Zhang Yimou,2005-01-01T00:00:00Z,107.0
movies_6406,Q130529726,Minuit,2008 film by Fabienne Colas,2008-09-19T00:00:00Z,
movies_6407,Q13053435,Odnoklassniki,2010 film by Sergei Solovyov,2010-01-01T00:00:00Z,94.0
movies_6408,Q130543800,Beyonce: The President's Daughter,2006 Ghanese film,2006-01-01T00:00:00Z,
movies_6409,Q13054389,The Merry Bus,2001 film by Albert Mkrtchyan,2001-01-01T00:00:00Z,113.0
movies_6410,Q1305463,Runaway Horse,2007 film by Rainer Kaufmann,2007-01-01T00:00:00Z,96.0
movies_6411,Q13054960,Sunrise over Lake Van,2011 film,2011-01-01T00:00:00Z,93.0
movies_6412,Q1305595,Královský slib,2001 film,2001-01-01T00:00:00Z,90.0
movies_6413,Q13056826,Ontarjatra,2006 film directed by Tareque Masud and Catherine Masud,2006-01-01T00:00:00Z,
movies_6414,Q1305746,The In-Laws,2003 film directed by Andrew Fleming,2003-01-01T00:00:00Z,93.0
movies_6415,Q13057674,Khelaghor,film directed by Morshedul Islam,2006-03-26T00:00:00Z,
movies_6416,Q13057828,Chandragrohon,2008 film by Murad Parvez,2008-01-01T00:00:00Z,
movies_6417,Q1305784,New York Minute,2004 American film by Dennie Gordon,2004-05-01T00:00:00Z,91.0
movies_6418,Q13057909,Joyjatra,2004 film by Tauquir Ahmed,2004-01-01T00:00:00Z,
movies_6419,Q130582136,Alone We Fight,2018 film,2018-11-06T00:00:00Z,
movies_6420,Q13058745,Fera,2012 film directed by Proshoon Rahman,2012-08-13T00:00:00Z,
movies_6421,Q13059695,Lal Tip,2012 film directed by Swapan Ahmed,2012-01-01T00:00:00Z,
movies_6422,Q13059702,Lalsalu,2001 film by Tanvir Mokammel,2001-01-01T00:00:00Z,
movies_6423,Q13060281,Hridoyer Katha,2006 Bangladeshi movie directed by SA Haque Alik,2006-10-18T00:00:00Z,138.0
movies_6424,Q1306265,Le Divorce,2003 film,2003-01-01T00:00:00Z,112.0
movies_6425,Q1306297,A Family,2010 film by Pernille Fischer Christensen,2010-02-19T00:00:00Z,102.0
movies_6426,Q1306433,Eine Insel namens Udo,2011 film by Markus Sehr,2010-06-16T00:00:00Z,80.0
movies_6427,Q1306451,Map of the Sounds of Tokyo,2009 film,2009-01-01T00:00:00Z,103.0
movies_6428,Q130645238,Butak,2020 Malaysian drama film,2020-10-08T00:00:00Z,87.0
movies_6429,Q1306527,One Night at McCool's,2001 film by Harald Zwart,2001-01-01T00:00:00Z,89.0
movies_6430,Q1306553,Days of Being Wild,1990 film by Wong Kar-wai,2006-04-27T00:00:00Z,100.0
movies_6431,Q1306557,Room in Rome,2010 film directed by Julio Médem,2010-04-24T00:00:00Z,105.0
movies_6432,Q1306685,Offside,2005 film by Buket Alakuş,2005-01-19T00:00:00Z,103.0
movies_6433,Q1306776,Love's Brother,2004 film by Jan Sardi,2004-01-01T00:00:00Z,99.0
movies_6434,Q1306792,A Little Christmas Story,1999 film by Åsa Sjöström,2000-01-01T00:00:00Z,58.0
movies_6435,Q1306837,The Debt,2010 film by John Madden,2010-01-01T00:00:00Z,113.0
movies_6436,Q1306840,Things We Lost in the Fire,2007 film directed by Susanne Bier,2007-09-26T00:00:00Z,118.0
movies_6437,Q1306876,Road,2002 film by Rajat Mukherjee,2002-01-01T00:00:00Z,134.0
movies_6438,Q130741462,Greener Pastures,,2020-01-01T00:00:00Z,
movies_6439,Q130748647,Bao giờ có yêu nhau,Vietnamese film 2016,2009-05-12T00:00:00Z,
movies_6440,Q130748709,Tết này ai đến xông nhà,Vietnamese film 2002,2002-02-04T00:00:00Z,
movies_6441,Q130793219,Western Stars,2019 music documentary featuring Bruce Springsteen,2019-10-25T00:00:00Z,
movies_6442,Q1308367,Vous êtes de la police?,2007 film,2007-12-19T00:00:00Z,94.0
movies_6443,Q1308548,I'm with Lucy,2002 film by Jon Sherman,2002-01-01T00:00:00Z,87.0
movies_6444,Q1308592,100 Girls,2000 comedy film directed by Michael Davis,2000-01-01T00:00:00Z,94.0
movies_6445,Q1308652,Hide and Creep,2004 film,2004-09-23T00:00:00Z,85.0
movies_6446,Q13091441,5 cm,2012 film by Rizal Mantovani,2012-01-01T00:00:00Z,
movies_6447,Q130937912,Reluctantly Queer,short film directed by Akosua Adoma Owusu,2016-01-01T00:00:00Z,8.0
movies_6448,Q130952,"Have Dreams, Will Travel",2007 film,2007-01-01T00:00:00Z,85.0
movies_6449,Q13099348,"Norte, the End of History",2013 film by Lav Diaz,2013-01-01T00:00:00Z,250.0
movies_6450,Q13099407,The Maid,2005 Singaporean film directed by Kelvin Tong,2005-08-18T00:00:00Z,
movies_6451,Q13099455,The Maze Runner,2014 film directed by Wes Ball,2014-01-01T00:00:00Z,113.0
movies_6452,Q13100383,Boomerang Family,2013 film by Song Hae-seong,2013-05-09T00:00:00Z,112.0
movies_6453,Q131005410,Hai Bình làm thủy điện,Vietnamese film 2001,2001-04-22T00:00:00Z,
movies_6454,Q1310131,11/11/11,2011 film directed by Keith Allan,2011-11-01T00:00:00Z,82.0
movies_6455,Q13104396,Arabian Nights,2007 film directed by Paul Kieffer,2007-11-16T00:00:00Z,110.0
movies_6456,Q13104914,Draft Dodgers,2009 film,2009-01-01T00:00:00Z,97.0
movies_6457,Q13105184,Tabu: The Soul Is a Stranger on Earth,2011 film by Christoph Stark,2011-07-27T00:00:00Z,100.0
movies_6458,Q131074,The Lord of the Rings: The Return of the King,2003 film by Peter Jackson,2003-12-01T00:00:00Z,200.0
movies_6459,Q1310893,I Served the King of England,2006 film by Jiří Menzel,2006-12-21T00:00:00Z,120.0
movies_6460,Q13110256,Aayudham,2008 film directed by M. A. Nishad,2008-01-01T00:00:00Z,
movies_6461,Q13110569,Oomappenninu Uriyadappayyan,2002 Malayalam film directed by Vinayan,2002-01-01T00:00:00Z,
movies_6462,Q131108318,Ayna,2006 film by Kabori,2006-05-26T00:00:00Z,140.0
movies_6463,Q131108384,Eve Teasing,2013 film by Kazi Hayat,2013-09-06T00:00:00Z,
movies_6464,Q13111537,Pazhassi Raja,2009 Indian Malayalam-language Biographical Action Film,2009-10-16T00:00:00Z,
movies_6465,Q13112142,Jalachhayam,2010 film directed by Sathish Kalathil,2010-06-06T00:00:00Z,
movies_6466,Q13112816,Naran,2005 film directed by Joshiy,2005-09-03T00:00:00Z,
movies_6467,Q13113849,Madhuranombarakattu,2000 film directed by Kamal,2000-01-01T00:00:00Z,
movies_6468,Q13114183,Mullavalliyum Thenmavum,2003 film by V. K. Prakash,2003-01-01T00:00:00Z,
movies_6469,Q13114578,Violin,2011 film by Sibi Malayil,2011-01-01T00:00:00Z,
movies_6470,Q13115187,Salt N' Pepper,2011 film by Aashiq Abu,2011-01-01T00:00:00Z,
movies_6471,Q13115261,Hero,2012 film directed by Diphan,2012-01-01T00:00:00Z,
movies_6472,Q13115285,Agadbam,2010 film by Satish Motling,2010-12-18T00:00:00Z,
movies_6473,Q13115833,Densha Otoko,2005 film,2005-01-01T00:00:00Z,105.0
movies_6474,Q1311676,Do Fish Do It?,2002 German film by Almut Getto,2002-01-01T00:00:00Z,104.0
movies_6475,Q13118182,Katyar Kaljat Ghusali,2015 Marathi film directed by Subodh Bhave,2015-11-12T00:00:00Z,
movies_6476,Q1311890,About Elly,2009 film directed by Asghar Farhadi,2009-02-07T00:00:00Z,119.0
movies_6477,Q1312200,Miracle,2004 film directed by Gavin O'Connor,2004-02-06T00:00:00Z,136.0
movies_6478,Q1312427,Fida,2004 film by Ken Ghosh,2004-01-01T00:00:00Z,120.0
movies_6479,Q131273626,Once they were Stars!,2020 film by Malte Wirtz,2020-09-17T00:00:00Z,73.0
movies_6480,Q1312757,In Search of an Impotent Man,2003 film by John Henderson,2003-04-03T00:00:00Z,96.0
movies_6481,Q13127774,Dal: Yma/Nawr,2003 film by Marc Evans,2003-01-01T00:00:00Z,
movies_6482,Q1313095,Into the Mirror,2003 film,2003-01-01T00:00:00Z,113.0
movies_6483,Q1313453,Iron Island,2005 film by Mohammad Rasoulof,2005-01-01T00:00:00Z,90.0
movies_6484,Q1313498,Gangs,2009 film by Rainer Matsutani,2009-01-01T00:00:00Z,90.0
movies_6485,Q13135261,The Devil You Know,2013 film directed by James Oakley,2013-07-09T00:00:00Z,72.0
movies_6486,Q1313530,Riding in Cars with Boys,2001 film directed by Penny Marshall,2001-10-19T00:00:00Z,126.0
movies_6487,Q131376448,"10,000 Days",,2014-11-23T00:00:00Z,91.0
movies_6488,Q131377967,Vũ điệu tử thần,Vietnamese film 2007,2007-08-11T00:00:00Z,
movies_6489,Q131390,300,2007 film directed by Zack Snyder,2006-01-01T00:00:00Z,116.0
movies_6490,Q1314107,The Lost Bladesman,"2011 film by Alan Mak, Felix Chong",2011-01-01T00:00:00Z,107.0
movies_6491,Q1314206,Szöke kóla,2005 film,2005-01-01T00:00:00Z,
movies_6492,Q1314212,Lost Junction,2003 film by Peter Masterson,2003-01-01T00:00:00Z,92.0
movies_6493,Q13142558,Someone Like Me,2012 film by Xavier Koller,2012-01-01T00:00:00Z,111.0
movies_6494,Q1314279,Not the Bradys XXX,2007 film by Will Ryder,2007-09-18T00:00:00Z,134.0
movies_6495,Q131446213,Project Dreams: How to Build Mazinger Z's Hangar,2020 film directed by Tsutomu Hanabusa,2020-01-31T00:00:00Z,
movies_6496,Q13152993,Monsoon Shootout,2013 film by Amit Kumar,2013-05-18T00:00:00Z,86.0
movies_6497,Q131531679,Kus me zachtjes,2012 Short film directed by Anthony Schatteman,2012-01-01T00:00:00Z,
movies_6498,Q131541469,My Family Tree,,2013-09-27T00:00:00Z,74.0
movies_6499,Q131548543,Cliffside,short 2018,2018-05-20T00:00:00Z,12.0
movies_6500,Q131553531,A Loss of Something Ever Felt,2020 film directed by Carlos Eduardo Lesmes Lopéz,2020-01-01T00:00:00Z,82.0
movies_6501,Q131566747,Ong Ngoai Tuoi 30,2018 Vietnamese film,2018-03-30T00:00:00Z,
movies_6502,Q131566782,Grave Torture,2012 Indonesian short film,2012-01-01T00:00:00Z,
movies_6503,Q131577055,Viking Legend,,2002-01-01T00:00:00Z,134.0
movies_6504,Q13158079,Anna Thangi,2005 film by Sai Prakash,2005-01-01T00:00:00Z,
movies_6505,Q13158085,Athiratha,2017 film directed by Mahesh Babu,2017-11-24T00:00:00Z,
movies_6506,Q13158212,Avva,2008 film by Kavitha Lankesh,2008-01-01T00:00:00Z,
movies_6507,Q1315829,"Tada, Kimi o Aishiteru",2006 film by Takehiko Shinjō,2006-10-28T00:00:00Z,116.0
movies_6508,Q13158470,Excuse Me,2003 film directed by Prem,2003-12-05T00:00:00Z,
movies_6509,Q13158986,Kothigalu Saar Kothigalu,2001 film by Rajendra Singh Babu,2001-12-28T00:00:00Z,
movies_6510,Q13159025,Kshana Kshana,2007 film by Sunil Kumar Desai,2007-01-01T00:00:00Z,
movies_6511,Q13159080,Gaalipata,2008 film by Yogaraj Bhat,2008-01-01T00:00:00Z,
movies_6512,Q13159326,Jamindaru,2002 film by S. Narayan,2002-01-01T00:00:00Z,
movies_6513,Q13159418,Tony,2013 film by Jayatheertha,2013-01-01T00:00:00Z,
movies_6514,Q13159905,Parva,2002 film directed by Sunil Kumar Desai,2002-01-01T00:00:00Z,
movies_6515,Q13160774,Yejamana,2000 film by Radha Bharathi,2000-01-01T00:00:00Z,
movies_6516,Q13160861,Raja Narasimha,2003 film by Muthyala Subbaiah,2003-03-21T00:00:00Z,
movies_6517,Q13161451,Sahukara,2004 film by Om Prakash Rao,2004-09-24T00:00:00Z,
movies_6518,Q13161775,Hrudayavantha,2003 film by P. Vasu,2003-10-02T00:00:00Z,
movies_6519,Q131625916,Face to Face,2015 television film directed by Bragi Þór Hinriksson,2015-12-13T00:00:00Z,62.0
movies_6520,Q131629516,[A Merciful Lie],2019 film,2019-01-01T00:00:00Z,28.0
movies_6521,Q131629585,Fastest Delorean in the World,2018 film,2018-01-01T00:00:00Z,96.0
movies_6522,Q13166185,Miss Sweden,2004 film by Tova Magnusson,2004-01-01T00:00:00Z,92.0
movies_6523,Q1316883,Return to House on Haunted Hill,2007 film by Víctor García,2007-10-03T00:00:00Z,78.0
movies_6524,Q1317743,Shark Night,2011 film directed by David R. Ellis,2011-01-01T00:00:00Z,91.0
movies_6525,Q131864,Dr. Seuss' How the Grinch Stole Christmas,2000 film directed by Ron Howard,2000-11-08T00:00:00Z,101.0
movies_6526,Q131872441,Love Me Tender,2019 film by Klaudia Reynicke,2019-08-09T00:00:00Z,83.0
movies_6527,Q1319632,The Penguins of Madagascar: Operation: DVD Premiere,2010 film by Bret Haaland,2010-01-01T00:00:00Z,
movies_6528,Q1319856,Catch that girl,2002 film by Hans Fabian Wullenweber,2002-01-25T00:00:00Z,87.0
movies_6529,Q1319945,Honey 2,2011 film by Bille Woodruff,2011-01-01T00:00:00Z,110.0
movies_6530,Q1319963,The Heart Is Deceitful Above All Things,2004 film by Asia Argento,2004-01-01T00:00:00Z,97.0
movies_6531,Q1320016,Innocent Steps,2005 South Korean film directed by Park Young-hoon,2005-01-01T00:00:00Z,
movies_6532,Q1320026,Forces spéciales,2011 film by Stéphane Rybojad,2011-11-02T00:00:00Z,109.0
movies_6533,Q1320039,Thelomeris,2011 film directed by Balázs Hatvani,2011-01-01T00:00:00Z,
movies_6534,Q1320336,Moordwijven,2007 film directed by Dick Maas,2007-01-01T00:00:00Z,100.0
movies_6535,Q1320416,Killer Elite,2011 film by Gary McKendry,2011-09-23T00:00:00Z,116.0
movies_6536,Q1320713,Hysteria,2011 film by Tanya Wexler,2011-09-15T00:00:00Z,99.0
movies_6537,Q1320806,Mirrors,2008 film directed by Alexandre Aja,2008-01-01T00:00:00Z,111.0
movies_6538,Q1320875,Premium Rush,2012 film directed by David Koepp,2012-08-23T00:00:00Z,91.0
movies_6539,Q1320949,Warm Water Under a Red Bridge,2001 film by Shōhei Imamura,2001-01-01T00:00:00Z,122.0
movies_6540,Q1320997,Gulliver's Travels,2010 film directed by Rob Letterman,2010-12-25T00:00:00Z,87.0
movies_6541,Q1321004,You Will Meet a Tall Dark Stranger,2010 film directed by Woody Allen,2010-01-01T00:00:00Z,98.0
movies_6542,Q1321023,Some Kind of Monster,2004 film by Joe Berlinger and Bruce Sinofsky,2004-01-21T00:00:00Z,141.0
movies_6543,Q132128106,Deliver Us,2016 Filipino film,2016-07-02T00:00:00Z,
movies_6544,Q132128237,Lila,2016 Filipino film,2016-04-22T00:00:00Z,
movies_6545,Q132128277,Ibong Adarna: The Pinoy Adventure,2014 Filipino fantasy film,2014-10-01T00:00:00Z,
movies_6546,Q132128305,Bertud ng Putik,2003 Filipino action film,2003-06-11T00:00:00Z,
movies_6547,Q132132986,Chitrokar,2016 Indian film directed by Saibal Mitra,2016-11-22T00:00:00Z,
movies_6548,Q132134,Goal III: Taking on the World,2009 film by Andy Morahan,2009-01-01T00:00:00Z,92.0
movies_6549,Q1321370,The Words,2012 film by Brian Klugman and Lee Sternthal,2012-01-01T00:00:00Z,102.0
movies_6550,Q1321387,Then She Found Me,2007 film by Helen Hunt,2007-01-01T00:00:00Z,97.0
movies_6551,Q1321406,Protégé,2007 film by Derek Yee,2007-01-01T00:00:00Z,111.0
movies_6552,Q1321503,Before the Devil Knows You're Dead,2007 US film directed by Sidney Lumet,2007-01-01T00:00:00Z,117.0
movies_6553,Q13217284,Vampire Academy: Blood Sisters,2014 film directed by Mark Waters,2014-02-07T00:00:00Z,105.0
movies_6554,Q13218136,Blood Pressure,2012 film directed by Sean Garrity,2012-01-01T00:00:00Z,
movies_6555,Q1321814,The Hitcher,2007 film by Dave Meyers,2007-01-19T00:00:00Z,84.0
movies_6556,Q13218237,A Touch of Sin,2013 film by Jia Zhangke,2013-05-17T00:00:00Z,130.0
movies_6557,Q13218260,"Like Father, Like Son",2013 film by Hirokazu Koreeda,2013-05-18T00:00:00Z,120.0
movies_6558,Q13218545,Montage,2013 South Korean film,2013-01-01T00:00:00Z,115.0
movies_6559,Q1321885,No Regrets,2001 film by Benjamin Quabeck,2001-01-01T00:00:00Z,100.0
movies_6560,Q13219141,Wait 'til You're Older,2005 film by Teddy Chan,2005-01-01T00:00:00Z,92.0
movies_6561,Q132192836,Ridskolan 2: Sexskolan,2003 Swedish pornographic film directed by Mike Beck,2003-02-10T00:00:00Z,2.7
movies_6562,Q132192837,Ridskolan 3: Skidskolan,2005 Swedish pornographic film directed by Mike Beck,2005-01-01T00:00:00Z,2.9
movies_6563,Q132192838,Ridskolan 4: Hälsoskolan,2007 Swedish pornographic film directed by Mike Beck,2007-01-01T00:00:00Z,2.1
movies_6564,Q132192839,Ridskolan 5: Bilskolan,2007 Swedish pornographic film directed by Mike Beck,2007-01-01T00:00:00Z,1.52
movies_6565,Q13222089,Jane Got a Gun,2015 film by Gavin O'Connor,2015-01-01T00:00:00Z,98.0
movies_6566,Q132245,Act of Valor,2012 film directed by Mike McCoy and Scott Waugh,2012-01-01T00:00:00Z,111.0
movies_6567,Q13224620,Entropiya,2012 film directed by Mariya Saakyan,2012-01-01T00:00:00Z,75.0
movies_6568,Q13224625,Flowers for Algernon,2000 American-Canadian television film directed by Jeff Bleckner,2000-01-01T00:00:00Z,91.0
movies_6569,Q13224669,UKM: The Ultimate Killing Machine,2006 film,2006-01-01T00:00:00Z,85.0
movies_6570,Q132266,Fun with Dick and Jane,2005 film by Dean Parisot,2005-12-21T00:00:00Z,90.0
movies_6571,Q1322664,Glass House: The Good Mother,2006 film by Steve Antin,2006-01-01T00:00:00Z,90.0
movies_6572,Q13226899,Playing It Cool,2014 film by Justin Reardon,2014-01-01T00:00:00Z,91.0
movies_6573,Q1322844,Rob-B-Hood,2006 film by Benny Chan,2006-01-01T00:00:00Z,136.0
movies_6574,Q1322906,Centurion,2010 film directed by Neil Marshall,2010-01-01T00:00:00Z,95.0
movies_6575,Q1322943,The Majestic,2001 film by Frank Darabont,2001-01-01T00:00:00Z,146.0
movies_6576,Q13229518,The German Doctor,2013 film by Lucía Puenzo,2013-05-21T00:00:00Z,93.0
movies_6577,Q1322981,The Reaping,2007 film by Stephen Hopkins,2007-01-01T00:00:00Z,99.0
movies_6578,Q1323227,Retrograde,2004 film,2004-01-01T00:00:00Z,89.0
movies_6579,Q1323303,The Tree,2010 film by Julie Bertuccelli,2010-01-01T00:00:00Z,100.0
movies_6580,Q1323419,The Abandoned,2006 film directed by Nacho Cerdà,2006-01-01T00:00:00Z,95.0
movies_6581,Q1323500,The Last Warrior,2000 film directed by Sheldon Lettich,2000-01-01T00:00:00Z,91.0
movies_6582,Q132374,Inspector Gadget 2,2003 comedy film directed by Alex Zamm,2003-01-01T00:00:00Z,85.0
movies_6583,Q1324090,Shadow of the Vampire,2000 film by E. Elias Merhige,2000-01-01T00:00:00Z,91.0
movies_6584,Q132434327,Kabin Nama,2007 film by Shahadat Hossain Liton,2007-12-21T00:00:00Z,
movies_6585,Q1324517,The Prize,2011 film by Paula Markovitch,2011-02-11T00:00:00Z,115.0
movies_6586,Q1324620,The Haunted World of El Superbeasto,2009 film by Rob Zombie,2009-01-01T00:00:00Z,74.0
movies_6587,Q1324641,Maria Full of Grace,2004 film by Joshua Marston,2004-01-18T00:00:00Z,97.0
movies_6588,Q1324705,The Year of the Flood,2004 film by Jaime Chávarri,2004-04-24T00:00:00Z,92.0
movies_6589,Q132500957,"Kevin, NO!",,2020-11-19T00:00:00Z,17.0
movies_6590,Q1325503,Nomad,2005 historical epic film from Kazakhstan,2005-01-01T00:00:00Z,122.0
movies_6591,Q132553201,Xtreme Limit,Thai movie,2004-01-01T00:00:00Z,
movies_6592,Q13255497,Birdman,2014 film by Alejandro González Iñárritu,2014-08-27T00:00:00Z,119.0
movies_6593,Q1325815,"Harry, He's Here to Help",2000 film by Dominik Moll,2000-08-15T00:00:00Z,117.0
movies_6594,Q1325828,The Santa Clause 3: The Escape Clause,2006 film by Michael Lembeck,2006-11-02T00:00:00Z,98.0
movies_6595,Q1326153,Norwegian Ninja,2010 film by Thomas Cappelen Malling,2010-08-13T00:00:00Z,80.0
movies_6596,Q1326380,Elegy,2008 film directed by Isabel Coixet,2008-01-01T00:00:00Z,106.0
movies_6597,Q1326419,King's Game,2004 film by Nikolaj Arcel,2005-10-01T00:00:00Z,106.0
movies_6598,Q1326554,The Invisible Circus,2001 film by Adam Brooks,2001-01-01T00:00:00Z,93.0
movies_6599,Q132690387,V Adamovom rúchu,2015 Slovak film,2015-01-01T00:00:00Z,
movies_6600,Q1327078,My Little Princess,2010 film by Eva Ionesco,2010-01-01T00:00:00Z,135.0
movies_6601,Q1327370,How to Lose a Guy in 10 Days,2003 film by Donald Petrie,2003-01-27T00:00:00Z,111.0
movies_6602,Q1327671,Enter the Void,2009 film directed by Gaspar Noé,2009-01-01T00:00:00Z,161.0
movies_6603,Q1327845,After the Wedding,2006 film directed by Susanne Bier,2006-02-24T00:00:00Z,119.0
movies_6604,Q1328286,Niceland,2004 film by Friðrik Þór Friðriksson,2004-01-01T00:00:00Z,86.0
movies_6605,Q1328559,Slow Burn,2000 film,2000-01-01T00:00:00Z,93.0
movies_6606,Q1329381,All About Lily Chou-Chou,2001 film by Shunji Iwai,2001-09-07T00:00:00Z,146.0
movies_6607,Q1329527,Elina: As If I Wasn't There,2002 Swedish-Finnish film directed by Klaus Härö,2002-11-17T00:00:00Z,77.0
movies_6608,Q1330571,Rumor Has It,2005 film directed by Rob Reiner,2005-12-22T00:00:00Z,96.0
movies_6609,Q1330582,Keeping the Faith,2000 film directed by Edward Norton,2000-04-14T00:00:00Z,128.0
movies_6610,Q1330845,Jenna Haze Dark Side,2006 film by Jules Jordan,2006-01-01T00:00:00Z,237.0
movies_6611,Q1331014,Sahara,2005 film directed by Breck Eisner,2005-04-04T00:00:00Z,124.0
movies_6612,Q1331329,Slackers,2002 film by Dewey Nicks,2002-01-01T00:00:00Z,78.0
movies_6613,Q1331978,Ichi the Killer,2001 film by Takashi Miike,2001-01-01T00:00:00Z,129.0
movies_6614,Q1332163,Ellie Parker,2005 film by Scott Coffey,2005-01-01T00:00:00Z,95.0
movies_6615,Q1332174,Mother's Elling,2003 film by Eva Isaksen,2003-01-01T00:00:00Z,78.0
movies_6616,Q1332183,Elsk meg i morgen,2005 film by Petter Næss,2005-01-01T00:00:00Z,90.0
movies_6617,Q1332469,Spread,2009 film by David Mackenzie,2009-01-01T00:00:00Z,97.0
movies_6618,Q1332491,Allegro,2005 film by Christoffer Boe,2005-09-30T00:00:00Z,88.0
movies_6619,Q133254908,Panic,Hungarian film by Attila Till (2008),2008-03-06T00:00:00Z,90.0
movies_6620,Q1332550,Milenge Milenge,2010 film by Satish Kaushik,2010-01-01T00:00:00Z,110.0
movies_6621,Q133260496,Ah Beng: Mission Impossible,2014 Malaysian film,2014-01-01T00:00:00Z,
movies_6622,Q1333199,Hardcover,2008 film by Christian Zübert,2008-01-01T00:00:00Z,92.0
movies_6623,Q1333403,Elsa & Fred,2005 film by Marcos Carnevale,2005-11-11T00:00:00Z,108.0
movies_6624,Q1334320,Elvis Has Left the Building,2004 film directed by Joel Zwick,2004-01-01T00:00:00Z,90.0
movies_6625,Q1334324,Elvis XXX – A Porn Parody,2011 parody porn film directed by Axel Braun,2011-01-01T00:00:00Z,90.0
movies_6626,Q133442414,Kuyov jo‘ra,,2015-01-01T00:00:00Z,
movies_6627,Q133449014,Satan Was a Lady,2001 film by Doris Wishman,2001-01-01T00:00:00Z,80.0
movies_6628,Q1334550,Kate & Leopold,2001 film directed by James Mangold,2001-01-01T00:00:00Z,114.0
movies_6629,Q133464,The Moon and Other Lovers,2008 film by Bernd Böhlich,2008-01-01T00:00:00Z,101.0
movies_6630,Q1334776,Samba in Mettmann,2004 film by Angelo Colagrossi,2004-01-01T00:00:00Z,83.0
movies_6631,Q1334930,The Shipping News,2001 film by Lasse Hallström,2001-01-01T00:00:00Z,106.0
movies_6632,Q133502290,Countdown,2000 Iraqi film,2000-01-01T00:00:00Z,
movies_6633,Q1335092,Cairo 678,2010 film by Mohamed Diab,2010-01-01T00:00:00Z,100.0
movies_6634,Q1335279,Paranormal Activity 2: Tokyo Night,2010 film by Toshikazu Nagae,2010-01-01T00:00:00Z,90.0
movies_6635,Q13360029,Max Rose,2013 film by Daniel Noah,2013-01-01T00:00:00Z,83.0
movies_6636,Q1336293,Boiler Room,2000 film by Ben Younger,2000-01-01T00:00:00Z,120.0
movies_6637,Q1336326,The Turin Horse,"2011 film by Béla Tarr, Ágnes Hranitzky",2011-02-15T00:00:00Z,146.0
movies_6638,Q1336344,Naked Harbour,2012 film by Aku Louhimies,2012-02-03T00:00:00Z,122.0
movies_6639,Q13364726,Christmas Rose,2013 Hong Kong film,2013-01-01T00:00:00Z,90.0
movies_6640,Q1336622,Reel Bad Arabs,2006 film by Sut Jhally,2006-01-01T00:00:00Z,50.0
movies_6641,Q133696533,Stories of Strength and Hope: Preventing Youth Suicide,2018 documentary short film by Max Hechtman,2018-05-16T00:00:00Z,12.0
movies_6642,Q1337009,Ring 0: Birthday,2000 film by Noroi Tsuruta,2000-01-22T00:00:00Z,95.0
movies_6643,Q13370392,Escape to Budapest,2002 film by Miloslav Luther,2002-01-01T00:00:00Z,138.0
movies_6644,Q13370821,The Missing Picture,2013 film by Rithy Panh,2013-05-19T00:00:00Z,92.0
movies_6645,Q13370925,The Summer of Flying Fish,2013 film by Marcela Said,2013-05-20T00:00:00Z,87.0
movies_6646,Q1337306,Crazy/Beautiful,2001 film by John Stockwell,2001-01-01T00:00:00Z,95.0
movies_6647,Q1337415,Paragraph 78,2007 film by Mikhail Khleborodov,2007-02-21T00:00:00Z,185.0
movies_6648,Q13374569,Need for Speed,2014 film directed by Scott Waugh,2014-03-12T00:00:00Z,130.0
movies_6649,Q1337485,Exorcist: The Beginning,2004 film by Renny Harlin,2004-08-18T00:00:00Z,116.0
movies_6650,Q13380361,The Selfish Giant,2013 film directed by Clio Barnard,2013-05-16T00:00:00Z,91.0
movies_6651,Q13380366,"Me, Myself and Mum",2013 film by Guillaume Gallienne,2013-05-20T00:00:00Z,85.0
movies_6652,Q13380371,Henri,2013 film by Yolande Moreau,2013-05-24T00:00:00Z,103.0
movies_6653,Q13380375,Blue Ruin,2013 film directed by Jeremy Saulnier,2013-01-01T00:00:00Z,94.0
movies_6654,Q13380384,A Strange Course of Events,2013 film,2013-01-01T00:00:00Z,98.0
movies_6655,Q1338266,My Boss's Daughter,2003 film by David Zucker,2003-01-01T00:00:00Z,83.0
movies_6656,Q133829936,Mười ba bến nước,2009 Vietnamese direct to video,2009-01-01T00:00:00Z,84.0
movies_6657,Q13383501,Intersections,2013 film by David Marconi,2013-01-01T00:00:00Z,101.0
movies_6658,Q1338368,Somewhere,2010 film directed by Sofia Coppola,2010-09-11T00:00:00Z,98.0
movies_6659,Q13385946,The Raid 2,2014 film by Gareth Evans,2014-01-21T00:00:00Z,150.0
movies_6660,Q133865582,Behind the Wheels,2017 Nigerian drama film,2017-01-01T00:00:00Z,
movies_6661,Q133885811,Dangerous Animals,2025 film directed by Sean Byrne,2005-09-18T00:00:00Z,
movies_6662,Q1338994,Hostel: Part III,2011 film by Scott Spiegel,2011-01-01T00:00:00Z,88.0
movies_6663,Q1339013,The Cold Light of Day,2012 film directed by Mabrouk El Mechri,2012-04-04T00:00:00Z,94.0
movies_6664,Q1339069,The Border,2007 Finnish-Russian war drama film directed by Lauri Törhönen,2007-01-01T00:00:00Z,114.0
movies_6665,Q1339351,Naked,2002 film by Doris Dörrie,2002-09-02T00:00:00Z,100.0
movies_6666,Q1339386,Employee of the Month,2006 film by Greg Coolidge,2006-10-06T00:00:00Z,103.0
movies_6667,Q13393950,My Little Pony: Equestria Girls,2013 Canadian-American film directed by Jayson Thiessen,2013-06-16T00:00:00Z,73.0
movies_6668,Q1339513,Pushing Tin,1999 film by Mike Newell,2000-01-22T00:00:00Z,124.0
movies_6669,Q1339876,En garde,2004 film by Ayşe Polat,2004-01-01T00:00:00Z,94.0
movies_6670,Q1339911,En Soap,2006 Danish comedy film directed by Pernille Fischer Christensen,2006-04-07T00:00:00Z,104.0
movies_6671,Q1340087,Skyline,2010 film by Greg and Colin Strause,2010-11-11T00:00:00Z,100.0
movies_6672,Q13402780,Shooting the Sun,2009 film by Pål Jackman,2009-01-01T00:00:00Z,
movies_6673,Q13402879,Two Lives,2012 film by Georg Maas and Judith Kaufmann,2012-10-19T00:00:00Z,97.0
movies_6674,Q13402887,Day and Night,2010 film by Sabine Derflinger,2010-01-01T00:00:00Z,101.0
movies_6675,Q13403118,Gagarin: First in Space,2013 film directed by Pavel Parkhomenko,2013-06-06T00:00:00Z,109.0
movies_6676,Q1340390,Bangkok Love Story,2007 film by Poj Arnon,2007-09-13T00:00:00Z,110.0
movies_6677,Q1340423,Endgame,2007 film directed by Alex Jones,2007-01-01T00:00:00Z,139.0
movies_6678,Q13405854,Penny's Shadow,2011 film by Steven de Jong,2011-06-08T00:00:00Z,
movies_6679,Q13406092,Matterhorn,2013 film by Diederik Ebbinge,2013-01-27T00:00:00Z,90.0
movies_6680,Q13406147,Particle,2012 film,2012-01-01T00:00:00Z,80.0
movies_6681,Q13407985,Back in Crime,2013 film directed by Germinal Alvarez,2013-04-06T00:00:00Z,102.0
movies_6682,Q13409586,"If You Don't, I Will",2014 film by Sophie Fillières,2014-01-01T00:00:00Z,102.0
movies_6683,Q13410435,Mamaroš,2013 film,2013-06-25T00:00:00Z,
movies_6684,Q1341116,Enemies of Happiness,2006 film by Eva Mulvad,2006-01-01T00:00:00Z,58.0
movies_6685,Q13411282,"Fulmaya, děvčátko s tenkýma nohama",2013 film,2013-05-23T00:00:00Z,76.0
movies_6686,Q13414839,Freier Fall,2013 film by Stephan Lacant,2013-02-08T00:00:00Z,100.0
movies_6687,Q13417189,Interstellar,2014 film by Christopher Nolan,2014-10-26T00:00:00Z,169.0
movies_6688,Q1341806,Angels with Dirty Wings,2009 film by Roland Reber,2009-01-01T00:00:00Z,90.0
movies_6689,Q1341843,Angels of the Universe,2000 film by Friðrik Þór Friðriksson,2000-01-01T00:00:00Z,102.0
movies_6690,Q13420173,Moscow Chill,2007 film,2007-01-01T00:00:00Z,92.0
movies_6691,Q13420995,AE: Apocalypse Earth,2013 American science fiction film directed by Thunder Levin,2013-01-01T00:00:00Z,87.0
movies_6692,Q1342121,The Specials,2000 film directed by Craig Mazin,2000-01-01T00:00:00Z,79.0
movies_6693,Q13422356,5 Sundarikal,2013 film,2013-06-22T00:00:00Z,140.0
movies_6694,Q1342267,A Thousand Years of Good Prayers,2007 film by Wayne Wang,2007-01-01T00:00:00Z,83.0
movies_6695,Q13423398,Ilo Ilo,2013 Singaporean film directed by Anthony Chen,2013-05-19T00:00:00Z,99.0
movies_6696,Q13423399,The Lunchbox,2013 film by Ritesh Batra,2013-05-19T00:00:00Z,105.0
movies_6697,Q13423400,The Kings of Summer,2013 film by Jordan Vogt-Roberts,2013-01-19T00:00:00Z,91.0
movies_6698,Q13423538,The Military Man,2013 film by Noël Mitrani,2013-01-01T00:00:00Z,
movies_6699,Q13423790,Insidious: Chapter 2,2013 film directed by James Wan,2013-09-13T00:00:00Z,105.0
movies_6700,Q13424008,La carbonara,2000 film by Luigi Magni,2000-01-01T00:00:00Z,105.0
movies_6701,Q13424079,Screamers: The Hunting,2009 film by Sheldon Wilson,2009-02-17T00:00:00Z,91.0
movies_6702,Q13424124,Blues for Willadean,2012 film by Del Shores,2012-01-01T00:00:00Z,113.0
movies_6703,Q13424171,See You Tomorrow,2013 film by Andrea Zaccariello,2013-04-11T00:00:00Z,105.0
movies_6704,Q13424198,La mia mamma suona il rock,2013 film by Massimo Ceccherini,2013-01-01T00:00:00Z,90.0
movies_6705,Q13424233,There Will Come a Day,2013 film by Giorgio Diritti,2013-01-21T00:00:00Z,110.0
movies_6706,Q13424245,A Five Star Life,2013 film by Maria Sole Tognazzi,2013-01-01T00:00:00Z,85.0
movies_6707,Q13424932,Blackhat,2015 film directed by Michael Mann,2015-01-01T00:00:00Z,133.0
movies_6708,Q1342540,To Save a Life,2009 film directed by Brian Baugh,2009-01-01T00:00:00Z,115.0
movies_6709,Q13425500,Fragile Identity,2012 film by Zuzana Piussi,2012-01-01T00:00:00Z,70.0
movies_6710,Q13425894,The Woman with a Broken Nose,2010 film directed by Srđan Koljević,2010-01-01T00:00:00Z,100.0
movies_6711,Q13426372,Intimate Parts,2013 film directed by Natalya Merkulova,2013-06-05T00:00:00Z,80.0
movies_6712,Q13427541,"20 Lies, 4 Parents and a Little Egg",2013 film by Hanro Smitsman,2013-03-16T00:00:00Z,78.0
movies_6713,Q134281968,Vũ điệu đam mê,Vietnamese musical 2010 movie,2010-10-08T00:00:00Z,
movies_6714,Q13429057,Upstream,2009 Dutch film,2009-10-08T00:00:00Z,
movies_6715,Q134306023,Người trở về,Vietnamese film 2015,2015-08-27T00:00:00Z,
movies_6716,Q134306040,Rượu cần đêm mưa,Vietnamese video film 2008,2008-01-01T00:00:00Z,
movies_6717,Q1343328,"Gandhi, My Father",2007 film by Feroz Abbas Khan,2007-01-01T00:00:00Z,136.0
movies_6718,Q134337806,Keep My Will,2007 drama film,2007-01-01T00:00:00Z,
movies_6719,Q13433792,Cyril and Methodius: The Apostles of the Slavs,2013 film directed by Petr Nikolaev,2013-05-31T00:00:00Z,52.0
movies_6720,Q1343478,Flipped,2010 film by Rob Reiner,2010-09-10T00:00:00Z,86.0
movies_6721,Q134350226,Cải ơi!,Vietnamese tv-movie,2007-02-04T00:00:00Z,
movies_6722,Q134350238,Ba lẻ một,Vietnamese tv-movie 2000,2000-01-01T00:00:00Z,
movies_6723,Q134350252,Vào Nam ra Bắc,Vietnamese movie 2000,2000-01-01T00:00:00Z,
movies_6724,Q13435066,The Butterfly Room,2012 film by Gionata Zarantonello,2012-01-01T00:00:00Z,87.0
movies_6725,Q13435412,Brick Mansions,2014 film directed by Camille Delamarre,2014-04-23T00:00:00Z,90.0
movies_6726,Q1343567,Kooky,2010 film by Jan Svěrák,2010-01-01T00:00:00Z,96.0
movies_6727,Q13435931,The Ideal City,2012 film by Luigi Lo Cascio,2012-01-01T00:00:00Z,105.0
movies_6728,Q13439455,Welcome Home,2004 Austrian film directed by Andreas Gruber,2004-10-29T00:00:00Z,
movies_6729,Q134405478,Nnenda,2009 Nigerian film,2009-12-04T00:00:00Z,
movies_6730,Q1344190,Enron: The Smartest Guys in the Room,2005 documentary film on the rise and fall of the company directed by Alex Gibney,2005-01-01T00:00:00Z,109.0
movies_6731,Q134430193,Olokiki Oru,Nigeria film,2019-05-31T00:00:00Z,180.0
movies_6732,Q134436647,Victims,Nigeria film 2017,2017-11-01T00:00:00Z,146.0
movies_6733,Q134445526,Article 15 bis,2000 short film directed by Balufu Bakupa-Kanyinda,2000-01-01T00:00:00Z,15.0
movies_6734,Q134446202,Omo University,2015 Nigerian film,2015-01-22T00:00:00Z,
movies_6735,Q13446439,Buitenspel,"2005 film by Jan Verheyen, Pieter Van Hees",2005-12-21T00:00:00Z,90.0
movies_6736,Q1344968,A Samba for Sherlock,"2001 film by Miguel Faria, Jr.",2001-09-27T00:00:00Z,124.0
movies_6737,Q134498216,NovemberOslo,2020 Norwegian film directed by Gianluca Iumiento,2020-10-16T00:00:00Z,71.0
movies_6738,Q1345077,Step Brothers,2008 film by Adam McKay,2008-07-25T00:00:00Z,105.0
movies_6739,Q1345585,Breach,2007 film by Billy Ray,2007-01-01T00:00:00Z,110.0
movies_6740,Q134578140,Đứa con vùng đồi,2002 Vietnamese TV movie,2002-01-01T00:00:00Z,
movies_6741,Q13459735,Amiche da morire,2013 film by Giorgia Farina,2013-03-07T00:00:00Z,103.0
movies_6742,Q13460552,Home Sweet Home,2013 film by David Morlet,2013-03-31T00:00:00Z,82.0
movies_6743,Q1346062,Her Name Is Sabine,2008 film by Sandrine Bonnaire,2008-01-01T00:00:00Z,85.0
movies_6744,Q134607916,The Taste of Life,2016 film by Can Tanyol,2017-01-01T00:00:00Z,16.0
movies_6745,Q13461979,Kotoko,2011 Japanese film directed by Shinya Tsukamoto,2011-09-08T00:00:00Z,91.0
movies_6746,Q1346258,The Box,2009 film directed by Richard Kelly,2009-01-01T00:00:00Z,115.0
movies_6747,Q134631825,The Adopters,2019 film by Daniel Gimelberg,2019-01-01T00:00:00Z,105.0
movies_6748,Q1346335,Salami Aleikum,2009 film by Ali Samadi Ahadi,2009-01-01T00:00:00Z,106.0
movies_6749,Q1346495,SuperClásico,2011 film directed by Ole Christian Madsen,2011-03-17T00:00:00Z,98.0
movies_6750,Q1346535,Someone Like You,2001 film by Tony Goldwyn,2001-01-01T00:00:00Z,97.0
movies_6751,Q1346583,The Sisters,2005 film by Arthur Allan Seidelman,2005-04-23T00:00:00Z,113.0
movies_6752,Q1346729,The Nanny Diaries,2007 film directed by Shari Springer Berman and Robert Pulcini,2007-08-24T00:00:00Z,105.0
movies_6753,Q13469360,Niente può fermarci,2013 film by Luigi Cecinelli,2013-01-01T00:00:00Z,91.0
movies_6754,Q1346982,The Glass House,2001 American film by Daniel Sackheim,2001-01-01T00:00:00Z,106.0
movies_6755,Q1347019,Copying Beethoven,2006 film by Agnieszka Holland,2006-07-30T00:00:00Z,105.0
movies_6756,Q134703540,Lung feng,film directed by Eric Kot,2000-10-16T00:00:00Z,72.0
movies_6757,Q13471372,Moebius,2013 South Korean film directed by Kim Ki-duk,2013-09-03T00:00:00Z,89.0
movies_6758,Q13471819,Immanuel,2013 film by Lal Jose,2013-01-01T00:00:00Z,
movies_6759,Q13472725,A Liberal Passion,2013 film by Marco Ponti,2013-01-01T00:00:00Z,90.0
movies_6760,Q13472766,Pawn Shop Chronicles,2013 film by Wayne Kramer,2013-07-12T00:00:00Z,112.0
movies_6761,Q1347393,Rushmore,1998 film by Wes Anderson,2001-03-08T00:00:00Z,93.0
movies_6762,Q13475505,País do Desejo,2012 film by Paulo Caldas,2012-01-01T00:00:00Z,87.0
movies_6763,Q13475510,Hoje,2011 film by Tata Amaral,2011-01-01T00:00:00Z,90.0
movies_6764,Q13475554,Omar,2013 film directed by Hany Abu-Assad,2013-05-20T00:00:00Z,96.0
movies_6765,Q1347609,Idiocracy,2006 film by Mike Judge,2006-09-01T00:00:00Z,84.0
movies_6766,Q1347735,Epstein's Night,2002 film by Urs Egger,2002-01-01T00:00:00Z,95.0
movies_6767,Q1347849,Life in a... Metro,2007 film by Anurag Basu,2007-01-01T00:00:00Z,132.0
movies_6768,Q13478742,¡Cuatro!,2013 film by Tim Wheeler,2013-01-01T00:00:00Z,
movies_6769,Q13478818,The Girl by the Lake,2007 film by Andrea Molaioli,2007-01-01T00:00:00Z,95.0
movies_6770,Q1347959,The Long Weekend,2005 film by Pat Holden,2005-08-05T00:00:00Z,90.0
movies_6771,Q1348501,Peas at 5:30,2004 film by Lars Büchel,2004-01-01T00:00:00Z,112.0
movies_6772,Q13486380,Masangeles,2008 film by Beatriz Flores Silva,2008-01-01T00:00:00Z,122.0
movies_6773,Q134913381,Maestro,2003 American documentary film,2002-02-15T00:00:00Z,77.0
movies_6774,Q134931244,Jōkyō Monogatari,,2013-08-24T00:00:00Z,
movies_6775,Q1349363,Gone Dark,2003 film directed by Lewin Webb,2003-01-01T00:00:00Z,82.0
movies_6776,Q13497123,Richness of Internal Space,2013 film,2012-03-04T00:00:00Z,89.0
movies_6777,Q135002987,Suffocation,,2005-03-05T00:00:00Z,
movies_6778,Q1350521,The Devil's Backbone,2001 Mexican film directed by Guillermo del Toro,2001-04-20T00:00:00Z,106.0
movies_6779,Q135094718,Selen The Girl of the Treasure Island,1998 direct-to-video film,2000-01-01T00:00:00Z,95.0
movies_6780,Q135106119,Phirey Esho Behula,Bangladeshi movie released in 2012,2012-01-20T00:00:00Z,114.0
movies_6781,Q135106838,Island Fever 4,pornographic film,2006-09-28T00:00:00Z,199.0
movies_6782,Q135122618,Proskenion,2018 Finnish film,2018-01-01T00:00:00Z,
movies_6783,Q13512513,The Secret History of Hacking,2001 film by Ralph Lee,2001-01-01T00:00:00Z,
movies_6784,Q13512523,Computer Chess,2013 film by Andrew Bujalski,2013-01-21T00:00:00Z,92.0
movies_6785,Q135153025,Pata negra,2001 Cuban-Spanish film,2001-01-01T00:00:00Z,106.0
movies_6786,Q135156,The Heat,2013 film directed by Paul Feig,2013-06-27T00:00:00Z,117.0
movies_6787,Q1351818,Heavens Fall,2006 film by Terry Green,2006-01-01T00:00:00Z,105.0
movies_6788,Q1352085,Analyze That,2002 film by Harold Ramis,2002-01-01T00:00:00Z,96.0
movies_6789,Q13522748,Gypsy Woman,2001 film by Sheree Folkson,2001-01-01T00:00:00Z,
movies_6790,Q13522749,Happy,2006 film by A. Karunakaran,2006-01-01T00:00:00Z,152.0
movies_6791,Q13522751,Hochheta Ki,2008 film by Basu Chatterjee,2008-01-01T00:00:00Z,
movies_6792,Q13522753,Jag Jeondeyan De Mele,2009 film by Baljit Singh Deo,2009-02-20T00:00:00Z,
movies_6793,Q13522754,Kalyanaraman,2002 film directed by Shafi,2002-01-01T00:00:00Z,
movies_6794,Q13522764,White Wedding,2009 film by Jann Turner,2009-04-29T00:00:00Z,93.0
movies_6795,Q13522795,About Last Night,2014 film by Steve Pink,2014-02-14T00:00:00Z,100.0
movies_6796,Q13522800,Blended,2014 film by Frank Coraci,2014-05-22T00:00:00Z,117.0
movies_6797,Q13522821,Hum Hai Raahi Car Ke,2013 film,2013-01-01T00:00:00Z,
movies_6798,Q13522822,Hum Tum Shabana,2011 film by Sagar Ballary,2011-01-01T00:00:00Z,
movies_6799,Q13522825,Idhu Kathirvelan Kadhal,2014 Tamil film directed by S. R. Prabhakaran,2014-01-01T00:00:00Z,
movies_6800,Q13522827,Inga Enna Solluthu,2014 Tamil film directed by Vincent Selva,2014-01-30T00:00:00Z,
movies_6801,Q13522836,Mr. and Mrs. Gambler,2012 film by Wong Jing,2012-01-01T00:00:00Z,
movies_6802,Q13522854,Something Something,2013 film by Sundar C.,2013-01-01T00:00:00Z,
movies_6803,Q13522856,The Pill,2011 film by J. C. Khoury,2011-01-01T00:00:00Z,83.0
movies_6804,Q13522857,Think Like a Man Too,2014 American film directed by Tim Story,2014-06-20T00:00:00Z,106.0
movies_6805,Q13522859,Via Raja Vai,2015 Tamil film directed by Aishwarya R. Dhanush,2015-01-01T00:00:00Z,
movies_6806,Q135230,Bullet to the Head,2012 film directed by Walter Hill,2012-01-01T00:00:00Z,91.0
movies_6807,Q135234,Kamen Rider × Kamen Rider Fourze & OOO: Movie War Mega Max,2011 film by Koichi Sakamoto,2011-12-10T00:00:00Z,
movies_6808,Q135236228,Queen of Elephants,1997 pornographic film,2003-05-27T00:00:00Z,96.0
movies_6809,Q13524284,Tulpa,2013 film directed by Federico Zampaglione,2013-01-01T00:00:00Z,82.0
movies_6810,Q135248,Kamen Rider × Kamen Rider OOO & W Featuring Skull: Movie War Core,2010 film by Ryūta Tasaki,2010-12-18T00:00:00Z,
movies_6811,Q1352631,Osama,2003 film by Siddiq Barmak,2003-01-01T00:00:00Z,83.0
movies_6812,Q135298,Puppet Master: Axis of Evil,2010 film by David DeCoteau,2010-01-01T00:00:00Z,83.0
movies_6813,Q1353151,Catch That Kid,2004 film by Bart Freundlich,2004-01-01T00:00:00Z,91.0
movies_6814,Q13534211,No Breathing,2013 South Korean film,2013-10-30T00:00:00Z,118.0
movies_6815,Q13534379,The Midas Touch,2013 film by Andrew Fung,2013-01-01T00:00:00Z,
movies_6816,Q13534614,Salinger,2013 film by Shane Salerno,2013-01-01T00:00:00Z,129.0
movies_6817,Q13534622,Atlantic Rim,2013 film by Jared Cohn,2013-07-09T00:00:00Z,85.0
movies_6818,Q135353,Eva & Adam,2001 film by Catti Edfeldt,2001-01-19T00:00:00Z,87.0
movies_6819,Q13537456,Disease of the Third Power,2011 film by Zuzana Piussi,2011-01-01T00:00:00Z,
movies_6820,Q13537699,Two Syllables Behind,2004 film,2004-01-01T00:00:00Z,84.0
movies_6821,Q13537994,Lovely Rita,2001 film by Jessica Hausner,2001-01-01T00:00:00Z,80.0
movies_6822,Q1353813,The Hills Have Eyes 2,2007 film directed by Martin Weisz,2007-01-01T00:00:00Z,89.0
movies_6823,Q135401,Xingu,2011 film directed by Cao Hamburger,2012-04-06T00:00:00Z,102.0
movies_6824,Q1354121,Melinda and Melinda,2004 film directed by Woody Allen,2004-01-01T00:00:00Z,95.0
movies_6825,Q1354148,Bride and Prejudice,2004 film by Gurinder Chadha,2004-01-01T00:00:00Z,112.0
movies_6826,Q1354162,Seraphim Falls,2006 film by David Von Ancken,2006-01-01T00:00:00Z,115.0
movies_6827,Q135428,Puppet Master X: Axis Rising,2012 film by Charles Band,2012-01-01T00:00:00Z,86.0
movies_6828,Q135443487,Boys on the Run,2010 film directed by Daisuke Miura,2010-01-30T00:00:00Z,
movies_6829,Q135443688,The Thief of Hearts,,2000-01-01T00:00:00Z,95.0
movies_6830,Q135456754,Double 0 Blonde,,2003-01-01T00:00:00Z,101.0
movies_6831,Q1354617,Kangaroo Jack,2003 film by David McNally,2003-01-11T00:00:00Z,89.0
movies_6832,Q1354797,Otto - Der Katastrofenfilm,2000 film by Edzard Onneken,2000-01-01T00:00:00Z,92.0
movies_6833,Q13548225,Horror Stories 2,2013 film by Min Gyu-dong,2013-06-05T00:00:00Z,95.0
movies_6834,Q13548399,Move,2012 film directed by Dietrich Brüggemann,2012-01-01T00:00:00Z,118.0
movies_6835,Q1354951,The Bunnyguards vs. The Forces of Evil,2002 film by Axel Sand,2002-06-20T00:00:00Z,80.0
movies_6836,Q1354957,Erkan & Stefan in Der Tod kommt krass,2005 film by Michael Karen,2005-01-01T00:00:00Z,93.0
movies_6837,Q1354964,Erkan and Stefan,2000 film by Michael Herbig,2000-01-01T00:00:00Z,87.0
movies_6838,Q1355015,In Hell,2003 film by Ringo Lam,2003-01-01T00:00:00Z,94.0
movies_6839,Q1355055,Last Chance Harvey,2008 film by Joel Hopkins,2008-01-01T00:00:00Z,92.0
movies_6840,Q13550796,Police Story 2013,2013 film by Ding Sheng,2013-12-24T00:00:00Z,108.0
movies_6841,Q135512070,My Father Die,2016 American film,2016-03-12T00:00:00Z,90.0
movies_6842,Q13553802,Lost River,2014 film directed by Ryan Gosling,2014-01-01T00:00:00Z,105.0
movies_6843,Q13553850,The White Storm,2013 film by Benny Chan,2013-10-25T00:00:00Z,140.0
movies_6844,Q13553872,Les Apaches,2013 French film directed by Thierry de Peretti,2013-05-22T00:00:00Z,82.0
movies_6845,Q13553877,La Fille du 14 juillet,2013 French film directed by Antonin Peretjatko,2013-05-23T00:00:00Z,88.0
movies_6846,Q13553881,Suzanne,2013 film directed by Katell Quillévéré,2013-05-16T00:00:00Z,94.0
movies_6847,Q13553884,For Those in Peril,2013 film directed by Paul Wright,2013-01-01T00:00:00Z,92.0
movies_6848,Q13553885,Le Démantèlement,2013 film,2013-01-01T00:00:00Z,111.0
movies_6849,Q13553887,Nos héros sont morts ce soir,2013 French film directed by David Perrault,2013-01-01T00:00:00Z,97.0
movies_6850,Q13553889,The Major,2013 Russian crime drama film by Yuri Bykov,2013-05-01T00:00:00Z,99.0
movies_6851,Q13553892,Salvo,2013 film directed by Fabio Grassadonia and Antonio Piazza,2013-05-16T00:00:00Z,104.0
movies_6852,Q13553893,You and the Night,2013 French film directed by Yann Gonzalez,2013-05-20T00:00:00Z,91.0
movies_6853,Q1355667,2012: Supernova,2009 film directed by Anthony Fankhauser,2009-01-01T00:00:00Z,84.0
movies_6854,Q13557451,Thanks for Sharing,2012 film by Stuart Blumberg,2012-09-08T00:00:00Z,112.0
movies_6855,Q13557525,The Geographer Drank His Globe Away,2013 film by Alexander Veledinski,2013-06-01T00:00:00Z,124.0
movies_6856,Q13561018,Veronica Mars,2014 film by Rob Thomas,2014-03-08T00:00:00Z,107.0
movies_6857,Q13562077,The Drop,2014 film directed by Michaël R. Roskam,2014-01-01T00:00:00Z,106.0
movies_6858,Q13562643,The Equalizer,2014 film directed by Antoine Fuqua,2014-01-01T00:00:00Z,132.0
movies_6859,Q1356265,Ghost Ship,2002 film directed by Steve Beck,2002-10-22T00:00:00Z,91.0
movies_6860,Q1356395,Alfie,2004 film by Charles Shyer,2004-01-01T00:00:00Z,103.0
movies_6861,Q1356402,Vertical Limit,2000 film directed by Martin Campbell,2000-12-03T00:00:00Z,119.0
movies_6862,Q1356410,Bewitched,2005 film directed by Nora Ephron,2005-06-24T00:00:00Z,102.0
movies_6863,Q13564151,Frozen City,2006 film by Aku Louhimies,2006-11-17T00:00:00Z,90.0
movies_6864,Q135644108,In the Days of Whore,2000 American film,2000-10-17T00:00:00Z,138.0
movies_6865,Q13564444,Oru Pennum Randaanum,2008 film by Adoor Gopalakrishnan,2008-01-01T00:00:00Z,
movies_6866,Q13564536,Balram vs. Tharadas,2006 film directed by I. V. Sasi,2006-01-01T00:00:00Z,
movies_6867,Q13564539,Manjadikuru,2012 film by Anjali Menon,2012-01-01T00:00:00Z,
movies_6868,Q13564557,Mayamohini,2012 film by Jose Thomas,2012-01-01T00:00:00Z,
movies_6869,Q13564574,Vajram,2004 film directed by Pramod Pappan,2004-01-01T00:00:00Z,
movies_6870,Q13564796,Dus,2005 film directed by Anubhav Sinha,2005-01-01T00:00:00Z,152.0
movies_6871,Q13564907,Ghanchakkar,2013 film by Raj Kumar Gupta,2013-01-01T00:00:00Z,137.0
movies_6872,Q13564956,Maa Tujhhe Salaam,2002 hindi film directed by Tinu Verma,2002-01-01T00:00:00Z,
movies_6873,Q13567184,Practical Guide to Belgrade with Singing and Crying,2011 film by Bojan Vuletić,2011-12-08T00:00:00Z,90.0
movies_6874,Q135677843,Đam mê,Vietnamese movie 2012,2014-09-05T00:00:00Z,
movies_6875,Q1356779,Private Valentine: Blonde & Dangerous,2008 film directed by Steve Miner,2008-01-01T00:00:00Z,98.0
movies_6876,Q135684401,No Touching At All,2014 film directed by Chihiro Amano,2014-05-31T00:00:00Z,
movies_6877,Q1357016,Three Kings,1999 film by David O. Russell,2000-02-10T00:00:00Z,110.0
movies_6878,Q135703904,Đợi đến ngày Tết,Vietnamese tv movie 2007,2007-02-16T00:00:00Z,
movies_6879,Q13571214,De club van Sinterklaas & het geheim van de speelgoeddokter,2012 film,2012-10-03T00:00:00Z,70.0
movies_6880,Q13571347,De Nieuwe Wildernis,2013 documentary film,2013-01-01T00:00:00Z,
movies_6881,Q13571413,Hans-Joachim Klein: My Life as a Terrorist,2005 film by Alexander Oey,2005-11-01T00:00:00Z,
movies_6882,Q13571589,The Deflowering of Eva Van End,2013 film,2013-02-14T00:00:00Z,
movies_6883,Q135728757,Surge of Power: Revenge of the Sequel,2016 American film by Vincent J. Roth,2018-01-05T00:00:00Z,90.0
movies_6884,Q13573278,The Judge,2014 film by David Dobkin,2014-01-01T00:00:00Z,141.0
movies_6885,Q1357820,Robot & Frank,2012 film directed by Jake Schreier,2012-01-01T00:00:00Z,89.0
movies_6886,Q13580949,Grace Unplugged,2013 film directed by Brad J. Silverman,2013-01-01T00:00:00Z,102.0
movies_6887,Q13580958,Black Nativity,2013 film by Kasi Lemmons,2013-11-27T00:00:00Z,93.0
movies_6888,Q13581284,Manjupoloru Penkutti,2004 film directed by Kamal,2004-01-01T00:00:00Z,
movies_6889,Q13582546,The Square,2008 film directed by Nash Edgerton,2008-01-01T00:00:00Z,105.0
movies_6890,Q13582568,A Million Ways to Die in the West,2014 film directed by Seth MacFarlane,2014-01-01T00:00:00Z,116.0
movies_6891,Q1358271,Mindhunters,2004 film directed by Renny Harlin,2004-01-01T00:00:00Z,102.0
movies_6892,Q1358540,Spiral,2007 film directed by Joel David Moore and Adam Green,2007-01-01T00:00:00Z,90.0
movies_6893,Q13592706,Romancing in Thin Air,2012 film directed by Johnnie To,2012-02-09T00:00:00Z,111.0
movies_6894,Q1359366,V/H/S,2012 horror film by Radio Silence Productions,2012-01-01T00:00:00Z,116.0
movies_6895,Q1359772,Tilva Roš,2010 film by Nikola Ležaić,2010-07-28T00:00:00Z,99.0
movies_6896,Q135985026,French Kills,2015 feature film directed by Alvin Soprano,2015-06-15T00:00:00Z,76.0
movies_6897,Q136027783,Đêm vùng biên,Vietnamese direct-to-video film 2005,2005-01-01T00:00:00Z,
movies_6898,Q136088497,Through Kitty’s Eyes,2013 short horror film directed by Alvin Soprano,2013-01-03T00:00:00Z,13.0
movies_6899,Q136088770,Alexander Not So Great,2013 short horror film directed by Alvin Soprano,2013-05-12T00:00:00Z,13.0
movies_6900,Q136094565,Something Strange in Strangetown,Something Strange in Strangetown is a 2007 short horror machinima by Alvin Soprano that follows the unexplained events unfolding in the desert town of Strangetown.,2007-03-27T00:00:00Z,14.0
movies_6901,Q136094741,Wasted,2012 gritty horror-crime machinima by Alvin Soprano,2012-10-31T00:00:00Z,15.0
movies_6902,Q1361018,Uzak,2002 film by Nuri Bilge Ceylan,2002-01-01T00:00:00Z,109.0
movies_6903,Q136106895,The Old Silo Farm,"Short horror machinima created by Alvin Soprano, released in 2009.",2009-10-31T00:00:00Z,5.0
movies_6904,Q136135958,Vũ khúc ánh trăng,Vietnamese tv-movie 2010,2011-01-01T00:00:00Z,
movies_6905,Q136148046,Genie in a Barrel,2014 short horror film directed by Alvin Soprano,2014-10-22T00:00:00Z,12.0
movies_6906,Q136174959,Và anh sẽ trở lại,Vietnamese film 2013 by Dinh Tuan Vu,2013-11-01T00:00:00Z,
movies_6907,Q1361897,Sommer,2008 film by Mike Marzuk,2008-01-01T00:00:00Z,104.0
movies_6908,Q13619743,Minions,2015 animated film by Pierre Coffin and Kyle Balda,2015-01-01T00:00:00Z,91.0
movies_6909,Q13625315,3 Hari untuk Selamanya,2007 Indonesian film by Riri Riza,2007-06-08T00:00:00Z,
movies_6910,Q136264,Killing Them Softly,2012 film by Andrew Dominik,2012-01-01T00:00:00Z,97.0
movies_6911,Q13627889,"As Aventuras de Agamenon, o Repórter",2012 film by Victor Lopes,2012-01-01T00:00:00Z,74.0
movies_6912,Q13629026,Places,2014 Czech film directed by Radim Špaček,2014-09-18T00:00:00Z,108.0
movies_6913,Q13632074,Children,2006 film by Ragnar Bragason,2006-01-01T00:00:00Z,93.0
movies_6914,Q136323801,Khí phách anh hùng,Vietnamese tv-movie 2008,2008-01-01T00:00:00Z,
movies_6915,Q13634022,Detective,2007 Tamil film directed by Jeethu Joseph,2007-01-01T00:00:00Z,
movies_6916,Q136342926,Anatomy of a Czech Afternoon,Czech short movie (2020),2020-07-02T00:00:00Z,22.0
movies_6917,Q136357145,I am lying now,,2019-06-28T00:00:00Z,
movies_6918,Q13635771,Helpless,2012 film by Byun Young-joo,2012-01-01T00:00:00Z,117.0
movies_6919,Q13636251,First Mission,2010 film,2010-03-24T00:00:00Z,111.0
movies_6920,Q136376948,Premi O Premi,2017 film by Jakir Hossain Raju,2017-02-10T00:00:00Z,
movies_6921,Q13637926,Indra,2002 film by B. Gopal,2002-01-01T00:00:00Z,173.0
movies_6922,Q13638116,Frits & Franky,2013 film by Marc Punt,2013-02-06T00:00:00Z,94.0
movies_6923,Q13638153,Inner Senses,2002 film by Law Chi-leung,2002-01-01T00:00:00Z,100.0
movies_6924,Q136391782,Non-swimmers,Czech short movie (2011),2011-01-01T00:00:00Z,23.0
movies_6925,Q136393383,M.O.,Czech short movie (2012),2012-05-04T00:00:00Z,7.0
movies_6926,Q136393778,"Atlantis, 2003",Czech short movie (2017),2017-07-04T00:00:00Z,30.0
movies_6927,Q136394063,One Hundred and Twenty-Eight Thousand,Czech short movie (2018),2018-01-01T00:00:00Z,16.0
movies_6928,Q13639692,Gangsterboys,2010 film by Paul Ruven,2010-02-18T00:00:00Z,
movies_6929,Q1364029,Peter Pan,2003 children's film directed by P. J. Hogan,2003-11-22T00:00:00Z,113.0
movies_6930,Q13642208,Ghost Image,2007 film,2007-01-01T00:00:00Z,96.0
movies_6931,Q13642259,Metallica Through the Never,2013 consert film by Nimród Antal,2013-09-09T00:00:00Z,94.0
movies_6932,Q136431222,The White Lie,2015 Italian film,2015-10-22T00:00:00Z,88.0
movies_6933,Q1364349,Win a Date with Tad Hamilton!,2004 film by Robert Luketic,2004-01-23T00:00:00Z,92.0
movies_6934,Q13645807,Madhumasam,2007 film by Chandra Siddhartha,2007-01-01T00:00:00Z,
movies_6935,Q1364697,Iris,2001 film directed by Richard Eyre,2001-01-01T00:00:00Z,87.0
movies_6936,Q13648340,Mengejar Mas-Mas,2007 film by Rudy Soedjarwo,2007-05-24T00:00:00Z,
movies_6937,Q1364843,Confessions,2010 film directed by Tetsuya Nakashima,2010-06-05T00:00:00Z,102.0
movies_6938,Q1365,Swept Away,1974 film by Lina Wertmüller,2004-08-06T00:00:00Z,114.0
movies_6939,Q1365106,Factory Girl,2006 film by George Hickenlooper,2006-01-01T00:00:00Z,90.0
movies_6940,Q136531602,Mission Asspossible,2011 porn parody film directed by Ettore Buchi,2011-12-08T00:00:00Z,128.0
movies_6941,Q136537462,Ngõ vắng,Vietnamese tv serie 2009,2009-02-23T00:00:00Z,
movies_6942,Q136540298,Be'shem Habat (lit. In the Name of the Daughter),2019 Israeli thriller drama film,2019-10-28T00:00:00Z,40.0
movies_6943,Q136541522,Who Stole Roger Rabbit?,,2010-01-01T00:00:00Z,168.0
movies_6944,Q13655408,Odeio o Dia dos Namorados,2013 film by Roberto Santucci,2013-01-01T00:00:00Z,
movies_6945,Q136556677,This Ain’t Avatar XXX 2: Escape From Pandwhora,,2012-08-28T00:00:00Z,101.0
movies_6946,Q13655917,One Day in Europe,2005 film by Hannes Stöhr,2005-01-01T00:00:00Z,95.0
movies_6947,Q1365757,Wild About Harry,2000 film directed by Declan Lowney,2000-01-01T00:00:00Z,87.0
movies_6948,Q1365797,L'Auberge espagnole,2002 film by Cédric Klapisch,2002-01-01T00:00:00Z,121.0
movies_6949,Q136607731,Hotel Asturies,,2019-01-01T00:00:00Z,46.0
movies_6950,Q1366157,The Lost Son,"1999 film by Chris Menges, Mark Mills",2000-05-25T00:00:00Z,102.0
movies_6951,Q1366321,Kuch Naa Kaho,2003 film directed by Rohan Sippy,2003-01-01T00:00:00Z,160.0
movies_6952,Q1366434,It Runs in the Family,2003 film by Fred Schepisi,2003-01-01T00:00:00Z,105.0
movies_6953,Q1366454,A Christmoose Carol,2005 film by Ben Verbong,2005-10-30T00:00:00Z,90.0
movies_6954,Q1366481,The Day Will Come,2009 film by Susanne Schneider,2009-01-01T00:00:00Z,104.0
movies_6955,Q136652753,The Backstage Slap,Vietnamese film 2002,2002-02-01T00:00:00Z,
movies_6956,Q1366552,The Murmuring Coast,2004 film by Margarida Cardoso,2004-01-01T00:00:00Z,114.0
movies_6957,Q136664202,Những chiếc lá thời gian,Vietnamese direct-to-video film 2007,2007-03-01T00:00:00Z,
movies_6958,Q136688547,Autumn Apricot or Good Morning,2007 film by Aram Jilavyan,2007-11-25T00:00:00Z,
movies_6959,Q1366919,The Importance of Being Earnest,2002 film by Oliver Parker,2002-06-21T00:00:00Z,94.0
movies_6960,Q136695553,Mùa hạ không quên,Vietnamese TV movie 2004,2004-01-01T00:00:00Z,
movies_6961,Q136719,Salon,2005 film by Ming Jin,2005-01-01T00:00:00Z,
movies_6962,Q1367317,The Descent,2005 film by Neil Marshall,2005-01-01T00:00:00Z,99.0
movies_6963,Q13674499,The Ravine of Goodbye,2008 film,2008-06-20T00:00:00Z,116.0
movies_6964,Q1367647,Spanglish,2004 film by James L. Brooks,2004-12-17T00:00:00Z,130.0
movies_6965,Q1367663,Operação Outono,2012 film by Bruno de Almeida,2012-01-01T00:00:00Z,92.0
movies_6966,Q13682200,Exit,Swedish 2006 film by Peter Lindmark,2006-09-26T00:00:00Z,100.0
movies_6967,Q1368350,Tokyo Sonata,2008 film by Kiyoshi Kurosawa,2008-05-17T00:00:00Z,120.0
movies_6968,Q136849807,Escape from Pleasure Planet,2016 erotic science fiction film,2016-11-08T00:00:00Z,81.0
movies_6969,Q1368665,Colorful,2010 film by Keiichi Hara,2010-08-21T00:00:00Z,127.0
movies_6970,Q136892029,En nombre de todos mis hermanos,2019 Franco-Chilean documentary film,2019-01-01T00:00:00Z,52.0
movies_6971,Q1369031,Prom,2011 film by Joe Nussbaum,2011-04-29T00:00:00Z,104.0
movies_6972,Q136905003,Yongju Valley,film,2015-11-19T00:00:00Z,
movies_6973,Q136905070,Young Sister-In-Law 2,film,2017-02-08T00:00:00Z,
movies_6974,Q13693967,Cross,2012 Hong Kong film,2012-10-04T00:00:00Z,
movies_6975,Q136945910,Sex Trek: Where No Man Has Cum Before,2005 pornographic film,2005-01-01T00:00:00Z,85.0
movies_6976,Q136945911,Sex Trek: Charly XXX,2005 pornographic film,2005-01-01T00:00:00Z,99.0
movies_6977,Q1369579,Densen Uta,2007 film by Masato Harada,2007-01-01T00:00:00Z,128.0
movies_6978,Q1370934,Fatso,2008 Norwegian film directed by Arild Fröhlich,2008-10-24T00:00:00Z,93.0
movies_6979,Q1370936,L: Change the World,2008 film by Hideo Nakata,2008-02-09T00:00:00Z,129.0
movies_6980,Q137098,Grace of Monaco,2014 film directed by Olivier Dahan,2014-05-14T00:00:00Z,103.0
movies_6981,Q1370999,Gone,2012 film directed by Heitor Dhalia,2012-01-01T00:00:00Z,95.0
movies_6982,Q137109,The Shaggy Dog,2006 film by Brian Robbins,2006-03-10T00:00:00Z,98.0
movies_6983,Q1371155,Still Life,2006 Chinese film directed by Jia Zhangke,2006-01-01T00:00:00Z,111.0
movies_6984,Q1372081,Our Idiot Brother,2011 film by Jesse Peretz,2011-01-01T00:00:00Z,91.0
movies_6985,Q13722122,Suite française,2015 film directed by Saul Dibb,2015-01-01T00:00:00Z,107.0
movies_6986,Q1372295,The Private Lives of Pippa Lee,2009 film by Rebecca Miller,2009-01-01T00:00:00Z,93.0
movies_6987,Q1372318,Yella,2007 film by Christian Petzold,2007-02-14T00:00:00Z,89.0
movies_6988,Q13725830,Het Sinterklaasjournaal: De Meezing Moevie,2009 film by Dennis Bots,2009-10-14T00:00:00Z,
movies_6989,Q13725892,Het zwijgen,2006 film,2006-03-23T00:00:00Z,90.0
movies_6990,Q137272917,The Debt,2019 film by Gustavo Fontán,2019-01-01T00:00:00Z,74.0
movies_6991,Q1372845,The Valet,2006 film by Francis Veber,2006-01-01T00:00:00Z,82.0
movies_6992,Q137297133,Argentine Babaa,2007 film directed by Naoki Nagao,2007-03-24T00:00:00Z,
movies_6993,Q137303536,This Ain’t Star Trek XXX 2: The Butterfly Effect,2010 pornographic film by Axel Braun,2010-04-06T00:00:00Z,136.0
movies_6994,Q1373080,Tarnation,2003 film by Jonathan Caouette,2003-01-01T00:00:00Z,88.0
movies_6995,Q13732569,Move On,2012 film directed by Asger Leth,2012-01-01T00:00:00Z,100.0
movies_6996,Q137343,Da Thadiya,2012 film by Aashiq Abu,2012-12-21T00:00:00Z,
movies_6997,Q137363358,This Ain’t Star Trek 3 XXX: This Is a Parody,2013 pornographic film by Axel Braun,2013-06-24T00:00:00Z,104.0
movies_6998,Q137386682,I Love My Mum,,2019-05-31T00:00:00Z,86.0
movies_6999,Q13741055,Sickos,2014 film by Lodewijk Crijns,2014-02-12T00:00:00Z,93.0
movies_7000,Q1374109,Euphoria,2001 film by Brad Armstrong,2001-09-26T00:00:00Z,140.0
movies_7001,Q13742747,Kenau,2014 film by Maarten Treurniet,2014-01-01T00:00:00Z,107.0
movies_7002,Q137477074,Bến mãi đợi đò,Vietnamese tv-movie 2014,2014-08-24T00:00:00Z,
movies_7003,Q137477105,Bác Cả người sung sướng...,Vietnamese tv miniserrie 2002,2002-01-01T00:00:00Z,
movies_7004,Q13750840,Solace,2015 film by Afonso Poyart,2015-09-03T00:00:00Z,101.0
movies_7005,Q137584,Pitch Perfect,2012 film directed by Jason Moore,2012-09-28T00:00:00Z,112.0
movies_7006,Q1375887,Here on Earth,2000 film directed by Mark Piznarski,2000-03-15T00:00:00Z,120.0
movies_7007,Q1376152,Divergence,2005 film directed by Benny Chan,2005-01-01T00:00:00Z,101.0
movies_7008,Q13765567,Mr. Go,2013 film by Kim Yong-hwa,2013-07-17T00:00:00Z,132.0
movies_7009,Q137685806,Không thể siết cò,Vietnamese video film 2003,2003-08-29T00:00:00Z,
movies_7010,Q137734607,Fantasy Factory: Wastelands,2018 film directed by Stills by Alan,2018-10-03T00:00:00Z,276.0
movies_7011,Q137735627,Naked Nights,film,2001-01-01T00:00:00Z,97.0
movies_7012,Q137735681,Halik ng sirena,film,2001-01-01T00:00:00Z,
movies_7013,Q137735700,"Daddy O, Baby O!",film,2000-01-01T00:00:00Z,95.0
movies_7014,Q137735934,Videoke King,film,2002-01-01T00:00:00Z,106.0
movies_7015,Q1377397,Global Effect,2002 film by Terry Cunningham,2002-01-01T00:00:00Z,95.0
movies_7016,Q1377450,Jayne Mansfield's Car,2012 film by Billy Bob Thornton,2012-02-13T00:00:00Z,122.0
movies_7017,Q137753819,Rawhide,2017 pornographic film directed by Dick Bush,2017-06-21T00:00:00Z,149.0
movies_7018,Q137753860,Rawhide II: Dirty Deeds,2009 pornographic film directed by Andre Madness,2009-01-01T00:00:00Z,174.0
movies_7019,Q137753930,Rawhide,2003 pornographic film directed by Nicholas Steele,2003-09-30T00:00:00Z,160.0
movies_7020,Q137754,Once,2007 film directed by John Carney,2007-01-20T00:00:00Z,86.0
movies_7021,Q1377566,Visions of Europe,2004 anthology film by 25 European directors,2004-01-01T00:00:00Z,138.0
movies_7022,Q137774312,Rebelote,2020 film by Kais Chekir,2020-02-19T00:00:00Z,
movies_7023,Q137800,The Yards,2000 film by James Gray,2000-01-01T00:00:00Z,110.0
movies_7024,Q137836660,Grindhouse XXX,2011 American pornographic film,2011-09-20T00:00:00Z,177.0
movies_7025,Q137900249,Porto Farina,2019 film by Ibrahim Letaief,2019-01-01T00:00:00Z,
movies_7026,Q137984,Goemon,2009 film by Kazuaki Kiriya,2009-01-01T00:00:00Z,128.0
movies_7027,Q138000808,Luxury Nurse,1999 Italian pornographic film,2008-06-18T00:00:00Z,82.0
movies_7028,Q138018532,St. Nicholas & the Golden Horseshoe,film,2017-10-11T00:00:00Z,67.0
movies_7029,Q138024812,Demon,short animated feature film,2004-01-01T00:00:00Z,11.0
movies_7030,Q138035128,Al Farrouj,2015 film directed by Abdellah Ferkous,2015-02-11T00:00:00Z,
movies_7031,Q1380376,Waitress,2007 film directed by Adrienne Shelly,2007-01-01T00:00:00Z,105.0
movies_7032,Q138045063,"Love, Sex and TV News",2015 American pornographic film directed by Will Ryder,2015-09-25T00:00:00Z,120.0
movies_7033,Q13806247,Child 44,2015 film directed by Daniel Espinosa,2015-01-01T00:00:00Z,137.0
movies_7034,Q13806537,Inherent Vice,2014 film directed by Paul Thomas Anderson,2014-10-04T00:00:00Z,149.0
movies_7035,Q138074181,This Ain't Happy Days XXX,2009 American pornographic film directed by Axel Braun,2009-04-28T00:00:00Z,122.0
movies_7036,Q138074623,This Ain't Happy Days XXX: Fonzie Luvs Pinky,2009 American pornographic film directed by Axel Braun,2009-10-11T00:00:00Z,112.0
movies_7037,Q138077631,Girl in the Mirror,1999 German pornographic film directed by Nils Molitor,2000-01-01T00:00:00Z,91.0
movies_7038,Q138084,Rampart,2011 film directed by Oren Moverman,2011-01-01T00:00:00Z,104.0
movies_7039,Q138112364,Nachtwacht: De poort der zielen,2018 Belgian film directed by Gert-Jan Booy,2018-12-09T00:00:00Z,
movies_7040,Q138112390,Nachtwacht: Het duistere hart,2019 Belgian film directed by Gert-Jan Booy,2019-12-07T00:00:00Z,
movies_7041,Q1381796,Postcards from the Zoo,2012 film directed by Edwin,2012-02-15T00:00:00Z,90.0
movies_7042,Q13817962,When Inge Is Dancing,2013 film by Wolfgang Groos,2013-01-01T00:00:00Z,104.0
movies_7043,Q1381843,Even Money,2006 film directed by Mark Rydell,2007-01-01T00:00:00Z,113.0
movies_7044,Q1381969,Kein Sex ist auch keine Lösung,2011 film,2011-01-01T00:00:00Z,127.0
movies_7045,Q1382199,The Limey,1999 film by Steven Soderbergh,2000-01-06T00:00:00Z,89.0
movies_7046,Q13822679,American Dreams in China,2013 film by Peter Chan,2013-05-17T00:00:00Z,112.0
movies_7047,Q1382283,Everyone Stares,2006 film by Stewart Copeland,2006-01-01T00:00:00Z,74.0
movies_7048,Q1382322,"Evet, ich will!",2008 film by Sinan Akkuş,2008-01-01T00:00:00Z,94.0
movies_7049,Q13823993,The Gunman,2015 film directed by Pierre Morel,2015-01-01T00:00:00Z,117.0
movies_7050,Q13824191,Mees Kees,2012 film by Barbara Bredero,2012-10-03T00:00:00Z,80.0
movies_7051,Q1382421,Evil,2003 film directed by Mikael Håfström,2003-05-16T00:00:00Z,114.0
movies_7052,Q138299273,Ami Tomar Hote Chai,2016 film by Anonno Mamun,2016-12-16T00:00:00Z,
movies_7053,Q1383269,Ex,2009 film by Fausto Brizzi,2009-01-01T00:00:00Z,110.0
movies_7054,Q1383282,Ex Drummer,2007 film by Koen Mortier,2007-01-01T00:00:00Z,101.0
movies_7055,Q138333317,Calling a Gigolo,2003 Spanish pornographic film directed by Alessandro del Mar,2003-03-01T00:00:00Z,91.0
movies_7056,Q138349524,Shakespeare's Best,Best of Shakespeare monologues performed  by three actors on one night.,2010-01-01T00:00:00Z,
movies_7057,Q1383800,Exils,2004 film by Tony Gatlif,2004-01-01T00:00:00Z,104.0
movies_7058,Q1383916,Exit Wounds,2001 film by Andrzej Bartkowiak,2001-01-01T00:00:00Z,101.0
movies_7059,Q138416905,Dangerous Things,2000 American pornographic film directed by Antonio Adamo,2000-12-27T00:00:00Z,109.0
movies_7060,Q13846052,Howling,2012 South Korean film directed by Yoo Ha,2012-01-01T00:00:00Z,114.0
movies_7061,Q1384628,Family Under Siege,2002 film,2002-01-01T00:00:00Z,87.0
movies_7062,Q13846600,Hunting Elephants,2013 Israeli film directed by Reshef Levi,2013-01-01T00:00:00Z,107.0
movies_7063,Q138508964,Thou Shalt Not Kill,2018 Romanian film,2018-10-16T00:00:00Z,
movies_7064,Q1385258,The Mermaid,2007 film by Anna Melikian,2007-06-04T00:00:00Z,114.0
movies_7065,Q1385260,Suburban Girl,2007 film by Marc Klein,2007-01-01T00:00:00Z,97.0
movies_7066,Q1385281,Mein erstes Wunder,2002 film by Anne Wild,2002-01-01T00:00:00Z,90.0
movies_7067,Q1385487,Extreme Movie,2008 film by Adam Jay Epstein and Andrew Jacobson,2008-01-01T00:00:00Z,85.0
movies_7068,Q138548793,Rocco Meats an American Angel in Paris,2000 American pornographic film directed by Rocco Siffredi,2000-09-05T00:00:00Z,134.0
movies_7069,Q1385502,A Man Apart,2003 film by F. Gary Gray,2003-04-04T00:00:00Z,105.0
movies_7070,Q138604065,Paris Pickups,,2002-01-01T00:00:00Z,95.0
movies_7071,Q13861278,Jorge Mautner - O Filho do Holocausto,2012 film by Pedro Bial,2012-01-01T00:00:00Z,93.0
movies_7072,Q1386388,Ladder 49,2004 film by Jay Russell,2004-09-20T00:00:00Z,110.0
movies_7073,Q138648251,Intimate Treasures,2002 French pornographic film directed by Mike Foster,2002-01-01T00:00:00Z,100.0
movies_7074,Q138697,13 Moons,2002 film by Alexandre Rockwell,2002-01-01T00:00:00Z,93.0
movies_7075,Q13873139,Naar Anna,2007 film by Lucas van Woerkum,2007-01-01T00:00:00Z,8.0
movies_7076,Q1387340,Welcome to Mooseport,2004 film by Donald Petrie,2004-01-01T00:00:00Z,110.0
movies_7077,Q1387827,FC Venus – Made in Germany,2006 film by Ute Wieland,2006-01-01T00:00:00Z,100.0
movies_7078,Q138793037,Cat girls,1999 Italian pornographic film directed by Patrick Deauville,2000-01-01T00:00:00Z,127.0
movies_7079,Q138809105,Light Up the Night,2016 film by The Protomen,2016-12-23T00:00:00Z,1002.0
movies_7080,Q1388118,Milarepa,2006 film directed by Neten Chokling,2006-01-01T00:00:00Z,90.0
movies_7081,Q1388280,Mahler on the Couch,2010 film by Percy Adlon,2010-01-01T00:00:00Z,98.0
movies_7082,Q13882900,The Captive,2014 film directed by Atom Egoyan,2014-01-01T00:00:00Z,112.0
movies_7083,Q138838660,the stalemate,2008 film by Silvia Ferreri,2008-01-01T00:00:00Z,
movies_7084,Q138842499,BEAUTY HONEY. Ecstatic First Experiences With A Super Erotic Body. 4 Hour Debut!! Kaori Sakura .,Japanese adult video,2010-05-21T00:00:00Z,241.0
movies_7085,Q1388450,Along the Ridge,2005 film by Kim Rossi Stuart,2005-01-01T00:00:00Z,108.0
movies_7086,Q138847533,Euro Sluts 9: My Friends...,2005 Italian pornographic film directed by Andrea Nobili,2005-01-01T00:00:00Z,100.0
movies_7087,Q138847735,In Command,2008 Italian pornographic film directed by Tony del Duomo,2008-01-01T00:00:00Z,106.0
movies_7088,Q1388543,Betelnut Beauty,2001 film by Lin Cheng-sheng,2001-01-01T00:00:00Z,102.0
movies_7089,Q1388642,Mademoiselle,2001 film by Philippe Lioret,2001-01-01T00:00:00Z,85.0
movies_7090,Q1388653,Pacific Rim,2013 film directed by Guillermo del Toro,2013-07-01T00:00:00Z,131.0
movies_7091,Q1388799,Divine Intervention,2002 film by Elia Suleiman,2002-01-01T00:00:00Z,100.0
movies_7092,Q138884197,Dark Angel,2006 Italian pornographic film directed by Francesco Fanelli,2006-01-01T00:00:00Z,98.0
movies_7093,Q1388920,Lejontämjaren,2003 Swedish drama film,2003-02-07T00:00:00Z,92.0
movies_7094,Q138892732,Arte en el exilio,Documentary film directed by Gustavo Socorro about the Romanian dancer Gelu Barbu,2012-01-01T00:00:00Z,65.0
movies_7095,Q138912012,Girls Kissing Girls: Young Lesbians in Love,lesbian pornographic film,2008-07-09T00:00:00Z,158.0
movies_7096,Q138912237,Girls Kissing Girls 2: Foreplay Loving Lesbians,lesbian pornographic film,2009-03-19T00:00:00Z,167.0
movies_7097,Q138912272,"Girls Kissing Girls 3: Make Up, Makeout Sessions",lesbian pornographic film,2009-06-24T00:00:00Z,133.0
movies_7098,Q138916308,Scandal,2006 Italian pornographic film directed by Andrea Nobili,2006-01-01T00:00:00Z,106.0
movies_7099,Q138917129,Incorreggibili ninfomani,2009 Italian pornographic film,2009-03-02T00:00:00Z,87.0
movies_7100,Q138917562,Girls Kissing Girls 5,lesbian pornographic film,2010-08-24T00:00:00Z,125.0
movies_7101,Q138917738,Girls Kissing Girls 6,lesbian pornographic film,2010-11-24T00:00:00Z,
movies_7102,Q138918470,Girls Kissing Girls 7,lesbian pornographic film,2011-04-27T00:00:00Z,175.0
movies_7103,Q138918980,Girls Kissing Girls 8,lesbian pornographic film,2011-09-14T00:00:00Z,117.0
movies_7104,Q138919287,Girls Kissing Girls 9,lesbian pornographic film,2012-03-20T00:00:00Z,139.0
movies_7105,Q138919436,Girls Kissing Girls 10,lesbian pornographic film,2012-07-17T00:00:00Z,136.0
movies_7106,Q138919609,Girls Kissing Girls 11,lesbian pornographic film,2013-01-09T00:00:00Z,162.0
movies_7107,Q138935811,Girls Kissing Girls 12,lesbian pornographic film,2013-05-01T00:00:00Z,136.0
movies_7108,Q138935945,Girls Kissing Girls 13,lesbian pornographic film,2013-11-05T00:00:00Z,124.0
movies_7109,Q138936633,Girls Kissing Girls 14,lesbian pornographic film,2014-04-16T00:00:00Z,145.0
movies_7110,Q138936919,Girls Kissing Girls 15,lesbian pornographic film,2014-09-16T00:00:00Z,140.0
movies_7111,Q138938005,Girls Kissing Girls 16,lesbian pornographic film,2015-02-18T00:00:00Z,127.0
movies_7112,Q138938470,Girls Kissing Girls 17,lesbian pornographic film,2015-08-04T00:00:00Z,130.0
movies_7113,Q138938708,Girls Kissing Girls 18,lesbian pornographic film,2015-12-01T00:00:00Z,134.0
movies_7114,Q138939190,Girls Kissing Girls 19,lesbian pornographic film,2016-04-20T00:00:00Z,100.0
movies_7115,Q138939699,Girls Kissing Girls 20,lesbian pornographic film,2017-02-01T00:00:00Z,118.0
movies_7116,Q138942093,Girls Kissing Girls 21,lesbian pornographic film,2017-08-16T00:00:00Z,109.0
movies_7117,Q138944912,Girls Kissing Girls 22,lesbian pornographic film,2018-06-19T00:00:00Z,118.0
movies_7118,Q138945518,Girls Kissing Girls 23,lesbian pornographic film,2019-03-19T00:00:00Z,136.0
movies_7119,Q138946306,Girls Kissing Girls 24,lesbian pornographic film,2019-10-16T00:00:00Z,134.0
movies_7120,Q138947066,Girls kissing Girls 25,lesbian pornographic film,2020-09-11T00:00:00Z,141.0
movies_7121,Q13897247,Baahubali: The Beginning,2015 film by S. S. Rajamouli,2015-07-10T00:00:00Z,129.0
movies_7122,Q1389733,Pyaar Diwana Hota Hai,2002 film,2002-01-01T00:00:00Z,148.0
movies_7123,Q138994605,Whorehouse,2010 British pornographic film directed by Gazzman,2010-12-22T00:00:00Z,145.0
movies_7124,Q1391425,The Signal,"2007 film by David Bruckner, Dan Bush and Jacob Gentry",2007-01-01T00:00:00Z,103.0
movies_7125,Q1391659,Facing the Giants,2006 film by Alex Kendrick,2006-09-29T00:00:00Z,111.0
movies_7126,Q1391920,Fados,2007 film by Carlos Saura,2007-11-19T00:00:00Z,90.0
movies_7127,Q1392031,The Scent,2012 film by Kim Hyeong-jun,2012-01-01T00:00:00Z,118.0
movies_7128,Q1392191,Spellbound,2011 South Korean film directed by Hwang In-ho,2011-12-01T00:00:00Z,114.0
movies_7129,Q1392258,Malice in Lalaland,2010 film by Lew Xypher,2010-09-08T00:00:00Z,94.0
movies_7130,Q139230957,The Last Shag,2012 pornographic film directed by Max Candy,2012-05-19T00:00:00Z,100.0
movies_7131,Q139236937,My First Orgy,2011 French pornographic film directed by Max Candy,2011-01-01T00:00:00Z,96.0
movies_7132,Q139237340,Army Girls,2011 French pornographic directed by Max Candy,2011-01-01T00:00:00Z,96.0
movies_7133,Q139238471,A Midsummer Night's Cream,2000 American pornographic film directed by Stuart Canterbury,2000-10-31T00:00:00Z,87.0
movies_7134,Q1392448,Passion of Mind,2000 film by Alain Berliner,2000-01-01T00:00:00Z,105.0
movies_7135,Q13926592,Duniyadari,2013 film by Sanjay Jadhav,2013-01-01T00:00:00Z,
movies_7136,Q1392744,The Wolf of Wall Street,2013 film by Martin Scorsese,2013-12-17T00:00:00Z,180.0
movies_7137,Q1393003,Behaving Badly,2014 film by Tim Garrick,2014-01-01T00:00:00Z,93.0
movies_7138,Q1393048,C.S.A.: The Confederate States of America,2004 film directed by Kevin Willmott,2004-01-01T00:00:00Z,89.0
movies_7139,Q1393064,The Yellow Sea,2010 film by Na Hong-jin,2010-12-22T00:00:00Z,156.0
movies_7140,Q139326,The Wrestler,2008 film directed by Darren Aronofsky,2008-09-05T00:00:00Z,105.0
movies_7141,Q1393268,In God We Trust,"2012 film by Alex Westaway, Dan Haigh",2012-01-01T00:00:00Z,
movies_7142,Q13936492,Bhajatey Raho,2013 Hindi film,2013-07-26T00:00:00Z,
movies_7143,Q1393651,Hamlet,2000 film directed by Michael Almereyda,2000-01-01T00:00:00Z,107.0
movies_7144,Q1393668,Guru,2007 film directed by Mani Ratnam,2007-01-12T00:00:00Z,166.0
movies_7145,Q139383964,Mission to Uranus,2000 American pornographic film directed by Seymore Butts,2000-08-01T00:00:00Z,120.0
movies_7146,Q139384283,Shagnet,2001 American pornographic film directed by Cash Markman,2001-01-01T00:00:00Z,79.0
movies_7147,Q139384500,Glazed and Confused 5,2005 American pornographic film directed by William H. Nutsack,2005-01-01T00:00:00Z,91.0
movies_7148,Q139384603,Lady Fellatio in the Doghouse,2002 American pornographic film directed by Mason,2002-04-05T00:00:00Z,125.0
movies_7149,Q139384904,Tails from the Toilet,2004 American pornographic film directed by Patrick Collins,2004-01-01T00:00:00Z,
movies_7150,Q139384960,Cum Swallowing Whores,2003 American pornographic film directed by Francesca Lé,2003-01-01T00:00:00Z,124.0
movies_7151,Q1393871,Falafel,2006 Lebanese film by Michel Kammoun,2006-01-01T00:00:00Z,83.0
movies_7152,Q1393949,"Falco: Damn It, We're Still Alive!",2008 film by Thomas Roth,2008-01-01T00:00:00Z,114.0
movies_7153,Q139406266,Clusterfuck 5,2006 American pornographic film directed by Jim Powers,2006-01-01T00:00:00Z,126.0
movies_7154,Q139407013,Cum Swallowing Whores 2,2003 American pornographic film directed by Francesca Lé,2003-10-01T00:00:00Z,104.0
movies_7155,Q139410037,Vision,2001 American pornographic film directed by Cleo Edwards,2001-01-01T00:00:00Z,79.0
movies_7156,Q139411450,Buttslammers 21,2001 American pornographic film,2001-01-01T00:00:00Z,118.0
movies_7157,Q1394556,Falling,2006 film by Barbara Albert,2006-01-01T00:00:00Z,85.0
movies_7158,Q139460,Ghost World,2001 film by Terry Zwigoff,2001-01-01T00:00:00Z,111.0
movies_7159,Q139492039,Essentially Dee,1999 pornographic documentary film directed by Mark Stone,2000-01-14T00:00:00Z,120.0
movies_7160,Q139492983,Shayla's Web,2000 American pornographic film directed by Michael Ninn,2000-01-01T00:00:00Z,
movies_7161,Q139494275,Power Bitches 2,2007 American pornographic film directed by Jim Powers,2007-02-01T00:00:00Z,124.0
movies_7162,Q139494326,Cafe Flesh 3,2003 American pornographic film directed by Anthony R. Lovett,2003-01-01T00:00:00Z,
movies_7163,Q1395101,Fame,2009 film by Kevin Tancharoen,2009-09-25T00:00:00Z,107.0
movies_7164,Q1395306,Killing Me Softly,2002 film by Chen Kaige,2002-01-01T00:00:00Z,100.0
movies_7165,Q139571139,Fast Forward,2004 short film directed by Alexis Van Stratum,2004-01-01T00:00:00Z,5.0
movies_7166,Q139573809,Mademoiselle Zhivago,2013 dramatic musical film by Alan Badoev,2013-04-05T00:00:00Z,51.0
movies_7167,Q139577093,Desperately Seeking Shay,2001 American pornographic film directed by Marc Cushman,2001-10-01T00:00:00Z,85.0
movies_7168,Q139579988,Shitty Shitty Bang Bang,2004 American pornographic film directed by Skeeter Kerkove,2004-01-01T00:00:00Z,140.0
movies_7169,Q139600175,LA 399,1999 American pornographic film directed by Rob Black,2014-01-01T00:00:00Z,122.0
movies_7170,Q139604970,Bella Loves Jenna,2004 American pornographic film directed by Justin Sterling and Jenna Jameson,2004-01-01T00:00:00Z,115.0
movies_7171,Q1396056,The Rotterdam Bombing,2012 film by Ate de Jong,2012-01-01T00:00:00Z,105.0
movies_7172,Q1396618,Under the Bombs,2007 film by Philippe Aractingi,2007-01-01T00:00:00Z,98.0
movies_7173,Q139662023,Raiders of the Lost Arse,2001 American gay pornographic film directed by Chris Ward,2001-01-01T00:00:00Z,103.0
movies_7174,Q139677233,No Man's Land: Asian Edition 4,2002 American lesbian pornographic film directed by David Aaron Clark,2002-01-01T00:00:00Z,112.0
movies_7175,Q139679016,Where Is St. Nicholas' Big Book?,2019 Dutch family film,2019-10-16T00:00:00Z,67.0
movies_7176,Q139679673,Abigail,2018 American pornographic film directed by Kayden Kross,2018-01-01T00:00:00Z,220.0
movies_7177,Q139683978,Woyzeck,2017 short film by Alexander Tuschinski,2017-10-02T00:00:00Z,12.0
movies_7178,Q139683993,The Songwriter of Botnang,2022 documentary film by Alexander Tuschinski,2019-06-29T00:00:00Z,37.0
movies_7179,Q139701341,Facialized 7,2019 Canadian pornographic film directed by Mason,2019-10-23T00:00:00Z,122.0
movies_7180,Q139708328,Facialized 4,2017 Canadian pornographic film directed by Mason,2017-06-28T00:00:00Z,142.0
movies_7181,Q139710216,Adriana Chechik: The Ultimate Slut,2015 American pornographic film directed by Jonni Darkko,2015-12-02T00:00:00Z,218.0
movies_7182,Q139713440,"Love, Kennedy",2017 American film,2017-01-01T00:00:00Z,
movies_7183,Q1397469,Fashionistas Safado: The Challenge,2006 film by John Stagliano,2006-01-01T00:00:00Z,250.0
movies_7184,Q139762104,Evalutionary,2009 American pornographic film directed by William H. Nutsack,2009-09-29T00:00:00Z,166.0
movies_7185,Q139762203,Evalutionary 2,2012 American pornographic film directed by William H. Nutsack,2012-03-06T00:00:00Z,165.0
movies_7186,Q139762241,Performers of the Year 2010,2009 American pornographic film directed by William H. Nutsack,2009-01-01T00:00:00Z,235.0
movies_7187,Q139762306,Prison Girls,2011 American pornographic film directed by William H. Nutsack,2011-03-15T00:00:00Z,145.0
movies_7188,Q139762381,Best New Starlets 2012,2011 American pornographic film directed by William H. Nutsack,2011-12-27T00:00:00Z,184.0
movies_7189,Q1397682,Fast Sofa,2001 film,2001-01-01T00:00:00Z,104.0
movies_7190,Q139770701,Stud Hunters,2002 American pornographic film directed by Candida Royalle,2002-01-01T00:00:00Z,80.0
movies_7191,Q1397719,The Italian,2010 film by Olivier Baroux,2010-01-01T00:00:00Z,102.0
movies_7192,Q139796910,Facialized 2,2015 Canadian pornographic film directed by Mason,2015-05-27T00:00:00Z,
movies_7193,Q139796946,Facialized 3,2016 Canadian pornographic film directed by Mason,2016-08-31T00:00:00Z,110.0
movies_7194,Q13980021,Leaving by the Way,2002 film by Viestur Kairish,2002-07-06T00:00:00Z,
movies_7195,Q139821001,Cellar Dweller 3,2000 American pornographic film directed by Robert Madison,2000-10-01T00:00:00Z,112.0
movies_7196,Q139821061,Cellar Dweller 4,2001 American pornographic film directed by Robert Madison,2001-01-01T00:00:00Z,111.0
movies_7197,Q139827909,The Incredible Hulk XXX: A Porn Parody,2011 American pornographic film directed by B. Skow,2011-06-10T00:00:00Z,252.0
movies_7198,Q139829168,An American Werewolf in London XXX Porn Parody,2012 American pornographic film directed by Jim Powers,2011-01-01T00:00:00Z,135.0
movies_7199,Q139838771,The Taste of Money: a Forbidden Transaction,,2020-09-17T00:00:00Z,
movies_7200,Q139840246,Stalker Half,,2019-12-25T00:00:00Z,
movies_7201,Q139840452,"My Sister, Sister, Sister...",,2019-01-01T00:00:00Z,
movies_7202,Q139840469,The Girl Next Door 2,,2018-12-14T00:00:00Z,
movies_7203,Q139840476,Sister Exchange Sex,,2018-12-04T00:00:00Z,
movies_7204,Q139840572,Mother-in-law's Introduction,,2018-05-22T00:00:00Z,
movies_7205,Q139840621,Aunt's Temptation,,2018-03-02T00:00:00Z,
movies_7206,Q139840643,Cheating Wives,,2018-01-23T00:00:00Z,
movies_7207,Q139840671,A Lusty Wife's Double Life,,2017-12-14T00:00:00Z,
movies_7208,Q139840709,The Sister-in-Law Affairs,,2017-09-07T00:00:00Z,
movies_7209,Q139840749,Covet: Island of Desire,,2017-05-04T00:00:00Z,
movies_7210,Q139840847,Tasty Encounter,,2016-02-29T00:00:00Z,
movies_7211,Q139841707,A Married Woman Eating,,2020-09-14T00:00:00Z,
movies_7212,Q139841708,Sea Breeze: Unfaithful Woman,,2020-09-11T00:00:00Z,
movies_7213,Q139841724,Female Boss Hooker,,2020-08-31T00:00:00Z,
movies_7214,Q139841727,Housewife Dealer,,2020-08-27T00:00:00Z,
movies_7215,Q139841747,Married Woman Fan Club,2020 South Korean film,2020-08-03T00:00:00Z,
movies_7216,Q139841749,Hyena,,2020-07-31T00:00:00Z,
movies_7217,Q139841758,"Watching, Private Sex Lesson",,2020-07-27T00:00:00Z,
movies_7218,Q139841759,Another's Wife,,2020-07-25T00:00:00Z,
movies_7219,Q139841804,Adult Hazing,,2020-06-23T00:00:00Z,
movies_7220,Q139841826,Stepmom's Desire,,2020-05-29T00:00:00Z,
movies_7221,Q139841853,Tutor Twin Girlfriend,,2020-05-14T00:00:00Z,
movies_7222,Q139841864,Arang,,2020-05-05T00:00:00Z,
movies_7223,Q139841898,Seducing Country Girl,,2020-03-23T00:00:00Z,
movies_7224,Q139841937,Reason for Affair,,2020-02-17T00:00:00Z,
movies_7225,Q139841942,Good Wife: Wife's Experience,,2020-02-10T00:00:00Z,
movies_7226,Q139841982,Narrow Nambul,,2020-01-01T00:00:00Z,
movies_7227,Q139845452,Official Bounty Hunter Parody 2,2010 American pornographic film directed by Reno,2010-07-19T00:00:00Z,185.0
movies_7228,Q139845454,Official Bounty Hunter Parody 4,2011 American pornographic film directed by Reno,2011-01-01T00:00:00Z,159.0
movies_7229,Q139845473,Official Bounty Hunter Parody 5,2011 American pornographic film directed by Reno,2011-01-01T00:00:00Z,110.0
movies_7230,Q139849573,Abgezockt & flachgelegt,2009 German pornographic film directed by Tony stark,2009-10-15T00:00:00Z,97.0
movies_7231,Q139850379,Soubrettes Services,2010 French pornographic film directed by Hervé Bodilis,2010-01-01T00:00:00Z,90.0
movies_7232,Q139850380,Soubrettes Services: Trainees,2010 French pornographic film directed by Hervé Bodilis,2010-06-01T00:00:00Z,96.0
movies_7233,Q139850382,Soubrettes Services: Special Stars,2010 French pornographic film directed by Herve Bodilis,2010-01-01T00:00:00Z,116.0
movies_7234,Q1398555,Faust,2002 film by Mario Salieri,2002-01-01T00:00:00Z,110.0
movies_7235,Q139864694,Soubrettes Services: Claire & Cara à votre service,2015 French pornographic film directed by Hervé Bodilis,2015-03-09T00:00:00Z,100.0
movies_7236,Q139864725,Soubrettes services: Lola au plaisir de Monsieur,2013 French pornographic film directed by Hervé Bodilis,2013-12-01T00:00:00Z,97.0
movies_7237,Q139864737,Soubrettes Services: Les soubrettes de madame,2016 French pornographic film directed by Frank Major,2016-05-09T00:00:00Z,118.0
movies_7238,Q139864890,Soubrettes Services: Anna apprentie soubrette,2011 French pornographic film directed by Hervé Bodilis,2011-01-01T00:00:00Z,89.0
movies_7239,Q139865689,Soubrettes Services: L'Education d'une Jeune Soubrette,2014 French pornographic film directed by Hervé Bodilis,2014-08-20T00:00:00Z,100.0
movies_7240,Q139882636,Good Girl,,2007-01-01T00:00:00Z,
movies_7241,Q139888946,Soubrettes Services: Madame et sa soubrette,2017 French pornographic film directed by Frank Major,2017-02-15T00:00:00Z,118.0
movies_7242,Q139889177,Soubrettes Services: Soubrettes à partager,2018 French pornographic film directed by Frank Major,2018-03-21T00:00:00Z,119.0
movies_7243,Q139889412,Millionaire Matchmaker XXX: A Hardcore Parody,2011 Canadian pornographic film directed by Ashlynn Brooke,2011-01-02T00:00:00Z,149.0
movies_7244,Q139891876,Up and Cummers 100,2002 American pornographic film directed by Randy West,2002-01-01T00:00:00Z,136.0
movies_7245,Q139894303,Club Sin,2002 American pornographic film directed by Antonio Passolini,2002-04-09T00:00:00Z,122.0
movies_7246,Q1398997,Fay Grim,2006 film by Hal Hartley,2006-01-01T00:00:00Z,118.0
movies_7247,Q139900306,Ariana Marie: A Little Bit Harder,2018 American pornographic film directed by Chris Streams,2018-08-15T00:00:00Z,121.0
movies_7248,Q139914056,Kiss Tomorrow Goodbye,2000 film by Jason Priestley,2000-08-24T00:00:00Z,88.0
movies_7249,Q139927,Zack and Miri Make a Porno,2008 comedy film by Kevin Smith,2008-01-01T00:00:00Z,102.0
movies_7250,Q139935565,Unforgotten,2004 Short Film by Aylin Baykal,2004-05-31T00:00:00Z,
movies_7251,Q139936354,Jack,2020 short film by Victorius Kingston,2020-10-31T00:00:00Z,
movies_7252,Q139964441,Crisis bij F.C. De Kapoenen,2014 Belgian pornographic film directed by Eddy Lipstick,2014-01-01T00:00:00Z,
movies_7253,Q139970957,Dorcel Airlines: Indecent Flight Attendants,2019 French pornographic film directed by Liselle Bailey,2019-07-31T00:00:00Z,135.0
movies_7254,Q139970976,Dorcel Airlines Flight No. DP 69,2007 French pornographic film directed by Hervé Bodilis,2007-01-01T00:00:00Z,87.0
movies_7255,Q139970989,Dorcel Airlines: First Class,2009 French pornographic film directed by Hervé Bodilis,2009-08-18T00:00:00Z,104.0
movies_7256,Q139970997,Dorcel Airlines: Sexual Stopovers,2019 French pornographic film directed by Liselle Bailey,2019-04-29T00:00:00Z,128.0
movies_7257,Q139974833,Mariska: Desires of Submission,2020 French pornographic film directed by Hervé Bodilis,2020-06-22T00:00:00Z,155.0
movies_7258,Q139975381,B&B Family Business in Belgium,2019 French pornographic film directed by Mariska X,2019-01-01T00:00:00Z,86.0
movies_7259,Q139976582,"40 Years Old, My Wife with No Panties",2017 French pornographic film directed by Liselle Bailey,2017-09-04T00:00:00Z,113.0
movies_7260,Q139976658,The Bailiff Is Working Overtime,2020 French pornographic film directed by Mariska X,2020-04-24T00:00:00Z,91.0
movies_7261,Q140009,She's Out of My League,2010 film by Jim Field Smith,2010-03-11T00:00:00Z,104.0
movies_7262,Q140011048,Dirty Peep Show,2013 pornographic film directed by Philippe Soine,2013-01-01T00:00:00Z,98.0
movies_7263,Q140011106,Prostitution,2011 French pornographic film directed by Philippe Soine,2011-01-01T00:00:00Z,80.0
movies_7264,Q140026947,Jacky,2020 pornographic film directed by Ludovic Dekan and Pascal Lucas,2020-06-01T00:00:00Z,76.0
movies_7265,Q1400278,Last Supper at the Arabian Gray Horse,2001 film directed Miklós Jancsó and István Márton,2001-02-15T00:00:00Z,90.0
movies_7266,Q140042756,Brit School Brats,2013 British pornographic film,2013-03-26T00:00:00Z,120.0
movies_7267,Q140047635,Looker 2: Femme Fatale,2000 American pornographic film directed by Nic Cramer,2000-12-01T00:00:00Z,105.0
movies_7268,Q1400498,Retreat,2011 film,2011-01-01T00:00:00Z,90.0
movies_7269,Q140053026,Romain et Juliette,Canadian short drama film,2000-10-01T00:00:00Z,
movies_7270,Q1400547,LOL,2008 film directed by Lisa Azuelos,2008-01-01T00:00:00Z,108.0
movies_7271,Q140066968,Zajtrk petelinov,2011 Slovenian pornographic film directed by Max Modic,2011-09-09T00:00:00Z,
movies_7272,Q140067351,Hiša nasprot' sonca,2010 Slovenian pornographic film directed by Max Modic,2010-09-10T00:00:00Z,126.0
movies_7273,Q1400892,Feed,2005 film by Brett Leonard,2005-01-01T00:00:00Z,98.0
movies_7274,Q140092422,Pionerki - Plod Grekha,2007 Russian pornographic film directed by Nestor Petrovich,2007-01-01T00:00:00Z,111.0
movies_7275,Q1401025,Purple Violets,2007 American film by Edward Burns,2007-01-01T00:00:00Z,101.0
movies_7276,Q1401088,Roman,2006 horror film directed by Angela Bettis,2006-01-01T00:00:00Z,92.0
movies_7277,Q1401342,Stella and the star of the Orient,2008 film by Almut Getto,2008-04-20T00:00:00Z,90.0
movies_7278,Q1401449,Feiern,2006 film by Maja Classen,2006-01-01T00:00:00Z,81.0
movies_7279,Q140181539,Depraved Fantasies 7,1999 American pornographic film directed by Matt Zane,2000-11-01T00:00:00Z,84.0
movies_7280,Q140183573,A Long Way Home,A documentary film by Luc Schaedler from 2005,2018-01-01T00:00:00Z,73.0
movies_7281,Q140199481,Spermaharen,movie | 2002,2002-01-01T00:00:00Z,
movies_7282,Q140206305,Every Woman Has A Fantasy 3,1999 American pornographic film directed by Edwin Brown,2000-05-01T00:00:00Z,97.0
movies_7283,Q140267,Lorna's Silence,2008 film directed by Jean-Pierre Dardenne und Luc Dardenne,2008-01-01T00:00:00Z,109.0
movies_7284,Q1402686,Paper,2010 film directed by Sinan Çetin,2010-01-01T00:00:00Z,90.0
movies_7285,Q140278753,Rotkäppchen: The Blood of Red Riding Hood,2009 film,2009-10-13T00:00:00Z,105.0
movies_7286,Q140278814,Call Me Mother,2014 American pornographic film directed by Harry Sparks,2014-08-27T00:00:00Z,106.0
movies_7287,Q140278983,Aunts in My Pants,2016 American pornographic film directed by Jay West and Jodi West,2016-01-01T00:00:00Z,
movies_7288,Q140281378,Mother's Indiscretion,2013 American pornographic film directed by Jay West,2013-03-06T00:00:00Z,113.0
movies_7289,Q140283100,Entrapments,2014 American pornographic film directed by Levi Cash,2014-06-24T00:00:00Z,124.0
movies_7290,Q140285201,The Vampire Mistress,2013 American pornographic film directed by Harry Sparks,2013-06-05T00:00:00Z,78.0
movies_7291,Q1402883,Nancy Drew,2007 film by Andrew Fleming,2007-06-15T00:00:00Z,99.0
movies_7292,Q1402901,Up at the Villa,2000 film by Philip Haas,2000-01-01T00:00:00Z,115.0
movies_7293,Q1403029,Felicia's Journey,1999 film by Atom Egoyan,2000-02-03T00:00:00Z,116.0
movies_7294,Q140304674,Perverted Stories 35,2002 American pornographic film directed by Jim Powers,2002-10-01T00:00:00Z,101.0
movies_7295,Q140304908,Transgendered Bosses,2019 American pornographic film directed by Jim Powers,2019-03-16T00:00:00Z,133.0
movies_7296,Q140310203,Internal Damnation 8,2014 American pornographic film directed by Chris Streams,2014-07-16T00:00:00Z,167.0
movies_7297,Q140310384,Internal Damnation 4,2010 American pornographic film directed by Chris Streams,2010-01-17T00:00:00Z,183.0
movies_7298,Q140310411,Gangbang Me,2014 Canadian pornographic film directed by Mason,2014-07-23T00:00:00Z,100.0
movies_7299,Q140310447,Gangbang Me 2,2015 Canadian pornographic film directed by Mason,2015-08-05T00:00:00Z,114.0
movies_7300,Q140310501,Gangbang Me 3,2018 Canadian pornographic film directed by Mason,2018-03-28T00:00:00Z,99.0
movies_7301,Q140310577,Gangbang Me 4,2018 American pornographic film directed by Mason,2018-12-12T00:00:00Z,88.0
movies_7302,Q140310578,Gangbang Me 5,2019 American pornographic film directed by Mason,2019-08-14T00:00:00Z,93.0
movies_7303,Q140310616,TS Playground 21,2015 American pornographic film directed by Jay Sin,2015-09-28T00:00:00Z,165.0
movies_7304,Q140314521,Holly Hendrix’s Anal Experience,2016 American pornographic film directed by Jonni Darkko,2016-09-12T00:00:00Z,262.0
movies_7305,Q140314684,Adriana Chechik Is The Squirt Queen,2017 American pornographic film directed by Toni Ribas,2017-09-18T00:00:00Z,198.0
movies_7306,Q140317491,Transfixed 6,2020 pornographic film directed by Curious Judas and Bree Mills,2020-02-11T00:00:00Z,138.0
movies_7307,Q140322509,Multiple P.O.V.,2003 American pornographic film directed by Vince Vouyer,2003-01-01T00:00:00Z,137.0
movies_7308,Q140323980,Lex Steele XXX 3,2004 American pornographic film directed by Lexington Steele,2004-08-01T00:00:00Z,135.0
movies_7309,Q140324088,Lex Steele XXX 5,2005 American pornographic film directed by Lexington Steele,2005-09-01T00:00:00Z,140.0
movies_7310,Q140324628,Cumshitters,2005 American pornographic film directed by Manuel Ferrara,2005-07-01T00:00:00Z,145.0
movies_7311,Q140327261,Ass Worship 7,2005 American pornographic film directed by Jules Jordan,2005-05-27T00:00:00Z,240.0
movies_7312,Q140328912,Ass Worship,2001 American pornographic film directed by Jules Jordan,2001-11-12T00:00:00Z,140.0
movies_7313,Q140328924,Ass Worship 2,2002 American pornographic film directed by Jules Jordan,2002-02-27T00:00:00Z,135.0
movies_7314,Q140328925,Ass Worship 3,2002 American pornographic film directed by Jules Jordan,2002-06-19T00:00:00Z,126.0
movies_7315,Q140328927,Ass Worship 4,2003 American pornographic film directed by Jules Jordan,2003-06-18T00:00:00Z,143.0
movies_7316,Q140328931,Ass Worship 5,2003 American pornographic film director by Jules Jordan,2003-01-01T00:00:00Z,140.0
movies_7317,Q140328935,Ass Worship 6,2004 American pornographic film directed by Jules Jordan,2004-10-29T00:00:00Z,200.0
movies_7318,Q140351255,Ass Worship 8,2005 American pornographic film directed by Jules Jordan,2005-09-19T00:00:00Z,223.0
movies_7319,Q140351263,Ass Worship 9,2006 American pornographic film directed by Jules Jordan,2006-06-26T00:00:00Z,240.0
movies_7320,Q140351275,Ass Worship 10,2007 American pornographic film directed by Jules Jordan,2007-09-28T00:00:00Z,275.0
movies_7321,Q140351279,Ass Worship 11,2009 American pornographic film directed by Jules Jordan,2009-07-30T00:00:00Z,268.0
movies_7322,Q140351436,Ass Worship 16,American pornographic film directed by Jules Jordan,2015-05-28T00:00:00Z,199.0
movies_7323,Q140352630,Xcalibur 2: The Lords of Sex,2007 pornographic film directed by Pierre Woodman,2007-01-01T00:00:00Z,170.0
movies_7324,Q140352638,Xcalibur 3: The Lords of Sex,2007 pornographic film directed by Pierre Woodman,2007-01-01T00:00:00Z,180.0
movies_7325,Q140357437,Hot body Sister In Law,,2020-11-28T00:00:00Z,
movies_7326,Q140357468,Female Employee: Obscene Deal,,2020-06-10T00:00:00Z,
movies_7327,Q140357497,Perfect Woman,,2020-10-09T00:00:00Z,
movies_7328,Q140361734,Evil Anal 2,2007 American pornographic film directed by Manuel Ferrara,2007-01-24T00:00:00Z,179.0
movies_7329,Q140362833,Fetish: The Dream Scape,2002 American pornographic film directed by Laurent Sky,2002-01-01T00:00:00Z,104.0
movies_7330,Q14036428,Life of Crime,2013 film by Daniel Schechter,2013-01-01T00:00:00Z,99.0
movies_7331,Q140365443,Euroglam Budapest: Wanda Curtis,2003 American pornographic film directed by Michael Ninn,2003-01-26T00:00:00Z,86.0
movies_7332,Q140365485,Euroglam Budapest 2: Nikki Blonde,2003 American pornographic film directed by Michael Ninn,2003-04-01T00:00:00Z,105.0
movies_7333,Q140365506,Euroglam 3: An American In Europe,2003 American pornographic film directed by Michael Ninn,2003-07-30T00:00:00Z,74.0
movies_7334,Q140365523,Euroglam 4: An American In Europe: Final Chapter,2003 American pornographic film directed by Michael Ninn,2003-01-01T00:00:00Z,98.0
movies_7335,Q140368070,Fetish Circus,2004 American pornographic film directed by Laurent Sky,2004-02-06T00:00:00Z,144.0
movies_7336,Q140368114,Fetish: I Know Your Dreams,2003 American pornographic film directed by Laurent Sky,2003-01-01T00:00:00Z,108.0
movies_7337,Q140368119,Fetish: Are You Human?,2003 American pornographic film directed by Laurent Sky,2002-01-01T00:00:00Z,88.0
movies_7338,Q140370097,Neo Pornographia 2,2005 American pornographic film directed by Michael Ninn,2005-08-01T00:00:00Z,240.0
movies_7339,Q140370100,Neo Pornographia 3,2005 American pornographic film directed by Michael Ninn,2005-01-01T00:00:00Z,109.0
movies_7340,Q140370101,Neo Pornographia 4,2005 American pornographic film directed by Michael Ninn,2005-01-01T00:00:00Z,90.0
movies_7341,Q1404012,Fur,2006 film directed by Steven Shainberg,2006-09-01T00:00:00Z,122.0
movies_7342,Q140405011,The Celebrated Gisaeng,,2014-12-30T00:00:00Z,
movies_7343,Q140409364,Indigo Nights,2000 American pornographic film directed by Dino Ninn,2000-01-01T00:00:00Z,90.0
movies_7344,Q140420579,Private Sports 1: Moto XXX,2003 American pornographic film directed by Gazzman,2003-07-01T00:00:00Z,90.0
movies_7345,Q140429264,Fluff and Fold,2004 American pornographic film directed by Brad Armstrong,2004-08-01T00:00:00Z,138.0
movies_7346,Q1404323,Nine Queens,2000 film by Fabián Bielinsky,2000-01-01T00:00:00Z,109.0
movies_7347,Q1404391,The Circuit,2002 film by Jalal Merhi,2002-01-01T00:00:00Z,91.0
movies_7348,Q140441852,Sexpionage: The Drake Chronicles,2013 American pornographic film directed by Scott Allen,2013-08-21T00:00:00Z,141.0
movies_7349,Q140473571,The Torture Club,2014 film by Kōta Yoshida,2014-07-18T00:00:00Z,97.0
movies_7350,Q1404842,Summer Window,2011 film directed by Hendrik Handloegten,2011-11-03T00:00:00Z,96.0
movies_7351,Q140494137,Guaraní,2016 film directed by Luis Zorraquín,2016-01-01T00:00:00Z,85.0
movies_7352,Q1405016,The Holy Girl,2004 film by Lucrecia Martel,2004-01-01T00:00:00Z,106.0
movies_7353,Q1405113,Outpost,2008 film directed by Steve Barker,2008-01-01T00:00:00Z,86.0
movies_7354,Q1405126,American Psycho,2000 film directed by Mary Harron,2000-01-21T00:00:00Z,102.0
movies_7355,Q1405305,Not on the Lips,2003 film by Alain Resnais,2003-01-01T00:00:00Z,115.0
movies_7356,Q140548242,Sex way,2001 hardcore film by Leo Salemi,2001-01-01T00:00:00Z,
movies_7357,Q140571234,Class Reunion 3: Godfathers,2019 film directed by René Vilbre,2019-01-01T00:00:00Z,90.0
movies_7358,Q1405845,Murderous Maids,2000 French film directed by Jean-Pierre Denis,2000-01-01T00:00:00Z,94.0
movies_7359,Q1405901,The Young Lieutenant,2005 film by Xavier Beauvois,2005-01-01T00:00:00Z,110.0
movies_7360,Q1406074,A Question of Taste,2000 film by Bernard Rapp,2000-01-01T00:00:00Z,90.0
movies_7361,Q1406098,Private Property,2006 film by Joachim Lafosse,2006-01-01T00:00:00Z,95.0
movies_7362,Q1406151,Bonded by Blood,2010 film by Sacha Bennett,2010-01-01T00:00:00Z,92.0
movies_7363,Q1406257,George Washington,2000 film by David Gordon Green,2000-02-11T00:00:00Z,89.0
movies_7364,Q1406280,Father and Son,2003 film by Alexander Sokurov,2003-05-23T00:00:00Z,97.0
movies_7365,Q1406330,The Hard Corps,2006 film by Sheldon Lettich,2006-01-01T00:00:00Z,110.0
movies_7366,Q140645619,Whore of the Rings 2,2003 American pornographic film directed by Jim Powers,2003-06-30T00:00:00Z,84.0
movies_7367,Q140669,Yakshiyum Njanum,2010 film by Vinayan,2010-01-01T00:00:00Z,
movies_7368,Q1406770,Chaos,2001 French film directed by Coline Serreau,2001-01-01T00:00:00Z,109.0
movies_7369,Q1406874,Shredder,2003 film directed by Greg Huson,2003-01-01T00:00:00Z,83.0
movies_7370,Q14071865,Meet Me in Montenegro,2014 film by Alex Holdridge,2014-01-01T00:00:00Z,90.0
movies_7371,Q140737097,"Ladies and Gentlemen, My Name is Paul Heyman",2014 American documentary film about wrestling personality Paul Heyman,2014-01-01T00:00:00Z,
movies_7372,Q1407454,The King's Daughters,2000 film directed by Patricia Mazuy,2000-05-16T00:00:00Z,119.0
movies_7373,Q140757194,Indecency 2,1998 pornographic film directed by Pierre Woodman,2000-03-14T00:00:00Z,144.0
movies_7374,Q140757322,Computerized Sex Cravings,2000 pornographic film directed by Kovi,2000-01-01T00:00:00Z,111.0
movies_7375,Q1407661,Today You Die,2005 film directed by Don E. Fauntleroy,2005-01-01T00:00:00Z,90.0
movies_7376,Q140775154,Sex Shot,1999 pornographic film directed by Antonio Adamo,2000-01-01T00:00:00Z,102.0
movies_7377,Q140775190,Virginia's Story,Directed by Kovi,2000-05-01T00:00:00Z,90.0
movies_7378,Q1407789,New Urban Cowboy: Toward a New Pedestrianism,2007 film by Michael E. Arth,2007-01-01T00:00:00Z,83.0
movies_7379,Q140792639,Julia,2000 pornographic film directed by Kovi,2000-07-01T00:00:00Z,96.0
movies_7380,Q140800037,Big Black Cock 3,2018 pornographic film directed by Xavi Rocka,2018-07-08T00:00:00Z,142.0
movies_7381,Q1408094,Swing,2002 French film by Tony Gatlif,2002-01-01T00:00:00Z,90.0
movies_7382,Q1408293,Fertile Ground,2011 film by Adam Gierasch,2011-01-01T00:00:00Z,95.0
movies_7383,Q140836224,Horror 101,2001 film,2001-01-01T00:00:00Z,
movies_7384,Q1409165,The Killer Inside Me,2010 film directed by Michael Winterbottom,2010-01-01T00:00:00Z,108.0
movies_7385,Q140924855,Nasty Universe 3,2006 American pornographic film directed by Jimmy Scaffnetti,2006-12-22T00:00:00Z,178.0
movies_7386,Q140924906,Nasty Universe 2,2006 American pornographic film directed by Jimmy Scaffnetti,2006-01-01T00:00:00Z,174.0
movies_7387,Q140925345,Supermodels Arschgefickt,2008 German pornographic film directed by Benito Rossi,2008-01-01T00:00:00Z,102.0
movies_7388,Q140925474,Le Avventure di Monella e la sua famiglia,2008 Italian pornographic film directed by Benito Boldi,2008-01-01T00:00:00Z,85.0
movies_7389,Q140926028,La Villa del Martirio,2002 Italian pornographic film directed by Romeo Visconti and Valery Org,2002-01-01T00:00:00Z,115.0
movies_7390,Q140935395,Fuck the Beauty,2005 pornographic film directed by Jolth Walton,2005-01-01T00:00:00Z,130.0
movies_7391,Q140935463,Diplomarbeit Ficken,2007 German pornographic film directed by Nils Molitor,2007-01-01T00:00:00Z,98.0
movies_7392,Q1409432,"Feuer, Eis & Dosenbier",2002 film by Mathias Dinter,2002-01-01T00:00:00Z,80.0
movies_7393,Q140945529,Cuore di mamma,2005 Italian pornographic film directed by Andy Casanova,2005-01-01T00:00:00Z,84.0
movies_7394,Q1409466,The Last Relic,1969 film by Grigori Kromanov,2002-03-15T00:00:00Z,86.0
movies_7395,Q140965567,Love and Psyche,1996 Italian pornographic film directed by Joe D'Amato,2000-01-04T00:00:00Z,80.0
movies_7396,Q140965568,Amore & Psiche,2008 Italian pornographic film directed by Benito Boldi,2008-01-01T00:00:00Z,90.0
movies_7397,Q1409673,Kroko,2003 film by Sylke Enders,2003-01-01T00:00:00Z,92.0
movies_7398,Q140967683,Amore & Psiche 2,2008 Italian pornographic film directed by Benito Boldi,2008-01-01T00:00:00Z,103.0
movies_7399,Q140970317,How We Brought Grandad Back to Life,,2017-01-01T00:00:00Z,15.0
movies_7400,Q140971101,Past na Ježíška,2006 television short,2006-01-01T00:00:00Z,14.0
movies_7401,Q140985891,Lust Tango in Paris,2001 pornographic film directed by Kovi,2001-10-01T00:00:00Z,132.0
movies_7402,Q140989013,Eternal Love,2001 pornographic film directed by Kovi,2001-06-01T00:00:00Z,94.0
movies_7403,Q140989380,Love is in the Web,2002 pornographic film directed by Kovi,2002-08-01T00:00:00Z,100.0
movies_7404,Q140998194,FortySix,2015 horror film,2015-12-24T00:00:00Z,
movies_7405,Q1410031,Tom Meets Zizou,2011 film by Aljoscha Pause,2011-01-01T00:00:00Z,135.0
movies_7406,Q1410288,The Chumscrubber,2005 film by Arie Posin,2005-01-01T00:00:00Z,108.0
movies_7407,Q1410628,The Duchess of Langeais,2007 film by Jacques Rivette,2006-01-01T00:00:00Z,137.0
movies_7408,Q1410845,The Dish,2000 film by Rob Sitch,2000-01-01T00:00:00Z,101.0
movies_7409,Q1410850,Best,2000 film by Mary McGuckian,2000-01-01T00:00:00Z,102.0
movies_7410,Q141105874,Planet Sexxx,1998 pornographic film directed by Anita Rinaldi,2000-04-24T00:00:00Z,103.0
movies_7411,Q141105875,Planet Sexxx 2,1998 pornographic film directed by Anita Rinaldi,2004-03-20T00:00:00Z,82.0
movies_7412,Q1411060,Testosterone,2003 film directed by David Moreton,2003-01-01T00:00:00Z,105.0
movies_7413,Q141124361,The MILF Masseuse,2011 direct-to-video film,2011-11-14T00:00:00Z,152.0
movies_7414,Q141124540,The Masseuse,2013 American pornographic film directed by Mike Quasar,2013-10-22T00:00:00Z,90.0
movies_7415,Q1411281,Masti,2004 film by Indra Kumar,2004-04-09T00:00:00Z,166.0
movies_7416,Q1411345,Four Brothers,2005 film by John Singleton,2005-01-01T00:00:00Z,109.0
movies_7417,Q1411365,Fido,2006 film by Andrew Currie,2006-01-01T00:00:00Z,91.0
movies_7418,Q141141472,One Night Home,2013 Taiwanese short-form movie,2013-07-01T00:00:00Z,
movies_7419,Q141145073,Mother Superior,2013 American pornographic film directed by Nica Noelle,2013-01-01T00:00:00Z,144.0
movies_7420,Q141145135,Mother Superior 3: Satan's Daughter,2014 American pornographic film directed by Nica Noelle,2014-01-01T00:00:00Z,122.0
movies_7421,Q141146090,Lesbian Massage 5,2020 Canadian pornographic film directed by Ricky Greenwood,2020-01-01T00:00:00Z,130.0
movies_7422,Q141146364,Al Makina,2010 film by Mohamed Abderrahman Tazi,2010-08-18T00:00:00Z,
movies_7423,Q141159983,The Gift,2018 American short pornographic film directed by Young M.A,2018-02-20T00:00:00Z,49.0
movies_7424,Q14117444,The November Man,2014 film directed by Roger Donaldson,2014-08-13T00:00:00Z,108.0
movies_7425,Q141188530,Blow Me Sandwich,2003 American pornographic film directed by Greg Alves,2003-04-09T00:00:00Z,111.0
movies_7426,Q141188535,Blow Me Sandwich 2,2003 American pornographic film directed by Greg Alves,2003-10-15T00:00:00Z,110.0
movies_7427,Q141188536,Blow Me Sandwich 3,2003 American pornographic film directed by Greg Alves,2003-11-19T00:00:00Z,120.0
movies_7428,Q141188537,Blow Me Sandwich 4,2004 American pornographic film directed by Greg Alves,2004-01-01T00:00:00Z,118.0
movies_7429,Q141188539,Blow Me Sandwich 5,2004 direct-to-video film,2004-09-15T00:00:00Z,118.0
movies_7430,Q141188540,Blow Me Sandwich 6,2004 American pornographic film directed by Greg Alves,2004-01-01T00:00:00Z,138.0
movies_7431,Q141188541,Blow Me Sandwich 7,2005 American pornographic film directed by Greg Alves,2005-08-24T00:00:00Z,114.0
movies_7432,Q141188542,Blow Me Sandwich 8,2005 American pornographic film directed by Greg Alves,2005-11-10T00:00:00Z,115.0
movies_7433,Q141188543,Blow Me Sandwich 9,2006 direct-to-video film,2006-10-18T00:00:00Z,122.0
movies_7434,Q141188544,Blow Me Sandwich 10,2006 direct-to-video film,2006-12-30T00:00:00Z,123.0
movies_7435,Q141188545,Blow Me Sandwich 11,2007 American pornographic film directed by Greg Alves,2007-08-28T00:00:00Z,131.0
movies_7436,Q141188546,Blow Me Sandwich 12,2008 American pornographic film directed by Greg Alves,2008-06-24T00:00:00Z,119.0
movies_7437,Q141188550,Blow Me Sandwich 16,2013 American pornographic film directed by Mike Quasar,2013-05-02T00:00:00Z,112.0
movies_7438,Q141188551,Blow Me Sandwich 14,2009 American pornographic film directed by Greg Alves,2009-12-02T00:00:00Z,127.0
movies_7439,Q141188553,Blow Me Sandwich 13,2008 American pornographic film directed by Greg Alves,2008-11-18T00:00:00Z,126.0
movies_7440,Q141188968,Girlvana 2,2006 American lesbian pornographic film directed by Mike Quasar,2006-11-30T00:00:00Z,246.0
movies_7441,Q141188969,Girlvana 3,2007 American lesbian pornographic film directed by Mike Quasar,2007-11-14T00:00:00Z,252.0
movies_7442,Q141188970,Girlvana 4,2008 American lesbian pornographic film directed by Mike Quasar,2008-08-12T00:00:00Z,227.0
movies_7443,Q141188993,Interactive Sex with Lisa Ann,2009 American pornographic film directed by Mike Quasar,2009-02-17T00:00:00Z,120.0
movies_7444,Q141189025,Interactive Sex with Tori Black,2009 American pornographic film directed by Mike Quasar,2009-08-11T00:00:00Z,3.0
movies_7445,Q141203193,The Jenny Hendrix Anal Experience,Directed by Manuel Ferrara,2007-12-17T00:00:00Z,139.0
movies_7446,Q141203446,Evil Anal,2006 American pornographic film directed by Manuel Ferrara,2006-08-23T00:00:00Z,206.0
movies_7447,Q141205529,Misha Cross Wide Open,2014 American pornographic film directed by Manuel Ferrara and Kayden Kross,2014-09-22T00:00:00Z,115.0
movies_7448,Q141216541,Flesh Hunter 7,2004 direct-to-video film,2004-08-25T00:00:00Z,151.0
movies_7449,Q141217754,Shades of Scarlet,2014 American pornographic film directed by Mike Quasar,2014-09-16T00:00:00Z,123.0
movies_7450,Q141217756,Shades of Scarlet 2: Higher Power,2015 American pornographic film directed by Mike Quasar,2015-10-06T00:00:00Z,122.0
movies_7451,Q141217772,Hot Wife Creampie,2017 American pornographic film directed by Mike Quasar,2017-04-04T00:00:00Z,104.0
movies_7452,Q1412321,Wishcraft,2002 film,2002-01-01T00:00:00Z,97.0
movies_7453,Q141244763,Eva Angelina,film,2006-01-01T00:00:00Z,101.0
movies_7454,Q141244818,Car Wash Girls,2010 American pornographic film directed by Mason,2010-02-23T00:00:00Z,151.0
movies_7455,Q141250452,Car Wash Girls 2,2011 American pornographic film directed by Mason,2011-06-06T00:00:00Z,158.0
movies_7456,Q141251612,Assficianado,2002 American pornographic film directed by Andre Madness,2002-10-01T00:00:00Z,102.0
movies_7457,Q141256397,Gangbang Auditions 7,2001 American pornographic film directed by Gregg Alan,2001-08-29T00:00:00Z,90.0
movies_7458,Q14127204,Zyuden Sentai Kyoryuger: Gaburincho of Music,2013 film by Koichi Sakamoto,2013-08-03T00:00:00Z,
movies_7459,Q14127253,Plop wordt kabouterkoning,2012 film,2012-04-25T00:00:00Z,78.0
movies_7460,Q1412920,Mini's First Time,2006 film,2006-07-14T00:00:00Z,91.0
movies_7461,Q141393896,Alone in the Wilderness,2004 documentary film,2004-10-08T00:00:00Z,
movies_7462,Q141418716,Late Night Caller,2007 horror machinima,2007-10-31T00:00:00Z,
movies_7463,Q141436531,Icon,2008 American pornographic film directed by Eli Cross,2008-09-30T00:00:00Z,180.0
movies_7464,Q141436540,Icon,2007 American pornographic film directed by Bunny Luv,2007-01-01T00:00:00Z,144.0
movies_7465,Q141441202,The Violation of Jessica Darlin,2003 American pornographic film directed by Jim Powers,2003-09-01T00:00:00Z,84.0
movies_7466,Q141446103,The Enemy,2020 film directed by Stephan Streker,2020-01-01T00:00:00Z,105.0
movies_7467,Q141447,Town & Country,2001 film by Peter Chelsom,2001-01-01T00:00:00Z,104.0
movies_7468,Q1415011,The Art of Getting By,2011 film by Gavin Wiesen,2011-01-23T00:00:00Z,84.0
movies_7469,Q1415029,Your Highness,2011 US stoner comic fantasy film by David Gordon Green,2011-01-01T00:00:00Z,102.0
movies_7470,Q14156180,SDU: Sex Duties Unit,2013 film by Gary Mak,2013-07-25T00:00:00Z,
movies_7471,Q1415931,Final Examination,2003 film by Fred Olen Ray,2003-01-01T00:00:00Z,94.0
movies_7472,Q1415964,Warrior,2011 film by Gavin O'Connor,2011-01-01T00:00:00Z,139.0
movies_7473,Q14167288,Robot Overlords,2014 film by Jon Wright,2014-01-01T00:00:00Z,90.0
movies_7474,Q1416822,Finding Amanda,2008 film by Peter Tolan,2008-01-01T00:00:00Z,96.0
movies_7475,Q1416896,JCVD,2008 film by Mabrouk El Mechri,2008-01-01T00:00:00Z,97.0
movies_7476,Q14171368,Avengers: Age of Ultron,2015 film directed by Joss Whedon,2015-04-22T00:00:00Z,141.0
movies_7477,Q1417683,"War, Inc.",2008 film by Joshua Seftel,2008-01-01T00:00:00Z,107.0
movies_7478,Q1417721,Man on Wire,2008 documentary film directed by James Marsh,2008-01-22T00:00:00Z,90.0
movies_7479,Q1417840,Hounds,2007 film by Ann-Kristin Wecker,2007-01-01T00:00:00Z,86.0
movies_7480,Q1417901,Leo & Claire,2001 film by Joseph Vilsmaier,2001-01-01T00:00:00Z,103.0
movies_7481,Q1417929,Run Fatboy Run,2007 film by David Schwimmer,2007-01-01T00:00:00Z,100.0
movies_7482,Q1418089,Reeker,2005 film by Dave Payne,2005-01-01T00:00:00Z,90.0
movies_7483,Q1419056,The Fireworks Wednesday,2006 film by Asghar Farhadi,2006-01-01T00:00:00Z,102.0
movies_7484,Q1420330,Hot Tamale,2006 film by Michael Damian,2006-01-01T00:00:00Z,98.0
movies_7485,Q14207952,Pour une femme,2013 film by Diane Kurys,2013-06-12T00:00:00Z,110.0
movies_7486,Q1421068,Mysterious Skin,2004 film directed by Gregg Araki,2004-09-03T00:00:00Z,105.0
movies_7487,Q1421143,There's Only One Jimmy Grimble,2000 film by John Hay,2000-01-01T00:00:00Z,98.0
movies_7488,Q1421185,Suzhou River,2000 film directed by Lou Ye,2000-01-01T00:00:00Z,83.0
movies_7489,Q1421526,Five Dollars a Day,2008 film directed by Nigel Cole,2008-05-15T00:00:00Z,98.0
movies_7490,Q1421537,Five Fingers,2006 film directed by Laurence Malkin,2006-01-01T00:00:00Z,86.0
movies_7491,Q1421551,Five Hot Stories For Her,2007 film by Erika Lust,2007-01-01T00:00:00Z,120.0
movies_7492,Q1421593,Talladega Nights: The Ballad of Ricky Bobby,2006 film by Adam McKay,2006-07-26T00:00:00Z,110.0
movies_7493,Q1421902,Alatriste,2006 Spanish historical film directed by Agustín Díaz Yanes,2006-09-01T00:00:00Z,147.0
movies_7494,Q1422242,Jerichow,2008 film by Christian Petzold,2008-01-01T00:00:00Z,92.0
movies_7495,Q1422400,Raising Helen,2004 film by Garry Marshall,2004-05-01T00:00:00Z,119.0
movies_7496,Q14227639,Cha cha cha,2013 film by Marco Risi,2013-06-18T00:00:00Z,90.0
movies_7497,Q142292,Traffic,2000 film directed by Steven Soderbergh,2000-12-27T00:00:00Z,141.0
movies_7498,Q1423020,Tigerland,2000 film directed by Joel Schumacher,2000-01-01T00:00:00Z,97.0
movies_7499,Q1423331,Left for Dead,2007 film directed by Christopher Harrison,2007-01-01T00:00:00Z,78.0
movies_7500,Q1423667,Mrs Henderson Presents,2005 film by Stephen Frears,2005-01-01T00:00:00Z,99.0
movies_7501,Q1423695,Kiss Kiss Bang Bang,2005 crime-comedy film directed by Shane Black,2005-01-01T00:00:00Z,102.0
movies_7502,Q1423767,Playing by Heart,1998 film directed by Willard Carroll,2000-06-29T00:00:00Z,116.0
movies_7503,Q1423820,Happy as One,2006 film by Vanessa Jopp,2006-02-16T00:00:00Z,104.0
movies_7504,Q1423873,Maine Pyaar Kyun Kiya?,2005 film by David Dhawan,2005-01-01T00:00:00Z,145.0
movies_7505,Q1423971,The Virgin Suicides,1999 film directed by Sofia Coppola,2000-04-21T00:00:00Z,97.0
movies_7506,Q1424273,If I Were a Rich Man,2002 film directed by Gérard Bitton and Michel Munz,2002-01-01T00:00:00Z,105.0
movies_7507,Q14243960,Ship of Theseus,2012 Indian drama film by Anand Gandhi,2012-09-06T00:00:00Z,
movies_7508,Q1424825,Captain Corelli's Mandolin,2001 film by John Madden,2001-01-01T00:00:00Z,124.0
movies_7509,Q1424884,I Love Me,2012 film directed by B. Unnikrishnan,2012-01-01T00:00:00Z,
movies_7510,Q1424889,Crustacés et Coquillages,2005 film directed by Olivier Ducastel and Jacques Martineau,2005-01-01T00:00:00Z,90.0
movies_7511,Q1424930,The Uncertainty Principle,2002 film,2002-01-01T00:00:00Z,133.0
movies_7512,Q1425300,Bavuttiyude Namathil,2012 film by G. S. Vijayan,2012-11-21T00:00:00Z,
movies_7513,Q1425685,The Dinosaur Project,2012 film by Sid Bennett,2012-08-10T00:00:00Z,84.0
movies_7514,Q1426069,Karma Yodha,2012 film by Major Ravi,2012-01-01T00:00:00Z,
movies_7515,Q142695,Elite Squad: The Enemy Within,2010 Brazilian crime film directed by José Padilha,2010-10-08T00:00:00Z,115.0
movies_7516,Q1427204,Josh,2000 film by Mansoor Khan,2000-01-01T00:00:00Z,160.0
movies_7517,Q1427248,Flash of Genius,2008 American film by Marc Abraham,2008-01-01T00:00:00Z,120.0
movies_7518,Q14272676,The Other Woman,2014 American film directed by Nick Cassavetes,2014-04-01T00:00:00Z,109.0
movies_7519,Q1427521,Jason X,2001 film directed by James Isaac,2001-07-24T00:00:00Z,88.0
movies_7520,Q1427789,"Krauts, Doubts & Rock ‘n’ Roll",2008 film by Christian Görlitz,2008-01-01T00:00:00Z,101.0
movies_7521,Q1428139,Dreamland,2006 film directed by Jason Matzner,2006-01-01T00:00:00Z,88.0
movies_7522,Q14282473,Killer Toon,2013 film,2013-01-01T00:00:00Z,105.0
movies_7523,Q1428301,School Day of the Dead,2000 film directed by Tetsuo Shinohara,2000-01-01T00:00:00Z,100.0
movies_7524,Q1428455,Stealing Rembrandt,2003 film by Jannik Johansen,2003-09-05T00:00:00Z,108.0
movies_7525,Q1428689,Air Collision,2012 film by Liz Adams,2012-01-01T00:00:00Z,85.0
movies_7526,Q14302636,The Police Officer's Wife,2013 film,2013-01-01T00:00:00Z,175.0
movies_7527,Q1430336,The Fever,2004 film by Carlo Gabriel Nero,2004-01-01T00:00:00Z,83.0
movies_7528,Q1430594,Fluerne på væggen,2005 film by Åke Sandgren,2005-08-12T00:00:00Z,95.0
movies_7529,Q1430996,Black Sun,2005 documentary film by Gary Tam,2005-01-01T00:00:00Z,70.0
movies_7530,Q1431299,Hinokio,2005 film,2005-01-01T00:00:00Z,111.0
movies_7531,Q14315430,Mac & Devin Go to High School,2012 film,2012-01-01T00:00:00Z,75.0
movies_7532,Q1431639,Skipped Parts,2001 film by Tamra Davis,2001-01-01T00:00:00Z,100.0
movies_7533,Q1431684,What Planet Are You From?,2000 film by Mike Nichols,2000-01-01T00:00:00Z,101.0
movies_7534,Q14317024,True Story,2015 film directed by Rupert Goold,2014-01-01T00:00:00Z,100.0
movies_7535,Q1431878,Shipwrecked,1990 film by Nils Gaup,2020-08-13T00:00:00Z,92.0
movies_7536,Q14320,The Day After Tomorrow,2004 film by Roland Emmerich,2004-05-27T00:00:00Z,118.0
movies_7537,Q1432136,A Different Loyalty,2004 film by Marek Kanievska,2004-01-01T00:00:00Z,96.0
movies_7538,Q14323819,A Litre of Tears,2005 film directed by Riki Okamura,2005-01-01T00:00:00Z,98.0
movies_7539,Q14324139,Lalon,2004 film by Tanvir Mokammel,2004-01-01T00:00:00Z,
movies_7540,Q14324275,Nasha,2013 film,2013-01-01T00:00:00Z,
movies_7541,Q14324388,To See the Sea,2014 film by Jiři Mádl,2014-03-06T00:00:00Z,90.0
movies_7542,Q1432480,Phir Milenge,2004 film by Revathi,2004-01-01T00:00:00Z,124.0
movies_7543,Q1432482,Since Otar Left,2003 film by Julie Bertuccelli,2003-01-01T00:00:00Z,103.0
movies_7544,Q14326808,Young Detective Dee: Rise of the Sea Dragon,2013 film directed by Tsui Hark,2013-09-26T00:00:00Z,134.0
movies_7545,Q1432710,Full Frontal,2002 film by Steven Soderbergh,2002-01-01T00:00:00Z,96.0
movies_7546,Q1432853,Maelstrom,2000 film by Denis Villeneuve,2000-01-01T00:00:00Z,87.0
movies_7547,Q14329493,Three Brothers,2014 film by Jan Svěrák,2014-08-14T00:00:00Z,90.0
movies_7548,Q1433265,Troubled Water,2008 film by Erik Poppe,2008-09-26T00:00:00Z,115.0
movies_7549,Q1433657,Hotel Very Welcome,2007 film by Sonja Heiss,2007-01-01T00:00:00Z,89.0
movies_7550,Q14339915,Locke,2013 film by Steven Knight,2013-09-02T00:00:00Z,85.0
movies_7551,Q1434212,Here Without Me,2011 film by Bahram Tavakoli,2011-10-03T00:00:00Z,90.0
movies_7552,Q1434504,Fly Girls,2010 film directed by Robby D.,2010-01-01T00:00:00Z,180.0
movies_7553,Q14346601,Sint & Diego en de Magische Bron van Myra,2012 film,2012-01-01T00:00:00Z,
movies_7554,Q14346752,Sinterklaas & Pakjesboot 13,2006 film by Armando de Boer,2006-10-19T00:00:00Z,
movies_7555,Q1434730,Isabella,2006 Hong Kong film directed by Pang Ho-cheung,2006-01-01T00:00:00Z,91.0
movies_7556,Q1434995,Primer,2004 film directed by Shane Carruth,2004-10-08T00:00:00Z,77.0
movies_7557,Q1435036,The Last Shot,2004 comedy film directed by Jeff Nathanson,2004-09-24T00:00:00Z,93.0
movies_7558,Q1435058,Focus,2001 film by Neal Slavin,2001-09-09T00:00:00Z,102.0
movies_7559,Q1435107,Revolution OS,2001 documentary film,2001-01-01T00:00:00Z,85.0
movies_7560,Q14359607,Dampfnudelblues,2013 film by Ed Herzog,2013-08-01T00:00:00Z,91.0
movies_7561,Q1435966,Fool & Final,2007 film by Ahmed Khan,2007-01-01T00:00:00Z,143.0
movies_7562,Q143605,Tooth Fairy,2010 film by Michael Lembeck,2010-01-01T00:00:00Z,102.0
movies_7563,Q14361469,The Suspect,2013 South Korean film directed by Won Shin-yun,2013-12-24T00:00:00Z,137.0
movies_7564,Q14366059,Child of God,2013 film by James Franco,2013-08-31T00:00:00Z,104.0
movies_7565,Q14369698,Dom Hemingway,2013 film by Richard Shepard,2013-01-01T00:00:00Z,93.0
movies_7566,Q14369796,Infinitely Polar Bear,2014 film,2014-01-01T00:00:00Z,90.0
movies_7567,Q14369911,Maps to the Stars,2014 film directed by David Cronenberg,2014-01-01T00:00:00Z,112.0
movies_7568,Q14369942,Autómata,2014 film by Gabe Ibáñez,2014-01-01T00:00:00Z,109.0
movies_7569,Q14370012,Deliver Us from Evil,2014 film by Scott Derrickson,2014-01-01T00:00:00Z,118.0
movies_7570,Q14370105,Reasonable Doubt,2014 film by Peter Howitt,2014-01-17T00:00:00Z,96.0
movies_7571,Q14370516,The Expendables 3,2014 film directed by Patrick Hughes,2014-08-21T00:00:00Z,126.0
movies_7572,Q143716,Abduction,2011 film directed by John Singleton,2011-09-15T00:00:00Z,106.0
movies_7573,Q14371870,The Salvation,2014 film by Kristian Levring,2014-01-01T00:00:00Z,92.0
movies_7574,Q1437261,Smart People,2008 film by Noam Murro,2008-01-01T00:00:00Z,95.0
movies_7575,Q14387340,"Hateship, Loveship",2013 film by Liza Johnson,2013-09-07T00:00:00Z,104.0
movies_7576,Q14388012,Halima's Path,2012 film by Arsen Anton Ostojić,2012-07-26T00:00:00Z,97.0
movies_7577,Q1438833,Leonard Cohen: I'm Your Man,2005 film by Lian Lunson,2005-01-01T00:00:00Z,105.0
movies_7578,Q1439290,Confusion of Genders,2000 drama film by Ilan Duran Cohen,2000-01-01T00:00:00Z,92.0
movies_7579,Q14394381,Compulsion,2013 film,2013-01-01T00:00:00Z,88.0
movies_7580,Q1439492,Ju-On: The Grudge 2,2003 film by Takashi Shimizu,2003-05-16T00:00:00Z,95.0
movies_7581,Q1439514,Mouth to Mouth,2005 film directed by Alison Murray,2005-06-01T00:00:00Z,98.0
movies_7582,Q1439591,Puffball,2007 film by Nicolas Roeg,2007-01-01T00:00:00Z,120.0
movies_7583,Q14396397,Endless Love,2014 film directed by Shana Feste,2014-02-12T00:00:00Z,104.0
movies_7584,Q1439722,My Life on Ice,2002 film directed by Olivier Ducastel and Jacques Martineau,2002-01-01T00:00:00Z,102.0
movies_7585,Q14399854,The Spy Dad,2003 film by Wong Jing,2003-01-01T00:00:00Z,
movies_7586,Q1440375,Roman Polanski: Wanted and Desired,2008 film by Marina Zenovich,2008-01-01T00:00:00Z,99.0
movies_7587,Q14404793,Stille nacht,2004 film,2004-09-16T00:00:00Z,82.0
movies_7588,Q1440613,Fraktus,2012 film by Lars Jessen,2012-11-08T00:00:00Z,95.0
movies_7589,Q14407638,Jackass Presents: Bad Grandpa,2013 film by Jeff Tremaine,2013-01-01T00:00:00Z,92.0
movies_7590,Q1440814,Virgin Territory,2007 film by David Leland,2007-01-01T00:00:00Z,93.0
movies_7591,Q14421326,The Legend of Hercules,2014 film by Renny Harlin,2014-01-08T00:00:00Z,99.0
movies_7592,Q1442306,Jism 2,2012 film by Pooja Bhatt,2012-01-01T00:00:00Z,130.0
movies_7593,Q1443144,Happy Now?,2001 film directed by Philippa Cousins,2001-01-01T00:00:00Z,96.0
movies_7594,Q14433754,Dear Eleanor,2016 film by Kevin Connolly,2016-07-05T00:00:00Z,89.0
movies_7595,Q14433973,B.A. Pass,2013 film directed by Ajay Bahl,2013-08-02T00:00:00Z,95.0
movies_7596,Q14434297,Big Bad Wolves,2013 film directed by Aharon Keshales and Navot Papushado,2013-01-01T00:00:00Z,110.0
movies_7597,Q1443555,Aftershock,2012 film directed by Nicolás López,2012-09-12T00:00:00Z,90.0
movies_7598,Q14437345,Listen... Amaya,2013 film,2013-01-01T00:00:00Z,
movies_7599,Q1443738,Roberto Succo,2001 film by Cédric Kahn,2001-01-01T00:00:00Z,124.0
movies_7600,Q144380,"Zaina, Rider of the Atlas",2006 film by Bourlem Guerdjou,2006-01-01T00:00:00Z,101.0
movies_7601,Q14439446,Chor Chor Super Chor,2013 film,2013-01-01T00:00:00Z,
movies_7602,Q1444046,Bubble Boy,2001 film directed by Blair Hayes,2001-01-01T00:00:00Z,84.0
movies_7603,Q1444108,The Incredible Burt Wonderstone,2013 film by Lilly Keeley Watts,2013-03-08T00:00:00Z,101.0
movies_7604,Q14453132,Un mondo d'amore,2003 film by Aurelio Grimaldi,2003-01-01T00:00:00Z,88.0
movies_7605,Q14453450,Those Happy Years,2013 film,2013-09-07T00:00:00Z,106.0
movies_7606,Q14458055,Icing,2014 film by Jan Hřebejk,2014-01-01T00:00:00Z,81.0
movies_7607,Q1445893,Lemming,2005 film by Dominik Moll,2005-01-01T00:00:00Z,129.0
movies_7608,Q1446504,Little White Lies,2010 film by Guillaume Canet,2010-01-01T00:00:00Z,154.0
movies_7609,Q14467251,Before I Go to Sleep,2014 film directed by Rowan Joffé,2014-01-01T00:00:00Z,92.0
movies_7610,Q1447525,Schutzengel,2012 film directed by Til Schweiger,2012-06-24T00:00:00Z,133.0
movies_7611,Q144756,Let the Right One In,2008 film directed by Tomas Alfredson,2008-10-24T00:00:00Z,110.0
movies_7612,Q14476188,Striker,2010 film by Chandan Arora,2010-02-05T00:00:00Z,
movies_7613,Q14476380,The First Time,2012 film by Yan Han,2012-01-01T00:00:00Z,
movies_7614,Q14476570,The Silent War,"2012 film by Alan Mak, Felix Chong",2012-01-01T00:00:00Z,120.0
movies_7615,Q1448253,I Dreamed of Africa,2000 film by Hugh Hudson,2000-05-05T00:00:00Z,110.0
movies_7616,Q14488725,The Man from U.N.C.L.E.,2015 film directed by Guy Ritchie,2015-08-02T00:00:00Z,116.0
movies_7617,Q1449664,The Eye 10,"2005 film by Danny Pang Phat, Oxide Pang Chun",2005-03-25T00:00:00Z,82.0
movies_7618,Q14497449,Winnie Mandela,2011 film by Darrell Roodt,2011-01-01T00:00:00Z,102.0
movies_7619,Q14499630,Tuscan Wedding,2014 film by Johan Nijenhuis,2014-01-29T00:00:00Z,104.0
movies_7620,Q1450717,The American Nightmare,2000 film by Ádám Simon,2000-01-01T00:00:00Z,73.0
movies_7621,Q14509721,Are You Here,2013 film directed by Matthew Weiner,2013-01-01T00:00:00Z,114.0
movies_7622,Q14511869,Magic in the Moonlight,2014 film by Woody Allen,2014-07-17T00:00:00Z,98.0
movies_7623,Q14511981,The Book Thief,2014 film by Brian Percival,2013-10-03T00:00:00Z,131.0
movies_7624,Q14512003,12 Rounds 2: Reloaded,2013 film directed by Roel Reiné,2013-01-01T00:00:00Z,94.0
movies_7625,Q14512082,Echoes from the Dead,2013 film by Daniel Alfredson,2013-01-01T00:00:00Z,99.0
movies_7626,Q14512114,Dracula Untold,2014 film directed by Gary Shore,2014-01-01T00:00:00Z,92.0
movies_7627,Q14512148,The Curse of Downers Grove,2014 film by Derick Martini,2014-01-01T00:00:00Z,89.0
movies_7628,Q14512797,All Is by My Side,2013 film by John Ridley,2013-09-07T00:00:00Z,118.0
movies_7629,Q14513321,Warcraft,2016 film directed by Duncan Jones,2016-04-22T00:00:00Z,123.0
movies_7630,Q14514258,Enough Said,2013 film directed by Nicole Holofcener,2013-09-07T00:00:00Z,93.0
movies_7631,Q14514268,Paradise,2013 film by Diablo Cody,2013-01-01T00:00:00Z,
movies_7632,Q1451485,The Feather Fairy,1985 film by Juraj Jakubisko,2010-10-29T00:00:00Z,92.0
movies_7633,Q1451948,Paris,2008 film by Cédric Klapisch,2008-01-01T00:00:00Z,130.0
movies_7634,Q14519487,Wijster,2008 film by Paula van der Oest,2008-05-29T00:00:00Z,90.0
movies_7635,Q1452143,Freche Mädchen,2008 film by Ute Wieland,2008-01-01T00:00:00Z,97.0
movies_7636,Q1452146,Freche Mädchen 2,2010 film by Ute Wieland,2010-01-01T00:00:00Z,97.0
movies_7637,Q14522493,Hercules,2014 film directed by Brett Ratner,2014-07-23T00:00:00Z,98.0
movies_7638,Q14522896,Stonehearst Asylum,2014 film by Brad Anderson,2014-01-01T00:00:00Z,113.0
movies_7639,Q14522920,The F Word,2013 film by Michael Dowse,2013-01-01T00:00:00Z,98.0
movies_7640,Q14523264,Kill the Messenger,2014 film by Michael Cuesta,2014-09-08T00:00:00Z,112.0
movies_7641,Q1452656,Freddy Got Fingered,2001 film by Tom Green,2001-01-01T00:00:00Z,87.0
movies_7642,Q14526650,She's Funny That Way,2014 film directed by Peter Bogdanovich,2014-01-01T00:00:00Z,94.0
movies_7643,Q1452938,Spymate,2006 film by Robert Vince,2006-01-01T00:00:00Z,84.0
movies_7644,Q1453624,Freerunner,2011 film directed by Lawrence Silverstein,2011-01-01T00:00:00Z,89.0
movies_7645,Q14539337,Single Valentine,2013 film,2013-01-01T00:00:00Z,97.0
movies_7646,Q145396,Your Name Is Justine,2005 Luxembourgish film directed by Franco de Peña,2005-08-30T00:00:00Z,98.0
movies_7647,Q14540226,Celestial Wives of the Meadow Mari,2012 film by Aleksei Fedorchenko,2012-11-11T00:00:00Z,106.0
movies_7648,Q14541732,Gippi,2013 film,2013-01-01T00:00:00Z,
movies_7649,Q14541802,Little Crusader,2017 film by Václav Kadrnka,2017-01-01T00:00:00Z,90.0
movies_7650,Q14541928,Totally Talking,2014 film by Tomáš Pavlíček,2014-07-31T00:00:00Z,75.0
movies_7651,Q1454224,Free to Leave,2007 film by Peter Payer,2007-01-01T00:00:00Z,95.0
movies_7652,Q14543185,Tiny Times 2,2013 film by Guo Jingming,2013-01-01T00:00:00Z,113.0
movies_7653,Q14544900,The Girl with Nine Wigs,2013 Film directed by Marc Rothemund,2013-01-01T00:00:00Z,117.0
movies_7654,Q1454748,The Irony of Fate 2,2007 film directed by Timur Bekmambetov,2007-12-21T00:00:00Z,115.0
movies_7655,Q14549501,Quai d'Orsay (film),2013 film by Bertrand Tavernier,2013-08-27T00:00:00Z,113.0
movies_7656,Q1455075,Something Borrowed,2011 film by Luke Greenfield,2011-04-01T00:00:00Z,112.0
movies_7657,Q14550874,The Price of Desire,2015 film by Mary McGuckian,2015-01-01T00:00:00Z,
movies_7658,Q14551360,We Are the Best!,2013 film by Lukas Moodysson,2013-09-09T00:00:00Z,102.0
movies_7659,Q1455242,French conneXion,2007 film,2007-01-01T00:00:00Z,125.0
movies_7660,Q14552558,Pioneer,2013 film directed by Erik Skjoldbjærg,2013-01-01T00:00:00Z,111.0
movies_7661,Q1455464,Marshal Tito's Spirit,1999 film by Vinko Brešan,2001-05-24T00:00:00Z,97.0
movies_7662,Q14556951,How I Live Now,2013 film directed by Kevin Macdonald,2013-09-01T00:00:00Z,101.0
movies_7663,Q14563975,Memories,2013 film by Jeethu Joseph,2013-08-09T00:00:00Z,
movies_7664,Q14564881,L'intrepido,2013 film by Gianni Amelio,2013-08-04T00:00:00Z,104.0
movies_7665,Q14565224,Watchdog,2012 film directed by Juraj Šajmovič,2012-01-01T00:00:00Z,107.0
movies_7666,Q14565630,Vikingdom,2013 film directed by KRU,2013-01-01T00:00:00Z,114.0
movies_7667,Q14565636,One Night Surprise,2013 Chinese film directed by Jin Yimeng,2013-08-09T00:00:00Z,
movies_7668,Q14566094,Unbeatable,2013 film by Dante Lam,2013-07-11T00:00:00Z,122.0
movies_7669,Q1456651,Tsatsiki – vänner för alltid,2001 film by Eddie Thomas Petersen,2001-12-25T00:00:00Z,82.0
movies_7670,Q14566553,Fifty Shades of Grey,2015 film directed by Sam Taylor-Johnson,2015-02-11T00:00:00Z,125.0
movies_7671,Q145688,Vi hade i alla fall tur med vädret – igen,2008 Swedish comedy film by Kjell-Åke Andersson,2008-12-05T00:00:00Z,95.0
movies_7672,Q1457030,Stigmata,1999 film directed by Rupert Wainwright,2000-01-13T00:00:00Z,103.0
movies_7673,Q1457036,Michael Moore Hates America,2004 film by Mike Wilson,2004-01-01T00:00:00Z,125.0
movies_7674,Q145731,Luckytown,2000 film directed by Paul Nicolas,2000-01-01T00:00:00Z,97.0
movies_7675,Q1457659,The Safety of Objects,2001 film by Rose Troche,2001-01-01T00:00:00Z,121.0
movies_7676,Q14578326,Wish I Was Here,2014 film directed by Zach Braff,2014-01-01T00:00:00Z,106.0
movies_7677,Q1457891,Christmas Carol: The Movie,2001 film by Jimmy Murakami,2001-01-01T00:00:00Z,71.0
movies_7678,Q1458177,The Other Side of the Wind,film directed by Orson Welles,2018-01-01T00:00:00Z,122.0
movies_7679,Q1458594,In This World,2002 film by Michael Winterbottom,2002-01-01T00:00:00Z,86.0
movies_7680,Q14594687,Assault on Wall Street,2013 film by Uwe Boll,2013-01-01T00:00:00Z,103.0
movies_7681,Q14594833,The Last of Robin Hood,2013 film by Wash West,2013-01-01T00:00:00Z,90.0
movies_7682,Q14595113,Young Ones,2014 film directed by Jake Paltrow,2014-01-01T00:00:00Z,100.0
movies_7683,Q1459566,Family Rules,2007 film by Marc Meyer,2007-01-01T00:00:00Z,97.0
movies_7684,Q1459759,In the Land of Blood and Honey,2011 film by Angelina Jolie,2011-01-01T00:00:00Z,127.0
movies_7685,Q1460092,Monsters,2010 film by Gareth Edwards,2010-01-01T00:00:00Z,94.0
movies_7686,Q1460394,Young Adult,2011 film directed by Jason Reitman,2011-12-09T00:00:00Z,94.0
movies_7687,Q1460487,Poster Boy,2004 film directed by Zak Tucker,2004-01-01T00:00:00Z,98.0
movies_7688,Q1460522,Tart,2001 film by Christina Wayne,2001-06-15T00:00:00Z,87.0
movies_7689,Q1460779,Repo Men,2010 film directed by Miguel Sapochnik,2010-03-19T00:00:00Z,111.0
movies_7690,Q1461091,The 4th Floor,2003 film by Antonio Mercero,2003-10-31T00:00:00Z,100.0
movies_7691,Q14616749,What Now? Remind Me,2013 film by Joaquim Pinto,2013-08-08T00:00:00Z,164.0
movies_7692,Q1462075,Gregoire Moulin vs. Humanity,2001 film by Artus de Penguern,2001-01-01T00:00:00Z,90.0
movies_7693,Q14623221,Doosukeltha,2013 film by Veeru Potla,2013-01-01T00:00:00Z,161.0
movies_7694,Q14623361,Bula Quo!,2013 British film,2013-01-01T00:00:00Z,
movies_7695,Q14623562,Paradise Lost,2014 film,2014-01-01T00:00:00Z,120.0
movies_7696,Q14623630,My Sweet Orange Tree,2012 film by Marcos Bernstein,2012-09-29T00:00:00Z,97.0
movies_7697,Q14623718,Crush,2013 film by Malik Bader,2013-01-01T00:00:00Z,
movies_7698,Q14623720,Sadako 3D 2,2013 Japanese horror film directed by Tsutomu Hanabusa,2013-08-30T00:00:00Z,96.0
movies_7699,Q14623727,Short Term 12,2013 film by Destin Daniel Cretton,2013-03-10T00:00:00Z,96.0
movies_7700,Q14623735,Paisa,2013 film by Krishna Vamsi,2013-12-05T00:00:00Z,
movies_7701,Q1462630,Why We Fight,2005 film by Eugene Jarecki,2005-01-01T00:00:00Z,98.0
movies_7702,Q14626306,De sterkste man van Nederland,2011 film by Mark de Cloe,2011-01-15T00:00:00Z,90.0
movies_7703,Q14627359,Hotel,2013 Swedish film directed by Lisa Langseth,2013-09-06T00:00:00Z,99.0
movies_7704,Q1462822,Nick and Norah's Infinite Playlist,2008 film by Peter Sollett,2008-09-06T00:00:00Z,89.0
movies_7705,Q1463176,The New Guy,2002 American film by Ed Decter,2002-01-01T00:00:00Z,89.0
movies_7706,Q14634026,Every Thing Will Be Fine,2015 film by Wim Wenders,2015-01-01T00:00:00Z,119.0
movies_7707,Q14634072,The Inevitable Defeat of Mister & Pete,"2013 film directed by George Tillman, Jr.",2013-01-01T00:00:00Z,108.0
movies_7708,Q14634910,Heart of a Lion,2013 film by Dome Karukoski,2013-09-06T00:00:00Z,
movies_7709,Q14635300,To Be King,2012 film by Ben Sombogaart,2012-12-05T00:00:00Z,125.0
movies_7710,Q14638068,Eyjafjallajökull,2013 film by Alexandre Coffre,2013-01-01T00:00:00Z,92.0
movies_7711,Q14639047,Crows Explode,2014 film by Toshiaki Toyoda,2014-04-12T00:00:00Z,129.0
movies_7712,Q14640617,Metro Manila,2013 film by Sean Ellis,2013-01-20T00:00:00Z,114.0
movies_7713,Q14640729,The Devil's Violinist,2013 film by Bernard Rose,2013-10-31T00:00:00Z,122.0
movies_7714,Q14646004,Rhinoceros Eyes,2003 film by Aaron Woodley,2003-01-01T00:00:00Z,92.0
movies_7715,Q1464730,All I Want,2002 film directed by Jeff Porter,2002-09-10T00:00:00Z,90.0
movies_7716,Q1464976,Frisch gepresst,2012 film by Christine Hartmann,2012-08-23T00:00:00Z,95.0
movies_7717,Q14650496,Furious 7,2015 film directed by James Wan,2015-03-26T00:00:00Z,137.0
movies_7718,Q1465295,The Guilty,2000 film by Anthony Waller,2000-01-01T00:00:00Z,106.0
movies_7719,Q14655414,The Liability,2012 film,2012-01-01T00:00:00Z,82.0
movies_7720,Q1465829,The Quiet,2005 film by Jamie Babbit,2005-01-01T00:00:00Z,92.0
movies_7721,Q14658872,Schenk mir dein Herz,2011 film by Nicole Weegmann,2011-01-01T00:00:00Z,92.0
movies_7722,Q1466520,Love & Sex,2000 film by Valerie Breiman,2000-01-24T00:00:00Z,80.0
movies_7723,Q1466736,Pollock,2000 film directed by Ed Harris,2000-01-01T00:00:00Z,123.0
movies_7724,Q1466744,Days of Glory,2006 film directed by Rachid Bouchareb,2006-01-01T00:00:00Z,119.0
movies_7725,Q1467522,The Hunting Party,2007 film by Richard Shepard,2007-01-01T00:00:00Z,96.0
movies_7726,Q1467545,See No Evil,2006 film by Gregory Dark,2006-01-01T00:00:00Z,85.0
movies_7727,Q1467987,Tomcats,2001 film by Gregory Poirier,2001-01-01T00:00:00Z,94.0
movies_7728,Q1468196,Mr. Magorium's Wonder Emporium,2007 film by Zach Helm,2007-11-15T00:00:00Z,94.0
movies_7729,Q1468455,Black Knight,2001 film directed by Gil Junger,2001-01-01T00:00:00Z,91.0
movies_7730,Q1469426,The Santa Clause 2,2002 film directed by Michael Lembeck,2002-10-27T00:00:00Z,105.0
movies_7731,Q1469776,From Dusk Till Dawn 3: The Hangman's Daughter,2000 film by P. J. Pesce,2000-01-01T00:00:00Z,90.0
movies_7732,Q1470314,Saving Face,2004 film by Alice Wu,2004-01-01T00:00:00Z,93.0
movies_7733,Q1470342,The Good German,2006 film directed by Steven Soderbergh,2006-01-01T00:00:00Z,108.0
movies_7734,Q14704171,The Fault in Our Stars,2014 film directed by Josh Boone,2014-05-16T00:00:00Z,126.0
movies_7735,Q1470523,Rock Star,2001 film directed by Stephen Herek,2001-01-01T00:00:00Z,105.0
movies_7736,Q1470582,Man of the Year,2006 film by Barry Levinson,2006-01-01T00:00:00Z,115.0
movies_7737,Q1470661,Frozen River,2008 film by Courtney Hunt,2008-01-01T00:00:00Z,97.0
movies_7738,Q1471255,The Order,2003 film by Brian Helgeland,2003-01-01T00:00:00Z,102.0
movies_7739,Q1471338,Fräulein Schmetterling,2005 film by Kurt Barthel,2005-01-01T00:00:00Z,118.0
movies_7740,Q1471937,Saathiya,2002 film by Shaad Ali,2002-01-01T00:00:00Z,138.0
movies_7741,Q14719604,Bang Bang!,2014 film by Siddharth Anand,2014-10-02T00:00:00Z,153.0
movies_7742,Q14721119,The Psychedelic Priest,2001 film by William Grefe,2001-01-01T00:00:00Z,
movies_7743,Q1472322,Mercy,2000 film by Damian Harris,2000-01-26T00:00:00Z,117.0
movies_7744,Q14723964,Cymbeline,2014 film by Michael Almereyda,2014-01-01T00:00:00Z,98.0
movies_7745,Q1472699,Fuck,2006 film by Brad Armstrong,2006-09-20T00:00:00Z,83.0
movies_7746,Q1472854,Northern Skirts,1999 film by Barbara Albert,2000-08-31T00:00:00Z,103.0
movies_7747,Q147308,Chernobyl Diaries,2012 film by Bradley Parker,2012-01-01T00:00:00Z,85.0
movies_7748,Q1473281,Glass Tiger,2001 Hungarian comedy film by Péter Rudolf and Iván Kapitány,2001-02-01T00:00:00Z,
movies_7749,Q14733105,Snackbar,2012 film by Meral Uslu,2012-04-05T00:00:00Z,83.0
movies_7750,Q1473596,Mighty Morphin Power Rangers: The Movie,1995 film by Bryan Spicer,2011-03-18T00:00:00Z,92.0
movies_7751,Q1473609,In the Shadows,2001 film by Ric Roman Waugh,2001-01-01T00:00:00Z,101.0
movies_7752,Q1473776,Fulltime Killer,"2001 film by Johnnie To, Wai Ka-Fai",2001-01-01T00:00:00Z,102.0
movies_7753,Q1473804,High Fidelity,2000 film by Stephen Frears,2000-03-17T00:00:00Z,113.0
movies_7754,Q1474127,Saved!,2004 film directed by Brian Dannelly,2004-01-21T00:00:00Z,93.0
movies_7755,Q1474263,Hustle & Flow,2005 film directed by Craig Brewer,2005-01-01T00:00:00Z,116.0
movies_7756,Q1474655,The Perfect Man,2005 film by Mark Rosman,2005-06-17T00:00:00Z,100.0
movies_7757,Q1474762,My Sassy Girl,2008 film by Yann Samuell,2008-01-01T00:00:00Z,92.0
movies_7758,Q14749215,A Caretaker's Tale,2012 Danish drama film directed by Katrine Wiedemann,2012-10-25T00:00:00Z,85.0
movies_7759,Q14749477,Sin of a Family,2010 film directed by Byeong-jin Min,2010-01-01T00:00:00Z,120.0
movies_7760,Q1475100,Love Meetings,"1964 film by Pier Paolo Pasolini, Vincenzo Cerami",2004-05-22T00:00:00Z,92.0
movies_7761,Q14751300,Manhattan Romance,2014 film directed by Tom O'Brien,2014-01-01T00:00:00Z,94.0
movies_7762,Q1475136,Ginger Snaps,2000 film directed by John Fawcett,2000-01-01T00:00:00Z,103.0
movies_7763,Q1475259,Under Suspicion,2000 film by Stephen Hopkins,2000-05-11T00:00:00Z,110.0
movies_7764,Q1475278,The Council of Egypt,2002 film by Emidio Greco,2002-01-01T00:00:00Z,138.0
movies_7765,Q1475299,Kissing Jessica Stein,2001 film directed by Charles Herman-Wurmfeld,2001-01-01T00:00:00Z,97.0
movies_7766,Q1475460,The Corporation,"2003 film by Mark Achbar, Jennifer Abbott",2003-09-10T00:00:00Z,144.0
movies_7767,Q14755189,The Victory Warrior,film by Mojtaba Raie,2000-03-20T00:00:00Z,115.0
movies_7768,Q14755190,The Squeaking Shoes,film directed by Shapoor Gharib,2004-01-07T00:00:00Z,85.0
movies_7769,Q14755307,Red Carpet,2014 film by Reza Attaran,2014-01-01T00:00:00Z,75.0
movies_7770,Q14755359,The Present,film directed by Hamed Kolahdari,2017-01-11T00:00:00Z,93.0
movies_7771,Q14755433,The Freeway,2010 film directed by Abbas Rafei,2010-01-01T00:00:00Z,
movies_7772,Q14755449,The Chubby,film directed by Houshang Darvishpour,2010-01-01T00:00:00Z,
movies_7773,Q1475547,Last Run,2001 film by Anthony Hickox,2001-01-01T00:00:00Z,92.0
movies_7774,Q14755478,Golchehreh,2011 film,2011-01-01T00:00:00Z,
movies_7775,Q14755616,The Predicament,2008 film directed by Mohammad Ali Sajjadi,2008-01-01T00:00:00Z,
movies_7776,Q14755654,The Shameless,film directed by Jamshid Heidari,2006-01-01T00:00:00Z,98.0
movies_7777,Q14755665,Abraham: The Friend of God,film directed by Mohammad-Reza Varzi,2005-01-01T00:00:00Z,99.0
movies_7778,Q14755682,Goodnight Commander,film,2005-01-01T00:00:00Z,
movies_7779,Q14755726,The Internet Adventures,film directed by Hossein Qana'at,2004-01-01T00:00:00Z,90.0
movies_7780,Q14755755,Goodbye Friend,2003 film,2003-01-01T00:00:00Z,84.0
movies_7781,Q1475581,Max,2002 film directed by Menno Meyjes,2002-01-01T00:00:00Z,104.0
movies_7782,Q14755826,Look At Me,film directed by Shahram Assadi,2002-01-01T00:00:00Z,122.0
movies_7783,Q14755835,Somewhere Else,film by Mehdi Karampour,2004-11-10T00:00:00Z,84.0
movies_7784,Q14755846,Pink,film directed by Fereydoun Jeyrani,2002-01-01T00:00:00Z,
movies_7785,Q14755896,Sweet Jam,film directed by Marzieh Boroumand,2001-01-01T00:00:00Z,96.0
movies_7786,Q14755915,The Party,film directed by Saman Moghadam,2001-03-06T00:00:00Z,85.0
movies_7787,Q14755935,Ali and Danny,film directed by Vahid Nik-Khah Azad,2002-01-01T00:00:00Z,98.0
movies_7788,Q14755942,Traveller of Rey,2001 film,2000-01-01T00:00:00Z,115.0
movies_7789,Q14755958,Her Eyes,film directed by Faramarz Gharibian,2001-01-01T00:00:00Z,95.0
movies_7790,Q14755974,The Child and the Soldier,2000 film by Reza Mirkarimi,2000-01-01T00:00:00Z,90.0
movies_7791,Q1476272,Southland Tales,2006 film directed by Richard Kelly,2006-05-21T00:00:00Z,145.0
movies_7792,Q1476726,Mango Kiss,2004 film,2004-01-01T00:00:00Z,84.0
movies_7793,Q14772351,Batman v Superman: Dawn of Justice,2016 film directed by Zack Snyder,2016-03-23T00:00:00Z,151.0
movies_7794,Q1477243,The Lizard,2004 film by Kamal Tabrizi,2004-02-04T00:00:00Z,115.0
movies_7795,Q14774970,The Signal,2014 film by William Eubank,2014-01-20T00:00:00Z,97.0
movies_7796,Q14774997,Trash,2014 film by Stephen Daldry,2014-01-01T00:00:00Z,114.0
movies_7797,Q14775040,Revenge of the Green Dragons,2014 film,2014-01-01T00:00:00Z,
movies_7798,Q14775069,Clouds of Sils Maria,2014 film by Olivier Assayas,2014-08-20T00:00:00Z,124.0
movies_7799,Q1477823,Ripper,2001 film,2001-01-01T00:00:00Z,103.0
movies_7800,Q14786561,Fury,2014 film directed by David Ayer,2014-10-15T00:00:00Z,135.0
movies_7801,Q1479227,"Turn Me On, Dammit!",2011 Norwegian film directed by Jannicke Systad Jacobsen,2011-01-01T00:00:00Z,75.0
movies_7802,Q14795365,Anegan,2015 Tamil film directed by K. V. Anand,2015-01-01T00:00:00Z,154.0
movies_7803,Q1479655,Domestic Disturbance,2001 film directed by Harold Becker,2001-01-01T00:00:00Z,89.0
movies_7804,Q14802842,Neighbors,2014 film directed by Nicholas Stoller,2014-03-08T00:00:00Z,97.0
movies_7805,Q1480747,Taking Lives,2004 film directed by D. J. Caruso,2004-03-16T00:00:00Z,99.0
movies_7806,Q1480806,Yossi & Jagger,2002 film by Eytan Fox,2002-01-01T00:00:00Z,65.0
movies_7807,Q1481125,Yamakasi,2001 film by Ariel Zeitoun,2001-01-01T00:00:00Z,90.0
movies_7808,Q1481681,Five Minarets in New York,2010 film directed by Mahsun Kırmızıgül,2010-11-01T00:00:00Z,116.0
movies_7809,Q1482548,Open Hearts,2002 film by Susanne Bier,2002-01-01T00:00:00Z,113.0
movies_7810,Q148326,Zathura: A Space Adventure,2005 film directed by Jon Favreau,2005-01-01T00:00:00Z,96.0
movies_7811,Q148330,Zatōichi,2003 Japanese film by Takeshi Kitano,2003-01-01T00:00:00Z,111.0
movies_7812,Q14833925,Every Secret Thing,2014 film by Amy J. Berg,2014-01-01T00:00:00Z,93.0
movies_7813,Q14833945,Good People,2014 film by Henrik Ruben Genz,2014-01-01T00:00:00Z,90.0
movies_7814,Q14834030,Rudderless,2014 film by William H. Macy,2014-01-01T00:00:00Z,105.0
movies_7815,Q1484248,I Dream of Jenna,2002 film by Jenna Jameson,2002-01-01T00:00:00Z,120.0
movies_7816,Q14847067,Into the Woods,2014 film directed by Rob Marshall,2014-12-25T00:00:00Z,125.0
movies_7817,Q1484974,Solo for Clarinet,1998 film directed by Nico Hofmann,2003-08-08T00:00:00Z,95.0
movies_7818,Q14851916,Johan Primero,2010 film by Johan Kramer,2010-06-17T00:00:00Z,78.0
movies_7819,Q1485634,Space Nuts,2003 film by Jonathan Morgan,2003-01-01T00:00:00Z,182.0
movies_7820,Q1485778,Journey to Portugal,2011 film by Sérgio Tréfaut,2011-01-01T00:00:00Z,74.0
movies_7821,Q1485799,Beautiful Women,2004 film directed by Sathyan Ramesh,2004-01-27T00:00:00Z,82.0
movies_7822,Q14859564,The Vatican Tapes,2015 film directed by Mark Neveldine,2015-01-01T00:00:00Z,91.0
movies_7823,Q14861838,The King's Guard,2000 film,2000-01-01T00:00:00Z,
movies_7824,Q14863090,Tonnerre,2014 film by Guillaume Brac,2014-01-01T00:00:00Z,
movies_7825,Q1487322,Lucky: No Time for Love,2005 film by Radhika Rao,2005-01-01T00:00:00Z,180.0
movies_7826,Q14878580,Love and Mercy,2014 film directed by Bill Pohlad,2014-01-01T00:00:00Z,121.0
movies_7827,Q1488507,The Insurgents,2006 film by Scott Dacko,2006-01-01T00:00:00Z,
movies_7828,Q14899408,Tigers,2014 film directed by Danis Tanović,2014-01-01T00:00:00Z,94.0
movies_7829,Q14899735,Leave Me Alone,2004 film directed by Danny Pang,2004-01-01T00:00:00Z,93.0
movies_7830,Q14901498,Le casse des casses,2014 film,2014-01-01T00:00:00Z,
movies_7831,Q14901503,Le crocodile du Botswanga,"2014 film by Lionel Steketee, Fabrice Éboué",2014-02-19T00:00:00Z,90.0
movies_7832,Q14906074,A Haunted House 2,2014 film by Michael Tiddes,2014-04-18T00:00:00Z,86.0
movies_7833,Q1490693,The Hitcher II: I've Been Waiting,2003 film by Louis Morneau,2003-01-01T00:00:00Z,98.0
movies_7834,Q1490812,Gacy,2003 film,2003-01-01T00:00:00Z,88.0
movies_7835,Q14912519,Process,2004 film by C.S. Leigh,2004-02-08T00:00:00Z,93.0
movies_7836,Q14917495,Tri Mas Getir,2008 film by Rako Prijanto,2008-07-03T00:00:00Z,
movies_7837,Q14918344,The Imitation Game,2014 film directed by Morten Tyldum,2014-08-29T00:00:00Z,114.0
movies_7838,Q14920425,Gone Girl,2014 film directed by David Fincher,2014-09-26T00:00:00Z,149.0
movies_7839,Q14921784,Time 4 Hope,2002 film by Sung Kee Chiu,2002-01-01T00:00:00Z,
movies_7840,Q14928217,Sweeney Todd,2006 film directed by David Moore,2006-01-01T00:00:00Z,90.0
movies_7841,Q14929311,Stripping,2002 film directed by Saara Saarela,2002-01-01T00:00:00Z,
movies_7842,Q1492988,"Gambling, Gods and LSD",2002 film by Peter Mettler,2002-09-08T00:00:00Z,180.0
movies_7843,Q14932750,Dumb and Dumber To,2014 film directed by Peter Farrelly and Bobby Farrelly,2014-01-01T00:00:00Z,109.0
movies_7844,Q14932970,Apa Kata Hati,2008 film by Saw Teong Hin,2008-01-01T00:00:00Z,
movies_7845,Q1493539,Essex Boys,2000 film by Terry Winsor,2000-01-01T00:00:00Z,98.0
movies_7846,Q1493544,Gangster No. 1,2000 film by Paul McGuigan,2000-01-01T00:00:00Z,103.0
movies_7847,Q1493639,Groove,2000 film by Greg Harrison,2000-01-01T00:00:00Z,86.0
movies_7848,Q1493882,Garam Masala,2005 film by Priyadarshan,2005-01-01T00:00:00Z,156.0
movies_7849,Q1494083,Garden of Love,2003 film directed by Olaf Ittenbach,2003-01-01T00:00:00Z,82.0
movies_7850,Q1494100,Gardens of the Night,2008 film by Damian Harris,2008-02-09T00:00:00Z,110.0
movies_7851,Q14942614,Tibet's Stolen Child,2001 film by Robin Garthwait,2001-01-01T00:00:00Z,
movies_7852,Q14942871,Exodus: Gods and Kings,2014 film by Ridley Scott,2014-12-03T00:00:00Z,150.0
movies_7853,Q149431,Cadillac Records,2008 film directed by Darnell Martin,2008-11-24T00:00:00Z,109.0
movies_7854,Q14943677,Happy Ending,2014 film directed by Raj Nidimoru and Krishna D.K.,2014-01-01T00:00:00Z,135.0
movies_7855,Q14944045,Camp X-Ray,2014 film directed by Peter Sattler,2014-01-01T00:00:00Z,117.0
movies_7856,Q14944350,Total Chaos,2014 film by Eeshwar Nivas,2014-03-07T00:00:00Z,108.0
movies_7857,Q1494793,Garuda,2004 film by Monthon Arayangkoon,2004-01-01T00:00:00Z,110.0
movies_7858,Q14948398,Rosewater,2014 film by Jon Stewart,2014-01-01T00:00:00Z,103.0
movies_7859,Q14948446,143 (and I miss you),2004 film by Puri Jagannadh,2004-01-01T00:00:00Z,
movies_7860,Q14948457,Limit of Love: Umizaru,2006 film by Eiichirō Hasumi,2006-05-06T00:00:00Z,
movies_7861,Q14948460,Master of Thunder,2006 film,2006-01-01T00:00:00Z,
movies_7862,Q14948466,Sticks,2001 film,2001-01-01T00:00:00Z,
movies_7863,Q14948468,Sucker Punch,2008 film,2008-04-26T00:00:00Z,92.0
movies_7864,Q14948552,Ajith,2014 film by Mahesh Babu,2014-05-09T00:00:00Z,130.0
movies_7865,Q14948553,American Heist,2014 film directed by Sarik Andreasyan,2014-01-01T00:00:00Z,94.0
movies_7866,Q14948556,Aztec Warrior,2016 film directed by Scott Sanders,2016-01-01T00:00:00Z,
movies_7867,Q14948557,Bad Asses,2014 film by Craig Moss,2014-01-01T00:00:00Z,91.0
movies_7868,Q14948562,Into the Grizzly Maze,2015 film directed by David Hackl,2015-02-27T00:00:00Z,90.0
movies_7869,Q14948563,Final Girl,2015 film directed by Tyler Shields,2015-01-01T00:00:00Z,90.0
movies_7870,Q14948564,From Vegas to Macau,2014 film by Wong Jing,2014-01-30T00:00:00Z,93.0
movies_7871,Q14948568,Iceman 3D,2014 film by Law Wing-cheung,2014-04-17T00:00:00Z,104.0
movies_7872,Q14948571,Irandu Mugam,2010 Tamil film directed by R. Aravindraj,2010-01-01T00:00:00Z,
movies_7873,Q14948575,Kite,2014 film directed by Ralph Ziman,2014-01-01T00:00:00Z,90.0
movies_7874,Q14948576,KL Gangster,2011 film by Syamsul Yusof,2011-01-01T00:00:00Z,81.0
movies_7875,Q14948579,Let's Be Cops,2014 film by Luke Greenfield,2014-01-01T00:00:00Z,104.0
movies_7876,Q14948584,Persecuted,2014 film directed by Daniel Lusko,2014-07-18T00:00:00Z,91.0
movies_7877,Q14948585,Plastic,2014 film directed by Julian Gilbey,2014-01-01T00:00:00Z,102.0
movies_7878,Q14948589,Stretch,2014 film by Joe Carnahan,2014-01-01T00:00:00Z,94.0
movies_7879,Q14948591,Rage,2014 film by Paco Cabezas,2014-01-31T00:00:00Z,92.0
movies_7880,Q14948592,Tracers,2015 film by Daniel Benmayor,2015-01-15T00:00:00Z,94.0
movies_7881,Q14948601,Genghis Khan,1998 Chinese film,2000-04-01T00:00:00Z,113.0
movies_7882,Q14948606,Leprechaun: Origins,2014 film by Zach Lipovsky,2014-01-01T00:00:00Z,92.0
movies_7883,Q14948615,Trudeau,2002 television film directed by Jerry Ciccoritti,2002-01-01T00:00:00Z,208.0
movies_7884,Q14948617,Yves Saint Laurent,2014 film directed by Jalil Lespert,2014-01-08T00:00:00Z,101.0
movies_7885,Q14949720,Desire,2000 film by Colleen Murphy,2000-01-01T00:00:00Z,
movies_7886,Q14949723,How My Mother Gave Birth to Me During Menopause,2003 film by Sébastien Rose,2003-01-01T00:00:00Z,
movies_7887,Q14949902,Olgas Sommer,2002 film directed by Nina Grosse,2002-01-01T00:00:00Z,
movies_7888,Q14949921,Running on Empty,2006 film directed by Bülent Akinci,2006-01-01T00:00:00Z,100.0
movies_7889,Q1495207,Gasland,2010 film by Josh Fox,2010-01-01T00:00:00Z,104.0
movies_7890,Q14953721,A Little Chaos,2014 film directed by Alan Rickman,2014-01-01T00:00:00Z,117.0
movies_7891,Q14953975,Peacefire,2008 film directed by Macdara Vallely,2008-01-01T00:00:00Z,88.0
movies_7892,Q14954340,From Bedrooms to Billions,2014 documentary film,2014-01-01T00:00:00Z,150.0
movies_7893,Q14955193,The Black Power Mixtape 1967-1975,2011 film by Göran Olsson,2011-01-01T00:00:00Z,100.0
movies_7894,Q14955217,From the Beginning to the End,2004 film by Maj Wechselmann,2004-01-01T00:00:00Z,
movies_7895,Q14955220,Fyren,2000 film by Kristian Petri,2000-01-01T00:00:00Z,108.0
movies_7896,Q14955257,The Bricklayer,2002 film by Stefan Jarl,2002-01-01T00:00:00Z,95.0
movies_7897,Q14955273,Rolling Like a Stone,2005 documentary film by Stefan Berg,2005-01-01T00:00:00Z,
movies_7898,Q14955328,A One-Way Trip to Antibes,2011 film by Richard Hobert,2011-09-30T00:00:00Z,105.0
movies_7899,Q14955346,Gentlemen,2014 film directed by Mikael Marcimain,2014-09-06T00:00:00Z,141.0
movies_7900,Q14955347,Stockholm Stories,2014 film by Karin Fahlén,2014-01-01T00:00:00Z,97.0
movies_7901,Q14955355,All Hell Let Loose,2002 film by Susan Taslimi,2002-01-25T00:00:00Z,
movies_7902,Q14955368,Keillers Park,2006 film by Susanna Edwards,2006-01-01T00:00:00Z,91.0
movies_7903,Q14955376,Macbeth,2004 film directed by Bo Landin and Alex Scherpf,2004-12-10T00:00:00Z,84.0
movies_7904,Q14955377,Malcolm,2002 film by Baker Karim,2002-01-01T00:00:00Z,
movies_7905,Q14955418,Klara,2010 film,2010-03-26T00:00:00Z,81.0
movies_7906,Q14955459,Gringa,2010 film,2010-01-01T00:00:00Z,
movies_7907,Q14955460,Kontorstid,2003 film by Tomas Alfredson,2003-01-01T00:00:00Z,106.0
movies_7908,Q14955481,Insane,2010 film,2010-01-01T00:00:00Z,87.0
movies_7909,Q14955483,Harbour of Hope,2011 film by Magnus Gertten,2011-01-01T00:00:00Z,59.0
movies_7910,Q14955487,Bad Faith,2010 film by Kristian Petri,2010-01-01T00:00:00Z,106.0
movies_7911,Q14956292,Teste de Elenco,2011 film by Ian SBF,2011-01-01T00:00:00Z,83.0
movies_7912,Q1496627,April Captains,2000 film directed by Maria de Medeiros,2000-04-21T00:00:00Z,123.0
movies_7913,Q1496725,In Enemy Hands,2004 film by Tony Giglio,2004-01-01T00:00:00Z,98.0
movies_7914,Q14970681,10 Rules,2014 film by Karel Janák,2014-03-20T00:00:00Z,100.0
movies_7915,Q1497082,Born in Absurdistan,1999 film by Houchang Allahyari,2000-02-17T00:00:00Z,110.0
movies_7916,Q14970927,Pohádkár,2014 film by Vladimír Michálek,2014-11-06T00:00:00Z,87.0
movies_7917,Q14970958,Angels,2014 film by Alice Nellis,2014-10-09T00:00:00Z,97.0
movies_7918,Q1497155,Wrong Turn 4: Bloody Beginnings,2011 film by Declan O'Brien,2011-01-01T00:00:00Z,85.0
movies_7919,Q1499587,A Guy Thing,2003 film by Chris Koch,2003-01-01T00:00:00Z,97.0
movies_7920,Q1499682,Geliebte Clara,2008 film by Helma Sanders-Brahms,2008-10-31T00:00:00Z,107.0
movies_7921,Q1500112,Swimming Pool,2003 film by François Ozon,2003-01-01T00:00:00Z,99.0
movies_7922,Q1500141,Land of the Dead,2005 film by George A. Romero,2005-01-01T00:00:00Z,97.0
movies_7923,Q1500457,Where the Heart Is,2000 film by Matt Williams,2000-01-01T00:00:00Z,120.0
movies_7924,Q150047,Crank,2006 film directed by Mark Neveldine and Brian Taylor,2006-01-01T00:00:00Z,88.0
movies_7925,Q1500930,Har Dil Jo Pyar Karega,2000 film by Raj Kanwar,2000-01-01T00:00:00Z,173.0
movies_7926,Q1500944,Ready to Rumble,2000 film by Brian Robbins,2000-01-01T00:00:00Z,107.0
movies_7927,Q1501773,O,2001 film by Tim Blake Nelson,2001-01-01T00:00:00Z,95.0
movies_7928,Q1502069,Genesis,2004 documentary film by Claude Nuridsany,2004-01-01T00:00:00Z,77.0
movies_7929,Q1502553,Genova,2008 film by Michael Winterbottom,2008-01-01T00:00:00Z,87.0
movies_7930,Q15028216,Wild Card,2015 film directed by Simon West,2015-01-01T00:00:00Z,92.0
movies_7931,Q15028220,Hot Tub Time Machine 2,2015 film by Steve Pink,2015-02-20T00:00:00Z,93.0
movies_7932,Q1503263,Swingers,2002 film by Stephan Brenninkmeijer,2002-09-30T00:00:00Z,93.0
movies_7933,Q1503700,Main Hoon Na,2004 film by Farah Khan,2004-01-01T00:00:00Z,175.0
movies_7934,Q1503878,National Security,2003 film by Dennis Dugan,2003-01-01T00:00:00Z,88.0
movies_7935,Q1503896,Roger Dodger,2002 film by Dylan Kidd,2002-05-09T00:00:00Z,106.0
movies_7936,Q15039629,Healing,2014 film directed by Craig Monahan,2014-05-08T00:00:00Z,112.0
movies_7937,Q15039700,Bewakoofian,2014 film by Nupur Asthana,2014-03-14T00:00:00Z,
movies_7938,Q15039835,Annie,2014 film directed by Will Gluck,2014-12-07T00:00:00Z,118.0
movies_7939,Q15039849,The Girl in the Book,2015 film by Marya Cohn,2015-06-13T00:00:00Z,86.0
movies_7940,Q15039858,Touched with Fire,2015 film directed by Paul Dalio,2015-01-01T00:00:00Z,102.0
movies_7941,Q15039869,St. Vincent,2014 film by Theodore Melfi,2014-09-05T00:00:00Z,102.0
movies_7942,Q15039873,This Is Where I Leave You,2014 film directed by Shawn Levy,2014-09-07T00:00:00Z,103.0
movies_7943,Q15039878,Rob the Mob,2014 film by Raymond De Felitta,2014-03-15T00:00:00Z,104.0
movies_7944,Q15040666,Sigaw,2004 film by Yam Laranas,2004-01-01T00:00:00Z,102.0
movies_7945,Q15040671,Cooties,2014 film directed by Jonathan Milott and Cary Murnion,2014-01-18T00:00:00Z,96.0
movies_7946,Q15040672,The Devil Inside Me,2011 film by Zhang Qi,2011-01-01T00:00:00Z,90.0
movies_7947,Q15040676,The Oregonian,2011 American film,2011-01-01T00:00:00Z,
movies_7948,Q15040678,The Voices,2014 film by Marjane Satrapi,2014-01-01T00:00:00Z,104.0
movies_7949,Q15040718,Devil's Due,2014 film directed by Matt Bettinelli-Olpin and Tyler Gillett,2014-01-01T00:00:00Z,89.0
movies_7950,Q15040721,Poltergeist,2015 film directed by Gil Kenan,2015-01-01T00:00:00Z,93.0
movies_7951,Q15040722,The Quiet Ones,2010 film directed by Amel J. Figueroa,2010-06-05T00:00:00Z,
movies_7952,Q15040778,Most Welcome 2,2014 film by M.A. Jalil Ananta,2014-10-02T00:00:00Z,
movies_7953,Q15040782,A Thousand Kisses Deep,2011 film,2011-01-01T00:00:00Z,84.0
movies_7954,Q15040917,22 Jump Street,"2014 American film by Phil Lord, Christopher Miller",2014-06-04T00:00:00Z,112.0
movies_7955,Q1504287,My Life in Orange,2011 film by Marcus H. Rosenmüller,2011-07-29T00:00:00Z,110.0
movies_7956,Q15043347,Million Dollar Arm,2014 film directed by Craig Gillespie,2014-05-16T00:00:00Z,124.0
movies_7957,Q15043359,Le Chakka,2010 film by Raj Chakraborty,2010-06-10T00:00:00Z,
movies_7958,Q1504375,Pilgrim,2000 film by Harley Cokeliss,2000-01-01T00:00:00Z,95.0
movies_7959,Q15044971,Jagga Jasoos,2017 film by Anurag Basu,2016-01-01T00:00:00Z,161.0
movies_7960,Q1504568,Opening Night,1977 film by John Cassavetes,2003-11-27T00:00:00Z,139.0
movies_7961,Q15046091,Cinderella,2015 film directed by Kenneth Branagh,2015-03-12T00:00:00Z,105.0
movies_7962,Q15046175,Field of Lost Shoes,2014 film by Sean McNamara,2014-01-01T00:00:00Z,96.0
movies_7963,Q15046490,Chef,2014 film directed by Jon Favreau,2014-03-07T00:00:00Z,114.0
movies_7964,Q15046521,The Flood,2010 Israeli drama film,2010-01-01T00:00:00Z,100.0
movies_7965,Q15046541,Danny Collins,2015 film by Dan Fogelman,2015-01-01T00:00:00Z,106.0
movies_7966,Q15046558,Life After Beth,2014 film by Jeff Baena,2014-01-01T00:00:00Z,89.0
movies_7967,Q15046563,Life Partners,2014 film by Susanna Fogel,2014-04-18T00:00:00Z,93.0
movies_7968,Q15046565,Lovesick,2014 film by Luke Matheny,2014-01-01T00:00:00Z,
movies_7969,Q15046598,You're Not You,2014 film by George C. Wolfe,2014-01-01T00:00:00Z,102.0
movies_7970,Q15048661,Hollywood,2002 film directed by Dinesh Baboo,2002-01-01T00:00:00Z,
movies_7971,Q15051674,Vishwaroopam II,2015 Tamil film directed by Kamal Haasan,2015-01-01T00:00:00Z,
movies_7972,Q15051774,Jilla,2014 Tamil film directed by R. T. Neason,2014-01-09T00:00:00Z,185.0
movies_7973,Q15052180,Hi! Dharma!,2001 South Korean comedy film directed by Park Chul-kwan,2001-11-09T00:00:00Z,
movies_7974,Q15052184,Porki,2010 film,2010-01-01T00:00:00Z,
movies_7975,Q15052302,Gnarr,2010 film,2010-01-01T00:00:00Z,93.0
movies_7976,Q15052379,Died Young Stayed Pretty,2008 film,2008-01-01T00:00:00Z,
movies_7977,Q15052387,God Grew Tired of Us,2006 film by Christopher Dillon Quinn,2006-01-01T00:00:00Z,89.0
movies_7978,Q15052391,Indies Under Fire,2006 film,2006-01-01T00:00:00Z,
movies_7979,Q15052392,"Inuuvunga: I Am Inuk, I Am Alive",2004 film by Daniel Cross,2004-01-01T00:00:00Z,
movies_7980,Q15052400,Lady Kul El Arab,2008 film by Ibtisam Mara'ana,2008-01-01T00:00:00Z,
movies_7981,Q15052408,The Power of Good: Nicholas Winton,2002 documentary film by Matej Mináč,2002-01-01T00:00:00Z,64.0
movies_7982,Q15052416,Smiling in a War Zone,2006 film by Simone Aaberg Kaern,2006-09-15T00:00:00Z,77.0
movies_7983,Q15053900,Basmati Blues,2017 film,2017-10-05T00:00:00Z,106.0
movies_7984,Q15055426,The Universal Language,2011 documentary by Sam Green,2011-01-01T00:00:00Z,29.0
movies_7985,Q15055478,Paddington,2014 film directed by Paul King,2014-11-23T00:00:00Z,95.0
movies_7986,Q1505555,Without Evidence,1995 film by Gill Dennis,2000-09-12T00:00:00Z,93.0
movies_7987,Q15055934,Steppe Man,2011 film by Shamil Aliyev,2011-01-01T00:00:00Z,80.0
movies_7988,Q1505923,Jack and Jill,2011 film by Dennis Dugan,2011-01-01T00:00:00Z,91.0
movies_7989,Q15059355,London Fields,2018 film by Mathew Cullen,2018-01-01T00:00:00Z,118.0
movies_7990,Q15059358,Jersey Boys,2014 film by Clint Eastwood,2014-01-01T00:00:00Z,134.0
movies_7991,Q15059365,Black Sea,2014 film by Kevin Macdonald,2014-01-01T00:00:00Z,115.0
movies_7992,Q15061875,New Scenes from America,2002 film by Jørgen Leth,2002-10-18T00:00:00Z,35.0
movies_7993,Q1506263,The Bubble,2006 film by Eytan Fox,2006-06-29T00:00:00Z,115.0
movies_7994,Q15062988,Apenas o Fim,2008 film by Matheus Souza,2008-10-05T00:00:00Z,80.0
movies_7995,Q1506377,Thunderbirds,2004 film directed by Jonathan Frakes,2004-07-14T00:00:00Z,94.0
movies_7996,Q1506412,Going the Distance,2010 film directed by Nanette Burstein,2010-01-01T00:00:00Z,102.0
movies_7997,Q1506671,Take Me Home Tonight,2011 film directed by Michael Dowse,2011-03-02T00:00:00Z,97.0
movies_7998,Q15068238,Kingsman: The Secret Service,2014 film by Matthew Vaughn,2014-01-01T00:00:00Z,129.0
movies_7999,Q1506910,My Nikifor,2004 film by Krzysztof Krauze,2004-01-01T00:00:00Z,96.0
movies_8000,Q15070713,Believe Me,2014 film directed by Will Bakke,2014-01-01T00:00:00Z,93.0
movies_8001,Q15070730,Comet,2014 film by Sam Esmail,2014-01-02T00:00:00Z,
movies_8002,Q15070775,The Last 5 Years,2014 film,2014-01-01T00:00:00Z,
movies_8003,Q15070792,Midnight Delight,2016 film by Rohit Gupta,2016-07-21T00:00:00Z,
movies_8004,Q15070803,Home Sweet Hell,2015 film by Anthony Burns,2015-01-01T00:00:00Z,98.0
movies_8005,Q15072361,Hrid Majharey,2014 film by Ranjan Ghosh,2014-07-11T00:00:00Z,
movies_8006,Q15072364,Jolly Boy,2011 film by Sabapathy Dekshinamurthy,2011-01-01T00:00:00Z,
movies_8007,Q15072371,Nissash Amar Tumi,2010 film,2010-01-01T00:00:00Z,
movies_8008,Q1507513,Tremors 3: Back to Perfection,2001 film by Brent Maddock,2001-01-01T00:00:00Z,99.0
movies_8009,Q1507635,Greenfingers,2000 film directed by Joel Hershman,2000-01-01T00:00:00Z,91.0
movies_8010,Q1507689,Madeinusa,2006 film by Claudia Llosa,2006-01-01T00:00:00Z,100.0
movies_8011,Q15078029,Aloha,2014 film by Cameron Crowe,2014-01-01T00:00:00Z,105.0
movies_8012,Q15079015,La Sapienza,2014 film by Eugène Green,2014-01-01T00:00:00Z,105.0
movies_8013,Q15079316,In the Heart of the Sea,2015 film directed by Ron Howard,2015-12-03T00:00:00Z,121.0
movies_8014,Q15079318,The Theory of Everything,2014 film directed by James Marsh,2014-01-01T00:00:00Z,123.0
movies_8015,Q15079344,The Giver,2014 film directed by Phillip Noyce,2014-08-11T00:00:00Z,97.0
movies_8016,Q15079593,Three Days of Rain,2002 film by Michael Meredith,2002-01-01T00:00:00Z,98.0
movies_8017,Q150804,The Pianist,2002 film directed by Roman Polanski,2002-05-24T00:00:00Z,149.0
movies_8018,Q15081228,Agnee,2014 film directed by Iftakar Chowdhury,2014-02-14T00:00:00Z,
movies_8019,Q1508203,Sounds of Sand,2006 film directed by Marion Hänsel,2006-01-01T00:00:00Z,96.0
movies_8020,Q1508378,Death at a Funeral,2010 film by Neil LaBute,2010-04-12T00:00:00Z,92.0
movies_8021,Q1508462,Reefer Madness: The Movie Musical,2005 television film directed by Andy Fickman,2005-01-01T00:00:00Z,112.0
movies_8022,Q1508491,Being W,2008 film directed by Karl Zéro,2008-01-01T00:00:00Z,90.0
movies_8023,Q1508501,Stone,2010 film directed by John Curran,2010-09-10T00:00:00Z,101.0
movies_8024,Q1508533,Wild Target,2010 film by Jonathan Lynn,2010-04-08T00:00:00Z,98.0
movies_8025,Q1508772,It's Kind of a Funny Story,2010 film directed by Ryan Fleck and Anna Boden,2010-01-01T00:00:00Z,101.0
movies_8026,Q15088332,Beautiful Creatures,2000 film by Bill Eagles,2000-01-01T00:00:00Z,86.0
movies_8027,Q15088482,The Afghan Alphabet,2002 film by Mohsen Makhmalbaf,2002-01-01T00:00:00Z,45.0
movies_8028,Q1509076,Perception,2005 film,2005-01-01T00:00:00Z,101.0
movies_8029,Q15091089,Amsterdam Express,2013 Albanian film directed by Fatmir Koçi,2014-01-01T00:00:00Z,
movies_8030,Q1509137,Odette Toulemonde,2006 film by Éric-Emmanuel Schmitt,2006-01-01T00:00:00Z,101.0
movies_8031,Q15091785,Project Almanac,2015 film directed by Dean Israelite,2015-01-01T00:00:00Z,106.0
movies_8032,Q1510064,Black Bread,2010 film by Agustí Villaronga,2010-01-01T00:00:00Z,108.0
movies_8033,Q15103254,Mortdecai,2015 film by David Koepp,2015-01-22T00:00:00Z,106.0
movies_8034,Q15104217,"Alexander and the Terrible, Horrible, No Good, Very Bad Day",2014 film directed by Miguel Arteta,2014-10-10T00:00:00Z,81.0
movies_8035,Q15106947,Last Weekend,2014 film by Tom Dolby and Tom Williams,2014-05-02T00:00:00Z,94.0
movies_8036,Q15109729,Dark Places,2015 film directed by Gilles Paquet-Brenner,2015-01-01T00:00:00Z,113.0
movies_8037,Q15110422,13 Sins,2014 film by Daniel Stamm,2014-03-07T00:00:00Z,88.0
movies_8038,Q15111541,Phantom,2015 film directed by Kabir Khan,2015-01-01T00:00:00Z,
movies_8039,Q1511480,Passengers,2008 film directed by Rodrigo García,2008-01-01T00:00:00Z,89.0
movies_8040,Q15119639,Paris,2003 film by Ramin Niami,2003-01-01T00:00:00Z,
movies_8041,Q15119983,Salamandra,2008 film by Pablo Agüero,2008-05-21T00:00:00Z,84.0
movies_8042,Q15120318,Paranormal Activity: The Marked Ones,2014 film directed by Christopher B. Landon,2014-01-01T00:00:00Z,84.0
movies_8043,Q1512168,"I'm Fine, Don't Worry",2006 film by Philippe Lioret,2006-01-01T00:00:00Z,92.0
movies_8044,Q1512339,Gerhard Richter – Painting,2011 film by Corinna Belz,2011-09-08T00:00:00Z,97.0
movies_8045,Q15124151,Faithless Games,2003 film by Michaela Pavlátová,2003-05-15T00:00:00Z,93.0
movies_8046,Q15124309,Vaterland: A Hunting Logbook,2004 film by David Jarab,2004-08-19T00:00:00Z,94.0
movies_8047,Q1512729,Assassination Tango,2002 film by Robert Duvall,2002-01-01T00:00:00Z,109.0
movies_8048,Q1513017,Repo! The Genetic Opera,2008 film by Darren Lynn Bousman,2008-01-01T00:00:00Z,98.0
movies_8049,Q151320,The Good Life,2008 film by Andrés Wood,2008-08-14T00:00:00Z,108.0
movies_8050,Q1513503,Somersault,2004 film by Cate Shortland,2004-05-17T00:00:00Z,106.0
movies_8051,Q15136227,Take-Away Romance,2014 film directed by Amelle Chahbi,2014-01-01T00:00:00Z,85.0
movies_8052,Q15136238,Make It Big,2002 South Korean comedy film directed by Cho Ui-seok,2002-01-01T00:00:00Z,
movies_8053,Q15136244,Holidays,2010 film by Atlas Ramachandran,2010-01-01T00:00:00Z,
movies_8054,Q15136284,A.F.R.I.K.A.,2002 South Korean film,2002-01-11T00:00:00Z,
movies_8055,Q1513631,The Mangler 2,2001 film,2001-01-01T00:00:00Z,96.0
movies_8056,Q15137718,Son of God,2014 film directed by Christopher Spencer,2014-02-28T00:00:00Z,135.0
movies_8057,Q15139203,Tusk,2014 film directed by Kevin Smith,2014-01-01T00:00:00Z,102.0
movies_8058,Q15140437,Terminator Genisys,2015 science-fiction film directed by Alan Taylor,2015-06-25T00:00:00Z,126.0
movies_8059,Q1514113,Pura Vida Ibiza,2004 film by Gernot Roll,2004-01-01T00:00:00Z,89.0
movies_8060,Q1514163,Germanikus,2004 film by Hanns Christian Müller,2004-01-01T00:00:00Z,95.0
movies_8061,Q15141749,Pelé: Birth of a Legend,2014 film by Jeff Zimbalist,2016-04-23T00:00:00Z,107.0
movies_8062,Q15143101,Bastard,2011 film directed by Carsten Unger,2011-01-01T00:00:00Z,100.0
movies_8063,Q1514484,Hacking Democracy,2006 film by Simon Ardizzone,2006-01-01T00:00:00Z,82.0
movies_8064,Q15146380,Unbroken,2014 film directed by Angelina Jolie,2014-12-25T00:00:00Z,137.0
movies_8065,Q1514641,Hamlet 2,2008 film by Andrew Fleming,2008-01-21T00:00:00Z,92.0
movies_8066,Q15147033,Zyuden Sentai Kyoryuger vs. Go-Busters: The Great Dinosaur Battle! Farewell Our Eternal Friends,2014 film by Koichi Sakamoto,2014-01-18T00:00:00Z,
movies_8067,Q1514846,Gerry,2002 film by Gus Van Sant,2002-01-01T00:00:00Z,103.0
movies_8068,Q1515221,Human Nature,2001 film by Michel Gondry,2001-01-01T00:00:00Z,92.0
movies_8069,Q151546,Loco Fever,2001 film by Andrés Wood,2001-01-01T00:00:00Z,97.0
movies_8070,Q1515495,Just Inès,2010 film directed by Marcel Grant,2010-01-01T00:00:00Z,93.0
movies_8071,Q15154960,Madame Bovary,2014 UK film directed by Sophie Barthes,2014-01-01T00:00:00Z,118.0
movies_8072,Q15154975,Nightcrawler,2014 film by Dan Gilroy,2014-09-05T00:00:00Z,117.0
movies_8073,Q1515669,Alien Autopsy,2006 film by Jonny Campbell,2006-01-01T00:00:00Z,95.0
movies_8074,Q151643,Vengo,2000 film by Tony Gatlif,2000-01-01T00:00:00Z,90.0
movies_8075,Q1516553,Vatel,2000 film by Roland Joffé,2000-01-01T00:00:00Z,99.0
movies_8076,Q1516603,The Last Mitterrand,2004 film by Robert Guédiguian,2004-01-01T00:00:00Z,116.0
movies_8077,Q1516615,Lie with Me,2005 film directed by Clement Virgo,2005-01-01T00:00:00Z,89.0
movies_8078,Q151682,The Soul Keeper,2002 film directed by Roberto Faenza,2002-09-27T00:00:00Z,90.0
movies_8079,Q1516843,The Business,2005 film by Nick Love,2005-01-01T00:00:00Z,97.0
movies_8080,Q1516852,Taxi,2004 film directed by Tim Story,2004-10-06T00:00:00Z,93.0
movies_8081,Q1516920,The Skulls 3,2004 film directed by J. Miles Dale,2004-01-01T00:00:00Z,98.0
movies_8082,Q151695,My Little Eye,2002 film directed by Marc Evans,2002-01-01T00:00:00Z,95.0
movies_8083,Q151703,The Luzhin Defence,2000 film by Marleen Gorris,2000-01-01T00:00:00Z,109.0
movies_8084,Q151705,The Hunted,2003 film by William Friedkin,2003-03-14T00:00:00Z,91.0
movies_8085,Q151711,Marie-Jo and Her Two Lovers,2002 film,2002-01-01T00:00:00Z,124.0
movies_8086,Q151717,The Adversary,2002 film by Nicole Garcia,2002-01-01T00:00:00Z,129.0
movies_8087,Q1517263,Long Time Dead,2002 film by Marcus Adams,2002-01-01T00:00:00Z,89.0
movies_8088,Q151730,Zozo,2005 film directed by Josef Fares,2005-09-02T00:00:00Z,100.0
movies_8089,Q1517341,Kyun! Ho Gaya Na...,2004 film by Samir Karnik,2004-01-01T00:00:00Z,168.0
movies_8090,Q151737,Nathalie...,2003 film by Anne Fontaine,2003-01-01T00:00:00Z,106.0
movies_8091,Q1517393,Sappho,2008 film directed by Robert Crosbie,2008-01-01T00:00:00Z,88.0
movies_8092,Q151751,Lady Chatterley,2006 film directed by Pascale Ferran,2006-01-01T00:00:00Z,168.0
movies_8093,Q151792,The Science of Sleep,2006 film by Michel Gondry,2006-01-01T00:00:00Z,106.0
movies_8094,Q151811,Must Love Dogs,2005 film directed by Gary David Goldberg,2005-01-01T00:00:00Z,98.0
movies_8095,Q1518153,Happy Accidents,2000 film by Brad Anderson,2000-01-01T00:00:00Z,110.0
movies_8096,Q1518334,Unstoppable,2004 film directed by David Carson,2004-01-01T00:00:00Z,92.0
movies_8097,Q1518391,Recep İvedik,2008 film by Togan Gökbakar,2008-02-22T00:00:00Z,101.0
movies_8098,Q151848,Where the Truth Lies,2005 film by Atom Egoyan,2005-05-13T00:00:00Z,108.0
movies_8099,Q151870,Runaway Jury,2003 film by Gary Fleder,2003-10-09T00:00:00Z,122.0
movies_8100,Q151873,Une liaison pornographique,1999 film directed by Frédéric Fonteyne,2000-04-13T00:00:00Z,81.0
movies_8101,Q151881,Out of Time,2003 film by Carl Franklin,2003-01-01T00:00:00Z,105.0
movies_8102,Q151884,Tideland,2005 film by Terry Gilliam,2005-01-01T00:00:00Z,120.0
movies_8103,Q1518840,Annan Thambi,2008 film by Anwar Rasheed,2008-04-17T00:00:00Z,
movies_8104,Q151898,Stranger than Fiction,2006 film by Marc Forster,2006-09-09T00:00:00Z,108.0
movies_8105,Q151903,Dirty Pretty Things,2002 film by Stephen Frears,2002-09-05T00:00:00Z,93.0
movies_8106,Q151904,Casino Royale,2006 film by Martin Campbell,2006-11-14T00:00:00Z,144.0
movies_8107,Q1519049,Accepted,2006 film by Steve Pink,2006-01-01T00:00:00Z,90.0
movies_8108,Q151937,My Date with Drew,2004 documentary film,2004-01-01T00:00:00Z,90.0
movies_8109,Q151945,In the Bedroom,2001 film by Todd Field,2001-01-01T00:00:00Z,131.0
movies_8110,Q151946,Eight Legged Freaks,2002 film directed by Ellory Elkayem,2002-01-01T00:00:00Z,99.0
movies_8111,Q15198730,Boca,2010 film,2010-01-01T00:00:00Z,100.0
movies_8112,Q1519981,Shutter,"2004 film by Banjong Pisanthanakun, Parkpoom Wongpoom",2004-01-01T00:00:00Z,92.0
movies_8113,Q1519997,Ride or Die,"2003 film directed by Craig Ross, Jr.",2003-01-01T00:00:00Z,84.0
movies_8114,Q15206061,Taboo,2002 film directed by Max Makowski,2002-01-01T00:00:00Z,75.0
movies_8115,Q15207314,Enter Nowhere,2011 film by Jack Heller,2011-01-01T00:00:00Z,91.0
movies_8116,Q1520801,Lemon Tree,2008 film by Eran Riklis,2008-01-01T00:00:00Z,106.0
movies_8117,Q15208268,Freaks of Nature,2015 film,2015-01-01T00:00:00Z,93.0
movies_8118,Q152090,The Story of the Weeping Camel,2003 film directed by Byambasuren Davaa and Luigi Falorni,2003-06-29T00:00:00Z,87.0
movies_8119,Q15209986,Chappie,2015 film directed by Neill Blomkamp,2015-03-05T00:00:00Z,120.0
movies_8120,Q15214105,Enna Satham Indha Neram,2014 Tamil film directed by M. Saravanan,2014-06-27T00:00:00Z,
movies_8121,Q15214141,Aranmanai,2014 Tamil film directed by Sundar C.,2014-01-01T00:00:00Z,
movies_8122,Q15216288,The Last Diamond,2014 film by Éric Barbier,2014-01-01T00:00:00Z,
movies_8123,Q152185,The Legend of Lucy Keyes,2006 film by John Stimpson,2006-02-03T00:00:00Z,93.0
movies_8124,Q1521948,Ghosts of Cité Soleil,2006 documentary film by Asger Leth,2006-01-01T00:00:00Z,85.0
movies_8125,Q15220567,Run All Night,2015 film by Jaume Collet-Serra,2015-01-01T00:00:00Z,114.0
movies_8126,Q15220568,The Hundred-Foot Journey,2014 film by Lasse Hallström,2014-08-08T00:00:00Z,122.0
movies_8127,Q15223487,Nightmare 2: The Nightmare Continues,2014 film by Marko Äijö,2014-01-01T00:00:00Z,
movies_8128,Q15226280,The Man in the Saddle,1945 film by Harry Piel,2000-01-01T00:00:00Z,94.0
movies_8129,Q15236055,Irumbu Kuthirai,2014 Tamil film directed by Yuvaraj Bose,2014-08-29T00:00:00Z,
movies_8130,Q1523747,Tjenare kungen,2005 film by Ulf Malmros,2005-09-16T00:00:00Z,94.0
movies_8131,Q1523906,Killer by Nature,2010 film,2010-01-01T00:00:00Z,90.0
movies_8132,Q1523923,Delgo,2008 film,2008-04-17T00:00:00Z,94.0
movies_8133,Q15240679,God's Not Dead,2014 film directed by Harold Cronk,2014-03-21T00:00:00Z,113.0
movies_8134,Q1524217,Plan B,2001 film by Greg Yaitanes,2001-01-01T00:00:00Z,96.0
movies_8135,Q15243037,Big Game,2014 film directed by Jalmari Helander,2014-09-05T00:00:00Z,90.0
movies_8136,Q1524365,Harvard Man,2001 film by James Toback,2001-05-10T00:00:00Z,94.0
movies_8137,Q152456,Munich,2005 film directed by Steven Spielberg,2005-12-23T00:00:00Z,157.0
movies_8138,Q1524596,Chalet Girl,2011 film by Phil Traill,2011-01-01T00:00:00Z,93.0
movies_8139,Q1524996,Ginger Snaps 2: Unleashed,2004 film directed by Brett Sullivan,2004-01-01T00:00:00Z,91.0
movies_8140,Q1525035,Ginji The Slasher,2003 film,2003-01-01T00:00:00Z,121.0
movies_8141,Q1525102,Paranoid,2000 film by John Duigan,2000-01-01T00:00:00Z,90.0
movies_8142,Q1525361,I'm Not Scared,2003 film directed by Gabriele Salvatores,2003-01-01T00:00:00Z,109.0
movies_8143,Q15258961,Das Fremde in mir,2008 film by Emily Atef,2008-01-01T00:00:00Z,99.0
movies_8144,Q1526706,Wo Hu,"2006 film by Wang Guangli, Marco Mak",2006-01-01T00:00:00Z,
movies_8145,Q1526737,Call of the Toad,2005 film by Robert Gliński,2005-01-01T00:00:00Z,98.0
movies_8146,Q15268631,Krokodyle,2010 film by Stefano Bessoni,2010-01-01T00:00:00Z,80.0
movies_8147,Q15269562,Romeo,2011 film by Sujit Mondal,2011-11-04T00:00:00Z,
movies_8148,Q15270471,Bugs,2011 film by Andrei Bogatyryov,2011-01-01T00:00:00Z,111.0
movies_8149,Q15270572,Gotti,2018 crime film directed by Kevin Connolly,2018-01-01T00:00:00Z,110.0
movies_8150,Q15270603,Dom vetra,2011 film,2011-01-01T00:00:00Z,90.0
movies_8151,Q15270604,House for the Rich,2000 film by Vladimir Fokin,2000-01-01T00:00:00Z,117.0
movies_8152,Q15270638,Zvorykin-Muromets,2010 film by Sergey Nurmamed,2010-01-01T00:00:00Z,141.0
movies_8153,Q15270639,Swelter,2014 film,2014-01-01T00:00:00Z,96.0
movies_8154,Q15270705,Dancing Ninja,2010 film,2010-01-01T00:00:00Z,98.0
movies_8155,Q15270725,Lvinaya dolya,2001 film by Aleksandr Muratov,2001-01-01T00:00:00Z,105.0
movies_8156,Q15270755,Middletown,2006 film by Brian Kirk,2006-01-01T00:00:00Z,88.0
movies_8157,Q15270782,Velvet Revolution,2005 film by Oleg Stepchenko,2005-01-01T00:00:00Z,117.0
movies_8158,Q15270873,Tumbledown,2016 film,2016-02-12T00:00:00Z,105.0
movies_8159,Q15270945,The Last Train,2003 Russian war drama film by Aleksei German Jr.,2003-08-29T00:00:00Z,82.0
movies_8160,Q15270992,The River,2002 film by Aleksei Balabanov,2002-01-01T00:00:00Z,50.0
movies_8161,Q15271008,Manji,2006 film by Noboru Iguchi,2006-01-01T00:00:00Z,
movies_8162,Q15271016,Saint Laurent,2014 film by Bertrand Bonello,2014-01-01T00:00:00Z,135.0
movies_8163,Q15271040,Fear of Water,2011 film by Gabriel Pelletier,2011-01-01T00:00:00Z,
movies_8164,Q15271051,Sukhodol,2011 film,2011-01-01T00:00:00Z,89.0
movies_8165,Q15271081,The Practice of Beauty,2011 film by Viktor Shamirov,2011-07-16T00:00:00Z,93.0
movies_8166,Q15271104,Chetyre taksista i sobaka,2004 film,2004-01-01T00:00:00Z,95.0
movies_8167,Q15272134,No Escape,2015 film directed by John Erick Dowdle,2015-08-26T00:00:00Z,103.0
movies_8168,Q15275703,Horrible Bosses 2,2014 film by Sean Anders,2014-01-01T00:00:00Z,104.0
movies_8169,Q15275877,Lala Pipo: A Lot of People,2005 Japanese novel by Hideo Okuda,2005-01-01T00:00:00Z,120.0
movies_8170,Q15276657,Kameňák 3,2005 film by Zdeněk Troška,2005-01-13T00:00:00Z,101.0
movies_8171,Q15283257,Two Night Stand,2014 film by Max Nichols,2014-01-01T00:00:00Z,86.0
movies_8172,Q15284383,Rurouni Kenshin: Kyoto Inferno,2014 film by Keishi Ōtomo,2014-08-01T00:00:00Z,139.0
movies_8173,Q15284388,Rurouni Kenshin: The Legend Ends,2014 film by Keishi Ōtomo,2014-09-13T00:00:00Z,136.0
movies_8174,Q15284489,Lupin III,2014 Japanese heist film,2014-08-30T00:00:00Z,133.0
movies_8175,Q152857,Downfall,2004 film by Oliver Hirschbiegel,2004-01-01T00:00:00Z,155.0
movies_8176,Q1528731,Brother 2,2000 film by Aleksei Balabanov,2000-05-11T00:00:00Z,126.0
movies_8177,Q15292486,Cold in July,2014 film by Jim Mickle,2014-01-01T00:00:00Z,109.0
movies_8178,Q15302991,Catedral,2010 documentary film directed by Aliocha,2010-01-01T00:00:00Z,
movies_8179,Q15303118,Passport,2001 film by Péter Gothár,2001-11-01T00:00:00Z,71.0
movies_8180,Q15303493,Wolf Totem,2015 film by Jean-Jacques Annaud,2015-02-19T00:00:00Z,121.0
movies_8181,Q15303652,Guadalupe,2006 film,2006-01-01T00:00:00Z,
movies_8182,Q15303729,Simpatico,1999 film directed by Matthew Warchus,2000-07-13T00:00:00Z,102.0
movies_8183,Q1532152,Glory Glory,2000 film by Paul Taunton Matthews,2000-01-01T00:00:00Z,95.0
movies_8184,Q1532255,Fahrenhype 9/11,2004 film,2004-01-01T00:00:00Z,80.0
movies_8185,Q1532274,Lost Embrace,2004 film by Daniel Burman,2003-01-01T00:00:00Z,99.0
movies_8186,Q1532993,One Missed Call,2003 Japanese horror film by Takashi Miike,2003-01-01T00:00:00Z,113.0
movies_8187,Q1533061,The Last Debate,2000 film by John Badham,2000-01-01T00:00:00Z,96.0
movies_8188,Q15335769,Out of Athens,2000 gay pornographic film directed by John Rutherford,2000-01-01T00:00:00Z,
movies_8189,Q1533597,God Bless America,2011 film by Bobcat Goldthwait,2011-01-01T00:00:00Z,105.0
movies_8190,Q1533604,About the Looking for and the Finding of Love,2005 film by Helmut Dietl,2005-01-27T00:00:00Z,105.0
movies_8191,Q1533887,How I Ended This Summer,2010 film by Alexei Popogrebski,2010-02-17T00:00:00Z,124.0
movies_8192,Q1533901,Gods and Generals,2003 film by Ronald F. Maxwell,2003-01-01T00:00:00Z,209.0
movies_8193,Q1533961,"Godzilla, Mothra and King Ghidorah: Giant Monsters All-Out Attack",2001 film by Shūsuke Kaneko,2001-11-03T00:00:00Z,101.0
movies_8194,Q1534510,The Devil's Rejects,2005 film by Rob Zombie,2005-01-01T00:00:00Z,109.0
movies_8195,Q1534667,Someone Like Hodder,2003 film by Henrik Ruben Genz,2003-01-31T00:00:00Z,78.0
movies_8196,Q1534737,Life,1999 film by Ted Demme,2000-06-01T00:00:00Z,104.0
movies_8197,Q153484,Resident Evil,2002 film directed by Paul W. S. Anderson,2002-01-01T00:00:00Z,100.0
movies_8198,Q1535076,Summer in the Golden Valley,2003 film directed by Srđan Vuletić,2003-01-01T00:00:00Z,105.0
movies_8199,Q15356454,Helios,2015 film directed by Longmond Leung and Sunny Luk,2015-01-01T00:00:00Z,118.0
movies_8200,Q1536277,The First $20 Million Is Always the Hardest,2002 film by Mick Jackson,2002-01-01T00:00:00Z,105.0
movies_8201,Q1536287,The Guys from Paradise,2001 film by Takashi Miike,2001-01-01T00:00:00Z,114.0
movies_8202,Q1536341,Rock it,2010 film by Mike Marzuk,2010-01-01T00:00:00Z,95.0
movies_8203,Q1536544,This Ain't Glee XXX,2010 pornographic film by Axel Braun,2010-01-01T00:00:00Z,109.0
movies_8204,Q1536550,Shinobi: Heart Under Blade,2005 film by Ten Shimoyama,2005-09-17T00:00:00Z,101.0
movies_8205,Q1536600,Gridiron Gang,2006 film directed by Phil Joanou,2006-09-15T00:00:00Z,126.0
movies_8206,Q1536722,In America,2002 film by Jim Sheridan,2002-09-12T00:00:00Z,101.0
movies_8207,Q1537305,Palindromes,2004 film by Todd Solondz,2004-09-03T00:00:00Z,100.0
movies_8208,Q1537346,Now or Never,2000 film directed by Lars Büchel,2000-01-01T00:00:00Z,95.0
movies_8209,Q1537480,Ju-on,2000 film by Takashi Shimizu,2000-02-11T00:00:00Z,70.0
movies_8210,Q1537484,Good Advice,2001 film by Steve Rash,2001-01-01T00:00:00Z,89.0
movies_8211,Q1537544,A Good Woman,2004 film by Mike Barker,2004-01-01T00:00:00Z,93.0
movies_8212,Q1537986,.45,2006 film directed by Gary Lennon,2006-11-30T00:00:00Z,101.0
movies_8213,Q1538289,Nightmare Detective,2006 film by Shinya Tsukamoto,2006-01-01T00:00:00Z,102.0
movies_8214,Q1538293,Fuse,2003 film by Pjer Žalica,2003-01-01T00:00:00Z,105.0
movies_8215,Q1538567,Nemesis Game,2003 film by Jesse Warn,2003-01-01T00:00:00Z,92.0
movies_8216,Q153882,The Lives of Others,2006 film directed by Florian Henckel von Donnersmarck,2006-03-15T00:00:00Z,137.0
movies_8217,Q1538902,Pirates,2005 American pornographic action-adventure film by Joone,2005-09-26T00:00:00Z,129.0
movies_8218,Q1539566,Priceless,2006 film directed by Pierre Salvadori,2006-01-01T00:00:00Z,101.0
movies_8219,Q1539655,Sixty Six,2006 film by Paul Weiland,2006-01-01T00:00:00Z,93.0
movies_8220,Q15401854,Jönssonligan – Den perfekta stöten,2015 Swedish film directed by Alain Darborg,2015-01-16T00:00:00Z,91.0
movies_8221,Q15401947,The Crossing,2014 film by John Woo,2014-01-01T00:00:00Z,129.0
movies_8222,Q1540202,Mr Bones,2001 film by Gray Hofmeyr,2001-01-01T00:00:00Z,101.0
movies_8223,Q1540260,A Guide to Recognizing Your Saints,2006 film by Dito Montiel,2006-01-20T00:00:00Z,90.0
movies_8224,Q1540379,Jeepers Creepers 2,2003 film by Victor Salva,2003-01-01T00:00:00Z,99.0
movies_8225,Q1540586,Monrak Transistor,2001 film by Pen-Ek Ratanaruang,2001-01-01T00:00:00Z,115.0
movies_8226,Q1540614,Gozu,2003 surrealist film by Takashi Miike,2003-01-01T00:00:00Z,130.0
movies_8227,Q15407653,The Cobbler,2014 film directed by Tom McCarthy,2014-01-01T00:00:00Z,99.0
movies_8228,Q154077,Walk the Line,2005 film by James Mangold,2005-09-04T00:00:00Z,136.0
movies_8229,Q15407746,Queen of the Desert,2015 film directed by Werner Herzog,2015-01-01T00:00:00Z,128.0
movies_8230,Q15409303,Pawn Sacrifice,2014 film,2014-01-01T00:00:00Z,115.0
movies_8231,Q15410723,Maan Karate,2014 Tamil film directed by Krish Thirukumaran,2014-04-03T00:00:00Z,
movies_8232,Q15411503,The Water Diviner,2014 film by Russell Crowe,2014-01-01T00:00:00Z,111.0
movies_8233,Q1541605,How High,2001 film by Jesse Dylan,2001-01-01T00:00:00Z,93.0
movies_8234,Q1541909,Corridor,2010 film by Johan Lundborg,2010-01-01T00:00:00Z,80.0
movies_8235,Q1542340,Head over Heels,2001 film directed by Mark Waters,2001-01-01T00:00:00Z,83.0
movies_8236,Q1542368,Gran Paradiso,2000 film by Miguel Alexandre,2000-11-09T00:00:00Z,102.0
movies_8237,Q1542565,Grand Champion,2002 film by Barry Tubb,2002-01-01T00:00:00Z,94.0
movies_8238,Q1542687,Interstate 60,2002 film by Bob Gale,2002-01-01T00:00:00Z,112.0
movies_8239,Q15427353,Slow West,2015 film by John Maclean,2015-01-24T00:00:00Z,84.0
movies_8240,Q1543028,Grandma's Boy,2006 film directed by Nicholaus Goossen,2006-01-01T00:00:00Z,96.0
movies_8241,Q1543439,The Rules of Attraction,2002 film by Roger Avary,2002-01-01T00:00:00Z,110.0
movies_8242,Q1543603,Grateful Dawg,2000 film,2000-01-01T00:00:00Z,81.0
movies_8243,Q1544258,The Salton Sea,2002 film directed by D. J. Caruso,2002-02-12T00:00:00Z,100.0
movies_8244,Q154581,Gangs of New York,2002 film directed by Martin Scorsese,2002-12-20T00:00:00Z,168.0
movies_8245,Q1545861,Grenzverkehr,2005 film by Stefan Betz,2005-01-01T00:00:00Z,90.0
movies_8246,Q1546370,Open Range,2003 American western film directed by Kevin Costner,2003-01-01T00:00:00Z,133.0
movies_8247,Q1546955,Grind,2003 film,2003-01-01T00:00:00Z,104.0
movies_8248,Q1547013,Gripsholm,2000 film by Xavier Koller,2000-01-01T00:00:00Z,100.0
movies_8249,Q1547758,Single by Contract,2010 film by Marc Rothemund,2010-01-01T00:00:00Z,104.0
movies_8250,Q154817,Good Bye Lenin!,2003 film directed by Wolfgang Becker,2003-02-09T00:00:00Z,125.0
movies_8251,Q15485665,The Way He Looks,2014 film directed by Daniel Ribeiro,2014-02-10T00:00:00Z,95.0
movies_8252,Q15491127,Life of Riley,2014 film by Alain Resnais,2014-02-10T00:00:00Z,108.0
movies_8253,Q1550266,P.S.,2004 film by Dylan Kidd,2004-09-03T00:00:00Z,96.0
movies_8254,Q1551080,Me You Them,2000 film by Andrucha Waddington,2000-05-16T00:00:00Z,106.0
movies_8255,Q1551169,Temporada de patos,2004 comedy film by Fernando Eimbcke,2004-10-22T00:00:00Z,84.0
movies_8256,Q1551502,Throttle,2005 film by James Seale,2005-01-01T00:00:00Z,83.0
movies_8257,Q15515219,Ninnindale,2014 film by Jayanth C. Paranjee,2014-01-16T00:00:00Z,140.0
movies_8258,Q155163,Alien vs. Predator,2004 film directed by Paul W. S. Anderson,2004-08-13T00:00:00Z,100.0
movies_8259,Q15516638,A Year and Change,2015 film,2015-01-01T00:00:00Z,93.0
movies_8260,Q1551737,Piranha,2006 film by Andrey Kavun,2006-04-06T00:00:00Z,119.0
movies_8261,Q15522237,"Love, Rosie",2014 film directed by Christian Ditter,2014-10-22T00:00:00Z,103.0
movies_8262,Q15524911,The Interview,2014 film directed by Seth Rogen and Evan Goldberg,2014-01-01T00:00:00Z,112.0
movies_8263,Q15524981,Tiny Times 3,2014 film by Guo Jingming,2014-01-01T00:00:00Z,125.0
movies_8264,Q15525028,Confia em Mim,2014 film by Michel Tikhomiroff,2014-03-28T00:00:00Z,85.0
movies_8265,Q15526601,Chandamama Kathalu,2014 Telugu film directed by Praveen Sattaru,2014-01-01T00:00:00Z,
movies_8266,Q15527055,Far from the Madding Crowd,2015 film by Thomas Vinterberg,2015-01-01T00:00:00Z,119.0
movies_8267,Q1552765,I'm Still Here,2010 film by Casey Affleck,2010-01-01T00:00:00Z,108.0
movies_8268,Q15527682,Stereo,2014 film by Maximilian Erlenwein,2014-02-08T00:00:00Z,93.0
movies_8269,Q1552835,Hazard,2005 film by Sion Sono,2005-01-01T00:00:00Z,103.0
movies_8270,Q15533576,Muita Calma Nessa Hora 2,2014 film by Felipe Joffily,2014-01-17T00:00:00Z,90.0
movies_8271,Q1553584,Kaal,2005 film by Soham Shah,2005-01-01T00:00:00Z,125.0
movies_8272,Q1554298,King of Thieves,2004 film by Ivan Fíla,2004-01-01T00:00:00Z,101.0
movies_8273,Q1554324,Shade,2003 film directed by Damian Nieman,2003-01-01T00:00:00Z,91.0
movies_8274,Q155476,The Fast and the Furious,2001 film directed by Rob Cohen,2001-06-22T00:00:00Z,103.0
movies_8275,Q15547983,"She Is Not Crying, She Is Singing",2011 film by Philippe de Pierpont,2011-01-01T00:00:00Z,
movies_8276,Q15548282,Focus,2015 film directed by Glenn Ficarra and John Requa,2015-02-11T00:00:00Z,104.0
movies_8277,Q15550924,When I Was Alive,2014 film directed by Marco Dutra,2014-01-01T00:00:00Z,108.0
movies_8278,Q1555773,When Strangers Appear,2001 film directed by Scott Reynolds,2001-01-01T00:00:00Z,96.0
movies_8279,Q1557308,The Namesake,2006 film directed by Mira Nair,2006-01-01T00:00:00Z,122.0
movies_8280,Q15586322,The Rain Fairy,2010 film by Milan Cieslar,2010-02-11T00:00:00Z,100.0
movies_8281,Q15596853,Burying the Ex,2014 film by Joe Dante,2014-01-01T00:00:00Z,90.0
movies_8282,Q15612553,The Keeping Room,2014 film,2014-01-01T00:00:00Z,95.0
movies_8283,Q15613279,Barely Lethal,2015 film by Kyle Newman,2015-01-01T00:00:00Z,98.0
movies_8284,Q15613894,Iruvar Ullam,2021 film directed by G. Ramesh,2016-01-01T00:00:00Z,
movies_8285,Q15614650,God's Pocket,2014 film by John Slattery,2014-01-17T00:00:00Z,88.0
movies_8286,Q15615185,The Program,2015 film,2015-10-08T00:00:00Z,103.0
movies_8287,Q15615772,The Benefactor,2015 film directed by Andrew Renzi,2015-01-01T00:00:00Z,89.0
movies_8288,Q15616326,Aaha Kalyanam,2014 Tamil film directed by Gokul Krishna,2014-02-20T00:00:00Z,
movies_8289,Q15616485,Flying Home,2014 film directed by Dominique Deruddere,2014-01-01T00:00:00Z,95.0
movies_8290,Q15616769,Anamika,2014 film by Sekhar Kammula,2014-01-01T00:00:00Z,
movies_8291,Q15618117,Wkreceni,2014 film by Piotr Wereśniak,2014-01-10T00:00:00Z,100.0
movies_8292,Q15618217,Kitty Mama,2011 film by Vít Karas,2011-11-17T00:00:00Z,89.0
movies_8293,Q15618690,Killers,2014 film directed by Timo Tjahjanto and Kimo Stamboel,2014-01-20T00:00:00Z,
movies_8294,Q15618731,Hot Young Bloods,2014 film directed by Lee Yeon-woo,2014-01-22T00:00:00Z,121.0
movies_8295,Q15618732,The Plan Man,2014 film,2014-01-09T00:00:00Z,121.0
movies_8296,Q15619286,The Anderssons Rock the Mountains,2014 Swedish film by Hannes Holm,2014-12-19T00:00:00Z,92.0
movies_8297,Q15622628,Aloft,2014 film by Claudia Llosa,2014-02-12T00:00:00Z,116.0
movies_8298,Q15622633,Self/less,2015 film by Tarsem Singh,2015-01-01T00:00:00Z,117.0
movies_8299,Q15623092,Not My Day,2014 film by Peter Thorwarth,2014-01-01T00:00:00Z,110.0
movies_8300,Q15623519,The Fatal Encounter,2014 film by Lee Jae-gyu,2014-04-30T00:00:00Z,135.0
movies_8301,Q15623873,Tutta colpa di Freud,2014 film by Paolo Genovese,2014-01-23T00:00:00Z,120.0
movies_8302,Q15624045,The Boy Next Door,2015 film by Rob Cohen,2015-01-01T00:00:00Z,90.0
movies_8303,Q15624215,Lucy,2014 film directed by Luc Besson,2014-07-25T00:00:00Z,89.0
movies_8304,Q1562686,H6: Diary of a Serial Killer,2005 film,2006-07-14T00:00:00Z,92.0
movies_8305,Q15627005,Fair Play,2014 film by Andrea Sedláčková,2014-03-06T00:00:00Z,100.0
movies_8306,Q15627888,Two Men in Town,2014 film by Rachid Bouchareb,2014-01-01T00:00:00Z,120.0
movies_8307,Q15629624,Mega Shark Versus Mecha Shark,2014 film,2014-01-28T00:00:00Z,85.0
movies_8308,Q15631013,Everest,2015 film directed by Baltasar Kormákur,2015-09-17T00:00:00Z,121.0
movies_8309,Q15632400,Tum – A Dangerous Obsession,2004 film by Aruna Raje,2004-01-01T00:00:00Z,
movies_8310,Q15635667,I Origins,2014 film directed by Mike Cahill,2014-01-01T00:00:00Z,116.0
movies_8311,Q15636112,I'll Show You!,2006 film,2006-02-10T00:00:00Z,113.0
movies_8312,Q15636184,Die letzte Instanz,2014 film by Carlo Rola,2014-01-20T00:00:00Z,89.0
movies_8313,Q15636270,Heisei Riders vs. Shōwa Riders: Kamen Rider Taisen feat. Super Sentai,2014 film by Takayuki Shibasaki,2014-03-29T00:00:00Z,
movies_8314,Q156394,What Women Want,2000 film directed by Nancy Meyers,2000-12-15T00:00:00Z,127.0
movies_8315,Q15639636,Chatur Singh Two Star,2011 film,2011-01-01T00:00:00Z,
movies_8316,Q15641052,Facet (nie)potrzebny od zaraz,2014 film,2014-02-14T00:00:00Z,88.0
movies_8317,Q15642572,Trick the Movie: Last Stage,2014 film by Yukihiko Tsutsumi,2014-01-11T00:00:00Z,
movies_8318,Q15642649,Golden Chicken 3,2014 Hong Kong comedy film directed by Matt Chow,2014-01-30T00:00:00Z,100.0
movies_8319,Q15642956,Con Man,2003 film by Jesse Moss,2003-01-01T00:00:00Z,
movies_8320,Q1564329,Heinrich der Säger,2001 film directed by Klaus Gietinger,2001-01-01T00:00:00Z,99.0
movies_8321,Q15643554,Jai Ho,2014 film by Sohail Khan,2014-01-23T00:00:00Z,
movies_8322,Q15647086,Donovan's Echo,2011 film by Jim Cliffe,2011-09-18T00:00:00Z,
movies_8323,Q15647675,The Treatment,2014 film by Hans Herbots,2014-01-01T00:00:00Z,131.0
movies_8324,Q15647962,Walk of Shame,2014 film by Steven Brill,2014-05-01T00:00:00Z,95.0
movies_8325,Q15648198,Whiplash,2014 film directed by Damien Chazelle,2014-01-16T00:00:00Z,106.0
movies_8326,Q15648500,Malini 22 Palayamkottai,2014 Tamil film directed by Sripriya,2014-01-24T00:00:00Z,
movies_8327,Q15648873,Blind,2014 film by Eskil Vogt,2014-01-19T00:00:00Z,96.0
movies_8328,Q15650208,Timepass,2014 film by Ravi Jadhav,2014-01-03T00:00:00Z,143.0
movies_8329,Q156519,Around the World in 80 Days,2004 film directed by Frank Coraci,2004-06-16T00:00:00Z,120.0
movies_8330,Q15651974,The Midnight After,2014 film by Fruit Chan,2014-02-07T00:00:00Z,124.0
movies_8331,Q1565481,Tom Sawyer,2011 German family-oriented adventure film directed by Hermine Huntgeburth,2011-09-30T00:00:00Z,109.0
movies_8332,Q15655770,Happy Christmas,2014 film by Joe Swanberg,2014-01-19T00:00:00Z,82.0
movies_8333,Q15656073,Love Is Strange,2014 film by Ira Sachs,2014-01-18T00:00:00Z,94.0
movies_8334,Q156597,Men in Black II,2002 film directed by Barry Sonnenfeld,2002-07-03T00:00:00Z,84.0
movies_8335,Q156608,The Bourne Supremacy,2004 film directed by Paul Greengrass,2004-07-15T00:00:00Z,108.0
movies_8336,Q1567731,Lassie,2005 film by Charles Sturridge,2005-01-01T00:00:00Z,100.0
movies_8337,Q15689168,Hasee Toh Phasee,2014 film directed by Vinil Mathew,2014-01-01T00:00:00Z,141.0
movies_8338,Q15689261,The Little House,2014 Japanese film directed by Yōji Yamada,2010-05-30T00:00:00Z,136.0
movies_8339,Q15691486,A Boss In The Living Room,2014 film by Luca Miniero,2014-01-01T00:00:00Z,90.0
movies_8340,Q1569216,Please Give,2010 film by Nicole Holofcener,2010-01-01T00:00:00Z,90.0
movies_8341,Q15693920,Boonie Bears: To the Rescue,2014 Chinese animated film,2014-01-01T00:00:00Z,96.0
movies_8342,Q15694547,Pandavulu Pandavulu Tummeda,2014 Telugu film directed by Srinivas,2014-01-01T00:00:00Z,
movies_8343,Q15694687,Heart Attack,2014 film by Puri Jagannadh,2014-01-31T00:00:00Z,
movies_8344,Q15695282,My So-Called Father,2014 film by Ulf Malmros,2014-09-19T00:00:00Z,127.0
movies_8345,Q15695586,Relationship Status: It's Complicated,2014 film by Manu Payet,2014-01-01T00:00:00Z,
movies_8346,Q15695687,Oru Kanniyum Moonu Kalavaanikalum,2014 Tamil film directed by Chimbu Deven,2014-04-04T00:00:00Z,
movies_8347,Q15696533,Gloria del Pacífico,2014 film by Juan Carlos Oganes,2014-01-01T00:00:00Z,150.0
movies_8348,Q15696746,An Odd Evening in April,2014 film,2014-01-01T00:00:00Z,98.0
movies_8349,Q1569923,Lucky Numbers,2000 film by Nora Ephron,2000-01-01T00:00:00Z,105.0
movies_8350,Q15699390,Goli Soda,2014 Tamil film directed by Vijay Milton,2014-01-24T00:00:00Z,111.0
movies_8351,Q15701905,Hello Babies,2014 film by Vincent Kok,2014-01-11T00:00:00Z,90.0
movies_8352,Q15702353,Danger,2005 film by Krishna Vamsi,2005-01-01T00:00:00Z,
movies_8353,Q15702455,Beijing Love Story,2014 film by Chen Sicheng,2014-02-14T00:00:00Z,
movies_8354,Q157044,The Hours,2002 film directed by Stephen Daldry,2002-01-01T00:00:00Z,114.0
movies_8355,Q15705611,One by Two,2014 film by Devika Bhagat,2014-01-31T00:00:00Z,
movies_8356,Q15706385,Wish You Were Here,2012 film by Kieran Darcy-Smith,2011-01-01T00:00:00Z,89.0
movies_8357,Q15706898,The Gambler,2014 film by Rupert Wyatt,2014-01-01T00:00:00Z,111.0
movies_8358,Q15708907,Miss Granny,2014 South Korean film by Hwang Dong-hyuk,2014-01-22T00:00:00Z,124.0
movies_8359,Q15709915,"Bystree, chem kroliki",2014 film by Dmitriy Dyachenko,2014-01-01T00:00:00Z,99.0
movies_8360,Q15710747,Harvest Time,2004 film by Marina Rasbezhkina,2004-06-26T00:00:00Z,67.0
movies_8361,Q15710928,Dakishimetai: Shinjitsu no Monogatari,2014 film by Akihiko Shiota,2014-02-01T00:00:00Z,
movies_8362,Q15711573,Nee Yellam Nalla Varuvada,2015 Tamil film directed by V.R. Nagendran,2015-06-26T00:00:00Z,
movies_8363,Q15711834,Manu Needhi,2000 Tamil film directed by Thambi Ramaiah,2000-01-01T00:00:00Z,
movies_8364,Q15712110,Jigsaw,2017 film directed by Peter Spierig and Michael Spierig,2017-10-26T00:00:00Z,92.0
movies_8365,Q15713299,Hellion,2014 film by Kat Candler,2014-01-01T00:00:00Z,99.0
movies_8366,Q15713892,Pan,2015 film directed by Joe Wright,2015-09-24T00:00:00Z,112.0
movies_8367,Q15713954,Something Must Break,2014 Swedish film by Ester Martin Bergsmark,2014-01-01T00:00:00Z,85.0
movies_8368,Q15714136,Le mystère des jonquilles,2014 film by Jean-Pierre Mocky,2014-01-01T00:00:00Z,80.0
movies_8369,Q15714322,Terrarossa,2001 film by Giorgio Molteni,2001-01-01T00:00:00Z,100.0
movies_8370,Q15715166,Heartless,2014 film by Shekhar Suman,2014-02-07T00:00:00Z,
movies_8371,Q15715216,Hitman: Agent 47,2015 film directed by Aleksander Bach,2015-01-01T00:00:00Z,96.0
movies_8372,Q15715647,Survivor,2015 film directed by James McTeigue,2015-05-21T00:00:00Z,93.0
movies_8373,Q15715663,Step Up: All In,2014 film by Trish Sie,2014-01-01T00:00:00Z,112.0
movies_8374,Q15715709,Vorrei vederti ballare,2011 film,2011-01-01T00:00:00Z,86.0
movies_8375,Q1571644,Hallesche Kometen,2005 film by Susanne Irina Zacharias,2005-01-01T00:00:00Z,83.0
movies_8376,Q15717576,Majestic,2002 film directed by P. N. Satya,2002-02-08T00:00:00Z,
movies_8377,Q15717664,Kotigobba,2001 film directed by Naganna,2001-01-01T00:00:00Z,
movies_8378,Q15717896,Balyakalasakhi,2014 film by Pramod Payyannur,2014-02-06T00:00:00Z,
movies_8379,Q15718418,Jyeshta,2004 film by Suresh Krissna,2004-01-01T00:00:00Z,
movies_8380,Q15718857,Venus Talk,2014 film,2014-02-13T00:00:00Z,109.0
movies_8381,Q1571941,Ponette,1996 film directed by Jacques Doillon,2000-06-07T00:00:00Z,97.0
movies_8382,Q15720528,Jigarthanda,2014 Tamil film directed by Karthik Subbaraj,2014-06-20T00:00:00Z,171.0
movies_8383,Q15721694,Rama Krishna,2004 film by Sai Prakash,2004-01-01T00:00:00Z,
movies_8384,Q15722949,Soorappa,2000 film directed by Naganna,2000-01-01T00:00:00Z,
movies_8385,Q15723814,Katha Deithili Maa Ku,2003 film,2003-01-01T00:00:00Z,
movies_8386,Q15725259,Sakala Tirtha To Charane,1995 Odia film directed by Sangram Biswal,2003-01-01T00:00:00Z,
movies_8387,Q15725674,What the Fuck?,2014 film directed by Raphaël Frydman,2014-03-05T00:00:00Z,
movies_8388,Q15725811,Entourage,2015 film by Doug Ellin,2015-01-01T00:00:00Z,104.0
movies_8389,Q15726151,Horseplay,2014 film by Li Chi-ngai,2014-01-01T00:00:00Z,96.0
movies_8390,Q15726236,Haider,2014 film by Vishal Bhardwaj,2014-10-02T00:00:00Z,160.0
movies_8391,Q15726752,Get on Up,2014 film by Tate Taylor,2014-01-01T00:00:00Z,139.0
movies_8392,Q15727032,I'm Not Angry!,2014 film by Reza Dormishian,2014-01-01T00:00:00Z,110.0
movies_8393,Q15727192,The 33,2015 film by Patricia Riggen,2014-01-01T00:00:00Z,127.0
movies_8394,Q15727323,Land of Storms,2014 film directed by Ádám Császi,2014-02-08T00:00:00Z,115.0
movies_8395,Q15728784,The Purge: Anarchy,2014 film directed by James DeMonaco,2014-01-01T00:00:00Z,103.0
movies_8396,Q15728823,Heaven Is for Real,2014 film by Randall Wallace,2014-04-10T00:00:00Z,99.0
movies_8397,Q15729024,In Order of Disappearance,2014 film by Hans Petter Moland,2014-02-10T00:00:00Z,117.0
movies_8398,Q15729025,Crimson Peak,2015 film by Guillermo del Toro,2015-01-01T00:00:00Z,119.0
movies_8399,Q15731283,"Black Coal, Thin Ice",2014 film by Diao Yinan,2014-07-24T00:00:00Z,106.0
movies_8400,Q15731457,Anita B.,2014 film by Roberto Faenza,2014-01-01T00:00:00Z,90.0
movies_8401,Q15731589,Obhishopto Nighty,2014 film by Birsa Dasgupta,2014-02-14T00:00:00Z,
movies_8402,Q15732303,The Mystery of Dante,2014 film by Louis Nero,2014-01-01T00:00:00Z,100.0
movies_8403,Q15732532,A Life in Suitcases,2005 film by Peter Greenaway,2005-01-01T00:00:00Z,120.0
movies_8404,Q15732802,John Wick,2014 film directed by Chad Stahelski and David Leitch,2014-10-24T00:00:00Z,101.0
movies_8405,Q15733016,Coming Home,2014 film,2014-01-01T00:00:00Z,111.0
movies_8406,Q15733036,Street Society,2014 film by Awi Suryadi,2014-01-01T00:00:00Z,
movies_8407,Q15733440,Annabelle,2014 film directed by John R. Leonetti,2014-01-01T00:00:00Z,99.0
movies_8408,Q15762515,Second Origin,2015 film by Bigas Luna,2015-01-01T00:00:00Z,
movies_8409,Q15783521,Anleitung zur sexuellen Unzufriedenheit,2002 film by Bernhard Ludwig,2002-01-01T00:00:00Z,92.0
movies_8410,Q157975,The Edukators,2004 film directed by Hans Weingartner,2004-01-01T00:00:00Z,127.0
movies_8411,Q15825814,LiebesLuder,2000 film by Detlev Buck,2000-01-01T00:00:00Z,91.0
movies_8412,Q1582752,Torrente 2: Misión en Marbella,2001 film by Santiago Segura,2001-03-30T00:00:00Z,99.0
movies_8413,Q15831672,At the End of the Night,2003 film by Salvatore Piscicelli,2003-01-01T00:00:00Z,98.0
movies_8414,Q15831713,The Assassin,2015 wuxia film by Taiwanese filmmaker Hou Hsiao-Hsien,2015-08-27T00:00:00Z,105.0
movies_8415,Q1584281,Happily Ever After,2004 film directed by Yvan Attal,2004-01-01T00:00:00Z,106.0
movies_8416,Q1584284,Happy Endings,2005 film by Don Roos,2005-01-01T00:00:00Z,127.0
movies_8417,Q1584333,Happy Times,2000 film by Zhang Yimou,2000-01-01T00:00:00Z,102.0
movies_8418,Q1584444,The Great Raid,2005 film by John Dahl,2005-01-01T00:00:00Z,115.0
movies_8419,Q15844806,Bill,2015 film directed by Richard Bracewell,2015-01-01T00:00:00Z,94.0
movies_8420,Q158473,The Wedding,2000 French-Russian comedy film directed by Pavel Lungin,2000-05-14T00:00:00Z,114.0
movies_8421,Q1584981,Hard Cash,2002 film directed by Predrag Antonijević,2002-01-01T00:00:00Z,99.0
movies_8422,Q1585062,Hardball,2001 film directed by Brian Robbins,2001-01-01T00:00:00Z,106.0
movies_8423,Q15854772,Wind River,2000 film directed by Tom Shell,2000-01-01T00:00:00Z,97.0
movies_8424,Q158571,(T)Raumschiff Surprise – Periode 1,2004 film by Michael Herbig,2004-01-01T00:00:00Z,83.0
movies_8425,Q15857743,Dead by Monday,2001 film by Curt Truninger,2001-01-01T00:00:00Z,94.0
movies_8426,Q158697,...ing,2003 film,2003-01-01T00:00:00Z,104.0
movies_8427,Q1587454,Après la vie,2002 film by Lucas Belvaux,2002-01-01T00:00:00Z,124.0
movies_8428,Q15891351,Uthama Villain,2015 Tamil film directed by Ramesh Aravind,2015-01-01T00:00:00Z,171.0
movies_8429,Q15905317,O Veneno da Madrugada,2006 film by Ruy Guerra,2004-01-01T00:00:00Z,118.0
movies_8430,Q15905869,Hunters and Victims,2015 film,2015-03-26T00:00:00Z,104.0
movies_8431,Q15909847,Deng Xiaoping,2003 film,2003-02-19T00:00:00Z,100.0
movies_8432,Q15912094,My Lucky Star,2003 film by Vincent Kok,2003-01-01T00:00:00Z,
movies_8433,Q1591464,Habana Blues,2005 film by Benito Zambrano,2005-03-15T00:00:00Z,110.0
movies_8434,Q1591605,The Big Bounce,2004 film by George Armitage,2004-01-01T00:00:00Z,88.0
movies_8435,Q15917629,Zhong Kui: Snow Girl and the Dark Crystal,2015 film by Peter Pau,2015-01-01T00:00:00Z,118.0
movies_8436,Q15918219,Lulu,2002 film directed by Jean-Henri Roger,2002-01-01T00:00:00Z,86.0
movies_8437,Q15918226,L'affaire Marcorelle,2000 film by Serge Le Péron,2000-01-01T00:00:00Z,96.0
movies_8438,Q1592058,Haze,2005 film by Shinya Tsukamoto,2005-01-01T00:00:00Z,49.0
movies_8439,Q15920848,Banglasia,film directed by Namewee,2015-01-01T00:00:00Z,82.0
movies_8440,Q15922461,Roaring Wheels,2000 film by Aman Chang,2000-10-19T00:00:00Z,
movies_8441,Q1592282,Head of State,2003 American comedy film by Chris Rock,2003-03-28T00:00:00Z,95.0
movies_8442,Q1592460,Hearts & Minds,2002 film,2002-01-01T00:00:00Z,76.0
movies_8443,Q15927133,'76,2016 Nigerian epic drama film directed by Izu Ojukwu,2016-11-26T00:00:00Z,
movies_8444,Q15929448,Star Trek Beyond,2016 film directed by Justin Lin,2016-07-07T00:00:00Z,122.0
movies_8445,Q15930925,Heat Team,2004 film by Dante Lam,2004-01-01T00:00:00Z,99.0
movies_8446,Q1593315,Conversations with Mother,2004 film by Santiago Carlos Oves,2004-01-01T00:00:00Z,90.0
movies_8447,Q15933939,Clean My Name,2000 film by James Yuen,2000-01-01T00:00:00Z,
movies_8448,Q15934383,Macbeth,2015 film directed by Justin Kurzel,2015-01-01T00:00:00Z,113.0
movies_8449,Q15938306,Shiver,2003 film by Billy Chung,2003-01-01T00:00:00Z,88.0
movies_8450,Q1594295,Heidi,2001 film by Markus Imboden,2001-01-01T00:00:00Z,135.0
movies_8451,Q15951713,Devil's Mistress,2016 film by Filip Renč,2016-01-21T00:00:00Z,106.0
movies_8452,Q15954711,The Sino-Dutch War 1661,2001 film by Wu Ziniu,2001-01-01T00:00:00Z,101.0
movies_8453,Q15954941,Lost and Lonely,2015 Chinese-Hong Kong film,2015-03-20T00:00:00Z,108.0
movies_8454,Q1595582,The Last Producer,2000 film by Burt Reynolds,2000-01-01T00:00:00Z,85.0
movies_8455,Q15963780,Carol,2015 film directed by Todd Haynes,2015-05-17T00:00:00Z,118.0
movies_8456,Q159638,Blade II,2002 film directed by Guillermo del Toro,2002-03-12T00:00:00Z,117.0
movies_8457,Q159690,The Piano Teacher,2001 film directed by Michael Haneke,2001-05-14T00:00:00Z,131.0
movies_8458,Q15972938,Gods of Egypt,2016 film directed by Alex Proyas,2016-02-25T00:00:00Z,127.0
movies_8459,Q15973073,San Andreas,2015 film directed by Brad Peyton,2015-05-28T00:00:00Z,114.0
movies_8460,Q15974157,Le canapé rouge,"2004 film by Éric Rohmer, Marie Rivière",2004-01-01T00:00:00Z,20.0
movies_8461,Q15982471,Meenaxi: A Tale of Three Cities,2004 Hindi film directed by M. F. Husain,2004-01-01T00:00:00Z,
movies_8462,Q15983469,Hijrat,2015 film,2016-01-01T00:00:00Z,
movies_8463,Q15983477,Moor,2015 film directed by Jami,2015-01-01T00:00:00Z,100.0
movies_8464,Q16011123,Les Demoiselles de Rochefort,French musical theatre,2003-09-16T00:00:00Z,
movies_8465,Q160215,King Kong,2005 film directed by Peter Jackson,2005-12-14T00:00:00Z,187.0
movies_8466,Q16024345,17 Rue Bleue,2001 film by Chad Chenouga,2001-01-01T00:00:00Z,95.0
movies_8467,Q16025079,Life,2015 film by Anton Corbijn,2015-01-01T00:00:00Z,111.0
movies_8468,Q16028948,Speaking of Sex,2001 film by John McNaughton,2001-01-01T00:00:00Z,
movies_8469,Q1603068,Hellraiser: Deader,2005 film by Rick Bota,2005-01-01T00:00:00Z,88.0
movies_8470,Q1603072,Hellraiser: Hellworld,2005 film directed by Rick Bota,2005-01-01T00:00:00Z,91.0
movies_8471,Q16045281,Spooks: The Greater Good,2015 film directed by Bharat Nalluri,2015-05-08T00:00:00Z,104.0
movies_8472,Q1604555,We Don't Live Here Anymore,2004 film,2004-01-01T00:00:00Z,101.0
movies_8473,Q16050715,The Tomorrow,film directed by Mehdi Pakdel,2015-01-01T00:00:00Z,
movies_8474,Q16051438,The Mix,2000 film directed by Dariush Mehrjui,2000-01-01T00:00:00Z,86.0
movies_8475,Q16053418,What's the Time in Your World?,film directed by Safi Yazdanian,2015-05-13T00:00:00Z,101.0
movies_8476,Q16056821,102 Not Out,2017 film by Umesh Shukla,2017-12-01T00:00:00Z,102.0
movies_8477,Q16057814,A Film by Aravind,2005 film directed by Sekhar Suri,2005-01-01T00:00:00Z,
movies_8478,Q16058026,According to Mathew,2018 film directed by Chandran Rutnam,2018-01-01T00:00:00Z,
movies_8479,Q16058098,Adhipathi,2001 film by Ravi Raja Pinisetty,2001-01-01T00:00:00Z,
movies_8480,Q160618,Brokeback Mountain,2005 film directed by Ang Lee,2005-09-02T00:00:00Z,134.0
movies_8481,Q16081143,Balkan Brothers,2005 film,2005-01-01T00:00:00Z,87.0
movies_8482,Q1608185,Black Dawn,2005 film by Alexander Gruszynski,2005-01-01T00:00:00Z,92.0
movies_8483,Q16083829,Bezi zeko bezi,2003 film,2003-05-01T00:00:00Z,7.0
movies_8484,Q16085271,Potera za sreć(k)om,2004 film by Milorad Milinković,2004-01-01T00:00:00Z,97.0
movies_8485,Q16085937,Poor Little Hampsters 2010,2003 film by Slobodan Šijan,2003-01-01T00:00:00Z,
movies_8486,Q16087327,The Robbery of the Third Reich,2004 film by Zdravko Šotra,2004-02-16T00:00:00Z,105.0
movies_8487,Q16087483,Natasha,2001 film by Ljubiša Samardžić,2001-01-01T00:00:00Z,92.0
movies_8488,Q16087572,Ledina,2003 film directed by Ljubiša Samardžić,2003-01-01T00:00:00Z,92.0
movies_8489,Q16122256,Dars Khususi,2005 film,2005-01-01T00:00:00Z,
movies_8490,Q16122480,The Desire,2002 film by Ali Badrakhan,2002-02-22T00:00:00Z,
movies_8491,Q16123059,Words and Sins,2004 film by Vassilis Mazomenos,2004-01-01T00:00:00Z,
movies_8492,Q16123621,Klephty,2004 film by Mohamed Khan,2004-01-01T00:00:00Z,99.0
movies_8493,Q16129528,Beitar Provence,2002 film directed by Ori Inbar,2002-01-01T00:00:00Z,85.0
movies_8494,Q16131435,Good Boys,2005 Israeli film by Yair Hochner,2005-01-01T00:00:00Z,75.0
movies_8495,Q16131523,Rutenberg,2003 film by Eli Cohen,2003-01-01T00:00:00Z,90.0
movies_8496,Q16132832,"OMG, I'm a Robot!",2015 film directed by Tal Goldberg and Gal Zelezniak,2015-01-01T00:00:00Z,90.0
movies_8497,Q16139961,Lizard Woman,2004 film by Manop Udomdej,2004-01-01T00:00:00Z,98.0
movies_8498,Q161400,Resident Evil: Apocalypse,2004 film directed by Alexander Witt,2004-01-01T00:00:00Z,94.0
movies_8499,Q16141948,A Bomba,2001 film by Leonel Vieira,2001-01-01T00:00:00Z,90.0
movies_8500,Q16143389,Night Passage,2003 film by Luís Filipe Rocha,2003-01-01T00:00:00Z,95.0
movies_8501,Q1615031,Heart,2001 German drama film by Horst Sczerba,2001-10-26T00:00:00Z,94.0
movies_8502,Q1615054,Heart Over Head,2001 film directed by Michael Gutmann,2001-01-01T00:00:00Z,90.0
movies_8503,Q16155426,"Captain Feathersword, the Friendly Pirate",film,2000-05-08T00:00:00Z,
movies_8504,Q16156329,Absolutely Anything,2015 film directed by Terry Jones,2015-01-01T00:00:00Z,85.0
movies_8505,Q16160846,Lost in the Game,2005 film directed by MC Ren,2005-01-01T00:00:00Z,
movies_8506,Q16160881,The Snake Brothers,2015 film by Jan Prušinovský,2015-02-19T00:00:00Z,111.0
movies_8507,Q16162244,Blossom Again,2005 South Korean film directed by Jeong Ji-u,2005-09-29T00:00:00Z,115.0
movies_8508,Q1616729,Love Liza,2002 film by Todd Louiso,2002-01-01T00:00:00Z,90.0
movies_8509,Q16167586,Sky High,2003 film by Ryuhei Kitamura,2003-01-01T00:00:00Z,122.0
movies_8510,Q16169987,No Comment,2002 South Korean film,2002-05-31T00:00:00Z,99.0
movies_8511,Q16170762,Plum Blossom,2000 film by Kwak Ji-kyoon,2000-10-14T00:00:00Z,113.0
movies_8512,Q1617335,Out of Reach,2004 film by Po-Chih Leong,2004-01-01T00:00:00Z,88.0
movies_8513,Q1617347,Cord,2000 film by Sidney J. Furie,2000-01-01T00:00:00Z,100.0
movies_8514,Q1617438,Hierankl,2003 film directed by Hans Steinbichler,2003-07-01T00:00:00Z,93.0
movies_8515,Q16176836,The Twins,2005 South Korean film directed by Park Heung-sik,2005-01-01T00:00:00Z,
movies_8516,Q1617964,Highlander: Endgame,"2000 fantasy film, fourth in the Highlander series directed by Douglas Aarniokoski",2000-01-01T00:00:00Z,84.0
movies_8517,Q16179973,Bus Stop,2002 South Korean film directed by Mi-yeon Lee,2002-01-01T00:00:00Z,
movies_8518,Q16181292,A Letter from Mars,2003 film directed by Kim Jung-kwon,2003-05-16T00:00:00Z,
movies_8519,Q16184574,The Windmill Palm Grove,2005 South Korean film directed by Jonathan Yu,2005-09-15T00:00:00Z,108.0
movies_8520,Q16184806,A Perfect Match,2002 film,2002-01-01T00:00:00Z,
movies_8521,Q1618511,The Third Wheel,2002 film by Jordan Brady,2002-01-01T00:00:00Z,83.0
movies_8522,Q16189151,Love Bakery,2000 film,2000-01-15T00:00:00Z,
movies_8523,Q16191809,The Peter Pan Formula,2006 South Korean film directed by Cho Chang-ho,2005-10-10T00:00:00Z,109.0
movies_8524,Q16191926,Unborn but Forgotten,2002 South Korean film,2002-01-01T00:00:00Z,
movies_8525,Q16199403,Strangerland,2015 film directed by Kim Farrant,2015-01-01T00:00:00Z,112.0
movies_8526,Q16203055,Anesthesia,2015 film by Tim Blake Nelson,2015-01-01T00:00:00Z,90.0
movies_8527,Q16203908,The Second Best Exotic Marigold Hotel,2015 film directed by John Madden,2015-01-01T00:00:00Z,122.0
movies_8528,Q1621289,They've Got Knut,2003 film by Stefan Krohmer,2003-01-01T00:00:00Z,107.0
movies_8529,Q1621486,Dust,2001 film by Milcho Manchevski,2001-01-01T00:00:00Z,127.0
movies_8530,Q1621611,Hoboken Hollow,2005 film,2005-01-01T00:00:00Z,94.0
movies_8531,Q16220386,The Hypnotized,2004 South Korean film,2004-08-06T00:00:00Z,104.0
movies_8532,Q162277,Alexander,2004 film by Oliver Stone,2004-01-01T00:00:00Z,175.0
movies_8533,Q1623056,The Fighting Temptations,2003 film directed by Jonathan Lynn,2003-01-01T00:00:00Z,123.0
movies_8534,Q16232071,Mehanizam,2000 film by Đorđe Milosavljević,2000-01-01T00:00:00Z,94.0
movies_8535,Q16237216,Bawandar,2000 film by Jag Mundhra,2000-01-01T00:00:00Z,
movies_8536,Q16238294,Schoolboy Crush,2004 film by Bryan Kocis,2004-01-01T00:00:00Z,118.0
movies_8537,Q16241878,El Americano: The Movie,2016 film,2016-01-01T00:00:00Z,87.0
movies_8538,Q16242153,Second Time Around,2001 film by Jeffrey Lau,2001-01-01T00:00:00Z,
movies_8539,Q16242393,"Why Me, Sweetie?!",2003 film by Jingle Ma,2003-01-01T00:00:00Z,97.0
movies_8540,Q16242543,The Age of Adaline,2015 film directed by Lee Toland Krieger,2015-04-23T00:00:00Z,112.0
movies_8541,Q16242907,Ang Sugo: The Last Messenger,2015 film by Joel Lamangan,2015-01-01T00:00:00Z,178.0
movies_8542,Q16243464,Bank Chor,2017 film,2017-01-01T00:00:00Z,120.0
movies_8543,Q162458,Beyond the Sea,2004 film by Kevin Spacey,2004-01-01T00:00:00Z,118.0
movies_8544,Q16246568,All Is Well,2015 film by Umesh Shukla,2015-01-01T00:00:00Z,126.0
movies_8545,Q16246870,Baa Baaro Rasika,2004 film by Dayal Padmanabhan,2004-06-18T00:00:00Z,137.0
movies_8546,Q16246880,Baava Baamaida,2001 film,2001-01-01T00:00:00Z,
movies_8547,Q16246896,Bachi,2000 film by Puri Jagannadh,2000-01-01T00:00:00Z,
movies_8548,Q16246949,Bahala Chennagide,2001 film by M.S. Rajashekar,2001-01-01T00:00:00Z,
movies_8549,Q16247285,Bombay Velvet,2015 film by Anurag Kashyap,2015-01-01T00:00:00Z,149.0
movies_8550,Q16247450,Chandra Chakori,2003 film by S. Narayan,2003-08-15T00:00:00Z,154.0
movies_8551,Q16247509,Chetna: The Excitement,2005 film by Partho Ghosh,2005-06-24T00:00:00Z,
movies_8552,Q16247737,Daasa,2003 film,2003-01-01T00:00:00Z,
movies_8553,Q16247831,Deadly Soma,2005 film,2005-08-26T00:00:00Z,
movies_8554,Q16247859,Deepavali,2000 film by Dinesh Baboo,2000-01-01T00:00:00Z,
movies_8555,Q16247910,Devara Maga,2000 film by D. Rajendra Babu,2000-01-01T00:00:00Z,
movies_8556,Q16248189,Eetti,2015 Tamil film directed by Ravi Arasu,2015-12-11T00:00:00Z,145.0
movies_8557,Q16248221,En Purushan Kuzhandhai Maadhiri,2001 Tamil film directed by S. P. Rajkumar,2001-01-01T00:00:00Z,
movies_8558,Q16248370,Fever,2016 film by Rajeev Jhaveri,2016-01-01T00:00:00Z,
movies_8559,Q16248423,Friends,2002 film by M. D. Sridhar,2002-01-01T00:00:00Z,
movies_8560,Q16248465,Galate Aliyandru,2000 film by S. Narayan,2000-01-01T00:00:00Z,
movies_8561,Q16248590,Ghoomketu,2020 film directed by Pushpendra Nath Misra,2020-05-22T00:00:00Z,
movies_8562,Q16248891,Hero,2015 film directed by Nikhil Advani,2015-01-01T00:00:00Z,
movies_8563,Q16249045,Unfinished Business,2015 film by Ken Scott,2015-01-01T00:00:00Z,91.0
movies_8564,Q16249204,Inidhu Inidhu Kadhal Inidhu,2003 Tamil film directed by Sakthi Chidambaram,2003-05-16T00:00:00Z,
movies_8565,Q16249233,Chasing Shakespeare,2013 film by Norry Niven,2015-02-16T00:00:00Z,112.0
movies_8566,Q1624927,Hollywood Homicide,2003 film by Ron Shelton,2003-01-01T00:00:00Z,116.0
movies_8567,Q16249342,Ishtam,2001 film by Vikram Kumar,2001-12-01T00:00:00Z,
movies_8568,Q16249451,Easter,2002 film,2002-01-01T00:00:00Z,
movies_8569,Q16249477,Jai,2004 film directed by Teja,2004-01-01T00:00:00Z,
movies_8570,Q16249670,The D Train,2015 film directed by Jarrad Paul and Andrew Mogel,2015-01-01T00:00:00Z,101.0
movies_8571,Q16249716,Jogi,2005 film directed by Prem,2005-08-19T00:00:00Z,137.0
movies_8572,Q16249764,Days and Nights,2013 film by Christian Camargo,2015-06-18T00:00:00Z,92.0
movies_8573,Q16249888,Kadamba,2004 film by Suresh Krissna,2004-01-01T00:00:00Z,
movies_8574,Q16249931,Division 19,2017 film,2017-01-01T00:00:00Z,93.0
movies_8575,Q16250099,Kanithan,2016 Tamil film directed by T. Santhosh,2016-01-01T00:00:00Z,
movies_8576,Q16250123,The End of the Tour,2015 film by James Ponsoldt,2015-01-01T00:00:00Z,106.0
movies_8577,Q16250206,Take Me to the River,2015 film directed by Matt Sobel,2015-01-01T00:00:00Z,84.0
movies_8578,Q16250300,Family Secrets,2001 film by Sally Champlin,2001-01-01T00:00:00Z,
movies_8579,Q16250378,Khushi,2003 film directed by Prakash,2003-10-02T00:00:00Z,
movies_8580,Q16250467,Flirting with Anthony,2005 film by Christian Calson,2005-01-01T00:00:00Z,
movies_8581,Q16250482,Flock of Dudes,2015 film,2015-06-13T00:00:00Z,90.0
movies_8582,Q16250600,Kurigalu Saar Kurigalu,2001 film by Rajendra Singh Babu,2001-03-23T00:00:00Z,
movies_8583,Q16250697,Get Hard,2015 film by Etan Cohen,2015-03-27T00:00:00Z,100.0
movies_8584,Q16250698,Lailaa O Lailaa,2015 film directed by Joshiy,2015-01-01T00:00:00Z,168.0
movies_8585,Q16250827,Loknayak,2004 Indian film,2004-12-06T00:00:00Z,
movies_8586,Q16250846,Good Neighbor,2001 film directed by Todd Turner,2001-01-01T00:00:00Z,86.0
movies_8587,Q16250882,Lucia,2015 Tamil film directed by Prasad Ramar,2015-01-01T00:00:00Z,
movies_8588,Q16250961,Maa Pelliki Randi,2001 film by Muppalaneni Shiva,2001-01-01T00:00:00Z,
movies_8589,Q16251026,Harbinger Down,2015 film by Alec Gillis,2015-01-01T00:00:00Z,82.0
movies_8590,Q16251031,Hard Sell,2016 film directed by Sean Nalaboff,2016-05-20T00:00:00Z,96.0
movies_8591,Q16251060,Maha Nandi,2005 film by V. Samudra,2005-12-03T00:00:00Z,
movies_8592,Q16251100,Main Hoon Rajinikanth,2015 film by Faisal Saif,2015-01-01T00:00:00Z,
movies_8593,Q16251156,Malla,2004 film by V. Ravichandran,2004-01-01T00:00:00Z,
movies_8594,Q16251258,Manasellam,2003 Tamil film directed by Santosh,2003-01-01T00:00:00Z,
movies_8595,Q16251439,A Hologram for the King,2016 film by Tom Tykwer,2016-04-22T00:00:00Z,98.0
movies_8596,Q16251538,Maurya,2004 Kannada language sports drama film,2004-01-01T00:00:00Z,
movies_8597,Q16251614,How to Make Love Like an Englishman,2015 film directed by Tom Vaughan,2015-01-01T00:00:00Z,100.0
movies_8598,Q16251792,Monalisa,2004 film by Indrajit Lankesh,2004-01-01T00:00:00Z,
movies_8599,Q16251876,Mrugaraju,2001 Telugu film directed by Gunasekhar,2001-01-01T00:00:00Z,
movies_8600,Q16251985,Mythri,2015 film,2015-01-01T00:00:00Z,137.0
movies_8601,Q16252018,Jenny's Wedding,2015 film by Mary Agnes Donoghue,2015-07-31T00:00:00Z,94.0
movies_8602,Q16252019,Naam,2003 Tamil film directed by Sabapathy Dekshinamurthy,2003-01-01T00:00:00Z,
movies_8603,Q16252043,Naanum Rowdydhaan,2015 Tamil film directed by Vignesh Shivan,2015-10-21T00:00:00Z,139.0
movies_8604,Q16252136,Just One Night,2000 film by Alan Jacobs,2000-01-01T00:00:00Z,90.0
movies_8605,Q16252181,Narathan,2016 Tamil film directed by Naga Venkatesh,2015-12-27T00:00:00Z,
movies_8606,Q16252237,Kill Your Idols,2004 film by Scott Crary,2004-01-01T00:00:00Z,75.0
movies_8607,Q16252307,Neer Dose,2015 film by Vijaya Prasad,2015-01-01T00:00:00Z,
movies_8608,Q16252314,Neetho,2002 film by John Mahendran,2002-06-27T00:00:00Z,
movies_8609,Q16252315,Laggies,2014 film,2015-01-29T00:00:00Z,99.0
movies_8610,Q16252330,Nenunnanu,2004 film by V. N. Aditya,2004-01-01T00:00:00Z,
movies_8611,Q16252340,Last Days in the Desert,2015 film by Rodrigo García,2015-01-01T00:00:00Z,98.0
movies_8612,Q16252352,New,2004 Tamil film directed by S. J. Surya,2004-01-01T00:00:00Z,
movies_8613,Q16252424,Ninne Istapaddanu,2003 Telugu film,2003-01-01T00:00:00Z,
movies_8614,Q16252533,Nothing but Life,2004 film by Rajiv Anchal,2004-01-01T00:00:00Z,
movies_8615,Q16252844,Maggie,2015 film by Henry Hobson,2015-01-01T00:00:00Z,95.0
movies_8616,Q16252878,Deyyam,2021 film directed by Ram Gopal Varma,2015-01-01T00:00:00Z,
movies_8617,Q16252945,Manglehorn,2014 film,2016-01-21T00:00:00Z,97.0
movies_8618,Q16253025,"McFarland, USA",2015 film directed by Niki Caro,2015-02-20T00:00:00Z,129.0
movies_8619,Q16253210,Prem Ratan Dhan Payo,2015 film by Sooraj R. Barjatya,2015-11-11T00:00:00Z,
movies_8620,Q16253304,Mojave,2015 film by William Monahan,2015-01-01T00:00:00Z,93.0
movies_8621,Q16253307,Purampokku,2015 Tamil film directed by S. P. Jananathan,2015-05-15T00:00:00Z,
movies_8622,Q16253394,Rahasya,2015 film by Manish Gupta,2015-01-01T00:00:00Z,123.0
movies_8623,Q16253421,Murder of a Cat,2014 film directed by Gillian Greene,2015-05-14T00:00:00Z,94.0
movies_8624,Q16253614,The Night Crew,2015 film directed by Christian Sesma,2015-01-01T00:00:00Z,89.0
movies_8625,Q16253705,Norm of the North,2016 film directed by Trevor Wall,2016-01-15T00:00:00Z,88.0
movies_8626,Q16253765,Saahasam,2015 Tamil film directed by Arun Raj Varma,2015-11-06T00:00:00Z,
movies_8627,Q16253888,Ouija,2014 film directed by Stiles White,2015-01-01T00:00:00Z,89.0
movies_8628,Q16253892,Sangram,2005 film by Haranath Chakraborty,2005-01-01T00:00:00Z,
movies_8629,Q16253906,Sankara,2015 film by Tatineni Satya,2015-01-01T00:00:00Z,
movies_8630,Q16254098,Shakal Sandhya,2005 film by Swapan Saha,2005-01-01T00:00:00Z,
movies_8631,Q16254109,Phantasm: Ravager,2016 horror film directed by David Hartman,2016-01-01T00:00:00Z,85.0
movies_8632,Q16254138,Sheesha,2005 film by Ashu Trikha,2005-01-01T00:00:00Z,
movies_8633,Q16254219,Shubhodrishti,2005 album,2005-11-04T00:00:00Z,
movies_8634,Q16254555,Surya,2004 film by Haranath Chakraborty,2004-01-01T00:00:00Z,
movies_8635,Q16254589,Swathi Muthu,2003 film by D. Rajendra Babu,2003-01-01T00:00:00Z,
movies_8636,Q16254618,Tamiluku En Ondrai Aluthavum,2015 Tamil film directed by Ramprakash Rayappa,2015-01-01T00:00:00Z,
movies_8637,Q16254633,Taramani,2017 Tamil film directed by Ram,2017-01-01T00:00:00Z,
movies_8638,Q16254653,Tere Bin Laaden 2,2016 film by Abhishek Sharma,2016-02-26T00:00:00Z,
movies_8639,Q16254665,Tevar,2015 film directed by Amit Ravindernath Sharma,2015-01-09T00:00:00Z,
movies_8640,Q16254742,Thani Oruvan,2015 Tamil film directed by M. Raja,2015-01-01T00:00:00Z,159.0
movies_8641,Q16254753,Tharai Thappattai,2016 Tamil film directed by Bala,2016-01-14T00:00:00Z,
movies_8642,Q16254769,The Legend of Michael Mishra,2015 film by Manish Jha,2015-01-01T00:00:00Z,
movies_8643,Q16254841,Thuntata,2002 film by Indrajit Lankesh,2002-01-01T00:00:00Z,131.0
movies_8644,Q16254876,Traffic,2016 Hindi-language film by Rajesh Pillai,2016-01-01T00:00:00Z,
movies_8645,Q16254907,Tyaag,2004 film by Swapan Saha,2004-01-01T00:00:00Z,
movies_8646,Q16254928,Ula,2015 Tamil film directed by Rajan Madhav,2015-10-12T00:00:00Z,
movies_8647,Q16254984,Idhu Namma Aalu,2016 Tamil film directed by Pandiraj,2016-01-01T00:00:00Z,
movies_8648,Q16254994,S/O Satyamurthy,telugu action-drama film,2015-01-01T00:00:00Z,162.0
movies_8649,Q16255038,Uyire Uyire,2016 Tamil film directed by A.R. Rajasekar,2016-01-01T00:00:00Z,
movies_8650,Q16255044,Vaaimai,2016 Tamil film directed by A. Senthil Kumar,2016-09-08T00:00:00Z,
movies_8651,Q16255050,Vaaliba Raja,2015 Tamil film directed by Sai Gokul Ramanath,2015-01-01T00:00:00Z,
movies_8652,Q16255104,Varsha,2005 film by S. Narayan,2005-01-01T00:00:00Z,
movies_8653,Q16255125,Veera Kannadiga,2004 film by Meher Ramesh,2004-01-01T00:00:00Z,
movies_8654,Q16255287,Welcome Back,2015 film by Anees Bazmee,2015-01-23T00:00:00Z,152.0
movies_8655,Q16255311,X,2014 Indian experimental film directed by Nalan Kumarasamy,2015-01-01T00:00:00Z,105.0
movies_8656,Q16255342,Yagavarayinum Naa Kaakka,2015 Tamil film directed by Sathya Prabhas Pinisetty,2015-01-01T00:00:00Z,
movies_8657,Q16256348,Memories of the Sword,2015 film by Park Heung-sik,2015-01-01T00:00:00Z,120.0
movies_8658,Q16256833,Wet Dreams,2002 film by Jeong Cho-sin,2002-01-01T00:00:00Z,
movies_8659,Q16258397,The Night Comes for Us,2018 film directed by Timo Tjahjanto,2018-09-22T00:00:00Z,
movies_8660,Q1625945,Home Team,1998 film by Allan A. Goldstein,2000-01-01T00:00:00Z,88.0
movies_8661,Q16261087,When Romance Meets Destiny,2005 film directed by Kim Hyun-seok,2005-01-01T00:00:00Z,
movies_8662,Q16261230,Birth of a Man,2002 South Korean film by Park Hee-jun,2002-10-11T00:00:00Z,
movies_8663,Q16261430,Libera Me,2000 film by Yang Yun-ho,2000-01-01T00:00:00Z,
movies_8664,Q1626877,The Honeymooners,2005 film by John Schultz,2005-01-01T00:00:00Z,90.0
movies_8665,Q16271318,A Family,2004 South Korean drama film,2004-01-01T00:00:00Z,95.0
movies_8666,Q16271322,Ab Tak Chhappan 2,2015 film,2015-01-01T00:00:00Z,106.0
movies_8667,Q1628562,Never Die Alone,2004 film by Ernest Dickerson,2004-01-01T00:00:00Z,89.0
movies_8668,Q1629256,Pistol Opera,2001 film by Seijun Suzuki,2001-01-01T00:00:00Z,112.0
movies_8669,Q1630226,Manslaughter,2005 film by Per Fly,2005-08-26T00:00:00Z,100.0
movies_8670,Q1630263,The Bone Snatcher,2003 film,2003-01-01T00:00:00Z,90.0
movies_8671,Q16303436,1999 Madeleine,2000 film by Laurent Bouhnik,2000-01-01T00:00:00Z,86.0
movies_8672,Q1630404,The Other Side of the Street,2004 film by Marcos Bernstein,2004-01-01T00:00:00Z,97.0
movies_8673,Q1630461,The Take,2004 Canadian documentary,2004-01-01T00:00:00Z,87.0
movies_8674,Q1630691,Hot Boyz,2000 film directed by Master P,2000-01-01T00:00:00Z,98.0
movies_8675,Q1630801,Hotel,2004 film,2004-01-01T00:00:00Z,83.0
movies_8676,Q1630960,The Passenger,2005 film by Éric Caravaca,2005-01-01T00:00:00Z,76.0
movies_8677,Q16310725,Rajathanthiram,2015 Tamil film directed by A.G. Amid,2015-01-01T00:00:00Z,
movies_8678,Q1631404,Shriek If You Know What I Did Last Friday the Thirteenth,2000 film by John Blanchard,2000-01-01T00:00:00Z,86.0
movies_8679,Q16317138,Les souvenirs,2014 film by Jean-Paul Rouve,2015-03-26T00:00:00Z,94.0
movies_8680,Q16320113,The Search,2014 French drama film directed by Michel Hazanavicius,2015-11-12T00:00:00Z,149.0
movies_8681,Q16320589,Parinamam,2003 film by P. Venu,2003-03-28T00:00:00Z,125.0
movies_8682,Q16321604,Kick Ball,2017 film by Jeffrey Lau,2017-02-14T00:00:00Z,
movies_8683,Q16324131,The Man,2017 Danish film by Charlotte Sieling,2017-03-02T00:00:00Z,94.0
movies_8684,Q16325320,Jacky in the Kingdom of Women,2014 film directed by Riad Sattouf,2015-02-19T00:00:00Z,93.0
movies_8685,Q16326728,Pamptohoi A.E.,2001 film,2001-01-12T00:00:00Z,90.0
movies_8686,Q16326754,Testosteroni,2004 film by Giorgos Panousopoulos,2004-01-01T00:00:00Z,
movies_8687,Q1632935,Without a Paddle,2004 American film by Steven Brill,2004-01-01T00:00:00Z,99.0
movies_8688,Q1633225,Sex and Lucia,2001 film directed by Julio Medem,2001-01-01T00:00:00Z,123.0
movies_8689,Q16335876,Babovresky 3,2015 film by Zdeněk Troška,2015-01-22T00:00:00Z,99.0
movies_8690,Q16335945,3 Hearts,2014 film,2015-03-19T00:00:00Z,104.0
movies_8691,Q16341583,Hanuman Junction,2001 film by M. Raja,2001-01-01T00:00:00Z,
movies_8692,Q1634327,What Time Is It There?,2001 film by Tsai Ming-liang,2001-01-01T00:00:00Z,116.0
movies_8693,Q16343343,Malliswari,2004 Telugu film directed by K. Vijaya Bhaskar,2004-01-01T00:00:00Z,
movies_8694,Q16345234,Kittonkhola,2000 film by Abu Sayeed,2000-01-01T00:00:00Z,
movies_8695,Q16345402,Chandrokotha,2003 Bangladeshi film directed by Humayun Ahmed,2003-01-01T00:00:00Z,
movies_8696,Q16345909,Vijayaramaraju,film,2000-01-01T00:00:00Z,
movies_8697,Q16346063,Bachelor,2004 film directed by Mostofa Sarwar Farooki,2004-01-01T00:00:00Z,
movies_8698,Q16346737,Soshur Bari Zindabad,2002 film,2002-01-01T00:00:00Z,
movies_8699,Q1634688,I'm Going Home,2001 film by Manoel de Oliveira,2001-01-01T00:00:00Z,90.0
movies_8700,Q1635070,Thomas and the Magic Railroad,2000 film directed by Britt Allcroft,2000-01-01T00:00:00Z,86.0
movies_8701,Q1635199,Serving Sara,2002 film by Reginald Hudlin,2002-01-01T00:00:00Z,100.0
movies_8702,Q16354843,Still Alice,2014 film directed by Richard Glatzer and Wash Westmoreland,2015-01-16T00:00:00Z,101.0
movies_8703,Q16354845,American Ultra,2015 film directed by Nima Nourizadeh,2015-01-01T00:00:00Z,96.0
movies_8704,Q1636549,The Hero,2004 film by Zézé Gamboa,2004-01-01T00:00:00Z,97.0
movies_8705,Q1637139,The Missing,2003 film by Ron Howard,2003-01-01T00:00:00Z,137.0
movies_8706,Q1637583,Chokher Bali,2003 film by Rituparno Ghosh,2003-01-01T00:00:00Z,167.0
movies_8707,Q1638629,Raumpatrouille Orion – Rücksturz ins Kino,2003 film by Michael Braun,2003-01-01T00:00:00Z,90.0
movies_8708,Q16388405,On the Old Roman Road,2001 film directed by Don Askarian,2001-01-01T00:00:00Z,76.0
movies_8709,Q16389827,A Perfect Day,2015 film directed by Fernando León de Aranoa,2015-01-01T00:00:00Z,106.0
movies_8710,Q16389838,Spy,2015 film directed by Paul Feig,2015-05-21T00:00:00Z,120.0
movies_8711,Q16395232,Mommy,2014 film by Xavier Dolan,2015-01-23T00:00:00Z,139.0
movies_8712,Q16395236,Still the Water,2014 film by Naomi Kawase,2015-07-30T00:00:00Z,121.0
movies_8713,Q1640008,Tiptoes,2003 film by Matthew Bright,2003-01-01T00:00:00Z,86.0
movies_8714,Q164103,A Beautiful Mind,2001 film by Ron Howard,2001-12-13T00:00:00Z,135.0
movies_8715,Q1641246,Hypnos,2004 film directed by David Carreras,2004-10-08T00:00:00Z,93.0
movies_8716,Q16417999,Yaşıl eynəkli adam 3,2002 film by Ramiz Hasanoglu,2002-01-01T00:00:00Z,
movies_8717,Q1641800,Shocking Truth,2000 film by Alexa Wolf,2000-01-01T00:00:00Z,59.0
movies_8718,Q16418372,Yuxu,2001 film by Fikret Aliyev,2001-01-01T00:00:00Z,79.5
movies_8719,Q16426007,Bitter Coffee,2004 film,2004-04-29T00:00:00Z,82.0
movies_8720,Q16427485,Count Me Out,1997 film by Ari Kristinsson,2000-11-17T00:00:00Z,84.0
movies_8721,Q16429050,Ikíngut,2001 film by Gísli Snær Erlingsson,2000-12-26T00:00:00Z,84.0
movies_8722,Q1643915,Schule,2000 film by Marco Petry,2000-01-01T00:00:00Z,99.0
movies_8723,Q1644039,Les fils du vent,2004 film directed by Julien Seri,2004-01-01T00:00:00Z,90.0
movies_8724,Q1644045,Hell on Wheels,2004 German film by Pepe Danquart,2004-01-01T00:00:00Z,120.0
movies_8725,Q1644528,The Other Side of Heaven,2001 film by Mitch Davis,2001-12-14T00:00:00Z,108.0
movies_8726,Q1644593,Battlefield Baseball,2003 film by Yūdai Yamaguchi,2003-07-19T00:00:00Z,87.0
movies_8727,Q16448753,The Wonders,2014 film by Alice Rohrwacher,2015-02-26T00:00:00Z,110.0
movies_8728,Q1645003,Kaho Naa... Pyaar Hai,2000 film by Rakesh Roshan,2000-01-01T00:00:00Z,177.0
movies_8729,Q16453,Bichhoo,2000 Bollywood film directed by Guddu Dhanoa,2000-01-01T00:00:00Z,193.0
movies_8730,Q16466116,Ties and Ropes,2001 film by Herman Van Eyken,2001-01-01T00:00:00Z,85.0
movies_8731,Q16466126,Black Dju,1996 film by Pol Cruchten,2000-11-02T00:00:00Z,
movies_8732,Q16466221,Baby(a)lone,2015 film by Donato Rotunno,2015-01-01T00:00:00Z,90.0
movies_8733,Q16466256,The Ride,2002 film by Gaby Dellal,2002-01-01T00:00:00Z,93.0
movies_8734,Q16467411,Kidnapping Freddy Heineken,2015 film directed by Daniel Alfredson,2015-07-30T00:00:00Z,99.0
movies_8735,Q1646836,The Warrior,2001 film directed by Asif Kapadia,2001-01-01T00:00:00Z,86.0
movies_8736,Q164702,2046,2004 film directed by Wong Kar-Wai,2004-01-01T00:00:00Z,129.0
movies_8737,Q164804,Underworld,2003 film by Len Wiseman,2003-01-01T00:00:00Z,121.0
movies_8738,Q16482113,Three Many Weddings,2013 film by Javier Ruiz Caldera,2015-08-13T00:00:00Z,94.0
movies_8739,Q16482238,Bedtime Fairy Tales for Crocodiles,2000 film,2002-03-10T00:00:00Z,88.0
movies_8740,Q16485567,The Mystery of The Trinidad,2003 film,2003-04-30T00:00:00Z,92.0
movies_8741,Q1648607,Dream Quest,2000 pornographic film directed by Brad Armstrong,2000-01-01T00:00:00Z,120.0
movies_8742,Q16487844,Fasten Your Seatbelts,2014 film by Ferzan Özpetek,2015-01-29T00:00:00Z,110.0
movies_8743,Q16489418,Bala perdida,2003 film,2003-01-01T00:00:00Z,97.0
movies_8744,Q16492313,El furgón,2003 film by Benito Rabal,2003-01-01T00:00:00Z,92.0
movies_8745,Q16492458,El vecino,2000 film,2000-01-01T00:00:00Z,93.0
movies_8746,Q164951,Solino,2002 film by Fatih Akın,2002-09-23T00:00:00Z,124.0
movies_8747,Q164963,The Lord of the Rings: The Two Towers,2002 film by Peter Jackson,2002-12-05T00:00:00Z,179.0
movies_8748,Q1650312,Black Cadillac,2003 film by John Murlowski,2003-01-01T00:00:00Z,88.0
movies_8749,Q16503311,Chasing Two Hares,2003 film by Maksim Papernik,2003-01-01T00:00:00Z,102.0
movies_8750,Q16514482,Alchemists,2000 film by Dmitrij Astrachan,2000-01-01T00:00:00Z,
movies_8751,Q16514509,Panfilov's 28 Men,2016 Russian World War II film by Andrey Shalopa and Kim Druzhinin,2016-11-02T00:00:00Z,105.0
movies_8752,Q16516516,Wilson City,2015 film by Tomáš Mašín,2015-10-01T00:00:00Z,115.0
movies_8753,Q1651807,My Last Film,2002 film by Oliver Hirschbiegel,2002-01-01T00:00:00Z,90.0
movies_8754,Q165183,One Hundred Steps,2000 Italian film directed by Marco Tullio Giordana,2000-01-01T00:00:00Z,104.0
movies_8755,Q16526429,American Pastoral,2016 film by Ewan McGregor,2016-11-17T00:00:00Z,108.0
movies_8756,Q16530861,Babysitting,2014 French film by Nicolas Benamou and Philippe Lacheau,2015-01-01T00:00:00Z,85.0
movies_8757,Q16531377,Barbecue,2014 film directed by Éric Lavaine,2015-08-06T00:00:00Z,98.0
movies_8758,Q165325,Kill Bill: Volume 1,2003 film by Quentin Tarantino,2003-01-01T00:00:00Z,111.0
movies_8759,Q1653332,Picking Up the Pieces,2000 film by Alfonso Arau,2000-05-26T00:00:00Z,95.0
movies_8760,Q1653448,The Station Agent,2003 film by Tom McCarthy,2003-01-01T00:00:00Z,88.0
movies_8761,Q165392,Gosford Park,2001 film directed by Robert Altman,2001-01-01T00:00:00Z,137.0
movies_8762,Q165394,Bowling for Columbine,2002 documentary film directed by Michael Moore,2002-01-01T00:00:00Z,120.0
movies_8763,Q16547881,It Follows,2014 film directed by David Robert Mitchell,2015-03-13T00:00:00Z,100.0
movies_8764,Q1654891,Waking Up in Reno,2002 film by Jordan Brady,2002-01-01T00:00:00Z,91.0
movies_8765,Q16551804,Behavior,2014 Cuban film directed by Ernesto Daranas,2015-02-11T00:00:00Z,108.0
movies_8766,Q165525,101 Reykjavík,2000 Icelandic film directed by Baltasar Kormákur,2000-01-01T00:00:00Z,88.0
movies_8767,Q16560275,The Art of Dying,2000 film by Álvaro Fernández Armero,2000-03-31T00:00:00Z,102.0
movies_8768,Q16560444,Istota,2000 film by Andrzej Czarnecki,2000-01-01T00:00:00Z,
movies_8769,Q16560583,El hijo del barrio,2015 film,2015-01-01T00:00:00Z,116.0
movies_8770,Q16560616,The Mystery of Happiness,2014 film directed by Daniel Burman,2016-02-04T00:00:00Z,90.0
movies_8771,Q1656251,Hum Tumhare Hain Sanam,2002 film by K. S. Adhiyaman,2002-01-01T00:00:00Z,172.0
movies_8772,Q1656994,Narc,2002 film directed by Joe Carnahan,2002-01-01T00:00:00Z,101.0
movies_8773,Q16570652,The Ruination of Men,2000 film by Arturo Ripstein,2000-11-08T00:00:00Z,106.0
movies_8774,Q165713,Star Wars: Episode I – The Phantom Menace,1999 film directed by George Lucas,2000-04-04T00:00:00Z,133.0
movies_8775,Q16571528,Ants of the Dead City,2013 film by Simone Bartolini,2015-02-08T00:00:00Z,80.0
movies_8776,Q16572707,Whispers of the Forest,2016 film by Jorge Olguín,2016-01-01T00:00:00Z,87.0
movies_8777,Q1657613,Ignition,2001 film directed by Yves Simoneau,2001-01-01T00:00:00Z,99.0
movies_8778,Q16577131,I Brake for Gringos,2016 film by Fernando Lebrija,2016-01-01T00:00:00Z,
movies_8779,Q16579459,Monsters: Dark Continent,2014 film directed by Tom Green,2015-04-30T00:00:00Z,119.0
movies_8780,Q165847,102 Dalmatians,2000 film directed by Kevin Lima,2000-11-22T00:00:00Z,100.0
movies_8781,Q16592261,First Light of Dawn,2000 film by Lucio Gaudino,2000-01-01T00:00:00Z,86.0
movies_8782,Q16593483,When a Man Loves a Woman,2000 film by Nino Bizzarri,2000-01-01T00:00:00Z,106.0
movies_8783,Q16600202,Seans,2003 film by Maria Dłużewska,2003-01-01T00:00:00Z,
movies_8784,Q16601763,Smoleńsk,2016 Polish film by Antoni Krauze,2016-03-01T00:00:00Z,120.0
movies_8785,Q1660328,Empire,2002 gangster film directed by Franc. Reyes,2002-01-01T00:00:00Z,102.0
movies_8786,Q1660388,Impostor,2001 film directed by Gary Fleder,2001-01-01T00:00:00Z,102.0
movies_8787,Q16606856,I Can Quit Whenever I Want,2014 film by Sydney Sibilia,2018-05-03T00:00:00Z,105.0
movies_8788,Q1660806,Good Boy!,2003 film by John Robert Hoffman,2003-01-01T00:00:00Z,88.0
movies_8789,Q16619265,Pitch Perfect 2,2015 film directed by Elizabeth Banks,2015-01-01T00:00:00Z,115.0
movies_8790,Q16619382,A Woman as a Friend,2014 film by Giovanni Veronesi,2015-07-30T00:00:00Z,88.0
movies_8791,Q16623445,Critical Point,2002 film by Francisco del Toro,2002-10-04T00:00:00Z,118.0
movies_8792,Q16625807,"Paws, Bones & Rock'n'roll",2015 film,2015-01-29T00:00:00Z,90.0
movies_8793,Q16628539,Under the Starry Sky,2013 film by Dyana Gaye,2015-01-15T00:00:00Z,
movies_8794,Q1663240,Spun,2002 crime film directed by Jonas Åkerlund,2002-01-01T00:00:00Z,97.0
movies_8795,Q16635326,Ex Machina,2014 film directed by Alex Garland,2015-01-21T00:00:00Z,108.0
movies_8796,Q16635391,Exile from Paradise,2001 film by Věra Chytilová,2001-01-01T00:00:00Z,120.0
movies_8797,Q16635665,Fallen,2016 film by Scott Hicks,2016-01-01T00:00:00Z,92.0
movies_8798,Q16635884,The Absent One,2014 film directed by Mikkel Nørgaard,2015-01-15T00:00:00Z,119.0
movies_8799,Q16637004,Victor Frankenstein,2015 film directed by Paul McGuigan,2015-01-01T00:00:00Z,109.0
movies_8800,Q1663705,Our Lips Are Sealed,2000 film directed by Craig Shapiro,2000-01-01T00:00:00Z,90.0
movies_8801,Q16639016,Gett: The Trial of Viviane Amsalem,2014 film directed by Ronit Elkabetz and Shlomi Elkabetz,2015-01-15T00:00:00Z,115.0
movies_8802,Q16639467,Good Kill,2014 film by Andrew Niccol,2016-03-31T00:00:00Z,102.0
movies_8803,Q16641781,Torrente 5: Operación Eurovegas,2014 film by Santiago Segura,2015-05-07T00:00:00Z,105.0
movies_8804,Q16643070,The Idealist,2014 film by Christina Rosendahl,2015-04-09T00:00:00Z,114.0
movies_8805,Q16643609,A Sight for Sore Eyes,2003 film by Gilles Bourdos,2003-01-01T00:00:00Z,137.0
movies_8806,Q16643775,Un gallo con muchos huevos,"2015 animated film directed by Gabriel Riva Palacio Alatriste, Melanie Simka and Rodolfo Riva Palacio Alatriste",2015-01-01T00:00:00Z,97.0
movies_8807,Q16644172,Una de dos,2002 film by Marcel Sisniega Campbell,2002-09-20T00:00:00Z,84.0
movies_8808,Q16645130,I'm Tired of Killing Your Lovers,2002 film by Nikos Panayotopoulos,2002-10-25T00:00:00Z,105.0
movies_8809,Q16645174,Smokers Only,2001 film directed by Verónica Chen,2001-01-01T00:00:00Z,91.0
movies_8810,Q16646088,Johnny Walker,2015 film directed by Kris De Meester,2015-01-01T00:00:00Z,85.0
movies_8811,Q16647179,You'll Be Back,2002 film,2002-10-04T00:00:00Z,102.0
movies_8812,Q16647664,Justice,2003 film directed by Evan Oppenheimer,2003-01-01T00:00:00Z,80.0
movies_8813,Q16651954,Brighter Than the Moon,2000 film by Virgil Widrich,2000-01-01T00:00:00Z,
movies_8814,Q16652002,La Fille de son père,2001 film,2001-01-01T00:00:00Z,
movies_8815,Q16652140,The Clearstream Affair,2015 film by Vincent Garenq,2015-01-01T00:00:00Z,106.0
movies_8816,Q16652367,Once in a Lifetime,2014 film directed by Marie-Castille Mention-Schaar,2015-11-05T00:00:00Z,105.0
movies_8817,Q16652614,The Price of Fame,2014 film by Xavier Beauvois,2015-04-09T00:00:00Z,110.0
movies_8818,Q16652737,The Squale,2000 film,2000-01-01T00:00:00Z,100.0
movies_8819,Q16652885,La Voleuse de Saint Lubin,1999 film by Claire Devers,2002-05-23T00:00:00Z,
movies_8820,Q16654146,Le pique-nique de Lulu Kreutz,2000 film by Didier Martiny,2000-01-01T00:00:00Z,102.0
movies_8821,Q16655096,The Honored Priest,2015 film by Egor Baranov,2015-01-01T00:00:00Z,100.0
movies_8822,Q16655404,Sins,2000 film,2000-01-01T00:00:00Z,94.0
movies_8823,Q1665902,The Rendering,2002 film,2002-01-01T00:00:00Z,88.0
movies_8824,Q16661269,Lou ! Journal infime,2014 film directed by Julien Neel,2015-03-13T00:00:00Z,104.0
movies_8825,Q16661555,Lulu femme nue,2013 film by Sólveig Anspach,2016-06-01T00:00:00Z,85.0
movies_8826,Q1666246,Intermission,2003 film by John Crowley,2003-01-01T00:00:00Z,106.0
movies_8827,Q16663057,Marie's Story,2014 French biographical film directed by Jean-Pierre Améris,2015-01-01T00:00:00Z,94.0
movies_8828,Q16663447,Witnesses,Historical drama directed by Konstantin Fam,2017-06-23T00:00:00Z,85.0
movies_8829,Q16663517,Martha... Martha,2001 film by Sandrine Veysset,2001-01-01T00:00:00Z,97.0
movies_8830,Q16664135,My Children Are Different,2003 film by Denis Dercourt,2003-01-01T00:00:00Z,
movies_8831,Q16664205,Sparkling Cyanide,2003 television film directed by Tristram Powell,2003-10-05T00:00:00Z,94.0
movies_8832,Q16664792,Mister V.,2003 film by Émilie Deleuze,2003-01-01T00:00:00Z,90.0
movies_8833,Q16666037,Nag la bombe,2000 film by Jean-Louis Milesi,2000-01-01T00:00:00Z,93.0
movies_8834,Q16667280,Wedding Night,2001 film directed by Émile Gaudreault,2001-05-24T00:00:00Z,92.0
movies_8835,Q16668972,Paria,2000 film by Nicolas Klotz,2000-01-01T00:00:00Z,125.0
movies_8836,Q16670788,The Riot Club,2014 film,2015-03-27T00:00:00Z,107.0
movies_8837,Q16671761,Qu'est-ce qu'on a fait au Bon Dieu?,2014 film by Philippe de Chauveron,2015-05-21T00:00:00Z,97.0
movies_8838,Q16672410,Regression,2015 film by Alejandro Amenábar,2015-09-18T00:00:00Z,106.0
movies_8839,Q16672663,Return to Ithaca,2014 film,2015-03-26T00:00:00Z,95.0
movies_8840,Q16672843,Rise,2016 American science fiction film directed by David Karlak,2016-01-01T00:00:00Z,
movies_8841,Q1667327,The United States of Leland,2003 film by Matthew Ryan Hoge,2003-01-18T00:00:00Z,104.0
movies_8842,Q16674581,Men Never Come Back,2014 film directed by Othman Naciri,2015-02-19T00:00:00Z,97.0
movies_8843,Q16675434,Samba,2014 film,2015-02-18T00:00:00Z,118.0
movies_8844,Q16677923,Stealing Cars,2015 film,2015-01-01T00:00:00Z,94.0
movies_8845,Q16678283,On the Way to School,2013 film by Pascal Plisson,2015-04-09T00:00:00Z,77.0
movies_8846,Q16678289,Sur un air d'autoroute,2000 film by Thierry Boscheron,2000-01-01T00:00:00Z,
movies_8847,Q16679828,The Town That Dreaded Sundown,2014 film by Alfonso Gomez-Rejon,2015-04-09T00:00:00Z,90.0
movies_8848,Q16679862,The Woman in Black: Angel of Death,2014 film by Tom Harper,2015-02-19T00:00:00Z,98.0
movies_8849,Q16681045,The Heat's On,2003 film by Christian Philibert,2003-01-01T00:00:00Z,88.0
movies_8850,Q16681381,The Missionaries,2014 film by Tonie Marshall,2015-06-18T00:00:00Z,88.0
movies_8851,Q16681852,The New Girlfriend,2014 film directed by François Ozon,2015-02-19T00:00:00Z,105.0
movies_8852,Q16681870,A Model Employee,2003 film by Jacques Otmezguine,2003-01-01T00:00:00Z,
movies_8853,Q16683848,Z for Zachariah,2015 Icelandic science fiction drama film directed by Craig Zobel,2015-01-01T00:00:00Z,98.0
movies_8854,Q16692754,Battle for Sevastopol,2015 film by Sergueï Mokritskiy,2015-04-02T00:00:00Z,110.0
movies_8855,Q16693969,The Traitor,2017 film by Mark Hammond,2017-01-01T00:00:00Z,90.0
movies_8856,Q16696502,The Nest of the Turtledove,2016 film,2016-05-12T00:00:00Z,102.0
movies_8857,Q16701717,Players,2003 film,2003-01-01T00:00:00Z,84.0
movies_8858,Q16703003,Between the Sheets,2003 film by Michael DeLuise,2003-01-01T00:00:00Z,102.0
movies_8859,Q1670513,Sunshine State,2002 film by John Sayles,2002-01-01T00:00:00Z,134.0
movies_8860,Q16705981,Maksym Osa,2022 film,2020-01-01T00:00:00Z,100.0
movies_8861,Q16705983,Maximum Velocity,2003 film,2003-01-01T00:00:00Z,93.0
movies_8862,Q16707610,Her Name Was Fanny Kaplan,2016 film by Olena Demyanenko,2016-07-19T00:00:00Z,110.0
movies_8863,Q1670772,Samourais,2002 film,2002-01-01T00:00:00Z,90.0
movies_8864,Q16710425,Final Payback,2001 film,2001-01-01T00:00:00Z,92.0
movies_8865,Q16712566,Contagion,2002 film,2002-01-01T00:00:00Z,
movies_8866,Q16713637,Under Electric Clouds,2015 film by Aleksei Alekseivich German,2015-02-10T00:00:00Z,137.0
movies_8867,Q16714960,The Stolen Princess: Ruslan and Ludmila,2018 Ukrainian computer-animated film,2018-03-07T00:00:00Z,85.0
movies_8868,Q1671807,Den osynlige,2002 Swedish film directed by Joel Bergvall and Simon Sandquist,2002-01-01T00:00:00Z,95.0
movies_8869,Q16719092,Taras. Return,2014 film,2019-01-01T00:00:00Z,120.0
movies_8870,Q16721132,Chola the Bear,Film,2020-01-01T00:00:00Z,110.0
movies_8871,Q16723938,The sound of the wind,2002 film,2002-01-01T00:00:00Z,73.0
movies_8872,Q16734412,A Girl at My Door,2014 South Korean drama film,2017-07-10T00:00:00Z,119.0
movies_8873,Q16736238,Indriyam,2000 film,2000-09-08T00:00:00Z,
movies_8874,Q16736273,Snow in Paradise,2014 film directed by Andrew Hulme,2015-04-16T00:00:00Z,108.0
movies_8875,Q16736285,The Salt of the Earth,"2014 documentary film by Wim Wenders, Juliano Ribeiro Salgado",2015-03-12T00:00:00Z,110.0
movies_8876,Q16736424,Misunderstood,2014 film,2015-01-22T00:00:00Z,103.0
movies_8877,Q16736430,Beautiful Youth,2014 film by Jaime Rosales,2015-12-03T00:00:00Z,102.0
movies_8878,Q16736451,Yatchan,2015 Tamil film directed by Vishnuvardhan,2015-01-01T00:00:00Z,
movies_8879,Q16736815,Party Girl,"2014 film by Samuel Theis, Marie Amachoukeli, Claire Burger",2015-02-26T00:00:00Z,96.0
movies_8880,Q1673902,Ishq Vishk,2003 film by Ken Ghosh,2003-05-09T00:00:00Z,129.0
movies_8881,Q1675031,Firetrap,2001 film directed by Harris Done,2001-01-01T00:00:00Z,97.0
movies_8882,Q16766101,I love you... Torito,2002 film directed by Edmund Valladares,2002-01-01T00:00:00Z,85.0
movies_8883,Q16766108,Magical Girl,2014 film directed by Carlos Vermut,2015-02-18T00:00:00Z,127.0
movies_8884,Q16781911,Taken 3,2014 film directed by Olivier Megaton,2015-01-08T00:00:00Z,109.0
movies_8885,Q1678575,Divided We Fall,2000 film by Jan Hřebejk,2000-03-16T00:00:00Z,120.0
movies_8886,Q1678744,Zus & Zo,2001 film by Paula van der Oest,2001-09-14T00:00:00Z,106.0
movies_8887,Q1679139,Ted Bundy,2002 American serial killer film directed by Matthew Bright,2002-01-01T00:00:00Z,95.0
movies_8888,Q1679422,Želary,2003 film by Ondřej Trojan,2003-09-04T00:00:00Z,142.0
movies_8889,Q16795448,Fantastic Four,2015 film directed by Josh Trank,2015-01-01T00:00:00Z,100.0
movies_8890,Q1679972,The Clash: Westway to the World,2000 documentary film directed by Don Letts,2000-01-01T00:00:00Z,107.0
movies_8891,Q16822530,Before We Go,2014 film directed by Chris Evans,2015-11-12T00:00:00Z,95.0
movies_8892,Q16824348,Abbas Kiarostami: A Report,2003 film by Bahman Maghsoudlou,2003-01-01T00:00:00Z,
movies_8893,Q16824840,All the Wrong Places,2000 film,2000-01-01T00:00:00Z,
movies_8894,Q16825148,Angry Kisses,2000 film,2000-01-01T00:00:00Z,
movies_8895,Q16825180,Annavru,2003 film by Om Prakash Rao,2003-01-01T00:00:00Z,
movies_8896,Q16826996,Behind the Red Door,2003 film by Matia Karrell,2003-01-01T00:00:00Z,105.0
movies_8897,Q16827030,Ben's Biography,2003 film by Dan Wolman,2003-01-01T00:00:00Z,
movies_8898,Q16829243,"20,000 Days on Earth",2014 British documentary film,2015-01-15T00:00:00Z,97.0
movies_8899,Q16829311,Chavit,2003 film by Carlo J. Caparas,2003-01-01T00:00:00Z,
movies_8900,Q16829400,Chicken Party,2003 film by Tate Taylor,2003-10-14T00:00:00Z,29.0
movies_8901,Q16829720,Appavin Meesai,2015 Tamil film directed by Rohini,2015-01-01T00:00:00Z,
movies_8902,Q16830050,The Conception of My Younger Brother,2000 film by Vladimír Drha,2000-01-01T00:00:00Z,94.0
movies_8903,Q16830223,100 Pro,2001 film by Simon Verhoeven,2001-01-01T00:00:00Z,86.0
movies_8904,Q16830289,Age of Dinosaurs,2013 sci-fi action film directed by Joseph J. Lawson,2015-10-08T00:00:00Z,88.0
movies_8905,Q16834659,Dead Awake,2001 film,2001-11-06T00:00:00Z,100.0
movies_8906,Q16836818,Bad Hair,2013 film by Mariana Rondón,2016-03-31T00:00:00Z,93.0
movies_8907,Q16837125,Bajirao Mastani,2015 film directed by Sanjay Leela Bhansali,2015-12-04T00:00:00Z,158.0
movies_8908,Q16837980,A Family Affair,2001 film by Helen Lesnick,2001-01-01T00:00:00Z,107.0
movies_8909,Q16840147,Beloved Sisters,2014 film by Dominik Graf,2015-01-29T00:00:00Z,138.0
movies_8910,Q16840682,Got 2 Believe,2002 film by Olivia Lamasan,2002-01-01T00:00:00Z,
movies_8911,Q16841214,Bhaag Johnny,2015 film by Shivam Nair,2015-01-01T00:00:00Z,118.0
movies_8912,Q16841263,Gun Crazy 2: Beyond the Law,2002 Japanese action film by Atsushi Muroga,2002-01-01T00:00:00Z,
movies_8913,Q16841268,Gun Crazy: A Woman from Nowhere,2002 Japanese action film by Atsushi Muroga,2002-01-01T00:00:00Z,65.0
movies_8914,Q16846056,Breakdown,2016 film,2016-01-01T00:00:00Z,
movies_8915,Q16847410,Immoral First Love: Loving from the Nipples,film directed by Tarō Araki,2001-12-01T00:00:00Z,
movies_8916,Q16848618,Buddy Hutchins,2015 film by Jared Cohn,2015-02-14T00:00:00Z,98.0
movies_8917,Q16848669,Inquilaab,2002 film by Anup Sengupta,2002-01-01T00:00:00Z,
movies_8918,Q16851157,Je Bho Ramrai Bho,2003 Nepali film by Hari Bansha Acharya,2003-12-03T00:00:00Z,
movies_8919,Q16852101,Careful What You Wish For,2015 film by Elizabeth Allen Rosenbaum,2015-03-05T00:00:00Z,91.0
movies_8920,Q16852113,Kadhal Kisu Kisu,2003 Tamil film directed by P. Vasu,2003-01-01T00:00:00Z,
movies_8921,Q16852433,Katthegalu Saar Katthegalu,2003 film by Rajendra Singh Babu,2003-03-28T00:00:00Z,
movies_8922,Q16857406,The Jungle Book,2016 film directed by Jon Favreau,2016-04-08T00:00:00Z,107.0
movies_8923,Q16860865,Kids in Love,2016 film by Chris Foggin,2016-06-22T00:00:00Z,87.0
movies_8924,Q16860873,Giraffada,2013 film directed by Rani Massalha,2015-05-28T00:00:00Z,85.0
movies_8925,Q16864688,Love at First Fight,2014 film by Thomas Cailley,2015-03-12T00:00:00Z,98.0
movies_8926,Q16864725,Gemma Bovery,2014 film directed by Anne Fontaine,2015-03-05T00:00:00Z,99.0
movies_8927,Q16865283,Scent of Love,2000 film by Kim Su-yong,2000-06-10T00:00:00Z,
movies_8928,Q16866068,Bolden,2019 film by Daniel Pritzker,2019-01-01T00:00:00Z,101.0
movies_8929,Q16867934,Xenia,2014 film directed by Panos H. Koutras,2015-01-15T00:00:00Z,128.0
movies_8930,Q16875759,Titli,2014 film by Kanu Behl,2015-05-28T00:00:00Z,
movies_8931,Q168799,Witch in Our Family,2000 film by Harald Hamrell,2000-01-28T00:00:00Z,85.0
movies_8932,Q168849,Proof of Life,2000 film directed by Taylor Hackford,2000-01-01T00:00:00Z,135.0
movies_8933,Q168862,Wonder Boys,2000 film directed by Curtis Hanson,2000-02-22T00:00:00Z,107.0
movies_8934,Q1688884,L.I.E.,2001 film by Michael Cuesta,2001-01-01T00:00:00Z,97.0
movies_8935,Q16912307,Abhinay Chakra,2015 film directed by Deepankar Senapati,2015-01-01T00:00:00Z,123.0
movies_8936,Q1691401,Joe Dirt,2001 film by Dennie Gordon,2001-04-11T00:00:00Z,92.0
movies_8937,Q1691477,Joe Somebody,2001 film by John Pasquin,2001-01-01T00:00:00Z,98.0
movies_8938,Q1691864,"Max, Sally and the Magic Phone",2001 film by Václav Vorlíček,2001-01-01T00:00:00Z,94.0
movies_8939,Q16923905,SPL II,2015 film by Cheang Pou-soi,2015-01-01T00:00:00Z,120.0
movies_8940,Q16930515,White God,2014 film directed by Kornél Mundruczó,2015-06-26T00:00:00Z,121.0
movies_8941,Q16930989,The Admiral: Roaring Currents,2014 South Korean war film directed by Kim Han-min,2015-07-20T00:00:00Z,128.0
movies_8942,Q16933688,The Fencer,2015 film directed by Klaus Härö,2015-03-13T00:00:00Z,93.0
movies_8943,Q16934154,Milky Way,2000 film by Faruk Sokolović,2000-01-01T00:00:00Z,93.0
movies_8944,Q1693691,The Way of the Gun,2000 film by Christopher McQuarrie,2000-01-01T00:00:00Z,114.0
movies_8945,Q16937096,Pride,2014 film directed by Matthew Warchus,2015-01-01T00:00:00Z,120.0
movies_8946,Q16939122,Monster Trucks,2016 film by Chris Wedge,2016-12-21T00:00:00Z,104.0
movies_8947,Q16942410,Nightstalker,2002 film by Chris Fisher,2002-11-10T00:00:00Z,95.0
movies_8948,Q16943346,Mabudachi,2001 film by Tomoyuki Furumaya,2001-01-01T00:00:00Z,98.0
movies_8949,Q16946988,Fotograf,2015 film by Irena Pavlásková,2015-01-08T00:00:00Z,133.0
movies_8950,Q16948192,Seetayya,2002 film by YVS Chowdary,2002-01-01T00:00:00Z,
movies_8951,Q16950177,Small Voices,2002 film by Gil Portes,2002-01-01T00:00:00Z,109.0
movies_8952,Q16951349,Nine Girls and a Ghost,2002 film by Chung Shu-kai,2002-11-23T00:00:00Z,
movies_8953,Q16952632,Creep,2014 film directed by Patrick Brice,2015-06-23T00:00:00Z,77.0
movies_8954,Q16953477,Thavarige Baa Thangi,2002 film by Sai Prakash,2002-01-01T00:00:00Z,
movies_8955,Q16954098,Brooklyn,2015 film directed by John Crowley,2015-01-01T00:00:00Z,112.0
movies_8956,Q16954124,The Circle,2014 Swiss docudrama directed by Stefan Haupt,2015-02-12T00:00:00Z,102.0
movies_8957,Q16954342,The Damned,2002 film by Dan Svátek,2002-01-01T00:00:00Z,100.0
movies_8958,Q16954957,Nanna Preethiya Hudugi,2001 film by Nagathihalli Chandrashekhar,2001-01-01T00:00:00Z,
movies_8959,Q16956072,The Unscarred,2000 film by Buddy Giovinazzo,2000-01-01T00:00:00Z,92.0
movies_8960,Q16956157,The Waterfall,2001 film by Semir Aslanyürek,2001-01-01T00:00:00Z,
movies_8961,Q16957425,Eternal Blood,2002 film by Jorge Olguín,2002-01-01T00:00:00Z,
movies_8962,Q16958048,Ninagagi,2002 film by S. Mahendar,2002-01-01T00:00:00Z,
movies_8963,Q16959698,O Nanna Nalle,2000 film directed by V. Ravichandran,2000-02-01T00:00:00Z,
movies_8964,Q16959791,Vaalee,2001 film by S. Mahendar,2001-10-19T00:00:00Z,
movies_8965,Q16960278,Victims and Murderers,2000 film by Andrea Sedláčková,2000-01-01T00:00:00Z,96.0
movies_8966,Q16962300,Stereoblood,2002 film,2002-01-01T00:00:00Z,96.0
movies_8967,Q16963172,The Teacher,2016 film directed by Jan Hřebejk,2016-07-04T00:00:00Z,95.0
movies_8968,Q16967102,Ping Pong,2002 film by Fumihiko Sori,2002-07-20T00:00:00Z,114.0
movies_8969,Q16970789,American Sniper,2014 film directed by Clint Eastwood,2015-01-01T00:00:00Z,132.0
movies_8970,Q16971610,Black Mass,2015 film by Scott Cooper,2015-09-18T00:00:00Z,122.0
movies_8971,Q16973734,The Diary of a Teenage Girl,2015 film directed by Marielle Heller,2015-01-24T00:00:00Z,102.0
movies_8972,Q16974047,Hot Pursuit,2015 film directed by Anne Fletcher,2015-01-01T00:00:00Z,87.0
movies_8973,Q16976938,Midnight Garage,2015 film,2015-01-01T00:00:00Z,
movies_8974,Q1697911,The Void,2001 film,2001-01-01T00:00:00Z,89.0
movies_8975,Q16980741,The Final Girls,2015 film by Todd Strauss-Schulson,2015-01-01T00:00:00Z,91.0
movies_8976,Q16982089,Mississippi Grind,2015 film by Anna Boden,2015-01-01T00:00:00Z,108.0
movies_8977,Q16983433,Azhagu Kutti Chellam,2016 Tamil film directed by Charles,2016-01-01T00:00:00Z,
movies_8978,Q16985254,The Humbling,2014 film by Barry Levinson,2016-05-02T00:00:00Z,
movies_8979,Q16985413,I Am Yours,2013 Norwegian film directed by Iram Haq,2015-01-30T00:00:00Z,98.0
movies_8980,Q16987989,Jem and the Holograms,2015 film by Jon M. Chu,2015-10-23T00:00:00Z,118.0
movies_8981,Q16988558,Death Walks,2016 film by Spencer Hawken,2016-07-15T00:00:00Z,
movies_8982,Q1698939,Pootie Tang,2001 film directed by Louis C.K.,2001-01-01T00:00:00Z,81.0
movies_8983,Q16993171,Fear Clinic,2014 film by Robert Green Hall,2015-08-20T00:00:00Z,95.0
movies_8984,Q16993300,Top Five,2014 film by Chris Rock,2015-04-16T00:00:00Z,102.0
movies_8985,Q16994014,High-Rise,2015 film by Ben Wheatley,2015-01-01T00:00:00Z,112.0
movies_8986,Q16994327,Goosebumps,2015 film directed by Rob Letterman,2015-01-01T00:00:00Z,103.0
movies_8987,Q1699556,Vampires: Los Muertos,2002 film by Tommy Lee Wallace,2002-01-01T00:00:00Z,103.0
movies_8988,Q16995656,Kill Your Friends,2015 film by Owen Harris,2015-01-01T00:00:00Z,103.0
movies_8989,Q16996794,The Lobster,2015 film directed by Yorgos Lanthimos,2015-05-15T00:00:00Z,118.0
movies_8990,Q16996797,Incarnate,2016 film directed by Brad Peyton,2015-01-01T00:00:00Z,91.0
movies_8991,Q16997069,The Divergent Series: Insurgent,2015 film directed by Robert Schwentke,2015-03-11T00:00:00Z,119.0
movies_8992,Q16997268,Man Up,2015 film directed by Ben Palmer,2015-01-01T00:00:00Z,88.0
movies_8993,Q16998034,Monkey Kingdom,2015 film directed by Mark Linfield and Alastair Fothergill,2015-04-17T00:00:00Z,82.0
movies_8994,Q16998136,Moshi Monsters: The Movie,2013 film by Lee Seok-hoon,2018-01-01T00:00:00Z,81.0
movies_8995,Q16998946,Spare Parts,2015 film by Sean McNamara,2015-01-16T00:00:00Z,
movies_8996,Q16999325,Macondo,2014 film,2015-12-10T00:00:00Z,98.0
movies_8997,Q17002139,Dragon Blade,2015 Chinese film directed by Daniel Lee,2015-02-18T00:00:00Z,105.0
movies_8998,Q17003709,Girlhood,2014 film by Céline Sciamma,2015-02-26T00:00:00Z,113.0
movies_8999,Q17004445,Bitter Harvest,2017 film directed by George Mendeluk,2017-01-01T00:00:00Z,103.0
movies_9000,Q17005848,Fever,2014 film by Elfi Mikesch,2016-08-11T00:00:00Z,80.0
movies_9001,Q17005988,Dearest,2014 Chinese film,2015-01-22T00:00:00Z,128.0
movies_9002,Q17006104,Capitão Falcão,2015 film,2015-01-01T00:00:00Z,106.0
movies_9003,Q17010616,Abhinetri,2015 film by Satish Pradhan,2015-01-01T00:00:00Z,
movies_9004,Q17011429,The Monk,2015 film by Chen Kaige,2015-01-01T00:00:00Z,123.0
movies_9005,Q17012063,Amar Akbar & Tony,2015 film,2015-04-17T00:00:00Z,96.0
movies_9006,Q17014747,Friend Request,2016 film directed by Simon Verhoeven,2016-01-01T00:00:00Z,93.0
movies_9007,Q17018223,Off Key,2001 film by Manuel Gómez Pereira,2001-11-16T00:00:00Z,118.0
movies_9008,Q17018891,Testament of Youth,2014 film directed by James Kent,2015-01-16T00:00:00Z,129.0
movies_9009,Q17019453,Our Kind of Traitor,2016 film by Susanna White,2016-05-06T00:00:00Z,108.0
movies_9010,Q17020430,Paper Planes,2015 film by Robert Connolly,2015-01-15T00:00:00Z,96.0
movies_9011,Q17021589,Suffragette,2015 film directed by Sarah Gavron,2015-01-01T00:00:00Z,106.0
movies_9012,Q17021912,Lila & Eve,2015 film by Charles Stone III,2015-01-01T00:00:00Z,94.0
movies_9013,Q17023315,Sword Master,2015 film by Derek Yee,2015-01-01T00:00:00Z,108.0
movies_9014,Q17025594,Midnight Special,2016 film by Jeff Nichols,2016-02-12T00:00:00Z,112.0
movies_9015,Q17028317,Rules Don't Apply,2016 film directed by Warren Beatty,2016-11-23T00:00:00Z,127.0
movies_9016,Q17029004,Usire,2001 film by Prabhu Solomon,2001-01-01T00:00:00Z,
movies_9017,Q17029188,Ride,2014 film by Helen Hunt,2015-06-18T00:00:00Z,93.0
movies_9018,Q17030879,Guardians of Oz,2015 film by Alberto Mar,2016-04-07T00:00:00Z,
movies_9019,Q17032951,Shamitabh,2015 film by R. Balki,2015-01-01T00:00:00Z,155.0
movies_9020,Q17037225,The Forger,2014 film by Philip Martin,2015-11-19T00:00:00Z,92.0
movies_9021,Q17037826,Mah-e-Meer,2016 film by Anjum Shahzad,2016-02-01T00:00:00Z,
movies_9022,Q17038660,Two Thumbs Up,2015 film,2015-01-01T00:00:00Z,103.0
movies_9023,Q17040489,O Ornitólogo,2016 film by João Pedro Rodrigues,2016-01-01T00:00:00Z,118.0
movies_9024,Q17042694,Paul Blart: Mall Cop 2,2015 film directed by Andy Fickman,2015-01-01T00:00:00Z,94.0
movies_9025,Q17042878,X-Men: Apocalypse,2016 film directed by Bryan Singer,2016-05-18T00:00:00Z,131.0
movies_9026,Q17047831,Dheera Rana Vikrama,2015 film by Pawan Wadeyar,2015-01-01T00:00:00Z,148.0
movies_9027,Q17048105,Michiel de Ruyter,2015 film by Roel Reiné,2015-01-29T00:00:00Z,151.0
movies_9028,Q17049587,The Wedding Ringer,2015 film directed by Jeremy Garelick,2015-02-10T00:00:00Z,101.0
movies_9029,Q17049895,Don't Forget Me,2016 South Korean independent film,2016-01-01T00:00:00Z,106.0
movies_9030,Q17050502,Cell,2016 science fiction film directed by Kip Williams,2015-01-01T00:00:00Z,98.0
movies_9031,Q17051533,Housebound,2014 film by Gerard Johnstone,2015-02-12T00:00:00Z,107.0
movies_9032,Q17051888,Dil Dhadakne Do,2015 film by Zoya Akhtar,2015-06-05T00:00:00Z,164.0
movies_9033,Q17052183,Dussehra,2018 Film directed by Manish Vatsalya,2018-01-01T00:00:00Z,
movies_9034,Q17052686,That Lovely Girl,2014 film by Keren Yedaya,2015-04-23T00:00:00Z,95.0
movies_9035,Q17053635,Vijay and I,2013 film by Sam Garbarski,2015-08-21T00:00:00Z,96.0
movies_9036,Q17054077,Guddu Rangeela,2015 film by Subhash Kapoor,2015-07-01T00:00:00Z,124.0
movies_9037,Q17055661,Yang Guifei,"2015 film by Zhang Yimou, Tian Zhuangzhuang",2015-01-01T00:00:00Z,122.0
movies_9038,Q17057859,Stratos,2014 film by Yannis Economides,2015-02-19T00:00:00Z,137.0
movies_9039,Q17059341,Manjhi: The Mountain Man,2015 Hindi film directed by Ketan Mehta,2015-08-21T00:00:00Z,120.0
movies_9040,Q17061299,A Girl Walks Home Alone at Night,2014 film by Ana Lily Amirpour,2015-04-23T00:00:00Z,101.0
movies_9041,Q17062774,Trainwreck,2015 film directed by Judd Apatow,2015-01-01T00:00:00Z,124.0
movies_9042,Q17064227,Criminal Activities,2015 film by Jackie Earle Haley,2015-01-01T00:00:00Z,94.0
movies_9043,Q17065888,Wild,2014 film by Jean-Marc Vallée,2015-01-15T00:00:00Z,115.0
movies_9044,Q17068577,Max Steel,2016 film by Stewart Hendler,2016-10-21T00:00:00Z,88.0
movies_9045,Q17069780,Pratibad,2001 film by Haranath Chakraborty,2001-01-01T00:00:00Z,
movies_9046,Q17070257,Run Out,2015 Bangladeshi film by Tonmoy Tansen,2015-10-16T00:00:00Z,
movies_9047,Q17071367,Puriyatha Puthir,2016 Tamil film directed by Ranjit Jeyakodi,2016-01-01T00:00:00Z,
movies_9048,Q17072191,Nanbenda,2015 Tamil film directed by Jagadish,2015-01-01T00:00:00Z,148.0
movies_9049,Q17073759,Romeo Juliet,2015 Tamil film directed by Lakshman,2015-01-01T00:00:00Z,
movies_9050,Q17074004,Sandamarutham,2015 Tamil film directed by A. Venkatesh,2015-02-20T00:00:00Z,
movies_9051,Q17074107,Achcham Yenbadhu Madamaiyada,2016 Tamil film directed by Gautham Menon,2016-09-09T00:00:00Z,
movies_9052,Q17074219,Serndhu Polama,2015 Tamil film directed by Anil Kumar,2015-01-01T00:00:00Z,
movies_9053,Q17074852,Mr. X,2015 film directed by Vikram Bhatt,2015-04-16T00:00:00Z,133.0
movies_9054,Q17075564,"Well, If You Know Me",2015 Tamil film directed by Gautham Menon,2015-01-01T00:00:00Z,168.0
movies_9055,Q17075598,10 Endrathukulla,2015 Tamil film directed by Vijay Milton,2015-01-01T00:00:00Z,
movies_9056,Q17075842,Valiyavan,2015 Tamil film directed by M. Saravanan,2015-03-27T00:00:00Z,
movies_9057,Q17080509,Shiva and May,2015 film by Diane Bell,2015-01-01T00:00:00Z,80.0
movies_9058,Q17081716,Singh Is Bling,2015 film directed by Prabhu Deva,2015-01-01T00:00:00Z,139.0
movies_9059,Q17082319,Before I Wake,2016 film by Mike Flanagan,2016-01-01T00:00:00Z,97.0
movies_9060,Q17082350,Song One,2014 film directed by Kate Barker-Froyland,2016-04-14T00:00:00Z,86.0
movies_9061,Q17083155,Starry Eyes,2014 film directed by Kevin Kölsch and Dennis Widmyer,2015-04-03T00:00:00Z,100.0
movies_9062,Q17088983,Yuvaraja,2001 film by Puri Jagannadh,2001-11-02T00:00:00Z,147.0
movies_9063,Q17097929,Viktoria,2014 film by Maya Vitkova,2018-05-17T00:00:00Z,155.0
movies_9064,Q17110552,Happy Here and Now,2002 film by Michael Almereyda,2002-01-01T00:00:00Z,89.0
movies_9065,Q17144452,Triple 9,2016 film directed by John Hillcoat,2016-02-16T00:00:00Z,115.0
movies_9066,Q17150365,Asura,2001 film by S. Mahendar,2001-03-23T00:00:00Z,
movies_9067,Q17150575,Blood Father,2016 film directed by Jean-François Richet,2016-01-01T00:00:00Z,88.0
movies_9068,Q17151200,Ek Thi Rani Aisi Bhi,2017 film by Gul Bahar Singh,2017-04-21T00:00:00Z,
movies_9069,Q17154090,Brother of Mine,2002 film by Jens Jonsson,2002-01-01T00:00:00Z,10.0
movies_9070,Q1716708,No One Can Hear You,2001 film,2001-01-01T00:00:00Z,92.0
movies_9071,Q17182419,Grimsby,2016 film by Louis Leterrier,2016-02-24T00:00:00Z,83.0
movies_9072,Q1719141,Sweet Sixteen,2002 film by Ken Loach,2002-05-21T00:00:00Z,102.0
movies_9073,Q17215294,River's Edge,2018 film directed by Isao Yukisada,2018-02-15T00:00:00Z,117.0
movies_9074,Q17224123,Travail,2002 film by Kentarō Ōtani,2002-03-23T00:00:00Z,
movies_9075,Q17257743,Sputnik,2013 film,2016-02-03T00:00:00Z,83.0
movies_9076,Q17296910,Jackie & Ryan,2014 film by Ami Canaan Mann,2016-05-20T00:00:00Z,95.0
movies_9077,Q1731966,Sidewalks of New York,2001 film by Edward Burns,2001-01-01T00:00:00Z,108.0
movies_9078,Q17351649,Zero Motivation,2014 film directed by Talya Lavie,2016-11-24T00:00:00Z,100.0
movies_9079,Q17361809,The Legend of Tarzan,2016 adventure film directed by David Yates,2016-01-01T00:00:00Z,109.0
movies_9080,Q17382556,The Grump,2014 Finnish film by Dome Karukoski,2017-12-21T00:00:00Z,104.0
movies_9081,Q17383148,The Zeros,2001 film,2001-01-01T00:00:00Z,
movies_9082,Q17401311,Besame Mucho,2001 film,2001-08-31T00:00:00Z,
movies_9083,Q17416710,Tulip Fever,2017 film by Justin Chadwick,2017-01-01T00:00:00Z,105.0
movies_9084,Q17418119,Verboden te zuchten,2001 film by Alex Stockman,2001-02-21T00:00:00Z,
movies_9085,Q1742410,Kira's Reason: A Love Story,2001 film by Ole Christian Madsen,2001-01-01T00:00:00Z,92.0
movies_9086,Q17426161,Don't Hang Up,2016 film by Alexis Wajsbrot,2016-01-01T00:00:00Z,83.0
movies_9087,Q17436508,The 5th Wave,2016 film by J Blakeson,2016-01-01T00:00:00Z,117.0
movies_9088,Q17476653,Amityville: The Awakening,2017 film directed by Franck Khalfoun,2017-01-01T00:00:00Z,88.0
movies_9089,Q1747758,Les Diables,2002 film by Christophe Ruggia,2002-01-01T00:00:00Z,105.0
movies_9090,Q17478818,The Dangerous Sex Date,2001 film by Maria Martinelli,2001-01-01T00:00:00Z,96.0
movies_9091,Q17478848,Boulevard,2014 film by Dito Montiel,2016-01-21T00:00:00Z,88.0
movies_9092,Q17485699,Alice Through the Looking Glass,2016 film directed by James Bobin,2016-05-26T00:00:00Z,113.0
movies_9093,Q17501972,Godzilla: King of the Monsters,2019 film directed by Michael Dougherty,2019-05-13T00:00:00Z,132.0
movies_9094,Q17508638,The Darkness,2016 film directed by Greg McLean,2016-01-01T00:00:00Z,92.0
movies_9095,Q17511146,Born Wild,2001 film,2001-01-01T00:00:00Z,
movies_9096,Q17512646,The Dark Horse,2014 film by James Napier Robertson,2016-06-16T00:00:00Z,124.0
movies_9097,Q17515125,Race,2016 film by Stephen Hopkins,2016-07-28T00:00:00Z,134.0
movies_9098,Q1751588,Lan Yu,2001 film by Stanley Kwan,2001-01-01T00:00:00Z,86.0
movies_9099,Q17516207,Prípad pro malíre,2016 film directed by Lucie Bělohradská,2016-01-01T00:00:00Z,70.0
movies_9100,Q1752897,Like Mike,2002 film by John Schultz,2002-01-01T00:00:00Z,100.0
movies_9101,Q1753426,Year of the Horse,1997 film by Jim Jarmusch,2001-07-26T00:00:00Z,106.0
movies_9102,Q1753731,Hedwig and the Angry Inch,2001 film directed by John Cameron Mitchell,2001-01-19T00:00:00Z,95.0
movies_9103,Q17560903,Stuck,2017 film,2017-01-01T00:00:00Z,
movies_9104,Q1756254,Storytelling,2001 film by Todd Solondz,2001-01-01T00:00:00Z,84.0
movies_9105,Q1757581,Lost in La Mancha,2002 film by Keith Fulton and Louis Pepe,2002-01-01T00:00:00Z,93.0
movies_9106,Q17582629,Kickboxer: Vengeance,2016 film directed by John Stockwell,2016-01-01T00:00:00Z,88.0
movies_9107,Q17606382,FAN,2016 film directed by Maneesh Sharma,2016-01-01T00:00:00Z,138.0
movies_9108,Q17607210,Pasolini,2014 film by Abel Ferrara,2016-02-04T00:00:00Z,84.0
movies_9109,Q17621678,Collide,2016 film directed by Eran Creevy,2016-01-01T00:00:00Z,99.0
movies_9110,Q1764764,Mongoland,2001 film,2001-01-01T00:00:00Z,84.0
movies_9111,Q1766681,The Caveman's Valentine,2001 film by Kasi Lemmons,2001-01-01T00:00:00Z,100.0
movies_9112,Q17763215,Spectral,2016 film directed by Nic Mathieu,2016-12-09T00:00:00Z,107.0
movies_9113,Q1777358,Knockaround Guys,2001 film directed by David Levien and Brian Koppelman,2001-09-08T00:00:00Z,88.0
movies_9114,Q1779139,Super Troopers,2001 film by Broken Lizard,2001-01-01T00:00:00Z,96.0
movies_9115,Q1779547,Max Keeble's Big Move,2001 film by Tim Hill,2001-10-05T00:00:00Z,83.0
movies_9116,Q1783338,Snoop Dogg's Doggystyle,2001 film by Michael Martin,2001-01-01T00:00:00Z,86.0
movies_9117,Q1789448,Cowboy Up,2001 film by Xavier Koller,2001-01-01T00:00:00Z,105.0
movies_9118,Q17903453,Ride Along 2,2016 film directed by Tim Story,2016-01-01T00:00:00Z,102.0
movies_9119,Q1794408,Brief Crossing,2001 film by Catherine Breillat,2001-09-05T00:00:00Z,90.0
movies_9120,Q17986820,Shangri-La Suite,2015 film,2016-01-01T00:00:00Z,90.0
movies_9121,Q18031184,The Finest Hours,2016 film directed by Craig Gillespie,2016-01-29T00:00:00Z,118.0
movies_9122,Q180395,15 Minutes,2001 film by John Herzfeld,2001-01-01T00:00:00Z,120.0
movies_9123,Q180416,Das Experiment,2001 film directed by Oliver Hirschbiegel,2001-03-07T00:00:00Z,119.0
movies_9124,Q18043331,The Pilgrim,2014 film,2016-02-25T00:00:00Z,112.0
movies_9125,Q18109127,19,2001 Japanese drama film,2001-01-01T00:00:00Z,83.0
movies_9126,Q18109989,The Bodyguard,2016 film directed by Sammo Hung,2016-01-01T00:00:00Z,99.0
movies_9127,Q18112160,Eduruleni Manishi,2001 film,2001-01-01T00:00:00Z,
movies_9128,Q18126068,Irudhi Suttru,2016 Tamil film directed by Sudha Kongara Prasad,2016-01-29T00:00:00Z,150.0
movies_9129,Q18127580,M.S.Dhoni : The Untold Story,2016 Hindi film directed by Neeraj Pandey,2016-01-01T00:00:00Z,
movies_9130,Q18127894,Mastizaade,2016 film by Milap Zaveri,2016-01-01T00:00:00Z,119.0
movies_9131,Q18128126,Mohenjo Daro,2016 film directed by Ashutosh Gowariker,2016-08-25T00:00:00Z,
movies_9132,Q18149041,Criminal,2016 film directed by Ariel Vromen,2016-04-21T00:00:00Z,109.0
movies_9133,Q18150420,The Great Gilly Hopkins,2016 film by Stephen Herek,2016-01-01T00:00:00Z,
movies_9134,Q18150704,The Hollars,2016 film by John Krasinski,2016-01-01T00:00:00Z,88.0
movies_9135,Q18151017,In a Valley of Violence,2016 film by Ti West,2016-01-01T00:00:00Z,104.0
movies_9136,Q18151554,The Last Face,2015 film by Sean Penn,2016-01-01T00:00:00Z,131.0
movies_9137,Q18151901,Masterminds,2016 film by Jared Hess,2016-09-30T00:00:00Z,93.0
movies_9138,Q18151930,Louder Than Bombs,2015 film by Joachim Trier,2016-01-07T00:00:00Z,105.0
movies_9139,Q18152748,Miss You Already,2015 film by Catherine Hardwicke,2016-03-31T00:00:00Z,112.0
movies_9140,Q18153040,The Outcasts,2017 film directed by Peter Hutchings,2017-02-16T00:00:00Z,95.0
movies_9141,Q18153400,Queen of Earth,2015 film by Alex Ross Perry,2016-05-05T00:00:00Z,90.0
movies_9142,Q18153484,Remember,2015 film directed by Atom Egoyan,2016-03-24T00:00:00Z,94.0
movies_9143,Q18154994,Pride and Prejudice and Zombies,2016 film by Burr Steers,2016-01-21T00:00:00Z,108.0
movies_9144,Q18155816,The Whole Truth,2016 film directed by Courtney Hunt,2016-01-01T00:00:00Z,93.0
movies_9145,Q18155835,Wild Oats,2016 film by Andy Tennant,2016-08-22T00:00:00Z,86.0
movies_9146,Q18161368,The Last Showing,2014 film by Phil Hawkins,2016-05-12T00:00:00Z,89.0
movies_9147,Q18162353,Tomorrow,2018 film directed by Martha Pinson,2018-10-19T00:00:00Z,
movies_9148,Q18164659,Yalghaar,2017 film by Hassan Waqas Rana,2017-01-01T00:00:00Z,
movies_9149,Q18168157,Yoga Hosers,2016 film by Kevin Smith,2016-01-01T00:00:00Z,88.0
movies_9150,Q18169958,Operation Avalanche,2015 film by Matt Johnson,2016-01-22T00:00:00Z,94.0
movies_9151,Q18169996,Director's Cut,2016 film by Adam Rifkin,2016-01-22T00:00:00Z,82.0
movies_9152,Q18170000,Wazir,2016 Indian Hindi-language film directed by Bejoy Nambiar,2016-01-01T00:00:00Z,
movies_9153,Q18170176,Magi,2016 film by Hasan Karacadağ,2016-01-01T00:00:00Z,132.0
movies_9154,Q18170349,Rocky Handsome,2016 Hindi film directed by Nishikant Kamat,2016-03-25T00:00:00Z,119.0
movies_9155,Q18170400,Secret Treasure,2017 film by Gordon Chan,2017-01-01T00:00:00Z,
movies_9156,Q18192306,Inferno,2016 film directed by Ron Howard,2016-10-13T00:00:00Z,121.0
movies_9157,Q18198599,Bone Tomahawk,2015 film by S. Craig Zahler,2016-06-30T00:00:00Z,132.0
movies_9158,Q18199330,Fantastic Beasts and Where to Find Them,2016 film directed by David Yates,2016-11-16T00:00:00Z,133.0
movies_9159,Q18199331,Fantastic Beasts: The Crimes of Grindelwald,2018 film directed by David Yates,2018-11-14T00:00:00Z,134.0
movies_9160,Q18200409,A Monster Calls,2016 film directed by Juan Antonio Bayona,2016-09-09T00:00:00Z,108.0
movies_9161,Q18202448,A Bigger Splash,2015 film directed by Luca Guadagnino,2016-05-04T00:00:00Z,124.0
movies_9162,Q18202491,Risen,2016 film by Kevin Reynolds,2016-01-01T00:00:00Z,107.0
movies_9163,Q18202875,Corrections Class,2014 film directed by Ivan Tverdovski,2016-04-28T00:00:00Z,88.0
movies_9164,Q18206261,Dad's Army,2016 film by Oliver Parker,2016-01-01T00:00:00Z,100.0
movies_9165,Q18206289,"Crouching Tiger, Hidden Dragon: Sword of Destiny",2016 film directed by Yuen Woo-ping,2016-01-01T00:00:00Z,103.0
movies_9166,Q18209382,Our Brand Is Crisis,2015 film by David Gordon Green,2016-01-21T00:00:00Z,108.0
movies_9167,Q18209411,Pay the Ghost,2015 film directed by Uli Edel,2016-01-07T00:00:00Z,94.0
movies_9168,Q18210299,Freeheld,2015 film by Peter Sollett,2016-04-07T00:00:00Z,103.0
movies_9169,Q18225084,The Hateful Eight,2015 film directed by Quentin Tarantino,2016-01-07T00:00:00Z,168.0
movies_9170,Q1823261,Light of My Eyes,2001 film by Giuseppe Piccioni,2001-01-01T00:00:00Z,112.0
movies_9171,Q182692,Apocalypse Now,1979 film directed by Francis Ford Coppola,2019-12-27T00:00:00Z,147.0
movies_9172,Q1827484,Read My Lips,2001 film by Jacques Audiard,2001-01-01T00:00:00Z,115.0
movies_9173,Q18291670,JerryMaya's Detective Agency - von Broms' Secret,2013 film,2018-08-03T00:00:00Z,83.0
movies_9174,Q18324869,Everybody Wants Some!!,2016 film by Richard Linklater,2016-03-11T00:00:00Z,116.0
movies_9175,Q18340877,"10,000 km",2014 film directed by Carlos Marques-Marcet,2019-02-25T00:00:00Z,98.0
movies_9176,Q18342910,Geostorm,2017 film directed by Dean Devlin,2017-10-12T00:00:00Z,109.0
movies_9177,Q18350210,London Has Fallen,2016 film directed by Babak Najafi,2016-03-04T00:00:00Z,99.0
movies_9178,Q18351190,Maalik,2016 film by Ashir Azeem,2016-04-08T00:00:00Z,
movies_9179,Q18354827,Truth,2015 US film by James Vanderbilt,2016-06-02T00:00:00Z,125.0
movies_9180,Q18356955,Concussion,2015 film directed by Peter Landesman,2016-02-18T00:00:00Z,123.0
movies_9181,Q18357743,Hedda Gabler,2016 film directed by Matthew John,2016-09-08T00:00:00Z,111.0
movies_9182,Q18361441,The Crash,2017 film by Aram Rappaport,2017-01-13T00:00:00Z,84.0
movies_9183,Q18377827,Mr. Right,2015 film by Paco Cabezas,2016-04-15T00:00:00Z,95.0
movies_9184,Q18379056,Soggade Chinni Nayana,2006 Indian Telugu film,2016-01-01T00:00:00Z,
movies_9185,Q18386107,Heist,2015 film by Scott Mann,2016-03-03T00:00:00Z,92.0
movies_9186,Q18388171,Kidnap,2017 film directed by Luis Prieto,2016-01-01T00:00:00Z,81.0
movies_9187,Q18389443,The Choice,2016 film by Ross Katz,2016-01-01T00:00:00Z,107.0
movies_9188,Q18389573,The Disappointments Room,2016 film by D. J. Caruso,2016-09-25T00:00:00Z,92.0
movies_9189,Q18389586,The Dressmaker,2015 film by Jocelyn Moorhouse,2016-03-10T00:00:00Z,118.0
movies_9190,Q18390384,Ricky,2016 film by Rishab Shetty,2016-01-01T00:00:00Z,
movies_9191,Q18391473,Run the Tide,2016 film directed by Soham Mehta,2016-01-01T00:00:00Z,97.0
movies_9192,Q18392433,Green Room,2015 film by Jeremy Saulnier,2016-04-15T00:00:00Z,94.0
movies_9193,Q18393272,Rajini Murugan,2016 Tamil film directed by Ponram,2016-01-14T00:00:00Z,149.0
movies_9194,Q18393844,The Taking of Deborah Logan,2014 film by Adam Robitel,2016-02-05T00:00:00Z,90.0
movies_9195,Q18393909,The Veil,2017 film by Brent Ryan Green,2017-01-01T00:00:00Z,93.0
movies_9196,Q18401829,Status: Free,2015 film by Pavel Ruminov,2016-01-21T00:00:00Z,95.0
movies_9197,Q18406872,Doctor Strange,2016 film directed by Scott Derrickson,2016-10-20T00:00:00Z,115.0
movies_9198,Q18407657,Captain America: Civil War,2016 film by Anthony and Joe Russo,2016-04-27T00:00:00Z,147.0
movies_9199,Q18415459,The Nice Guys,2016 film directed by Shane Black,2016-05-15T00:00:00Z,116.0
movies_9200,Q18449411,Tordenskjold & Kold,2016 film by Henrik Ruben Genz,2016-01-28T00:00:00Z,93.0
movies_9201,Q18485021,The Huntsman: Winter's War,2016 film by Cedric Nicolas-Troyan,2016-04-07T00:00:00Z,114.0
movies_9202,Q18486021,Star Wars: Episode VIII – The Last Jedi,2017 film directed by Rian Johnson,2017-12-09T00:00:00Z,152.0
movies_9203,Q18516636,"Hail, Caesar!",2016 film directed by Joel and Ethan Coen,2016-02-01T00:00:00Z,106.0
movies_9204,Q18517234,Andiamo a quel paese,"2014 film by Salvatore Ficarra, Valentino Picone",2017-07-20T00:00:00Z,90.0
movies_9205,Q1852729,The 51st State,2001 film directed by Ronny Yu,2001-01-01T00:00:00Z,89.0
movies_9206,Q18545028,Diapason - The First Italian Dogme,2001 film by Antonio Domenici,2001-01-01T00:00:00Z,90.0
movies_9207,Q18552037,Mechanic: Resurrection,2016 film directed by Dennis Gansel,2016-01-01T00:00:00Z,98.0
movies_9208,Q18561606,Colonia,2015 film directed by Florian Gallenberger,2016-02-18T00:00:00Z,110.0
movies_9209,Q18578232,Belle & Sebastian: The Adventure Continues,2015 film by Christian Duguay,2016-01-28T00:00:00Z,98.0
movies_9210,Q18588971,Rangoon,2017 film directed by Rajkumar Periasamy,2017-01-01T00:00:00Z,
movies_9211,Q18589013,My New Sassy Girl,2016 film by Joh Keun-shik,2016-01-01T00:00:00Z,99.0
movies_9212,Q18603037,Mental,2016 film,2016-07-07T00:00:00Z,
movies_9213,Q18603041,Purno Doirgho Prem Kahini 2,2016 film,2016-01-01T00:00:00Z,
movies_9214,Q18603042,Revenge of the Worthless,2016 film by Jamal Shah,2016-01-01T00:00:00Z,
movies_9215,Q18604504,Suicide Squad,2016 film directed by David Ayer,2016-08-03T00:00:00Z,123.0
movies_9216,Q18610820,Babysitting 2,2015 film directed by Nicolas Benamou and Philippe Lacheau,2016-01-15T00:00:00Z,93.0
movies_9217,Q18613571,Skiptrace,2015 film by Renny Harlin,2016-11-10T00:00:00Z,120.0
movies_9218,Q18619590,Daddy's Home,2015 film directed by Sean Anders,2016-01-06T00:00:00Z,96.0
movies_9219,Q18625564,The Secret Society of Souptown,2015 film by Margus Paju,2016-03-25T00:00:00Z,104.0
movies_9220,Q18633732,The Unknown Soldier,2017 war film by Aku Louhimies,2017-10-27T00:00:00Z,179.0
movies_9221,Q18633930,Fidelio,2014 film by Lucie Borleteau,2016-09-22T00:00:00Z,97.0
movies_9222,Q18633935,I'm Dead but I Have Friends,"2015 film by Guillaume Malandrin, Stéphane Malandrin",2016-04-28T00:00:00Z,96.0
movies_9223,Q18636368,Bastille Day,2016 film directed by James Watkins,2016-04-22T00:00:00Z,92.0
movies_9224,Q18636742,The Light Between Oceans,2016 film directed by Derek Cianfrance,2016-09-01T00:00:00Z,133.0
movies_9225,Q18639593,On the Milky Road,2016 film by Emir Kusturica,2016-09-09T00:00:00Z,
movies_9226,Q18639756,Iron Sky: The Coming Race,2018 science fiction comedy film by Timo Vuorensola,2019-01-16T00:00:00Z,93.0
movies_9227,Q18644475,Bleed for This,2016 film by Ben Younger,2016-01-01T00:00:00Z,116.0
movies_9228,Q18657644,To The Fore,2015 film by Dante Lam,2017-01-07T00:00:00Z,125.0
movies_9229,Q18669866,Dirty Grandpa,2016 film directed by Dan Mazer,2016-02-11T00:00:00Z,102.0
movies_9230,Q18674502,The Distinguished Citizen,2016 film by Gastón Duprat & Mariano Cohn,2017-11-02T00:00:00Z,118.0
movies_9231,Q18674916,Ricky Rapper and slick Leonard,2014 Finnish film directed by Timo Koivusalo,2018-09-28T00:00:00Z,77.0
movies_9232,Q18684590,"The First, the Last",2016 film,2016-01-01T00:00:00Z,
movies_9233,Q18692630,Trumbo,2015 film by Jay Roach,2016-03-10T00:00:00Z,124.0
movies_9234,Q18702209,Heaven's Hell,2019 Nigerian film,2019-01-01T00:00:00Z,
movies_9235,Q18703016,Beta Test,2017 film directed by Nicholas Gyeney,2017-01-01T00:00:00Z,88.0
movies_9236,Q18703018,Broken Vows,2016 film,2016-10-11T00:00:00Z,90.0
movies_9237,Q18703022,Exposed,2016 film by Gee Malik Linton,2016-01-01T00:00:00Z,102.0
movies_9238,Q18703023,Eloise,2017 film by Robert Legato,2017-01-01T00:00:00Z,89.0
movies_9239,Q18703027,Blackway,2015 film by Daniel Alfredson,2016-06-10T00:00:00Z,90.0
movies_9240,Q18703028,Now You See Me 2,2016 film directed by Jon M. Chu,2016-01-01T00:00:00Z,129.0
movies_9241,Q18703031,Port of Call,2015 Hong Kong film directed by Philip Yung,2016-01-14T00:00:00Z,98.0
movies_9242,Q18703038,10 Cloverfield Lane,2016 film directed by Dan Trachtenberg,2016-03-08T00:00:00Z,103.0
movies_9243,Q18703050,The Abolitionists,2016 film directed by Darrin Fletcher and Chet Thomas,2016-05-16T00:00:00Z,85.0
movies_9244,Q18703089,Blue Mountain State: The Rise of Thadland,2016 film by Lev L. Spiro,2016-01-05T00:00:00Z,90.0
movies_9245,Q18703094,Captain Fantastic,2016 film by Matt Ross,2016-08-18T00:00:00Z,118.0
movies_9246,Q18703104,Mr. Church,2016 film directed by Bruce Beresford,2016-01-01T00:00:00Z,104.0
movies_9247,Q18703120,Dominion,2016 film by Steven Bernstein,2016-01-01T00:00:00Z,110.0
movies_9248,Q18703121,Dora or the Sexual Neuroses of Our Parents,2015 film by Stina Werenfels,2017-06-07T00:00:00Z,92.0
movies_9249,Q18703137,Gadbad Gondhal,2018 film by Yogesh Dattatraya Gosavi,2018-01-01T00:00:00Z,
movies_9250,Q18703138,Ordinary World,2016 film directed by Lee Kirk,2016-04-23T00:00:00Z,86.0
movies_9251,Q18703156,Jeyikkira Kuthira,film directed by Sakthi Chidambaram,2018-01-01T00:00:00Z,
movies_9252,Q18703157,Joe Dirt 2: Beautiful Loser,2015 film by Fred Wolf,2016-01-14T00:00:00Z,106.0
movies_9253,Q18703193,Moonwalkers,2015 film,2016-01-15T00:00:00Z,96.0
movies_9254,Q18703883,Results,2015 film by Andrew Bujalski,2016-03-03T00:00:00Z,105.0
movies_9255,Q18703884,Romance Complicated,2016 film by Dhwani Gautam,2016-01-01T00:00:00Z,
movies_9256,Q18703893,Lost in Florence,2017 film directed by Evan Oppenheimer,2017-01-27T00:00:00Z,97.0
movies_9257,Q18709329,The Clan,2015 film directed by Pablo Trapero,2016-03-03T00:00:00Z,110.0
movies_9258,Q18713033,Hunter's Prayer,2016 film by Jonathan Mostow,2017-01-01T00:00:00Z,91.0
movies_9259,Q18736633,Solange and the Living,2016 film by Ina Mihalache,2016-01-01T00:00:00Z,67.0
movies_9260,Q18740722,Kyaa Kool Hain Hum 3,2016 film,2016-01-22T00:00:00Z,
movies_9261,Q18754959,Steve Jobs,2015 film directed by Danny Boyle,2016-01-14T00:00:00Z,122.0
movies_9262,Q18758160,The Lady in the Van,2015 film directed by Nicholas Hytner,2016-04-14T00:00:00Z,104.0
movies_9263,Q18758193,Flight Crew,2016 film directed by Nikolai Lebedev,2016-04-21T00:00:00Z,138.0
movies_9264,Q18785102,Ben-Hur,2016 American film directed by Timur Bekmambetov,2016-08-18T00:00:00Z,125.0
movies_9265,Q18786432,See You Tomorrow,2016 film by Zhang Jiajia,2016-01-01T00:00:00Z,128.0
movies_9266,Q18786472,The Monkey King 2,2016 film by Cheang Pou-soi,2016-01-01T00:00:00Z,
movies_9267,Q18786473,Pete's Dragon,2016 film directed by David Lowery,2016-08-12T00:00:00Z,102.0
movies_9268,Q18811589,Beyond Skyline,2017 American horror/sci-fi film directed by Liam O'Donnell,2017-12-15T00:00:00Z,105.0
movies_9269,Q18811597,Devara Nadalli,2016 film,2016-01-01T00:00:00Z,
movies_9270,Q18811602,Genius,2016 film by Michael Grandage,2016-06-10T00:00:00Z,104.0
movies_9271,Q18811609,Life on the Road,2016 film by Ricky Gervais,2016-01-01T00:00:00Z,96.0
movies_9272,Q18811617,American Made,2017 film directed by Doug Liman,2017-08-31T00:00:00Z,115.0
movies_9273,Q18811624,Palaandu Vaazhga,2018 Tamil film directed by Anjana Ali Khan,2018-11-01T00:00:00Z,
movies_9274,Q18811633,Shooting Clerks,2016 film by Christopher Downie,2016-09-10T00:00:00Z,
movies_9275,Q18811634,Silence,2016 film by Martin Scorsese,2016-11-29T00:00:00Z,161.0
movies_9276,Q18811642,Uncle Howard,2016 film by Aaron Brookner,2016-01-01T00:00:00Z,96.0
movies_9277,Q18816889,Assassin's Creed,2016 film by Justin Kurzel,2016-12-21T00:00:00Z,115.0
movies_9278,Q18822138,Creed,2015 film directed by Ryan Coogler,2016-01-14T00:00:00Z,133.0
movies_9279,Q18844655,Creators: The Past,2019 film directed by Piergiuseppe Zaia,2019-01-01T00:00:00Z,97.0
movies_9280,Q18883455,The Accountant,2016 film directed by Gavin O'Connor,2016-10-10T00:00:00Z,128.0
movies_9281,Q18890293,Dishoom,2016 film by Rohit Dhawan,2016-01-01T00:00:00Z,
movies_9282,Q18890297,Dope,2015 film directed by Rick Famuyiwa,2016-01-28T00:00:00Z,103.0
movies_9283,Q18914954,Elvis & Nixon,2016 film by Liza Johnson,2016-01-01T00:00:00Z,87.0
movies_9284,Q18915037,Adult Life Skills,2016 film directed by Rachel Tunnard,2016-04-17T00:00:00Z,96.0
movies_9285,Q18923394,The Giant,2016 film,2016-09-09T00:00:00Z,86.0
movies_9286,Q18940001,Body,2015 film by Małgorzata Szumowska,2016-02-25T00:00:00Z,92.0
movies_9287,Q18959341,Sworn Virgin,2015 film by Laura Bispuri,2016-01-28T00:00:00Z,90.0
movies_9288,Q19057481,The Witch,2015 film directed by Robert Eggers,2016-02-19T00:00:00Z,93.0
movies_9289,Q19204752,The Boss,2016 film directed by Ben Falcone,2016-01-01T00:00:00Z,99.0
movies_9290,Q19263959,Sanam Re,2016 film by Divya Khosla Kumar,2016-01-01T00:00:00Z,116.0
movies_9291,Q19263995,Tangerine,2015 film by Sean Baker,2016-07-07T00:00:00Z,88.0
movies_9292,Q19264035,Dilwale,2015 film directed by Rohit Shetty,2016-01-07T00:00:00Z,154.0
movies_9293,Q19272577,Wondrous Boccaccio,2015 film by Paolo and Vittorio Taviani,2016-06-02T00:00:00Z,120.0
movies_9294,Q19315473,Snowden,2016 film directed by Oliver Stone,2016-09-09T00:00:00Z,134.0
movies_9295,Q19320927,Airlift,2016 film directed by Raja Krishna Menon,2016-01-01T00:00:00Z,
movies_9296,Q19321019,Miss Peregrine's Home for Peculiar Children,2016 film directed by Tim Burton,2016-09-25T00:00:00Z,127.0
movies_9297,Q19347291,Deadpool,2016 film directed by Tim Miller,2016-02-10T00:00:00Z,108.0
movies_9298,Q19347583,The Danish Girl,2015 film by Tom Hooper,2016-01-07T00:00:00Z,120.0
movies_9299,Q19354987,The Corpse of Anna Fritz,2015 film by Hèctor Hernández Vicens,2016-02-26T00:00:00Z,76.0
movies_9300,Q19363435,Nina,2016 film by Cynthia Mort,2016-04-22T00:00:00Z,90.0
movies_9301,Q19363674,Love & Friendship,2016 film directed by Whit Stillman,2016-05-13T00:00:00Z,92.0
movies_9302,Q19363678,Maggie's Plan,2015 film by Rebecca Miller,2016-08-04T00:00:00Z,92.0
movies_9303,Q19363691,Money Monster,2016 film directed by Jodie Foster,2016-05-26T00:00:00Z,99.0
movies_9304,Q19363732,Norman: The Moderate Rise and Tragic Fall of a New York Fixer,2016 film by Joseph Cedar,2016-01-01T00:00:00Z,117.0
movies_9305,Q19363785,The Fundamentals of Caring,2016 American film by Rob Burnett,2016-01-01T00:00:00Z,93.0
movies_9306,Q19363812,The Secret in Their Eyes,2015 film by Billy Ray,2016-06-09T00:00:00Z,111.0
movies_9307,Q19363883,Whiskey Tango Foxtrot,2016 film directed by Glenn Ficarra and John Requa,2016-01-01T00:00:00Z,112.0
movies_9308,Q19363897,The Forest,2016 film directed by Jason Zada,2016-01-01T00:00:00Z,95.0
movies_9309,Q19363956,Unlocked,2017 film directed by Michael Apted,2017-06-22T00:00:00Z,98.0
movies_9310,Q19363980,When the Bough Breaks,2016 film by Jon Cassar,2016-01-01T00:00:00Z,107.0
movies_9311,Q19364012,Zeroville,2019 film directed by James Franco,2019-09-06T00:00:00Z,96.0
movies_9312,Q19365645,Agnus Dei,2016 film by Anne Fontaine,2016-01-26T00:00:00Z,115.0
movies_9313,Q19365738,Toro,2016 film by Kike Maíllo,2016-01-01T00:00:00Z,100.0
movies_9314,Q19365749,Being 17,2016 film by André Téchiné,2016-01-01T00:00:00Z,116.0
movies_9315,Q19383310,Silent Heart,2014 film by Bille August,2016-03-24T00:00:00Z,97.0
movies_9316,Q19404573,Ali and Nino,2016 film by Asif Kapadia,2016-01-01T00:00:00Z,100.0
movies_9317,Q19427398,Chronically Metropolitan,2016 film,2016-06-24T00:00:00Z,
movies_9318,Q19427405,The Blackcoat's Daughter,2015 film by Oz Perkins,2017-03-31T00:00:00Z,93.0
movies_9319,Q19481099,Jason Bourne,2016 film directed by Paul Greengrass,2016-07-28T00:00:00Z,123.0
movies_9320,Q19483689,Snowy Road,2017 South Korean film by Lee Na-jeong,2017-03-01T00:00:00Z,
movies_9321,Q19507562,Here Is Harold,2014 Norwegian film directed by Gunnar Vikene,2016-06-23T00:00:00Z,88.0
movies_9322,Q19521218,Chocolat,2016 film directed by Roschdy Zem,2016-01-05T00:00:00Z,110.0
movies_9323,Q19543842,Macadam Stories,2015 film by Samuel Benchetrit,2016-01-01T00:00:00Z,100.0
movies_9324,Q19544249,The Death and Life of John F. Donovan,2018 film by Xavier Dolan,2018-01-01T00:00:00Z,127.0
movies_9325,Q19544495,Elle,2016 film directed by Paul Verhoeven,2016-05-21T00:00:00Z,130.0
movies_9326,Q19544556,"Half Sister, Full Love",2016 film by Marion Vernoux,2016-01-16T00:00:00Z,95.0
movies_9327,Q19559250,27,2016 film by Rob Zombie,2016-01-01T00:00:00Z,90.0
movies_9328,Q19569225,King Arthur: Legend of the Sword,2017 film directed by Guy Ritchie,2017-05-11T00:00:00Z,127.0
movies_9329,Q19571121,Brimstone,2016 film by Martin Koolhoven,2016-09-01T00:00:00Z,148.0
movies_9330,Q19571475,Doddmane Hudga,2016 film by Duniya Soori,2016-01-01T00:00:00Z,136.0
movies_9331,Q19571557,Eddie the Eagle,2016 film directed by Dexter Fletcher,2016-01-26T00:00:00Z,105.0
movies_9332,Q19572469,Chasing the Dragon,2017 film by Wong Jing and Jason Kwan,2017-01-01T00:00:00Z,112.0
movies_9333,Q19573620,Patient Zero,2018 film directed by Stefan Ruzowitzky,2018-08-14T00:00:00Z,
movies_9334,Q19581930,The Sea Is Behind,2014 film,2016-09-28T00:00:00Z,88.0
movies_9335,Q19587078,Tale of Tales,2015 film by Matteo Garrone,2016-04-22T00:00:00Z,134.0
movies_9336,Q19587336,The Great Wall,2016 film by Zhang Yimou,2016-12-16T00:00:00Z,103.0
movies_9337,Q19590783,A War,2015 film by Tobias Lindholm,2016-03-03T00:00:00Z,115.0
movies_9338,Q19590955,Rogue One: A Star Wars Story,2016 film directed by Gareth Edwards,2016-12-13T00:00:00Z,133.0
movies_9339,Q19595098,Mowgli: Legend of the Jungle,2018 film directed by Andy Serkis,2018-01-01T00:00:00Z,104.0
movies_9340,Q19599558,RoughBook,2016 film directed by Anant Mahadevan,2016-01-01T00:00:00Z,100.0
movies_9341,Q19605737,Shivaay,2016 Ajay Devgan film,2016-01-01T00:00:00Z,153.0
movies_9342,Q19607526,Amor em Sampa,2016 film by Carlos Alberto Riccelli,2016-01-01T00:00:00Z,102.0
movies_9343,Q19614711,Independence Day: Resurgence,2016 film directed by Roland Emmerich,2016-06-23T00:00:00Z,120.0
movies_9344,Q19618544,Lady of Csejte,2015 film,2017-05-04T00:00:00Z,108.0
movies_9345,Q19627585,The Invitation,2015 film directed by Karyn Kusama,2016-04-15T00:00:00Z,99.0
movies_9346,Q19648591,The Divergent Series: Allegiant,2016 film directed by Robert Schwentke,2016-03-08T00:00:00Z,120.0
movies_9347,Q19689203,The BFG,2016 film by Steven Spielberg,2016-07-01T00:00:00Z,115.0
movies_9348,Q19692074,The Valley of Love,2015 film directed by Guillaume Nicloux,2016-01-21T00:00:00Z,91.0
movies_9349,Q19702742,The Commune,2016 film directed by Thomas Vinterberg,2016-01-14T00:00:00Z,112.0
movies_9350,Q19702971,Land of Mine,2015 film directed by Martin Zandvliet,2016-04-07T00:00:00Z,101.0
movies_9351,Q19720688,Bangalore Days,2016 Tamil film directed by Bhaskar,2016-01-01T00:00:00Z,156.0
movies_9352,Q19730988,Free State of Jones,2016 film by Gary Ross,2016-01-01T00:00:00Z,139.0
movies_9353,Q19742713,Guardians,2017 film directed by Sarik Andreasyan,2017-01-01T00:00:00Z,89.0
movies_9354,Q19750881,The Neon Demon,2016 film directed by Nicolas Winding Refn,2016-01-01T00:00:00Z,118.0
movies_9355,Q19757544,Spark,2016 film by Aaron Woodley,2016-01-01T00:00:00Z,90.0
movies_9356,Q19757672,Ip Man 3,2015 Hong Kong film directed by Wilson Yip,2016-01-14T00:00:00Z,105.0
movies_9357,Q1976114,The Girl and the Echo,1964 film by Arūnas Žebriūnas,2020-09-02T00:00:00Z,64.0
movies_9358,Q19766033,Special Female Force,2016 Hong Kong film,2016-01-01T00:00:00Z,105.0
movies_9359,Q19776287,Wolf Warrior,2015 film directed by Wu Jing,2016-03-03T00:00:00Z,90.0
movies_9360,Q19787902,The Here After,2015 film by Magnus von Horn,2016-03-11T00:00:00Z,102.0
movies_9361,Q19788266,Land of Saints,2015 film by Fernando Muraca,2017-06-22T00:00:00Z,89.0
movies_9362,Q19798030,Mon roi,2015 film by Maïwenn,2016-01-14T00:00:00Z,130.0
movies_9363,Q19800710,The Sweet Escape,2015 film directed by Bruno Podalydès,2016-05-19T00:00:00Z,105.0
movies_9364,Q19800919,My Mother,2015 film directed by Nanni Moretti,2017-11-30T00:00:00Z,106.0
movies_9365,Q19801728,Alvin and the Chipmunks: The Road Chip,2016 direct to video film directed by Walt Becker,2016-01-21T00:00:00Z,92.0
movies_9366,Q19804229,24,2016 Tamil film directed by Vikram Kumar,2016-01-01T00:00:00Z,164.0
movies_9367,Q19806501,Our Little Sister,2015 film by Hirokazu Koreeda,2016-04-15T00:00:00Z,127.0
movies_9368,Q19807569,Tanhaji,2020 film directed by Om Raut,2020-01-01T00:00:00Z,
movies_9369,Q19810823,Marguerite and Julien,2015 film by Valérie Donzelli,2017-04-13T00:00:00Z,110.0
movies_9370,Q19816400,Son of Saul,2015 Hungarian drama film directed by László Nemes,2016-03-10T00:00:00Z,107.0
movies_9371,Q19817055,The Measure of a Man,2015 film directed by Stéphane Brizé,2016-02-25T00:00:00Z,93.0
movies_9372,Q19819924,In the Shadow of Women,2015 film by Philippe Garrel,2016-01-28T00:00:00Z,73.0
movies_9373,Q19824594,Caprice,2015 film by Emmanuel Mouret,2016-03-03T00:00:00Z,100.0
movies_9374,Q19824626,Der grosse Sommer,2016 film by Stefan Jäger,2016-01-01T00:00:00Z,100.0
movies_9375,Q19824642,Embrace of the Serpent,2015 film directed by Ciro Guerra,2016-04-21T00:00:00Z,125.0
movies_9376,Q19824702,The High Sun,2015 film by Dalibor Matanić,2016-06-30T00:00:00Z,123.0
movies_9377,Q19824736,Junooniyat,2016 film by Vivek Agnihotri,2016-01-01T00:00:00Z,
movies_9378,Q19824742,Kapoor & Sons,2016 film by Shakun Batra,2016-01-01T00:00:00Z,132.0
movies_9379,Q19824750,Summertime,2015 film by Catherine Corsini,2016-05-05T00:00:00Z,106.0
movies_9380,Q19824795,Musafir,2016 film by Ashiqur Rahman,2016-01-01T00:00:00Z,148.0
movies_9381,Q19829521,The Fate of the Furious,2017 film directed by F. Gary Gray,2017-04-14T00:00:00Z,136.0
movies_9382,Q19833751,Raees,2017 film directed by Rahul Dholakia,2017-02-02T00:00:00Z,143.0
movies_9383,Q19866947,Rings,2017 film directed by Francisco Javier Gutiérrez,2017-02-02T00:00:00Z,102.0
movies_9384,Q19867188,Same Kind of Different as Me,2017 film by Michael Carney,2017-10-20T00:00:00Z,
movies_9385,Q19868132,Stephanie,2017 film directed by Akiva Goldsman,2017-01-01T00:00:00Z,89.0
movies_9386,Q19881278,The Book of Love,2016 film directed by Bill Purple,2017-01-13T00:00:00Z,102.0
movies_9387,Q19881294,The Layover,2017 film directed by William H. Macy,2017-09-01T00:00:00Z,88.0
movies_9388,Q19891069,Half Girlfriend,2017 film by Mohit Suri,2017-05-19T00:00:00Z,
movies_9389,Q19897965,Renegades,2017 film directed by Steven Quale,2017-04-06T00:00:00Z,105.0
movies_9390,Q19938437,War for the Planet of the Apes,2017 film directed by Matt Reeves,2017-01-01T00:00:00Z,140.0
movies_9391,Q19946102,Beauty and the Beast,2017 film directed by Bill Condon,2017-03-16T00:00:00Z,129.0
movies_9392,Q19952096,Les Châteaux de sable,2015 film by Olivier Jahan,2017-04-27T00:00:00Z,
movies_9393,Q19954477,Grain,2017 film by Semih Kaplanoğlu,2017-11-24T00:00:00Z,128.0
movies_9394,Q19961444,Kung Fu Yoga,2016 film by Stanley Tong,2017-01-26T00:00:00Z,140.0
movies_9395,Q19969063,Santiago Apóstol,2016 film by Alan Coton,2017-01-01T00:00:00Z,95.0
movies_9396,Q20001199,Guardians of the Galaxy Vol. 2,2017 film directed by James Gunn,2017-05-05T00:00:00Z,136.0
movies_9397,Q20002648,Trespass Against Us,2015 film by Adam Smith,2017-01-20T00:00:00Z,99.0
movies_9398,Q20022668,Table 19,2017 film by Jeffrey Blitz,2017-03-03T00:00:00Z,87.0
movies_9399,Q20022669,The Belko Experiment,2016 film by Greg McLean,2017-03-17T00:00:00Z,89.0
movies_9400,Q20026854,Leatherface,2017 film directed by Julien Maury and Alexandre Bustillo,2017-10-20T00:00:00Z,110.0
movies_9401,Q20031748,The Founder,2016 US film by John Lee Hancock,2017-01-20T00:00:00Z,115.0
movies_9402,Q20067635,Legends of Charmswood,film directed by Viktor Andrienko,2019-01-01T00:00:00Z,110.0
movies_9403,Q20076102,Let's dance!,2018 film,2019-01-01T00:00:00Z,95.0
movies_9404,Q20109545,Absolute Rest,2015 film by Abdolreza Kahani,2018-05-30T00:00:00Z,75.0
movies_9405,Q20110005,Chaaghi,film directed by Rama Qavidel,2019-08-28T00:00:00Z,93.0
movies_9406,Q20201985,Baadshaho,2017 film by Milan Luthria,2017-05-12T00:00:00Z,136.0
movies_9407,Q20202215,Antboy: Revenge of the Red Fury,2014 Danish film by Ask Hasselbalch,2017-06-29T00:00:00Z,90.0
movies_9408,Q20430699,Alien: Covenant,2017 film by Ridley Scott,2017-05-12T00:00:00Z,122.0
movies_9409,Q20434870,Enclave,2015 film by Goran Radovanović,2017-02-16T00:00:00Z,
movies_9410,Q20444294,Lucid Dream,2017 South Korean film,2017-01-01T00:00:00Z,101.0
movies_9411,Q20501835,Justice League,2017 film directed by Zack Snyder,2017-11-15T00:00:00Z,120.0
movies_9412,Q20502242,Wonder Woman,2017 film directed by Patty Jenkins,2017-06-01T00:00:00Z,141.0
movies_9413,Q20649138,Rubaai,2017 Tamil film directed by M. Anbazhagan,2017-01-01T00:00:00Z,
movies_9414,Q20649262,Sleepless,2017 film by Baran bo Odar,2017-01-13T00:00:00Z,95.0
movies_9415,Q20649561,Rangoon,2016 film by Vishal Bhardwaj,2017-02-24T00:00:00Z,170.0
movies_9416,Q20649766,Indignation,2016 film by James Schamus,2017-02-16T00:00:00Z,110.0
movies_9417,Q20649898,The Shack,2017 film directed by Stuart Hazeldine,2017-03-03T00:00:00Z,132.0
movies_9418,Q20649932,The Seagull,2018 film directed by Michael Mayer,2018-05-11T00:00:00Z,98.0
movies_9419,Q20650014,Once Upon a Time in Venice,2017 film by Mark Cullen,2017-01-01T00:00:00Z,98.0
movies_9420,Q20650048,Wilson,2017 film by Craig Johnson,2017-03-03T00:00:00Z,101.0
movies_9421,Q20650065,Never Here,2017 film by Camille Thoman,2017-01-01T00:00:00Z,
movies_9422,Q20653248,The Model,2016 film directed by Mads Matthiesen,2017-08-11T00:00:00Z,90.0
movies_9423,Q20666646,Halloween,2018 film by David Gordon Green,2018-10-19T00:00:00Z,105.0
movies_9424,Q20684082,Tempting Fate,2015 Nigerian film directed by Kevin Nwankwor,2017-02-05T00:00:00Z,115.0
movies_9425,Q20708474,Brain on Fire,2016 film by Gerard Barrett,2017-05-25T00:00:00Z,88.0
movies_9426,Q20711555,The Sound,2017 film directed by Jenna Mattison,2017-09-29T00:00:00Z,92.0
movies_9427,Q20713364,Stratton,2017 film directed by Simon West,2017-01-01T00:00:00Z,95.0
movies_9428,Q20713461,This Beautiful Fantastic,2016 film by Simon Aboud,2017-06-15T00:00:00Z,92.0
movies_9429,Q20716882,Shot Caller,2017 film directed by Ric Roman Waugh,2017-07-13T00:00:00Z,121.0
movies_9430,Q20720837,The Tiger Hunter,2016 film,2017-09-22T00:00:00Z,94.0
movies_9431,Q20723063,A Bag of Marbles,2017 film by Christian Duguay,2017-01-01T00:00:00Z,110.0
movies_9432,Q20735764,The Mercy,2017 film by James Marsh,2018-03-22T00:00:00Z,102.0
movies_9433,Q20735767,Voice from the Stone,2017 film by Eric D. Howell,2017-04-28T00:00:00Z,94.0
movies_9434,Q20737040,Off the Map,2016 Finnish film directed by Tiina Lymi,2017-03-23T00:00:00Z,99.0
movies_9435,Q20751319,The Escort,2015 film by Will Slocombe,2019-06-28T00:00:00Z,
movies_9436,Q20751322,Frenzy,2015 film,2017-09-07T00:00:00Z,119.0
movies_9437,Q20755772,Born to Be Blue,2015 film by Robert Budreau,2017-06-08T00:00:00Z,97.0
movies_9438,Q20762668,Dangal,2016 film directed by Nitesh Tiwari,2017-03-24T00:00:00Z,161.0
movies_9439,Q20762674,Going in Style,2017 film by Zach Braff,2017-04-06T00:00:00Z,96.0
movies_9440,Q20762680,Jumanji: Welcome to the Jungle,2017 film directed by Jake Kasdan,2017-12-20T00:00:00Z,119.0
movies_9441,Q20770561,3 Generations,2015 film by Gaby Dellal,2017-07-07T00:00:00Z,87.0
movies_9442,Q20804377,God Willing,2015 film directed by Edoardo Falcone,2018-07-05T00:00:00Z,87.0
movies_9443,Q20814480,Closet Monster,2015 film by Stephen Dunn,2017-12-13T00:00:00Z,90.0
movies_9444,Q20814623,The Lost City of Z,2016 film directed by James Gray,2017-02-14T00:00:00Z,141.0
movies_9445,Q20814835,All Nighter,2017 film directed by Gavin Wiesen,2017-03-17T00:00:00Z,86.0
movies_9446,Q20814900,What Happened to Monday,2017 film directed by Tommy Wirkol,2017-01-01T00:00:00Z,123.0
movies_9447,Q20856862,Chevalier,2015 film by Athina Rachel Tsangari,2017-09-01T00:00:00Z,104.0
movies_9448,Q20875660,Hot Summer Nights,2017 film directed by Elijah Bynum,2017-03-13T00:00:00Z,120.0
movies_9449,Q20876427,Waar 2,2017 film directed by Hassan Waqas Rana,2017-01-01T00:00:00Z,
movies_9450,Q20898640,Boyka: Undisputed,2017 film directed by Todor Chapkanov and Isaac Florentine,2017-01-01T00:00:00Z,86.0
movies_9451,Q20899737,Shin Godzilla,2016 film by Hideaki Anno,2017-05-04T00:00:00Z,118.0
movies_9452,Q20899743,A Woman's Life,2016 film by Stéphane Brizé,2018-05-24T00:00:00Z,119.0
movies_9453,Q20900119,Hason Raja,2017 film by Ruhul Amin,2017-03-31T00:00:00Z,
movies_9454,Q20921603,Queen of Katwe,2016 film directed by Mira Nair,2017-04-20T00:00:00Z,124.0
movies_9455,Q20926273,Valérian and the City of a Thousand Planets,2017 film directed by Luc Besson,2017-07-20T00:00:00Z,137.0
movies_9456,Q20948236,Train to Busan,2016 film by Yeon Sang-ho,2017-07-21T00:00:00Z,118.0
movies_9457,Q20949834,The Con Is On,2017 film by James Oakley,2017-01-01T00:00:00Z,
movies_9458,Q20949851,Amateur Night,2016 film directed by Lisa Addario and Joe Syracuse,2017-02-20T00:00:00Z,92.0
movies_9459,Q20950012,Unforgettable,2017 film directed by Denise Di Novi,2017-04-13T00:00:00Z,100.0
movies_9460,Q20950016,Viceroy's House,2017 film directed by Gurinder Chadha,2017-08-10T00:00:00Z,106.0
movies_9461,Q20950020,The Wizard of Lies,2017 film by Barry Levinson,2017-01-01T00:00:00Z,133.0
movies_9462,Q2095178,The Man Who Killed Don Quixote,2018 film by Terry Gilliam,2018-01-01T00:00:00Z,132.0
movies_9463,Q20962229,Road to La Paz,2015 film by Francisco Varone,2018-06-07T00:00:00Z,89.0
movies_9464,Q20962283,Passengers,2016 film by Morten Tyldum,2017-01-05T00:00:00Z,116.0
movies_9465,Q20962294,The Promise,2016 film directed by Terry George,2017-08-17T00:00:00Z,132.0
movies_9466,Q20962696,Keeper,2015 film by Guillaume Senez,2017-05-11T00:00:00Z,90.0
movies_9467,Q20968495,Viking,2016 film by Andrei Kravchuk,2017-01-06T00:00:00Z,133.0
movies_9468,Q20970348,Don't Be Bad,2015 film directed by Claudio Caligari,2017-04-06T00:00:00Z,100.0
movies_9469,Q20971320,À fond,2016 film by Nicolas Benamou,2017-01-05T00:00:00Z,96.0
movies_9470,Q20971361,Nocturama,2016 film by Bertrand Bonello,2017-03-16T00:00:00Z,130.0
movies_9471,Q20977110,Star Wars: Episode IX – The Rise of Skywalker,2019 film directed by J.J. Abrams,2019-12-18T00:00:00Z,142.0
movies_9472,Q20982231,Jill and Joy's Winter,2015 Finnish film directed by Saara Cantell,2017-06-01T00:00:00Z,82.0
movies_9473,Q21001674,Baahubali 2: The Conclusion,2017 film by S. S. Rajamouli,2017-04-27T00:00:00Z,167.0
movies_9474,Q21007575,Awake: The Life of Yogananda,Documentary about Paramahansa Yogananda.,2020-01-25T00:00:00Z,87.0
movies_9475,Q21007639,The African Doctor,2016 film by Julien Rambaldi,2017-04-20T00:00:00Z,96.0
movies_9476,Q21009141,The Roommates Party,2015 film by Alexandra Leclère,2017-02-09T00:00:00Z,106.0
movies_9477,Q21009215,From the Land of the Moon,2016 film directed by Nicole Garcia,2017-03-02T00:00:00Z,120.0
movies_9478,Q21009548,The Stopover,2016 film by Delphine Coulin,2017-11-09T00:00:00Z,102.0
movies_9479,Q21010845,20th Century Women,2016 film by Mike Mills,2017-05-18T00:00:00Z,118.0
movies_9480,Q21010849,The Circle,2017 film directed by James Ponsoldt,2017-01-01T00:00:00Z,110.0
movies_9481,Q21010856,Hacksaw Ridge,2016 film directed by Mel Gibson,2017-01-26T00:00:00Z,131.0
movies_9482,Q21010879,The House,2017 film directed by Andrew J. Cohen,2017-01-01T00:00:00Z,88.0
movies_9483,Q21010881,The Sense of an Ending,2017 film by Ritesh Batra,2017-01-02T00:00:00Z,108.0
movies_9484,Q21010884,Crown Heights,2017 film by Matt Ruskin,2017-01-01T00:00:00Z,94.0
movies_9485,Q21010887,Youth in Oregon,2016 film by Joel David Moore,2017-02-03T00:00:00Z,105.0
movies_9486,Q21055210,Planetarium,2016 film by Rebecca Zlotowski,2017-07-14T00:00:00Z,106.0
movies_9487,Q21057656,The Princess and the Matchmaker,2018 South Korean film by Hong Chang-pyo,2017-01-01T00:00:00Z,
movies_9488,Q21059942,Soldado Argentino solo conocido por Dios,2017 film,2017-04-06T00:00:00Z,102.0
movies_9489,Q21060779,Bluebeard,2017 film from South Korea,2017-03-01T00:00:00Z,117.0
movies_9490,Q21076281,Desierto,2015 film by Jonás Cuarón,2017-04-20T00:00:00Z,94.0
movies_9491,Q21095433,2.0,2018 Tamil film directed by S. Shankar,2018-01-01T00:00:00Z,147.0
movies_9492,Q21095435,Babumoshai Bandookbaaz,2017 film by Kushan Nandy,2017-08-25T00:00:00Z,
movies_9493,Q21095437,Deuces,2017 film directed by Jamal Hill,2017-08-16T00:00:00Z,
movies_9494,Q21098696,The Book of Henry,2017 film by Colin Trevorrow,2017-09-21T00:00:00Z,105.0
movies_9495,Q21152160,Operation Mekong,2016 film by Dante Lam,2017-01-12T00:00:00Z,124.0
movies_9496,Q21187930,Suburra,2015 film by Stefano Sollima,2017-01-26T00:00:00Z,135.0
movies_9497,Q21203766,Kong: Skull Island,2017 film directed by Jordan Vogt-Roberts,2017-03-09T00:00:00Z,118.0
movies_9498,Q21293827,Live by Night,2016 film directed by Ben Affleck,2017-01-26T00:00:00Z,129.0
movies_9499,Q21405644,Marjorie Prime,2017 film directed by Michael Almereyda,2017-01-23T00:00:00Z,98.0
movies_9500,Q21427302,Five,2016 film by Igor Gotesman,2019-09-22T00:00:00Z,102.0
movies_9501,Q21427355,Raw,2016 film by Julia Ducournau,2017-03-10T00:00:00Z,99.0
movies_9502,Q21428148,Tanna,2015 film directed by Bentley Dean and Martin Butler,2017-03-30T00:00:00Z,100.0
movies_9503,Q21450446,Carry on Jatta 2,2018 film directed by Smeep Kang,2018-01-01T00:00:00Z,149.0
movies_9504,Q21450478,The Space Between Us,2017 film directed by Peter Chelsom,2017-02-09T00:00:00Z,121.0
movies_9505,Q21450514,Journey to the West: The Demons Strike Back,2017 film by Tsui Hark,2017-01-28T00:00:00Z,109.0
movies_9506,Q21451640,John Wick: Chapter 2,2017 film directed by Chad Stahelski,2017-02-10T00:00:00Z,122.0
movies_9507,Q21463782,War Machine,2017 film directed by David Michôd,2017-05-26T00:00:00Z,122.0
movies_9508,Q21500755,Blade Runner 2049,2017 film directed by Denis Villeneuve,2017-10-04T00:00:00Z,164.0
movies_9509,Q21511492,Amor,2016 film directed by Raphael Rebibo,2017-10-19T00:00:00Z,90.0
movies_9510,Q21511509,Annabelle: Creation,2017 film directed by David F. Sandberg,2017-01-01T00:00:00Z,109.0
movies_9511,Q21523694,Kutuk,2019 film by Rudi Aryanto,2019-07-25T00:00:00Z,82.0
movies_9512,Q21527464,Another Mother's Son,2017 film directed by Christopher Menaul,2017-03-16T00:00:00Z,98.0
movies_9513,Q21527480,Father Figures,2017 film by Lawrence Sher,2017-01-01T00:00:00Z,113.0
movies_9514,Q21527490,Birth of the Dragon,2016 film directed by George Nolfi,2017-09-08T00:00:00Z,89.0
movies_9515,Q21527547,CHiPs,2017 film by Dax Shepard,2017-01-01T00:00:00Z,101.0
movies_9516,Q21527562,Colossal,2016 film directed by Nacho Vigalondo,2017-04-14T00:00:00Z,110.0
movies_9517,Q21527601,Denial,2016 film by Mick Jackson,2017-04-13T00:00:00Z,110.0
movies_9518,Q21527614,A Dog's Purpose,2017 film by Lasse Hallström,2017-01-26T00:00:00Z,100.0
movies_9519,Q21527653,Fist Fight,2017 film by Richie Keen,2017-02-16T00:00:00Z,91.0
movies_9520,Q21527677,Gifted,2017 film by Marc Webb,2017-07-13T00:00:00Z,101.0
movies_9521,Q21527744,House by the Lake,2017 film directed by Adam Gierasch,2017-01-01T00:00:00Z,77.0
movies_9522,Q21527812,The Limehouse Golem,2016 film directed by Juan Carlos Medina,2017-08-31T00:00:00Z,109.0
movies_9523,Q21527818,Certain Women,2016 film directed by Kelly Reichardt,2017-02-22T00:00:00Z,107.0
movies_9524,Q21527828,Loving,2016 film directed by Jeff Nichols,2017-06-15T00:00:00Z,123.0
movies_9525,Q21527861,Megan Leavey,2017 film directed by Gabriela Cowperthwaite,2017-06-09T00:00:00Z,
movies_9526,Q21527866,Midnight Sun,2018 film directed by Scott Speer,2018-03-22T00:00:00Z,91.0
movies_9527,Q21527875,Moonlight,2016 film directed by Barry Jenkins,2017-02-09T00:00:00Z,111.0
movies_9528,Q21528016,Sand Castle,2017 film directed by Fernando Coimbra,2017-04-21T00:00:00Z,113.0
movies_9529,Q21528089,Super Troopers 2,2018 film by Jay Chandrasekhar,2018-04-20T00:00:00Z,100.0
movies_9530,Q21528105,The Babysitter,2017 film directed by McG,2017-01-01T00:00:00Z,85.0
movies_9531,Q21528109,The Bye Bye Man,2017 film directed by Stacy Title,2017-01-13T00:00:00Z,96.0
movies_9532,Q21528112,Atomic Blonde,2017 film by David Leitch,2017-07-27T00:00:00Z,115.0
movies_9533,Q21528122,A Family Man,2016 film directed by Mark Williams,2017-05-18T00:00:00Z,108.0
movies_9534,Q21528127,The Last Word,2016 film by Mark Pellington,2017-03-03T00:00:00Z,108.0
movies_9535,Q21528140,The Scent of Rain and Lightning,2010 film directed by Blake Robbins,2017-03-25T00:00:00Z,
movies_9536,Q21528153,Their Finest,2016 film by Lone Scherfig,2017-04-07T00:00:00Z,117.0
movies_9537,Q21528185,Dark Crimes,2016 film by Alexandros Avranas,2018-05-18T00:00:00Z,92.0
movies_9538,Q21528186,True to the Game,2017 film directed by Preston A. Whitmore II,2017-01-01T00:00:00Z,108.0
movies_9539,Q21528200,A United Kingdom,2016 film by Amma Asante,2017-03-09T00:00:00Z,111.0
movies_9540,Q21528262,The Zookeeper's Wife,2017 film directed by Niki Caro,2017-03-30T00:00:00Z,127.0
movies_9541,Q21539923,Manifesto,2015 film by Julian Rosefeldt,2017-08-11T00:00:00Z,95.0
movies_9542,Q21577091,Memoir of a Murderer,2017 film directed by Won Shin-yun,2017-09-06T00:00:00Z,118.0
movies_9543,Q21581258,Motherless Brooklyn,2019 film by Edward Norton,2019-01-01T00:00:00Z,144.0
movies_9544,Q21592501,How to Talk to Girls at Parties,2018 film directed by John Cameron Mitchell,2018-05-11T00:00:00Z,102.0
movies_9545,Q21598571,A Prominent Patient,2016 film by Julius Sevcík,2017-02-17T00:00:00Z,114.0
movies_9546,Q21637453,First Time,2017 space history film by Dmitriy Kiselev,2017-04-06T00:00:00Z,140.0
movies_9547,Q21646247,Class Rank,2017 film directed by Eric Stoltz,2017-04-21T00:00:00Z,108.0
movies_9548,Q21646335,Don't Kill It,2016 film directed by Mike Mendez,2017-03-03T00:00:00Z,83.0
movies_9549,Q21646414,Freak Show,2017 film directed by Trudie Styler,2017-02-13T00:00:00Z,91.0
movies_9550,Q21646562,Joyful Journeys,2018 film directed by Udayakantha Warnasuriya,2018-03-16T00:00:00Z,
movies_9551,Q21646605,K.G.F: Chapter 1,2018 Indian Kannada film by Prashanth Neel,2018-01-01T00:00:00Z,156.0
movies_9552,Q21647114,The Dark Tower,2017 film directed by Nikolaj Arcel,2017-08-03T00:00:00Z,95.0
movies_9553,Q21647212,"Tom, Dick, and Harry 2",2020 film by Deepak Tijori,2017-01-01T00:00:00Z,
movies_9554,Q21647239,Ulkuthu,2017 Tamil film directed by Caarthick Raju,2017-03-01T00:00:00Z,
movies_9555,Q21647283,Bairavaa,2017 Tamil film directed by Yves Wonder,2017-01-12T00:00:00Z,169.0
movies_9556,Q21647291,Wakefield,2016 film directed by Robin Swicord,2017-05-19T00:00:00Z,106.0
movies_9557,Q21648810,Power Rangers,2017 film directed by Dean Israelite,2017-03-23T00:00:00Z,124.0
movies_9558,Q21685110,Lost in Paris,2016 film by Dominique Abel & Fiona Gordon,2017-03-30T00:00:00Z,
movies_9559,Q21685585,The Quartette,2017 film by Miroslav Krobot,2017-01-01T00:00:00Z,89.0
movies_9560,Q21695858,Timm Thaler,2017 film directed by Andreas Dresen,2017-02-02T00:00:00Z,102.0
movies_9561,Q21695930,Vampire Sisters 3: Journey to Transylvania,2016 film by Tim Trachte,2019-11-01T00:00:00Z,95.0
movies_9562,Q21711225,Welcome to Norway,2016 film by Rune Denstad Langlo,2017-01-26T00:00:00Z,90.0
movies_9563,Q21780595,Sila Samayangalil,2017 Tamil film directed by Priyadarshan,2017-01-01T00:00:00Z,
movies_9564,Q21822504,Billionaire Boys Club,2018 film directed by James Cox,2018-01-01T00:00:00Z,100.0
movies_9565,Q21872268,A Street Cat Named Bob,2016 film by Roger Spottiswoode,2017-01-12T00:00:00Z,96.0
movies_9566,Q21877685,Jurassic World: Fallen Kingdom,2018 5th Jurassic Park film directed by Juan Antonio Bayona,2018-06-06T00:00:00Z,128.0
movies_9567,Q21925075,The Edge of Seventeen,2016 film directed by Kelly Fremon Craig,2017-03-02T00:00:00Z,102.0
movies_9568,Q21935651,Dunkirk,2017 film by Christopher Nolan,2017-07-13T00:00:00Z,106.0
movies_9569,Q21979756,Tschiller: Off Duty,2016 film by Christian Alvart,2018-07-08T00:00:00Z,140.0
movies_9570,Q21980599,Aftermath,2017 film directed by Elliott Lester,2017-01-01T00:00:00Z,93.0
movies_9571,Q21998190,Dhaka Attack,2017 film directed by Dipankar Dipon,2017-10-06T00:00:00Z,
movies_9572,Q21998208,Junction 48,2016 film by Udi Aloni,2017-01-19T00:00:00Z,95.0
movies_9573,Q21998248,Peranbu,2017 Tamil film directed by Ram,2017-07-21T00:00:00Z,
movies_9574,Q22000108,The Book of Gabrielle,2015 film by Lisa Gornick,2017-03-09T00:00:00Z,80.0
movies_9575,Q22000321,Happy End,2017 film directed by Michael Haneke,2017-01-01T00:00:00Z,107.0
movies_9576,Q22000370,Looking for Her,2015 French film directed by Ounie Lecomte,2017-06-15T00:00:00Z,100.0
movies_9577,Q22000542,Ready Player One,2018 film directed by Steven Spielberg,2018-03-11T00:00:00Z,140.0
movies_9578,Q22000551,Heal the Living,2016 film by Katell Quillévéré,2017-04-20T00:00:00Z,103.0
movies_9579,Q22001133,The Favourite,2018 film directed by Yorgos Lanthimos,2018-08-30T00:00:00Z,120.0
movies_9580,Q22001189,Worlds Apart,2015 Greek film by Christoforos Papakaliatis,2017-02-23T00:00:00Z,113.0
movies_9581,Q22046636,Four Against the Bank,2016 film by Wolfgang Petersen,2017-08-11T00:00:00Z,96.0
movies_9582,Q22046828,Let It Snow,2019 film directed by Luke Snellin,2019-11-08T00:00:00Z,92.0
movies_9583,Q22074954,Buena Vista Social Club: Adios,2017 film by Lucy Walker,2017-05-26T00:00:00Z,110.0
movies_9584,Q22075017,Downsizing,2017 film directed by Alexander Payne,2017-01-01T00:00:00Z,140.0
movies_9585,Q22075020,xXx Return of Xander Cage,2017 film directed by D. J. Caruso,2017-01-19T00:00:00Z,107.0
movies_9586,Q22077183,Death Note,2017 film directed by Adam Wingard,2017-01-01T00:00:00Z,101.0
movies_9587,Q22078002,The Disaster Artist,2017 film directed by James Franco,2017-01-01T00:00:00Z,105.0
movies_9588,Q22078004,Dude,2018 film by Olivia Milch,2018-01-01T00:00:00Z,97.0
movies_9589,Q22078020,Girlfriend's Day,2017 film by Michael Stephenson,2017-02-14T00:00:00Z,70.0
movies_9590,Q22078046,The Keeping Hours,2017 film directed by Karen Moncrieff,2017-06-15T00:00:00Z,
movies_9591,Q22078078,Marshall,2017 film directed by Reginald Hudlin,2017-10-13T00:00:00Z,118.0
movies_9592,Q22079336,All Eyez on Me,2017 film directed by Benny Boom,2017-06-15T00:00:00Z,137.0
movies_9593,Q22079346,Where Is Kyra?,2017 film by Andrew Dosunmu,2017-01-23T00:00:00Z,98.0
movies_9594,Q22087543,United States of Love,2016 film by Tomasz Wasilewski,2017-01-12T00:00:00Z,104.0
movies_9595,Q22092289,A Dragon Arrives!,2016 film by Mani Haghighi,2017-01-05T00:00:00Z,105.0
movies_9596,Q22098970,Ten Years,2015 Hong Kong film,2017-07-22T00:00:00Z,104.0
movies_9597,Q22099865,Falling In Love,2017 Taiwanese film,2017-01-01T00:00:00Z,
movies_9598,Q22100117,Pitch Perfect 3,2017 film by Trish Sie,2017-12-21T00:00:00Z,93.0
movies_9599,Q22131897,Here We Are,2017 film by David Bellarosa,2017-01-01T00:00:00Z,108.0
movies_9600,Q22131936,The History of Love,2016 film by Radu Mihăileanu,2017-02-23T00:00:00Z,134.0
movies_9601,Q22131937,Headlock,2019 film directed by Mark Polish,2019-01-01T00:00:00Z,
movies_9602,Q22162406,Parasol,2015 film by Valéry Rosier,2017-08-24T00:00:00Z,88.0
movies_9603,Q22192593,Polina,2019 film directed by Olias Barco,2019-01-01T00:00:00Z,94.0
movies_9604,Q22192695,The Stronghold,2016 Ukrainian fantasy film,2017-10-12T00:00:00Z,111.0
movies_9605,Q22236109,Hunt for the Wilderpeople,2016 film by Taika Waititi,2017-05-11T00:00:00Z,101.0
movies_9606,Q22251894,Barakah Yoqabil Barakah,2016 film directed by Mahmoud Sabbagh,2017-03-09T00:00:00Z,88.0
movies_9607,Q22251923,Love Beats Rhymes,2017 film directed by RZA,2017-04-01T00:00:00Z,106.0
movies_9608,Q22251990,Little Men,2016 film by Ira Sachs,2017-03-02T00:00:00Z,85.0
movies_9609,Q22252048,The Foreigner,2017 film directed by Martin Campbell,2017-01-01T00:00:00Z,113.0
movies_9610,Q22317562,Overdrive,2017 film directed by Antonio Negret,2017-06-29T00:00:00Z,94.0
movies_9611,Q22340123,Like Crazy,2016 film by Paolo Virzì,2017-01-19T00:00:00Z,118.0
movies_9612,Q22344480,The Salesman,2016 Iranian film by Asghar Farhadi,2017-02-02T00:00:00Z,123.0
movies_9613,Q22350702,Aardvark,2017 film by Brian Shoaf,2017-04-01T00:00:00Z,89.0
movies_9614,Q22350712,Before I Fall,2017 film directed by Ry Russo-Young,2017-04-07T00:00:00Z,99.0
movies_9615,Q22350718,Blood Brother,2017 film directed by John Pogue,2017-01-01T00:00:00Z,
movies_9616,Q22350719,Bushwick,2017 film by Jonathan Milott and Cary Murnion,2017-01-21T00:00:00Z,93.0
movies_9617,Q22350723,Catfight,2016 film by Onur Tukel,2017-03-03T00:00:00Z,96.0
movies_9618,Q22350752,Good Time,2017 film directed by Benny Safdie and Joshua Safdie,2017-05-01T00:00:00Z,99.0
movies_9619,Q22350758,Person to Person,2017 film directed by Dustin Guy Defa,2017-01-20T00:00:00Z,84.0
movies_9620,Q22350767,Jackie,2016 film directed by Pablo Larraín,2017-01-26T00:00:00Z,99.0
movies_9621,Q22350785,Miss Sloane,2016 film by John Madden,2017-07-06T00:00:00Z,132.0
movies_9622,Q22350825,The Snowman,2017 film directed by Tomas Alfredson,2017-10-12T00:00:00Z,119.0
movies_9623,Q22350839,The Dinner,2017 film by Oren Moverman,2017-06-08T00:00:00Z,120.0
movies_9624,Q22350848,This Is Your Death,2017 film by Giancarlo Esposito,2017-03-11T00:00:00Z,
movies_9625,Q22350860,The Wilde Wedding,2017 film directed by Damian Harris,2017-09-05T00:00:00Z,95.0
movies_9626,Q22575835,Ghost in the Shell,2017 film directed by Rupert Sanders,2017-03-30T00:00:00Z,107.0
movies_9627,Q22662385,Fifty Shades Darker,2017 film by James Foley,2017-01-01T00:00:00Z,118.0
movies_9628,Q22666213,Night of 7 Years,2018 film by Choo Chang-min,2018-03-28T00:00:00Z,123.0
movies_9629,Q22712210,Fifty Shades Freed,2018 film directed by James Foley,2018-02-08T00:00:00Z,105.0
movies_9630,Q22931120,Zama,2016 film by Lucrecia Martel,2018-07-11T00:00:00Z,114.0
movies_9631,Q22947464,Ashes in the Snow,2018 film directed by Marius Markevicius,2018-01-01T00:00:00Z,98.0
movies_9632,Q22957393,Ant-Man and the Wasp,2018 film directed by Peyton Reed,2018-07-04T00:00:00Z,118.0
movies_9633,Q22980306,Mellow Mud,2016 Latvian film,2018-12-13T00:00:00Z,106.0
movies_9634,Q22998395,Aquaman,2018 film directed by James Wan,2018-11-26T00:00:00Z,143.0
movies_9635,Q23006268,Venom,2018 American film directed by Ruben Fleischer,2018-10-04T00:00:00Z,112.0
movies_9636,Q23055934,Trolls World,2019 film directed by Eric Dean Hordes,2019-01-01T00:00:00Z,95.0
movies_9637,Q23068002,Maze Runner: The Death Cure,2018 film directed by Wes Ball,2018-01-12T00:00:00Z,143.0
movies_9638,Q23707685,Braven,2018 film by Lin Oeding,2018-02-02T00:00:00Z,
movies_9639,Q23767815,The Outsider,2018 film by Martin Zandvliet,2018-03-09T00:00:00Z,120.0
movies_9640,Q23780734,Black Panther,2018 film directed by Ryan Coogler,2018-02-14T00:00:00Z,134.0
movies_9641,Q23780914,Avengers: Infinity War,2018 film by Anthony Russo and Joe Russo,2018-04-25T00:00:00Z,149.0
movies_9642,Q23781129,Captain Marvel,2019 film directed by Anna Boden and Ryan Fleck,2019-03-06T00:00:00Z,124.0
movies_9643,Q23781155,Avengers: Endgame,2019 film directed by Anthony and Joe Russo,2019-04-22T00:00:00Z,181.0
movies_9644,Q23838204,Enai Noki Paayum Thota,2019 Tamil film directed by Gautham Menon,2019-09-30T00:00:00Z,
movies_9645,Q23899399,Jim Button and Luke the Engine Driver,2018 film by Dennis Gansel,2018-03-29T00:00:00Z,110.0
movies_9646,Q23899862,Hellraiser: Judgment,2018 film by Gary J. Tunnicliffe,2018-01-01T00:00:00Z,81.0
movies_9647,Q23899903,Alpha,2018 film directed by Albert Hughes,2018-08-17T00:00:00Z,96.0
movies_9648,Q23925037,A Futile and Stupid Gesture,2018 film directed by David Wain,2018-01-24T00:00:00Z,101.0
movies_9649,Q23925082,Endless Poetry,2016 film by Alejandro Jodorowsky,2018-07-19T00:00:00Z,128.0
movies_9650,Q24053265,Alita: Battle Angel,2019 film directed by Robert Rodriguez,2019-02-06T00:00:00Z,122.0
movies_9651,Q24272881,Mary Poppins Returns,2018 film directed by Rob Marshall,2018-12-21T00:00:00Z,130.0
movies_9652,Q24284283,Mulan,2020 film directed by Niki Caro,2020-04-17T00:00:00Z,115.0
movies_9653,Q24284798,Dumbo,2019 film directed by Tim Burton,2019-03-27T00:00:00Z,112.0
movies_9654,Q24290097,The Nutcracker and the Four Realms,2018 film directed by Lasse Hallström and Joe Johnston,2018-11-01T00:00:00Z,99.0
movies_9655,Q24301388,A Wrinkle in Time,2018 film directed by Ava DuVernay,2018-03-09T00:00:00Z,109.0
movies_9656,Q24301991,Christopher Robin,2018 film directed by Marc Forster,2018-08-01T00:00:00Z,104.0
movies_9657,Q24308041,Boundaries,2018 film directed by Shana Feste,2018-06-22T00:00:00Z,104.0
movies_9658,Q24342065,Kickboxer: Retaliation,2018 film by Dimitri Logothetis,2018-01-01T00:00:00Z,110.0
movies_9659,Q24576335,Insects,2018 film directed by Jan Švankmajer,2018-01-26T00:00:00Z,98.0
movies_9660,Q24705270,Tony Conrad: Completely in the Present,2016 film by Tyler Hubby,2018-01-11T00:00:00Z,102.0
movies_9661,Q24806790,Backstabbing for Beginners,2018 film directed by Per Fly,2018-01-01T00:00:00Z,90.0
movies_9662,Q24831917,The Monkey King 3,2018 film by Cheang Pou-soi,2018-02-16T00:00:00Z,
movies_9663,Q2485167,Through the Olive Trees,1994 film by Abbas Kiarostami,2019-09-28T00:00:00Z,103.0
movies_9664,Q24904692,Vada Chennai,2018 Tamil film directed by Vetrimaaran,2018-01-01T00:00:00Z,164.0
movies_9665,Q25136228,Annihilation,2018 film directed by Alex Garland,2018-02-23T00:00:00Z,115.0
movies_9666,Q25136546,Above Suspicion,2019 film by Phillip Noyce,2019-01-01T00:00:00Z,104.0
movies_9667,Q25136560,The Cloverfield Paradox,2018 film directed by Julius Onah,2018-02-04T00:00:00Z,102.0
movies_9668,Q25218734,Nonsense,2018 film directed by MC Jithin,2018-01-01T00:00:00Z,
movies_9669,Q25302841,Bhagmati,Indian Telugu movie,2018-01-26T00:00:00Z,142.0
movies_9670,Q25350235,Status Update,2019 film directed by Scott Speer,2018-01-01T00:00:00Z,
movies_9671,Q25397044,Dovlatov,2018 film directed by Aleksei Alekseivich German,2018-02-17T00:00:00Z,126.0
movies_9672,Q25431158,Deadpool 2,2018 film directed by David Leitch,2018-05-15T00:00:00Z,119.0
movies_9673,Q25436496,The Old Miller's Tale,2020 film directed by Oleksandr Ityhilov,2020-01-01T00:00:00Z,93.0
movies_9674,Q25440513,Legends of Carpathians,2018 film by Serg Skobun,2018-01-01T00:00:00Z,92.0
movies_9675,Q25445356,Black Raven,2019 Ukrainian film,2019-01-01T00:00:00Z,110.0
movies_9676,Q25461297,The Predator,2018 film directed by Shane Black,2018-09-13T00:00:00Z,107.0
movies_9677,Q25465386,Dilan 1991,2019 film directed by Pidi Baiq,2019-02-28T00:00:00Z,121.0
movies_9678,Q25627545,Ocean's 8,2018 film by Gary Ross,2018-06-08T00:00:00Z,110.0
movies_9679,Q25999873,The War with Grandpa,2020 film directed by Tim Hill,2020-01-01T00:00:00Z,94.0
movies_9680,Q26158148,The Woman Who Left,2016 film by Lav Diaz,2018-02-04T00:00:00Z,226.0
movies_9681,Q26252641,Bhavesh Joshi Superhero,2018 film by Vikramaditya Motwane,2018-05-25T00:00:00Z,154.0
movies_9682,Q26252685,I Spit on Your Grave: Deja Vu,2018 film directed by Meir Zarchi,2018-01-01T00:00:00Z,148.0
movies_9683,Q26252694,Shed of the Dead,2019 film directed by Drew Cullingham,2019-01-01T00:00:00Z,82.0
movies_9684,Q26262168,Goitaca,2020 film by Rodrigo Rodrigues,2020-03-13T00:00:00Z,
movies_9685,Q26683395,Born in China,2017 film by Lu Chuan,2018-01-18T00:00:00Z,
movies_9686,Q26698156,The Shape of Water,2017 film by Guillermo del Toro,2018-01-18T00:00:00Z,123.0
movies_9687,Q26714982,The Jesus Rolls,2019 film directed by John Turturro,2019-01-01T00:00:00Z,85.0
movies_9688,Q26720624,Jab Harry Met Sejal,2017 film by Imtiaz Ali,2018-05-10T00:00:00Z,143.0
movies_9689,Q26759545,The Pagan King,2017 film by Aigars Grauba,2018-01-01T00:00:00Z,
movies_9690,Q26792839,The Untamed,2016 Mexican film by Amat Escalante,2018-01-11T00:00:00Z,100.0
movies_9691,Q26821644,Egon Schiele: Death and the Maiden,2016 film directed by Dieter Berner,2019-05-02T00:00:00Z,110.0
movies_9692,Q26837753,The Eremites,2016 film directed by Ronny Trocker,2018-01-26T00:00:00Z,100.0
movies_9693,Q26878759,Rara,2016 film directed by Pepa San Martín,2018-05-03T00:00:00Z,90.0
movies_9694,Q26884654,"Water and Sugar: Carlo Di Palma, the Colours of Life",2016 film by Fariborz Kamkari,2019-09-19T00:00:00Z,90.0
movies_9695,Q26963343,J: Beyond Flamenco,2016 film by Carlos Saura,2018-12-06T00:00:00Z,92.0
movies_9696,Q27038847,Solo: A Star Wars Story,2018 film directed by Ron Howard,2018-05-23T00:00:00Z,135.0
movies_9697,Q27049580,Euphoria,2018 Lisa Langseth's film,2018-01-01T00:00:00Z,98.0
movies_9698,Q27049581,Loveless,2017 film by Andrey Zvyagintsev,2018-01-11T00:00:00Z,128.0
movies_9699,Q27188178,Aladdin,2019 film directed by Guy Ritchie,2019-05-22T00:00:00Z,128.0
movies_9700,Q27198272,Legend of Kolovrat,2017 film by Dzhanik Fayziev,2018-02-03T00:00:00Z,117.0
movies_9701,Q27247219,The Dark Wind,2016 Iraqi film directed by Kurdish director Hussein Hassan,2018-04-05T00:00:00Z,92.0
movies_9702,Q27259055,Glory,2016 film by Kristina Grozeva,2018-01-04T00:00:00Z,97.0
movies_9703,Q27450567,Death Wish,2018 film by Eli Roth,2018-03-02T00:00:00Z,107.0
movies_9704,Q27464988,Sky Sharks,2020 film by Marc Fehse,2020-08-27T00:00:00Z,
movies_9705,Q27477640,M. and Mme Adelman,2017 film by Nicolas Bedos,2018-12-20T00:00:00Z,120.0
movies_9706,Q27480769,Lady Bird,2017 film directed by Greta Gerwig,2018-03-01T00:00:00Z,93.0
movies_9707,Q27481442,The Human Comedy,2017 Iranian film,2018-01-17T00:00:00Z,100.0
movies_9708,Q27501903,The Happy Prince,2018 film by Rupert Everett,2018-05-24T00:00:00Z,105.0
movies_9709,Q27536646,Prema Baraha,2018 film directed by Arjun Sarja,2018-02-09T00:00:00Z,
movies_9710,Q27536704,South of 8,2016 film directed by Tony Olmos,2018-01-17T00:00:00Z,91.0
movies_9711,Q27536918,Sami Blood,2016 film by Amanda Kernell,2018-04-05T00:00:00Z,110.0
movies_9712,Q27555348,A Hidden Life,2019 film by Terrence Malick,2019-01-01T00:00:00Z,173.0
movies_9713,Q27566067,The Commuter,2018 film directed by Jaume Collet-Serra,2018-01-08T00:00:00Z,105.0
movies_9714,Q27569540,Pettersson and Findus 2,2016 film by Ali Samadi Ahadi,2018-11-23T00:00:00Z,82.0
movies_9715,Q27590064,Insidious: The Last Key,2018 film by Adam Robitel,2018-01-04T00:00:00Z,103.0
movies_9716,Q27590115,The Leisure Seeker,2017 film directed by Paolo Virzì,2018-01-01T00:00:00Z,112.0
movies_9717,Q27590393,Redcon-1,2018 film,2018-01-01T00:00:00Z,118.0
movies_9718,Q27590689,Racer and the Jailbird,2017 film directed by Michaël R. Roskam,2018-03-22T00:00:00Z,130.0
movies_9719,Q27590871,Paddington 2,2017 film by Paul King,2018-01-04T00:00:00Z,103.0
movies_9720,Q27590909,Monster Hunt 2,2018 Chinese adventure film directed by Raman Hui,2018-01-01T00:00:00Z,
movies_9721,Q27590937,Untogether,2019 film by Emma Forrest,2019-01-01T00:00:00Z,98.0
movies_9722,Q27657013,Crooked House,2017 film directed by Gilles Paquet-Brenner,2018-11-29T00:00:00Z,115.0
movies_9723,Q27671063,Woody Woodpecker,2017 film directed by Alex Zamm,2018-04-01T00:00:00Z,90.0
movies_9724,Q27701437,Thaana Serndha Kootam,2018 Tamil film directed by Vignesh Shivan,2018-01-12T00:00:00Z,
movies_9725,Q27701445,Just Getting Started,2017 film directed by Ron Shelton,2018-01-11T00:00:00Z,91.0
movies_9726,Q27701446,Wujood,2018 film by Javed Sheikh,2018-06-16T00:00:00Z,
movies_9727,Q27701616,Tik Tik Tik,2018 Tamil film directed by Shakti Soundar Rajan,2018-01-01T00:00:00Z,
movies_9728,Q27703144,Wonder Wheel,2017 film directed by Woody Allen,2018-01-11T00:00:00Z,101.0
movies_9729,Q27703147,Goodbye Christopher Robin,2017 film by Simon Curtis,2018-01-11T00:00:00Z,107.0
movies_9730,Q27703156,Brad's Status,2017 film directed by Mike White,2018-03-29T00:00:00Z,101.0
movies_9731,Q27703160,When We First Met,2018 film directed by Ari Sandel,2018-02-09T00:00:00Z,97.0
movies_9732,Q27703165,He's Out There,2018 film directed by Quinn Lasher,2018-09-14T00:00:00Z,89.0
movies_9733,Q27703167,Hotel Mumbai,2019 film directed by Anthony Maras,2018-01-01T00:00:00Z,125.0
movies_9734,Q27703176,You Were Never Really Here,2017 film directed by Lynne Ramsay,2018-03-09T00:00:00Z,85.0
movies_9735,Q27703179,The Legacy of a Whitetail Deer Hunter,2018 film directed by Jody Hill,2018-03-01T00:00:00Z,83.0
movies_9736,Q27703180,Finding Steve McQueen,2019 film directed by Mark Steven Johnson,2019-01-01T00:00:00Z,91.0
movies_9737,Q27703189,Lean on Pete,2017 film by Andrew Haigh,2018-04-06T00:00:00Z,121.0
movies_9738,Q27703192,It Comes at Night,2017 film by Trey Edward Shults,2018-01-18T00:00:00Z,91.0
movies_9739,Q27703197,Woman Walks Ahead,2017 film by Susanna White,2018-06-29T00:00:00Z,101.0
movies_9740,Q27703212,State Like Sleep,2018 film,2018-01-01T00:00:00Z,104.0
movies_9741,Q27703217,6 Balloons,2018 film by Marja-Lewis Ryan,2018-03-01T00:00:00Z,74.0
movies_9742,Q27703232,Under the Silver Lake,2018 film directed by David Robert Mitchell,2018-06-22T00:00:00Z,139.0
movies_9743,Q27703270,Breathe,2017 film directed by Andy Serkis,2018-04-19T00:00:00Z,117.0
movies_9744,Q27703272,I Kill Giants,2017 film directed by Anders Walter,2018-03-23T00:00:00Z,106.0
movies_9745,Q27703274,Final Score,2018 film directed by Scott Mann,2018-09-07T00:00:00Z,104.0
movies_9746,Q27765260,The Current War,2017 film by Alfonso Gomez-Rejon,2019-07-26T00:00:00Z,107.0
movies_9747,Q27778966,Khibula,2016 film by Giorgi Ovashvili,2018-03-29T00:00:00Z,97.0
movies_9748,Q27780063,Future World,2018 film by James Franco,2018-05-25T00:00:00Z,90.0
movies_9749,Q27826501,Pacific Rim: Uprising,2018 film directed by Steven S. DeKnight,2018-03-21T00:00:00Z,111.0
movies_9750,Q27881204,Jesus of Nazareth,2017 film,2019-01-01T00:00:00Z,120.0
movies_9751,Q27888445,Molly's Game,2017 film directed by Aaron Sorkin,2018-01-03T00:00:00Z,140.0
movies_9752,Q27888483,Hunter Killer,2018 film directed by Donovan Marsh,2018-10-25T00:00:00Z,122.0
movies_9753,Q27890238,Kammara Sambhavam,2018 film directed by Rathish Ambat,2018-04-14T00:00:00Z,182.0
movies_9754,Q27894574,Bohemian Rhapsody,2018 film directed by Bryan Singer,2018-10-23T00:00:00Z,134.0
movies_9755,Q27920121,The House That Jack Built,2018 film directed by Lars von Trier,2018-11-29T00:00:00Z,155.0
movies_9756,Q27921157,Sicario: Day of the Soldado,2018 film by Stefano Sollima,2018-01-01T00:00:00Z,122.0
movies_9757,Q27923828,The Miseducation of Cameron Post,2018 film by Desiree Akhavan,2018-01-01T00:00:00Z,90.0
movies_9758,Q27942936,The Greatest Showman,2017 film directed by Michael Gracey,2018-01-04T00:00:00Z,105.0
movies_9759,Q27957869,The Meg,2018 film by Jon Turteltaub,2018-08-09T00:00:00Z,113.0
movies_9760,Q27957904,Anon,2018 film directed by Andrew Niccol,2018-05-10T00:00:00Z,100.0
movies_9761,Q27957924,Mary Magdalene,2018 film directed by Garth Davis,2018-02-26T00:00:00Z,120.0
movies_9762,Q27957927,Tully,2018 film by Jason Reitman,2018-04-20T00:00:00Z,94.0
movies_9763,Q27957931,Hindi Medium,2017 film directed by Saket Chaudhary,2018-04-04T00:00:00Z,132.0
movies_9764,Q27957941,Hostiles,2017 film directed by Scott Cooper,2018-05-31T00:00:00Z,127.0
movies_9765,Q27958106,Terminal,2018 film directed by Vaughn Stein,2018-05-11T00:00:00Z,95.0
movies_9766,Q27958188,My Friend Dahmer,2017 film directed by Marc Meyers,2018-06-01T00:00:00Z,107.0
movies_9767,Q27958213,Beirut,2018 film directed by Brad Anderson,2018-04-11T00:00:00Z,109.0
movies_9768,Q27958320,Life of the Party,2018 film by Ben Falcone,2018-05-10T00:00:00Z,105.0
movies_9769,Q27958378,We Have Always Lived in the Castle,2018 film by Stacie Passon and Mark Kruger,2018-01-01T00:00:00Z,90.0
movies_9770,Q27958381,Baby Bump(s),2017 film by Noémie Saglio,2018-03-08T00:00:00Z,
movies_9771,Q27958394,Wonder,2017 film directed by Stephen Chbosky,2018-01-25T00:00:00Z,113.0
movies_9772,Q27958503,Bleach,2018 film by Shinsuke Sato,2018-07-20T00:00:00Z,108.0
movies_9773,Q27958509,Replicas,2018 film directed by Jeffrey Nachmanoff,2018-01-01T00:00:00Z,107.0
movies_9774,Q27958511,Kee,2018 film,2018-01-01T00:00:00Z,
movies_9775,Q27959221,Damsel,2018 film directed by David Zellner and Nathan Zellner,2018-01-23T00:00:00Z,113.0
movies_9776,Q27959336,On Chesil Beach,2017 film directed by Dominic Cooke,2018-05-18T00:00:00Z,105.0
movies_9777,Q27959455,Roma,2018 film directed by Alfonso Cuarón,2018-08-30T00:00:00Z,135.0
movies_9778,Q27959467,Measure of a Man,2018 film directed by Jim Loach,2018-05-11T00:00:00Z,
movies_9779,Q27959478,Kaathadi,2018 Tamil film directed by Kalyaan,2018-02-23T00:00:00Z,
movies_9780,Q27959538,My Days of Mercy,2017 film by Tali Shalom Ezer,2019-07-11T00:00:00Z,103.0
movies_9781,Q27959627,Ismael's Ghosts,2017 film by Arnaud Desplechin,2018-03-08T00:00:00Z,110.0
movies_9782,Q27959891,Padmaavat,2018 film by Sanjay Leela Bhansali,2018-01-25T00:00:00Z,192.0
movies_9783,Q27961897,Down a Dark Hall,2018 film directed by Rodrigo Cortés,2018-08-01T00:00:00Z,96.0
movies_9784,Q27961908,The Professor and the Madman,2019 film directed by Farhad Safinia,2019-01-01T00:00:00Z,124.0
movies_9785,Q27961939,Shock and Awe,2017 film by Rob Reiner about Knight Ridder reporters questioning justification leading to March 2003 Iraq invasion,2018-07-13T00:00:00Z,90.0
movies_9786,Q27961944,Lucky,2017 film directed by John Carroll Lynch,2018-01-02T00:00:00Z,88.0
movies_9787,Q27962633,Naan Avalai Sandhitha Pothu,film,2019-01-01T00:00:00Z,
movies_9788,Q27962641,Office Uprising,2018 film directed by Lin Oeding,2018-07-19T00:00:00Z,92.0
movies_9789,Q27963213,Kolaiyuthir Kaalam,2018 Tamil film directed by Chakri Toleti,2018-11-02T00:00:00Z,
movies_9790,Q27963222,Finding Your Feet,"2017 British film, directed by Richard Loncraine",2018-03-15T00:00:00Z,111.0
movies_9791,Q27964337,Peter Rabbit,2018 film directed by Will Gluck,2018-02-03T00:00:00Z,90.0
movies_9792,Q27964345,Wildlife,2018 film directed by Paul Dano,2018-10-19T00:00:00Z,104.0
movies_9793,Q27964354,Burning,2018 film by Lee Chang-dong,2018-05-16T00:00:00Z,148.0
movies_9794,Q27964398,The Possession of Hannah Grace,2018 film directed by Diederik Van Rooijen,2018-11-30T00:00:00Z,86.0
movies_9795,Q27964411,The Man Who Invented Christmas,2017 film by Bharat Nalluri,2018-11-22T00:00:00Z,104.0
movies_9796,Q27964433,Burden,2018 film by Andrew Heckler,2018-01-21T00:00:00Z,129.0
movies_9797,Q27964540,Wolf Warrior 2,2017 Chinese action film by Wu Jing,2018-02-22T00:00:00Z,126.0
movies_9798,Q27964596,The Mountain Between Us,2017 film directed by Hany Abu-Assad,2018-01-11T00:00:00Z,103.0
movies_9799,Q27965092,Viy 2: Journey to China,2019 film directed by Oleg Stepchenko,2019-01-01T00:00:00Z,124.0
movies_9800,Q27974672,Toman,2018 film by Ondřej Trojan,2018-01-01T00:00:00Z,78.0
movies_9801,Q27981586,Holmes & Watson,2018 film directed by Etan Cohen,2018-12-25T00:00:00Z,90.0
movies_9802,Q27985123,Papillon,2017 film directed by Michael Noer,2018-07-26T00:00:00Z,133.0
movies_9803,Q27985819,Spider-Man: Far From Home,2019 film directed by Jon Watts,2019-06-28T00:00:00Z,129.0
movies_9804,Q27996429,Aniara,2018 film by Pella Kågerman and Hugo Lilja,2019-02-01T00:00:00Z,106.0
movies_9805,Q27997221,Non c'è più religione,2016 film by Luca Miniero,2018-01-04T00:00:00Z,90.0
movies_9806,Q28050177,Spoor,2017 film directed by Agnieszka Holland,2018-01-04T00:00:00Z,128.0
movies_9807,Q28055172,The Bookshop,2017 film by Isabel Coixet,2018-05-10T00:00:00Z,112.0
movies_9808,Q28101337,5 Weddings,2018 film directed by Namrata Singh Gujral,2018-01-01T00:00:00Z,90.0
movies_9809,Q28101342,Show Dogs,2018 film directed by Raja Gosnell,2018-05-18T00:00:00Z,91.0
movies_9810,Q28101361,Film Stars Don't Die in Liverpool,2017 film directed by Paul McGuigan,2018-04-05T00:00:00Z,105.0
movies_9811,Q28101385,Rememory,2017 film by Mark Palansky,2018-11-08T00:00:00Z,111.0
movies_9812,Q28114658,Jacob's Ladder,2019 film directed by David M. Rosenthal,2019-07-25T00:00:00Z,89.0
movies_9813,Q28114659,Thoroughbreds,2017 film directed by Cory Finley,2018-03-09T00:00:00Z,90.0
movies_9814,Q28123349,Lizzie,2018 film directed by Craig Macneill,2018-09-14T00:00:00Z,105.0
movies_9815,Q28123467,Suspiria,2018 film directed by Luca Guadagnino,2018-01-01T00:00:00Z,152.0
movies_9816,Q28127548,Secret Superstar,2017 film directed by Advait Chandan,2018-01-19T00:00:00Z,150.0
movies_9817,Q28127580,A Fantastic Woman,2017 film directed by Sebastián Lelio,2018-06-07T00:00:00Z,104.0
movies_9818,Q28128762,Django,2017 film by Étienne Comar,2018-02-15T00:00:00Z,117.0
movies_9819,Q28129369,Au poste!,2018 film by Quentin Dupieux,2018-01-01T00:00:00Z,73.0
movies_9820,Q28170369,Tremors: A Cold Day in Hell,2018 film directed by Don Michael Paul,2018-05-01T00:00:00Z,98.0
movies_9821,Q28170376,Drunk Parents,film directed by Fred Wolf,2019-02-28T00:00:00Z,97.0
movies_9822,Q28173075,Red Sparrow,2018 film by Francis Lawrence,2018-03-01T00:00:00Z,139.0
movies_9823,Q28173298,The Party,2017 film directed by Sally Potter,2018-01-04T00:00:00Z,71.0
movies_9824,Q28173918,Aan Devathai,2018 Tamil film directed by Thamira,2018-01-01T00:00:00Z,
movies_9825,Q28180128,Toilet - Ek Prem Katha,2017 Indian film directed by Shree Narayan Singh,2018-06-08T00:00:00Z,155.0
movies_9826,Q28180352,Raja Ranguski,2018 Tamil film directed by Dharani Dharan,2018-09-21T00:00:00Z,
movies_9827,Q28193328,On the Beach at Night Alone,2017 film directed by Hong Sang-soo,2018-01-25T00:00:00Z,101.0
movies_9828,Q28212157,Final Portrait,2017 film directed by Stanley Tucci,2018-01-11T00:00:00Z,94.0
movies_9829,Q28222430,Primaire,2016 film by Hélène Angel,2018-02-15T00:00:00Z,105.0
movies_9830,Q28233735,Thelma,2017 film directed by Joachim Trier,2018-01-18T00:00:00Z,114.0
movies_9831,Q28318271,The Wife,2017 film by Björn Runge,2019-01-03T00:00:00Z,100.0
movies_9832,Q28369564,"I, Tonya",2017 film directed by Craig Gillespie,2018-02-01T00:00:00Z,119.0
movies_9833,Q28369717,Gringo,2018 film directed by Nash Edgerton,2018-03-15T00:00:00Z,111.0
movies_9834,Q28393252,The Darkest Minds,2018 film directed by Jennifer Yuh Nelson,2018-01-01T00:00:00Z,104.0
movies_9835,Q28415154,It's the Law,2017 film by Salvatore Ficarra and Valentino Picone,2019-01-31T00:00:00Z,95.0
movies_9836,Q28416929,Agent Mr Chan,Hong Kong film,2018-02-15T00:00:00Z,101.0
movies_9837,Q28434512,Stan and Ollie,2018 film by Jon S. Baird,2018-01-01T00:00:00Z,98.0
movies_9838,Q28435094,Going Vertical,2017 Russian film by Anton Megerdichev,2018-01-05T00:00:00Z,133.0
movies_9839,Q28444714,Student of the Year 2,2019 film directed by Punit Malhotra,2019-05-10T00:00:00Z,146.0
movies_9840,Q28464841,Israfil,film directed by Ida Panahandeh,2018-02-14T00:00:00Z,
movies_9841,Q28466244,Beach Rats,2017 film directed by Eliza Hittman,2018-01-25T00:00:00Z,95.0
movies_9842,Q28474782,First Timers,2019 short film by Eric Chambers,2019-01-01T00:00:00Z,
movies_9843,Q28489891,Tomb Raider,2018 film directed by Roar Uthaug,2018-03-07T00:00:00Z,118.0
movies_9844,Q28494917,Un berger et deux perchés à l'Elysée?,"2019 film by Pierre Carles, Philippe Lespinasse",2019-01-23T00:00:00Z,101.0
movies_9845,Q28495518,Mariage blanc pour tous,2017 film directed by Tarek Boudali,2018-12-20T00:00:00Z,92.0
movies_9846,Q28496667,Rock'n Roll,2017 film by Guillaume Canet,2018-01-01T00:00:00Z,123.0
movies_9847,Q28496682,Redoubtable,2017 film by Michel Hazanavicius,2018-05-11T00:00:00Z,107.0
movies_9848,Q28496935,Bonne Pomme,2017 film by Florence Quentin,2018-04-19T00:00:00Z,101.0
movies_9849,Q28497074,Sink or Swim,2018 film by Gilles Lellouche,2018-01-01T00:00:00Z,122.0
movies_9850,Q28497098,Knock,2017 film by Lorraine Lévy,2018-02-22T00:00:00Z,114.0
movies_9851,Q28497223,Promise at Dawn,2017 film by Éric Barbier,2019-02-07T00:00:00Z,131.0
movies_9852,Q28497237,Les aventures de Spirou et Fantasio,2018 film by Alexandre Coffre,2018-01-01T00:00:00Z,89.0
movies_9853,Q28498317,City of Lies,2018 film directed by Brad Furman,2018-01-01T00:00:00Z,112.0
movies_9854,Q28517227,The Aftermath,2019 film directed by James Kent,2019-01-01T00:00:00Z,108.0
movies_9855,Q28517709,Kings,2017 film by Deniz Gamze Ergüven,2018-04-27T00:00:00Z,90.0
movies_9856,Q28532744,Touch Chesi Chudu,2018 film by Vikram Sirikonda,2018-02-02T00:00:00Z,
movies_9857,Q28542228,Fack ju Göhte 3,2017 film by Bora Dağtekin,2018-08-30T00:00:00Z,121.0
movies_9858,Q28561715,The Secret Life of Pets 2,2019 animated film directed by Chris Renaud,2019-05-24T00:00:00Z,
movies_9859,Q28598663,Frontier,2018 film,2018-01-01T00:00:00Z,98.0
movies_9860,Q28664682,Lev Yashin. The Dream Goalkeeper,2018 film,2019-11-28T00:00:00Z,120.0
movies_9861,Q28667216,The Last Warrior,2017 Russian comedy fantasy film by Dmitry Dyachenko,2019-05-17T00:00:00Z,114.0
movies_9862,Q28667831,Selfie,2017 film by Nikolay Khomeriki,2018-02-01T00:00:00Z,112.0
movies_9863,Q28667926,Beyond the Edge,2017 film directed by Aleksandr Boguslavskiy and Francesco Cinquemani,2018-03-01T00:00:00Z,102.0
movies_9864,Q28679303,Ugly,2017 film by Juri Rechinsky,2018-03-02T00:00:00Z,92.0
movies_9865,Q28698862,The Soul-Mate,2018 film by Jo Won-hee,2018-09-26T00:00:00Z,97.0
movies_9866,Q28713053,"No Date, No Signature",2017 film directed by Vahid Jalilvand,2019-02-14T00:00:00Z,
movies_9867,Q28720641,"Jill, Joy and the Mysterious Stranger",2017 film directed by Saara Cantell,2018-01-08T00:00:00Z,75.0
movies_9868,Q28793040,The Upside,2018 film directed by Neil Burger,2019-01-11T00:00:00Z,118.0
movies_9869,Q28840410,Fighting with My Family,2019 film directed by Stephen Merchant,2019-01-28T00:00:00Z,108.0
movies_9870,Q28863791,Captive State,2018 film directed by Rupert Wyatt,2019-03-15T00:00:00Z,109.0
movies_9871,Q28863793,Light of My Life,2019 film directed by Casey Affleck,2019-01-01T00:00:00Z,119.0
movies_9872,Q28912877,Cold Pursuit,2019 film directed by Hans Petter Moland,2019-01-01T00:00:00Z,118.0
movies_9873,Q29057443,The Irishman,2019 film directed by Martin Scorsese,2019-09-27T00:00:00Z,209.0
movies_9874,Q29469172,The Garden Left Behind,film directed by Flavio Alves,2019-01-01T00:00:00Z,
movies_9875,Q29641342,The Fortress,2017 film by Hwang Dong-hyuk,2019-06-27T00:00:00Z,140.0
movies_9876,Q29832591,Code 8,2019 film directed by Jeff Chan,2019-01-01T00:00:00Z,98.0
movies_9877,Q30090770,Saaho,2019 film directed by Sujeeth,2019-01-01T00:00:00Z,
movies_9878,Q30609465,Harriet,2019 film directed by Kasi Lemmons,2019-01-01T00:00:00Z,125.0
movies_9879,Q30639015,The Red Sea Diving Resort,2019 film directed by Gideon Raff,2019-01-01T00:00:00Z,129.0
movies_9880,Q30642630,The Shadow Play,film directed by Lou Ye,2019-04-04T00:00:00Z,
movies_9881,Q30646818,Changeland,2019 film directed by Seth Green,2019-06-07T00:00:00Z,
movies_9882,Q30728086,Serial (Bad) Weddings 2,2019 film directed by Philippe de Chauveron,2019-01-30T00:00:00Z,99.0
movies_9883,Q30742372,Gaston Lagaffe,2018 film by Pierre-François Martin-Laval,2019-01-24T00:00:00Z,85.0
movies_9884,Q30765956,Lords of Chaos,2018 film by Jonas Åkerlund,2019-03-29T00:00:00Z,118.0
movies_9885,Q30786909,The Shamer's Daughter II – The Serpent Gift,2019 film by Ask Hasselbalch,2019-02-07T00:00:00Z,103.0
movies_9886,Q30889383,Tutto quello che vuoi,2017 film by Francesco Bruni,2019-11-07T00:00:00Z,
movies_9887,Q30895665,Hellboy,2019 film directed by Neil Marshall,2019-01-01T00:00:00Z,120.0
movies_9888,Q30939513,Glass,2019 film directed by M. Night Shyamalan,2019-01-17T00:00:00Z,128.0
movies_9889,Q30945885,The Great Battle,2018 film directed by Kim Kwang-sik,2019-03-08T00:00:00Z,136.0
movies_9890,Q30963297,Mr Jones,2019 film directed by Agnieszka Holland,2019-01-01T00:00:00Z,
movies_9891,Q31188935,Dark Phoenix,2019 film directed by Simon Kinberg,2019-06-05T00:00:00Z,114.0
movies_9892,Q31193403,Ayla: The Daughter of War,2017 film directed by Can Ulkay,2019-04-19T00:00:00Z,125.0
movies_9893,Q31197795,What We Left Behind,Star Trek: Deep Space Nine Documentary,2019-05-13T00:00:00Z,
movies_9894,Q31202693,Anything,2017 film by Timothy McNeil,2019-05-09T00:00:00Z,94.0
movies_9895,Q31202698,Loro,2018 film by Paolo Sorrentino,2019-01-03T00:00:00Z,157.0
movies_9896,Q31280577,Truth and Justice,2019 film by Tanel Toom,2019-02-20T00:00:00Z,165.0
movies_9897,Q31457048,Holiday,2018 film by Isabella Eklöf,2019-02-01T00:00:00Z,93.0
movies_9898,Q31755273,Cutterhead,2019 Danish film directed by Rasmus Kloster Bro,2019-03-21T00:00:00Z,84.0
movies_9899,Q31899662,About Endlessness,2019 film directed by Roy Andersson,2019-01-01T00:00:00Z,78.0
movies_9900,Q3220348,Emile's Boat,1962 film by Denys de La Patellière,2019-10-14T00:00:00Z,98.0
movies_9901,Q32930008,Neon Heart,film directed by Laurits Flensted-Jensen,2019-01-01T00:00:00Z,86.0
movies_9902,Q32931919,The Kindness of Strangers,2019 film by Lone Scherfig,2019-12-12T00:00:00Z,116.0
movies_9903,Q32942227,Peterloo,2018 film directed by Mike Leigh,2019-04-05T00:00:00Z,154.0
movies_9904,Q32942287,"Where'd You Go, Bernadette",2019 film directed by Richard Linklater,2019-03-22T00:00:00Z,109.0
movies_9905,Q32942298,Isn't It Romantic,2019 film by Todd Strauss-Schulson,2019-01-01T00:00:00Z,89.0
movies_9906,Q33101290,The Painted Bird,2019 film by Václav Marhoul,2019-09-03T00:00:00Z,169.0
movies_9907,Q33105131,Mid90s,2018 film directed by Jonah Hill,2019-02-10T00:00:00Z,84.0
movies_9908,Q33129472,High Life,2018 film by Claire Denis,2019-04-05T00:00:00Z,110.0
movies_9909,Q33256053,Dragged Across Concrete,2018 film directed by S. Craig Zahler,2019-03-22T00:00:00Z,158.0
movies_9910,Q33256069,Fanny Lye Deliver'd,2019 film directed by Thomas Clay,2019-10-10T00:00:00Z,112.0
movies_9911,Q34779365,Serenity,2019 film directed by Steven Knight,2019-01-25T00:00:00Z,106.0
movies_9912,Q35284213,The Last Suit,2017 film by Pablo Solarz,2019-05-02T00:00:00Z,91.0
movies_9913,Q35620357,Polaroid,2019 film directed by Lars Klevberg,2019-01-10T00:00:00Z,
movies_9914,Q36359964,Baumschlager,2017 film by Harald Sicheritz,2019-06-06T00:00:00Z,102.0
movies_9915,Q36801710,Sye Raa Narasimha Reddy,2019 Indian Telugu film,2019-10-01T00:00:00Z,167.0
movies_9916,Q36951156,Welcome to Marwen,2018 film by Robert Zemeckis,2019-01-01T00:00:00Z,116.0
movies_9917,Q36951250,55 Steps,2017 film directed by Bille August,2019-08-27T00:00:00Z,115.0
movies_9918,Q37816911,Everybody Knows,2018 film by Asghar Farhadi,2019-01-03T00:00:00Z,132.0
movies_9919,Q37909408,Mary Queen of Scots,2018 film by Josie Rourke,2019-01-17T00:00:00Z,125.0
movies_9920,Q38187866,The House by the Sea,2017 film by Robert Guédiguian,2019-03-21T00:00:00Z,117.0
movies_9921,Q38215867,Amra Ekta Cinema Banabo,2019 film,2019-12-20T00:00:00Z,1265.0
movies_9922,Q38421581,Wajib,2017 film by Annemarie Jacir,2019-01-24T00:00:00Z,96.0
movies_9923,Q38463384,Destination Wedding,2018 film directed by Victor Levin,2019-05-10T00:00:00Z,86.0
movies_9924,Q38526462,"Berlin, I Love You",2019 film,2019-02-08T00:00:00Z,120.0
movies_9925,Q38685547,If Beale Street Could Talk,2018 film directed by Barry Jenkins,2019-02-08T00:00:00Z,119.0
movies_9926,Q38774788,Ad Astra,2019 film directed by James Gray,2019-08-29T00:00:00Z,123.0
movies_9927,Q38804974,Pal Pal Dil Ke Paas,film directed by Sunny Deol,2019-02-14T00:00:00Z,
movies_9928,Q39047194,The Peanut Butter Falcon,2019 film by Tyler Nilson and Michael Schwartz,2019-01-01T00:00:00Z,97.0
movies_9929,Q39047277,Sheikh Jackson,2017 film by Amr Salama,2019-05-09T00:00:00Z,93.0
movies_9930,Q39049875,Five Fingers for Marseilles,2017 film,2019-06-27T00:00:00Z,120.0
movies_9931,Q39060366,Ramen Teh,2018 film by Eric Khoo,2019-06-06T00:00:00Z,
movies_9932,Q39060677,Escape Plan: The Extractors,film directed by John Herzfeld,2019-07-05T00:00:00Z,97.0
movies_9933,Q39069735,Triple Threat,2019 film by Jesse V. Johnson,2019-01-01T00:00:00Z,96.0
movies_9934,Q39070849,Teen Spirit,2018 film by Max Minghella,2019-03-12T00:00:00Z,93.0
movies_9935,Q39071530,Knife+Heart,2018 French-Mexican film by Yann Gonzalez,2019-07-18T00:00:00Z,110.0
movies_9936,Q39072129,Belleville Cop,2018 film directed by Rachid Bouchareb,2019-01-31T00:00:00Z,111.0
movies_9937,Q39072243,Sweetheart,2019 film directed by J. D. Dillard,2019-01-01T00:00:00Z,82.0
movies_9938,Q39072454,Terminator: Dark Fate,2019 film by Tim Miller,2019-10-23T00:00:00Z,128.0
movies_9939,Q39073790,Dumplin',2018 film directed by Anne Fletcher,2019-04-04T00:00:00Z,110.0
movies_9940,Q39073952,Under the Tree,2017 film by Hafsteinn Gunnar Sigurðsson,2019-05-16T00:00:00Z,89.0
movies_9941,Q39074884,Submission,2017 film directed by Richard Levine,2019-09-19T00:00:00Z,
movies_9942,Q39075006,Vice,2018 film directed by Adam McKay,2019-01-25T00:00:00Z,132.0
movies_9943,Q39079200,Close,2019 film directed by Vicky Jewson,2019-01-01T00:00:00Z,94.0
movies_9944,Q39137276,Proxima,2019 film directed by Alice Winocour,2019-09-07T00:00:00Z,107.0
movies_9945,Q39293164,T-34,2018 film directed by Aleksei Sidorov,2019-01-06T00:00:00Z,139.0
movies_9946,Q39475584,1918: The Battle of Kruty,2018 film,2019-02-07T00:00:00Z,110.0
movies_9947,Q39587916,The last supper,2017 film by Florian Frerichs,2019-01-30T00:00:00Z,80.0
movies_9948,Q39659543,Boy Erased,2018 film directed by Joel Edgerton,2019-02-08T00:00:00Z,114.0
movies_9949,Q39765162,Noelle,2019 film directed by Marc Lawrence,2019-11-08T00:00:00Z,100.0
movies_9950,Q40306164,The Front Runner,2018 film directed by Jason Reitman,2019-01-17T00:00:00Z,113.0
movies_9951,Q40539406,Streaker,2017 film directed by Peter Luisi,2019-02-28T00:00:00Z,98.0
movies_9952,Q40840414,Room for Rent,film by Tommy Stovall (2019),2019-05-03T00:00:00Z,
movies_9953,Q41776567,Ugly Nasty People,2017 film by Cosimo Gomez,2019-07-03T00:00:00Z,87.0
movies_9954,Q42048168,On the Basis of Sex,2018 film by Mimi Leder,2019-02-08T00:00:00Z,120.0
movies_9955,Q42048874,The Kid Who Would Be King,2019 film directed by Joe Cornish,2019-01-25T00:00:00Z,120.0
movies_9956,Q42307699,A Rainy Day in New York,2019 film directed by Woody Allen,2019-07-26T00:00:00Z,92.0
movies_9957,Q42532013,7500,2019 film directed by Patrick Vollrath,2019-01-01T00:00:00Z,92.0
movies_9958,Q42689885,Tolkien,2019 film directed by Dome Karukoski,2019-05-03T00:00:00Z,112.0
movies_9959,Q42726338,It: Chapter Two,2019 film directed by Andy Muschietti,2019-09-05T00:00:00Z,169.0
movies_9960,Q42758912,Georgetown,2019 film directed by Christoph Waltz,2019-01-01T00:00:00Z,99.0
movies_9961,Q42759035,Joker,2019 musical film directed by Todd Phillips,2019-08-31T00:00:00Z,122.0
movies_9962,Q42947679,Vita and Virginia,2018 film directed by Chanya Button,2019-01-24T00:00:00Z,110.0
movies_9963,Q42947827,The Beach Bum,2019 film directed by Harmony Korine,2019-03-21T00:00:00Z,95.0
movies_9964,Q43184957,Anna,2019 film directed by Luc Besson,2019-06-19T00:00:00Z,119.0
movies_9965,Q43208792,The Hustle,2019 film directed by Chris Addison,2019-05-09T00:00:00Z,93.0
movies_9966,Q43302449,100% Kadhal,2019 Tamil film directed by MM Chandramouli,2019-02-14T00:00:00Z,
movies_9967,Q43303199,The Mystery of Green Hill,2017 film directed by Čejen Černić,2019-09-12T00:00:00Z,81.0
movies_9968,Q43373252,The Conductor,2018 film by Maria Peters,2019-09-20T00:00:00Z,137.0
movies_9969,Q43400866,The Sower,2017 film directed by Marine Francen,2019-01-10T00:00:00Z,100.0
movies_9970,Q44113229,My Best Friend,2018 film directed by Martín Deus,2019-03-27T00:00:00Z,90.0
movies_9971,Q44491815,Long Shot,2019 film directed by Jonathan Levine,2019-05-02T00:00:00Z,125.0
movies_9972,Q44613088,The Art of Self-Defense,2019 film directed by Riley Stearns,2019-01-01T00:00:00Z,104.0
movies_9973,Q44727126,Gloria Bell,2018 film directed by Sebastián Lelio,2019-08-22T00:00:00Z,102.0
movies_9974,Q44869778,Touch Me Not,2018 drama film by Adina Pintilie,2019-02-07T00:00:00Z,125.0
movies_9975,Q45740018,The Balkan Line,2019 film directed by Andrei Volgin,2019-03-21T00:00:00Z,130.0
movies_9976,Q45941066,Shanghai Fortress,2019 film directed by Teng Huatao,2019-08-09T00:00:00Z,107.0
movies_9977,Q46223211,The Informer,2019 film directed by Andrea Di Stefano,2019-08-30T00:00:00Z,113.0
movies_9978,Q464032,Cinema Paradiso,1988 film by Giuseppe Tornatore,2019-04-01T00:00:00Z,155.0
movies_9979,Q46604721,A Good Woman Is Hard to Find,film directed by Abner Pastoll,2019-01-01T00:00:00Z,97.0
movies_9980,Q46992828,Non-Fiction,2018 film directed by Olivier Assayas,2019-06-06T00:00:00Z,108.0
movies_9981,Q47002679,The Royal Exchange,2017 film by Marc Dugain,2019-02-28T00:00:00Z,100.0
movies_9982,Q47006131,At Eternity's Gate,2018 film directed by Julian Schnabel,2019-02-07T00:00:00Z,110.0
movies_9983,Q47009294,Ben Is Back,2018 film directed by Peter Hedges,2019-01-10T00:00:00Z,103.0
movies_9984,Q47010001,Mariana,film directed by Marcela Said,2019-06-06T00:00:00Z,94.0
movies_9985,Q47010022,The Public,2018 film directed by Emilio Estevez,2019-07-25T00:00:00Z,119.0
movies_9986,Q47085369,The Photographer of Mauthausen,film directed by Mar Targarona,2019-01-01T00:00:00Z,110.0
movies_9987,Q47086569,Red Joan,2018 film by Trevor Nunn,2019-05-02T00:00:00Z,101.0
movies_9988,Q47089813,Tito e gli alieni,2017 film by Paola Randi,2019-03-28T00:00:00Z,92.0
movies_9989,Q47090463,Kesari,2019 Indian film directed by Anurag Singh,2019-01-01T00:00:00Z,150.0
movies_9990,Q47090972,The Factory,2018 film directed by Yuri Bykov,2019-02-07T00:00:00Z,109.0
movies_9991,Q47300912,Once Upon a Time in Hollywood,2019 film directed by Quentin Tarantino,2019-07-26T00:00:00Z,161.0
movies_9992,Q47354316,Mug,2018 film directed by Małgorzata Szumowska,2019-01-31T00:00:00Z,91.0
movies_9993,Q47400775,The Rising Hawk,2019 film by Akhtem Seitablaiev,2019-01-01T00:00:00Z,104.0
movies_9994,Q47408473,Transit,2018 film by Christian Petzold,2019-03-01T00:00:00Z,101.0
movies_9995,Q47457769,The Purtity of Vengeance,2018 film by Christoffer Boe,2019-01-10T00:00:00Z,118.0
movies_9996,Q47457794,Happy Ending,2018 film by Hella Joof,2019-08-29T00:00:00Z,96.0
movies_9997,Q47457834,Love & War,2018 film by Kasper Torsting,2019-07-18T00:00:00Z,135.0
movies_9998,Q47459278,Before the Frost,2019 film by Michael Noer,2019-01-10T00:00:00Z,104.0
movies_9999,Q47459299,Kaptajn Bimse,"2018 film by Thomas Borch Nielsen, Kirsten Skytte",2019-06-27T00:00:00Z,75.0
