constructorStandingsId,raceId,constructorId,points,position,wins,date,constructor_standings_rownum
1,18,1,14.0,1,1,2008-03-16 04:30:00,constructor_standings_1
2,18,2,8.0,3,0,2008-03-16 04:30:00,constructor_standings_2
3,18,3,9.0,2,0,2008-03-16 04:30:00,constructor_standings_3
4,18,4,5.0,4,0,2008-03-16 04:30:00,constructor_standings_4
5,18,5,2.0,5,0,2008-03-16 04:30:00,constructor_standings_5
6,18,6,1.0,6,0,2008-03-16 04:30:00,constructor_standings_6
7,19,1,24.0,1,1,2008-03-23 07:00:00,constructor_standings_7
8,19,2,19.0,2,0,2008-03-23 07:00:00,constructor_standings_8
9,19,3,9.0,4,0,2008-03-23 07:00:00,constructor_standings_9
10,19,4,6.0,5,0,2008-03-23 07:00:00,constructor_standings_10
11,19,5,2.0,8,0,2008-03-23 07:00:00,constructor_standings_11
12,19,6,11.0,3,1,2008-03-23 07:00:00,constructor_standings_12
13,19,7,5.0,6,0,2008-03-23 07:00:00,constructor_standings_13
14,19,9,2.0,7,0,2008-03-23 07:00:00,constructor_standings_14
15,19,11,0.0,9,0,2008-03-23 07:00:00,constructor_standings_15
16,19,10,0.0,10,0,2008-03-23 07:00:00,constructor_standings_16
17,19,8,0.0,11,0,2008-03-23 07:00:00,constructor_standings_17
18,20,1,28.0,3,1,2008-04-06 11:30:00,constructor_standings_18
19,20,2,30.0,1,0,2008-04-06 11:30:00,constructor_standings_19
20,20,3,10.0,4,0,2008-04-06 11:30:00,constructor_standings_20
21,20,4,6.0,6,0,2008-04-06 11:30:00,constructor_standings_21
22,20,5,2.0,8,0,2008-04-06 11:30:00,constructor_standings_22
23,20,6,29.0,2,2,2008-04-06 11:30:00,constructor_standings_23
24,20,7,8.0,5,0,2008-04-06 11:30:00,constructor_standings_24
25,20,9,4.0,7,0,2008-04-06 11:30:00,constructor_standings_25
26,20,11,0.0,9,0,2008-04-06 11:30:00,constructor_standings_26
27,20,10,0.0,10,0,2008-04-06 11:30:00,constructor_standings_27
28,20,8,0.0,11,0,2008-04-06 11:30:00,constructor_standings_28
29,21,1,34.0,3,1,2008-04-27 12:00:00,constructor_standings_29
30,21,2,35.0,2,0,2008-04-27 12:00:00,constructor_standings_30
31,21,3,12.0,4,0,2008-04-27 12:00:00,constructor_standings_31
32,21,4,6.0,7,0,2008-04-27 12:00:00,constructor_standings_32
33,21,5,2.0,9,0,2008-04-27 12:00:00,constructor_standings_33
34,21,6,47.0,1,3,2008-04-27 12:00:00,constructor_standings_34
35,21,7,9.0,5,0,2008-04-27 12:00:00,constructor_standings_35
36,21,9,8.0,6,0,2008-04-27 12:00:00,constructor_standings_36
37,21,11,3.0,8,0,2008-04-27 12:00:00,constructor_standings_37
38,21,10,0.0,10,0,2008-04-27 12:00:00,constructor_standings_38
39,21,8,0.0,11,0,2008-04-27 12:00:00,constructor_standings_39
40,22,1,42.0,3,1,2008-05-11 12:00:00,constructor_standings_40
41,22,2,44.0,2,0,2008-05-11 12:00:00,constructor_standings_41
42,22,3,13.0,4,0,2008-05-11 12:00:00,constructor_standings_42
43,22,4,9.0,7,0,2008-05-11 12:00:00,constructor_standings_43
44,22,5,2.0,9,0,2008-05-11 12:00:00,constructor_standings_44
45,22,6,63.0,1,4,2008-05-11 12:00:00,constructor_standings_45
46,22,7,9.0,6,0,2008-05-11 12:00:00,constructor_standings_46
47,22,9,10.0,5,0,2008-05-11 12:00:00,constructor_standings_47
48,22,11,3.0,8,0,2008-05-11 12:00:00,constructor_standings_48
49,22,10,0.0,10,0,2008-05-11 12:00:00,constructor_standings_49
50,22,8,0.0,11,0,2008-05-11 12:00:00,constructor_standings_50
51,23,1,53.0,2,2,2008-05-25 12:00:00,constructor_standings_51
52,23,2,52.0,3,0,2008-05-25 12:00:00,constructor_standings_52
53,23,3,15.0,4,0,2008-05-25 12:00:00,constructor_standings_53
54,23,4,9.0,7,0,2008-05-25 12:00:00,constructor_standings_54
55,23,5,6.0,8,0,2008-05-25 12:00:00,constructor_standings_55
56,23,6,69.0,1,4,2008-05-25 12:00:00,constructor_standings_56
57,23,7,9.0,6,0,2008-05-25 12:00:00,constructor_standings_57
58,23,9,15.0,5,0,2008-05-25 12:00:00,constructor_standings_58
59,23,11,6.0,9,0,2008-05-25 12:00:00,constructor_standings_59
60,23,10,0.0,10,0,2008-05-25 12:00:00,constructor_standings_60
61,23,8,0.0,11,0,2008-05-25 12:00:00,constructor_standings_61
62,24,1,53.0,3,2,2008-06-08 17:00:00,constructor_standings_62
63,24,2,70.0,2,1,2008-06-08 17:00:00,constructor_standings_63
64,24,3,15.0,6,0,2008-06-08 17:00:00,constructor_standings_64
65,24,4,9.0,7,0,2008-06-08 17:00:00,constructor_standings_65
66,24,5,7.0,9,0,2008-06-08 17:00:00,constructor_standings_66
67,24,6,73.0,1,4,2008-06-08 17:00:00,constructor_standings_67
68,24,7,17.0,5,0,2008-06-08 17:00:00,constructor_standings_68
69,24,9,21.0,4,0,2008-06-08 17:00:00,constructor_standings_69
70,24,11,8.0,8,0,2008-06-08 17:00:00,constructor_standings_70
71,24,10,0.0,10,0,2008-06-08 17:00:00,constructor_standings_71
72,24,8,0.0,11,0,2008-06-08 17:00:00,constructor_standings_72
73,25,1,58.0,3,2,2008-06-22 12:00:00,constructor_standings_73
74,25,2,74.0,2,1,2008-06-22 12:00:00,constructor_standings_74
75,25,3,15.0,6,0,2008-06-22 12:00:00,constructor_standings_75
76,25,4,12.0,7,0,2008-06-22 12:00:00,constructor_standings_76
77,25,5,7.0,9,0,2008-06-22 12:00:00,constructor_standings_77
78,25,6,91.0,1,5,2008-06-22 12:00:00,constructor_standings_78
79,25,7,23.0,5,0,2008-06-22 12:00:00,constructor_standings_79
80,25,9,24.0,4,0,2008-06-22 12:00:00,constructor_standings_80
81,25,11,8.0,8,0,2008-06-22 12:00:00,constructor_standings_81
82,25,10,0.0,10,0,2008-06-22 12:00:00,constructor_standings_82
83,25,8,0.0,11,0,2008-06-22 12:00:00,constructor_standings_83
84,26,1,72.0,3,3,2008-07-06 12:00:00,constructor_standings_84
85,26,2,82.0,2,1,2008-07-06 12:00:00,constructor_standings_85
86,26,3,16.0,6,0,2008-07-06 12:00:00,constructor_standings_86
87,26,4,15.0,7,0,2008-07-06 12:00:00,constructor_standings_87
88,26,5,7.0,9,0,2008-07-06 12:00:00,constructor_standings_88
89,26,6,96.0,1,5,2008-07-06 12:00:00,constructor_standings_89
90,26,7,25.0,4,0,2008-07-06 12:00:00,constructor_standings_90
91,26,9,24.0,5,0,2008-07-06 12:00:00,constructor_standings_91
92,26,11,14.0,8,0,2008-07-06 12:00:00,constructor_standings_92
93,26,10,0.0,10,0,2008-07-06 12:00:00,constructor_standings_93
94,26,8,0.0,11,0,2008-07-06 12:00:00,constructor_standings_94
95,27,1,86.0,3,4,2008-07-20 12:00:00,constructor_standings_95
96,27,2,89.0,2,1,2008-07-20 12:00:00,constructor_standings_96
97,27,3,16.0,7,0,2008-07-20 12:00:00,constructor_standings_97
98,27,4,23.0,6,0,2008-07-20 12:00:00,constructor_standings_98
99,27,5,8.0,9,0,2008-07-20 12:00:00,constructor_standings_99
100,27,6,105.0,1,5,2008-07-20 12:00:00,constructor_standings_100
101,27,7,25.0,4,0,2008-07-20 12:00:00,constructor_standings_101
102,27,9,24.0,5,0,2008-07-20 12:00:00,constructor_standings_102
103,27,11,14.0,8,0,2008-07-20 12:00:00,constructor_standings_103
104,27,10,0.0,10,0,2008-07-20 12:00:00,constructor_standings_104
105,27,8,0.0,11,0,2008-07-20 12:00:00,constructor_standings_105
106,28,1,100.0,2,5,2008-08-03 12:00:00,constructor_standings_106
107,28,2,90.0,3,1,2008-08-03 12:00:00,constructor_standings_107
108,28,3,16.0,7,0,2008-08-03 12:00:00,constructor_standings_108
109,28,4,31.0,5,0,2008-08-03 12:00:00,constructor_standings_109
110,28,5,8.0,9,0,2008-08-03 12:00:00,constructor_standings_110
111,28,6,111.0,1,5,2008-08-03 12:00:00,constructor_standings_111
112,28,7,35.0,4,0,2008-08-03 12:00:00,constructor_standings_112
113,28,9,24.0,6,0,2008-08-03 12:00:00,constructor_standings_113
114,28,11,14.0,8,0,2008-08-03 12:00:00,constructor_standings_114
115,28,10,0.0,10,0,2008-08-03 12:00:00,constructor_standings_115
116,28,8,0.0,11,0,2008-08-03 12:00:00,constructor_standings_116
117,29,1,113.0,2,5,2008-08-24 12:00:00,constructor_standings_117
118,29,2,96.0,3,1,2008-08-24 12:00:00,constructor_standings_118
119,29,3,17.0,7,0,2008-08-24 12:00:00,constructor_standings_119
120,29,4,31.0,5,0,2008-08-24 12:00:00,constructor_standings_120
121,29,5,11.0,9,0,2008-08-24 12:00:00,constructor_standings_121
122,29,6,121.0,1,6,2008-08-24 12:00:00,constructor_standings_122
123,29,7,41.0,4,0,2008-08-24 12:00:00,constructor_standings_123
124,29,9,24.0,6,0,2008-08-24 12:00:00,constructor_standings_124
125,29,11,14.0,8,0,2008-08-24 12:00:00,constructor_standings_125
126,29,10,0.0,10,0,2008-08-24 12:00:00,constructor_standings_126
127,29,8,0.0,11,0,2008-08-24 12:00:00,constructor_standings_127
128,30,1,119.0,2,5,2008-09-07 12:00:00,constructor_standings_128
129,30,2,107.0,3,1,2008-09-07 12:00:00,constructor_standings_129
130,30,3,17.0,7,0,2008-09-07 12:00:00,constructor_standings_130
131,30,4,36.0,5,0,2008-09-07 12:00:00,constructor_standings_131
132,30,5,17.0,8,0,2008-09-07 12:00:00,constructor_standings_132
133,30,6,131.0,1,7,2008-09-07 12:00:00,constructor_standings_133
134,30,7,41.0,4,0,2008-09-07 12:00:00,constructor_standings_134
135,30,9,25.0,6,0,2008-09-07 12:00:00,constructor_standings_135
136,30,11,14.0,9,0,2008-09-07 12:00:00,constructor_standings_136
137,30,10,0.0,10,0,2008-09-07 12:00:00,constructor_standings_137
138,30,8,0.0,11,0,2008-09-07 12:00:00,constructor_standings_138
139,31,1,129.0,2,5,2008-09-14 12:00:00,constructor_standings_139
140,31,2,117.0,3,1,2008-09-14 12:00:00,constructor_standings_140
141,31,3,17.0,8,0,2008-09-14 12:00:00,constructor_standings_141
142,31,4,41.0,5,0,2008-09-14 12:00:00,constructor_standings_142
143,31,5,27.0,6,1,2008-09-14 12:00:00,constructor_standings_143
144,31,6,134.0,1,7,2008-09-14 12:00:00,constructor_standings_144
145,31,7,41.0,4,0,2008-09-14 12:00:00,constructor_standings_145
146,31,9,26.0,7,0,2008-09-14 12:00:00,constructor_standings_146
147,31,11,14.0,9,0,2008-09-14 12:00:00,constructor_standings_147
148,31,10,0.0,10,0,2008-09-14 12:00:00,constructor_standings_148
149,31,8,0.0,11,0,2008-09-14 12:00:00,constructor_standings_149
150,32,1,135.0,1,5,2008-09-28 12:00:00,constructor_standings_150
151,32,2,120.0,3,1,2008-09-28 12:00:00,constructor_standings_151
152,32,3,26.0,8,0,2008-09-28 12:00:00,constructor_standings_152
153,32,4,51.0,4,1,2008-09-28 12:00:00,constructor_standings_153
154,32,5,31.0,6,1,2008-09-28 12:00:00,constructor_standings_154
155,32,6,134.0,2,7,2008-09-28 12:00:00,constructor_standings_155
156,32,7,46.0,5,0,2008-09-28 12:00:00,constructor_standings_156
157,32,9,28.0,7,0,2008-09-28 12:00:00,constructor_standings_157
158,32,11,14.0,9,0,2008-09-28 12:00:00,constructor_standings_158
159,32,10,0.0,10,0,2008-09-28 12:00:00,constructor_standings_159
160,32,8,0.0,11,0,2008-09-28 12:00:00,constructor_standings_160
161,33,1,135.0,2,5,2008-10-12 04:30:00,constructor_standings_161
162,33,2,128.0,3,1,2008-10-12 04:30:00,constructor_standings_162
163,33,3,26.0,8,0,2008-10-12 04:30:00,constructor_standings_163
164,33,4,66.0,4,2,2008-10-12 04:30:00,constructor_standings_164
165,33,5,34.0,6,1,2008-10-12 04:30:00,constructor_standings_165
166,33,6,142.0,1,7,2008-10-12 04:30:00,constructor_standings_166
167,33,7,50.0,5,0,2008-10-12 04:30:00,constructor_standings_167
168,33,9,29.0,7,0,2008-10-12 04:30:00,constructor_standings_168
169,33,11,14.0,9,0,2008-10-12 04:30:00,constructor_standings_169
170,33,10,0.0,10,0,2008-10-12 04:30:00,constructor_standings_170
171,33,8,0.0,11,0,2008-10-12 04:30:00,constructor_standings_171
1643,34,8,0.0,11,0,2008-10-19 07:00:00,constructor_standings_172
1642,34,10,0.0,10,0,2008-10-19 07:00:00,constructor_standings_173
1641,34,11,14.0,9,0,2008-10-19 07:00:00,constructor_standings_174
1640,34,9,29.0,7,0,2008-10-19 07:00:00,constructor_standings_175
1639,34,7,52.0,5,0,2008-10-19 07:00:00,constructor_standings_176
1638,34,6,156.0,1,7,2008-10-19 07:00:00,constructor_standings_177
1637,34,5,34.0,6,1,2008-10-19 07:00:00,constructor_standings_178
1636,34,4,72.0,4,2,2008-10-19 07:00:00,constructor_standings_179
1635,34,3,26.0,8,0,2008-10-19 07:00:00,constructor_standings_180
1634,34,2,135.0,3,1,2008-10-19 07:00:00,constructor_standings_181
1633,34,1,145.0,2,6,2008-10-19 07:00:00,constructor_standings_182
183,35,1,151.0,2,6,2008-11-02 17:00:00,constructor_standings_183
184,35,2,135.0,3,1,2008-11-02 17:00:00,constructor_standings_184
185,35,3,26.0,8,0,2008-11-02 17:00:00,constructor_standings_185
186,35,4,80.0,4,2,2008-11-02 17:00:00,constructor_standings_186
187,35,5,39.0,6,1,2008-11-02 17:00:00,constructor_standings_187
188,35,6,172.0,1,8,2008-11-02 17:00:00,constructor_standings_188
189,35,7,56.0,5,0,2008-11-02 17:00:00,constructor_standings_189
190,35,9,29.0,7,0,2008-11-02 17:00:00,constructor_standings_190
191,35,11,14.0,9,0,2008-11-02 17:00:00,constructor_standings_191
192,35,10,0.0,10,0,2008-11-02 17:00:00,constructor_standings_192
193,35,8,0.0,11,0,2008-11-02 17:00:00,constructor_standings_193
25742,36,5,0.0,9,0,2007-03-18 03:00:00,constructor_standings_194
25741,36,9,0.0,8,0,2007-03-18 03:00:00,constructor_standings_195
25740,36,8,0.0,7,0,2007-03-18 03:00:00,constructor_standings_196
25739,36,11,0.0,6,0,2007-03-18 03:00:00,constructor_standings_197
25738,36,7,1.0,5,0,2007-03-18 03:00:00,constructor_standings_198
25737,36,3,2.0,4,0,2007-03-18 03:00:00,constructor_standings_199
25736,36,4,4.0,3,0,2007-03-18 03:00:00,constructor_standings_200
25735,36,2,5.0,2,0,2007-03-18 03:00:00,constructor_standings_201
25753,37,5,0.0,9,0,2007-04-08 07:00:00,constructor_standings_202
25752,37,9,0.0,6,0,2007-04-08 07:00:00,constructor_standings_203
25751,37,8,0.0,8,0,2007-04-08 07:00:00,constructor_standings_204
25750,37,11,0.0,7,0,2007-04-08 07:00:00,constructor_standings_205
25749,37,7,3.0,4,0,2007-04-08 07:00:00,constructor_standings_206
25748,37,3,2.0,5,0,2007-04-08 07:00:00,constructor_standings_207
25747,37,4,8.0,3,0,2007-04-08 07:00:00,constructor_standings_208
25746,37,2,10.0,2,0,2007-04-08 07:00:00,constructor_standings_209
25764,38,5,0.0,9,0,2007-04-15 11:30:00,constructor_standings_210
25763,38,9,0.0,6,0,2007-04-15 11:30:00,constructor_standings_211
25762,38,8,0.0,8,0,2007-04-15 11:30:00,constructor_standings_212
25761,38,11,0.0,7,0,2007-04-15 11:30:00,constructor_standings_213
25760,38,7,5.0,4,0,2007-04-15 11:30:00,constructor_standings_214
25759,38,3,2.0,5,0,2007-04-15 11:30:00,constructor_standings_215
25758,38,4,9.0,3,0,2007-04-15 11:30:00,constructor_standings_216
25757,38,2,18.0,2,0,2007-04-15 11:30:00,constructor_standings_217
25756,38,1,44.0,11,1,2007-04-15 11:30:00,constructor_standings_218
25755,38,6,39.0,1,2,2007-04-15 11:30:00,constructor_standings_219
25775,39,5,0.0,10,0,2007-05-13 12:00:00,constructor_standings_220
25774,39,9,4.0,6,0,2007-05-13 12:00:00,constructor_standings_221
25773,39,8,1.0,7,0,2007-05-13 12:00:00,constructor_standings_222
25772,39,11,0.0,8,0,2007-05-13 12:00:00,constructor_standings_223
25771,39,7,5.0,5,0,2007-05-13 12:00:00,constructor_standings_224
25770,39,3,5.0,4,0,2007-05-13 12:00:00,constructor_standings_225
25769,39,4,11.0,3,0,2007-05-13 12:00:00,constructor_standings_226
25768,39,2,23.0,2,0,2007-05-13 12:00:00,constructor_standings_227
25767,39,1,58.0,11,1,2007-05-13 12:00:00,constructor_standings_228
25786,40,5,0.0,8,0,2007-05-27 12:00:00,constructor_standings_229
25785,40,9,4.0,6,0,2007-05-27 12:00:00,constructor_standings_230
25784,40,8,1.0,7,0,2007-05-27 12:00:00,constructor_standings_231
25783,40,11,0.0,9,0,2007-05-27 12:00:00,constructor_standings_232
25782,40,7,5.0,5,0,2007-05-27 12:00:00,constructor_standings_233
25781,40,3,7.0,4,0,2007-05-27 12:00:00,constructor_standings_234
25780,40,4,16.0,3,0,2007-05-27 12:00:00,constructor_standings_235
25779,40,2,30.0,2,0,2007-05-27 12:00:00,constructor_standings_236
25778,40,1,76.0,11,2,2007-05-27 12:00:00,constructor_standings_237
25797,41,5,0.0,8,0,2007-06-10 17:00:00,constructor_standings_238
25796,41,9,4.0,6,0,2007-06-10 17:00:00,constructor_standings_239
25795,41,8,4.0,7,0,2007-06-10 17:00:00,constructor_standings_240
25794,41,11,0.0,9,0,2007-06-10 17:00:00,constructor_standings_241
25793,41,7,6.0,5,0,2007-06-10 17:00:00,constructor_standings_242
25792,41,3,13.0,4,0,2007-06-10 17:00:00,constructor_standings_243
25791,41,4,21.0,3,0,2007-06-10 17:00:00,constructor_standings_244
25790,41,2,38.0,2,0,2007-06-10 17:00:00,constructor_standings_245
25789,41,1,88.0,11,3,2007-06-10 17:00:00,constructor_standings_246
25808,42,5,0.0,8,0,2007-06-17 17:00:00,constructor_standings_247
25807,42,9,6.0,6,0,2007-06-17 17:00:00,constructor_standings_248
25806,42,8,4.0,7,0,2007-06-17 17:00:00,constructor_standings_249
25805,42,11,0.0,9,0,2007-06-17 17:00:00,constructor_standings_250
25804,42,7,9.0,5,0,2007-06-17 17:00:00,constructor_standings_251
25803,42,3,13.0,4,0,2007-06-17 17:00:00,constructor_standings_252
25802,42,4,25.0,3,0,2007-06-17 17:00:00,constructor_standings_253
25801,42,2,39.0,2,0,2007-06-17 17:00:00,constructor_standings_254
25800,42,1,106.0,11,4,2007-06-17 17:00:00,constructor_standings_255
25819,43,5,0.0,9,0,2007-07-01 12:00:00,constructor_standings_256
25818,43,9,6.0,6,0,2007-07-01 12:00:00,constructor_standings_257
25817,43,8,4.0,7,0,2007-07-01 12:00:00,constructor_standings_258
25816,43,11,1.0,8,0,2007-07-01 12:00:00,constructor_standings_259
25815,43,7,9.0,5,0,2007-07-01 12:00:00,constructor_standings_260
25814,43,3,13.0,4,0,2007-07-01 12:00:00,constructor_standings_261
25813,43,4,28.0,3,0,2007-07-01 12:00:00,constructor_standings_262
25812,43,2,48.0,2,0,2007-07-01 12:00:00,constructor_standings_263
25811,43,1,114.0,11,4,2007-07-01 12:00:00,constructor_standings_264
25830,44,5,0.0,9,0,2007-07-08 12:00:00,constructor_standings_265
25829,44,9,6.0,6,0,2007-07-08 12:00:00,constructor_standings_266
25828,44,8,4.0,7,0,2007-07-08 12:00:00,constructor_standings_267
25827,44,11,1.0,8,0,2007-07-08 12:00:00,constructor_standings_268
25826,44,7,9.0,5,0,2007-07-08 12:00:00,constructor_standings_269
25825,44,3,13.0,4,0,2007-07-08 12:00:00,constructor_standings_270
25824,44,4,31.0,3,0,2007-07-08 12:00:00,constructor_standings_271
25823,44,2,56.0,2,0,2007-07-08 12:00:00,constructor_standings_272
25822,44,1,128.0,11,5,2007-07-08 12:00:00,constructor_standings_273
25841,45,5,0.0,9,0,2007-07-22 12:00:00,constructor_standings_274
25840,45,9,16.0,5,0,2007-07-22 12:00:00,constructor_standings_275
25839,45,8,4.0,7,0,2007-07-22 12:00:00,constructor_standings_276
25838,45,11,1.0,8,0,2007-07-22 12:00:00,constructor_standings_277
25837,45,7,9.0,6,0,2007-07-22 12:00:00,constructor_standings_278
25836,45,3,18.0,4,0,2007-07-22 12:00:00,constructor_standings_279
25835,45,4,32.0,3,0,2007-07-22 12:00:00,constructor_standings_280
25834,45,2,61.0,2,0,2007-07-22 12:00:00,constructor_standings_281
25833,45,1,138.0,11,5,2007-07-22 12:00:00,constructor_standings_282
25852,46,5,0.0,9,0,2007-08-05 12:00:00,constructor_standings_283
25851,46,9,16.0,5,0,2007-08-05 12:00:00,constructor_standings_284
25850,46,8,4.0,7,0,2007-08-05 12:00:00,constructor_standings_285
25849,46,11,1.0,8,0,2007-08-05 12:00:00,constructor_standings_286
25848,46,7,12.0,6,0,2007-08-05 12:00:00,constructor_standings_287
25847,46,3,20.0,4,0,2007-08-05 12:00:00,constructor_standings_288
25846,46,4,33.0,3,0,2007-08-05 12:00:00,constructor_standings_289
25845,46,2,71.0,2,0,2007-08-05 12:00:00,constructor_standings_290
25844,46,1,138.0,11,6,2007-08-05 12:00:00,constructor_standings_291
25863,47,5,0.0,9,0,2007-08-26 12:00:00,constructor_standings_292
25862,47,9,16.0,5,0,2007-08-26 12:00:00,constructor_standings_293
25861,47,8,4.0,7,0,2007-08-26 12:00:00,constructor_standings_294
25860,47,11,1.0,8,0,2007-08-26 12:00:00,constructor_standings_295
25859,47,7,12.0,6,0,2007-08-26 12:00:00,constructor_standings_296
25858,47,3,22.0,4,0,2007-08-26 12:00:00,constructor_standings_297
25857,47,4,36.0,3,0,2007-08-26 12:00:00,constructor_standings_298
25856,47,2,77.0,2,0,2007-08-26 12:00:00,constructor_standings_299
25855,47,1,148.0,11,6,2007-08-26 12:00:00,constructor_standings_300
25874,48,5,0.0,9,0,2007-09-09 12:00:00,constructor_standings_301
25873,48,9,16.0,5,0,2007-09-09 12:00:00,constructor_standings_302
25872,48,8,4.0,7,0,2007-09-09 12:00:00,constructor_standings_303
25871,48,11,2.0,8,0,2007-09-09 12:00:00,constructor_standings_304
25870,48,7,12.0,6,0,2007-09-09 12:00:00,constructor_standings_305
25869,48,3,25.0,4,0,2007-09-09 12:00:00,constructor_standings_306
25868,48,4,38.0,3,0,2007-09-09 12:00:00,constructor_standings_307
25867,48,2,86.0,2,0,2007-09-09 12:00:00,constructor_standings_308
25866,48,1,166.0,11,7,2007-09-09 12:00:00,constructor_standings_309
25885,49,5,0.0,9,0,2007-09-16 12:00:00,constructor_standings_310
25884,49,9,18.0,5,0,2007-09-16 12:00:00,constructor_standings_311
25883,49,8,4.0,7,0,2007-09-16 12:00:00,constructor_standings_312
25882,49,11,2.0,8,0,2007-09-16 12:00:00,constructor_standings_313
25881,49,7,12.0,6,0,2007-09-16 12:00:00,constructor_standings_314
25880,49,3,28.0,4,0,2007-09-16 12:00:00,constructor_standings_315
25879,49,4,39.0,3,0,2007-09-16 12:00:00,constructor_standings_316
25878,49,2,90.0,2,0,2007-09-16 12:00:00,constructor_standings_317
25877,49,1,192.0,11,7,2007-09-16 12:00:00,constructor_standings_318
25896,50,5,0.0,10,0,2007-09-30 04:30:00,constructor_standings_319
25895,50,9,23.0,5,0,2007-09-30 04:30:00,constructor_standings_320
25894,50,8,4.0,7,0,2007-09-30 04:30:00,constructor_standings_321
25893,50,11,2.0,8,0,2007-09-30 04:30:00,constructor_standings_322
25892,50,7,12.0,6,0,2007-09-30 04:30:00,constructor_standings_323
25891,50,3,28.0,4,0,2007-09-30 04:30:00,constructor_standings_324
25890,50,4,51.0,3,0,2007-09-30 04:30:00,constructor_standings_325
25889,50,2,92.0,2,0,2007-09-30 04:30:00,constructor_standings_326
25888,50,1,202.0,11,8,2007-09-30 04:30:00,constructor_standings_327
25907,51,5,8.0,7,0,2007-10-07 06:00:00,constructor_standings_328
25906,51,9,24.0,5,0,2007-10-07 06:00:00,constructor_standings_329
25905,51,8,4.0,9,0,2007-10-07 06:00:00,constructor_standings_330
25904,51,11,6.0,8,0,2007-10-07 06:00:00,constructor_standings_331
25903,51,7,12.0,6,0,2007-10-07 06:00:00,constructor_standings_332
25902,51,3,28.0,4,0,2007-10-07 06:00:00,constructor_standings_333
25901,51,4,51.0,3,0,2007-10-07 06:00:00,constructor_standings_334
25900,51,2,94.0,2,0,2007-10-07 06:00:00,constructor_standings_335
25899,51,1,210.0,11,8,2007-10-07 06:00:00,constructor_standings_336
25918,52,5,8.0,7,0,2007-10-21 16:00:00,constructor_standings_337
25917,52,9,24.0,5,0,2007-10-21 16:00:00,constructor_standings_338
25916,52,8,4.0,9,0,2007-10-21 16:00:00,constructor_standings_339
25915,52,11,6.0,8,0,2007-10-21 16:00:00,constructor_standings_340
25914,52,7,13.0,6,0,2007-10-21 16:00:00,constructor_standings_341
25913,52,3,33.0,4,0,2007-10-21 16:00:00,constructor_standings_342
25912,52,4,51.0,3,0,2007-10-21 16:00:00,constructor_standings_343
25911,52,2,101.0,2,0,2007-10-21 16:00:00,constructor_standings_344
25910,52,1,218.0,11,8,2007-10-21 16:00:00,constructor_standings_345
6327,53,8,0.0,11,0,2006-03-12 14:30:00,constructor_standings_346
6326,53,13,0.0,10,0,2006-03-12 14:30:00,constructor_standings_347
6325,53,7,0.0,9,0,2006-03-12 14:30:00,constructor_standings_348
6324,53,2,0.0,8,0,2006-03-12 14:30:00,constructor_standings_349
6323,53,5,0.0,7,0,2006-03-12 14:30:00,constructor_standings_350
6322,53,9,1.0,6,0,2006-03-12 14:30:00,constructor_standings_351
6321,53,3,5.0,5,0,2006-03-12 14:30:00,constructor_standings_352
6320,53,11,5.0,4,0,2006-03-12 14:30:00,constructor_standings_353
6319,53,1,10.0,2,0,2006-03-12 14:30:00,constructor_standings_354
6318,53,6,8.0,3,0,2006-03-12 14:30:00,constructor_standings_355
6317,53,4,10.0,1,1,2006-03-12 14:30:00,constructor_standings_356
6338,54,8,0.0,11,0,2006-03-19 15:00:00,constructor_standings_357
6337,54,13,0.0,10,0,2006-03-19 15:00:00,constructor_standings_358
6336,54,7,1.0,7,0,2006-03-19 15:00:00,constructor_standings_359
6335,54,2,2.0,6,0,2006-03-19 15:00:00,constructor_standings_360
6334,54,5,0.0,9,0,2006-03-19 15:00:00,constructor_standings_361
6333,54,9,1.0,8,0,2006-03-19 15:00:00,constructor_standings_362
6332,54,3,5.0,5,0,2006-03-19 15:00:00,constructor_standings_363
6331,54,11,11.0,4,0,2006-03-19 15:00:00,constructor_standings_364
6330,54,1,15.0,3,0,2006-03-19 15:00:00,constructor_standings_365
6329,54,6,15.0,2,0,2006-03-19 15:00:00,constructor_standings_366
6328,54,4,28.0,1,2,2006-03-19 15:00:00,constructor_standings_367
6349,55,8,0.0,11,0,2006-04-02 14:00:00,constructor_standings_368
6348,55,13,0.0,10,0,2006-04-02 14:00:00,constructor_standings_369
6347,55,7,7.0,6,0,2006-04-02 14:00:00,constructor_standings_370
6346,55,2,10.0,5,0,2006-04-02 14:00:00,constructor_standings_371
6345,55,5,0.0,9,0,2006-04-02 14:00:00,constructor_standings_372
6344,55,9,2.0,8,0,2006-04-02 14:00:00,constructor_standings_373
6343,55,3,5.0,7,0,2006-04-02 14:00:00,constructor_standings_374
6342,55,11,13.0,4,0,2006-04-02 14:00:00,constructor_standings_375
6341,55,1,23.0,2,0,2006-04-02 14:00:00,constructor_standings_376
6340,55,6,15.0,3,0,2006-04-02 14:00:00,constructor_standings_377
6339,55,4,42.0,1,3,2006-04-02 14:00:00,constructor_standings_378
6360,56,8,0.0,11,0,2006-04-23 14:00:00,constructor_standings_379
6359,56,13,0.0,10,0,2006-04-23 14:00:00,constructor_standings_380
6358,56,7,7.0,7,0,2006-04-23 14:00:00,constructor_standings_381
6357,56,2,10.0,5,0,2006-04-23 14:00:00,constructor_standings_382
6356,56,5,0.0,9,0,2006-04-23 14:00:00,constructor_standings_383
6355,56,9,2.0,8,0,2006-04-23 14:00:00,constructor_standings_384
6354,56,3,8.0,6,0,2006-04-23 14:00:00,constructor_standings_385
6353,56,11,15.0,4,0,2006-04-23 14:00:00,constructor_standings_386
6352,56,1,33.0,2,0,2006-04-23 14:00:00,constructor_standings_387
6351,56,6,30.0,3,1,2006-04-23 14:00:00,constructor_standings_388
6350,56,4,51.0,1,3,2006-04-23 14:00:00,constructor_standings_389
6371,57,8,0.0,11,0,2006-05-07 14:00:00,constructor_standings_390
6370,57,13,0.0,10,0,2006-05-07 14:00:00,constructor_standings_391
6369,57,7,7.0,7,0,2006-05-07 14:00:00,constructor_standings_392
6368,57,2,11.0,5,0,2006-05-07 14:00:00,constructor_standings_393
6367,57,5,0.0,9,0,2006-05-07 14:00:00,constructor_standings_394
6366,57,9,2.0,8,0,2006-05-07 14:00:00,constructor_standings_395
6365,57,3,10.0,6,0,2006-05-07 14:00:00,constructor_standings_396
6364,57,11,19.0,4,0,2006-05-07 14:00:00,constructor_standings_397
6363,57,1,38.0,3,0,2006-05-07 14:00:00,constructor_standings_398
6362,57,6,46.0,2,2,2006-05-07 14:00:00,constructor_standings_399
6361,57,4,62.0,1,3,2006-05-07 14:00:00,constructor_standings_400
6382,58,8,0.0,11,0,2006-05-14 14:00:00,constructor_standings_401
6381,58,13,0.0,10,0,2006-05-14 14:00:00,constructor_standings_402
6380,58,7,7.0,7,0,2006-05-14 14:00:00,constructor_standings_403
6379,58,2,12.0,5,0,2006-05-14 14:00:00,constructor_standings_404
6378,58,5,0.0,9,0,2006-05-14 14:00:00,constructor_standings_405
6377,58,9,2.0,8,0,2006-05-14 14:00:00,constructor_standings_406
6376,58,3,10.0,6,0,2006-05-14 14:00:00,constructor_standings_407
6375,58,11,24.0,4,0,2006-05-14 14:00:00,constructor_standings_408
6374,58,1,42.0,3,0,2006-05-14 14:00:00,constructor_standings_409
6373,58,6,59.0,2,2,2006-05-14 14:00:00,constructor_standings_410
6372,58,4,78.0,1,4,2006-05-14 14:00:00,constructor_standings_411
6393,59,8,0.0,11,0,2006-05-28 14:00:00,constructor_standings_412
6392,59,13,0.0,10,0,2006-05-28 14:00:00,constructor_standings_413
6391,59,7,8.0,7,0,2006-05-28 14:00:00,constructor_standings_414
6390,59,2,14.0,5,0,2006-05-28 14:00:00,constructor_standings_415
6389,59,5,0.0,9,0,2006-05-28 14:00:00,constructor_standings_416
6388,59,9,8.0,8,0,2006-05-28 14:00:00,constructor_standings_417
6387,59,3,10.0,6,0,2006-05-28 14:00:00,constructor_standings_418
6386,59,11,29.0,4,0,2006-05-28 14:00:00,constructor_standings_419
6385,59,1,50.0,3,0,2006-05-28 14:00:00,constructor_standings_420
6384,59,6,63.0,2,2,2006-05-28 14:00:00,constructor_standings_421
6383,59,4,91.0,1,5,2006-05-28 14:00:00,constructor_standings_422
6404,60,8,0.0,11,0,2006-06-11 12:00:00,constructor_standings_423
6403,60,13,0.0,10,0,2006-06-11 12:00:00,constructor_standings_424
6402,60,7,8.0,7,0,2006-06-11 12:00:00,constructor_standings_425
6401,60,2,17.0,5,0,2006-06-11 12:00:00,constructor_standings_426
6400,60,5,0.0,9,0,2006-06-11 12:00:00,constructor_standings_427
6399,60,9,8.0,8,0,2006-06-11 12:00:00,constructor_standings_428
6398,60,3,10.0,6,0,2006-06-11 12:00:00,constructor_standings_429
6397,60,11,29.0,4,0,2006-06-11 12:00:00,constructor_standings_430
6396,60,1,59.0,3,0,2006-06-11 12:00:00,constructor_standings_431
6395,60,6,75.0,2,2,2006-06-11 12:00:00,constructor_standings_432
6394,60,4,106.0,1,6,2006-06-11 12:00:00,constructor_standings_433
6415,61,8,0.0,11,0,2006-06-25 13:00:00,constructor_standings_434
6414,61,13,0.0,10,0,2006-06-25 13:00:00,constructor_standings_435
6413,61,7,11.0,6,0,2006-06-25 13:00:00,constructor_standings_436
6412,61,2,19.0,5,0,2006-06-25 13:00:00,constructor_standings_437
6411,61,5,0.0,9,0,2006-06-25 13:00:00,constructor_standings_438
6410,61,9,9.0,8,0,2006-06-25 13:00:00,constructor_standings_439
6409,61,3,10.0,7,0,2006-06-25 13:00:00,constructor_standings_440
6408,61,11,29.0,4,0,2006-06-25 13:00:00,constructor_standings_441
6407,61,1,65.0,3,0,2006-06-25 13:00:00,constructor_standings_442
6406,61,6,87.0,2,2,2006-06-25 13:00:00,constructor_standings_443
6405,61,4,121.0,1,7,2006-06-25 13:00:00,constructor_standings_444
6426,62,8,0.0,11,0,2006-07-02 14:00:00,constructor_standings_445
6425,62,13,0.0,10,0,2006-07-02 14:00:00,constructor_standings_446
6424,62,7,16.0,6,0,2006-07-02 14:00:00,constructor_standings_447
6423,62,2,19.0,5,0,2006-07-02 14:00:00,constructor_standings_448
6422,62,5,1.0,9,0,2006-07-02 14:00:00,constructor_standings_449
6421,62,9,11.0,7,0,2006-07-02 14:00:00,constructor_standings_450
6420,62,3,10.0,8,0,2006-07-02 14:00:00,constructor_standings_451
6419,62,11,32.0,4,0,2006-07-02 14:00:00,constructor_standings_452
6418,62,1,65.0,3,0,2006-07-02 14:00:00,constructor_standings_453
6417,62,6,105.0,2,3,2006-07-02 14:00:00,constructor_standings_454
6416,62,4,131.0,1,7,2006-07-02 14:00:00,constructor_standings_455
6437,63,8,0.0,11,0,2006-07-16 14:00:00,constructor_standings_456
6436,63,13,0.0,10,0,2006-07-16 14:00:00,constructor_standings_457
6435,63,7,21.0,5,0,2006-07-16 14:00:00,constructor_standings_458
6434,63,2,20.0,6,0,2006-07-16 14:00:00,constructor_standings_459
6433,63,5,1.0,9,0,2006-07-16 14:00:00,constructor_standings_460
6432,63,9,11.0,7,0,2006-07-16 14:00:00,constructor_standings_461
6431,63,3,10.0,8,0,2006-07-16 14:00:00,constructor_standings_462
6430,63,11,32.0,4,0,2006-07-16 14:00:00,constructor_standings_463
6429,63,1,71.0,3,0,2006-07-16 14:00:00,constructor_standings_464
6428,63,6,121.0,2,4,2006-07-16 14:00:00,constructor_standings_465
6427,63,4,142.0,1,7,2006-07-16 14:00:00,constructor_standings_466
6448,64,8,0.0,11,0,2006-07-30 14:00:00,constructor_standings_467
6447,64,13,0.0,10,0,2006-07-30 14:00:00,constructor_standings_468
6446,64,7,23.0,5,0,2006-07-30 14:00:00,constructor_standings_469
6445,64,2,20.0,6,0,2006-07-30 14:00:00,constructor_standings_470
6444,64,5,1.0,9,0,2006-07-30 14:00:00,constructor_standings_471
6443,64,9,12.0,7,0,2006-07-30 14:00:00,constructor_standings_472
6442,64,3,10.0,8,0,2006-07-30 14:00:00,constructor_standings_473
6441,64,11,37.0,4,0,2006-07-30 14:00:00,constructor_standings_474
6440,64,1,77.0,3,0,2006-07-30 14:00:00,constructor_standings_475
6439,64,6,139.0,2,5,2006-07-30 14:00:00,constructor_standings_476
6438,64,4,149.0,1,7,2006-07-30 14:00:00,constructor_standings_477
6459,65,8,0.0,11,0,2006-08-06 14:00:00,constructor_standings_478
6458,65,13,0.0,10,0,2006-08-06 14:00:00,constructor_standings_479
6457,65,7,26.0,5,0,2006-08-06 14:00:00,constructor_standings_480
6456,65,2,26.0,6,0,2006-08-06 14:00:00,constructor_standings_481
6455,65,5,1.0,9,0,2006-08-06 14:00:00,constructor_standings_482
6454,65,9,16.0,7,0,2006-08-06 14:00:00,constructor_standings_483
6453,65,3,10.0,8,0,2006-08-06 14:00:00,constructor_standings_484
6452,65,11,52.0,4,1,2006-08-06 14:00:00,constructor_standings_485
6451,65,1,85.0,3,0,2006-08-06 14:00:00,constructor_standings_486
6450,65,6,142.0,2,5,2006-08-06 14:00:00,constructor_standings_487
6449,65,4,149.0,1,7,2006-08-06 14:00:00,constructor_standings_488
6470,66,8,0.0,11,0,2006-08-27 15:00:00,constructor_standings_489
6469,66,13,0.0,10,0,2006-08-27 15:00:00,constructor_standings_490
6468,66,7,28.0,5,0,2006-08-27 15:00:00,constructor_standings_491
6467,66,2,26.0,6,0,2006-08-27 15:00:00,constructor_standings_492
6466,66,5,1.0,9,0,2006-08-27 15:00:00,constructor_standings_493
6465,66,9,16.0,7,0,2006-08-27 15:00:00,constructor_standings_494
6464,66,3,10.0,8,0,2006-08-27 15:00:00,constructor_standings_495
6463,66,11,58.0,4,1,2006-08-27 15:00:00,constructor_standings_496
6462,66,1,89.0,3,0,2006-08-27 15:00:00,constructor_standings_497
6461,66,6,158.0,2,6,2006-08-27 15:00:00,constructor_standings_498
6460,66,4,160.0,1,7,2006-08-27 15:00:00,constructor_standings_499
6482,67,14,0.0,12,0,2006-09-10 14:00:00,constructor_standings_500
6481,67,8,0.0,11,0,2006-09-10 14:00:00,constructor_standings_501
6480,67,13,0.0,10,0,2006-09-10 14:00:00,constructor_standings_502
6479,67,7,30.0,6,0,2006-09-10 14:00:00,constructor_standings_503
6478,67,2,33.0,5,0,2006-09-10 14:00:00,constructor_standings_504
6477,67,5,1.0,9,0,2006-09-10 14:00:00,constructor_standings_505
6476,67,9,16.0,7,0,2006-09-10 14:00:00,constructor_standings_506
6475,67,3,10.0,8,0,2006-09-10 14:00:00,constructor_standings_507
6474,67,11,65.0,4,1,2006-09-10 14:00:00,constructor_standings_508
6473,67,1,97.0,3,0,2006-09-10 14:00:00,constructor_standings_509
6472,67,6,168.0,1,7,2006-09-10 14:00:00,constructor_standings_510
6471,67,4,165.0,2,7,2006-09-10 14:00:00,constructor_standings_511
6494,68,14,0.0,12,0,2006-10-01 14:00:00,constructor_standings_512
6493,68,8,0.0,11,0,2006-10-01 14:00:00,constructor_standings_513
6492,68,13,0.0,10,0,2006-10-01 14:00:00,constructor_standings_514
6491,68,7,30.0,6,0,2006-10-01 14:00:00,constructor_standings_515
6490,68,2,35.0,5,0,2006-10-01 14:00:00,constructor_standings_516
6489,68,5,1.0,9,0,2006-10-01 14:00:00,constructor_standings_517
6488,68,9,16.0,7,0,2006-10-01 14:00:00,constructor_standings_518
6487,68,3,11.0,8,0,2006-10-01 14:00:00,constructor_standings_519
6486,68,11,73.0,4,1,2006-10-01 14:00:00,constructor_standings_520
6485,68,1,101.0,3,0,2006-10-01 14:00:00,constructor_standings_521
6484,68,6,178.0,2,8,2006-10-01 14:00:00,constructor_standings_522
6483,68,4,179.0,1,7,2006-10-01 14:00:00,constructor_standings_523
6506,69,14,0.0,12,0,2006-10-08 14:00:00,constructor_standings_524
6505,69,8,0.0,11,0,2006-10-08 14:00:00,constructor_standings_525
6504,69,13,0.0,10,0,2006-10-08 14:00:00,constructor_standings_526
6503,69,7,35.0,6,0,2006-10-08 14:00:00,constructor_standings_527
6502,69,2,36.0,5,0,2006-10-08 14:00:00,constructor_standings_528
6501,69,5,1.0,9,0,2006-10-08 14:00:00,constructor_standings_529
6500,69,9,16.0,7,0,2006-10-08 14:00:00,constructor_standings_530
6499,69,3,11.0,8,0,2006-10-08 14:00:00,constructor_standings_531
6498,69,11,78.0,4,1,2006-10-08 14:00:00,constructor_standings_532
6497,69,1,105.0,3,0,2006-10-08 14:00:00,constructor_standings_533
6496,69,6,186.0,2,8,2006-10-08 14:00:00,constructor_standings_534
6495,69,4,195.0,1,8,2006-10-08 14:00:00,constructor_standings_535
6518,70,14,0.0,12,0,2006-10-22 14:00:00,constructor_standings_536
6517,70,8,0.0,11,0,2006-10-22 14:00:00,constructor_standings_537
6516,70,13,0.0,10,0,2006-10-22 14:00:00,constructor_standings_538
6515,70,7,35.0,6,0,2006-10-22 14:00:00,constructor_standings_539
6514,70,2,36.0,5,0,2006-10-22 14:00:00,constructor_standings_540
6513,70,5,1.0,9,0,2006-10-22 14:00:00,constructor_standings_541
6512,70,9,16.0,7,0,2006-10-22 14:00:00,constructor_standings_542
6511,70,3,11.0,8,0,2006-10-22 14:00:00,constructor_standings_543
6510,70,11,86.0,4,1,2006-10-22 14:00:00,constructor_standings_544
6509,70,1,110.0,3,0,2006-10-22 14:00:00,constructor_standings_545
6508,70,6,201.0,2,9,2006-10-22 14:00:00,constructor_standings_546
6507,70,4,206.0,1,8,2006-10-22 14:00:00,constructor_standings_547
27951,71,17,0.0,8,0,2005-03-06 14:00:00,constructor_standings_548
27950,71,16,0.0,10,0,2005-03-06 14:00:00,constructor_standings_549
27949,71,15,0.0,7,0,2005-03-06 14:00:00,constructor_standings_550
27948,71,7,0.0,6,0,2005-03-06 14:00:00,constructor_standings_551
27947,71,1,4.0,5,0,2005-03-06 14:00:00,constructor_standings_552
27946,71,3,4.0,4,0,2005-03-06 14:00:00,constructor_standings_553
27945,71,9,7.0,3,0,2005-03-06 14:00:00,constructor_standings_554
27944,71,6,8.0,2,0,2005-03-06 14:00:00,constructor_standings_555
27943,71,4,16.0,1,1,2005-03-06 14:00:00,constructor_standings_556
27961,72,17,0.0,8,0,2005-03-20 15:00:00,constructor_standings_557
27960,72,16,0.0,10,0,2005-03-20 15:00:00,constructor_standings_558
27959,72,15,0.0,7,0,2005-03-20 15:00:00,constructor_standings_559
27958,72,7,12.0,2,0,2005-03-20 15:00:00,constructor_standings_560
27957,72,1,9.0,6,0,2005-03-20 15:00:00,constructor_standings_561
27956,72,3,10.0,5,0,2005-03-20 15:00:00,constructor_standings_562
27955,72,9,11.0,3,0,2005-03-20 15:00:00,constructor_standings_563
27954,72,6,10.0,4,0,2005-03-20 15:00:00,constructor_standings_564
27953,72,4,26.0,1,2,2005-03-20 15:00:00,constructor_standings_565
27971,73,17,0.0,8,0,2005-04-03 14:30:00,constructor_standings_566
27970,73,16,0.0,10,0,2005-04-03 14:30:00,constructor_standings_567
27969,73,15,2.0,7,0,2005-04-03 14:30:00,constructor_standings_568
27968,73,7,25.0,2,0,2005-04-03 14:30:00,constructor_standings_569
27967,73,1,19.0,3,0,2005-04-03 14:30:00,constructor_standings_570
27966,73,3,13.0,4,0,2005-04-03 14:30:00,constructor_standings_571
27965,73,9,12.0,5,0,2005-04-03 14:30:00,constructor_standings_572
27964,73,6,10.0,6,0,2005-04-03 14:30:00,constructor_standings_573
27963,73,4,36.0,1,3,2005-04-03 14:30:00,constructor_standings_574
27981,74,17,0.0,8,0,2005-04-24 14:00:00,constructor_standings_575
27980,74,16,0.0,10,0,2005-04-24 14:00:00,constructor_standings_576
27979,74,15,7.0,7,0,2005-04-24 14:00:00,constructor_standings_577
27978,74,7,29.0,2,0,2005-04-24 14:00:00,constructor_standings_578
27977,74,1,25.0,3,0,2005-04-24 14:00:00,constructor_standings_579
27976,74,3,18.0,5,0,2005-04-24 14:00:00,constructor_standings_580
27975,74,9,13.0,6,0,2005-04-24 14:00:00,constructor_standings_581
27974,74,6,18.0,4,0,2005-04-24 14:00:00,constructor_standings_582
27992,75,18,0.0,9,0,2005-05-08 14:00:00,constructor_standings_583
27991,75,17,0.0,8,0,2005-05-08 14:00:00,constructor_standings_584
27990,75,16,0.0,10,0,2005-05-08 14:00:00,constructor_standings_585
27989,75,15,7.0,7,0,2005-05-08 14:00:00,constructor_standings_586
27988,75,7,40.0,2,0,2005-05-08 14:00:00,constructor_standings_587
27987,75,1,37.0,3,1,2005-05-08 14:00:00,constructor_standings_588
27986,75,3,21.0,4,0,2005-05-08 14:00:00,constructor_standings_589
27985,75,9,14.0,6,0,2005-05-08 14:00:00,constructor_standings_590
27984,75,6,18.0,5,0,2005-05-08 14:00:00,constructor_standings_591
28001,76,17,0.0,8,0,2005-05-22 14:00:00,constructor_standings_592
28000,76,16,0.0,10,0,2005-05-22 14:00:00,constructor_standings_593
27999,76,15,7.0,7,0,2005-05-22 14:00:00,constructor_standings_594
27998,76,7,43.0,3,0,2005-05-22 14:00:00,constructor_standings_595
27997,76,1,51.0,2,2,2005-05-22 14:00:00,constructor_standings_596
27996,76,3,35.0,4,0,2005-05-22 14:00:00,constructor_standings_597
27995,76,9,14.0,6,0,2005-05-22 14:00:00,constructor_standings_598
27994,76,6,21.0,5,0,2005-05-22 14:00:00,constructor_standings_599
27993,76,4,63.0,1,4,2005-05-22 14:00:00,constructor_standings_600
28012,77,18,0.0,10,0,2005-05-29 14:00:00,constructor_standings_601
28011,77,17,0.0,8,0,2005-05-29 14:00:00,constructor_standings_602
28010,77,16,0.0,9,0,2005-05-29 14:00:00,constructor_standings_603
28009,77,15,7.0,7,0,2005-05-29 14:00:00,constructor_standings_604
28008,77,7,44.0,3,0,2005-05-29 14:00:00,constructor_standings_605
28007,77,1,53.0,2,2,2005-05-29 14:00:00,constructor_standings_606
28006,77,3,43.0,4,0,2005-05-29 14:00:00,constructor_standings_607
28005,77,9,19.0,6,0,2005-05-29 14:00:00,constructor_standings_608
28004,77,6,31.0,5,0,2005-05-29 14:00:00,constructor_standings_609
28003,77,4,76.0,1,5,2005-05-29 14:00:00,constructor_standings_610
28022,78,18,0.0,10,0,2005-06-12 13:00:00,constructor_standings_611
28021,78,17,0.0,8,0,2005-06-12 13:00:00,constructor_standings_612
28020,78,16,0.0,9,0,2005-06-12 13:00:00,constructor_standings_613
28019,78,15,12.0,7,0,2005-06-12 13:00:00,constructor_standings_614
28018,78,7,47.0,4,0,2005-06-12 13:00:00,constructor_standings_615
28017,78,1,63.0,2,3,2005-06-12 13:00:00,constructor_standings_616
28016,78,3,47.0,3,0,2005-06-12 13:00:00,constructor_standings_617
28015,78,9,22.0,6,0,2005-06-12 13:00:00,constructor_standings_618
28014,78,6,45.0,5,0,2005-06-12 13:00:00,constructor_standings_619
28013,78,4,76.0,1,5,2005-06-12 13:00:00,constructor_standings_620
28032,79,18,7.0,9,0,2005-06-19 14:00:00,constructor_standings_621
28031,79,17,11.0,8,0,2005-06-19 14:00:00,constructor_standings_622
28030,79,16,0.0,10,0,2005-06-19 14:00:00,constructor_standings_623
28029,79,15,12.0,7,0,2005-06-19 14:00:00,constructor_standings_624
28028,79,7,47.0,5,0,2005-06-19 14:00:00,constructor_standings_625
28027,79,1,63.0,2,3,2005-06-19 14:00:00,constructor_standings_626
28026,79,3,47.0,4,0,2005-06-19 14:00:00,constructor_standings_627
28025,79,9,22.0,6,0,2005-06-19 14:00:00,constructor_standings_628
28024,79,6,63.0,3,1,2005-06-19 14:00:00,constructor_standings_629
28023,79,4,76.0,1,5,2005-06-19 14:00:00,constructor_standings_630
28042,80,18,7.0,9,0,2005-07-03 14:00:00,constructor_standings_631
28041,80,17,11.0,8,0,2005-07-03 14:00:00,constructor_standings_632
28040,80,16,5.0,10,0,2005-07-03 14:00:00,constructor_standings_633
28039,80,15,13.0,7,0,2005-07-03 14:00:00,constructor_standings_634
28038,80,7,53.0,4,0,2005-07-03 14:00:00,constructor_standings_635
28037,80,1,71.0,2,3,2005-07-03 14:00:00,constructor_standings_636
28036,80,3,47.0,5,0,2005-07-03 14:00:00,constructor_standings_637
28035,80,9,22.0,6,0,2005-07-03 14:00:00,constructor_standings_638
28034,80,6,69.0,3,1,2005-07-03 14:00:00,constructor_standings_639
28033,80,4,89.0,1,6,2005-07-03 14:00:00,constructor_standings_640
28052,81,18,7.0,10,0,2005-07-10 14:00:00,constructor_standings_641
28051,81,17,11.0,8,0,2005-07-10 14:00:00,constructor_standings_642
28050,81,16,9.0,9,0,2005-07-10 14:00:00,constructor_standings_643
28049,81,15,13.0,7,0,2005-07-10 14:00:00,constructor_standings_644
28048,81,7,54.0,4,0,2005-07-10 14:00:00,constructor_standings_645
28047,81,1,87.0,2,4,2005-07-10 14:00:00,constructor_standings_646
28046,81,3,47.0,5,0,2005-07-10 14:00:00,constructor_standings_647
28045,81,9,22.0,6,0,2005-07-10 14:00:00,constructor_standings_648
28044,81,6,74.0,3,1,2005-07-10 14:00:00,constructor_standings_649
28043,81,4,102.0,1,6,2005-07-10 14:00:00,constructor_standings_650
28062,82,18,7.0,10,0,2005-07-24 14:00:00,constructor_standings_651
28061,82,17,11.0,9,0,2005-07-24 14:00:00,constructor_standings_652
28060,82,16,15.0,7,0,2005-07-24 14:00:00,constructor_standings_653
28059,82,15,14.0,8,0,2005-07-24 14:00:00,constructor_standings_654
28058,82,7,57.0,4,0,2005-07-24 14:00:00,constructor_standings_655
28057,82,1,95.0,2,4,2005-07-24 14:00:00,constructor_standings_656
28056,82,3,47.0,5,0,2005-07-24 14:00:00,constructor_standings_657
28055,82,9,24.0,6,0,2005-07-24 14:00:00,constructor_standings_658
28054,82,6,78.0,3,1,2005-07-24 14:00:00,constructor_standings_659
28053,82,4,117.0,1,7,2005-07-24 14:00:00,constructor_standings_660
28072,83,18,7.0,10,0,2005-07-31 14:00:00,constructor_standings_661
28071,83,17,11.0,9,0,2005-07-31 14:00:00,constructor_standings_662
28070,83,16,20.0,7,0,2005-07-31 14:00:00,constructor_standings_663
28069,83,15,14.0,8,0,2005-07-31 14:00:00,constructor_standings_664
28068,83,7,68.0,4,0,2005-07-31 14:00:00,constructor_standings_665
28067,83,1,105.0,2,5,2005-07-31 14:00:00,constructor_standings_666
28066,83,3,52.0,5,0,2005-07-31 14:00:00,constructor_standings_667
28065,83,9,24.0,6,0,2005-07-31 14:00:00,constructor_standings_668
28064,83,6,86.0,3,1,2005-07-31 14:00:00,constructor_standings_669
28063,83,4,117.0,1,7,2005-07-31 14:00:00,constructor_standings_670
28082,84,18,7.0,10,0,2005-08-21 15:00:00,constructor_standings_671
28081,84,17,11.0,9,0,2005-08-21 15:00:00,constructor_standings_672
28080,84,16,24.0,7,0,2005-08-21 15:00:00,constructor_standings_673
28079,84,15,14.0,8,0,2005-08-21 15:00:00,constructor_standings_674
28078,84,7,71.0,4,0,2005-08-21 15:00:00,constructor_standings_675
28077,84,1,121.0,2,6,2005-08-21 15:00:00,constructor_standings_676
28076,84,3,52.0,5,0,2005-08-21 15:00:00,constructor_standings_677
28075,84,9,27.0,6,0,2005-08-21 15:00:00,constructor_standings_678
28074,84,6,86.0,3,1,2005-08-21 15:00:00,constructor_standings_679
28073,84,4,130.0,1,7,2005-08-21 15:00:00,constructor_standings_680
28092,85,18,7.0,10,0,2005-09-04 14:00:00,constructor_standings_681
28091,85,17,11.0,9,0,2005-09-04 14:00:00,constructor_standings_682
28090,85,16,25.0,7,0,2005-09-04 14:00:00,constructor_standings_683
28089,85,15,14.0,8,0,2005-09-04 14:00:00,constructor_standings_684
28088,85,7,78.0,4,0,2005-09-04 14:00:00,constructor_standings_685
28087,85,1,136.0,2,7,2005-09-04 14:00:00,constructor_standings_686
28086,85,3,54.0,5,0,2005-09-04 14:00:00,constructor_standings_687
28085,85,9,27.0,6,0,2005-09-04 14:00:00,constructor_standings_688
28084,85,6,86.0,3,1,2005-09-04 14:00:00,constructor_standings_689
28083,85,4,144.0,1,7,2005-09-04 14:00:00,constructor_standings_690
28102,86,18,7.0,10,0,2005-09-11 14:00:00,constructor_standings_691
28101,86,17,12.0,9,0,2005-09-11 14:00:00,constructor_standings_692
28100,86,16,31.0,6,0,2005-09-11 14:00:00,constructor_standings_693
28099,86,15,17.0,8,0,2005-09-11 14:00:00,constructor_standings_694
28098,86,7,80.0,4,0,2005-09-11 14:00:00,constructor_standings_695
28097,86,1,146.0,2,8,2005-09-11 14:00:00,constructor_standings_696
28096,86,3,59.0,5,0,2005-09-11 14:00:00,constructor_standings_697
28095,86,9,27.0,7,0,2005-09-11 14:00:00,constructor_standings_698
28094,86,6,90.0,3,1,2005-09-11 14:00:00,constructor_standings_699
28093,86,4,152.0,1,7,2005-09-11 14:00:00,constructor_standings_700
28112,87,18,7.0,10,0,2005-09-25 14:00:00,constructor_standings_701
28111,87,17,12.0,9,0,2005-09-25 14:00:00,constructor_standings_702
28110,87,16,33.0,6,0,2005-09-25 14:00:00,constructor_standings_703
28109,87,15,17.0,8,0,2005-09-25 14:00:00,constructor_standings_704
28108,87,7,81.0,4,0,2005-09-25 14:00:00,constructor_standings_705
28107,87,1,164.0,1,9,2005-09-25 14:00:00,constructor_standings_706
28106,87,3,59.0,5,0,2005-09-25 14:00:00,constructor_standings_707
28105,87,9,27.0,7,0,2005-09-25 14:00:00,constructor_standings_708
28104,87,6,98.0,3,1,2005-09-25 14:00:00,constructor_standings_709
28103,87,4,162.0,2,7,2005-09-25 14:00:00,constructor_standings_710
28122,88,18,7.0,10,0,2005-10-09 14:00:00,constructor_standings_711
28121,88,17,12.0,9,0,2005-10-09 14:00:00,constructor_standings_712
28120,88,16,37.0,6,0,2005-10-09 14:00:00,constructor_standings_713
28119,88,15,17.0,8,0,2005-10-09 14:00:00,constructor_standings_714
28118,88,7,82.0,4,0,2005-10-09 14:00:00,constructor_standings_715
28117,88,1,174.0,2,10,2005-10-09 14:00:00,constructor_standings_716
28116,88,3,64.0,5,0,2005-10-09 14:00:00,constructor_standings_717
28115,88,9,30.0,7,0,2005-10-09 14:00:00,constructor_standings_718
28114,88,6,100.0,3,1,2005-10-09 14:00:00,constructor_standings_719
28113,88,4,176.0,1,7,2005-10-09 14:00:00,constructor_standings_720
28132,89,18,7.0,10,0,2005-10-16 14:00:00,constructor_standings_721
28131,89,17,12.0,9,0,2005-10-16 14:00:00,constructor_standings_722
28130,89,16,38.0,6,0,2005-10-16 14:00:00,constructor_standings_723
28129,89,15,20.0,8,0,2005-10-16 14:00:00,constructor_standings_724
28128,89,7,88.0,4,0,2005-10-16 14:00:00,constructor_standings_725
28127,89,1,182.0,2,10,2005-10-16 14:00:00,constructor_standings_726
28126,89,3,66.0,5,0,2005-10-16 14:00:00,constructor_standings_727
28125,89,9,34.0,7,0,2005-10-16 14:00:00,constructor_standings_728
28124,89,6,100.0,3,1,2005-10-16 14:00:00,constructor_standings_729
28123,89,4,191.0,1,8,2005-10-16 14:00:00,constructor_standings_730
6146,90,17,0.0,9,0,2004-03-07 00:00:00,constructor_standings_731
6145,90,7,0.0,8,0,2004-03-07 00:00:00,constructor_standings_732
6144,90,19,0.0,7,0,2004-03-07 00:00:00,constructor_standings_733
6143,90,15,0.0,6,0,2004-03-07 00:00:00,constructor_standings_734
6142,90,1,1.0,5,0,2004-03-07 00:00:00,constructor_standings_735
6141,90,16,3.0,4,0,2004-03-07 00:00:00,constructor_standings_736
6140,90,3,9.0,2,0,2004-03-07 00:00:00,constructor_standings_737
6139,90,4,8.0,3,0,2004-03-07 00:00:00,constructor_standings_738
6138,90,6,18.0,1,1,2004-03-07 00:00:00,constructor_standings_739
6156,91,18,0.0,10,0,2004-03-21 00:00:00,constructor_standings_740
6155,91,17,0.0,9,0,2004-03-21 00:00:00,constructor_standings_741
6154,91,7,0.0,7,0,2004-03-21 00:00:00,constructor_standings_742
6153,91,19,0.0,8,0,2004-03-21 00:00:00,constructor_standings_743
6152,91,15,1.0,6,0,2004-03-21 00:00:00,constructor_standings_744
6151,91,1,4.0,5,0,2004-03-21 00:00:00,constructor_standings_745
6150,91,16,9.0,4,0,2004-03-21 00:00:00,constructor_standings_746
6149,91,3,17.0,2,0,2004-03-21 00:00:00,constructor_standings_747
6148,91,4,14.0,3,0,2004-03-21 00:00:00,constructor_standings_748
6147,91,6,33.0,1,2,2004-03-21 00:00:00,constructor_standings_749
6166,92,18,0.0,10,0,2004-04-04 00:00:00,constructor_standings_750
6165,92,17,0.0,9,0,2004-04-04 00:00:00,constructor_standings_751
6164,92,7,0.0,8,0,2004-04-04 00:00:00,constructor_standings_752
6163,92,19,1.0,7,0,2004-04-04 00:00:00,constructor_standings_753
6162,92,15,1.0,6,0,2004-04-04 00:00:00,constructor_standings_754
6161,92,1,4.0,5,0,2004-04-04 00:00:00,constructor_standings_755
6160,92,16,19.0,4,0,2004-04-04 00:00:00,constructor_standings_756
6159,92,3,19.0,3,0,2004-04-04 00:00:00,constructor_standings_757
6158,92,4,22.0,2,0,2004-04-04 00:00:00,constructor_standings_758
6157,92,6,51.0,1,3,2004-04-04 00:00:00,constructor_standings_759
6176,93,18,0.0,10,0,2004-04-25 00:00:00,constructor_standings_760
6175,93,17,0.0,9,0,2004-04-25 00:00:00,constructor_standings_761
6174,93,7,0.0,8,0,2004-04-25 00:00:00,constructor_standings_762
6173,93,19,1.0,7,0,2004-04-25 00:00:00,constructor_standings_763
6172,93,15,1.0,6,0,2004-04-25 00:00:00,constructor_standings_764
6171,93,1,5.0,5,0,2004-04-25 00:00:00,constructor_standings_765
6170,93,16,27.0,3,0,2004-04-25 00:00:00,constructor_standings_766
6169,93,3,27.0,4,0,2004-04-25 00:00:00,constructor_standings_767
6168,93,4,31.0,2,0,2004-04-25 00:00:00,constructor_standings_768
6167,93,6,64.0,1,4,2004-04-25 00:00:00,constructor_standings_769
6186,94,18,0.0,10,0,2004-05-09 00:00:00,constructor_standings_770
6185,94,17,0.0,9,0,2004-05-09 00:00:00,constructor_standings_771
6184,94,7,0.0,8,0,2004-05-09 00:00:00,constructor_standings_772
6183,94,19,1.0,7,0,2004-05-09 00:00:00,constructor_standings_773
6182,94,15,3.0,6,0,2004-05-09 00:00:00,constructor_standings_774
6181,94,1,5.0,5,0,2004-05-09 00:00:00,constructor_standings_775
6180,94,16,32.0,3,0,2004-05-09 00:00:00,constructor_standings_776
6179,94,3,30.0,4,0,2004-05-09 00:00:00,constructor_standings_777
6178,94,4,42.0,2,0,2004-05-09 00:00:00,constructor_standings_778
6177,94,6,82.0,1,5,2004-05-09 00:00:00,constructor_standings_779
6196,95,18,0.0,10,0,2004-05-23 00:00:00,constructor_standings_780
6195,95,17,2.0,8,0,2004-05-23 00:00:00,constructor_standings_781
6194,95,7,4.0,7,0,2004-05-23 00:00:00,constructor_standings_782
6193,95,19,1.0,9,0,2004-05-23 00:00:00,constructor_standings_783
6192,95,15,7.0,5,0,2004-05-23 00:00:00,constructor_standings_784
6191,95,1,5.0,6,0,2004-05-23 00:00:00,constructor_standings_785
6190,95,16,40.0,3,0,2004-05-23 00:00:00,constructor_standings_786
6189,95,3,35.0,4,0,2004-05-23 00:00:00,constructor_standings_787
6188,95,4,52.0,2,1,2004-05-23 00:00:00,constructor_standings_788
6187,95,6,88.0,1,5,2004-05-23 00:00:00,constructor_standings_789
6206,96,18,0.0,10,0,2004-05-30 00:00:00,constructor_standings_790
6205,96,17,2.0,9,0,2004-05-30 00:00:00,constructor_standings_791
6204,96,7,4.0,7,0,2004-05-30 00:00:00,constructor_standings_792
6203,96,19,3.0,8,0,2004-05-30 00:00:00,constructor_standings_793
6202,96,15,10.0,5,0,2004-05-30 00:00:00,constructor_standings_794
6201,96,1,5.0,6,0,2004-05-30 00:00:00,constructor_standings_795
6200,96,16,46.0,3,0,2004-05-30 00:00:00,constructor_standings_796
6199,96,3,36.0,4,0,2004-05-30 00:00:00,constructor_standings_797
6198,96,4,61.0,2,1,2004-05-30 00:00:00,constructor_standings_798
6197,96,6,106.0,1,6,2004-05-30 00:00:00,constructor_standings_799
6216,97,18,0.0,10,0,2004-06-13 00:00:00,constructor_standings_800
6215,97,17,5.0,7,0,2004-06-13 00:00:00,constructor_standings_801
6214,97,7,4.0,8,0,2004-06-13 00:00:00,constructor_standings_802
6213,97,19,3.0,9,0,2004-06-13 00:00:00,constructor_standings_803
6212,97,15,15.0,5,0,2004-06-13 00:00:00,constructor_standings_804
6211,97,1,12.0,6,0,2004-06-13 00:00:00,constructor_standings_805
6210,97,16,52.0,3,0,2004-06-13 00:00:00,constructor_standings_806
6209,97,3,36.0,4,0,2004-06-13 00:00:00,constructor_standings_807
6208,97,4,61.0,2,1,2004-06-13 00:00:00,constructor_standings_808
6207,97,6,124.0,1,7,2004-06-13 00:00:00,constructor_standings_809
6226,98,18,1.0,10,0,2004-06-20 00:00:00,constructor_standings_810
6225,98,17,5.0,8,0,2004-06-20 00:00:00,constructor_standings_811
6224,98,7,8.0,7,0,2004-06-20 00:00:00,constructor_standings_812
6223,98,19,3.0,9,0,2004-06-20 00:00:00,constructor_standings_813
6222,98,15,15.0,6,0,2004-06-20 00:00:00,constructor_standings_814
6221,98,1,17.0,5,0,2004-06-20 00:00:00,constructor_standings_815
6220,98,16,58.0,3,0,2004-06-20 00:00:00,constructor_standings_816
6219,98,3,36.0,4,0,2004-06-20 00:00:00,constructor_standings_817
6218,98,4,66.0,2,1,2004-06-20 00:00:00,constructor_standings_818
6217,98,6,142.0,1,8,2004-06-20 00:00:00,constructor_standings_819
6236,99,18,1.0,10,0,2004-07-04 00:00:00,constructor_standings_820
6235,99,17,5.0,8,0,2004-07-04 00:00:00,constructor_standings_821
6234,99,7,8.0,7,0,2004-07-04 00:00:00,constructor_standings_822
6233,99,19,3.0,9,0,2004-07-04 00:00:00,constructor_standings_823
6232,99,15,15.0,6,0,2004-07-04 00:00:00,constructor_standings_824
6231,99,1,22.0,5,0,2004-07-04 00:00:00,constructor_standings_825
6230,99,16,62.0,3,0,2004-07-04 00:00:00,constructor_standings_826
6229,99,3,37.0,4,0,2004-07-04 00:00:00,constructor_standings_827
6228,99,4,79.0,2,1,2004-07-04 00:00:00,constructor_standings_828
6227,99,6,158.0,1,9,2004-07-04 00:00:00,constructor_standings_829
6246,100,18,1.0,10,0,2004-07-11 00:00:00,constructor_standings_830
6245,100,17,5.0,8,0,2004-07-11 00:00:00,constructor_standings_831
6244,100,7,8.0,7,0,2004-07-11 00:00:00,constructor_standings_832
6243,100,19,4.0,9,0,2004-07-11 00:00:00,constructor_standings_833
6242,100,15,18.0,6,0,2004-07-11 00:00:00,constructor_standings_834
6241,100,1,32.0,5,0,2004-07-11 00:00:00,constructor_standings_835
6240,100,16,67.0,3,0,2004-07-11 00:00:00,constructor_standings_836
6239,100,3,41.0,4,0,2004-07-11 00:00:00,constructor_standings_837
6238,100,4,79.0,2,1,2004-07-11 00:00:00,constructor_standings_838
6237,100,6,174.0,1,10,2004-07-11 00:00:00,constructor_standings_839
6256,101,18,1.0,10,0,2004-07-25 00:00:00,constructor_standings_840
6255,101,17,5.0,9,0,2004-07-25 00:00:00,constructor_standings_841
6254,101,7,8.0,7,0,2004-07-25 00:00:00,constructor_standings_842
6253,101,19,7.0,8,0,2004-07-25 00:00:00,constructor_standings_843
6252,101,15,18.0,6,0,2004-07-25 00:00:00,constructor_standings_844
6251,101,1,37.0,5,0,2004-07-25 00:00:00,constructor_standings_845
6250,101,16,76.0,3,0,2004-07-25 00:00:00,constructor_standings_846
6249,101,3,47.0,4,0,2004-07-25 00:00:00,constructor_standings_847
6248,101,4,85.0,2,1,2004-07-25 00:00:00,constructor_standings_848
6247,101,6,184.0,1,11,2004-07-25 00:00:00,constructor_standings_849
6266,102,18,1.0,10,0,2004-08-15 00:00:00,constructor_standings_850
6265,102,17,5.0,9,0,2004-08-15 00:00:00,constructor_standings_851
6264,102,7,8.0,7,0,2004-08-15 00:00:00,constructor_standings_852
6263,102,19,7.0,8,0,2004-08-15 00:00:00,constructor_standings_853
6262,102,15,19.0,6,0,2004-08-15 00:00:00,constructor_standings_854
6261,102,1,37.0,5,0,2004-08-15 00:00:00,constructor_standings_855
6260,102,16,83.0,3,0,2004-08-15 00:00:00,constructor_standings_856
6259,102,3,54.0,4,0,2004-08-15 00:00:00,constructor_standings_857
6258,102,4,91.0,2,1,2004-08-15 00:00:00,constructor_standings_858
6257,102,6,202.0,1,12,2004-08-15 00:00:00,constructor_standings_859
6276,103,18,1.0,10,0,2004-08-29 00:00:00,constructor_standings_860
6275,103,17,5.0,9,0,2004-08-29 00:00:00,constructor_standings_861
6274,103,7,9.0,8,0,2004-08-29 00:00:00,constructor_standings_862
6273,103,19,10.0,7,0,2004-08-29 00:00:00,constructor_standings_863
6272,103,15,28.0,6,0,2004-08-29 00:00:00,constructor_standings_864
6271,103,1,49.0,5,1,2004-08-29 00:00:00,constructor_standings_865
6270,103,16,83.0,3,0,2004-08-29 00:00:00,constructor_standings_866
6269,103,3,54.0,4,0,2004-08-29 00:00:00,constructor_standings_867
6268,103,4,91.0,2,1,2004-08-29 00:00:00,constructor_standings_868
6267,103,6,216.0,1,12,2004-08-29 00:00:00,constructor_standings_869
6286,104,18,1.0,10,0,2004-09-12 00:00:00,constructor_standings_870
6285,104,17,5.0,9,0,2004-09-12 00:00:00,constructor_standings_871
6284,104,7,9.0,8,0,2004-09-12 00:00:00,constructor_standings_872
6283,104,19,10.0,7,0,2004-09-12 00:00:00,constructor_standings_873
6282,104,15,29.0,6,0,2004-09-12 00:00:00,constructor_standings_874
6281,104,1,52.0,5,1,2004-09-12 00:00:00,constructor_standings_875
6280,104,16,94.0,2,0,2004-09-12 00:00:00,constructor_standings_876
6279,104,3,60.0,4,0,2004-09-12 00:00:00,constructor_standings_877
6278,104,4,91.0,3,1,2004-09-12 00:00:00,constructor_standings_878
6277,104,6,234.0,1,13,2004-09-12 00:00:00,constructor_standings_879
6296,105,18,1.0,10,0,2004-09-26 00:00:00,constructor_standings_880
6295,105,17,5.0,9,0,2004-09-26 00:00:00,constructor_standings_881
6294,105,7,9.0,8,0,2004-09-26 00:00:00,constructor_standings_882
6293,105,19,10.0,7,0,2004-09-26 00:00:00,constructor_standings_883
6292,105,15,32.0,6,0,2004-09-26 00:00:00,constructor_standings_884
6291,105,1,58.0,5,1,2004-09-26 00:00:00,constructor_standings_885
6290,105,16,105.0,2,0,2004-09-26 00:00:00,constructor_standings_886
6289,105,3,64.0,4,0,2004-09-26 00:00:00,constructor_standings_887
6288,105,4,96.0,3,1,2004-09-26 00:00:00,constructor_standings_888
6287,105,6,244.0,1,14,2004-09-26 00:00:00,constructor_standings_889
6306,106,18,1.0,10,0,2004-10-10 00:00:00,constructor_standings_890
6305,106,17,5.0,9,0,2004-10-10 00:00:00,constructor_standings_891
6304,106,7,9.0,8,0,2004-10-10 00:00:00,constructor_standings_892
6303,106,19,10.0,7,0,2004-10-10 00:00:00,constructor_standings_893
6302,106,15,33.0,6,0,2004-10-10 00:00:00,constructor_standings_894
6301,106,1,61.0,5,1,2004-10-10 00:00:00,constructor_standings_895
6300,106,16,116.0,2,0,2004-10-10 00:00:00,constructor_standings_896
6299,106,3,74.0,4,0,2004-10-10 00:00:00,constructor_standings_897
6298,106,4,100.0,3,1,2004-10-10 00:00:00,constructor_standings_898
6297,106,6,254.0,1,15,2004-10-10 00:00:00,constructor_standings_899
6316,107,18,1.0,10,0,2004-10-24 00:00:00,constructor_standings_900
6315,107,17,5.0,9,0,2004-10-24 00:00:00,constructor_standings_901
6314,107,7,9.0,8,0,2004-10-24 00:00:00,constructor_standings_902
6313,107,19,10.0,7,0,2004-10-24 00:00:00,constructor_standings_903
6312,107,15,34.0,6,0,2004-10-24 00:00:00,constructor_standings_904
6311,107,1,69.0,5,1,2004-10-24 00:00:00,constructor_standings_905
6310,107,16,119.0,2,0,2004-10-24 00:00:00,constructor_standings_906
6309,107,3,88.0,4,1,2004-10-24 00:00:00,constructor_standings_907
6308,107,4,105.0,3,1,2004-10-24 00:00:00,constructor_standings_908
6307,107,6,262.0,1,15,2004-10-24 00:00:00,constructor_standings_909
5988,108,18,0.0,7,0,2003-03-09 00:00:00,constructor_standings_910
5987,108,16,0.0,6,0,2003-03-09 00:00:00,constructor_standings_911
5986,108,15,3.0,5,0,2003-03-09 00:00:00,constructor_standings_912
5985,108,4,6.0,3,0,2003-03-09 00:00:00,constructor_standings_913
5984,108,6,5.0,4,0,2003-03-09 00:00:00,constructor_standings_914
5983,108,3,9.0,2,0,2003-03-09 00:00:00,constructor_standings_915
5982,108,1,16.0,1,1,2003-03-09 00:00:00,constructor_standings_916
5997,109,7,0.0,9,0,2003-03-23 00:00:00,constructor_standings_917
5996,109,17,0.0,7,0,2003-03-23 00:00:00,constructor_standings_918
5995,109,18,0.0,8,0,2003-03-23 00:00:00,constructor_standings_919
5994,109,16,2.0,6,0,2003-03-23 00:00:00,constructor_standings_920
5993,109,15,4.0,5,0,2003-03-23 00:00:00,constructor_standings_921
5992,109,4,16.0,3,0,2003-03-23 00:00:00,constructor_standings_922
5991,109,6,16.0,2,0,2003-03-23 00:00:00,constructor_standings_923
5990,109,3,14.0,4,0,2003-03-23 00:00:00,constructor_standings_924
5989,109,1,26.0,1,2,2003-03-23 00:00:00,constructor_standings_925
6007,110,19,0.0,8,0,2003-04-06 00:00:00,constructor_standings_926
6006,110,7,0.0,9,0,2003-04-06 00:00:00,constructor_standings_927
6005,110,17,10.0,5,1,2003-04-06 00:00:00,constructor_standings_928
6004,110,18,0.0,10,0,2003-04-06 00:00:00,constructor_standings_929
6003,110,16,5.0,7,0,2003-04-06 00:00:00,constructor_standings_930
6002,110,15,8.0,6,0,2003-04-06 00:00:00,constructor_standings_931
6001,110,4,23.0,2,0,2003-04-06 00:00:00,constructor_standings_932
6000,110,6,16.0,3,0,2003-04-06 00:00:00,constructor_standings_933
5999,110,3,16.0,4,0,2003-04-06 00:00:00,constructor_standings_934
5998,110,1,39.0,1,2,2003-04-06 00:00:00,constructor_standings_935
6017,111,19,0.0,9,0,2003-04-20 00:00:00,constructor_standings_936
6016,111,7,0.0,8,0,2003-04-20 00:00:00,constructor_standings_937
6015,111,17,10.0,5,1,2003-04-20 00:00:00,constructor_standings_938
6014,111,18,0.0,10,0,2003-04-20 00:00:00,constructor_standings_939
6013,111,16,6.0,7,0,2003-04-20 00:00:00,constructor_standings_940
6012,111,15,8.0,6,0,2003-04-20 00:00:00,constructor_standings_941
6011,111,4,26.0,3,0,2003-04-20 00:00:00,constructor_standings_942
6010,111,6,32.0,2,1,2003-04-20 00:00:00,constructor_standings_943
6009,111,3,23.0,4,0,2003-04-20 00:00:00,constructor_standings_944
6008,111,1,51.0,1,2,2003-04-20 00:00:00,constructor_standings_945
6027,112,19,2.0,9,0,2003-05-04 00:00:00,constructor_standings_946
6026,112,7,3.0,8,0,2003-05-04 00:00:00,constructor_standings_947
6025,112,17,11.0,5,1,2003-05-04 00:00:00,constructor_standings_948
6024,112,18,0.0,10,0,2003-05-04 00:00:00,constructor_standings_949
6023,112,16,6.0,7,0,2003-05-04 00:00:00,constructor_standings_950
6022,112,15,8.0,6,0,2003-05-04 00:00:00,constructor_standings_951
6021,112,4,34.0,3,0,2003-05-04 00:00:00,constructor_standings_952
6020,112,6,48.0,2,2,2003-05-04 00:00:00,constructor_standings_953
6019,112,3,32.0,4,0,2003-05-04 00:00:00,constructor_standings_954
6018,112,1,51.0,1,2,2003-05-04 00:00:00,constructor_standings_955
6037,113,19,4.0,8,0,2003-05-18 00:00:00,constructor_standings_956
6036,113,7,3.0,9,0,2003-05-18 00:00:00,constructor_standings_957
6035,113,17,11.0,5,1,2003-05-18 00:00:00,constructor_standings_958
6034,113,18,0.0,10,0,2003-05-18 00:00:00,constructor_standings_959
6033,113,16,11.0,6,0,2003-05-18 00:00:00,constructor_standings_960
6032,113,15,8.0,7,0,2003-05-18 00:00:00,constructor_standings_961
6031,113,4,35.0,3,0,2003-05-18 00:00:00,constructor_standings_962
6030,113,6,64.0,1,3,2003-05-18 00:00:00,constructor_standings_963
6029,113,3,35.0,4,0,2003-05-18 00:00:00,constructor_standings_964
6028,113,1,63.0,2,2,2003-05-18 00:00:00,constructor_standings_965
6047,114,19,4.0,8,0,2003-06-01 00:00:00,constructor_standings_966
6046,114,7,3.0,9,0,2003-06-01 00:00:00,constructor_standings_967
6045,114,17,11.0,5,1,2003-06-01 00:00:00,constructor_standings_968
6044,114,18,0.0,10,0,2003-06-01 00:00:00,constructor_standings_969
6043,114,16,11.0,6,0,2003-06-01 00:00:00,constructor_standings_970
6042,114,15,8.0,7,0,2003-06-01 00:00:00,constructor_standings_971
6041,114,4,42.0,4,0,2003-06-01 00:00:00,constructor_standings_972
6040,114,6,71.0,2,3,2003-06-01 00:00:00,constructor_standings_973
6039,114,3,50.0,3,1,2003-06-01 00:00:00,constructor_standings_974
6038,114,1,73.0,1,2,2003-06-01 00:00:00,constructor_standings_975
6057,115,19,6.0,8,0,2003-06-15 00:00:00,constructor_standings_976
6056,115,7,4.0,9,0,2003-06-15 00:00:00,constructor_standings_977
6055,115,17,11.0,5,1,2003-06-15 00:00:00,constructor_standings_978
6054,115,18,0.0,10,0,2003-06-15 00:00:00,constructor_standings_979
6053,115,16,11.0,6,0,2003-06-15 00:00:00,constructor_standings_980
6052,115,15,8.0,7,0,2003-06-15 00:00:00,constructor_standings_981
6051,115,4,47.0,4,0,2003-06-15 00:00:00,constructor_standings_982
6050,115,6,85.0,1,4,2003-06-15 00:00:00,constructor_standings_983
6049,115,3,64.0,3,1,2003-06-15 00:00:00,constructor_standings_984
6048,115,1,76.0,2,2,2003-06-15 00:00:00,constructor_standings_985
6067,116,19,9.0,8,0,2003-06-29 00:00:00,constructor_standings_986
6066,116,7,4.0,9,0,2003-06-29 00:00:00,constructor_standings_987
6065,116,17,11.0,6,1,2003-06-29 00:00:00,constructor_standings_988
6064,116,18,0.0,10,0,2003-06-29 00:00:00,constructor_standings_989
6063,116,16,13.0,5,0,2003-06-29 00:00:00,constructor_standings_990
6062,116,15,9.0,7,0,2003-06-29 00:00:00,constructor_standings_991
6061,116,4,52.0,4,0,2003-06-29 00:00:00,constructor_standings_992
6060,116,6,95.0,1,4,2003-06-29 00:00:00,constructor_standings_993
6059,116,3,82.0,2,2,2003-06-29 00:00:00,constructor_standings_994
6058,116,1,76.0,3,2,2003-06-29 00:00:00,constructor_standings_995
6077,117,19,12.0,6,0,2003-07-06 00:00:00,constructor_standings_996
6076,117,7,5.0,9,0,2003-07-06 00:00:00,constructor_standings_997
6075,117,17,11.0,7,1,2003-07-06 00:00:00,constructor_standings_998
6074,117,18,0.0,10,0,2003-07-06 00:00:00,constructor_standings_999
6073,117,16,13.0,5,0,2003-07-06 00:00:00,constructor_standings_1000
6072,117,15,9.0,8,0,2003-07-06 00:00:00,constructor_standings_1001
6071,117,4,52.0,4,0,2003-07-06 00:00:00,constructor_standings_1002
6070,117,6,103.0,1,4,2003-07-06 00:00:00,constructor_standings_1003
6069,117,3,100.0,2,3,2003-07-06 00:00:00,constructor_standings_1004
6068,117,1,85.0,3,2,2003-07-06 00:00:00,constructor_standings_1005
6087,118,19,12.0,6,0,2003-07-20 00:00:00,constructor_standings_1006
6086,118,7,7.0,9,0,2003-07-20 00:00:00,constructor_standings_1007
6085,118,17,11.0,7,1,2003-07-20 00:00:00,constructor_standings_1008
6084,118,18,0.0,10,0,2003-07-20 00:00:00,constructor_standings_1009
6083,118,16,14.0,5,0,2003-07-20 00:00:00,constructor_standings_1010
6082,118,15,9.0,8,0,2003-07-20 00:00:00,constructor_standings_1011
6081,118,4,55.0,4,0,2003-07-20 00:00:00,constructor_standings_1012
6080,118,6,118.0,1,5,2003-07-20 00:00:00,constructor_standings_1013
6079,118,3,108.0,2,3,2003-07-20 00:00:00,constructor_standings_1014
6078,118,1,95.0,3,2,2003-07-20 00:00:00,constructor_standings_1015
6097,119,19,12.0,7,0,2003-08-03 00:00:00,constructor_standings_1016
6096,119,7,14.0,6,0,2003-08-03 00:00:00,constructor_standings_1017
6095,119,17,11.0,8,1,2003-08-03 00:00:00,constructor_standings_1018
6094,119,18,0.0,10,0,2003-08-03 00:00:00,constructor_standings_1019
6093,119,16,15.0,5,0,2003-08-03 00:00:00,constructor_standings_1020
6092,119,15,9.0,9,0,2003-08-03 00:00:00,constructor_standings_1021
6091,119,4,66.0,4,0,2003-08-03 00:00:00,constructor_standings_1022
6090,119,6,120.0,1,5,2003-08-03 00:00:00,constructor_standings_1023
6089,119,3,118.0,2,4,2003-08-03 00:00:00,constructor_standings_1024
6088,119,1,103.0,3,2,2003-08-03 00:00:00,constructor_standings_1025
6107,120,19,15.0,6,0,2003-08-24 00:00:00,constructor_standings_1026
6106,120,7,14.0,7,0,2003-08-24 00:00:00,constructor_standings_1027
6105,120,17,11.0,8,1,2003-08-24 00:00:00,constructor_standings_1028
6104,120,18,0.0,10,0,2003-08-24 00:00:00,constructor_standings_1029
6103,120,16,15.0,5,0,2003-08-24 00:00:00,constructor_standings_1030
6102,120,15,9.0,9,0,2003-08-24 00:00:00,constructor_standings_1031
6101,120,4,78.0,4,1,2003-08-24 00:00:00,constructor_standings_1032
6100,120,6,121.0,2,5,2003-08-24 00:00:00,constructor_standings_1033
6099,120,3,129.0,1,4,2003-08-24 00:00:00,constructor_standings_1034
6098,120,1,115.0,3,2,2003-08-24 00:00:00,constructor_standings_1035
6117,121,19,17.0,6,0,2003-09-14 00:00:00,constructor_standings_1036
6116,121,7,14.0,7,0,2003-09-14 00:00:00,constructor_standings_1037
6115,121,17,11.0,8,1,2003-09-14 00:00:00,constructor_standings_1038
6114,121,18,0.0,10,0,2003-09-14 00:00:00,constructor_standings_1039
6113,121,16,18.0,5,0,2003-09-14 00:00:00,constructor_standings_1040
6112,121,15,9.0,9,0,2003-09-14 00:00:00,constructor_standings_1041
6111,121,4,79.0,4,1,2003-09-14 00:00:00,constructor_standings_1042
6110,121,6,137.0,2,6,2003-09-14 00:00:00,constructor_standings_1043
6109,121,3,141.0,1,4,2003-09-14 00:00:00,constructor_standings_1044
6108,121,1,120.0,3,2,2003-09-14 00:00:00,constructor_standings_1045
6127,122,19,18.0,7,0,2003-09-28 00:00:00,constructor_standings_1046
6126,122,7,14.0,8,0,2003-09-28 00:00:00,constructor_standings_1047
6125,122,17,13.0,9,1,2003-09-28 00:00:00,constructor_standings_1048
6124,122,18,0.0,10,0,2003-09-28 00:00:00,constructor_standings_1049
6123,122,16,18.0,6,0,2003-09-28 00:00:00,constructor_standings_1050
6122,122,15,19.0,5,0,2003-09-28 00:00:00,constructor_standings_1051
6121,122,4,84.0,4,1,2003-09-28 00:00:00,constructor_standings_1052
6120,122,6,147.0,1,7,2003-09-28 00:00:00,constructor_standings_1053
6119,122,3,144.0,2,4,2003-09-28 00:00:00,constructor_standings_1054
6118,122,1,128.0,3,2,2003-09-28 00:00:00,constructor_standings_1055
6137,123,19,18.0,7,0,2003-10-12 00:00:00,constructor_standings_1056
6136,123,7,16.0,8,0,2003-10-12 00:00:00,constructor_standings_1057
6135,123,17,13.0,9,1,2003-10-12 00:00:00,constructor_standings_1058
6134,123,18,0.0,10,0,2003-10-12 00:00:00,constructor_standings_1059
6133,123,16,26.0,5,0,2003-10-12 00:00:00,constructor_standings_1060
6132,123,15,19.0,6,0,2003-10-12 00:00:00,constructor_standings_1061
6131,123,4,88.0,4,1,2003-10-12 00:00:00,constructor_standings_1062
6130,123,6,158.0,1,8,2003-10-12 00:00:00,constructor_standings_1063
6129,123,3,144.0,2,4,2003-10-12 00:00:00,constructor_standings_1064
6128,123,1,142.0,3,2,2003-10-12 00:00:00,constructor_standings_1065
5805,124,7,1.0,6,0,2002-03-03 00:00:00,constructor_standings_1066
5804,124,18,2.0,5,0,2002-03-03 00:00:00,constructor_standings_1067
5803,124,19,3.0,4,0,2002-03-03 00:00:00,constructor_standings_1068
5802,124,1,4.0,3,0,2002-03-03 00:00:00,constructor_standings_1069
5801,124,3,6.0,2,0,2002-03-03 00:00:00,constructor_standings_1070
5800,124,6,10.0,1,1,2002-03-03 00:00:00,constructor_standings_1071
5816,125,21,0.0,11,0,2002-03-17 00:00:00,constructor_standings_1072
5815,125,17,0.0,10,0,2002-03-17 00:00:00,constructor_standings_1073
5814,125,16,0.0,9,0,2002-03-17 00:00:00,constructor_standings_1074
5813,125,15,3.0,6,0,2002-03-17 00:00:00,constructor_standings_1075
5812,125,4,3.0,5,0,2002-03-17 00:00:00,constructor_standings_1076
5811,125,7,1.0,8,0,2002-03-17 00:00:00,constructor_standings_1077
5810,125,18,2.0,7,0,2002-03-17 00:00:00,constructor_standings_1078
5809,125,19,3.0,4,0,2002-03-17 00:00:00,constructor_standings_1079
5808,125,1,4.0,3,0,2002-03-17 00:00:00,constructor_standings_1080
5807,125,3,22.0,1,1,2002-03-17 00:00:00,constructor_standings_1081
5806,125,6,14.0,2,1,2002-03-17 00:00:00,constructor_standings_1082
5827,126,21,0.0,11,0,2002-03-31 00:00:00,constructor_standings_1083
5826,126,17,0.0,10,0,2002-03-31 00:00:00,constructor_standings_1084
5825,126,16,0.0,9,0,2002-03-31 00:00:00,constructor_standings_1085
5824,126,15,3.0,6,0,2002-03-31 00:00:00,constructor_standings_1086
5823,126,4,6.0,4,0,2002-03-31 00:00:00,constructor_standings_1087
5822,126,7,2.0,8,0,2002-03-31 00:00:00,constructor_standings_1088
5821,126,18,2.0,7,0,2002-03-31 00:00:00,constructor_standings_1089
5820,126,19,3.0,5,0,2002-03-31 00:00:00,constructor_standings_1090
5819,126,1,8.0,3,0,2002-03-31 00:00:00,constructor_standings_1091
5818,126,3,30.0,1,1,2002-03-31 00:00:00,constructor_standings_1092
5817,126,6,24.0,2,2,2002-03-31 00:00:00,constructor_standings_1093
5838,127,21,0.0,11,0,2002-04-14 00:00:00,constructor_standings_1094
5837,127,17,0.0,10,0,2002-04-14 00:00:00,constructor_standings_1095
5836,127,16,0.0,9,0,2002-04-14 00:00:00,constructor_standings_1096
5835,127,15,3.0,6,0,2002-04-14 00:00:00,constructor_standings_1097
5834,127,4,8.0,4,0,2002-04-14 00:00:00,constructor_standings_1098
5833,127,7,2.0,8,0,2002-04-14 00:00:00,constructor_standings_1099
5832,127,18,2.0,7,0,2002-04-14 00:00:00,constructor_standings_1100
5831,127,19,3.0,5,0,2002-04-14 00:00:00,constructor_standings_1101
5830,127,1,9.0,3,0,2002-04-14 00:00:00,constructor_standings_1102
5829,127,3,37.0,2,1,2002-04-14 00:00:00,constructor_standings_1103
5828,127,6,40.0,1,3,2002-04-14 00:00:00,constructor_standings_1104
5849,128,21,1.0,9,0,2002-04-28 00:00:00,constructor_standings_1105
5848,128,17,0.0,11,0,2002-04-28 00:00:00,constructor_standings_1106
5847,128,16,0.0,10,0,2002-04-28 00:00:00,constructor_standings_1107
5846,128,15,8.0,5,0,2002-04-28 00:00:00,constructor_standings_1108
5845,128,4,8.0,4,0,2002-04-28 00:00:00,constructor_standings_1109
5844,128,7,2.0,8,0,2002-04-28 00:00:00,constructor_standings_1110
5843,128,18,2.0,7,0,2002-04-28 00:00:00,constructor_standings_1111
5842,128,19,3.0,6,0,2002-04-28 00:00:00,constructor_standings_1112
5841,128,1,13.0,3,0,2002-04-28 00:00:00,constructor_standings_1113
5840,128,3,43.0,2,1,2002-04-28 00:00:00,constructor_standings_1114
5839,128,6,50.0,1,4,2002-04-28 00:00:00,constructor_standings_1115
5860,129,21,1.0,10,0,2002-05-12 00:00:00,constructor_standings_1116
5859,129,17,2.0,8,0,2002-05-12 00:00:00,constructor_standings_1117
5858,129,16,0.0,11,0,2002-05-12 00:00:00,constructor_standings_1118
5857,129,15,8.0,5,0,2002-05-12 00:00:00,constructor_standings_1119
5856,129,4,8.0,4,0,2002-05-12 00:00:00,constructor_standings_1120
5855,129,7,2.0,9,0,2002-05-12 00:00:00,constructor_standings_1121
5854,129,18,2.0,7,0,2002-05-12 00:00:00,constructor_standings_1122
5853,129,19,3.0,6,0,2002-05-12 00:00:00,constructor_standings_1123
5852,129,1,14.0,3,0,2002-05-12 00:00:00,constructor_standings_1124
5851,129,3,50.0,2,1,2002-05-12 00:00:00,constructor_standings_1125
5850,129,6,66.0,1,5,2002-05-12 00:00:00,constructor_standings_1126
5871,130,21,2.0,10,0,2002-05-26 00:00:00,constructor_standings_1127
5870,130,17,4.0,6,0,2002-05-26 00:00:00,constructor_standings_1128
5869,130,16,0.0,11,0,2002-05-26 00:00:00,constructor_standings_1129
5868,130,15,8.0,5,0,2002-05-26 00:00:00,constructor_standings_1130
5867,130,4,11.0,4,0,2002-05-26 00:00:00,constructor_standings_1131
5866,130,7,2.0,9,0,2002-05-26 00:00:00,constructor_standings_1132
5865,130,18,2.0,8,0,2002-05-26 00:00:00,constructor_standings_1133
5864,130,19,3.0,7,0,2002-05-26 00:00:00,constructor_standings_1134
5863,130,1,24.0,3,1,2002-05-26 00:00:00,constructor_standings_1135
5862,130,3,54.0,2,1,2002-05-26 00:00:00,constructor_standings_1136
5861,130,6,72.0,1,5,2002-05-26 00:00:00,constructor_standings_1137
5882,131,21,2.0,10,0,2002-06-09 00:00:00,constructor_standings_1138
5881,131,17,6.0,6,0,2002-06-09 00:00:00,constructor_standings_1139
5880,131,16,0.0,11,0,2002-06-09 00:00:00,constructor_standings_1140
5879,131,15,8.0,5,0,2002-06-09 00:00:00,constructor_standings_1141
5878,131,4,12.0,4,0,2002-06-09 00:00:00,constructor_standings_1142
5877,131,7,2.0,9,0,2002-06-09 00:00:00,constructor_standings_1143
5876,131,18,2.0,8,0,2002-06-09 00:00:00,constructor_standings_1144
5875,131,19,3.0,7,0,2002-06-09 00:00:00,constructor_standings_1145
5874,131,1,33.0,3,1,2002-06-09 00:00:00,constructor_standings_1146
5873,131,3,54.0,2,1,2002-06-09 00:00:00,constructor_standings_1147
5872,131,6,86.0,1,6,2002-06-09 00:00:00,constructor_standings_1148
5893,132,21,2.0,10,0,2002-06-23 00:00:00,constructor_standings_1149
5892,132,17,6.0,6,0,2002-06-23 00:00:00,constructor_standings_1150
5891,132,16,0.0,11,0,2002-06-23 00:00:00,constructor_standings_1151
5890,132,15,9.0,5,0,2002-06-23 00:00:00,constructor_standings_1152
5889,132,4,14.0,4,0,2002-06-23 00:00:00,constructor_standings_1153
5888,132,7,2.0,9,0,2002-06-23 00:00:00,constructor_standings_1154
5887,132,18,2.0,8,0,2002-06-23 00:00:00,constructor_standings_1155
5886,132,19,3.0,7,0,2002-06-23 00:00:00,constructor_standings_1156
5885,132,1,37.0,3,1,2002-06-23 00:00:00,constructor_standings_1157
5884,132,3,57.0,2,1,2002-06-23 00:00:00,constructor_standings_1158
5883,132,6,102.0,1,7,2002-06-23 00:00:00,constructor_standings_1159
5904,133,21,2.0,11,0,2002-07-07 00:00:00,constructor_standings_1160
5903,133,17,6.0,6,0,2002-07-07 00:00:00,constructor_standings_1161
5902,133,16,5.0,7,0,2002-07-07 00:00:00,constructor_standings_1162
5901,133,15,10.0,5,0,2002-07-07 00:00:00,constructor_standings_1163
5900,133,4,14.0,4,0,2002-07-07 00:00:00,constructor_standings_1164
5899,133,7,2.0,10,0,2002-07-07 00:00:00,constructor_standings_1165
5898,133,18,2.0,9,0,2002-07-07 00:00:00,constructor_standings_1166
5897,133,19,3.0,8,0,2002-07-07 00:00:00,constructor_standings_1167
5896,133,1,37.0,3,1,2002-07-07 00:00:00,constructor_standings_1168
5895,133,3,61.0,2,1,2002-07-07 00:00:00,constructor_standings_1169
5894,133,6,118.0,1,8,2002-07-07 00:00:00,constructor_standings_1170
5915,134,21,2.0,11,0,2002-07-21 00:00:00,constructor_standings_1171
5914,134,17,6.0,6,0,2002-07-21 00:00:00,constructor_standings_1172
5913,134,16,5.0,7,0,2002-07-21 00:00:00,constructor_standings_1173
5912,134,15,10.0,5,0,2002-07-21 00:00:00,constructor_standings_1174
5911,134,4,15.0,4,0,2002-07-21 00:00:00,constructor_standings_1175
5910,134,7,2.0,10,0,2002-07-21 00:00:00,constructor_standings_1176
5909,134,18,2.0,9,0,2002-07-21 00:00:00,constructor_standings_1177
5908,134,19,3.0,8,0,2002-07-21 00:00:00,constructor_standings_1178
5907,134,1,47.0,3,1,2002-07-21 00:00:00,constructor_standings_1179
5906,134,3,66.0,2,1,2002-07-21 00:00:00,constructor_standings_1180
5905,134,6,128.0,1,9,2002-07-21 00:00:00,constructor_standings_1181
5926,135,21,2.0,11,0,2002-07-28 00:00:00,constructor_standings_1182
5925,135,17,6.0,6,0,2002-07-28 00:00:00,constructor_standings_1183
5924,135,16,5.0,7,0,2002-07-28 00:00:00,constructor_standings_1184
5923,135,15,11.0,5,0,2002-07-28 00:00:00,constructor_standings_1185
5922,135,4,15.0,4,0,2002-07-28 00:00:00,constructor_standings_1186
5921,135,7,2.0,10,0,2002-07-28 00:00:00,constructor_standings_1187
5920,135,18,2.0,9,0,2002-07-28 00:00:00,constructor_standings_1188
5919,135,19,3.0,8,0,2002-07-28 00:00:00,constructor_standings_1189
5918,135,1,49.0,3,1,2002-07-28 00:00:00,constructor_standings_1190
5917,135,3,76.0,2,1,2002-07-28 00:00:00,constructor_standings_1191
5916,135,6,141.0,1,10,2002-07-28 00:00:00,constructor_standings_1192
5937,136,21,2.0,11,0,2002-08-18 00:00:00,constructor_standings_1193
5936,136,17,7.0,6,0,2002-08-18 00:00:00,constructor_standings_1194
5935,136,16,5.0,7,0,2002-08-18 00:00:00,constructor_standings_1195
5934,136,15,11.0,5,0,2002-08-18 00:00:00,constructor_standings_1196
5933,136,4,15.0,4,0,2002-08-18 00:00:00,constructor_standings_1197
5932,136,7,2.0,10,0,2002-08-18 00:00:00,constructor_standings_1198
5931,136,18,2.0,9,0,2002-08-18 00:00:00,constructor_standings_1199
5930,136,19,3.0,8,0,2002-08-18 00:00:00,constructor_standings_1200
5929,136,1,54.0,3,1,2002-08-18 00:00:00,constructor_standings_1201
5928,136,3,80.0,2,1,2002-08-18 00:00:00,constructor_standings_1202
5927,136,6,157.0,1,11,2002-08-18 00:00:00,constructor_standings_1203
5948,137,21,2.0,11,0,2002-09-01 00:00:00,constructor_standings_1204
5947,137,17,7.0,6,0,2002-09-01 00:00:00,constructor_standings_1205
5946,137,16,5.0,7,0,2002-09-01 00:00:00,constructor_standings_1206
5945,137,15,11.0,5,0,2002-09-01 00:00:00,constructor_standings_1207
5944,137,4,15.0,4,0,2002-09-01 00:00:00,constructor_standings_1208
5943,137,7,2.0,10,0,2002-09-01 00:00:00,constructor_standings_1209
5942,137,18,2.0,9,0,2002-09-01 00:00:00,constructor_standings_1210
5941,137,19,4.0,8,0,2002-09-01 00:00:00,constructor_standings_1211
5940,137,1,57.0,3,1,2002-09-01 00:00:00,constructor_standings_1212
5939,137,3,86.0,2,1,2002-09-01 00:00:00,constructor_standings_1213
5938,137,6,173.0,1,12,2002-09-01 00:00:00,constructor_standings_1214
5959,138,21,2.0,11,0,2002-09-15 00:00:00,constructor_standings_1215
5958,138,17,7.0,7,0,2002-09-15 00:00:00,constructor_standings_1216
5957,138,16,6.0,8,0,2002-09-15 00:00:00,constructor_standings_1217
5956,138,15,11.0,5,0,2002-09-15 00:00:00,constructor_standings_1218
5955,138,4,20.0,4,0,2002-09-15 00:00:00,constructor_standings_1219
5954,138,7,2.0,10,0,2002-09-15 00:00:00,constructor_standings_1220
5953,138,18,2.0,9,0,2002-09-15 00:00:00,constructor_standings_1221
5952,138,19,8.0,6,0,2002-09-15 00:00:00,constructor_standings_1222
5951,138,1,57.0,3,1,2002-09-15 00:00:00,constructor_standings_1223
5950,138,3,86.0,2,1,2002-09-15 00:00:00,constructor_standings_1224
5949,138,6,189.0,1,13,2002-09-15 00:00:00,constructor_standings_1225
5970,139,21,2.0,11,0,2002-09-29 00:00:00,constructor_standings_1226
5969,139,17,7.0,8,0,2002-09-29 00:00:00,constructor_standings_1227
5968,139,16,7.0,7,0,2002-09-29 00:00:00,constructor_standings_1228
5967,139,15,11.0,5,0,2002-09-29 00:00:00,constructor_standings_1229
5966,139,4,22.0,4,0,2002-09-29 00:00:00,constructor_standings_1230
5965,139,7,2.0,10,0,2002-09-29 00:00:00,constructor_standings_1231
5964,139,18,2.0,9,0,2002-09-29 00:00:00,constructor_standings_1232
5963,139,19,8.0,6,0,2002-09-29 00:00:00,constructor_standings_1233
5962,139,1,61.0,3,1,2002-09-29 00:00:00,constructor_standings_1234
5961,139,3,89.0,2,1,2002-09-29 00:00:00,constructor_standings_1235
5960,139,6,205.0,1,14,2002-09-29 00:00:00,constructor_standings_1236
5981,140,21,2.0,11,0,2002-10-13 00:00:00,constructor_standings_1237
5980,140,17,9.0,6,0,2002-10-13 00:00:00,constructor_standings_1238
5979,140,16,7.0,8,0,2002-10-13 00:00:00,constructor_standings_1239
5978,140,15,11.0,5,0,2002-10-13 00:00:00,constructor_standings_1240
5977,140,4,23.0,4,0,2002-10-13 00:00:00,constructor_standings_1241
5976,140,7,2.0,10,0,2002-10-13 00:00:00,constructor_standings_1242
5975,140,18,2.0,9,0,2002-10-13 00:00:00,constructor_standings_1243
5974,140,19,8.0,7,0,2002-10-13 00:00:00,constructor_standings_1244
5973,140,1,65.0,3,1,2002-10-13 00:00:00,constructor_standings_1245
5972,140,3,92.0,2,1,2002-10-13 00:00:00,constructor_standings_1246
5971,140,6,221.0,1,15,2002-10-13 00:00:00,constructor_standings_1247
5623,141,22,0.0,10,0,2001-03-04 00:00:00,constructor_standings_1248
5622,141,18,0.0,9,0,2001-03-04 00:00:00,constructor_standings_1249
5621,141,21,0.0,8,0,2001-03-04 00:00:00,constructor_standings_1250
5620,141,20,0.0,7,0,2001-03-04 00:00:00,constructor_standings_1251
5619,141,19,0.0,6,0,2001-03-04 00:00:00,constructor_standings_1252
5618,141,16,0.0,5,0,2001-03-04 00:00:00,constructor_standings_1253
5617,141,17,2.0,4,0,2001-03-04 00:00:00,constructor_standings_1254
5616,141,15,4.0,3,0,2001-03-04 00:00:00,constructor_standings_1255
5615,141,1,6.0,2,0,2001-03-04 00:00:00,constructor_standings_1256
5614,141,6,14.0,1,1,2001-03-04 00:00:00,constructor_standings_1257
5634,142,3,2.0,5,0,2001-03-18 00:00:00,constructor_standings_1258
5633,142,22,0.0,10,0,2001-03-18 00:00:00,constructor_standings_1259
5632,142,18,0.0,11,0,2001-03-18 00:00:00,constructor_standings_1260
5631,142,21,0.0,6,0,2001-03-18 00:00:00,constructor_standings_1261
5630,142,20,0.0,9,0,2001-03-18 00:00:00,constructor_standings_1262
5629,142,19,0.0,8,0,2001-03-18 00:00:00,constructor_standings_1263
5628,142,16,0.0,7,0,2001-03-18 00:00:00,constructor_standings_1264
5627,142,17,5.0,3,0,2001-03-18 00:00:00,constructor_standings_1265
5626,142,15,4.0,4,0,2001-03-18 00:00:00,constructor_standings_1266
5625,142,1,11.0,2,0,2001-03-18 00:00:00,constructor_standings_1267
5624,142,6,30.0,1,2,2001-03-18 00:00:00,constructor_standings_1268
5645,143,3,2.0,6,0,2001-04-01 00:00:00,constructor_standings_1269
5644,143,22,1.0,7,0,2001-04-01 00:00:00,constructor_standings_1270
5643,143,18,0.0,11,0,2001-04-01 00:00:00,constructor_standings_1271
5642,143,21,0.0,8,0,2001-04-01 00:00:00,constructor_standings_1272
5641,143,20,0.0,9,0,2001-04-01 00:00:00,constructor_standings_1273
5640,143,19,0.0,10,0,2001-04-01 00:00:00,constructor_standings_1274
5639,143,16,3.0,5,0,2001-04-01 00:00:00,constructor_standings_1275
5638,143,17,7.0,4,0,2001-04-01 00:00:00,constructor_standings_1276
5637,143,15,8.0,3,0,2001-04-01 00:00:00,constructor_standings_1277
5636,143,1,21.0,2,1,2001-04-01 00:00:00,constructor_standings_1278
5635,143,6,36.0,1,2,2001-04-01 00:00:00,constructor_standings_1279
5656,144,3,12.0,3,1,2001-04-15 00:00:00,constructor_standings_1280
5655,144,22,1.0,7,0,2001-04-15 00:00:00,constructor_standings_1281
5654,144,18,0.0,11,0,2001-04-15 00:00:00,constructor_standings_1282
5653,144,21,0.0,8,0,2001-04-15 00:00:00,constructor_standings_1283
5652,144,20,0.0,9,0,2001-04-15 00:00:00,constructor_standings_1284
5651,144,19,0.0,10,0,2001-04-15 00:00:00,constructor_standings_1285
5650,144,16,3.0,6,0,2001-04-15 00:00:00,constructor_standings_1286
5649,144,17,10.0,4,0,2001-04-15 00:00:00,constructor_standings_1287
5648,144,15,8.0,5,0,2001-04-15 00:00:00,constructor_standings_1288
5647,144,1,30.0,2,1,2001-04-15 00:00:00,constructor_standings_1289
5646,144,6,40.0,1,2,2001-04-15 00:00:00,constructor_standings_1290
5667,145,3,18.0,3,1,2001-04-29 00:00:00,constructor_standings_1291
5666,145,22,1.0,7,0,2001-04-29 00:00:00,constructor_standings_1292
5665,145,18,0.0,11,0,2001-04-29 00:00:00,constructor_standings_1293
5664,145,21,0.0,8,0,2001-04-29 00:00:00,constructor_standings_1294
5663,145,20,0.0,9,0,2001-04-29 00:00:00,constructor_standings_1295
5662,145,19,0.0,10,0,2001-04-29 00:00:00,constructor_standings_1296
5661,145,16,7.0,6,0,2001-04-29 00:00:00,constructor_standings_1297
5660,145,17,13.0,4,0,2001-04-29 00:00:00,constructor_standings_1298
5659,145,15,9.0,5,0,2001-04-29 00:00:00,constructor_standings_1299
5658,145,1,32.0,2,1,2001-04-29 00:00:00,constructor_standings_1300
5657,145,6,50.0,1,3,2001-04-29 00:00:00,constructor_standings_1301
5678,146,3,18.0,3,1,2001-05-13 00:00:00,constructor_standings_1302
5677,146,22,1.0,8,0,2001-05-13 00:00:00,constructor_standings_1303
5676,146,18,0.0,11,0,2001-05-13 00:00:00,constructor_standings_1304
5675,146,21,1.0,7,0,2001-05-13 00:00:00,constructor_standings_1305
5674,146,20,0.0,10,0,2001-05-13 00:00:00,constructor_standings_1306
5673,146,19,0.0,9,0,2001-05-13 00:00:00,constructor_standings_1307
5672,146,16,9.0,6,0,2001-05-13 00:00:00,constructor_standings_1308
5671,146,17,13.0,4,0,2001-05-13 00:00:00,constructor_standings_1309
5670,146,15,12.0,5,0,2001-05-13 00:00:00,constructor_standings_1310
5669,146,1,42.0,2,2,2001-05-13 00:00:00,constructor_standings_1311
5668,146,6,60.0,1,3,2001-05-13 00:00:00,constructor_standings_1312
5689,147,3,18.0,3,1,2001-05-27 00:00:00,constructor_standings_1313
5688,147,22,1.0,9,0,2001-05-27 00:00:00,constructor_standings_1314
5687,147,18,0.0,11,0,2001-05-27 00:00:00,constructor_standings_1315
5686,147,21,1.0,8,0,2001-05-27 00:00:00,constructor_standings_1316
5685,147,20,1.0,10,0,2001-05-27 00:00:00,constructor_standings_1317
5684,147,19,4.0,7,0,2001-05-27 00:00:00,constructor_standings_1318
5683,147,16,12.0,5,0,2001-05-27 00:00:00,constructor_standings_1319
5682,147,17,13.0,4,0,2001-05-27 00:00:00,constructor_standings_1320
5681,147,15,12.0,6,0,2001-05-27 00:00:00,constructor_standings_1321
5680,147,1,44.0,2,2,2001-05-27 00:00:00,constructor_standings_1322
5679,147,6,76.0,1,4,2001-05-27 00:00:00,constructor_standings_1323
5700,148,3,28.0,3,2,2001-06-10 00:00:00,constructor_standings_1324
5699,148,22,1.0,10,0,2001-06-10 00:00:00,constructor_standings_1325
5698,148,18,0.0,11,0,2001-06-10 00:00:00,constructor_standings_1326
5697,148,21,1.0,9,0,2001-06-10 00:00:00,constructor_standings_1327
5696,148,20,3.0,8,0,2001-06-10 00:00:00,constructor_standings_1328
5695,148,19,5.0,7,0,2001-06-10 00:00:00,constructor_standings_1329
5694,148,16,12.0,6,0,2001-06-10 00:00:00,constructor_standings_1330
5693,148,17,13.0,5,0,2001-06-10 00:00:00,constructor_standings_1331
5692,148,15,15.0,4,0,2001-06-10 00:00:00,constructor_standings_1332
5691,148,1,48.0,2,2,2001-06-10 00:00:00,constructor_standings_1333
5690,148,6,82.0,1,4,2001-06-10 00:00:00,constructor_standings_1334
5711,149,3,37.0,3,2,2001-06-24 00:00:00,constructor_standings_1335
5710,149,22,1.0,10,0,2001-06-24 00:00:00,constructor_standings_1336
5709,149,18,0.0,11,0,2001-06-24 00:00:00,constructor_standings_1337
5708,149,21,1.0,9,0,2001-06-24 00:00:00,constructor_standings_1338
5707,149,20,3.0,8,0,2001-06-24 00:00:00,constructor_standings_1339
5706,149,19,5.0,7,0,2001-06-24 00:00:00,constructor_standings_1340
5705,149,16,12.0,6,0,2001-06-24 00:00:00,constructor_standings_1341
5704,149,17,13.0,5,0,2001-06-24 00:00:00,constructor_standings_1342
5703,149,15,15.0,4,0,2001-06-24 00:00:00,constructor_standings_1343
5702,149,1,53.0,2,2,2001-06-24 00:00:00,constructor_standings_1344
5701,149,6,94.0,1,5,2001-06-24 00:00:00,constructor_standings_1345
5722,150,3,43.0,3,2,2001-07-01 00:00:00,constructor_standings_1346
5721,150,22,1.0,10,0,2001-07-01 00:00:00,constructor_standings_1347
5720,150,18,0.0,11,0,2001-07-01 00:00:00,constructor_standings_1348
5719,150,21,1.0,9,0,2001-07-01 00:00:00,constructor_standings_1349
5718,150,20,3.0,8,0,2001-07-01 00:00:00,constructor_standings_1350
5717,150,19,5.0,7,0,2001-07-01 00:00:00,constructor_standings_1351
5716,150,16,12.0,6,0,2001-07-01 00:00:00,constructor_standings_1352
5715,150,17,15.0,5,0,2001-07-01 00:00:00,constructor_standings_1353
5714,150,15,16.0,4,0,2001-07-01 00:00:00,constructor_standings_1354
5713,150,1,56.0,2,2,2001-07-01 00:00:00,constructor_standings_1355
5712,150,6,108.0,1,6,2001-07-01 00:00:00,constructor_standings_1356
5733,151,3,46.0,3,2,2001-07-15 00:00:00,constructor_standings_1357
5732,151,22,1.0,10,0,2001-07-15 00:00:00,constructor_standings_1358
5731,151,18,0.0,11,0,2001-07-15 00:00:00,constructor_standings_1359
5730,151,21,1.0,9,0,2001-07-15 00:00:00,constructor_standings_1360
5729,151,20,3.0,8,0,2001-07-15 00:00:00,constructor_standings_1361
5728,151,19,5.0,7,0,2001-07-15 00:00:00,constructor_standings_1362
5727,151,16,12.0,6,0,2001-07-15 00:00:00,constructor_standings_1363
5726,151,17,15.0,5,0,2001-07-15 00:00:00,constructor_standings_1364
5725,151,15,19.0,4,0,2001-07-15 00:00:00,constructor_standings_1365
5724,151,1,66.0,2,3,2001-07-15 00:00:00,constructor_standings_1366
5723,151,6,118.0,1,6,2001-07-15 00:00:00,constructor_standings_1367
5744,152,3,56.0,3,3,2001-07-29 00:00:00,constructor_standings_1368
5743,152,22,6.0,7,0,2001-07-29 00:00:00,constructor_standings_1369
5742,152,18,0.0,11,0,2001-07-29 00:00:00,constructor_standings_1370
5741,152,21,1.0,10,0,2001-07-29 00:00:00,constructor_standings_1371
5740,152,20,4.0,9,0,2001-07-29 00:00:00,constructor_standings_1372
5739,152,19,5.0,8,0,2001-07-29 00:00:00,constructor_standings_1373
5738,152,16,16.0,5,0,2001-07-29 00:00:00,constructor_standings_1374
5737,152,17,15.0,6,0,2001-07-29 00:00:00,constructor_standings_1375
5736,152,15,19.0,4,0,2001-07-29 00:00:00,constructor_standings_1376
5735,152,1,66.0,2,3,2001-07-29 00:00:00,constructor_standings_1377
5734,152,6,124.0,1,6,2001-07-29 00:00:00,constructor_standings_1378
5755,153,3,59.0,3,3,2001-08-19 00:00:00,constructor_standings_1379
5754,153,22,6.0,7,0,2001-08-19 00:00:00,constructor_standings_1380
5753,153,18,0.0,11,0,2001-08-19 00:00:00,constructor_standings_1381
5752,153,21,1.0,10,0,2001-08-19 00:00:00,constructor_standings_1382
5751,153,20,4.0,9,0,2001-08-19 00:00:00,constructor_standings_1383
5750,153,19,5.0,8,0,2001-08-19 00:00:00,constructor_standings_1384
5749,153,16,16.0,5,0,2001-08-19 00:00:00,constructor_standings_1385
5748,153,17,15.0,6,0,2001-08-19 00:00:00,constructor_standings_1386
5747,153,15,20.0,4,0,2001-08-19 00:00:00,constructor_standings_1387
5746,153,1,72.0,2,3,2001-08-19 00:00:00,constructor_standings_1388
5745,153,6,140.0,1,7,2001-08-19 00:00:00,constructor_standings_1389
5766,154,3,59.0,3,3,2001-09-02 00:00:00,constructor_standings_1390
5765,154,22,10.0,7,0,2001-09-02 00:00:00,constructor_standings_1391
5764,154,18,0.0,11,0,2001-09-02 00:00:00,constructor_standings_1392
5763,154,21,1.0,10,0,2001-09-02 00:00:00,constructor_standings_1393
5762,154,20,4.0,9,0,2001-09-02 00:00:00,constructor_standings_1394
5761,154,19,5.0,8,0,2001-09-02 00:00:00,constructor_standings_1395
5760,154,16,16.0,5,0,2001-09-02 00:00:00,constructor_standings_1396
5759,154,17,16.0,6,0,2001-09-02 00:00:00,constructor_standings_1397
5758,154,15,20.0,4,0,2001-09-02 00:00:00,constructor_standings_1398
5757,154,1,81.0,2,3,2001-09-02 00:00:00,constructor_standings_1399
5756,154,6,152.0,1,8,2001-09-02 00:00:00,constructor_standings_1400
5777,155,3,73.0,3,4,2001-09-16 00:00:00,constructor_standings_1401
5776,155,22,10.0,7,0,2001-09-16 00:00:00,constructor_standings_1402
5775,155,18,0.0,11,0,2001-09-16 00:00:00,constructor_standings_1403
5774,155,21,1.0,10,0,2001-09-16 00:00:00,constructor_standings_1404
5773,155,20,4.0,9,0,2001-09-16 00:00:00,constructor_standings_1405
5772,155,19,7.0,8,0,2001-09-16 00:00:00,constructor_standings_1406
5771,155,16,17.0,5,0,2001-09-16 00:00:00,constructor_standings_1407
5770,155,17,16.0,6,0,2001-09-16 00:00:00,constructor_standings_1408
5769,155,15,20.0,4,0,2001-09-16 00:00:00,constructor_standings_1409
5768,155,1,81.0,2,3,2001-09-16 00:00:00,constructor_standings_1410
5767,155,6,161.0,1,8,2001-09-16 00:00:00,constructor_standings_1411
5788,156,3,73.0,3,4,2001-09-30 00:00:00,constructor_standings_1412
5787,156,22,10.0,7,0,2001-09-30 00:00:00,constructor_standings_1413
5786,156,18,0.0,11,0,2001-09-30 00:00:00,constructor_standings_1414
5785,156,21,1.0,10,0,2001-09-30 00:00:00,constructor_standings_1415
5784,156,20,4.0,9,0,2001-09-30 00:00:00,constructor_standings_1416
5783,156,19,9.0,8,0,2001-09-30 00:00:00,constructor_standings_1417
5782,156,16,17.0,6,0,2001-09-30 00:00:00,constructor_standings_1418
5781,156,17,19.0,5,0,2001-09-30 00:00:00,constructor_standings_1419
5780,156,15,21.0,4,0,2001-09-30 00:00:00,constructor_standings_1420
5779,156,1,95.0,2,4,2001-09-30 00:00:00,constructor_standings_1421
5778,156,6,167.0,1,8,2001-09-30 00:00:00,constructor_standings_1422
5799,157,3,80.0,3,4,2001-10-14 00:00:00,constructor_standings_1423
5798,157,22,10.0,7,0,2001-10-14 00:00:00,constructor_standings_1424
5797,157,18,0.0,11,0,2001-10-14 00:00:00,constructor_standings_1425
5796,157,21,1.0,10,0,2001-10-14 00:00:00,constructor_standings_1426
5795,157,20,4.0,9,0,2001-10-14 00:00:00,constructor_standings_1427
5794,157,19,9.0,8,0,2001-10-14 00:00:00,constructor_standings_1428
5793,157,16,17.0,6,0,2001-10-14 00:00:00,constructor_standings_1429
5792,157,17,19.0,5,0,2001-10-14 00:00:00,constructor_standings_1430
5791,157,15,21.0,4,0,2001-10-14 00:00:00,constructor_standings_1431
5790,157,1,102.0,2,4,2001-10-14 00:00:00,constructor_standings_1432
5789,157,6,179.0,1,9,2001-10-14 00:00:00,constructor_standings_1433
1454,158,6,16.0,1,1,2000-03-12 00:00:00,constructor_standings_1434
1455,158,3,4.0,2,0,2000-03-12 00:00:00,constructor_standings_1435
1456,158,16,4.0,3,0,2000-03-12 00:00:00,constructor_standings_1436
1457,158,22,2.0,4,0,2000-03-12 00:00:00,constructor_standings_1437
1458,158,18,0.0,5,0,2000-03-12 00:00:00,constructor_standings_1438
1459,158,20,0.0,6,0,2000-03-12 00:00:00,constructor_standings_1439
1460,159,6,26.0,1,2,2000-03-26 00:00:00,constructor_standings_1440
1461,159,3,7.0,4,0,2000-03-26 00:00:00,constructor_standings_1441
1462,159,16,4.0,5,0,2000-03-26 00:00:00,constructor_standings_1442
1463,159,22,8.0,2,0,2000-03-26 00:00:00,constructor_standings_1443
1464,159,18,0.0,7,0,2000-03-26 00:00:00,constructor_standings_1444
1465,159,20,0.0,8,0,2000-03-26 00:00:00,constructor_standings_1445
1466,159,17,7.0,3,0,2000-03-26 00:00:00,constructor_standings_1446
1467,159,21,0.0,6,0,2000-03-26 00:00:00,constructor_standings_1447
1468,160,6,39.0,1,3,2000-04-09 00:00:00,constructor_standings_1448
1469,160,3,7.0,5,0,2000-04-09 00:00:00,constructor_standings_1449
1470,160,16,6.0,6,0,2000-04-09 00:00:00,constructor_standings_1450
1471,160,22,8.0,3,0,2000-04-09 00:00:00,constructor_standings_1451
1472,160,18,0.0,10,0,2000-04-09 00:00:00,constructor_standings_1452
1473,160,20,0.0,11,0,2000-04-09 00:00:00,constructor_standings_1453
1474,160,17,7.0,4,0,2000-04-09 00:00:00,constructor_standings_1454
1475,160,21,0.0,8,0,2000-04-09 00:00:00,constructor_standings_1455
1476,160,1,10.0,2,0,2000-04-09 00:00:00,constructor_standings_1456
1477,160,15,1.0,7,0,2000-04-09 00:00:00,constructor_standings_1457
1478,160,19,0.0,9,0,2000-04-09 00:00:00,constructor_standings_1458
1479,161,6,43.0,1,3,2000-04-23 00:00:00,constructor_standings_1459
1480,161,3,12.0,3,0,2000-04-23 00:00:00,constructor_standings_1460
1481,161,16,6.0,6,0,2000-04-23 00:00:00,constructor_standings_1461
1482,161,22,8.0,4,0,2000-04-23 00:00:00,constructor_standings_1462
1483,161,18,0.0,10,0,2000-04-23 00:00:00,constructor_standings_1463
1484,161,20,0.0,11,0,2000-04-23 00:00:00,constructor_standings_1464
1485,161,17,8.0,5,0,2000-04-23 00:00:00,constructor_standings_1465
1486,161,21,0.0,8,0,2000-04-23 00:00:00,constructor_standings_1466
1487,161,1,26.0,2,1,2000-04-23 00:00:00,constructor_standings_1467
1488,161,15,1.0,7,0,2000-04-23 00:00:00,constructor_standings_1468
1489,161,19,0.0,9,0,2000-04-23 00:00:00,constructor_standings_1469
1490,162,6,49.0,1,3,2000-05-07 00:00:00,constructor_standings_1470
1491,162,3,15.0,3,0,2000-05-07 00:00:00,constructor_standings_1471
1492,162,16,6.0,6,0,2000-05-07 00:00:00,constructor_standings_1472
1493,162,22,8.0,5,0,2000-05-07 00:00:00,constructor_standings_1473
1494,162,18,0.0,10,0,2000-05-07 00:00:00,constructor_standings_1474
1495,162,20,0.0,11,0,2000-05-07 00:00:00,constructor_standings_1475
1496,162,17,9.0,4,0,2000-05-07 00:00:00,constructor_standings_1476
1497,162,21,0.0,8,0,2000-05-07 00:00:00,constructor_standings_1477
1498,162,1,42.0,2,2,2000-05-07 00:00:00,constructor_standings_1478
1499,162,15,1.0,7,0,2000-05-07 00:00:00,constructor_standings_1479
1500,162,19,0.0,9,0,2000-05-07 00:00:00,constructor_standings_1480
1501,163,6,62.0,1,4,2000-05-21 00:00:00,constructor_standings_1481
1502,163,3,15.0,3,0,2000-05-21 00:00:00,constructor_standings_1482
1503,163,16,6.0,6,0,2000-05-21 00:00:00,constructor_standings_1483
1504,163,22,10.0,4,0,2000-05-21 00:00:00,constructor_standings_1484
1505,163,18,0.0,10,0,2000-05-21 00:00:00,constructor_standings_1485
1506,163,20,0.0,11,0,2000-05-21 00:00:00,constructor_standings_1486
1507,163,17,9.0,5,0,2000-05-21 00:00:00,constructor_standings_1487
1508,163,21,1.0,8,0,2000-05-21 00:00:00,constructor_standings_1488
1509,163,1,52.0,2,2,2000-05-21 00:00:00,constructor_standings_1489
1510,163,15,1.0,7,0,2000-05-21 00:00:00,constructor_standings_1490
1511,163,19,0.0,9,0,2000-05-21 00:00:00,constructor_standings_1491
1512,164,6,68.0,1,4,2000-06-04 00:00:00,constructor_standings_1492
1513,164,3,15.0,3,0,2000-06-04 00:00:00,constructor_standings_1493
1514,164,16,6.0,6,0,2000-06-04 00:00:00,constructor_standings_1494
1515,164,22,14.0,4,0,2000-06-04 00:00:00,constructor_standings_1495
1516,164,18,0.0,10,0,2000-06-04 00:00:00,constructor_standings_1496
1517,164,20,0.0,11,0,2000-06-04 00:00:00,constructor_standings_1497
1518,164,17,9.0,5,0,2000-06-04 00:00:00,constructor_standings_1498
1519,164,21,1.0,9,0,2000-06-04 00:00:00,constructor_standings_1499
1520,164,1,63.0,2,3,2000-06-04 00:00:00,constructor_standings_1500
1521,164,15,3.0,8,0,2000-06-04 00:00:00,constructor_standings_1501
1522,164,19,3.0,7,0,2000-06-04 00:00:00,constructor_standings_1502
1523,165,6,84.0,1,5,2000-06-18 00:00:00,constructor_standings_1503
1524,165,3,15.0,4,0,2000-06-18 00:00:00,constructor_standings_1504
1525,165,16,6.0,6,0,2000-06-18 00:00:00,constructor_standings_1505
1526,165,22,18.0,3,0,2000-06-18 00:00:00,constructor_standings_1506
1527,165,18,0.0,10,0,2000-06-18 00:00:00,constructor_standings_1507
1528,165,20,0.0,11,0,2000-06-18 00:00:00,constructor_standings_1508
1529,165,17,10.0,5,0,2000-06-18 00:00:00,constructor_standings_1509
1530,165,21,3.0,9,0,2000-06-18 00:00:00,constructor_standings_1510
1531,165,1,66.0,2,3,2000-06-18 00:00:00,constructor_standings_1511
1532,165,15,3.0,8,0,2000-06-18 00:00:00,constructor_standings_1512
1533,165,19,3.0,7,0,2000-06-18 00:00:00,constructor_standings_1513
1534,166,6,88.0,1,5,2000-07-02 00:00:00,constructor_standings_1514
1535,166,3,17.0,4,0,2000-07-02 00:00:00,constructor_standings_1515
1536,166,16,9.0,6,0,2000-07-02 00:00:00,constructor_standings_1516
1537,166,22,18.0,3,0,2000-07-02 00:00:00,constructor_standings_1517
1538,166,18,0.0,10,0,2000-07-02 00:00:00,constructor_standings_1518
1539,166,20,0.0,11,0,2000-07-02 00:00:00,constructor_standings_1519
1540,166,17,11.0,5,0,2000-07-02 00:00:00,constructor_standings_1520
1541,166,21,3.0,9,0,2000-07-02 00:00:00,constructor_standings_1521
1542,166,1,82.0,2,4,2000-07-02 00:00:00,constructor_standings_1522
1543,166,15,3.0,8,0,2000-07-02 00:00:00,constructor_standings_1523
1544,166,19,3.0,7,0,2000-07-02 00:00:00,constructor_standings_1524
1545,167,6,92.0,2,5,2000-07-16 00:00:00,constructor_standings_1525
1546,167,3,19.0,3,0,2000-07-16 00:00:00,constructor_standings_1526
1547,167,16,12.0,5,0,2000-07-16 00:00:00,constructor_standings_1527
1548,167,22,18.0,4,0,2000-07-16 00:00:00,constructor_standings_1528
1549,167,18,0.0,10,0,2000-07-16 00:00:00,constructor_standings_1529
1550,167,20,0.0,11,0,2000-07-16 00:00:00,constructor_standings_1530
1551,167,17,11.0,6,0,2000-07-16 00:00:00,constructor_standings_1531
1552,167,21,3.0,9,0,2000-07-16 00:00:00,constructor_standings_1532
1553,167,1,98.0,1,5,2000-07-16 00:00:00,constructor_standings_1533
1554,167,15,4.0,7,0,2000-07-16 00:00:00,constructor_standings_1534
1555,167,19,3.0,8,0,2000-07-16 00:00:00,constructor_standings_1535
1556,168,6,102.0,2,6,2000-07-30 00:00:00,constructor_standings_1536
1557,168,3,22.0,3,0,2000-07-30 00:00:00,constructor_standings_1537
1558,168,16,12.0,5,0,2000-07-30 00:00:00,constructor_standings_1538
1559,168,22,18.0,4,0,2000-07-30 00:00:00,constructor_standings_1539
1560,168,18,0.0,10,0,2000-07-30 00:00:00,constructor_standings_1540
1561,168,20,0.0,11,0,2000-07-30 00:00:00,constructor_standings_1541
1562,168,17,11.0,6,0,2000-07-30 00:00:00,constructor_standings_1542
1563,168,21,4.0,8,0,2000-07-30 00:00:00,constructor_standings_1543
1564,168,1,108.0,1,5,2000-07-30 00:00:00,constructor_standings_1544
1565,168,15,6.0,7,0,2000-07-30 00:00:00,constructor_standings_1545
1566,168,19,3.0,9,0,2000-07-30 00:00:00,constructor_standings_1546
1567,169,6,111.0,2,6,2000-08-13 00:00:00,constructor_standings_1547
1568,169,3,24.0,3,0,2000-08-13 00:00:00,constructor_standings_1548
1569,169,16,12.0,6,0,2000-08-13 00:00:00,constructor_standings_1549
1570,169,22,18.0,4,0,2000-08-13 00:00:00,constructor_standings_1550
1571,169,18,0.0,10,0,2000-08-13 00:00:00,constructor_standings_1551
1572,169,20,0.0,11,0,2000-08-13 00:00:00,constructor_standings_1552
1573,169,17,12.0,5,0,2000-08-13 00:00:00,constructor_standings_1553
1574,169,21,4.0,8,0,2000-08-13 00:00:00,constructor_standings_1554
1575,169,1,122.0,1,6,2000-08-13 00:00:00,constructor_standings_1555
1576,169,15,6.0,7,0,2000-08-13 00:00:00,constructor_standings_1556
1577,169,19,3.0,9,0,2000-08-13 00:00:00,constructor_standings_1557
1578,170,6,117.0,2,6,2000-08-27 00:00:00,constructor_standings_1558
1579,170,3,30.0,3,0,2000-08-27 00:00:00,constructor_standings_1559
1580,170,16,12.0,6,0,2000-08-27 00:00:00,constructor_standings_1560
1581,170,22,18.0,4,0,2000-08-27 00:00:00,constructor_standings_1561
1582,170,18,0.0,10,0,2000-08-27 00:00:00,constructor_standings_1562
1583,170,20,0.0,11,0,2000-08-27 00:00:00,constructor_standings_1563
1584,170,17,13.0,5,0,2000-08-27 00:00:00,constructor_standings_1564
1585,170,21,4.0,8,0,2000-08-27 00:00:00,constructor_standings_1565
1586,170,1,135.0,1,7,2000-08-27 00:00:00,constructor_standings_1566
1587,170,15,6.0,7,0,2000-08-27 00:00:00,constructor_standings_1567
1588,170,19,3.0,9,0,2000-08-27 00:00:00,constructor_standings_1568
1589,171,6,127.0,2,7,2000-09-10 00:00:00,constructor_standings_1569
1590,171,3,34.0,3,0,2000-09-10 00:00:00,constructor_standings_1570
1591,171,16,13.0,6,0,2000-09-10 00:00:00,constructor_standings_1571
1592,171,22,20.0,4,0,2000-09-10 00:00:00,constructor_standings_1572
1593,171,18,0.0,10,0,2000-09-10 00:00:00,constructor_standings_1573
1594,171,20,0.0,11,0,2000-09-10 00:00:00,constructor_standings_1574
1595,171,17,13.0,5,0,2000-09-10 00:00:00,constructor_standings_1575
1596,171,21,7.0,7,0,2000-09-10 00:00:00,constructor_standings_1576
1597,171,1,141.0,1,7,2000-09-10 00:00:00,constructor_standings_1577
1598,171,15,6.0,8,0,2000-09-10 00:00:00,constructor_standings_1578
1599,171,19,3.0,9,0,2000-09-10 00:00:00,constructor_standings_1579
1600,172,6,143.0,1,8,2000-09-24 00:00:00,constructor_standings_1580
1601,172,3,34.0,3,0,2000-09-24 00:00:00,constructor_standings_1581
1602,172,16,17.0,6,0,2000-09-24 00:00:00,constructor_standings_1582
1603,172,22,20.0,4,0,2000-09-24 00:00:00,constructor_standings_1583
1604,172,18,0.0,10,0,2000-09-24 00:00:00,constructor_standings_1584
1605,172,20,0.0,11,0,2000-09-24 00:00:00,constructor_standings_1585
1606,172,17,17.0,5,0,2000-09-24 00:00:00,constructor_standings_1586
1607,172,21,7.0,7,0,2000-09-24 00:00:00,constructor_standings_1587
1608,172,1,143.0,2,7,2000-09-24 00:00:00,constructor_standings_1588
1609,172,15,6.0,8,0,2000-09-24 00:00:00,constructor_standings_1589
1610,172,19,3.0,9,0,2000-09-24 00:00:00,constructor_standings_1590
1611,173,6,156.0,1,9,2000-10-08 00:00:00,constructor_standings_1591
1612,173,3,36.0,3,0,2000-10-08 00:00:00,constructor_standings_1592
1613,173,16,18.0,5,0,2000-10-08 00:00:00,constructor_standings_1593
1614,173,22,20.0,4,0,2000-10-08 00:00:00,constructor_standings_1594
1615,173,18,0.0,10,0,2000-10-08 00:00:00,constructor_standings_1595
1616,173,20,0.0,11,0,2000-10-08 00:00:00,constructor_standings_1596
1617,173,17,17.0,6,0,2000-10-08 00:00:00,constructor_standings_1597
1618,173,21,7.0,7,0,2000-10-08 00:00:00,constructor_standings_1598
1619,173,1,153.0,2,7,2000-10-08 00:00:00,constructor_standings_1599
1620,173,15,6.0,8,0,2000-10-08 00:00:00,constructor_standings_1600
1621,173,19,3.0,9,0,2000-10-08 00:00:00,constructor_standings_1601
1622,174,6,170.0,1,10,2000-10-22 00:00:00,constructor_standings_1602
1623,174,3,36.0,3,0,2000-10-22 00:00:00,constructor_standings_1603
1624,174,16,20.0,5,0,2000-10-22 00:00:00,constructor_standings_1604
1625,174,22,20.0,4,0,2000-10-22 00:00:00,constructor_standings_1605
1626,174,18,0.0,10,0,2000-10-22 00:00:00,constructor_standings_1606
1627,174,20,0.0,11,0,2000-10-22 00:00:00,constructor_standings_1607
1628,174,17,17.0,6,0,2000-10-22 00:00:00,constructor_standings_1608
1629,174,21,7.0,7,0,2000-10-22 00:00:00,constructor_standings_1609
1630,174,1,162.0,2,7,2000-10-22 00:00:00,constructor_standings_1610
1631,174,15,6.0,8,0,2000-10-22 00:00:00,constructor_standings_1611
1632,174,19,4.0,9,0,2000-10-22 00:00:00,constructor_standings_1612
27973,74,4,46.0,1,4,2005-04-24 14:00:00,constructor_standings_1613
5450,175,21,1.0,6,0,1999-03-07 00:00:00,constructor_standings_1614
5449,175,24,2.0,5,0,1999-03-07 00:00:00,constructor_standings_1615
5448,175,22,3.0,4,0,1999-03-07 00:00:00,constructor_standings_1616
5447,175,3,4.0,3,0,1999-03-07 00:00:00,constructor_standings_1617
5446,175,17,6.0,2,0,1999-03-07 00:00:00,constructor_standings_1618
5445,175,6,10.0,1,1,1999-03-07 00:00:00,constructor_standings_1619
5470,177,16,0.0,10,0,1999-05-02 00:00:00,constructor_standings_1620
5459,176,18,0.0,9,0,1999-04-11 00:00:00,constructor_standings_1621
5458,176,20,1.0,8,0,1999-04-11 00:00:00,constructor_standings_1622
5457,176,1,10.0,2,1,1999-04-11 00:00:00,constructor_standings_1623
5456,176,21,1.0,7,0,1999-04-11 00:00:00,constructor_standings_1624
5455,176,24,2.0,6,0,1999-04-11 00:00:00,constructor_standings_1625
5454,176,22,3.0,5,0,1999-04-11 00:00:00,constructor_standings_1626
5453,176,3,7.0,4,0,1999-04-11 00:00:00,constructor_standings_1627
5452,176,17,10.0,3,0,1999-04-11 00:00:00,constructor_standings_1628
5469,177,15,1.0,9,0,1999-05-02 00:00:00,constructor_standings_1629
5468,177,18,0.0,11,0,1999-05-02 00:00:00,constructor_standings_1630
5467,177,20,1.0,8,0,1999-05-02 00:00:00,constructor_standings_1631
5466,177,1,16.0,2,1,1999-05-02 00:00:00,constructor_standings_1632
5465,177,21,1.0,7,0,1999-05-02 00:00:00,constructor_standings_1633
5464,177,24,6.0,5,0,1999-05-02 00:00:00,constructor_standings_1634
5463,177,22,5.0,6,0,1999-05-02 00:00:00,constructor_standings_1635
5462,177,3,7.0,4,0,1999-05-02 00:00:00,constructor_standings_1636
5461,177,17,13.0,3,0,1999-05-02 00:00:00,constructor_standings_1637
5460,177,6,28.0,1,2,1999-05-02 00:00:00,constructor_standings_1638
5451,176,6,18.0,1,1,1999-04-11 00:00:00,constructor_standings_1639
5481,178,16,0.0,10,0,1999-05-16 00:00:00,constructor_standings_1640
5480,178,15,1.0,9,0,1999-05-16 00:00:00,constructor_standings_1641
5479,178,18,0.0,11,0,1999-05-16 00:00:00,constructor_standings_1642
5478,178,20,1.0,8,0,1999-05-16 00:00:00,constructor_standings_1643
5477,178,1,20.0,2,1,1999-05-16 00:00:00,constructor_standings_1644
5476,178,21,1.0,7,0,1999-05-16 00:00:00,constructor_standings_1645
5475,178,24,6.0,6,0,1999-05-16 00:00:00,constructor_standings_1646
5474,178,22,8.0,4,0,1999-05-16 00:00:00,constructor_standings_1647
5473,178,3,7.0,5,0,1999-05-16 00:00:00,constructor_standings_1648
5472,178,17,16.0,3,0,1999-05-16 00:00:00,constructor_standings_1649
5471,178,6,44.0,1,3,1999-05-16 00:00:00,constructor_standings_1650
5492,179,16,0.0,10,0,1999-05-30 00:00:00,constructor_standings_1651
5491,179,15,1.0,9,0,1999-05-30 00:00:00,constructor_standings_1652
5490,179,18,0.0,11,0,1999-05-30 00:00:00,constructor_standings_1653
5489,179,20,2.0,7,0,1999-05-30 00:00:00,constructor_standings_1654
5488,179,1,36.0,2,2,1999-05-30 00:00:00,constructor_standings_1655
5487,179,21,1.0,8,0,1999-05-30 00:00:00,constructor_standings_1656
5486,179,24,6.0,6,0,1999-05-30 00:00:00,constructor_standings_1657
5485,179,22,8.0,5,0,1999-05-30 00:00:00,constructor_standings_1658
5484,179,3,9.0,4,0,1999-05-30 00:00:00,constructor_standings_1659
5483,179,17,16.0,3,0,1999-05-30 00:00:00,constructor_standings_1660
5482,179,6,51.0,1,3,1999-05-30 00:00:00,constructor_standings_1661
5503,180,16,0.0,10,0,1999-06-13 00:00:00,constructor_standings_1662
5502,180,15,2.0,8,0,1999-06-13 00:00:00,constructor_standings_1663
5501,180,18,0.0,11,0,1999-06-13 00:00:00,constructor_standings_1664
5500,180,20,2.0,7,0,1999-06-13 00:00:00,constructor_standings_1665
5499,180,1,46.0,2,3,1999-06-13 00:00:00,constructor_standings_1666
5498,180,21,1.0,9,0,1999-06-13 00:00:00,constructor_standings_1667
5497,180,24,8.0,6,0,1999-06-13 00:00:00,constructor_standings_1668
5496,180,22,14.0,4,0,1999-06-13 00:00:00,constructor_standings_1669
5495,180,3,12.0,5,0,1999-06-13 00:00:00,constructor_standings_1670
5494,180,17,16.0,3,0,1999-06-13 00:00:00,constructor_standings_1671
5493,180,6,55.0,1,3,1999-06-13 00:00:00,constructor_standings_1672
5514,181,16,0.0,10,0,1999-06-27 00:00:00,constructor_standings_1673
5513,181,15,2.0,8,0,1999-06-27 00:00:00,constructor_standings_1674
5512,181,18,0.0,11,0,1999-06-27 00:00:00,constructor_standings_1675
5511,181,20,2.0,7,0,1999-06-27 00:00:00,constructor_standings_1676
5510,181,1,52.0,2,3,1999-06-27 00:00:00,constructor_standings_1677
5509,181,21,1.0,9,0,1999-06-27 00:00:00,constructor_standings_1678
5508,181,24,12.0,6,0,1999-06-27 00:00:00,constructor_standings_1679
5507,181,22,14.0,5,0,1999-06-27 00:00:00,constructor_standings_1680
5506,181,3,15.0,4,0,1999-06-27 00:00:00,constructor_standings_1681
5505,181,17,26.0,3,1,1999-06-27 00:00:00,constructor_standings_1682
5504,181,6,58.0,1,3,1999-06-27 00:00:00,constructor_standings_1683
5525,182,16,0.0,10,0,1999-07-11 00:00:00,constructor_standings_1684
5524,182,15,3.0,7,0,1999-07-11 00:00:00,constructor_standings_1685
5523,182,18,0.0,11,0,1999-07-11 00:00:00,constructor_standings_1686
5522,182,20,2.0,8,0,1999-07-11 00:00:00,constructor_standings_1687
5521,182,1,62.0,2,4,1999-07-11 00:00:00,constructor_standings_1688
5520,182,21,1.0,9,0,1999-07-11 00:00:00,constructor_standings_1689
5519,182,24,12.0,6,0,1999-07-11 00:00:00,constructor_standings_1690
5518,182,22,14.0,5,0,1999-07-11 00:00:00,constructor_standings_1691
5517,182,3,19.0,4,0,1999-07-11 00:00:00,constructor_standings_1692
5516,182,17,31.0,3,1,1999-07-11 00:00:00,constructor_standings_1693
5515,182,6,64.0,1,3,1999-07-11 00:00:00,constructor_standings_1694
5536,183,16,0.0,10,0,1999-07-25 00:00:00,constructor_standings_1695
5535,183,15,4.0,7,0,1999-07-25 00:00:00,constructor_standings_1696
5534,183,18,0.0,11,0,1999-07-25 00:00:00,constructor_standings_1697
5533,183,20,2.0,8,0,1999-07-25 00:00:00,constructor_standings_1698
5532,183,1,72.0,2,4,1999-07-25 00:00:00,constructor_standings_1699
5531,183,21,1.0,9,0,1999-07-25 00:00:00,constructor_standings_1700
5530,183,24,12.0,6,0,1999-07-25 00:00:00,constructor_standings_1701
5529,183,22,16.0,5,0,1999-07-25 00:00:00,constructor_standings_1702
5528,183,3,19.0,4,0,1999-07-25 00:00:00,constructor_standings_1703
5527,183,17,34.0,3,1,1999-07-25 00:00:00,constructor_standings_1704
5526,183,6,74.0,1,4,1999-07-25 00:00:00,constructor_standings_1705
5547,184,16,0.0,10,0,1999-08-01 00:00:00,constructor_standings_1706
5546,184,15,4.0,7,0,1999-08-01 00:00:00,constructor_standings_1707
5545,184,18,0.0,11,0,1999-08-01 00:00:00,constructor_standings_1708
5544,184,20,3.0,8,0,1999-08-01 00:00:00,constructor_standings_1709
5543,184,1,74.0,2,4,1999-08-01 00:00:00,constructor_standings_1710
5542,184,21,1.0,9,0,1999-08-01 00:00:00,constructor_standings_1711
5541,184,24,12.0,6,0,1999-08-01 00:00:00,constructor_standings_1712
5540,184,22,16.0,5,0,1999-08-01 00:00:00,constructor_standings_1713
5539,184,3,22.0,4,0,1999-08-01 00:00:00,constructor_standings_1714
5538,184,17,38.0,3,1,1999-08-01 00:00:00,constructor_standings_1715
5537,184,6,90.0,1,5,1999-08-01 00:00:00,constructor_standings_1716
5558,185,16,0.0,10,0,1999-08-15 00:00:00,constructor_standings_1717
5557,185,15,4.0,7,0,1999-08-15 00:00:00,constructor_standings_1718
5556,185,18,0.0,11,0,1999-08-15 00:00:00,constructor_standings_1719
5555,185,20,3.0,8,0,1999-08-15 00:00:00,constructor_standings_1720
5554,185,1,90.0,2,5,1999-08-15 00:00:00,constructor_standings_1721
5553,185,21,1.0,9,0,1999-08-15 00:00:00,constructor_standings_1722
5552,185,24,14.0,6,0,1999-08-15 00:00:00,constructor_standings_1723
5551,185,22,16.0,5,0,1999-08-15 00:00:00,constructor_standings_1724
5550,185,3,22.0,4,0,1999-08-15 00:00:00,constructor_standings_1725
5549,185,17,42.0,3,1,1999-08-15 00:00:00,constructor_standings_1726
5548,185,6,94.0,1,5,1999-08-15 00:00:00,constructor_standings_1727
5569,186,16,0.0,10,0,1999-08-29 00:00:00,constructor_standings_1728
5568,186,15,4.0,7,0,1999-08-29 00:00:00,constructor_standings_1729
5567,186,18,0.0,11,0,1999-08-29 00:00:00,constructor_standings_1730
5566,186,20,3.0,8,0,1999-08-29 00:00:00,constructor_standings_1731
5565,186,1,106.0,1,6,1999-08-29 00:00:00,constructor_standings_1732
5564,186,21,1.0,9,0,1999-08-29 00:00:00,constructor_standings_1733
5563,186,24,14.0,6,0,1999-08-29 00:00:00,constructor_standings_1734
5562,186,22,16.0,5,0,1999-08-29 00:00:00,constructor_standings_1735
5561,186,3,24.0,4,0,1999-08-29 00:00:00,constructor_standings_1736
5560,186,17,47.0,3,1,1999-08-29 00:00:00,constructor_standings_1737
5559,186,6,97.0,2,5,1999-08-29 00:00:00,constructor_standings_1738
5580,187,16,0.0,10,0,1999-09-12 00:00:00,constructor_standings_1739
5579,187,15,4.0,7,0,1999-09-12 00:00:00,constructor_standings_1740
5578,187,18,0.0,11,0,1999-09-12 00:00:00,constructor_standings_1741
5577,187,20,3.0,8,0,1999-09-12 00:00:00,constructor_standings_1742
5576,187,1,108.0,1,6,1999-09-12 00:00:00,constructor_standings_1743
5575,187,21,1.0,9,0,1999-09-12 00:00:00,constructor_standings_1744
5574,187,24,17.0,5,0,1999-09-12 00:00:00,constructor_standings_1745
5573,187,22,16.0,6,0,1999-09-12 00:00:00,constructor_standings_1746
5572,187,3,30.0,4,0,1999-09-12 00:00:00,constructor_standings_1747
5571,187,17,57.0,3,2,1999-09-12 00:00:00,constructor_standings_1748
5570,187,6,102.0,2,5,1999-09-12 00:00:00,constructor_standings_1749
5591,188,16,0.0,11,0,1999-09-26 00:00:00,constructor_standings_1750
5590,188,15,4.0,8,0,1999-09-26 00:00:00,constructor_standings_1751
5589,188,18,1.0,10,0,1999-09-26 00:00:00,constructor_standings_1752
5588,188,20,9.0,7,0,1999-09-26 00:00:00,constructor_standings_1753
5587,188,1,110.0,1,6,1999-09-26 00:00:00,constructor_standings_1754
5586,188,21,1.0,9,0,1999-09-26 00:00:00,constructor_standings_1755
5585,188,24,31.0,5,1,1999-09-26 00:00:00,constructor_standings_1756
5584,188,22,16.0,6,0,1999-09-26 00:00:00,constructor_standings_1757
5583,188,3,33.0,4,0,1999-09-26 00:00:00,constructor_standings_1758
5582,188,17,57.0,3,2,1999-09-26 00:00:00,constructor_standings_1759
5581,188,6,102.0,2,5,1999-09-26 00:00:00,constructor_standings_1760
5602,189,16,0.0,11,0,1999-10-17 00:00:00,constructor_standings_1761
5601,189,15,4.0,8,0,1999-10-17 00:00:00,constructor_standings_1762
5600,189,18,1.0,10,0,1999-10-17 00:00:00,constructor_standings_1763
5599,189,20,9.0,7,0,1999-10-17 00:00:00,constructor_standings_1764
5598,189,1,114.0,2,6,1999-10-17 00:00:00,constructor_standings_1765
5597,189,21,1.0,9,0,1999-10-17 00:00:00,constructor_standings_1766
5596,189,24,36.0,4,1,1999-10-17 00:00:00,constructor_standings_1767
5595,189,22,16.0,6,0,1999-10-17 00:00:00,constructor_standings_1768
5594,189,3,33.0,5,0,1999-10-17 00:00:00,constructor_standings_1769
5593,189,17,58.0,3,2,1999-10-17 00:00:00,constructor_standings_1770
5592,189,6,118.0,1,6,1999-10-17 00:00:00,constructor_standings_1771
5613,190,16,0.0,11,0,1999-10-31 00:00:00,constructor_standings_1772
5612,190,15,5.0,8,0,1999-10-31 00:00:00,constructor_standings_1773
5611,190,18,1.0,10,0,1999-10-31 00:00:00,constructor_standings_1774
5610,190,20,9.0,7,0,1999-10-31 00:00:00,constructor_standings_1775
5609,190,1,124.0,2,7,1999-10-31 00:00:00,constructor_standings_1776
5608,190,21,1.0,9,0,1999-10-31 00:00:00,constructor_standings_1777
5607,190,24,36.0,4,1,1999-10-31 00:00:00,constructor_standings_1778
5606,190,22,16.0,6,0,1999-10-31 00:00:00,constructor_standings_1779
5605,190,3,35.0,5,0,1999-10-31 00:00:00,constructor_standings_1780
5604,190,17,61.0,3,2,1999-10-31 00:00:00,constructor_standings_1781
5603,190,6,128.0,1,6,1999-10-31 00:00:00,constructor_standings_1782
2055,191,1,16.0,1,1,1998-03-08 00:00:00,constructor_standings_1783
2056,191,3,6.0,2,0,1998-03-08 00:00:00,constructor_standings_1784
2057,191,6,3.0,3,0,1998-03-08 00:00:00,constructor_standings_1785
2058,191,15,1.0,4,0,1998-03-08 00:00:00,constructor_standings_1786
2059,191,22,0.0,5,0,1998-03-08 00:00:00,constructor_standings_1787
2060,191,17,0.0,6,0,1998-03-08 00:00:00,constructor_standings_1788
2061,191,20,0.0,7,0,1998-03-08 00:00:00,constructor_standings_1789
2062,192,1,32.0,1,2,1998-03-29 00:00:00,constructor_standings_1790
2063,192,3,8.0,2,0,1998-03-29 00:00:00,constructor_standings_1791
2064,192,6,7.0,3,0,1998-03-29 00:00:00,constructor_standings_1792
2065,192,15,1.0,5,0,1998-03-29 00:00:00,constructor_standings_1793
2066,192,22,4.0,4,0,1998-03-29 00:00:00,constructor_standings_1794
2067,192,17,0.0,6,0,1998-03-29 00:00:00,constructor_standings_1795
2068,192,20,0.0,7,0,1998-03-29 00:00:00,constructor_standings_1796
2069,192,24,0.0,8,0,1998-03-29 00:00:00,constructor_standings_1797
2070,193,1,39.0,1,2,1998-04-12 00:00:00,constructor_standings_1798
2071,193,3,8.0,3,0,1998-04-12 00:00:00,constructor_standings_1799
2072,193,6,21.0,2,1,1998-04-12 00:00:00,constructor_standings_1800
2073,193,15,3.0,5,0,1998-04-12 00:00:00,constructor_standings_1801
2074,193,22,7.0,4,0,1998-04-12 00:00:00,constructor_standings_1802
2075,193,17,0.0,6,0,1998-04-12 00:00:00,constructor_standings_1803
2076,193,20,0.0,7,0,1998-04-12 00:00:00,constructor_standings_1804
2077,193,24,0.0,8,0,1998-04-12 00:00:00,constructor_standings_1805
2078,193,25,0.0,9,0,1998-04-12 00:00:00,constructor_standings_1806
2079,193,18,0.0,10,0,1998-04-12 00:00:00,constructor_standings_1807
2080,194,1,49.0,1,3,1998-04-26 00:00:00,constructor_standings_1808
2081,194,3,13.0,3,0,1998-04-26 00:00:00,constructor_standings_1809
2082,194,6,31.0,2,1,1998-04-26 00:00:00,constructor_standings_1810
2083,194,15,4.0,5,0,1998-04-26 00:00:00,constructor_standings_1811
2084,194,22,7.0,4,0,1998-04-26 00:00:00,constructor_standings_1812
2085,194,17,0.0,6,0,1998-04-26 00:00:00,constructor_standings_1813
2086,194,20,0.0,8,0,1998-04-26 00:00:00,constructor_standings_1814
2087,194,24,0.0,10,0,1998-04-26 00:00:00,constructor_standings_1815
2088,194,25,0.0,11,0,1998-04-26 00:00:00,constructor_standings_1816
2089,194,18,0.0,7,0,1998-04-26 00:00:00,constructor_standings_1817
2090,194,21,0.0,9,0,1998-04-26 00:00:00,constructor_standings_1818
2091,195,1,65.0,1,4,1998-05-10 00:00:00,constructor_standings_1819
2092,195,3,14.0,3,0,1998-05-10 00:00:00,constructor_standings_1820
2093,195,6,35.0,2,1,1998-05-10 00:00:00,constructor_standings_1821
2094,195,15,4.0,5,0,1998-05-10 00:00:00,constructor_standings_1822
2095,195,22,10.0,4,0,1998-05-10 00:00:00,constructor_standings_1823
2096,195,17,0.0,7,0,1998-05-10 00:00:00,constructor_standings_1824
2097,195,20,0.0,9,0,1998-05-10 00:00:00,constructor_standings_1825
2098,195,24,2.0,6,0,1998-05-10 00:00:00,constructor_standings_1826
2099,195,25,0.0,11,0,1998-05-10 00:00:00,constructor_standings_1827
2100,195,18,0.0,8,0,1998-05-10 00:00:00,constructor_standings_1828
2101,195,21,0.0,10,0,1998-05-10 00:00:00,constructor_standings_1829
2102,196,1,75.0,1,5,1998-05-24 00:00:00,constructor_standings_1830
2103,196,3,16.0,4,0,1998-05-24 00:00:00,constructor_standings_1831
2104,196,6,39.0,2,1,1998-05-24 00:00:00,constructor_standings_1832
2105,196,15,4.0,6,0,1998-05-24 00:00:00,constructor_standings_1833
2106,196,22,16.0,3,0,1998-05-24 00:00:00,constructor_standings_1834
2107,196,17,0.0,8,0,1998-05-24 00:00:00,constructor_standings_1835
2108,196,20,0.0,10,0,1998-05-24 00:00:00,constructor_standings_1836
2109,196,24,2.0,7,0,1998-05-24 00:00:00,constructor_standings_1837
2110,196,25,0.0,11,0,1998-05-24 00:00:00,constructor_standings_1838
2111,196,18,0.0,9,0,1998-05-24 00:00:00,constructor_standings_1839
2112,196,21,4.0,5,0,1998-05-24 00:00:00,constructor_standings_1840
2113,197,1,75.0,1,5,1998-06-07 00:00:00,constructor_standings_1841
2114,197,3,16.0,4,0,1998-06-07 00:00:00,constructor_standings_1842
2115,197,6,53.0,2,2,1998-06-07 00:00:00,constructor_standings_1843
2116,197,15,4.0,7,0,1998-06-07 00:00:00,constructor_standings_1844
2117,197,22,25.0,3,0,1998-06-07 00:00:00,constructor_standings_1845
2118,197,17,0.0,8,0,1998-06-07 00:00:00,constructor_standings_1846
2119,197,20,0.0,11,0,1998-06-07 00:00:00,constructor_standings_1847
2120,197,24,5.0,5,0,1998-06-07 00:00:00,constructor_standings_1848
2121,197,25,0.0,10,0,1998-06-07 00:00:00,constructor_standings_1849
2122,197,18,0.0,9,0,1998-06-07 00:00:00,constructor_standings_1850
2123,197,21,4.0,6,0,1998-06-07 00:00:00,constructor_standings_1851
2124,198,1,80.0,1,5,1998-06-28 00:00:00,constructor_standings_1852
2125,198,3,19.0,4,0,1998-06-28 00:00:00,constructor_standings_1853
2126,198,6,69.0,2,3,1998-06-28 00:00:00,constructor_standings_1854
2127,198,15,4.0,7,0,1998-06-28 00:00:00,constructor_standings_1855
2128,198,22,27.0,3,0,1998-06-28 00:00:00,constructor_standings_1856
2129,198,17,0.0,8,0,1998-06-28 00:00:00,constructor_standings_1857
2130,198,20,0.0,11,0,1998-06-28 00:00:00,constructor_standings_1858
2131,198,24,5.0,5,0,1998-06-28 00:00:00,constructor_standings_1859
2132,198,25,0.0,10,0,1998-06-28 00:00:00,constructor_standings_1860
2133,198,18,0.0,9,0,1998-06-28 00:00:00,constructor_standings_1861
2134,198,21,4.0,6,0,1998-06-28 00:00:00,constructor_standings_1862
2135,199,1,86.0,1,5,1998-07-12 00:00:00,constructor_standings_1863
2136,199,3,19.0,4,0,1998-07-12 00:00:00,constructor_standings_1864
2137,199,6,83.0,2,4,1998-07-12 00:00:00,constructor_standings_1865
2138,199,15,4.0,7,0,1998-07-12 00:00:00,constructor_standings_1866
2139,199,22,32.0,3,0,1998-07-12 00:00:00,constructor_standings_1867
2140,199,17,1.0,8,0,1998-07-12 00:00:00,constructor_standings_1868
2141,199,20,0.0,11,0,1998-07-12 00:00:00,constructor_standings_1869
2142,199,24,5.0,5,0,1998-07-12 00:00:00,constructor_standings_1870
2143,199,25,0.0,10,0,1998-07-12 00:00:00,constructor_standings_1871
2144,199,18,0.0,9,0,1998-07-12 00:00:00,constructor_standings_1872
2145,199,21,4.0,6,0,1998-07-12 00:00:00,constructor_standings_1873
2146,200,1,102.0,1,6,1998-07-26 00:00:00,constructor_standings_1874
2147,200,3,20.0,4,0,1998-07-26 00:00:00,constructor_standings_1875
2148,200,6,90.0,2,4,1998-07-26 00:00:00,constructor_standings_1876
2149,200,15,4.0,7,0,1998-07-26 00:00:00,constructor_standings_1877
2150,200,22,32.0,3,0,1998-07-26 00:00:00,constructor_standings_1878
2151,200,17,3.0,8,0,1998-07-26 00:00:00,constructor_standings_1879
2152,200,20,0.0,11,0,1998-07-26 00:00:00,constructor_standings_1880
2153,200,24,5.0,5,0,1998-07-26 00:00:00,constructor_standings_1881
2154,200,25,0.0,10,0,1998-07-26 00:00:00,constructor_standings_1882
2155,200,18,0.0,9,0,1998-07-26 00:00:00,constructor_standings_1883
2156,200,21,4.0,6,0,1998-07-26 00:00:00,constructor_standings_1884
2157,201,1,118.0,1,7,1998-08-02 00:00:00,constructor_standings_1885
2158,201,3,24.0,4,0,1998-08-02 00:00:00,constructor_standings_1886
2159,201,6,92.0,2,4,1998-08-02 00:00:00,constructor_standings_1887
2160,201,15,4.0,8,0,1998-08-02 00:00:00,constructor_standings_1888
2161,201,22,32.0,3,0,1998-08-02 00:00:00,constructor_standings_1889
2162,201,17,7.0,5,0,1998-08-02 00:00:00,constructor_standings_1890
2163,201,20,0.0,11,0,1998-08-02 00:00:00,constructor_standings_1891
2164,201,24,5.0,6,0,1998-08-02 00:00:00,constructor_standings_1892
2165,201,25,0.0,10,0,1998-08-02 00:00:00,constructor_standings_1893
2166,201,18,0.0,9,0,1998-08-02 00:00:00,constructor_standings_1894
2167,201,21,4.0,7,0,1998-08-02 00:00:00,constructor_standings_1895
2168,202,1,125.0,1,7,1998-08-16 00:00:00,constructor_standings_1896
2169,202,3,30.0,4,0,1998-08-16 00:00:00,constructor_standings_1897
2170,202,6,102.0,2,5,1998-08-16 00:00:00,constructor_standings_1898
2171,202,15,4.0,8,0,1998-08-16 00:00:00,constructor_standings_1899
2172,202,22,32.0,3,0,1998-08-16 00:00:00,constructor_standings_1900
2173,202,17,10.0,5,0,1998-08-16 00:00:00,constructor_standings_1901
2174,202,20,0.0,11,0,1998-08-16 00:00:00,constructor_standings_1902
2175,202,24,5.0,6,0,1998-08-16 00:00:00,constructor_standings_1903
2176,202,25,0.0,10,0,1998-08-16 00:00:00,constructor_standings_1904
2177,202,18,0.0,9,0,1998-08-16 00:00:00,constructor_standings_1905
2178,202,21,4.0,7,0,1998-08-16 00:00:00,constructor_standings_1906
2179,203,1,125.0,1,7,1998-08-30 00:00:00,constructor_standings_1907
2180,203,3,33.0,3,0,1998-08-30 00:00:00,constructor_standings_1908
2181,203,6,102.0,2,5,1998-08-30 00:00:00,constructor_standings_1909
2182,203,15,8.0,6,0,1998-08-30 00:00:00,constructor_standings_1910
2183,203,22,32.0,4,0,1998-08-30 00:00:00,constructor_standings_1911
2184,203,17,26.0,5,1,1998-08-30 00:00:00,constructor_standings_1912
2185,203,20,1.0,9,0,1998-08-30 00:00:00,constructor_standings_1913
2186,203,24,5.0,8,0,1998-08-30 00:00:00,constructor_standings_1914
2187,203,25,0.0,11,0,1998-08-30 00:00:00,constructor_standings_1915
2188,203,18,0.0,10,0,1998-08-30 00:00:00,constructor_standings_1916
2189,203,21,6.0,7,0,1998-08-30 00:00:00,constructor_standings_1917
2190,204,1,128.0,1,7,1998-09-13 00:00:00,constructor_standings_1918
2191,204,3,33.0,3,0,1998-09-13 00:00:00,constructor_standings_1919
2192,204,6,118.0,2,6,1998-09-13 00:00:00,constructor_standings_1920
2193,204,15,10.0,6,0,1998-09-13 00:00:00,constructor_standings_1921
2194,204,22,32.0,4,0,1998-09-13 00:00:00,constructor_standings_1922
2195,204,17,31.0,5,1,1998-09-13 00:00:00,constructor_standings_1923
2196,204,20,1.0,9,0,1998-09-13 00:00:00,constructor_standings_1924
2197,204,24,5.0,8,0,1998-09-13 00:00:00,constructor_standings_1925
2198,204,25,0.0,11,0,1998-09-13 00:00:00,constructor_standings_1926
2199,204,18,0.0,10,0,1998-09-13 00:00:00,constructor_standings_1927
2200,204,21,6.0,7,0,1998-09-13 00:00:00,constructor_standings_1928
2201,205,1,142.0,1,8,1998-09-27 00:00:00,constructor_standings_1929
2202,205,3,35.0,3,0,1998-09-27 00:00:00,constructor_standings_1930
2203,205,6,127.0,2,6,1998-09-27 00:00:00,constructor_standings_1931
2204,205,15,10.0,6,0,1998-09-27 00:00:00,constructor_standings_1932
2205,205,22,33.0,4,0,1998-09-27 00:00:00,constructor_standings_1933
2206,205,17,31.0,5,1,1998-09-27 00:00:00,constructor_standings_1934
2207,205,20,1.0,9,0,1998-09-27 00:00:00,constructor_standings_1935
2208,205,24,5.0,8,0,1998-09-27 00:00:00,constructor_standings_1936
2209,205,25,0.0,11,0,1998-09-27 00:00:00,constructor_standings_1937
2210,205,18,0.0,10,0,1998-09-27 00:00:00,constructor_standings_1938
2211,205,21,6.0,7,0,1998-09-27 00:00:00,constructor_standings_1939
2212,206,1,156.0,1,9,1998-11-01 00:00:00,constructor_standings_1940
2213,206,3,38.0,3,0,1998-11-01 00:00:00,constructor_standings_1941
2214,206,6,133.0,2,6,1998-11-01 00:00:00,constructor_standings_1942
2215,206,15,10.0,6,0,1998-11-01 00:00:00,constructor_standings_1943
2216,206,22,33.0,5,0,1998-11-01 00:00:00,constructor_standings_1944
2217,206,17,34.0,4,1,1998-11-01 00:00:00,constructor_standings_1945
2218,206,20,1.0,9,0,1998-11-01 00:00:00,constructor_standings_1946
2219,206,24,5.0,8,0,1998-11-01 00:00:00,constructor_standings_1947
2220,206,25,0.0,11,0,1998-11-01 00:00:00,constructor_standings_1948
2221,206,18,0.0,10,0,1998-11-01 00:00:00,constructor_standings_1949
2222,206,21,6.0,7,0,1998-11-01 00:00:00,constructor_standings_1950
5257,207,21,0.0,8,0,1997-03-09 00:00:00,constructor_standings_1951
5256,207,18,0.0,7,0,1997-03-09 00:00:00,constructor_standings_1952
5255,207,3,0.0,6,0,1997-03-09 00:00:00,constructor_standings_1953
5254,207,15,1.0,5,0,1997-03-09 00:00:00,constructor_standings_1954
5253,207,20,2.0,4,0,1997-03-09 00:00:00,constructor_standings_1955
5252,207,22,3.0,3,0,1997-03-09 00:00:00,constructor_standings_1956
5251,207,6,6.0,2,0,1997-03-09 00:00:00,constructor_standings_1957
5250,207,1,14.0,1,1,1997-03-09 00:00:00,constructor_standings_1958
5267,208,25,0.0,10,0,1997-03-30 00:00:00,constructor_standings_1959
5266,208,17,0.0,7,0,1997-03-30 00:00:00,constructor_standings_1960
5265,208,21,0.0,9,0,1997-03-30 00:00:00,constructor_standings_1961
5264,208,18,0.0,8,0,1997-03-30 00:00:00,constructor_standings_1962
5263,208,3,10.0,2,1,1997-03-30 00:00:00,constructor_standings_1963
5262,208,15,1.0,6,0,1997-03-30 00:00:00,constructor_standings_1964
5261,208,20,6.0,5,0,1997-03-30 00:00:00,constructor_standings_1965
5260,208,22,10.0,3,0,1997-03-30 00:00:00,constructor_standings_1966
5259,208,6,8.0,4,0,1997-03-30 00:00:00,constructor_standings_1967
5258,208,1,17.0,1,1,1997-03-30 00:00:00,constructor_standings_1968
5278,209,24,0.0,11,0,1997-04-13 00:00:00,constructor_standings_1969
5277,209,25,0.0,8,0,1997-04-13 00:00:00,constructor_standings_1970
5276,209,17,4.0,6,0,1997-04-13 00:00:00,constructor_standings_1971
5275,209,21,0.0,10,0,1997-04-13 00:00:00,constructor_standings_1972
5274,209,18,0.0,9,0,1997-04-13 00:00:00,constructor_standings_1973
5273,209,3,20.0,1,2,1997-04-13 00:00:00,constructor_standings_1974
5272,209,15,4.0,7,0,1997-04-13 00:00:00,constructor_standings_1975
5271,209,20,6.0,5,0,1997-04-13 00:00:00,constructor_standings_1976
5270,209,22,11.0,4,0,1997-04-13 00:00:00,constructor_standings_1977
5269,209,6,14.0,3,0,1997-04-13 00:00:00,constructor_standings_1978
5268,209,1,19.0,2,1,1997-04-13 00:00:00,constructor_standings_1979
5289,210,24,0.0,11,0,1997-04-27 00:00:00,constructor_standings_1980
5288,210,25,0.0,8,0,1997-04-27 00:00:00,constructor_standings_1981
5287,210,17,7.0,5,0,1997-04-27 00:00:00,constructor_standings_1982
5286,210,21,0.0,10,0,1997-04-27 00:00:00,constructor_standings_1983
5285,210,18,0.0,9,0,1997-04-27 00:00:00,constructor_standings_1984
5284,210,3,30.0,1,3,1997-04-27 00:00:00,constructor_standings_1985
5283,210,15,4.0,7,0,1997-04-27 00:00:00,constructor_standings_1986
5282,210,20,6.0,6,0,1997-04-27 00:00:00,constructor_standings_1987
5281,210,22,13.0,4,0,1997-04-27 00:00:00,constructor_standings_1988
5280,210,6,24.0,2,0,1997-04-27 00:00:00,constructor_standings_1989
5279,210,1,20.0,3,1,1997-04-27 00:00:00,constructor_standings_1990
5300,211,24,6.0,7,0,1997-05-11 00:00:00,constructor_standings_1991
5299,211,25,2.0,9,0,1997-05-11 00:00:00,constructor_standings_1992
5298,211,17,8.0,6,0,1997-05-11 00:00:00,constructor_standings_1993
5297,211,21,0.0,11,0,1997-05-11 00:00:00,constructor_standings_1994
5296,211,18,0.0,10,0,1997-05-11 00:00:00,constructor_standings_1995
5295,211,3,30.0,2,3,1997-05-11 00:00:00,constructor_standings_1996
5294,211,15,4.0,8,0,1997-05-11 00:00:00,constructor_standings_1997
5293,211,20,9.0,5,0,1997-05-11 00:00:00,constructor_standings_1998
5292,211,22,13.0,4,0,1997-05-11 00:00:00,constructor_standings_1999
5291,211,6,38.0,1,1,1997-05-11 00:00:00,constructor_standings_2000
5290,211,1,20.0,3,1,1997-05-11 00:00:00,constructor_standings_2001
25366,212,26,0.0,12,0,1997-05-25 00:00:00,constructor_standings_2002
25365,212,17,8.0,6,0,1997-05-25 00:00:00,constructor_standings_2003
25364,212,25,2.0,9,0,1997-05-25 00:00:00,constructor_standings_2004
25363,212,24,6.0,7,0,1997-05-25 00:00:00,constructor_standings_2005
25362,212,21,0.0,11,0,1997-05-25 00:00:00,constructor_standings_2006
25361,212,18,0.0,10,0,1997-05-25 00:00:00,constructor_standings_2007
25360,212,3,40.0,2,4,1997-05-25 00:00:00,constructor_standings_2008
25359,212,15,6.0,8,0,1997-05-25 00:00:00,constructor_standings_2009
25358,212,20,15.0,5,0,1997-05-25 00:00:00,constructor_standings_2010
25357,212,22,17.0,4,0,1997-05-25 00:00:00,constructor_standings_2011
25356,212,6,41.0,1,1,1997-05-25 00:00:00,constructor_standings_2012
25355,212,1,21.0,3,1,1997-05-25 00:00:00,constructor_standings_2013
25378,213,26,0.0,12,0,1997-06-15 00:00:00,constructor_standings_2014
25377,213,17,12.0,6,0,1997-06-15 00:00:00,constructor_standings_2015
25376,213,25,2.0,9,0,1997-06-15 00:00:00,constructor_standings_2016
25375,213,24,6.0,8,0,1997-06-15 00:00:00,constructor_standings_2017
25374,213,21,0.0,10,0,1997-06-15 00:00:00,constructor_standings_2018
25373,213,18,0.0,11,0,1997-06-15 00:00:00,constructor_standings_2019
25372,213,3,43.0,2,4,1997-06-15 00:00:00,constructor_standings_2020
25371,213,15,8.0,7,0,1997-06-15 00:00:00,constructor_standings_2021
25370,213,20,16.0,5,0,1997-06-15 00:00:00,constructor_standings_2022
25369,213,22,23.0,3,0,1997-06-15 00:00:00,constructor_standings_2023
25368,213,6,51.0,1,2,1997-06-15 00:00:00,constructor_standings_2024
25367,213,1,21.0,4,1,1997-06-15 00:00:00,constructor_standings_2025
25390,214,26,0.0,12,0,1997-06-29 00:00:00,constructor_standings_2026
25389,214,17,13.0,6,0,1997-06-29 00:00:00,constructor_standings_2027
25388,214,25,2.0,9,0,1997-06-29 00:00:00,constructor_standings_2028
25387,214,24,6.0,8,0,1997-06-29 00:00:00,constructor_standings_2029
25386,214,21,0.0,10,0,1997-06-29 00:00:00,constructor_standings_2030
25385,214,18,0.0,11,0,1997-06-29 00:00:00,constructor_standings_2031
25384,214,3,52.0,2,4,1997-06-29 00:00:00,constructor_standings_2032
25383,214,15,8.0,7,0,1997-06-29 00:00:00,constructor_standings_2033
25382,214,20,16.0,5,0,1997-06-29 00:00:00,constructor_standings_2034
25381,214,22,25.0,3,0,1997-06-29 00:00:00,constructor_standings_2035
25380,214,6,65.0,1,3,1997-06-29 00:00:00,constructor_standings_2036
25379,214,1,21.0,4,1,1997-06-29 00:00:00,constructor_standings_2037
25402,215,26,0.0,12,0,1997-07-13 00:00:00,constructor_standings_2038
25401,215,17,15.0,6,0,1997-07-13 00:00:00,constructor_standings_2039
25400,215,25,2.0,9,0,1997-07-13 00:00:00,constructor_standings_2040
25399,215,24,6.0,8,0,1997-07-13 00:00:00,constructor_standings_2041
25398,215,21,1.0,10,0,1997-07-13 00:00:00,constructor_standings_2042
25397,215,18,0.0,11,0,1997-07-13 00:00:00,constructor_standings_2043
25396,215,3,62.0,2,5,1997-07-13 00:00:00,constructor_standings_2044
25395,215,15,8.0,7,0,1997-07-13 00:00:00,constructor_standings_2045
25394,215,20,16.0,5,0,1997-07-13 00:00:00,constructor_standings_2046
25393,215,22,35.0,3,0,1997-07-13 00:00:00,constructor_standings_2047
25392,215,6,65.0,1,3,1997-07-13 00:00:00,constructor_standings_2048
25391,215,1,24.0,4,1,1997-07-13 00:00:00,constructor_standings_2049
25414,216,26,0.0,12,0,1997-07-27 00:00:00,constructor_standings_2050
25413,216,17,17.0,6,0,1997-07-27 00:00:00,constructor_standings_2051
25412,216,25,2.0,9,0,1997-07-27 00:00:00,constructor_standings_2052
25411,216,24,6.0,8,0,1997-07-27 00:00:00,constructor_standings_2053
25410,216,21,1.0,10,0,1997-07-27 00:00:00,constructor_standings_2054
25409,216,18,0.0,11,0,1997-07-27 00:00:00,constructor_standings_2055
25408,216,3,62.0,2,5,1997-07-27 00:00:00,constructor_standings_2056
25407,216,15,8.0,7,0,1997-07-27 00:00:00,constructor_standings_2057
25406,216,20,19.0,5,0,1997-07-27 00:00:00,constructor_standings_2058
25405,216,22,46.0,3,1,1997-07-27 00:00:00,constructor_standings_2059
25404,216,6,71.0,1,3,1997-07-27 00:00:00,constructor_standings_2060
25403,216,1,28.0,4,1,1997-07-27 00:00:00,constructor_standings_2061
25426,217,26,0.0,12,0,1997-08-10 00:00:00,constructor_standings_2062
25425,217,17,19.0,6,0,1997-08-10 00:00:00,constructor_standings_2063
25424,217,25,2.0,10,0,1997-08-10 00:00:00,constructor_standings_2064
25423,217,24,6.0,9,0,1997-08-10 00:00:00,constructor_standings_2065
25422,217,21,7.0,8,0,1997-08-10 00:00:00,constructor_standings_2066
25421,217,18,0.0,11,0,1997-08-10 00:00:00,constructor_standings_2067
25420,217,3,72.0,2,6,1997-08-10 00:00:00,constructor_standings_2068
25419,217,15,12.0,7,0,1997-08-10 00:00:00,constructor_standings_2069
25418,217,20,20.0,5,0,1997-08-10 00:00:00,constructor_standings_2070
25417,217,22,46.0,3,1,1997-08-10 00:00:00,constructor_standings_2071
25416,217,6,74.0,1,3,1997-08-10 00:00:00,constructor_standings_2072
25415,217,1,28.0,4,1,1997-08-10 00:00:00,constructor_standings_2073
25438,218,26,0.0,12,0,1997-08-24 00:00:00,constructor_standings_2074
25437,218,17,25.0,5,0,1997-08-24 00:00:00,constructor_standings_2075
25436,218,25,2.0,10,0,1997-08-24 00:00:00,constructor_standings_2076
25435,218,24,6.0,9,0,1997-08-24 00:00:00,constructor_standings_2077
25434,218,21,7.0,8,0,1997-08-24 00:00:00,constructor_standings_2078
25433,218,18,0.0,11,0,1997-08-24 00:00:00,constructor_standings_2079
25432,218,3,78.0,2,6,1997-08-24 00:00:00,constructor_standings_2080
25431,218,15,15.0,7,0,1997-08-24 00:00:00,constructor_standings_2081
25430,218,20,20.0,6,0,1997-08-24 00:00:00,constructor_standings_2082
25429,218,22,47.0,3,1,1997-08-24 00:00:00,constructor_standings_2083
25428,218,6,84.0,1,4,1997-08-24 00:00:00,constructor_standings_2084
25427,218,1,28.0,4,1,1997-08-24 00:00:00,constructor_standings_2085
25450,219,26,0.0,12,0,1997-09-07 00:00:00,constructor_standings_2086
25449,219,17,28.0,5,0,1997-09-07 00:00:00,constructor_standings_2087
25448,219,25,2.0,10,0,1997-09-07 00:00:00,constructor_standings_2088
25447,219,24,6.0,9,0,1997-09-07 00:00:00,constructor_standings_2089
25446,219,21,7.0,8,0,1997-09-07 00:00:00,constructor_standings_2090
25445,219,18,0.0,11,0,1997-09-07 00:00:00,constructor_standings_2091
25444,219,3,84.0,2,6,1997-09-07 00:00:00,constructor_standings_2092
25443,219,15,15.0,7,0,1997-09-07 00:00:00,constructor_standings_2093
25442,219,20,20.0,6,0,1997-09-07 00:00:00,constructor_standings_2094
25441,219,22,53.0,3,1,1997-09-07 00:00:00,constructor_standings_2095
25440,219,6,85.0,1,4,1997-09-07 00:00:00,constructor_standings_2096
25439,219,1,38.0,4,2,1997-09-07 00:00:00,constructor_standings_2097
25462,220,26,0.0,12,0,1997-09-21 00:00:00,constructor_standings_2098
25461,220,17,33.0,5,0,1997-09-21 00:00:00,constructor_standings_2099
25460,220,25,2.0,10,0,1997-09-21 00:00:00,constructor_standings_2100
25459,220,24,6.0,9,0,1997-09-21 00:00:00,constructor_standings_2101
25458,220,21,7.0,8,0,1997-09-21 00:00:00,constructor_standings_2102
25457,220,18,0.0,11,0,1997-09-21 00:00:00,constructor_standings_2103
25456,220,3,98.0,1,7,1997-09-21 00:00:00,constructor_standings_2104
25455,220,15,15.0,7,0,1997-09-21 00:00:00,constructor_standings_2105
25454,220,20,20.0,6,0,1997-09-21 00:00:00,constructor_standings_2106
25453,220,22,53.0,3,1,1997-09-21 00:00:00,constructor_standings_2107
25452,220,6,86.0,2,4,1997-09-21 00:00:00,constructor_standings_2108
25451,220,1,44.0,4,2,1997-09-21 00:00:00,constructor_standings_2109
25474,221,26,0.0,12,0,1997-09-28 00:00:00,constructor_standings_2110
25473,221,17,33.0,5,0,1997-09-28 00:00:00,constructor_standings_2111
25472,221,25,2.0,10,0,1997-09-28 00:00:00,constructor_standings_2112
25471,221,24,6.0,9,0,1997-09-28 00:00:00,constructor_standings_2113
25470,221,21,9.0,8,0,1997-09-28 00:00:00,constructor_standings_2114
25469,221,18,0.0,11,0,1997-09-28 00:00:00,constructor_standings_2115
25468,221,3,112.0,1,8,1997-09-28 00:00:00,constructor_standings_2116
25467,221,15,15.0,7,0,1997-09-28 00:00:00,constructor_standings_2117
25466,221,20,21.0,6,0,1997-09-28 00:00:00,constructor_standings_2118
25465,221,22,62.0,3,1,1997-09-28 00:00:00,constructor_standings_2119
25464,221,6,86.0,2,4,1997-09-28 00:00:00,constructor_standings_2120
25463,221,1,44.0,4,2,1997-09-28 00:00:00,constructor_standings_2121
25486,222,26,0.0,12,0,1997-10-12 00:00:00,constructor_standings_2122
25485,222,17,33.0,5,0,1997-10-12 00:00:00,constructor_standings_2123
25484,222,25,2.0,10,0,1997-10-12 00:00:00,constructor_standings_2124
25483,222,24,6.0,9,0,1997-10-12 00:00:00,constructor_standings_2125
25482,222,21,9.0,8,0,1997-10-12 00:00:00,constructor_standings_2126
25481,222,18,0.0,11,0,1997-10-12 00:00:00,constructor_standings_2127
25480,222,3,118.0,1,8,1997-10-12 00:00:00,constructor_standings_2128
25479,222,15,16.0,7,0,1997-10-12 00:00:00,constructor_standings_2129
25478,222,20,21.0,6,0,1997-10-12 00:00:00,constructor_standings_2130
25477,222,22,64.0,3,1,1997-10-12 00:00:00,constructor_standings_2131
25476,222,6,100.0,2,5,1997-10-12 00:00:00,constructor_standings_2132
25475,222,1,47.0,4,2,1997-10-12 00:00:00,constructor_standings_2133
25498,223,26,0.0,12,0,1997-10-26 00:00:00,constructor_standings_2134
25497,223,17,33.0,5,0,1997-10-26 00:00:00,constructor_standings_2135
25496,223,25,2.0,10,0,1997-10-26 00:00:00,constructor_standings_2136
25495,223,24,6.0,9,0,1997-10-26 00:00:00,constructor_standings_2137
25494,223,21,9.0,8,0,1997-10-26 00:00:00,constructor_standings_2138
25493,223,18,0.0,11,0,1997-10-26 00:00:00,constructor_standings_2139
25492,223,3,123.0,1,8,1997-10-26 00:00:00,constructor_standings_2140
25491,223,15,16.0,7,0,1997-10-26 00:00:00,constructor_standings_2141
25490,223,20,21.0,6,0,1997-10-26 00:00:00,constructor_standings_2142
25489,223,22,67.0,3,1,1997-10-26 00:00:00,constructor_standings_2143
25488,223,6,102.0,2,5,1997-10-26 00:00:00,constructor_standings_2144
25487,223,1,63.0,4,3,1997-10-26 00:00:00,constructor_standings_2145
2418,224,3,16.0,1,1,1996-03-10 00:00:00,constructor_standings_2146
2419,224,6,4.0,2,0,1996-03-10 00:00:00,constructor_standings_2147
2420,224,22,3.0,3,0,1996-03-10 00:00:00,constructor_standings_2148
2421,224,1,2.0,4,0,1996-03-10 00:00:00,constructor_standings_2149
2422,224,25,1.0,5,0,1996-03-10 00:00:00,constructor_standings_2150
2423,224,27,0.0,6,0,1996-03-10 00:00:00,constructor_standings_2151
2424,224,15,0.0,7,0,1996-03-10 00:00:00,constructor_standings_2152
2425,224,29,0.0,8,0,1996-03-10 00:00:00,constructor_standings_2153
2426,225,3,26.0,1,2,1996-03-31 00:00:00,constructor_standings_2154
2427,225,6,8.0,3,0,1996-03-31 00:00:00,constructor_standings_2155
2428,225,22,9.0,2,0,1996-03-31 00:00:00,constructor_standings_2156
2429,225,1,5.0,4,0,1996-03-31 00:00:00,constructor_standings_2157
2430,225,25,3.0,5,0,1996-03-31 00:00:00,constructor_standings_2158
2431,225,27,1.0,6,0,1996-03-31 00:00:00,constructor_standings_2159
2432,225,15,0.0,7,0,1996-03-31 00:00:00,constructor_standings_2160
2433,225,29,0.0,8,0,1996-03-31 00:00:00,constructor_standings_2161
2434,225,18,0.0,9,0,1996-03-31 00:00:00,constructor_standings_2162
2435,225,28,0.0,10,0,1996-03-31 00:00:00,constructor_standings_2163
2436,225,17,0.0,11,0,1996-03-31 00:00:00,constructor_standings_2164
2437,226,3,42.0,1,3,1996-04-07 00:00:00,constructor_standings_2165
2438,226,6,10.0,3,0,1996-04-07 00:00:00,constructor_standings_2166
2439,226,22,13.0,2,0,1996-04-07 00:00:00,constructor_standings_2167
2440,226,1,5.0,4,0,1996-04-07 00:00:00,constructor_standings_2168
2441,226,25,3.0,6,0,1996-04-07 00:00:00,constructor_standings_2169
2442,226,27,1.0,7,0,1996-04-07 00:00:00,constructor_standings_2170
2443,226,15,0.0,9,0,1996-04-07 00:00:00,constructor_standings_2171
2444,226,29,1.0,8,0,1996-04-07 00:00:00,constructor_standings_2172
2445,226,18,0.0,11,0,1996-04-07 00:00:00,constructor_standings_2173
2446,226,28,0.0,10,0,1996-04-07 00:00:00,constructor_standings_2174
2447,226,17,3.0,5,0,1996-04-07 00:00:00,constructor_standings_2175
2448,227,3,55.0,1,4,1996-04-28 00:00:00,constructor_standings_2176
2449,227,6,16.0,2,0,1996-04-28 00:00:00,constructor_standings_2177
2450,227,22,13.0,3,0,1996-04-28 00:00:00,constructor_standings_2178
2451,227,1,9.0,4,0,1996-04-28 00:00:00,constructor_standings_2179
2452,227,25,3.0,6,0,1996-04-28 00:00:00,constructor_standings_2180
2453,227,27,1.0,7,0,1996-04-28 00:00:00,constructor_standings_2181
2454,227,15,0.0,9,0,1996-04-28 00:00:00,constructor_standings_2182
2455,227,29,1.0,8,0,1996-04-28 00:00:00,constructor_standings_2183
2456,227,18,0.0,11,0,1996-04-28 00:00:00,constructor_standings_2184
2457,227,28,0.0,10,0,1996-04-28 00:00:00,constructor_standings_2185
2458,227,17,6.0,5,0,1996-04-28 00:00:00,constructor_standings_2186
2459,228,3,65.0,1,5,1996-05-05 00:00:00,constructor_standings_2187
2460,228,6,25.0,2,0,1996-05-05 00:00:00,constructor_standings_2188
2461,228,22,18.0,3,0,1996-05-05 00:00:00,constructor_standings_2189
2462,228,1,9.0,4,0,1996-05-05 00:00:00,constructor_standings_2190
2463,228,25,3.0,6,0,1996-05-05 00:00:00,constructor_standings_2191
2464,228,27,1.0,7,0,1996-05-05 00:00:00,constructor_standings_2192
2465,228,15,0.0,9,0,1996-05-05 00:00:00,constructor_standings_2193
2466,228,29,1.0,8,0,1996-05-05 00:00:00,constructor_standings_2194
2467,228,18,0.0,10,0,1996-05-05 00:00:00,constructor_standings_2195
2468,228,28,0.0,11,0,1996-05-05 00:00:00,constructor_standings_2196
2469,228,17,8.0,5,0,1996-05-05 00:00:00,constructor_standings_2197
2470,229,3,65.0,1,5,1996-05-19 00:00:00,constructor_standings_2198
2471,229,6,25.0,2,0,1996-05-19 00:00:00,constructor_standings_2199
2472,229,22,18.0,3,0,1996-05-19 00:00:00,constructor_standings_2200
2473,229,1,16.0,4,0,1996-05-19 00:00:00,constructor_standings_2201
2474,229,25,5.0,8,0,1996-05-19 00:00:00,constructor_standings_2202
2475,229,27,11.0,5,1,1996-05-19 00:00:00,constructor_standings_2203
2476,229,15,7.0,7,0,1996-05-19 00:00:00,constructor_standings_2204
2477,229,29,1.0,9,0,1996-05-19 00:00:00,constructor_standings_2205
2478,229,18,0.0,10,0,1996-05-19 00:00:00,constructor_standings_2206
2479,229,28,0.0,11,0,1996-05-19 00:00:00,constructor_standings_2207
2480,229,17,8.0,6,0,1996-05-19 00:00:00,constructor_standings_2208
2481,230,3,69.0,1,5,1996-06-02 00:00:00,constructor_standings_2209
2482,230,6,35.0,2,1,1996-06-02 00:00:00,constructor_standings_2210
2483,230,22,24.0,3,0,1996-06-02 00:00:00,constructor_standings_2211
2484,230,1,18.0,4,0,1996-06-02 00:00:00,constructor_standings_2212
2485,230,25,5.0,8,0,1996-06-02 00:00:00,constructor_standings_2213
2486,230,27,12.0,5,1,1996-06-02 00:00:00,constructor_standings_2214
2487,230,15,10.0,6,0,1996-06-02 00:00:00,constructor_standings_2215
2488,230,29,1.0,9,0,1996-06-02 00:00:00,constructor_standings_2216
2489,230,18,0.0,10,0,1996-06-02 00:00:00,constructor_standings_2217
2490,230,28,0.0,11,0,1996-06-02 00:00:00,constructor_standings_2218
2491,230,17,8.0,7,0,1996-06-02 00:00:00,constructor_standings_2219
2492,231,3,85.0,1,6,1996-06-16 00:00:00,constructor_standings_2220
2493,231,6,35.0,2,1,1996-06-16 00:00:00,constructor_standings_2221
2494,231,22,28.0,3,0,1996-06-16 00:00:00,constructor_standings_2222
2495,231,1,23.0,4,0,1996-06-16 00:00:00,constructor_standings_2223
2496,231,25,5.0,8,0,1996-06-16 00:00:00,constructor_standings_2224
2497,231,27,12.0,5,1,1996-06-16 00:00:00,constructor_standings_2225
2498,231,15,10.0,6,0,1996-06-16 00:00:00,constructor_standings_2226
2499,231,29,1.0,9,0,1996-06-16 00:00:00,constructor_standings_2227
2500,231,18,0.0,10,0,1996-06-16 00:00:00,constructor_standings_2228
2501,231,28,0.0,11,0,1996-06-16 00:00:00,constructor_standings_2229
2502,231,17,9.0,7,0,1996-06-16 00:00:00,constructor_standings_2230
2503,232,3,101.0,1,7,1996-06-30 00:00:00,constructor_standings_2231
2504,232,6,35.0,2,1,1996-06-30 00:00:00,constructor_standings_2232
2505,232,22,35.0,3,0,1996-06-30 00:00:00,constructor_standings_2233
2506,232,1,26.0,4,0,1996-06-30 00:00:00,constructor_standings_2234
2507,232,25,5.0,8,0,1996-06-30 00:00:00,constructor_standings_2235
2508,232,27,12.0,5,1,1996-06-30 00:00:00,constructor_standings_2236
2509,232,15,10.0,6,0,1996-06-30 00:00:00,constructor_standings_2237
2510,232,29,1.0,9,0,1996-06-30 00:00:00,constructor_standings_2238
2511,232,18,0.0,10,0,1996-06-30 00:00:00,constructor_standings_2239
2512,232,28,0.0,11,0,1996-06-30 00:00:00,constructor_standings_2240
2513,232,17,9.0,7,0,1996-06-30 00:00:00,constructor_standings_2241
2514,233,3,111.0,1,8,1996-07-14 00:00:00,constructor_standings_2242
2515,233,6,35.0,3,1,1996-07-14 00:00:00,constructor_standings_2243
2516,233,22,41.0,2,0,1996-07-14 00:00:00,constructor_standings_2244
2517,233,1,32.0,4,0,1996-07-14 00:00:00,constructor_standings_2245
2518,233,25,5.0,8,0,1996-07-14 00:00:00,constructor_standings_2246
2519,233,27,12.0,6,1,1996-07-14 00:00:00,constructor_standings_2247
2520,233,15,10.0,7,0,1996-07-14 00:00:00,constructor_standings_2248
2521,233,29,1.0,9,0,1996-07-14 00:00:00,constructor_standings_2249
2522,233,18,0.0,10,0,1996-07-14 00:00:00,constructor_standings_2250
2523,233,28,0.0,11,0,1996-07-14 00:00:00,constructor_standings_2251
2524,233,17,13.0,5,0,1996-07-14 00:00:00,constructor_standings_2252
2525,234,3,125.0,1,9,1996-07-28 00:00:00,constructor_standings_2253
2526,234,6,38.0,3,1,1996-07-28 00:00:00,constructor_standings_2254
2527,234,22,47.0,2,0,1996-07-28 00:00:00,constructor_standings_2255
2528,234,1,34.0,4,0,1996-07-28 00:00:00,constructor_standings_2256
2529,234,25,5.0,8,0,1996-07-28 00:00:00,constructor_standings_2257
2530,234,27,12.0,6,1,1996-07-28 00:00:00,constructor_standings_2258
2531,234,15,10.0,7,0,1996-07-28 00:00:00,constructor_standings_2259
2532,234,29,1.0,9,0,1996-07-28 00:00:00,constructor_standings_2260
2533,234,18,0.0,10,0,1996-07-28 00:00:00,constructor_standings_2261
2534,234,28,0.0,11,0,1996-07-28 00:00:00,constructor_standings_2262
2535,234,17,14.0,5,0,1996-07-28 00:00:00,constructor_standings_2263
2536,235,3,141.0,1,10,1996-08-11 00:00:00,constructor_standings_2264
2537,235,6,38.0,3,1,1996-08-11 00:00:00,constructor_standings_2265
2538,235,22,51.0,2,0,1996-08-11 00:00:00,constructor_standings_2266
2539,235,1,37.0,4,0,1996-08-11 00:00:00,constructor_standings_2267
2540,235,25,5.0,8,0,1996-08-11 00:00:00,constructor_standings_2268
2541,235,27,14.0,6,1,1996-08-11 00:00:00,constructor_standings_2269
2542,235,15,10.0,7,0,1996-08-11 00:00:00,constructor_standings_2270
2543,235,29,1.0,9,0,1996-08-11 00:00:00,constructor_standings_2271
2544,235,18,0.0,10,0,1996-08-11 00:00:00,constructor_standings_2272
2545,235,28,0.0,11,0,1996-08-11 00:00:00,constructor_standings_2273
2546,235,17,15.0,5,0,1996-08-11 00:00:00,constructor_standings_2274
2547,236,3,149.0,1,10,1996-08-25 00:00:00,constructor_standings_2275
2548,236,6,48.0,3,2,1996-08-25 00:00:00,constructor_standings_2276
2549,236,22,55.0,2,0,1996-08-25 00:00:00,constructor_standings_2277
2550,236,1,41.0,4,0,1996-08-25 00:00:00,constructor_standings_2278
2551,236,25,5.0,8,0,1996-08-25 00:00:00,constructor_standings_2279
2552,236,27,14.0,6,1,1996-08-25 00:00:00,constructor_standings_2280
2553,236,15,10.0,7,0,1996-08-25 00:00:00,constructor_standings_2281
2554,236,29,1.0,9,0,1996-08-25 00:00:00,constructor_standings_2282
2555,236,18,0.0,10,0,1996-08-25 00:00:00,constructor_standings_2283
2556,236,28,0.0,11,0,1996-08-25 00:00:00,constructor_standings_2284
2557,236,17,15.0,5,0,1996-08-25 00:00:00,constructor_standings_2285
2558,237,3,149.0,1,10,1996-09-08 00:00:00,constructor_standings_2286
2559,237,6,58.0,3,3,1996-09-08 00:00:00,constructor_standings_2287
2560,237,22,61.0,2,0,1996-09-08 00:00:00,constructor_standings_2288
2561,237,1,45.0,4,0,1996-09-08 00:00:00,constructor_standings_2289
2562,237,25,5.0,8,0,1996-09-08 00:00:00,constructor_standings_2290
2563,237,27,15.0,6,1,1996-09-08 00:00:00,constructor_standings_2291
2564,237,15,10.0,7,0,1996-09-08 00:00:00,constructor_standings_2292
2565,237,29,1.0,9,0,1996-09-08 00:00:00,constructor_standings_2293
2566,237,18,0.0,10,0,1996-09-08 00:00:00,constructor_standings_2294
2567,237,28,0.0,11,0,1996-09-08 00:00:00,constructor_standings_2295
2568,237,17,20.0,5,0,1996-09-08 00:00:00,constructor_standings_2296
2569,238,3,165.0,1,11,1996-09-22 00:00:00,constructor_standings_2297
2570,238,6,64.0,3,3,1996-09-22 00:00:00,constructor_standings_2298
2571,238,22,65.0,2,0,1996-09-22 00:00:00,constructor_standings_2299
2572,238,1,45.0,4,0,1996-09-22 00:00:00,constructor_standings_2300
2573,238,25,5.0,8,0,1996-09-22 00:00:00,constructor_standings_2301
2574,238,27,15.0,6,1,1996-09-22 00:00:00,constructor_standings_2302
2575,238,15,10.0,7,0,1996-09-22 00:00:00,constructor_standings_2303
2576,238,29,1.0,9,0,1996-09-22 00:00:00,constructor_standings_2304
2577,238,18,0.0,10,0,1996-09-22 00:00:00,constructor_standings_2305
2578,238,28,0.0,11,0,1996-09-22 00:00:00,constructor_standings_2306
2579,238,17,20.0,5,0,1996-09-22 00:00:00,constructor_standings_2307
2580,239,3,175.0,1,12,1996-10-13 00:00:00,constructor_standings_2308
2581,239,6,70.0,2,3,1996-10-13 00:00:00,constructor_standings_2309
2582,239,22,68.0,3,0,1996-10-13 00:00:00,constructor_standings_2310
2583,239,1,49.0,4,0,1996-10-13 00:00:00,constructor_standings_2311
2584,239,25,5.0,8,0,1996-10-13 00:00:00,constructor_standings_2312
2585,239,27,15.0,6,1,1996-10-13 00:00:00,constructor_standings_2313
2586,239,15,11.0,7,0,1996-10-13 00:00:00,constructor_standings_2314
2587,239,29,1.0,9,0,1996-10-13 00:00:00,constructor_standings_2315
2588,239,18,0.0,10,0,1996-10-13 00:00:00,constructor_standings_2316
2589,239,28,0.0,11,0,1996-10-13 00:00:00,constructor_standings_2317
2590,239,17,22.0,5,0,1996-10-13 00:00:00,constructor_standings_2318
5044,240,28,0.0,8,0,1995-03-26 00:00:00,constructor_standings_2319
5043,240,30,0.0,7,0,1995-03-26 00:00:00,constructor_standings_2320
5042,240,27,0.0,6,0,1995-03-26 00:00:00,constructor_standings_2321
5041,240,25,0.0,5,0,1995-03-26 00:00:00,constructor_standings_2322
5040,240,1,4.0,4,0,1995-03-26 00:00:00,constructor_standings_2323
5039,240,6,6.0,3,0,1995-03-26 00:00:00,constructor_standings_2324
5038,240,3,6.0,2,0,1995-03-26 00:00:00,constructor_standings_2325
5037,240,22,10.0,1,1,1995-03-26 00:00:00,constructor_standings_2326
5054,241,31,0.0,9,0,1995-04-09 00:00:00,constructor_standings_2327
5053,241,15,2.0,5,0,1995-04-09 00:00:00,constructor_standings_2328
5052,241,28,0.0,10,0,1995-04-09 00:00:00,constructor_standings_2329
5051,241,30,0.0,8,0,1995-04-09 00:00:00,constructor_standings_2330
5050,241,27,0.0,6,0,1995-04-09 00:00:00,constructor_standings_2331
5049,241,25,0.0,7,0,1995-04-09 00:00:00,constructor_standings_2332
5048,241,1,4.0,4,0,1995-04-09 00:00:00,constructor_standings_2333
5047,241,6,13.0,3,0,1995-04-09 00:00:00,constructor_standings_2334
5046,241,3,16.0,2,1,1995-04-09 00:00:00,constructor_standings_2335
5045,241,22,17.0,1,1,1995-04-09 00:00:00,constructor_standings_2336
5067,242,29,0.0,13,0,1995-04-30 00:00:00,constructor_standings_2337
5066,242,18,0.0,12,0,1995-04-30 00:00:00,constructor_standings_2338
5065,242,17,0.0,8,0,1995-04-30 00:00:00,constructor_standings_2339
5064,242,31,0.0,10,0,1995-04-30 00:00:00,constructor_standings_2340
5063,242,15,3.0,5,0,1995-04-30 00:00:00,constructor_standings_2341
5062,242,28,0.0,11,0,1995-04-30 00:00:00,constructor_standings_2342
5061,242,30,0.0,9,0,1995-04-30 00:00:00,constructor_standings_2343
5060,242,27,0.0,6,0,1995-04-30 00:00:00,constructor_standings_2344
5059,242,25,0.0,7,0,1995-04-30 00:00:00,constructor_standings_2345
5058,242,1,6.0,4,0,1995-04-30 00:00:00,constructor_standings_2346
5057,242,6,23.0,2,0,1995-04-30 00:00:00,constructor_standings_2347
5056,242,3,29.0,1,2,1995-04-30 00:00:00,constructor_standings_2348
5055,242,22,17.0,3,1,1995-04-30 00:00:00,constructor_standings_2349
5080,243,29,0.0,12,0,1995-05-14 00:00:00,constructor_standings_2350
5079,243,18,0.0,13,0,1995-05-14 00:00:00,constructor_standings_2351
5078,243,17,2.0,6,0,1995-05-14 00:00:00,constructor_standings_2352
5077,243,31,0.0,9,0,1995-05-14 00:00:00,constructor_standings_2353
5076,243,15,3.0,5,0,1995-05-14 00:00:00,constructor_standings_2354
5075,243,28,0.0,11,0,1995-05-14 00:00:00,constructor_standings_2355
5074,243,30,0.0,10,0,1995-05-14 00:00:00,constructor_standings_2356
5073,243,27,1.0,7,0,1995-05-14 00:00:00,constructor_standings_2357
5072,243,25,0.0,8,0,1995-05-14 00:00:00,constructor_standings_2358
5071,243,1,6.0,4,0,1995-05-14 00:00:00,constructor_standings_2359
5070,243,6,27.0,3,0,1995-05-14 00:00:00,constructor_standings_2360
5069,243,3,32.0,2,2,1995-05-14 00:00:00,constructor_standings_2361
5068,243,22,33.0,1,2,1995-05-14 00:00:00,constructor_standings_2362
5106,245,29,1.0,8,0,1995-06-11 00:00:00,constructor_standings_2363
5093,244,29,0.0,10,0,1995-05-28 00:00:00,constructor_standings_2364
5092,244,18,0.0,9,0,1995-05-28 00:00:00,constructor_standings_2365
5091,244,17,2.0,6,0,1995-05-28 00:00:00,constructor_standings_2366
5090,244,31,0.0,11,0,1995-05-28 00:00:00,constructor_standings_2367
5089,244,15,4.0,5,0,1995-05-28 00:00:00,constructor_standings_2368
5088,244,28,0.0,13,0,1995-05-28 00:00:00,constructor_standings_2369
5087,244,30,0.0,12,0,1995-05-28 00:00:00,constructor_standings_2370
5086,244,27,1.0,7,0,1995-05-28 00:00:00,constructor_standings_2371
5105,245,18,0.0,10,0,1995-06-11 00:00:00,constructor_standings_2372
5085,244,25,0.0,8,0,1995-05-28 00:00:00,constructor_standings_2373
5084,244,1,8.0,4,0,1995-05-28 00:00:00,constructor_standings_2374
5083,244,6,31.0,3,0,1995-05-28 00:00:00,constructor_standings_2375
5082,244,3,38.0,2,2,1995-05-28 00:00:00,constructor_standings_2376
5081,244,22,46.0,1,3,1995-05-28 00:00:00,constructor_standings_2377
5104,245,17,12.0,4,0,1995-06-11 00:00:00,constructor_standings_2378
5103,245,31,0.0,11,0,1995-06-11 00:00:00,constructor_standings_2379
5102,245,15,4.0,7,0,1995-06-11 00:00:00,constructor_standings_2380
5101,245,28,0.0,13,0,1995-06-11 00:00:00,constructor_standings_2381
5100,245,30,0.0,12,0,1995-06-11 00:00:00,constructor_standings_2382
5099,245,27,4.0,6,0,1995-06-11 00:00:00,constructor_standings_2383
5098,245,25,0.0,9,0,1995-06-11 00:00:00,constructor_standings_2384
5097,245,1,8.0,5,0,1995-06-11 00:00:00,constructor_standings_2385
5096,245,6,41.0,2,1,1995-06-11 00:00:00,constructor_standings_2386
5095,245,3,38.0,3,2,1995-06-11 00:00:00,constructor_standings_2387
5094,245,22,48.0,1,3,1995-06-11 00:00:00,constructor_standings_2388
5119,246,29,1.0,8,0,1995-07-02 00:00:00,constructor_standings_2389
5118,246,18,0.0,10,0,1995-07-02 00:00:00,constructor_standings_2390
5117,246,17,13.0,4,0,1995-07-02 00:00:00,constructor_standings_2391
5116,246,31,0.0,11,0,1995-07-02 00:00:00,constructor_standings_2392
5115,246,15,4.0,7,0,1995-07-02 00:00:00,constructor_standings_2393
5114,246,28,0.0,13,0,1995-07-02 00:00:00,constructor_standings_2394
5113,246,30,0.0,12,0,1995-07-02 00:00:00,constructor_standings_2395
5112,246,27,7.0,6,0,1995-07-02 00:00:00,constructor_standings_2396
5111,246,25,0.0,9,0,1995-07-02 00:00:00,constructor_standings_2397
5110,246,1,8.0,5,0,1995-07-02 00:00:00,constructor_standings_2398
5109,246,6,43.0,3,1,1995-07-02 00:00:00,constructor_standings_2399
5108,246,3,48.0,2,2,1995-07-02 00:00:00,constructor_standings_2400
5107,246,22,58.0,1,4,1995-07-02 00:00:00,constructor_standings_2401
5132,247,29,1.0,8,0,1995-07-16 00:00:00,constructor_standings_2402
5131,247,18,0.0,10,0,1995-07-16 00:00:00,constructor_standings_2403
5130,247,17,13.0,4,0,1995-07-16 00:00:00,constructor_standings_2404
5129,247,31,0.0,11,0,1995-07-16 00:00:00,constructor_standings_2405
5128,247,15,5.0,7,0,1995-07-16 00:00:00,constructor_standings_2406
5127,247,28,0.0,13,0,1995-07-16 00:00:00,constructor_standings_2407
5126,247,30,0.0,12,0,1995-07-16 00:00:00,constructor_standings_2408
5125,247,27,10.0,5,0,1995-07-16 00:00:00,constructor_standings_2409
5124,247,25,0.0,9,0,1995-07-16 00:00:00,constructor_standings_2410
5123,247,1,10.0,6,0,1995-07-16 00:00:00,constructor_standings_2411
5122,247,6,49.0,3,1,1995-07-16 00:00:00,constructor_standings_2412
5121,247,3,52.0,2,2,1995-07-16 00:00:00,constructor_standings_2413
5120,247,22,68.0,1,5,1995-07-16 00:00:00,constructor_standings_2414
5145,248,29,1.0,8,0,1995-07-30 00:00:00,constructor_standings_2415
5144,248,18,0.0,10,0,1995-07-30 00:00:00,constructor_standings_2416
5143,248,17,13.0,4,0,1995-07-30 00:00:00,constructor_standings_2417
5142,248,31,0.0,12,0,1995-07-30 00:00:00,constructor_standings_2418
5141,248,15,7.0,7,0,1995-07-30 00:00:00,constructor_standings_2419
5140,248,28,0.0,13,0,1995-07-30 00:00:00,constructor_standings_2420
5139,248,30,0.0,11,0,1995-07-30 00:00:00,constructor_standings_2421
5138,248,27,11.0,5,0,1995-07-30 00:00:00,constructor_standings_2422
5137,248,25,0.0,9,0,1995-07-30 00:00:00,constructor_standings_2423
5136,248,1,10.0,6,0,1995-07-30 00:00:00,constructor_standings_2424
5135,248,6,53.0,3,1,1995-07-30 00:00:00,constructor_standings_2425
5134,248,3,58.0,2,2,1995-07-30 00:00:00,constructor_standings_2426
5133,248,22,81.0,1,6,1995-07-30 00:00:00,constructor_standings_2427
5158,249,29,1.0,8,0,1995-08-13 00:00:00,constructor_standings_2428
5157,249,18,0.0,10,0,1995-08-13 00:00:00,constructor_standings_2429
5156,249,17,13.0,4,0,1995-08-13 00:00:00,constructor_standings_2430
5155,249,31,0.0,12,0,1995-08-13 00:00:00,constructor_standings_2431
5154,249,15,9.0,7,0,1995-08-13 00:00:00,constructor_standings_2432
5153,249,28,0.0,13,0,1995-08-13 00:00:00,constructor_standings_2433
5152,249,30,0.0,11,0,1995-08-13 00:00:00,constructor_standings_2434
5151,249,27,12.0,5,0,1995-08-13 00:00:00,constructor_standings_2435
5150,249,25,0.0,9,0,1995-08-13 00:00:00,constructor_standings_2436
5149,249,1,10.0,6,0,1995-08-13 00:00:00,constructor_standings_2437
5148,249,6,57.0,3,1,1995-08-13 00:00:00,constructor_standings_2438
5147,249,3,74.0,2,3,1995-08-13 00:00:00,constructor_standings_2439
5146,249,22,84.0,1,6,1995-08-13 00:00:00,constructor_standings_2440
5171,250,29,1.0,8,0,1995-08-27 00:00:00,constructor_standings_2441
5170,250,18,0.0,10,0,1995-08-27 00:00:00,constructor_standings_2442
5169,250,17,14.0,5,0,1995-08-27 00:00:00,constructor_standings_2443
5168,250,31,0.0,12,0,1995-08-27 00:00:00,constructor_standings_2444
5167,250,15,12.0,7,0,1995-08-27 00:00:00,constructor_standings_2445
5166,250,28,0.0,13,0,1995-08-27 00:00:00,constructor_standings_2446
5165,250,30,0.0,11,0,1995-08-27 00:00:00,constructor_standings_2447
5164,250,27,16.0,4,0,1995-08-27 00:00:00,constructor_standings_2448
5163,250,25,0.0,9,0,1995-08-27 00:00:00,constructor_standings_2449
5162,250,1,12.0,6,0,1995-08-27 00:00:00,constructor_standings_2450
5161,250,6,57.0,3,1,1995-08-27 00:00:00,constructor_standings_2451
5160,250,3,80.0,2,3,1995-08-27 00:00:00,constructor_standings_2452
5159,250,22,94.0,1,7,1995-08-27 00:00:00,constructor_standings_2453
5184,251,29,1.0,9,0,1995-09-10 00:00:00,constructor_standings_2454
5183,251,18,0.0,10,0,1995-09-10 00:00:00,constructor_standings_2455
5182,251,17,14.0,7,0,1995-09-10 00:00:00,constructor_standings_2456
5181,251,31,0.0,13,0,1995-09-10 00:00:00,constructor_standings_2457
5180,251,15,17.0,5,0,1995-09-10 00:00:00,constructor_standings_2458
5179,251,28,0.0,12,0,1995-09-10 00:00:00,constructor_standings_2459
5178,251,30,0.0,11,0,1995-09-10 00:00:00,constructor_standings_2460
5177,251,27,16.0,6,0,1995-09-10 00:00:00,constructor_standings_2461
5176,251,25,2.0,8,0,1995-09-10 00:00:00,constructor_standings_2462
5175,251,1,21.0,4,0,1995-09-10 00:00:00,constructor_standings_2463
5174,251,6,57.0,3,1,1995-09-10 00:00:00,constructor_standings_2464
5173,251,3,80.0,2,3,1995-09-10 00:00:00,constructor_standings_2465
5172,251,22,104.0,1,8,1995-09-10 00:00:00,constructor_standings_2466
5197,252,29,1.0,9,0,1995-09-24 00:00:00,constructor_standings_2467
5196,252,18,0.0,10,0,1995-09-24 00:00:00,constructor_standings_2468
5195,252,17,14.0,7,0,1995-09-24 00:00:00,constructor_standings_2469
5194,252,31,0.0,13,0,1995-09-24 00:00:00,constructor_standings_2470
5193,252,15,18.0,5,0,1995-09-24 00:00:00,constructor_standings_2471
5192,252,28,0.0,12,0,1995-09-24 00:00:00,constructor_standings_2472
5191,252,30,0.0,11,0,1995-09-24 00:00:00,constructor_standings_2473
5190,252,27,16.0,6,0,1995-09-24 00:00:00,constructor_standings_2474
5189,252,25,2.0,8,0,1995-09-24 00:00:00,constructor_standings_2475
5188,252,1,21.0,4,0,1995-09-24 00:00:00,constructor_standings_2476
5187,252,6,62.0,3,1,1995-09-24 00:00:00,constructor_standings_2477
5186,252,3,94.0,2,4,1995-09-24 00:00:00,constructor_standings_2478
5185,252,22,110.0,1,8,1995-09-24 00:00:00,constructor_standings_2479
5210,253,29,1.0,9,0,1995-10-01 00:00:00,constructor_standings_2480
5209,253,18,0.0,10,0,1995-10-01 00:00:00,constructor_standings_2481
5208,253,17,18.0,5,0,1995-10-01 00:00:00,constructor_standings_2482
5207,253,31,0.0,13,0,1995-10-01 00:00:00,constructor_standings_2483
5206,253,15,18.0,6,0,1995-10-01 00:00:00,constructor_standings_2484
5205,253,28,0.0,12,0,1995-10-01 00:00:00,constructor_standings_2485
5204,253,30,0.0,11,0,1995-10-01 00:00:00,constructor_standings_2486
5203,253,27,16.0,7,0,1995-10-01 00:00:00,constructor_standings_2487
5202,253,25,2.0,8,0,1995-10-01 00:00:00,constructor_standings_2488
5201,253,1,21.0,4,0,1995-10-01 00:00:00,constructor_standings_2489
5200,253,6,68.0,3,1,1995-10-01 00:00:00,constructor_standings_2490
5199,253,3,98.0,2,4,1995-10-01 00:00:00,constructor_standings_2491
5198,253,22,122.0,1,9,1995-10-01 00:00:00,constructor_standings_2492
5223,254,29,1.0,9,0,1995-10-22 00:00:00,constructor_standings_2493
5222,254,18,0.0,10,0,1995-10-22 00:00:00,constructor_standings_2494
5221,254,17,18.0,5,0,1995-10-22 00:00:00,constructor_standings_2495
5220,254,31,0.0,13,0,1995-10-22 00:00:00,constructor_standings_2496
5219,254,15,18.0,6,0,1995-10-22 00:00:00,constructor_standings_2497
5218,254,28,0.0,12,0,1995-10-22 00:00:00,constructor_standings_2498
5217,254,30,0.0,11,0,1995-10-22 00:00:00,constructor_standings_2499
5216,254,27,16.0,7,0,1995-10-22 00:00:00,constructor_standings_2500
5215,254,25,2.0,8,0,1995-10-22 00:00:00,constructor_standings_2501
5214,254,1,21.0,4,0,1995-10-22 00:00:00,constructor_standings_2502
5213,254,6,73.0,3,1,1995-10-22 00:00:00,constructor_standings_2503
5212,254,3,108.0,2,4,1995-10-22 00:00:00,constructor_standings_2504
5211,254,22,133.0,1,10,1995-10-22 00:00:00,constructor_standings_2505
5236,255,29,1.0,9,0,1995-10-29 00:00:00,constructor_standings_2506
5235,255,18,0.0,10,0,1995-10-29 00:00:00,constructor_standings_2507
5234,255,17,21.0,5,0,1995-10-29 00:00:00,constructor_standings_2508
5233,255,31,0.0,13,0,1995-10-29 00:00:00,constructor_standings_2509
5232,255,15,18.0,7,0,1995-10-29 00:00:00,constructor_standings_2510
5231,255,28,0.0,12,0,1995-10-29 00:00:00,constructor_standings_2511
5230,255,30,0.0,11,0,1995-10-29 00:00:00,constructor_standings_2512
5229,255,27,18.0,6,0,1995-10-29 00:00:00,constructor_standings_2513
5228,255,25,3.0,8,0,1995-10-29 00:00:00,constructor_standings_2514
5227,255,1,27.0,4,0,1995-10-29 00:00:00,constructor_standings_2515
5226,255,6,73.0,3,1,1995-10-29 00:00:00,constructor_standings_2516
5225,255,3,108.0,2,4,1995-10-29 00:00:00,constructor_standings_2517
5224,255,22,147.0,1,11,1995-10-29 00:00:00,constructor_standings_2518
5249,256,29,5.0,8,0,1995-11-12 00:00:00,constructor_standings_2519
5248,256,18,1.0,10,0,1995-11-12 00:00:00,constructor_standings_2520
5247,256,17,21.0,6,0,1995-11-12 00:00:00,constructor_standings_2521
5246,256,31,0.0,13,0,1995-11-12 00:00:00,constructor_standings_2522
5245,256,15,18.0,7,0,1995-11-12 00:00:00,constructor_standings_2523
5244,256,28,0.0,11,0,1995-11-12 00:00:00,constructor_standings_2524
5243,256,30,0.0,12,0,1995-11-12 00:00:00,constructor_standings_2525
5242,256,27,24.0,5,0,1995-11-12 00:00:00,constructor_standings_2526
5241,256,25,5.0,9,0,1995-11-12 00:00:00,constructor_standings_2527
5240,256,1,30.0,4,0,1995-11-12 00:00:00,constructor_standings_2528
5239,256,6,73.0,3,1,1995-11-12 00:00:00,constructor_standings_2529
5238,256,3,118.0,2,5,1995-11-12 00:00:00,constructor_standings_2530
5237,256,22,147.0,1,11,1995-11-12 00:00:00,constructor_standings_2531
25523,257,31,0.0,11,0,1994-03-27 00:00:00,constructor_standings_2532
25522,257,27,0.0,10,0,1994-03-27 00:00:00,constructor_standings_2533
25521,257,33,0.0,9,0,1994-03-27 00:00:00,constructor_standings_2534
25520,257,18,0.0,8,0,1994-03-27 00:00:00,constructor_standings_2535
25519,257,32,0.0,7,0,1994-03-27 00:00:00,constructor_standings_2536
25518,257,15,1.0,6,0,1994-03-27 00:00:00,constructor_standings_2537
25517,257,25,2.0,5,0,1994-03-27 00:00:00,constructor_standings_2538
25516,257,17,3.0,4,0,1994-03-27 00:00:00,constructor_standings_2539
25515,257,6,4.0,3,0,1994-03-27 00:00:00,constructor_standings_2540
25514,257,3,6.0,2,0,1994-03-27 00:00:00,constructor_standings_2541
25513,257,22,10.0,1,1,1994-03-27 00:00:00,constructor_standings_2542
25538,258,1,0.0,13,0,1994-04-17 00:00:00,constructor_standings_2543
25537,258,31,0.0,12,0,1994-04-17 00:00:00,constructor_standings_2544
25536,258,27,0.0,11,0,1994-04-17 00:00:00,constructor_standings_2545
25535,258,33,1.0,8,0,1994-04-17 00:00:00,constructor_standings_2546
25534,258,18,0.0,10,0,1994-04-17 00:00:00,constructor_standings_2547
25533,258,32,0.0,9,0,1994-04-17 00:00:00,constructor_standings_2548
25532,258,15,3.0,6,0,1994-04-17 00:00:00,constructor_standings_2549
25531,258,25,2.0,7,0,1994-04-17 00:00:00,constructor_standings_2550
25530,258,17,7.0,3,0,1994-04-17 00:00:00,constructor_standings_2551
25529,258,6,10.0,2,0,1994-04-17 00:00:00,constructor_standings_2552
25528,258,3,6.0,4,0,1994-04-17 00:00:00,constructor_standings_2553
25527,258,22,20.0,1,2,1994-04-17 00:00:00,constructor_standings_2554
25553,259,29,3.0,8,0,1994-05-01 00:00:00,constructor_standings_2555
25552,259,1,4.0,6,0,1994-05-01 00:00:00,constructor_standings_2556
25551,259,31,0.0,13,0,1994-05-01 00:00:00,constructor_standings_2557
25550,259,27,0.0,12,0,1994-05-01 00:00:00,constructor_standings_2558
25549,259,33,1.0,9,0,1994-05-01 00:00:00,constructor_standings_2559
25548,259,18,0.0,11,0,1994-05-01 00:00:00,constructor_standings_2560
25547,259,32,0.0,10,0,1994-05-01 00:00:00,constructor_standings_2561
25546,259,15,6.0,5,0,1994-05-01 00:00:00,constructor_standings_2562
25545,259,25,4.0,7,0,1994-05-01 00:00:00,constructor_standings_2563
25544,259,17,7.0,4,0,1994-05-01 00:00:00,constructor_standings_2564
25543,259,6,16.0,2,0,1994-05-01 00:00:00,constructor_standings_2565
25542,259,3,7.0,3,0,1994-05-01 00:00:00,constructor_standings_2566
25541,259,22,30.0,1,3,1994-05-01 00:00:00,constructor_standings_2567
25567,260,29,3.0,8,0,1994-05-15 00:00:00,constructor_standings_2568
25566,260,1,10.0,3,0,1994-05-15 00:00:00,constructor_standings_2569
25565,260,31,0.0,13,0,1994-05-15 00:00:00,constructor_standings_2570
25564,260,27,0.0,12,0,1994-05-15 00:00:00,constructor_standings_2571
25563,260,33,1.0,9,0,1994-05-15 00:00:00,constructor_standings_2572
25562,260,18,1.0,10,0,1994-05-15 00:00:00,constructor_standings_2573
25561,260,32,0.0,11,0,1994-05-15 00:00:00,constructor_standings_2574
25560,260,15,6.0,6,0,1994-05-15 00:00:00,constructor_standings_2575
25559,260,25,4.0,7,0,1994-05-15 00:00:00,constructor_standings_2576
25558,260,17,10.0,4,0,1994-05-15 00:00:00,constructor_standings_2577
25557,260,6,22.0,2,0,1994-05-15 00:00:00,constructor_standings_2578
25556,260,3,7.0,5,0,1994-05-15 00:00:00,constructor_standings_2579
25555,260,22,40.0,1,4,1994-05-15 00:00:00,constructor_standings_2580
25581,261,29,3.0,8,0,1994-05-29 00:00:00,constructor_standings_2581
25580,261,1,10.0,5,0,1994-05-29 00:00:00,constructor_standings_2582
25579,261,31,0.0,13,0,1994-05-29 00:00:00,constructor_standings_2583
25578,261,27,0.0,12,0,1994-05-29 00:00:00,constructor_standings_2584
25577,261,33,1.0,10,0,1994-05-29 00:00:00,constructor_standings_2585
25576,261,18,3.0,9,0,1994-05-29 00:00:00,constructor_standings_2586
25575,261,32,0.0,11,0,1994-05-29 00:00:00,constructor_standings_2587
25574,261,15,6.0,7,0,1994-05-29 00:00:00,constructor_standings_2588
25573,261,25,8.0,6,0,1994-05-29 00:00:00,constructor_standings_2589
25572,261,17,11.0,4,0,1994-05-29 00:00:00,constructor_standings_2590
25571,261,6,25.0,2,0,1994-05-29 00:00:00,constructor_standings_2591
25570,261,3,17.0,3,1,1994-05-29 00:00:00,constructor_standings_2592
25569,261,22,46.0,1,4,1994-05-29 00:00:00,constructor_standings_2593
25595,262,29,3.0,8,0,1994-06-12 00:00:00,constructor_standings_2594
25594,262,1,10.0,5,0,1994-06-12 00:00:00,constructor_standings_2595
25593,262,31,0.0,13,0,1994-06-12 00:00:00,constructor_standings_2596
25592,262,27,0.0,12,0,1994-06-12 00:00:00,constructor_standings_2597
25591,262,33,1.0,10,0,1994-06-12 00:00:00,constructor_standings_2598
25590,262,18,3.0,9,0,1994-06-12 00:00:00,constructor_standings_2599
25589,262,32,0.0,11,0,1994-06-12 00:00:00,constructor_standings_2600
25588,262,15,6.0,7,0,1994-06-12 00:00:00,constructor_standings_2601
25587,262,25,8.0,6,0,1994-06-12 00:00:00,constructor_standings_2602
25586,262,17,11.0,4,0,1994-06-12 00:00:00,constructor_standings_2603
25585,262,6,32.0,2,0,1994-06-12 00:00:00,constructor_standings_2604
25584,262,3,25.0,3,1,1994-06-12 00:00:00,constructor_standings_2605
25583,262,22,57.0,1,5,1994-06-12 00:00:00,constructor_standings_2606
25609,263,29,3.0,9,0,1994-07-03 00:00:00,constructor_standings_2607
25608,263,1,10.0,5,0,1994-07-03 00:00:00,constructor_standings_2608
25607,263,31,0.0,13,0,1994-07-03 00:00:00,constructor_standings_2609
25606,263,27,0.0,12,0,1994-07-03 00:00:00,constructor_standings_2610
25605,263,33,1.0,10,0,1994-07-03 00:00:00,constructor_standings_2611
25604,263,18,5.0,8,0,1994-07-03 00:00:00,constructor_standings_2612
25603,263,32,0.0,11,0,1994-07-03 00:00:00,constructor_standings_2613
25602,263,15,10.0,6,0,1994-07-03 00:00:00,constructor_standings_2614
25601,263,25,8.0,7,0,1994-07-03 00:00:00,constructor_standings_2615
25600,263,17,11.0,4,0,1994-07-03 00:00:00,constructor_standings_2616
25599,263,6,36.0,2,0,1994-07-03 00:00:00,constructor_standings_2617
25598,263,3,31.0,3,1,1994-07-03 00:00:00,constructor_standings_2618
25597,263,22,67.0,1,6,1994-07-03 00:00:00,constructor_standings_2619
25623,264,29,3.0,9,0,1994-07-10 00:00:00,constructor_standings_2620
25622,264,1,14.0,4,0,1994-07-10 00:00:00,constructor_standings_2621
25621,264,31,0.0,13,0,1994-07-10 00:00:00,constructor_standings_2622
25620,264,27,0.0,12,0,1994-07-10 00:00:00,constructor_standings_2623
25619,264,33,1.0,10,0,1994-07-10 00:00:00,constructor_standings_2624
25618,264,18,5.0,8,0,1994-07-10 00:00:00,constructor_standings_2625
25617,264,32,0.0,11,0,1994-07-10 00:00:00,constructor_standings_2626
25616,264,15,10.0,6,0,1994-07-10 00:00:00,constructor_standings_2627
25615,264,25,9.0,7,0,1994-07-10 00:00:00,constructor_standings_2628
25614,264,17,14.0,5,0,1994-07-10 00:00:00,constructor_standings_2629
25613,264,6,42.0,3,0,1994-07-10 00:00:00,constructor_standings_2630
25612,264,3,43.0,2,2,1994-07-10 00:00:00,constructor_standings_2631
25611,264,22,67.0,1,6,1994-07-10 00:00:00,constructor_standings_2632
25637,265,29,8.0,9,0,1994-07-31 00:00:00,constructor_standings_2633
25636,265,1,14.0,4,0,1994-07-31 00:00:00,constructor_standings_2634
25635,265,31,0.0,13,0,1994-07-31 00:00:00,constructor_standings_2635
25634,265,27,10.0,6,0,1994-07-31 00:00:00,constructor_standings_2636
25633,265,33,2.0,11,0,1994-07-31 00:00:00,constructor_standings_2637
25632,265,18,5.0,10,0,1994-07-31 00:00:00,constructor_standings_2638
25631,265,32,0.0,12,0,1994-07-31 00:00:00,constructor_standings_2639
25630,265,15,10.0,7,0,1994-07-31 00:00:00,constructor_standings_2640
25629,265,25,9.0,8,0,1994-07-31 00:00:00,constructor_standings_2641
25628,265,17,14.0,5,0,1994-07-31 00:00:00,constructor_standings_2642
25627,265,6,52.0,2,1,1994-07-31 00:00:00,constructor_standings_2643
25626,265,3,43.0,3,2,1994-07-31 00:00:00,constructor_standings_2644
25625,265,22,67.0,1,6,1994-07-31 00:00:00,constructor_standings_2645
25651,266,29,8.0,9,0,1994-08-14 00:00:00,constructor_standings_2646
25650,266,1,17.0,4,0,1994-08-14 00:00:00,constructor_standings_2647
25649,266,31,0.0,13,0,1994-08-14 00:00:00,constructor_standings_2648
25648,266,27,11.0,6,0,1994-08-14 00:00:00,constructor_standings_2649
25647,266,33,2.0,11,0,1994-08-14 00:00:00,constructor_standings_2650
25646,266,18,5.0,10,0,1994-08-14 00:00:00,constructor_standings_2651
25645,266,32,0.0,12,0,1994-08-14 00:00:00,constructor_standings_2652
25644,266,15,10.0,8,0,1994-08-14 00:00:00,constructor_standings_2653
25643,266,25,11.0,7,0,1994-08-14 00:00:00,constructor_standings_2654
25642,266,17,14.0,5,0,1994-08-14 00:00:00,constructor_standings_2655
25641,266,6,52.0,2,1,1994-08-14 00:00:00,constructor_standings_2656
25640,266,3,49.0,3,2,1994-08-14 00:00:00,constructor_standings_2657
25639,266,22,81.0,1,7,1994-08-14 00:00:00,constructor_standings_2658
25665,267,29,9.0,9,0,1994-08-28 00:00:00,constructor_standings_2659
25664,267,1,23.0,4,0,1994-08-28 00:00:00,constructor_standings_2660
25663,267,31,0.0,13,0,1994-08-28 00:00:00,constructor_standings_2661
25662,267,27,11.0,7,0,1994-08-28 00:00:00,constructor_standings_2662
25661,267,33,2.0,11,0,1994-08-28 00:00:00,constructor_standings_2663
25660,267,18,5.0,10,0,1994-08-28 00:00:00,constructor_standings_2664
25659,267,32,0.0,12,0,1994-08-28 00:00:00,constructor_standings_2665
25658,267,15,10.0,8,0,1994-08-28 00:00:00,constructor_standings_2666
25657,267,25,13.0,6,0,1994-08-28 00:00:00,constructor_standings_2667
25656,267,17,14.0,5,0,1994-08-28 00:00:00,constructor_standings_2668
25655,267,6,52.0,3,1,1994-08-28 00:00:00,constructor_standings_2669
25654,267,3,62.0,2,3,1994-08-28 00:00:00,constructor_standings_2670
25653,267,22,85.0,1,7,1994-08-28 00:00:00,constructor_standings_2671
25679,268,29,9.0,9,0,1994-09-11 00:00:00,constructor_standings_2672
25678,268,1,29.0,4,0,1994-09-11 00:00:00,constructor_standings_2673
25677,268,31,0.0,13,0,1994-09-11 00:00:00,constructor_standings_2674
25676,268,27,11.0,7,0,1994-09-11 00:00:00,constructor_standings_2675
25675,268,33,2.0,11,0,1994-09-11 00:00:00,constructor_standings_2676
25674,268,18,5.0,10,0,1994-09-11 00:00:00,constructor_standings_2677
25673,268,32,0.0,12,0,1994-09-11 00:00:00,constructor_standings_2678
25672,268,15,10.0,8,0,1994-09-11 00:00:00,constructor_standings_2679
25671,268,25,13.0,6,0,1994-09-11 00:00:00,constructor_standings_2680
25670,268,17,17.0,5,0,1994-09-11 00:00:00,constructor_standings_2681
25669,268,6,58.0,3,1,1994-09-11 00:00:00,constructor_standings_2682
25668,268,3,73.0,2,4,1994-09-11 00:00:00,constructor_standings_2683
25667,268,22,85.0,1,7,1994-09-11 00:00:00,constructor_standings_2684
25693,269,29,9.0,9,0,1994-09-25 00:00:00,constructor_standings_2685
25692,269,1,34.0,4,0,1994-09-25 00:00:00,constructor_standings_2686
25691,269,31,0.0,13,0,1994-09-25 00:00:00,constructor_standings_2687
25690,269,27,11.0,7,0,1994-09-25 00:00:00,constructor_standings_2688
25689,269,33,2.0,11,0,1994-09-25 00:00:00,constructor_standings_2689
25688,269,18,5.0,10,0,1994-09-25 00:00:00,constructor_standings_2690
25687,269,32,0.0,12,0,1994-09-25 00:00:00,constructor_standings_2691
25686,269,15,10.0,8,0,1994-09-25 00:00:00,constructor_standings_2692
25685,269,25,13.0,6,0,1994-09-25 00:00:00,constructor_standings_2693
25684,269,17,20.0,5,0,1994-09-25 00:00:00,constructor_standings_2694
25683,269,6,58.0,3,1,1994-09-25 00:00:00,constructor_standings_2695
25682,269,3,89.0,1,5,1994-09-25 00:00:00,constructor_standings_2696
25681,269,22,87.0,2,7,1994-09-25 00:00:00,constructor_standings_2697
25707,270,29,9.0,9,0,1994-10-16 00:00:00,constructor_standings_2698
25706,270,1,38.0,4,0,1994-10-16 00:00:00,constructor_standings_2699
25705,270,31,0.0,13,0,1994-10-16 00:00:00,constructor_standings_2700
25704,270,27,11.0,7,0,1994-10-16 00:00:00,constructor_standings_2701
25703,270,33,2.0,11,0,1994-10-16 00:00:00,constructor_standings_2702
25702,270,18,5.0,10,0,1994-10-16 00:00:00,constructor_standings_2703
25701,270,32,0.0,12,0,1994-10-16 00:00:00,constructor_standings_2704
25700,270,15,11.0,8,0,1994-10-16 00:00:00,constructor_standings_2705
25699,270,25,13.0,6,0,1994-10-16 00:00:00,constructor_standings_2706
25698,270,17,23.0,5,0,1994-10-16 00:00:00,constructor_standings_2707
25697,270,6,60.0,3,1,1994-10-16 00:00:00,constructor_standings_2708
25696,270,3,95.0,2,5,1994-10-16 00:00:00,constructor_standings_2709
25695,270,22,97.0,1,8,1994-10-16 00:00:00,constructor_standings_2710
25721,271,29,9.0,9,0,1994-11-06 00:00:00,constructor_standings_2711
25720,271,1,38.0,4,0,1994-11-06 00:00:00,constructor_standings_2712
25719,271,31,0.0,13,0,1994-11-06 00:00:00,constructor_standings_2713
25718,271,27,11.0,8,0,1994-11-06 00:00:00,constructor_standings_2714
25717,271,33,2.0,11,0,1994-11-06 00:00:00,constructor_standings_2715
25716,271,18,5.0,10,0,1994-11-06 00:00:00,constructor_standings_2716
25715,271,32,0.0,12,0,1994-11-06 00:00:00,constructor_standings_2717
25714,271,15,12.0,7,0,1994-11-06 00:00:00,constructor_standings_2718
25713,271,25,13.0,6,0,1994-11-06 00:00:00,constructor_standings_2719
25712,271,17,25.0,5,0,1994-11-06 00:00:00,constructor_standings_2720
25711,271,6,64.0,3,1,1994-11-06 00:00:00,constructor_standings_2721
25710,271,3,108.0,1,6,1994-11-06 00:00:00,constructor_standings_2722
25709,271,22,103.0,2,8,1994-11-06 00:00:00,constructor_standings_2723
25511,272,29,9.0,9,0,1994-11-13 00:00:00,constructor_standings_2724
25510,272,1,42.0,4,0,1994-11-13 00:00:00,constructor_standings_2725
25509,272,31,0.0,13,0,1994-11-13 00:00:00,constructor_standings_2726
25508,272,27,13.0,6,0,1994-11-13 00:00:00,constructor_standings_2727
25507,272,33,2.0,11,0,1994-11-13 00:00:00,constructor_standings_2728
25506,272,18,5.0,10,0,1994-11-13 00:00:00,constructor_standings_2729
25505,272,32,0.0,12,0,1994-11-13 00:00:00,constructor_standings_2730
25504,272,15,12.0,8,0,1994-11-13 00:00:00,constructor_standings_2731
25503,272,25,13.0,7,0,1994-11-13 00:00:00,constructor_standings_2732
25502,272,17,28.0,5,0,1994-11-13 00:00:00,constructor_standings_2733
25501,272,6,71.0,3,1,1994-11-13 00:00:00,constructor_standings_2734
25500,272,3,118.0,1,7,1994-11-13 00:00:00,constructor_standings_2735
25499,272,22,103.0,2,8,1994-11-13 00:00:00,constructor_standings_2736
4641,273,29,0.0,7,0,1993-03-14 00:00:00,constructor_standings_2737
4640,273,6,1.0,6,0,1993-03-14 00:00:00,constructor_standings_2738
4639,273,15,2.0,5,0,1993-03-14 00:00:00,constructor_standings_2739
4638,273,18,3.0,4,0,1993-03-14 00:00:00,constructor_standings_2740
4637,273,27,4.0,3,0,1993-03-14 00:00:00,constructor_standings_2741
4636,273,1,6.0,2,0,1993-03-14 00:00:00,constructor_standings_2742
4635,273,3,10.0,1,1,1993-03-14 00:00:00,constructor_standings_2743
4652,274,26,0.0,11,0,1993-03-28 00:00:00,constructor_standings_2744
4651,274,33,0.0,10,0,1993-03-28 00:00:00,constructor_standings_2745
4650,274,32,4.0,5,0,1993-03-28 00:00:00,constructor_standings_2746
4649,274,22,4.0,4,0,1993-03-28 00:00:00,constructor_standings_2747
4648,274,29,0.0,9,0,1993-03-28 00:00:00,constructor_standings_2748
4647,274,6,1.0,8,0,1993-03-28 00:00:00,constructor_standings_2749
4646,274,15,2.0,7,0,1993-03-28 00:00:00,constructor_standings_2750
4645,274,18,3.0,6,0,1993-03-28 00:00:00,constructor_standings_2751
4644,274,27,6.0,3,0,1993-03-28 00:00:00,constructor_standings_2752
4643,274,1,16.0,1,1,1993-03-28 00:00:00,constructor_standings_2753
4642,274,3,16.0,2,1,1993-03-28 00:00:00,constructor_standings_2754
4664,275,17,0.0,11,0,1993-04-11 00:00:00,constructor_standings_2755
4663,275,26,0.0,12,0,1993-04-11 00:00:00,constructor_standings_2756
4662,275,33,0.0,9,0,1993-04-11 00:00:00,constructor_standings_2757
4661,275,32,7.0,3,0,1993-04-11 00:00:00,constructor_standings_2758
4660,275,22,6.0,4,0,1993-04-11 00:00:00,constructor_standings_2759
4659,275,29,0.0,10,0,1993-04-11 00:00:00,constructor_standings_2760
4658,275,6,1.0,8,0,1993-04-11 00:00:00,constructor_standings_2761
4657,275,15,2.0,7,0,1993-04-11 00:00:00,constructor_standings_2762
4656,275,18,4.0,6,0,1993-04-11 00:00:00,constructor_standings_2763
4655,275,27,6.0,5,0,1993-04-11 00:00:00,constructor_standings_2764
4654,275,1,26.0,1,2,1993-04-11 00:00:00,constructor_standings_2765
4653,275,3,26.0,2,1,1993-04-11 00:00:00,constructor_standings_2766
4676,276,17,0.0,12,0,1993-04-25 00:00:00,constructor_standings_2767
4675,276,26,0.0,11,0,1993-04-25 00:00:00,constructor_standings_2768
4674,276,33,2.0,8,0,1993-04-25 00:00:00,constructor_standings_2769
4673,276,32,7.0,5,0,1993-04-25 00:00:00,constructor_standings_2770
4672,276,22,12.0,3,0,1993-04-25 00:00:00,constructor_standings_2771
4671,276,29,0.0,10,0,1993-04-25 00:00:00,constructor_standings_2772
4670,276,6,1.0,9,0,1993-04-25 00:00:00,constructor_standings_2773
4669,276,15,5.0,6,0,1993-04-25 00:00:00,constructor_standings_2774
4668,276,18,5.0,7,0,1993-04-25 00:00:00,constructor_standings_2775
4667,276,27,10.0,4,0,1993-04-25 00:00:00,constructor_standings_2776
4666,276,1,26.0,2,2,1993-04-25 00:00:00,constructor_standings_2777
4665,276,3,36.0,1,2,1993-04-25 00:00:00,constructor_standings_2778
4688,277,17,0.0,12,0,1993-05-09 00:00:00,constructor_standings_2779
4687,277,26,0.0,11,0,1993-05-09 00:00:00,constructor_standings_2780
4686,277,33,2.0,8,0,1993-05-09 00:00:00,constructor_standings_2781
4685,277,32,7.0,5,0,1993-05-09 00:00:00,constructor_standings_2782
4684,277,22,19.0,3,0,1993-05-09 00:00:00,constructor_standings_2783
4683,277,29,0.0,10,0,1993-05-09 00:00:00,constructor_standings_2784
4682,277,6,2.0,9,0,1993-05-09 00:00:00,constructor_standings_2785
4681,277,15,5.0,6,0,1993-05-09 00:00:00,constructor_standings_2786
4680,277,18,5.0,7,0,1993-05-09 00:00:00,constructor_standings_2787
4679,277,27,10.0,4,0,1993-05-09 00:00:00,constructor_standings_2788
4678,277,1,34.0,2,2,1993-05-09 00:00:00,constructor_standings_2789
4677,277,3,46.0,1,3,1993-05-09 00:00:00,constructor_standings_2790
4701,278,25,0.0,13,0,1993-05-23 00:00:00,constructor_standings_2791
4700,278,17,0.0,12,0,1993-05-23 00:00:00,constructor_standings_2792
4699,278,26,0.0,11,0,1993-05-23 00:00:00,constructor_standings_2793
4698,278,33,2.0,9,0,1993-05-23 00:00:00,constructor_standings_2794
4697,278,32,7.0,5,0,1993-05-23 00:00:00,constructor_standings_2795
4696,278,22,19.0,3,0,1993-05-23 00:00:00,constructor_standings_2796
4695,278,29,0.0,10,0,1993-05-23 00:00:00,constructor_standings_2797
4694,278,6,6.0,7,0,1993-05-23 00:00:00,constructor_standings_2798
4693,278,15,5.0,8,0,1993-05-23 00:00:00,constructor_standings_2799
4692,278,18,7.0,6,0,1993-05-23 00:00:00,constructor_standings_2800
4691,278,27,11.0,4,0,1993-05-23 00:00:00,constructor_standings_2801
4690,278,1,44.0,2,3,1993-05-23 00:00:00,constructor_standings_2802
4689,278,3,55.0,1,3,1993-05-23 00:00:00,constructor_standings_2803
4727,280,25,0.0,13,0,1993-07-04 00:00:00,constructor_standings_2804
4726,280,17,0.0,11,0,1993-07-04 00:00:00,constructor_standings_2805
4714,279,25,0.0,13,0,1993-06-13 00:00:00,constructor_standings_2806
4713,279,17,0.0,12,0,1993-06-13 00:00:00,constructor_standings_2807
4712,279,26,0.0,11,0,1993-06-13 00:00:00,constructor_standings_2808
4711,279,33,2.0,9,0,1993-06-13 00:00:00,constructor_standings_2809
4710,279,32,7.0,6,0,1993-06-13 00:00:00,constructor_standings_2810
4709,279,22,25.0,3,0,1993-06-13 00:00:00,constructor_standings_2811
4708,279,29,0.0,10,0,1993-06-13 00:00:00,constructor_standings_2812
4707,279,6,9.0,5,0,1993-06-13 00:00:00,constructor_standings_2813
4706,279,15,6.0,8,0,1993-06-13 00:00:00,constructor_standings_2814
4705,279,18,7.0,7,0,1993-06-13 00:00:00,constructor_standings_2815
4704,279,27,13.0,4,0,1993-06-13 00:00:00,constructor_standings_2816
4703,279,1,44.0,2,3,1993-06-13 00:00:00,constructor_standings_2817
4702,279,3,69.0,1,4,1993-06-13 00:00:00,constructor_standings_2818
4725,280,26,0.0,12,0,1993-07-04 00:00:00,constructor_standings_2819
4724,280,33,2.0,9,0,1993-07-04 00:00:00,constructor_standings_2820
4723,280,32,7.0,6,0,1993-07-04 00:00:00,constructor_standings_2821
4722,280,22,29.0,3,0,1993-07-04 00:00:00,constructor_standings_2822
4721,280,29,0.0,10,0,1993-07-04 00:00:00,constructor_standings_2823
4720,280,6,9.0,5,0,1993-07-04 00:00:00,constructor_standings_2824
4719,280,15,6.0,8,0,1993-07-04 00:00:00,constructor_standings_2825
4718,280,18,7.0,7,0,1993-07-04 00:00:00,constructor_standings_2826
4717,280,27,15.0,4,0,1993-07-04 00:00:00,constructor_standings_2827
4716,280,1,48.0,2,3,1993-07-04 00:00:00,constructor_standings_2828
4715,280,3,85.0,1,5,1993-07-04 00:00:00,constructor_standings_2829
4740,281,25,0.0,13,0,1993-07-11 00:00:00,constructor_standings_2830
4739,281,17,0.0,11,0,1993-07-11 00:00:00,constructor_standings_2831
4738,281,26,0.0,12,0,1993-07-11 00:00:00,constructor_standings_2832
4737,281,33,2.0,9,0,1993-07-11 00:00:00,constructor_standings_2833
4736,281,32,10.0,5,0,1993-07-11 00:00:00,constructor_standings_2834
4735,281,22,39.0,3,0,1993-07-11 00:00:00,constructor_standings_2835
4734,281,29,1.0,10,0,1993-07-11 00:00:00,constructor_standings_2836
4733,281,6,9.0,6,0,1993-07-11 00:00:00,constructor_standings_2837
4732,281,15,6.0,8,0,1993-07-11 00:00:00,constructor_standings_2838
4731,281,18,7.0,7,0,1993-07-11 00:00:00,constructor_standings_2839
4730,281,27,15.0,4,0,1993-07-11 00:00:00,constructor_standings_2840
4729,281,1,50.0,2,3,1993-07-11 00:00:00,constructor_standings_2841
4728,281,3,95.0,1,6,1993-07-11 00:00:00,constructor_standings_2842
4753,282,25,0.0,13,0,1993-07-25 00:00:00,constructor_standings_2843
4752,282,17,0.0,11,0,1993-07-25 00:00:00,constructor_standings_2844
4751,282,26,0.0,12,0,1993-07-25 00:00:00,constructor_standings_2845
4750,282,33,2.0,9,0,1993-07-25 00:00:00,constructor_standings_2846
4749,282,32,10.0,6,0,1993-07-25 00:00:00,constructor_standings_2847
4748,282,22,47.0,3,0,1993-07-25 00:00:00,constructor_standings_2848
4747,282,29,1.0,10,0,1993-07-25 00:00:00,constructor_standings_2849
4746,282,6,10.0,5,0,1993-07-25 00:00:00,constructor_standings_2850
4745,282,15,6.0,8,0,1993-07-25 00:00:00,constructor_standings_2851
4744,282,18,7.0,7,0,1993-07-25 00:00:00,constructor_standings_2852
4743,282,27,19.0,4,0,1993-07-25 00:00:00,constructor_standings_2853
4742,282,1,53.0,2,3,1993-07-25 00:00:00,constructor_standings_2854
4741,282,3,105.0,1,7,1993-07-25 00:00:00,constructor_standings_2855
4766,283,25,0.0,13,0,1993-08-15 00:00:00,constructor_standings_2856
4765,283,17,0.0,11,0,1993-08-15 00:00:00,constructor_standings_2857
4764,283,26,0.0,12,0,1993-08-15 00:00:00,constructor_standings_2858
4763,283,33,2.0,10,0,1993-08-15 00:00:00,constructor_standings_2859
4762,283,32,10.0,6,0,1993-08-15 00:00:00,constructor_standings_2860
4761,283,22,53.0,3,0,1993-08-15 00:00:00,constructor_standings_2861
4760,283,29,4.0,9,0,1993-08-15 00:00:00,constructor_standings_2862
4759,283,6,14.0,5,0,1993-08-15 00:00:00,constructor_standings_2863
4758,283,15,7.0,8,0,1993-08-15 00:00:00,constructor_standings_2864
4757,283,18,7.0,7,0,1993-08-15 00:00:00,constructor_standings_2865
4756,283,27,21.0,4,0,1993-08-15 00:00:00,constructor_standings_2866
4755,283,1,53.0,2,3,1993-08-15 00:00:00,constructor_standings_2867
4754,283,3,115.0,1,8,1993-08-15 00:00:00,constructor_standings_2868
4779,284,25,0.0,13,0,1993-08-29 00:00:00,constructor_standings_2869
4778,284,17,0.0,11,0,1993-08-29 00:00:00,constructor_standings_2870
4777,284,26,0.0,12,0,1993-08-29 00:00:00,constructor_standings_2871
4776,284,33,2.0,10,0,1993-08-29 00:00:00,constructor_standings_2872
4775,284,32,12.0,6,0,1993-08-29 00:00:00,constructor_standings_2873
4774,284,22,60.0,2,0,1993-08-29 00:00:00,constructor_standings_2874
4773,284,29,4.0,9,0,1993-08-29 00:00:00,constructor_standings_2875
4772,284,6,14.0,5,0,1993-08-29 00:00:00,constructor_standings_2876
4771,284,15,7.0,8,0,1993-08-29 00:00:00,constructor_standings_2877
4770,284,18,7.0,7,0,1993-08-29 00:00:00,constructor_standings_2878
4769,284,27,21.0,4,0,1993-08-29 00:00:00,constructor_standings_2879
4768,284,1,56.0,3,3,1993-08-29 00:00:00,constructor_standings_2880
4767,284,3,129.0,1,9,1993-08-29 00:00:00,constructor_standings_2881
4792,285,25,0.0,13,0,1993-09-12 00:00:00,constructor_standings_2882
4791,285,17,0.0,11,0,1993-09-12 00:00:00,constructor_standings_2883
4790,285,26,0.0,12,0,1993-09-12 00:00:00,constructor_standings_2884
4789,285,33,3.0,10,0,1993-09-12 00:00:00,constructor_standings_2885
4788,285,32,12.0,6,0,1993-09-12 00:00:00,constructor_standings_2886
4787,285,22,62.0,2,0,1993-09-12 00:00:00,constructor_standings_2887
4786,285,29,4.0,9,0,1993-09-12 00:00:00,constructor_standings_2888
4785,285,6,20.0,5,0,1993-09-12 00:00:00,constructor_standings_2889
4784,285,15,10.0,7,0,1993-09-12 00:00:00,constructor_standings_2890
4783,285,18,7.0,8,0,1993-09-12 00:00:00,constructor_standings_2891
4782,285,27,21.0,4,0,1993-09-12 00:00:00,constructor_standings_2892
4781,285,1,60.0,3,3,1993-09-12 00:00:00,constructor_standings_2893
4780,285,3,139.0,1,10,1993-09-12 00:00:00,constructor_standings_2894
4805,286,25,0.0,13,0,1993-09-26 00:00:00,constructor_standings_2895
4804,286,17,0.0,11,0,1993-09-26 00:00:00,constructor_standings_2896
4803,286,26,0.0,12,0,1993-09-26 00:00:00,constructor_standings_2897
4802,286,33,3.0,10,0,1993-09-26 00:00:00,constructor_standings_2898
4801,286,32,12.0,6,0,1993-09-26 00:00:00,constructor_standings_2899
4800,286,22,72.0,2,1,1993-09-26 00:00:00,constructor_standings_2900
4799,286,29,4.0,9,0,1993-09-26 00:00:00,constructor_standings_2901
4798,286,6,23.0,4,0,1993-09-26 00:00:00,constructor_standings_2902
4797,286,15,12.0,7,0,1993-09-26 00:00:00,constructor_standings_2903
4796,286,18,7.0,8,0,1993-09-26 00:00:00,constructor_standings_2904
4795,286,27,22.0,5,0,1993-09-26 00:00:00,constructor_standings_2905
4794,286,1,60.0,3,3,1993-09-26 00:00:00,constructor_standings_2906
4793,286,3,149.0,1,10,1993-09-26 00:00:00,constructor_standings_2907
4818,287,25,0.0,13,0,1993-10-24 00:00:00,constructor_standings_2908
4817,287,17,3.0,11,0,1993-10-24 00:00:00,constructor_standings_2909
4816,287,26,0.0,12,0,1993-10-24 00:00:00,constructor_standings_2910
4815,287,33,3.0,10,0,1993-10-24 00:00:00,constructor_standings_2911
4814,287,32,12.0,6,0,1993-10-24 00:00:00,constructor_standings_2912
4813,287,22,72.0,3,1,1993-10-24 00:00:00,constructor_standings_2913
4812,287,29,4.0,9,0,1993-10-24 00:00:00,constructor_standings_2914
4811,287,6,23.0,4,0,1993-10-24 00:00:00,constructor_standings_2915
4810,287,15,12.0,7,0,1993-10-24 00:00:00,constructor_standings_2916
4809,287,18,7.0,8,0,1993-10-24 00:00:00,constructor_standings_2917
4808,287,27,22.0,5,0,1993-10-24 00:00:00,constructor_standings_2918
4807,287,1,74.0,2,4,1993-10-24 00:00:00,constructor_standings_2919
4806,287,3,158.0,1,10,1993-10-24 00:00:00,constructor_standings_2920
4831,288,25,0.0,13,0,1993-11-07 00:00:00,constructor_standings_2921
4830,288,17,3.0,11,0,1993-11-07 00:00:00,constructor_standings_2922
4829,288,26,0.0,12,0,1993-11-07 00:00:00,constructor_standings_2923
4828,288,33,3.0,10,0,1993-11-07 00:00:00,constructor_standings_2924
4827,288,32,12.0,6,0,1993-11-07 00:00:00,constructor_standings_2925
4826,288,22,72.0,3,1,1993-11-07 00:00:00,constructor_standings_2926
4825,288,29,4.0,9,0,1993-11-07 00:00:00,constructor_standings_2927
4824,288,6,28.0,4,0,1993-11-07 00:00:00,constructor_standings_2928
4823,288,15,12.0,7,0,1993-11-07 00:00:00,constructor_standings_2929
4822,288,18,7.0,8,0,1993-11-07 00:00:00,constructor_standings_2930
4821,288,27,23.0,5,0,1993-11-07 00:00:00,constructor_standings_2931
4820,288,1,84.0,2,5,1993-11-07 00:00:00,constructor_standings_2932
4819,288,3,168.0,1,10,1993-11-07 00:00:00,constructor_standings_2933
3254,289,33,0.0,8,0,1992-03-01 00:00:00,constructor_standings_2934
3252,289,29,0.0,6,0,1992-03-01 00:00:00,constructor_standings_2935
3255,289,34,0.0,9,0,1992-03-01 00:00:00,constructor_standings_2936
3253,289,17,0.0,7,0,1992-03-01 00:00:00,constructor_standings_2937
3251,289,27,0.0,5,0,1992-03-01 00:00:00,constructor_standings_2938
3250,289,32,1.0,4,0,1992-03-01 00:00:00,constructor_standings_2939
3249,289,22,3.0,3,0,1992-03-01 00:00:00,constructor_standings_2940
3248,289,1,6.0,2,0,1992-03-01 00:00:00,constructor_standings_2941
3247,289,3,16.0,1,1,1992-03-01 00:00:00,constructor_standings_2942
3256,290,3,32.0,1,2,1992-03-22 00:00:00,constructor_standings_2943
3257,290,1,9.0,2,0,1992-03-22 00:00:00,constructor_standings_2944
3258,290,22,7.0,3,0,1992-03-22 00:00:00,constructor_standings_2945
3259,290,32,2.0,5,0,1992-03-22 00:00:00,constructor_standings_2946
3260,290,27,0.0,6,0,1992-03-22 00:00:00,constructor_standings_2947
3261,290,29,0.0,7,0,1992-03-22 00:00:00,constructor_standings_2948
3262,290,17,0.0,10,0,1992-03-22 00:00:00,constructor_standings_2949
3263,290,33,0.0,9,0,1992-03-22 00:00:00,constructor_standings_2950
3264,290,34,0.0,11,0,1992-03-22 00:00:00,constructor_standings_2951
3265,290,25,2.0,4,0,1992-03-22 00:00:00,constructor_standings_2952
3266,290,35,0.0,8,0,1992-03-22 00:00:00,constructor_standings_2953
3267,291,3,48.0,1,3,1992-04-05 00:00:00,constructor_standings_2954
3268,291,1,9.0,3,0,1992-04-05 00:00:00,constructor_standings_2955
3269,291,22,11.0,2,0,1992-04-05 00:00:00,constructor_standings_2956
3270,291,32,2.0,6,0,1992-04-05 00:00:00,constructor_standings_2957
3271,291,27,0.0,8,0,1992-04-05 00:00:00,constructor_standings_2958
3272,291,29,1.0,7,0,1992-04-05 00:00:00,constructor_standings_2959
3273,291,17,0.0,12,0,1992-04-05 00:00:00,constructor_standings_2960
3274,291,33,0.0,11,0,1992-04-05 00:00:00,constructor_standings_2961
3275,291,34,0.0,13,0,1992-04-05 00:00:00,constructor_standings_2962
3276,291,25,2.0,5,0,1992-04-05 00:00:00,constructor_standings_2963
3277,291,35,0.0,10,0,1992-04-05 00:00:00,constructor_standings_2964
3278,291,6,5.0,4,0,1992-04-05 00:00:00,constructor_standings_2965
3279,291,18,0.0,9,0,1992-04-05 00:00:00,constructor_standings_2966
3322,293,3,74.0,1,5,1992-05-17 00:00:00,constructor_standings_2967
3321,292,37,0.0,11,0,1992-05-03 00:00:00,constructor_standings_2968
3320,292,18,0.0,10,0,1992-05-03 00:00:00,constructor_standings_2969
3319,292,6,9.0,4,0,1992-05-03 00:00:00,constructor_standings_2970
3318,292,35,1.0,8,0,1992-05-03 00:00:00,constructor_standings_2971
3317,292,25,2.0,6,0,1992-05-03 00:00:00,constructor_standings_2972
3310,292,22,17.0,2,0,1992-05-03 00:00:00,constructor_standings_2973
3311,292,32,2.0,7,0,1992-05-03 00:00:00,constructor_standings_2974
3312,292,27,0.0,9,0,1992-05-03 00:00:00,constructor_standings_2975
3313,292,29,3.0,5,0,1992-05-03 00:00:00,constructor_standings_2976
3314,292,17,0.0,13,0,1992-05-03 00:00:00,constructor_standings_2977
3315,292,33,0.0,12,0,1992-05-03 00:00:00,constructor_standings_2978
3316,292,34,0.0,14,0,1992-05-03 00:00:00,constructor_standings_2979
3309,292,1,12.0,3,0,1992-05-03 00:00:00,constructor_standings_2980
3308,292,3,58.0,1,4,1992-05-03 00:00:00,constructor_standings_2981
3323,293,1,16.0,3,0,1992-05-17 00:00:00,constructor_standings_2982
3324,293,22,20.0,2,0,1992-05-17 00:00:00,constructor_standings_2983
3325,293,32,2.0,7,0,1992-05-17 00:00:00,constructor_standings_2984
3326,293,27,0.0,9,0,1992-05-17 00:00:00,constructor_standings_2985
3327,293,29,5.0,5,0,1992-05-17 00:00:00,constructor_standings_2986
3328,293,17,0.0,10,0,1992-05-17 00:00:00,constructor_standings_2987
3329,293,33,0.0,13,0,1992-05-17 00:00:00,constructor_standings_2988
3330,293,34,0.0,14,0,1992-05-17 00:00:00,constructor_standings_2989
3331,293,25,2.0,6,0,1992-05-17 00:00:00,constructor_standings_2990
3332,293,35,2.0,8,0,1992-05-17 00:00:00,constructor_standings_2991
3333,293,6,9.0,4,0,1992-05-17 00:00:00,constructor_standings_2992
3334,293,18,0.0,11,0,1992-05-17 00:00:00,constructor_standings_2993
3335,293,37,0.0,12,0,1992-05-17 00:00:00,constructor_standings_2994
3336,294,3,84.0,1,5,1992-05-31 00:00:00,constructor_standings_2995
3337,294,1,26.0,2,1,1992-05-31 00:00:00,constructor_standings_2996
3338,294,22,25.0,3,0,1992-05-31 00:00:00,constructor_standings_2997
3339,294,32,2.0,7,0,1992-05-31 00:00:00,constructor_standings_2998
3340,294,27,0.0,11,0,1992-05-31 00:00:00,constructor_standings_2999
3341,294,29,5.0,5,0,1992-05-31 00:00:00,constructor_standings_3000
3342,294,17,0.0,12,0,1992-05-31 00:00:00,constructor_standings_3001
3343,294,33,1.0,9,0,1992-05-31 00:00:00,constructor_standings_3002
3344,294,34,0.0,14,0,1992-05-31 00:00:00,constructor_standings_3003
3345,294,25,2.0,6,0,1992-05-31 00:00:00,constructor_standings_3004
3346,294,35,2.0,8,0,1992-05-31 00:00:00,constructor_standings_3005
3347,294,6,9.0,4,0,1992-05-31 00:00:00,constructor_standings_3006
3348,294,18,0.0,10,0,1992-05-31 00:00:00,constructor_standings_3007
3349,294,37,0.0,13,0,1992-05-31 00:00:00,constructor_standings_3008
3350,295,3,84.0,1,5,1992-06-14 00:00:00,constructor_standings_3009
3351,295,1,36.0,2,2,1992-06-14 00:00:00,constructor_standings_3010
3352,295,22,31.0,3,0,1992-06-14 00:00:00,constructor_standings_3011
3353,295,32,2.0,8,0,1992-06-14 00:00:00,constructor_standings_3012
3354,295,27,1.0,10,0,1992-06-14 00:00:00,constructor_standings_3013
3355,295,29,5.0,5,0,1992-06-14 00:00:00,constructor_standings_3014
3356,295,17,0.0,13,0,1992-06-14 00:00:00,constructor_standings_3015
3357,295,33,1.0,11,0,1992-06-14 00:00:00,constructor_standings_3016
3358,295,34,0.0,14,0,1992-06-14 00:00:00,constructor_standings_3017
3359,295,25,4.0,6,0,1992-06-14 00:00:00,constructor_standings_3018
3360,295,35,2.0,9,0,1992-06-14 00:00:00,constructor_standings_3019
3361,295,6,13.0,4,0,1992-06-14 00:00:00,constructor_standings_3020
3362,295,18,0.0,12,0,1992-06-14 00:00:00,constructor_standings_3021
3363,295,37,3.0,7,0,1992-06-14 00:00:00,constructor_standings_3022
3364,296,3,100.0,1,6,1992-07-05 00:00:00,constructor_standings_3023
3365,296,1,36.0,2,2,1992-07-05 00:00:00,constructor_standings_3024
3366,296,22,35.0,3,0,1992-07-05 00:00:00,constructor_standings_3025
3367,296,32,6.0,5,0,1992-07-05 00:00:00,constructor_standings_3026
3368,296,27,3.0,9,0,1992-07-05 00:00:00,constructor_standings_3027
3369,296,29,5.0,6,0,1992-07-05 00:00:00,constructor_standings_3028
3370,296,17,0.0,13,0,1992-07-05 00:00:00,constructor_standings_3029
3371,296,33,1.0,11,0,1992-07-05 00:00:00,constructor_standings_3030
3372,296,34,0.0,14,0,1992-07-05 00:00:00,constructor_standings_3031
3373,296,25,4.0,7,0,1992-07-05 00:00:00,constructor_standings_3032
3374,296,35,2.0,10,0,1992-07-05 00:00:00,constructor_standings_3033
3375,296,6,13.0,4,0,1992-07-05 00:00:00,constructor_standings_3034
3376,296,18,0.0,12,0,1992-07-05 00:00:00,constructor_standings_3035
3377,296,37,3.0,8,0,1992-07-05 00:00:00,constructor_standings_3036
3378,297,3,116.0,1,7,1992-07-12 00:00:00,constructor_standings_3037
3379,297,1,38.0,3,2,1992-07-12 00:00:00,constructor_standings_3038
3380,297,22,42.0,2,0,1992-07-12 00:00:00,constructor_standings_3039
3381,297,32,7.0,5,0,1992-07-12 00:00:00,constructor_standings_3040
3382,297,27,3.0,9,0,1992-07-12 00:00:00,constructor_standings_3041
3383,297,29,5.0,6,0,1992-07-12 00:00:00,constructor_standings_3042
3384,297,17,0.0,13,0,1992-07-12 00:00:00,constructor_standings_3043
3385,297,33,1.0,11,0,1992-07-12 00:00:00,constructor_standings_3044
3386,297,34,0.0,14,0,1992-07-12 00:00:00,constructor_standings_3045
3387,297,25,4.0,7,0,1992-07-12 00:00:00,constructor_standings_3046
3388,297,35,2.0,10,0,1992-07-12 00:00:00,constructor_standings_3047
3389,297,6,13.0,4,0,1992-07-12 00:00:00,constructor_standings_3048
3390,297,18,0.0,12,0,1992-07-12 00:00:00,constructor_standings_3049
3391,297,37,3.0,8,0,1992-07-12 00:00:00,constructor_standings_3050
3392,297,36,0.0,15,0,1992-07-12 00:00:00,constructor_standings_3051
3393,298,3,126.0,1,8,1992-07-26 00:00:00,constructor_standings_3052
3394,298,1,44.0,3,2,1992-07-26 00:00:00,constructor_standings_3053
3395,298,22,49.0,2,0,1992-07-26 00:00:00,constructor_standings_3054
3396,298,32,7.0,5,0,1992-07-26 00:00:00,constructor_standings_3055
3397,298,27,4.0,8,0,1992-07-26 00:00:00,constructor_standings_3056
3398,298,29,5.0,6,0,1992-07-26 00:00:00,constructor_standings_3057
3399,298,17,0.0,13,0,1992-07-26 00:00:00,constructor_standings_3058
3400,298,33,1.0,11,0,1992-07-26 00:00:00,constructor_standings_3059
3401,298,34,0.0,14,0,1992-07-26 00:00:00,constructor_standings_3060
3402,298,25,4.0,7,0,1992-07-26 00:00:00,constructor_standings_3061
3403,298,35,2.0,10,0,1992-07-26 00:00:00,constructor_standings_3062
3404,298,6,15.0,4,0,1992-07-26 00:00:00,constructor_standings_3063
3405,298,18,0.0,12,0,1992-07-26 00:00:00,constructor_standings_3064
3406,298,37,3.0,9,0,1992-07-26 00:00:00,constructor_standings_3065
3407,298,36,0.0,15,0,1992-07-26 00:00:00,constructor_standings_3066
3408,299,3,132.0,1,8,1992-08-16 00:00:00,constructor_standings_3067
3409,299,1,58.0,2,3,1992-08-16 00:00:00,constructor_standings_3068
3410,299,22,51.0,3,0,1992-08-16 00:00:00,constructor_standings_3069
3411,299,32,10.0,5,0,1992-08-16 00:00:00,constructor_standings_3070
3412,299,27,4.0,8,0,1992-08-16 00:00:00,constructor_standings_3071
3413,299,29,5.0,6,0,1992-08-16 00:00:00,constructor_standings_3072
3414,299,17,0.0,13,0,1992-08-16 00:00:00,constructor_standings_3073
3415,299,33,1.0,11,0,1992-08-16 00:00:00,constructor_standings_3074
3416,299,34,0.0,14,0,1992-08-16 00:00:00,constructor_standings_3075
3417,299,25,4.0,7,0,1992-08-16 00:00:00,constructor_standings_3076
3418,299,35,2.0,10,0,1992-08-16 00:00:00,constructor_standings_3077
3419,299,6,16.0,4,0,1992-08-16 00:00:00,constructor_standings_3078
3420,299,18,0.0,12,0,1992-08-16 00:00:00,constructor_standings_3079
3421,299,37,3.0,9,0,1992-08-16 00:00:00,constructor_standings_3080
3422,299,36,0.0,15,0,1992-08-16 00:00:00,constructor_standings_3081
3423,300,3,142.0,1,8,1992-08-30 00:00:00,constructor_standings_3082
3424,300,1,60.0,3,3,1992-08-30 00:00:00,constructor_standings_3083
3425,300,22,64.0,2,1,1992-08-30 00:00:00,constructor_standings_3084
3426,300,32,11.0,5,0,1992-08-30 00:00:00,constructor_standings_3085
3427,300,27,4.0,8,0,1992-08-30 00:00:00,constructor_standings_3086
3428,300,29,5.0,6,0,1992-08-30 00:00:00,constructor_standings_3087
3429,300,17,0.0,13,0,1992-08-30 00:00:00,constructor_standings_3088
3430,300,33,1.0,11,0,1992-08-30 00:00:00,constructor_standings_3089
3431,300,34,0.0,15,0,1992-08-30 00:00:00,constructor_standings_3090
3432,300,25,4.0,7,0,1992-08-30 00:00:00,constructor_standings_3091
3433,300,35,2.0,10,0,1992-08-30 00:00:00,constructor_standings_3092
3434,300,6,16.0,4,0,1992-08-30 00:00:00,constructor_standings_3093
3435,300,18,0.0,12,0,1992-08-30 00:00:00,constructor_standings_3094
3436,300,37,3.0,9,0,1992-08-30 00:00:00,constructor_standings_3095
3437,300,36,0.0,14,0,1992-08-30 00:00:00,constructor_standings_3096
3438,301,3,144.0,1,8,1992-09-13 00:00:00,constructor_standings_3097
3439,301,1,73.0,3,4,1992-09-13 00:00:00,constructor_standings_3098
3440,301,22,74.0,2,1,1992-09-13 00:00:00,constructor_standings_3099
3441,301,32,11.0,5,0,1992-09-13 00:00:00,constructor_standings_3100
3442,301,27,4.0,8,0,1992-09-13 00:00:00,constructor_standings_3101
3443,301,29,5.0,6,0,1992-09-13 00:00:00,constructor_standings_3102
3444,301,17,0.0,13,0,1992-09-13 00:00:00,constructor_standings_3103
3445,301,33,1.0,11,0,1992-09-13 00:00:00,constructor_standings_3104
3446,301,34,0.0,15,0,1992-09-13 00:00:00,constructor_standings_3105
3447,301,25,5.0,7,0,1992-09-13 00:00:00,constructor_standings_3106
3448,301,35,2.0,10,0,1992-09-13 00:00:00,constructor_standings_3107
3449,301,6,16.0,4,0,1992-09-13 00:00:00,constructor_standings_3108
3450,301,18,0.0,12,0,1992-09-13 00:00:00,constructor_standings_3109
3451,301,37,3.0,9,0,1992-09-13 00:00:00,constructor_standings_3110
3452,301,36,0.0,14,0,1992-09-13 00:00:00,constructor_standings_3111
3453,302,3,154.0,1,9,1992-09-27 00:00:00,constructor_standings_3112
3454,302,1,83.0,2,4,1992-09-27 00:00:00,constructor_standings_3113
3455,302,22,77.0,3,1,1992-09-27 00:00:00,constructor_standings_3114
3456,302,32,13.0,5,0,1992-09-27 00:00:00,constructor_standings_3115
3457,302,27,4.0,8,0,1992-09-27 00:00:00,constructor_standings_3116
3458,302,29,6.0,6,0,1992-09-27 00:00:00,constructor_standings_3117
3459,302,17,0.0,13,0,1992-09-27 00:00:00,constructor_standings_3118
3460,302,33,1.0,11,0,1992-09-27 00:00:00,constructor_standings_3119
3461,302,34,0.0,15,0,1992-09-27 00:00:00,constructor_standings_3120
3462,302,25,5.0,7,0,1992-09-27 00:00:00,constructor_standings_3121
3463,302,35,2.0,10,0,1992-09-27 00:00:00,constructor_standings_3122
3464,302,6,16.0,4,0,1992-09-27 00:00:00,constructor_standings_3123
3465,302,18,0.0,12,0,1992-09-27 00:00:00,constructor_standings_3124
3466,302,37,3.0,9,0,1992-09-27 00:00:00,constructor_standings_3125
3467,302,36,0.0,14,0,1992-09-27 00:00:00,constructor_standings_3126
3468,303,3,164.0,1,10,1992-10-25 00:00:00,constructor_standings_3127
3469,303,1,89.0,2,4,1992-10-25 00:00:00,constructor_standings_3128
3470,303,22,81.0,3,1,1992-10-25 00:00:00,constructor_standings_3129
3471,303,32,13.0,5,0,1992-10-25 00:00:00,constructor_standings_3130
3472,303,27,4.0,8,0,1992-10-25 00:00:00,constructor_standings_3131
3473,303,29,6.0,7,0,1992-10-25 00:00:00,constructor_standings_3132
3474,303,17,0.0,13,0,1992-10-25 00:00:00,constructor_standings_3133
3475,303,33,1.0,12,0,1992-10-25 00:00:00,constructor_standings_3134
3476,303,34,0.0,15,0,1992-10-25 00:00:00,constructor_standings_3135
3477,303,25,8.0,6,0,1992-10-25 00:00:00,constructor_standings_3136
3478,303,35,2.0,10,0,1992-10-25 00:00:00,constructor_standings_3137
3479,303,6,18.0,4,0,1992-10-25 00:00:00,constructor_standings_3138
3480,303,18,1.0,11,0,1992-10-25 00:00:00,constructor_standings_3139
3481,303,37,3.0,9,0,1992-10-25 00:00:00,constructor_standings_3140
3482,303,36,0.0,14,0,1992-10-25 00:00:00,constructor_standings_3141
3483,304,3,164.0,1,10,1992-11-08 00:00:00,constructor_standings_3142
3484,304,1,99.0,2,5,1992-11-08 00:00:00,constructor_standings_3143
3485,304,22,91.0,3,1,1992-11-08 00:00:00,constructor_standings_3144
3486,304,32,13.0,5,0,1992-11-08 00:00:00,constructor_standings_3145
3487,304,27,6.0,8,0,1992-11-08 00:00:00,constructor_standings_3146
3488,304,29,6.0,7,0,1992-11-08 00:00:00,constructor_standings_3147
3489,304,17,1.0,11,0,1992-11-08 00:00:00,constructor_standings_3148
3490,304,33,1.0,13,0,1992-11-08 00:00:00,constructor_standings_3149
3491,304,34,0.0,15,0,1992-11-08 00:00:00,constructor_standings_3150
3492,304,25,8.0,6,0,1992-11-08 00:00:00,constructor_standings_3151
3493,304,35,2.0,10,0,1992-11-08 00:00:00,constructor_standings_3152
3494,304,6,21.0,4,0,1992-11-08 00:00:00,constructor_standings_3153
3495,304,18,1.0,12,0,1992-11-08 00:00:00,constructor_standings_3154
3496,304,37,3.0,9,0,1992-11-08 00:00:00,constructor_standings_3155
3497,304,36,0.0,14,0,1992-11-08 00:00:00,constructor_standings_3156
8247,305,36,0.0,18,0,1991-03-10 00:00:00,constructor_standings_3157
8246,305,42,0.0,17,0,1991-03-10 00:00:00,constructor_standings_3158
8245,305,35,0.0,16,0,1991-03-10 00:00:00,constructor_standings_3159
8244,305,27,0.0,15,0,1991-03-10 00:00:00,constructor_standings_3160
8243,305,41,0.0,14,0,1991-03-10 00:00:00,constructor_standings_3161
8242,305,29,0.0,13,0,1991-03-10 00:00:00,constructor_standings_3162
8241,305,3,0.0,12,0,1991-03-10 00:00:00,constructor_standings_3163
8240,305,32,0.0,11,0,1991-03-10 00:00:00,constructor_standings_3164
8239,305,34,0.0,10,0,1991-03-10 00:00:00,constructor_standings_3165
8238,305,17,0.0,9,0,1991-03-10 00:00:00,constructor_standings_3166
8265,306,36,0.0,17,0,1991-03-24 00:00:00,constructor_standings_3167
8264,306,42,0.0,18,0,1991-03-24 00:00:00,constructor_standings_3168
8263,306,35,0.0,14,0,1991-03-24 00:00:00,constructor_standings_3169
8262,306,27,0.0,12,0,1991-03-24 00:00:00,constructor_standings_3170
8261,306,41,0.0,16,0,1991-03-24 00:00:00,constructor_standings_3171
8260,306,29,0.0,15,0,1991-03-24 00:00:00,constructor_standings_3172
8259,306,3,6.0,3,0,1991-03-24 00:00:00,constructor_standings_3173
8258,306,32,0.0,10,0,1991-03-24 00:00:00,constructor_standings_3174
8257,306,34,0.0,13,0,1991-03-24 00:00:00,constructor_standings_3175
8256,306,17,0.0,11,0,1991-03-24 00:00:00,constructor_standings_3176
8255,306,18,0.0,8,0,1991-03-24 00:00:00,constructor_standings_3177
8254,306,39,0.0,9,0,1991-03-24 00:00:00,constructor_standings_3178
8253,306,40,0.0,7,0,1991-03-24 00:00:00,constructor_standings_3179
8252,306,33,1.0,6,0,1991-03-24 00:00:00,constructor_standings_3180
8284,307,26,0.0,17,0,1991-04-28 00:00:00,constructor_standings_3181
8283,307,36,0.0,18,0,1991-04-28 00:00:00,constructor_standings_3182
8282,307,42,0.0,19,0,1991-04-28 00:00:00,constructor_standings_3183
8281,307,35,4.0,6,0,1991-04-28 00:00:00,constructor_standings_3184
8280,307,27,0.0,11,0,1991-04-28 00:00:00,constructor_standings_3185
8279,307,41,0.0,15,0,1991-04-28 00:00:00,constructor_standings_3186
8278,307,29,0.0,16,0,1991-04-28 00:00:00,constructor_standings_3187
8277,307,3,6.0,3,0,1991-04-28 00:00:00,constructor_standings_3188
8276,307,32,3.0,8,0,1991-04-28 00:00:00,constructor_standings_3189
8275,307,34,0.0,12,0,1991-04-28 00:00:00,constructor_standings_3190
8274,307,17,0.0,14,0,1991-04-28 00:00:00,constructor_standings_3191
8273,307,18,3.0,7,0,1991-04-28 00:00:00,constructor_standings_3192
8272,307,39,0.0,13,0,1991-04-28 00:00:00,constructor_standings_3193
8271,307,40,0.0,10,0,1991-04-28 00:00:00,constructor_standings_3194
8270,307,33,1.0,9,0,1991-04-28 00:00:00,constructor_standings_3195
8303,308,26,0.0,15,0,1991-05-12 00:00:00,constructor_standings_3196
8302,308,36,0.0,18,0,1991-05-12 00:00:00,constructor_standings_3197
8301,308,42,0.0,19,0,1991-05-12 00:00:00,constructor_standings_3198
8300,308,35,5.0,5,0,1991-05-12 00:00:00,constructor_standings_3199
8299,308,27,0.0,10,0,1991-05-12 00:00:00,constructor_standings_3200
8298,308,41,0.0,16,0,1991-05-12 00:00:00,constructor_standings_3201
8297,308,29,0.0,17,0,1991-05-12 00:00:00,constructor_standings_3202
8296,308,3,12.0,3,0,1991-05-12 00:00:00,constructor_standings_3203
8295,308,32,3.0,8,0,1991-05-12 00:00:00,constructor_standings_3204
8294,308,34,0.0,13,0,1991-05-12 00:00:00,constructor_standings_3205
8293,308,17,0.0,12,0,1991-05-12 00:00:00,constructor_standings_3206
8292,308,18,3.0,7,0,1991-05-12 00:00:00,constructor_standings_3207
8291,308,39,0.0,14,0,1991-05-12 00:00:00,constructor_standings_3208
8290,308,40,0.0,11,0,1991-05-12 00:00:00,constructor_standings_3209
8289,308,33,1.0,9,0,1991-05-12 00:00:00,constructor_standings_3210
8288,308,25,5.0,6,0,1991-05-12 00:00:00,constructor_standings_3211
8322,309,26,0.0,15,0,1991-06-02 00:00:00,constructor_standings_3212
8321,309,36,0.0,18,0,1991-06-02 00:00:00,constructor_standings_3213
8320,309,42,0.0,19,0,1991-06-02 00:00:00,constructor_standings_3214
8319,309,35,5.0,6,0,1991-06-02 00:00:00,constructor_standings_3215
8318,309,27,0.0,11,0,1991-06-02 00:00:00,constructor_standings_3216
8317,309,41,0.0,16,0,1991-06-02 00:00:00,constructor_standings_3217
8316,309,29,0.0,17,0,1991-06-02 00:00:00,constructor_standings_3218
8315,309,3,17.0,3,0,1991-06-02 00:00:00,constructor_standings_3219
8314,309,32,3.0,9,0,1991-06-02 00:00:00,constructor_standings_3220
8313,309,34,0.0,13,0,1991-06-02 00:00:00,constructor_standings_3221
8312,309,17,5.0,7,0,1991-06-02 00:00:00,constructor_standings_3222
8311,309,18,3.0,8,0,1991-06-02 00:00:00,constructor_standings_3223
8310,309,39,0.0,14,0,1991-06-02 00:00:00,constructor_standings_3224
8309,309,40,0.0,12,0,1991-06-02 00:00:00,constructor_standings_3225
8308,309,33,1.0,10,0,1991-06-02 00:00:00,constructor_standings_3226
8307,309,25,11.0,5,0,1991-06-02 00:00:00,constructor_standings_3227
8341,310,26,1.0,10,0,1991-06-16 00:00:00,constructor_standings_3228
8340,310,36,0.0,18,0,1991-06-16 00:00:00,constructor_standings_3229
8339,310,42,0.0,19,0,1991-06-16 00:00:00,constructor_standings_3230
8338,310,35,5.0,7,0,1991-06-16 00:00:00,constructor_standings_3231
8337,310,27,0.0,12,0,1991-06-16 00:00:00,constructor_standings_3232
8336,310,41,0.0,16,0,1991-06-16 00:00:00,constructor_standings_3233
8335,310,29,0.0,17,0,1991-06-16 00:00:00,constructor_standings_3234
8334,310,3,33.0,2,1,1991-06-16 00:00:00,constructor_standings_3235
8333,310,32,3.0,9,0,1991-06-16 00:00:00,constructor_standings_3236
8332,310,34,0.0,14,0,1991-06-16 00:00:00,constructor_standings_3237
8331,310,17,8.0,6,0,1991-06-16 00:00:00,constructor_standings_3238
8330,310,18,3.0,8,0,1991-06-16 00:00:00,constructor_standings_3239
8329,310,39,0.0,15,0,1991-06-16 00:00:00,constructor_standings_3240
8328,310,40,0.0,13,0,1991-06-16 00:00:00,constructor_standings_3241
8327,310,33,1.0,11,0,1991-06-16 00:00:00,constructor_standings_3242
8326,310,25,11.0,5,0,1991-06-16 00:00:00,constructor_standings_3243
8360,311,26,1.0,10,0,1991-07-07 00:00:00,constructor_standings_3244
8359,311,36,0.0,18,0,1991-07-07 00:00:00,constructor_standings_3245
8358,311,42,0.0,19,0,1991-07-07 00:00:00,constructor_standings_3246
8357,311,35,5.0,7,0,1991-07-07 00:00:00,constructor_standings_3247
8356,311,27,0.0,12,0,1991-07-07 00:00:00,constructor_standings_3248
8355,311,41,0.0,14,0,1991-07-07 00:00:00,constructor_standings_3249
8354,311,29,0.0,17,0,1991-07-07 00:00:00,constructor_standings_3250
8353,311,3,45.0,2,2,1991-07-07 00:00:00,constructor_standings_3251
8352,311,32,3.0,9,0,1991-07-07 00:00:00,constructor_standings_3252
8351,311,34,0.0,15,0,1991-07-07 00:00:00,constructor_standings_3253
8350,311,17,9.0,6,0,1991-07-07 00:00:00,constructor_standings_3254
8349,311,18,3.0,8,0,1991-07-07 00:00:00,constructor_standings_3255
8348,311,39,0.0,16,0,1991-07-07 00:00:00,constructor_standings_3256
8347,311,40,0.0,13,0,1991-07-07 00:00:00,constructor_standings_3257
8346,311,33,1.0,11,0,1991-07-07 00:00:00,constructor_standings_3258
8345,311,25,11.0,5,0,1991-07-07 00:00:00,constructor_standings_3259
8379,312,26,1.0,10,0,1991-07-14 00:00:00,constructor_standings_3260
8378,312,36,0.0,18,0,1991-07-14 00:00:00,constructor_standings_3261
8377,312,42,0.0,19,0,1991-07-14 00:00:00,constructor_standings_3262
8376,312,35,5.0,7,0,1991-07-14 00:00:00,constructor_standings_3263
8375,312,27,0.0,12,0,1991-07-14 00:00:00,constructor_standings_3264
8374,312,41,0.0,14,0,1991-07-14 00:00:00,constructor_standings_3265
8373,312,29,0.0,17,0,1991-07-14 00:00:00,constructor_standings_3266
8372,312,3,55.0,2,3,1991-07-14 00:00:00,constructor_standings_3267
8371,312,32,3.0,9,0,1991-07-14 00:00:00,constructor_standings_3268
8370,312,34,0.0,15,0,1991-07-14 00:00:00,constructor_standings_3269
8369,312,17,10.0,6,0,1991-07-14 00:00:00,constructor_standings_3270
8368,312,18,3.0,8,0,1991-07-14 00:00:00,constructor_standings_3271
8367,312,39,0.0,16,0,1991-07-14 00:00:00,constructor_standings_3272
8366,312,40,0.0,13,0,1991-07-14 00:00:00,constructor_standings_3273
8365,312,33,1.0,11,0,1991-07-14 00:00:00,constructor_standings_3274
8364,312,25,11.0,5,0,1991-07-14 00:00:00,constructor_standings_3275
8398,313,26,1.0,10,0,1991-07-28 00:00:00,constructor_standings_3276
8397,313,36,0.0,18,0,1991-07-28 00:00:00,constructor_standings_3277
8396,313,42,0.0,19,0,1991-07-28 00:00:00,constructor_standings_3278
8395,313,35,5.0,7,0,1991-07-28 00:00:00,constructor_standings_3279
8394,313,27,0.0,12,0,1991-07-28 00:00:00,constructor_standings_3280
8393,313,41,0.0,14,0,1991-07-28 00:00:00,constructor_standings_3281
8392,313,29,0.0,17,0,1991-07-28 00:00:00,constructor_standings_3282
8391,313,3,71.0,1,4,1991-07-28 00:00:00,constructor_standings_3283
8390,313,32,3.0,9,0,1991-07-28 00:00:00,constructor_standings_3284
8389,313,34,0.0,15,0,1991-07-28 00:00:00,constructor_standings_3285
8388,313,17,13.0,5,0,1991-07-28 00:00:00,constructor_standings_3286
8387,313,18,3.0,8,0,1991-07-28 00:00:00,constructor_standings_3287
8386,313,39,0.0,16,0,1991-07-28 00:00:00,constructor_standings_3288
8385,313,40,0.0,13,0,1991-07-28 00:00:00,constructor_standings_3289
8384,313,33,1.0,11,0,1991-07-28 00:00:00,constructor_standings_3290
8383,313,25,11.0,6,0,1991-07-28 00:00:00,constructor_standings_3291
8417,314,26,1.0,11,0,1991-08-11 00:00:00,constructor_standings_3292
8416,314,36,0.0,18,0,1991-08-11 00:00:00,constructor_standings_3293
8415,314,42,0.0,19,0,1991-08-11 00:00:00,constructor_standings_3294
8414,314,35,5.0,7,0,1991-08-11 00:00:00,constructor_standings_3295
8413,314,27,0.0,13,0,1991-08-11 00:00:00,constructor_standings_3296
8412,314,41,1.0,10,0,1991-08-11 00:00:00,constructor_standings_3297
8411,314,29,0.0,17,0,1991-08-11 00:00:00,constructor_standings_3298
8410,314,3,81.0,2,4,1991-08-11 00:00:00,constructor_standings_3299
8409,314,32,3.0,9,0,1991-08-11 00:00:00,constructor_standings_3300
8408,314,34,0.0,15,0,1991-08-11 00:00:00,constructor_standings_3301
8407,314,17,13.0,5,0,1991-08-11 00:00:00,constructor_standings_3302
8406,314,18,3.0,8,0,1991-08-11 00:00:00,constructor_standings_3303
8405,314,39,0.0,16,0,1991-08-11 00:00:00,constructor_standings_3304
8404,314,40,0.0,14,0,1991-08-11 00:00:00,constructor_standings_3305
8403,314,33,1.0,12,0,1991-08-11 00:00:00,constructor_standings_3306
8402,314,25,11.0,6,0,1991-08-11 00:00:00,constructor_standings_3307
8435,315,36,0.0,17,0,1991-08-25 00:00:00,constructor_standings_3308
8434,315,42,0.0,19,0,1991-08-25 00:00:00,constructor_standings_3309
8433,315,35,5.0,7,0,1991-08-25 00:00:00,constructor_standings_3310
8432,315,27,0.0,14,0,1991-08-25 00:00:00,constructor_standings_3311
8431,315,41,1.0,10,0,1991-08-25 00:00:00,constructor_standings_3312
8430,315,29,0.0,18,0,1991-08-25 00:00:00,constructor_standings_3313
8429,315,3,83.0,2,4,1991-08-25 00:00:00,constructor_standings_3314
8428,315,32,3.0,9,0,1991-08-25 00:00:00,constructor_standings_3315
8427,315,34,1.0,11,0,1991-08-25 00:00:00,constructor_standings_3316
8426,315,17,13.0,5,0,1991-08-25 00:00:00,constructor_standings_3317
8425,315,18,3.0,8,0,1991-08-25 00:00:00,constructor_standings_3318
8424,315,39,0.0,16,0,1991-08-25 00:00:00,constructor_standings_3319
8423,315,40,0.0,15,0,1991-08-25 00:00:00,constructor_standings_3320
8422,315,33,1.0,13,0,1991-08-25 00:00:00,constructor_standings_3321
8421,315,25,11.0,6,0,1991-08-25 00:00:00,constructor_standings_3322
8420,315,22,30.0,4,1,1991-08-25 00:00:00,constructor_standings_3323
8454,316,36,0.0,17,0,1991-09-08 00:00:00,constructor_standings_3324
8453,316,42,0.0,19,0,1991-09-08 00:00:00,constructor_standings_3325
8452,316,35,5.0,7,0,1991-09-08 00:00:00,constructor_standings_3326
8451,316,27,0.0,14,0,1991-09-08 00:00:00,constructor_standings_3327
8450,316,41,1.0,10,0,1991-09-08 00:00:00,constructor_standings_3328
8449,316,29,0.0,18,0,1991-09-08 00:00:00,constructor_standings_3329
8448,316,3,93.0,2,5,1991-09-08 00:00:00,constructor_standings_3330
8447,316,32,3.0,9,0,1991-09-08 00:00:00,constructor_standings_3331
8446,316,34,1.0,11,0,1991-09-08 00:00:00,constructor_standings_3332
8445,316,17,13.0,5,0,1991-09-08 00:00:00,constructor_standings_3333
8444,316,18,3.0,8,0,1991-09-08 00:00:00,constructor_standings_3334
8443,316,39,0.0,16,0,1991-09-08 00:00:00,constructor_standings_3335
8442,316,40,0.0,15,0,1991-09-08 00:00:00,constructor_standings_3336
8441,316,33,1.0,13,0,1991-09-08 00:00:00,constructor_standings_3337
8440,316,25,11.0,6,0,1991-09-08 00:00:00,constructor_standings_3338
8439,316,22,33.0,4,1,1991-09-08 00:00:00,constructor_standings_3339
8474,317,26,1.0,12,0,1991-09-22 00:00:00,constructor_standings_3340
8473,317,36,0.0,17,0,1991-09-22 00:00:00,constructor_standings_3341
8472,317,42,0.0,19,0,1991-09-22 00:00:00,constructor_standings_3342
8471,317,35,5.0,8,0,1991-09-22 00:00:00,constructor_standings_3343
8470,317,27,0.0,14,0,1991-09-22 00:00:00,constructor_standings_3344
8469,317,41,1.0,10,0,1991-09-22 00:00:00,constructor_standings_3345
8468,317,29,0.0,18,0,1991-09-22 00:00:00,constructor_standings_3346
8467,317,3,103.0,2,6,1991-09-22 00:00:00,constructor_standings_3347
8466,317,32,3.0,9,0,1991-09-22 00:00:00,constructor_standings_3348
8465,317,34,1.0,11,0,1991-09-22 00:00:00,constructor_standings_3349
8464,317,17,13.0,5,0,1991-09-22 00:00:00,constructor_standings_3350
8463,317,18,6.0,7,0,1991-09-22 00:00:00,constructor_standings_3351
8462,317,39,0.0,16,0,1991-09-22 00:00:00,constructor_standings_3352
8461,317,40,0.0,15,0,1991-09-22 00:00:00,constructor_standings_3353
8460,317,33,1.0,13,0,1991-09-22 00:00:00,constructor_standings_3354
8459,317,25,11.0,6,0,1991-09-22 00:00:00,constructor_standings_3355
8458,317,22,36.0,4,1,1991-09-22 00:00:00,constructor_standings_3356
8457,317,6,43.0,3,0,1991-09-22 00:00:00,constructor_standings_3357
8493,318,26,1.0,12,0,1991-09-29 00:00:00,constructor_standings_3358
8492,318,36,0.0,17,0,1991-09-29 00:00:00,constructor_standings_3359
8491,318,42,0.0,19,0,1991-09-29 00:00:00,constructor_standings_3360
8490,318,35,5.0,8,0,1991-09-29 00:00:00,constructor_standings_3361
8489,318,27,0.0,14,0,1991-09-29 00:00:00,constructor_standings_3362
8488,318,41,1.0,10,0,1991-09-29 00:00:00,constructor_standings_3363
8487,318,29,0.0,18,0,1991-09-29 00:00:00,constructor_standings_3364
8486,318,3,117.0,1,7,1991-09-29 00:00:00,constructor_standings_3365
8485,318,32,3.0,9,0,1991-09-29 00:00:00,constructor_standings_3366
8484,318,34,1.0,11,0,1991-09-29 00:00:00,constructor_standings_3367
8483,318,17,13.0,5,0,1991-09-29 00:00:00,constructor_standings_3368
8482,318,18,6.0,7,0,1991-09-29 00:00:00,constructor_standings_3369
8481,318,39,0.0,16,0,1991-09-29 00:00:00,constructor_standings_3370
8480,318,40,0.0,15,0,1991-09-29 00:00:00,constructor_standings_3371
8479,318,33,1.0,13,0,1991-09-29 00:00:00,constructor_standings_3372
8478,318,25,11.0,6,0,1991-09-29 00:00:00,constructor_standings_3373
8477,318,22,37.0,4,1,1991-09-29 00:00:00,constructor_standings_3374
8476,318,6,52.0,3,0,1991-09-29 00:00:00,constructor_standings_3375
8512,319,26,1.0,12,0,1991-10-20 00:00:00,constructor_standings_3376
8511,319,36,0.0,17,0,1991-10-20 00:00:00,constructor_standings_3377
8510,319,42,0.0,19,0,1991-10-20 00:00:00,constructor_standings_3378
8509,319,35,5.0,8,0,1991-10-20 00:00:00,constructor_standings_3379
8508,319,27,0.0,14,0,1991-10-20 00:00:00,constructor_standings_3380
8507,319,41,1.0,11,0,1991-10-20 00:00:00,constructor_standings_3381
8506,319,29,0.0,18,0,1991-10-20 00:00:00,constructor_standings_3382
8505,319,3,121.0,2,7,1991-10-20 00:00:00,constructor_standings_3383
8504,319,32,3.0,9,0,1991-10-20 00:00:00,constructor_standings_3384
8503,319,34,3.0,10,0,1991-10-20 00:00:00,constructor_standings_3385
8502,319,17,13.0,5,0,1991-10-20 00:00:00,constructor_standings_3386
8501,319,18,6.0,7,0,1991-10-20 00:00:00,constructor_standings_3387
8500,319,39,0.0,16,0,1991-10-20 00:00:00,constructor_standings_3388
8499,319,40,0.0,15,0,1991-10-20 00:00:00,constructor_standings_3389
8498,319,33,1.0,13,0,1991-10-20 00:00:00,constructor_standings_3390
8497,319,25,12.0,6,0,1991-10-20 00:00:00,constructor_standings_3391
8496,319,22,37.0,4,1,1991-10-20 00:00:00,constructor_standings_3392
8495,319,6,55.0,3,0,1991-10-20 00:00:00,constructor_standings_3393
8531,320,26,1.0,12,0,1991-11-03 00:00:00,constructor_standings_3394
8530,320,36,0.0,17,0,1991-11-03 00:00:00,constructor_standings_3395
8529,320,42,0.0,19,0,1991-11-03 00:00:00,constructor_standings_3396
8528,320,35,5.0,8,0,1991-11-03 00:00:00,constructor_standings_3397
8527,320,27,0.0,14,0,1991-11-03 00:00:00,constructor_standings_3398
8526,320,41,1.0,11,0,1991-11-03 00:00:00,constructor_standings_3399
8525,320,29,0.0,18,0,1991-11-03 00:00:00,constructor_standings_3400
8524,320,3,125.0,2,7,1991-11-03 00:00:00,constructor_standings_3401
8523,320,32,3.0,9,0,1991-11-03 00:00:00,constructor_standings_3402
8522,320,34,3.0,10,0,1991-11-03 00:00:00,constructor_standings_3403
8521,320,17,13.0,5,0,1991-11-03 00:00:00,constructor_standings_3404
8520,320,18,6.0,7,0,1991-11-03 00:00:00,constructor_standings_3405
8519,320,39,0.0,16,0,1991-11-03 00:00:00,constructor_standings_3406
8518,320,40,0.0,15,0,1991-11-03 00:00:00,constructor_standings_3407
8517,320,33,1.0,13,0,1991-11-03 00:00:00,constructor_standings_3408
8516,320,25,12.0,6,0,1991-11-03 00:00:00,constructor_standings_3409
8515,320,22,38.5,4,1,1991-11-03 00:00:00,constructor_standings_3410
8514,320,6,55.5,3,0,1991-11-03 00:00:00,constructor_standings_3411
7633,321,41,0.0,10,0,1990-03-11 00:00:00,constructor_standings_3412
7632,321,44,0.0,9,0,1990-03-11 00:00:00,constructor_standings_3413
7631,321,21,0.0,8,0,1990-03-11 00:00:00,constructor_standings_3414
7630,321,33,0.0,7,0,1990-03-11 00:00:00,constructor_standings_3415
7629,321,18,0.0,6,0,1990-03-11 00:00:00,constructor_standings_3416
7628,321,34,2.0,5,0,1990-03-11 00:00:00,constructor_standings_3417
7627,321,22,3.0,4,0,1990-03-11 00:00:00,constructor_standings_3418
7626,321,3,4.0,3,0,1990-03-11 00:00:00,constructor_standings_3419
7625,321,25,7.0,2,0,1990-03-11 00:00:00,constructor_standings_3420
7624,321,1,9.0,1,1,1990-03-11 00:00:00,constructor_standings_3421
7655,322,35,0.0,12,0,1990-03-25 00:00:00,constructor_standings_3422
7654,322,45,0.0,16,0,1990-03-25 00:00:00,constructor_standings_3423
7653,322,6,12.0,2,1,1990-03-25 00:00:00,constructor_standings_3424
7652,322,41,0.0,13,0,1990-03-25 00:00:00,constructor_standings_3425
7651,322,44,0.0,11,0,1990-03-25 00:00:00,constructor_standings_3426
7650,322,21,0.0,9,0,1990-03-25 00:00:00,constructor_standings_3427
7649,322,33,0.0,8,0,1990-03-25 00:00:00,constructor_standings_3428
7648,322,18,0.0,7,0,1990-03-25 00:00:00,constructor_standings_3429
7647,322,34,2.0,6,0,1990-03-25 00:00:00,constructor_standings_3430
7646,322,22,4.0,5,0,1990-03-25 00:00:00,constructor_standings_3431
7645,322,3,6.0,4,0,1990-03-25 00:00:00,constructor_standings_3432
7644,322,25,7.0,3,0,1990-03-25 00:00:00,constructor_standings_3433
7643,322,1,19.0,1,1,1990-03-25 00:00:00,constructor_standings_3434
7676,323,27,0.0,10,0,1990-05-13 00:00:00,constructor_standings_3435
7675,323,32,0.0,7,0,1990-05-13 00:00:00,constructor_standings_3436
7674,323,35,0.0,14,0,1990-05-13 00:00:00,constructor_standings_3437
7673,323,45,0.0,16,0,1990-05-13 00:00:00,constructor_standings_3438
7672,323,6,15.0,3,1,1990-05-13 00:00:00,constructor_standings_3439
7671,323,41,0.0,15,0,1990-05-13 00:00:00,constructor_standings_3440
7670,323,44,0.0,13,0,1990-05-13 00:00:00,constructor_standings_3441
7669,323,21,0.0,11,0,1990-05-13 00:00:00,constructor_standings_3442
7668,323,33,0.0,9,0,1990-05-13 00:00:00,constructor_standings_3443
7667,323,18,0.0,8,0,1990-05-13 00:00:00,constructor_standings_3444
7666,323,34,2.0,6,0,1990-05-13 00:00:00,constructor_standings_3445
7665,323,22,10.0,4,0,1990-05-13 00:00:00,constructor_standings_3446
7664,323,3,15.0,2,1,1990-05-13 00:00:00,constructor_standings_3447
7663,323,25,8.0,5,0,1990-05-13 00:00:00,constructor_standings_3448
7662,323,1,25.0,1,1,1990-05-13 00:00:00,constructor_standings_3449
7695,324,27,0.0,12,0,1990-05-27 00:00:00,constructor_standings_3450
7694,324,32,0.0,9,0,1990-05-27 00:00:00,constructor_standings_3451
7693,324,35,0.0,14,0,1990-05-27 00:00:00,constructor_standings_3452
7692,324,45,0.0,16,0,1990-05-27 00:00:00,constructor_standings_3453
7691,324,6,15.0,3,1,1990-05-27 00:00:00,constructor_standings_3454
7690,324,41,0.0,15,0,1990-05-27 00:00:00,constructor_standings_3455
7689,324,44,0.0,13,0,1990-05-27 00:00:00,constructor_standings_3456
7688,324,21,2.0,6,0,1990-05-27 00:00:00,constructor_standings_3457
7687,324,33,1.0,8,0,1990-05-27 00:00:00,constructor_standings_3458
7686,324,18,0.0,10,0,1990-05-27 00:00:00,constructor_standings_3459
7685,324,34,2.0,7,0,1990-05-27 00:00:00,constructor_standings_3460
7684,324,22,10.0,5,0,1990-05-27 00:00:00,constructor_standings_3461
7683,324,3,18.0,2,1,1990-05-27 00:00:00,constructor_standings_3462
7682,324,25,14.0,4,0,1990-05-27 00:00:00,constructor_standings_3463
7681,324,1,38.0,1,2,1990-05-27 00:00:00,constructor_standings_3464
7715,325,46,0.0,11,0,1990-06-10 00:00:00,constructor_standings_3465
7714,325,27,0.0,12,0,1990-06-10 00:00:00,constructor_standings_3466
7713,325,32,1.0,8,0,1990-06-10 00:00:00,constructor_standings_3467
7712,325,35,0.0,16,0,1990-06-10 00:00:00,constructor_standings_3468
7711,325,45,0.0,14,0,1990-06-10 00:00:00,constructor_standings_3469
7710,325,6,21.0,2,1,1990-06-10 00:00:00,constructor_standings_3470
7709,325,41,0.0,13,0,1990-06-10 00:00:00,constructor_standings_3471
7708,325,44,0.0,15,0,1990-06-10 00:00:00,constructor_standings_3472
7707,325,21,2.0,7,0,1990-06-10 00:00:00,constructor_standings_3473
7706,325,33,1.0,9,0,1990-06-10 00:00:00,constructor_standings_3474
7705,325,18,0.0,10,0,1990-06-10 00:00:00,constructor_standings_3475
7704,325,34,2.0,6,0,1990-06-10 00:00:00,constructor_standings_3476
7703,325,22,16.0,4,0,1990-06-10 00:00:00,constructor_standings_3477
7702,325,3,18.0,3,1,1990-06-10 00:00:00,constructor_standings_3478
7701,325,25,14.0,5,0,1990-06-10 00:00:00,constructor_standings_3479
7700,325,1,50.0,1,3,1990-06-10 00:00:00,constructor_standings_3480
7734,326,46,0.0,11,0,1990-06-24 00:00:00,constructor_standings_3481
7733,326,27,0.0,12,0,1990-06-24 00:00:00,constructor_standings_3482
7732,326,32,1.0,8,0,1990-06-24 00:00:00,constructor_standings_3483
7731,326,35,0.0,14,0,1990-06-24 00:00:00,constructor_standings_3484
7730,326,45,0.0,15,0,1990-06-24 00:00:00,constructor_standings_3485
7729,326,6,36.0,2,2,1990-06-24 00:00:00,constructor_standings_3486
7728,326,41,0.0,13,0,1990-06-24 00:00:00,constructor_standings_3487
7727,326,44,0.0,16,0,1990-06-24 00:00:00,constructor_standings_3488
7726,326,21,2.0,7,0,1990-06-24 00:00:00,constructor_standings_3489
7725,326,33,1.0,9,0,1990-06-24 00:00:00,constructor_standings_3490
7724,326,18,0.0,10,0,1990-06-24 00:00:00,constructor_standings_3491
7723,326,34,2.0,6,0,1990-06-24 00:00:00,constructor_standings_3492
7722,326,22,20.0,4,0,1990-06-24 00:00:00,constructor_standings_3493
7721,326,3,20.0,3,1,1990-06-24 00:00:00,constructor_standings_3494
7720,326,25,14.0,5,0,1990-06-24 00:00:00,constructor_standings_3495
7719,326,1,54.0,1,3,1990-06-24 00:00:00,constructor_standings_3496
7754,327,39,0.0,17,0,1990-07-08 00:00:00,constructor_standings_3497
7753,327,46,0.0,12,0,1990-07-08 00:00:00,constructor_standings_3498
7752,327,27,0.0,13,0,1990-07-08 00:00:00,constructor_standings_3499
7751,327,32,1.0,10,0,1990-07-08 00:00:00,constructor_standings_3500
7750,327,35,0.0,14,0,1990-07-08 00:00:00,constructor_standings_3501
7749,327,45,0.0,15,0,1990-07-08 00:00:00,constructor_standings_3502
7748,327,6,45.0,2,3,1990-07-08 00:00:00,constructor_standings_3503
7747,327,41,6.0,6,0,1990-07-08 00:00:00,constructor_standings_3504
7746,327,44,0.0,16,0,1990-07-08 00:00:00,constructor_standings_3505
7745,327,21,2.0,8,0,1990-07-08 00:00:00,constructor_standings_3506
7744,327,33,1.0,9,0,1990-07-08 00:00:00,constructor_standings_3507
7743,327,18,0.0,11,0,1990-07-08 00:00:00,constructor_standings_3508
7742,327,34,2.0,7,0,1990-07-08 00:00:00,constructor_standings_3509
7741,327,22,23.0,3,0,1990-07-08 00:00:00,constructor_standings_3510
7740,327,3,21.0,4,1,1990-07-08 00:00:00,constructor_standings_3511
7739,327,25,14.0,5,0,1990-07-08 00:00:00,constructor_standings_3512
7738,327,1,60.0,1,3,1990-07-08 00:00:00,constructor_standings_3513
7773,328,39,0.0,17,0,1990-07-15 00:00:00,constructor_standings_3514
7772,328,46,0.0,12,0,1990-07-15 00:00:00,constructor_standings_3515
7771,328,27,0.0,13,0,1990-07-15 00:00:00,constructor_standings_3516
7770,328,32,1.0,10,0,1990-07-15 00:00:00,constructor_standings_3517
7769,328,35,0.0,14,0,1990-07-15 00:00:00,constructor_standings_3518
7768,328,45,0.0,15,0,1990-07-15 00:00:00,constructor_standings_3519
7767,328,6,54.0,2,4,1990-07-15 00:00:00,constructor_standings_3520
7766,328,41,6.0,6,0,1990-07-15 00:00:00,constructor_standings_3521
7765,328,44,0.0,16,0,1990-07-15 00:00:00,constructor_standings_3522
7764,328,21,2.0,8,0,1990-07-15 00:00:00,constructor_standings_3523
7763,328,33,5.0,7,0,1990-07-15 00:00:00,constructor_standings_3524
7762,328,18,0.0,11,0,1990-07-15 00:00:00,constructor_standings_3525
7761,328,34,2.0,9,0,1990-07-15 00:00:00,constructor_standings_3526
7760,328,22,25.0,4,0,1990-07-15 00:00:00,constructor_standings_3527
7759,328,3,27.0,3,1,1990-07-15 00:00:00,constructor_standings_3528
7758,328,25,14.0,5,0,1990-07-15 00:00:00,constructor_standings_3529
7757,328,1,64.0,1,3,1990-07-15 00:00:00,constructor_standings_3530
7792,329,39,0.0,17,0,1990-07-29 00:00:00,constructor_standings_3531
7791,329,46,0.0,12,0,1990-07-29 00:00:00,constructor_standings_3532
7790,329,27,0.0,13,0,1990-07-29 00:00:00,constructor_standings_3533
7789,329,32,1.0,10,0,1990-07-29 00:00:00,constructor_standings_3534
7788,329,35,0.0,14,0,1990-07-29 00:00:00,constructor_standings_3535
7787,329,45,0.0,15,0,1990-07-29 00:00:00,constructor_standings_3536
7786,329,6,57.0,2,4,1990-07-29 00:00:00,constructor_standings_3537
7785,329,41,6.0,6,0,1990-07-29 00:00:00,constructor_standings_3538
7784,329,44,0.0,16,0,1990-07-29 00:00:00,constructor_standings_3539
7783,329,21,2.0,8,0,1990-07-29 00:00:00,constructor_standings_3540
7782,329,33,5.0,7,0,1990-07-29 00:00:00,constructor_standings_3541
7781,329,18,0.0,11,0,1990-07-29 00:00:00,constructor_standings_3542
7780,329,34,2.0,9,0,1990-07-29 00:00:00,constructor_standings_3543
7779,329,22,31.0,3,0,1990-07-29 00:00:00,constructor_standings_3544
7778,329,3,30.0,4,1,1990-07-29 00:00:00,constructor_standings_3545
7777,329,25,14.0,5,0,1990-07-29 00:00:00,constructor_standings_3546
7776,329,1,77.0,1,4,1990-07-29 00:00:00,constructor_standings_3547
7811,330,39,0.0,15,0,1990-08-12 00:00:00,constructor_standings_3548
7810,330,46,0.0,12,0,1990-08-12 00:00:00,constructor_standings_3549
7809,330,27,0.0,13,0,1990-08-12 00:00:00,constructor_standings_3550
7808,330,32,3.0,8,0,1990-08-12 00:00:00,constructor_standings_3551
7807,330,35,0.0,14,0,1990-08-12 00:00:00,constructor_standings_3552
7806,330,45,0.0,16,0,1990-08-12 00:00:00,constructor_standings_3553
7805,330,6,57.0,2,4,1990-08-12 00:00:00,constructor_standings_3554
7804,330,41,6.0,6,0,1990-08-12 00:00:00,constructor_standings_3555
7803,330,44,0.0,17,0,1990-08-12 00:00:00,constructor_standings_3556
7802,330,21,2.0,9,0,1990-08-12 00:00:00,constructor_standings_3557
7801,330,33,6.0,7,0,1990-08-12 00:00:00,constructor_standings_3558
7800,330,18,0.0,11,0,1990-08-12 00:00:00,constructor_standings_3559
7799,330,34,2.0,10,0,1990-08-12 00:00:00,constructor_standings_3560
7798,330,22,35.0,4,0,1990-08-12 00:00:00,constructor_standings_3561
7797,330,3,42.0,3,2,1990-08-12 00:00:00,constructor_standings_3562
7796,330,25,14.0,5,0,1990-08-12 00:00:00,constructor_standings_3563
7795,330,1,83.0,1,4,1990-08-12 00:00:00,constructor_standings_3564
7830,331,39,0.0,16,0,1990-08-26 00:00:00,constructor_standings_3565
7829,331,46,0.0,12,0,1990-08-26 00:00:00,constructor_standings_3566
7828,331,27,0.0,13,0,1990-08-26 00:00:00,constructor_standings_3567
7827,331,32,3.0,8,0,1990-08-26 00:00:00,constructor_standings_3568
7826,331,35,0.0,14,0,1990-08-26 00:00:00,constructor_standings_3569
7825,331,45,0.0,15,0,1990-08-26 00:00:00,constructor_standings_3570
7824,331,6,63.0,2,4,1990-08-26 00:00:00,constructor_standings_3571
7823,331,41,7.0,6,0,1990-08-26 00:00:00,constructor_standings_3572
7822,331,44,0.0,17,0,1990-08-26 00:00:00,constructor_standings_3573
7821,331,21,2.0,9,0,1990-08-26 00:00:00,constructor_standings_3574
7820,331,33,6.0,7,0,1990-08-26 00:00:00,constructor_standings_3575
7819,331,18,0.0,11,0,1990-08-26 00:00:00,constructor_standings_3576
7818,331,34,2.0,10,0,1990-08-26 00:00:00,constructor_standings_3577
7817,331,22,40.0,4,0,1990-08-26 00:00:00,constructor_standings_3578
7816,331,3,42.0,3,2,1990-08-26 00:00:00,constructor_standings_3579
7815,331,25,14.0,5,0,1990-08-26 00:00:00,constructor_standings_3580
7814,331,1,96.0,1,5,1990-08-26 00:00:00,constructor_standings_3581
7849,332,39,0.0,16,0,1990-09-09 00:00:00,constructor_standings_3582
7848,332,46,0.0,12,0,1990-09-09 00:00:00,constructor_standings_3583
7847,332,27,0.0,13,0,1990-09-09 00:00:00,constructor_standings_3584
7846,332,32,3.0,8,0,1990-09-09 00:00:00,constructor_standings_3585
7845,332,35,0.0,14,0,1990-09-09 00:00:00,constructor_standings_3586
7844,332,45,0.0,15,0,1990-09-09 00:00:00,constructor_standings_3587
7843,332,6,72.0,2,4,1990-09-09 00:00:00,constructor_standings_3588
7842,332,41,7.0,6,0,1990-09-09 00:00:00,constructor_standings_3589
7841,332,44,0.0,17,0,1990-09-09 00:00:00,constructor_standings_3590
7840,332,21,2.0,9,0,1990-09-09 00:00:00,constructor_standings_3591
7839,332,33,6.0,7,0,1990-09-09 00:00:00,constructor_standings_3592
7838,332,18,0.0,11,0,1990-09-09 00:00:00,constructor_standings_3593
7837,332,34,2.0,10,0,1990-09-09 00:00:00,constructor_standings_3594
7836,332,22,40.0,4,0,1990-09-09 00:00:00,constructor_standings_3595
7835,332,3,44.0,3,2,1990-09-09 00:00:00,constructor_standings_3596
7834,332,25,15.0,5,0,1990-09-09 00:00:00,constructor_standings_3597
7833,332,1,109.0,1,6,1990-09-09 00:00:00,constructor_standings_3598
7868,333,39,0.0,16,0,1990-09-23 00:00:00,constructor_standings_3599
7867,333,46,0.0,12,0,1990-09-23 00:00:00,constructor_standings_3600
7866,333,27,0.0,13,0,1990-09-23 00:00:00,constructor_standings_3601
7865,333,32,3.0,8,0,1990-09-23 00:00:00,constructor_standings_3602
7864,333,35,0.0,14,0,1990-09-23 00:00:00,constructor_standings_3603
7863,333,45,0.0,15,0,1990-09-23 00:00:00,constructor_standings_3604
7862,333,6,85.0,2,5,1990-09-23 00:00:00,constructor_standings_3605
7861,333,41,7.0,6,0,1990-09-23 00:00:00,constructor_standings_3606
7860,333,44,0.0,17,0,1990-09-23 00:00:00,constructor_standings_3607
7859,333,21,2.0,9,0,1990-09-23 00:00:00,constructor_standings_3608
7858,333,33,6.0,7,0,1990-09-23 00:00:00,constructor_standings_3609
7857,333,18,0.0,11,0,1990-09-23 00:00:00,constructor_standings_3610
7856,333,34,2.0,10,0,1990-09-23 00:00:00,constructor_standings_3611
7855,333,22,43.0,4,0,1990-09-23 00:00:00,constructor_standings_3612
7854,333,3,44.0,3,2,1990-09-23 00:00:00,constructor_standings_3613
7853,333,25,15.0,5,0,1990-09-23 00:00:00,constructor_standings_3614
7852,333,1,118.0,1,6,1990-09-23 00:00:00,constructor_standings_3615
7887,334,39,0.0,14,0,1990-09-30 00:00:00,constructor_standings_3616
7886,334,46,0.0,13,0,1990-09-30 00:00:00,constructor_standings_3617
7885,334,27,0.0,11,0,1990-09-30 00:00:00,constructor_standings_3618
7884,334,32,3.0,8,0,1990-09-30 00:00:00,constructor_standings_3619
7883,334,35,0.0,15,0,1990-09-30 00:00:00,constructor_standings_3620
7882,334,45,0.0,16,0,1990-09-30 00:00:00,constructor_standings_3621
7881,334,6,100.0,2,6,1990-09-30 00:00:00,constructor_standings_3622
7880,334,41,7.0,6,0,1990-09-30 00:00:00,constructor_standings_3623
7879,334,44,0.0,17,0,1990-09-30 00:00:00,constructor_standings_3624
7878,334,21,2.0,9,0,1990-09-30 00:00:00,constructor_standings_3625
7877,334,33,7.0,7,0,1990-09-30 00:00:00,constructor_standings_3626
7876,334,18,0.0,12,0,1990-09-30 00:00:00,constructor_standings_3627
7875,334,34,2.0,10,0,1990-09-30 00:00:00,constructor_standings_3628
7874,334,22,47.0,4,0,1990-09-30 00:00:00,constructor_standings_3629
7873,334,3,49.0,3,2,1990-09-30 00:00:00,constructor_standings_3630
7872,334,25,15.0,5,0,1990-09-30 00:00:00,constructor_standings_3631
7871,334,1,118.0,1,6,1990-09-30 00:00:00,constructor_standings_3632
7906,335,39,0.0,14,0,1990-10-21 00:00:00,constructor_standings_3633
7905,335,46,0.0,13,0,1990-10-21 00:00:00,constructor_standings_3634
7904,335,27,0.0,11,0,1990-10-21 00:00:00,constructor_standings_3635
7903,335,32,3.0,8,0,1990-10-21 00:00:00,constructor_standings_3636
7902,335,35,0.0,15,0,1990-10-21 00:00:00,constructor_standings_3637
7901,335,45,0.0,16,0,1990-10-21 00:00:00,constructor_standings_3638
7900,335,6,100.0,2,6,1990-10-21 00:00:00,constructor_standings_3639
7899,335,41,7.0,7,0,1990-10-21 00:00:00,constructor_standings_3640
7898,335,44,0.0,17,0,1990-10-21 00:00:00,constructor_standings_3641
7897,335,21,2.0,9,0,1990-10-21 00:00:00,constructor_standings_3642
7896,335,33,11.0,6,0,1990-10-21 00:00:00,constructor_standings_3643
7895,335,18,0.0,12,0,1990-10-21 00:00:00,constructor_standings_3644
7894,335,34,2.0,10,0,1990-10-21 00:00:00,constructor_standings_3645
7893,335,22,62.0,3,1,1990-10-21 00:00:00,constructor_standings_3646
7892,335,3,54.0,4,2,1990-10-21 00:00:00,constructor_standings_3647
7891,335,25,16.0,5,0,1990-10-21 00:00:00,constructor_standings_3648
7890,335,1,118.0,1,6,1990-10-21 00:00:00,constructor_standings_3649
7925,336,39,0.0,14,0,1990-11-04 00:00:00,constructor_standings_3650
7924,336,46,0.0,13,0,1990-11-04 00:00:00,constructor_standings_3651
7923,336,27,0.0,11,0,1990-11-04 00:00:00,constructor_standings_3652
7922,336,32,3.0,8,0,1990-11-04 00:00:00,constructor_standings_3653
7921,336,35,0.0,15,0,1990-11-04 00:00:00,constructor_standings_3654
7920,336,45,0.0,16,0,1990-11-04 00:00:00,constructor_standings_3655
7919,336,6,110.0,2,6,1990-11-04 00:00:00,constructor_standings_3656
7918,336,41,7.0,7,0,1990-11-04 00:00:00,constructor_standings_3657
7917,336,44,0.0,17,0,1990-11-04 00:00:00,constructor_standings_3658
7916,336,21,2.0,9,0,1990-11-04 00:00:00,constructor_standings_3659
7915,336,33,11.0,6,0,1990-11-04 00:00:00,constructor_standings_3660
7914,336,18,0.0,12,0,1990-11-04 00:00:00,constructor_standings_3661
7913,336,34,2.0,10,0,1990-11-04 00:00:00,constructor_standings_3662
7912,336,22,71.0,3,2,1990-11-04 00:00:00,constructor_standings_3663
7911,336,3,57.0,4,2,1990-11-04 00:00:00,constructor_standings_3664
7910,336,25,16.0,5,0,1990-11-04 00:00:00,constructor_standings_3665
7909,336,1,121.0,1,6,1990-11-04 00:00:00,constructor_standings_3666
4046,1,6,0.0,9,0,2009-03-29 06:00:00,constructor_standings_3667
4044,1,2,0.0,7,0,2009-03-29 06:00:00,constructor_standings_3668
4045,1,9,0.0,8,0,2009-03-29 06:00:00,constructor_standings_3669
4043,1,10,0.0,6,0,2009-03-29 06:00:00,constructor_standings_3670
4042,1,5,3.0,5,0,2009-03-29 06:00:00,constructor_standings_3671
4041,1,3,3.0,4,0,2009-03-29 06:00:00,constructor_standings_3672
4040,1,4,4.0,3,0,2009-03-29 06:00:00,constructor_standings_3673
4039,1,7,11.0,2,0,2009-03-29 06:00:00,constructor_standings_3674
4038,1,23,18.0,1,1,2009-03-29 06:00:00,constructor_standings_3675
8541,2,6,0.0,10,0,2009-04-05 09:00:00,constructor_standings_3676
8540,2,9,1.5,7,0,2009-04-05 09:00:00,constructor_standings_3677
8539,2,2,4.0,3,0,2009-04-05 09:00:00,constructor_standings_3678
8538,2,10,0.0,9,0,2009-04-05 09:00:00,constructor_standings_3679
8537,2,5,3.0,6,0,2009-04-05 09:00:00,constructor_standings_3680
8536,2,3,3.5,5,0,2009-04-05 09:00:00,constructor_standings_3681
8535,2,4,4.0,4,0,2009-04-05 09:00:00,constructor_standings_3682
8534,2,7,16.5,2,0,2009-04-05 09:00:00,constructor_standings_3683
8533,2,1,1.0,8,0,2009-04-05 09:00:00,constructor_standings_3684
8532,2,23,25.0,1,2,2009-04-05 09:00:00,constructor_standings_3685
25734,36,1,14.0,11,0,2007-03-18 03:00:00,constructor_standings_3686
25745,37,1,32.0,11,1,2007-04-08 07:00:00,constructor_standings_3687
25744,37,6,23.0,1,1,2007-04-08 07:00:00,constructor_standings_3688
25766,39,6,49.0,1,3,2007-05-13 12:00:00,constructor_standings_3689
25777,40,6,56.0,1,3,2007-05-27 12:00:00,constructor_standings_3690
25788,41,6,60.0,1,3,2007-06-10 17:00:00,constructor_standings_3691
25799,42,6,71.0,1,3,2007-06-17 17:00:00,constructor_standings_3692
25810,43,6,89.0,1,4,2007-07-01 12:00:00,constructor_standings_3693
25821,44,6,103.0,1,5,2007-07-08 12:00:00,constructor_standings_3694
25832,45,6,111.0,1,5,2007-07-22 12:00:00,constructor_standings_3695
25843,46,6,119.0,1,5,2007-08-05 12:00:00,constructor_standings_3696
25854,47,6,137.0,1,6,2007-08-26 12:00:00,constructor_standings_3697
25865,48,6,143.0,1,6,2007-09-09 12:00:00,constructor_standings_3698
25876,49,6,161.0,1,7,2007-09-16 12:00:00,constructor_standings_3699
25887,50,6,170.0,1,7,2007-09-30 04:30:00,constructor_standings_3700
25898,51,6,186.0,1,8,2007-10-07 06:00:00,constructor_standings_3701
25909,52,6,204.0,1,9,2007-10-21 16:00:00,constructor_standings_3702
7634,321,6,0.0,11,0,1990-03-11 00:00:00,constructor_standings_3703
7635,321,45,0.0,12,0,1990-03-11 00:00:00,constructor_standings_3704
7636,321,35,0.0,13,0,1990-03-11 00:00:00,constructor_standings_3705
7637,321,32,0.0,14,0,1990-03-11 00:00:00,constructor_standings_3706
7638,321,27,0.0,15,0,1990-03-11 00:00:00,constructor_standings_3707
7639,321,46,0.0,16,0,1990-03-11 00:00:00,constructor_standings_3708
7640,321,39,0.0,17,0,1990-03-11 00:00:00,constructor_standings_3709
7641,321,47,0.0,18,0,1990-03-11 00:00:00,constructor_standings_3710
7642,321,42,0.0,19,0,1990-03-11 00:00:00,constructor_standings_3711
7656,322,32,0.0,14,0,1990-03-25 00:00:00,constructor_standings_3712
7657,322,27,0.0,10,0,1990-03-25 00:00:00,constructor_standings_3713
7658,322,46,0.0,17,0,1990-03-25 00:00:00,constructor_standings_3714
7659,322,39,0.0,15,0,1990-03-25 00:00:00,constructor_standings_3715
7660,322,47,0.0,19,0,1990-03-25 00:00:00,constructor_standings_3716
7661,322,42,0.0,18,0,1990-03-25 00:00:00,constructor_standings_3717
7677,323,46,0.0,12,0,1990-05-13 00:00:00,constructor_standings_3718
7678,323,39,0.0,17,0,1990-05-13 00:00:00,constructor_standings_3719
7679,323,47,0.0,19,0,1990-05-13 00:00:00,constructor_standings_3720
7680,323,42,0.0,18,0,1990-05-13 00:00:00,constructor_standings_3721
7696,324,46,0.0,11,0,1990-05-27 00:00:00,constructor_standings_3722
7697,324,39,0.0,17,0,1990-05-27 00:00:00,constructor_standings_3723
7698,324,47,0.0,19,0,1990-05-27 00:00:00,constructor_standings_3724
7699,324,42,0.0,18,0,1990-05-27 00:00:00,constructor_standings_3725
7716,325,39,0.0,17,0,1990-06-10 00:00:00,constructor_standings_3726
7717,325,47,0.0,19,0,1990-06-10 00:00:00,constructor_standings_3727
7718,325,42,0.0,18,0,1990-06-10 00:00:00,constructor_standings_3728
7735,326,39,0.0,17,0,1990-06-24 00:00:00,constructor_standings_3729
7736,326,47,0.0,19,0,1990-06-24 00:00:00,constructor_standings_3730
7737,326,42,0.0,18,0,1990-06-24 00:00:00,constructor_standings_3731
7755,327,47,0.0,19,0,1990-07-08 00:00:00,constructor_standings_3732
7756,327,42,0.0,18,0,1990-07-08 00:00:00,constructor_standings_3733
7774,328,47,0.0,19,0,1990-07-15 00:00:00,constructor_standings_3734
7775,328,42,0.0,18,0,1990-07-15 00:00:00,constructor_standings_3735
7793,329,47,0.0,19,0,1990-07-29 00:00:00,constructor_standings_3736
7794,329,42,0.0,18,0,1990-07-29 00:00:00,constructor_standings_3737
7812,330,47,0.0,19,0,1990-08-12 00:00:00,constructor_standings_3738
7813,330,42,0.0,18,0,1990-08-12 00:00:00,constructor_standings_3739
7831,331,47,0.0,19,0,1990-08-26 00:00:00,constructor_standings_3740
7832,331,42,0.0,18,0,1990-08-26 00:00:00,constructor_standings_3741
7850,332,47,0.0,19,0,1990-09-09 00:00:00,constructor_standings_3742
7851,332,42,0.0,18,0,1990-09-09 00:00:00,constructor_standings_3743
7869,333,47,0.0,19,0,1990-09-23 00:00:00,constructor_standings_3744
7870,333,42,0.0,18,0,1990-09-23 00:00:00,constructor_standings_3745
7888,334,47,0.0,19,0,1990-09-30 00:00:00,constructor_standings_3746
7889,334,42,0.0,18,0,1990-09-30 00:00:00,constructor_standings_3747
7907,335,47,0.0,19,0,1990-10-21 00:00:00,constructor_standings_3748
7908,335,42,0.0,18,0,1990-10-21 00:00:00,constructor_standings_3749
7926,336,47,0.0,19,0,1990-11-04 00:00:00,constructor_standings_3750
7927,336,42,0.0,18,0,1990-11-04 00:00:00,constructor_standings_3751
8237,305,18,0.0,8,0,1991-03-10 00:00:00,constructor_standings_3752
8236,305,39,0.0,7,0,1991-03-10 00:00:00,constructor_standings_3753
8235,305,40,0.0,6,0,1991-03-10 00:00:00,constructor_standings_3754
8234,305,33,1.0,5,0,1991-03-10 00:00:00,constructor_standings_3755
8233,305,25,5.0,3,0,1991-03-10 00:00:00,constructor_standings_3756
8232,305,22,4.0,4,0,1991-03-10 00:00:00,constructor_standings_3757
8231,305,6,6.0,2,0,1991-03-10 00:00:00,constructor_standings_3758
8230,305,1,10.0,1,1,1991-03-10 00:00:00,constructor_standings_3759
8251,306,25,5.0,5,0,1991-03-24 00:00:00,constructor_standings_3760
8250,306,22,6.0,4,0,1991-03-24 00:00:00,constructor_standings_3761
8249,306,6,10.0,2,0,1991-03-24 00:00:00,constructor_standings_3762
8248,306,1,24.0,1,2,1991-03-24 00:00:00,constructor_standings_3763
8269,307,25,5.0,5,0,1991-04-28 00:00:00,constructor_standings_3764
8268,307,22,6.0,4,0,1991-04-28 00:00:00,constructor_standings_3765
8267,307,6,10.0,2,0,1991-04-28 00:00:00,constructor_standings_3766
8266,307,1,40.0,1,3,1991-04-28 00:00:00,constructor_standings_3767
8287,308,22,9.0,4,0,1991-05-12 00:00:00,constructor_standings_3768
8286,308,6,16.0,2,0,1991-05-12 00:00:00,constructor_standings_3769
8285,308,1,50.0,1,4,1991-05-12 00:00:00,constructor_standings_3770
8306,309,22,19.0,2,1,1991-06-02 00:00:00,constructor_standings_3771
8305,309,6,16.0,4,0,1991-06-02 00:00:00,constructor_standings_3772
8304,309,1,50.0,1,4,1991-06-02 00:00:00,constructor_standings_3773
8325,310,22,21.0,3,1,1991-06-16 00:00:00,constructor_standings_3774
8323,310,1,54.0,1,4,1991-06-16 00:00:00,constructor_standings_3775
8324,310,6,16.0,4,0,1991-06-16 00:00:00,constructor_standings_3776
8344,311,22,21.0,4,1,1991-07-07 00:00:00,constructor_standings_3777
8342,311,1,58.0,1,4,1991-07-07 00:00:00,constructor_standings_3778
8343,311,6,25.0,3,0,1991-07-07 00:00:00,constructor_standings_3779
8363,312,22,23.0,4,1,1991-07-14 00:00:00,constructor_standings_3780
8361,312,1,67.0,1,4,1991-07-14 00:00:00,constructor_standings_3781
8362,312,6,29.0,3,0,1991-07-14 00:00:00,constructor_standings_3782
8382,313,22,23.0,4,1,1991-07-28 00:00:00,constructor_standings_3783
8380,313,1,70.0,2,4,1991-07-28 00:00:00,constructor_standings_3784
8381,313,6,33.0,3,0,1991-07-28 00:00:00,constructor_standings_3785
8401,314,22,23.0,4,1,1991-08-11 00:00:00,constructor_standings_3786
8399,314,1,83.0,1,5,1991-08-11 00:00:00,constructor_standings_3787
8400,314,6,35.0,3,0,1991-08-11 00:00:00,constructor_standings_3788
8419,315,6,35.0,3,0,1991-08-25 00:00:00,constructor_standings_3789
8418,315,1,99.0,1,6,1991-08-25 00:00:00,constructor_standings_3790
8438,316,6,39.0,3,0,1991-09-08 00:00:00,constructor_standings_3791
8437,316,1,108.0,1,6,1991-09-08 00:00:00,constructor_standings_3792
8456,317,1,114.0,1,6,1991-09-22 00:00:00,constructor_standings_3793
8475,318,1,116.0,2,6,1991-09-29 00:00:00,constructor_standings_3794
8494,319,1,132.0,1,7,1991-10-20 00:00:00,constructor_standings_3795
8513,320,1,139.0,1,8,1991-11-03 00:00:00,constructor_standings_3796
8436,315,26,1.0,12,0,1991-08-25 00:00:00,constructor_standings_3797
8455,316,26,1.0,12,0,1991-09-08 00:00:00,constructor_standings_3798
8570,3,9,19.5,2,1,2009-04-19 07:00:00,constructor_standings_3799
8567,3,5,4.0,7,0,2009-04-19 07:00:00,constructor_standings_3800
8568,3,10,0.0,10,0,2009-04-19 07:00:00,constructor_standings_3801
8571,3,6,0.0,9,0,2009-04-19 07:00:00,constructor_standings_3802
8569,3,2,4.0,5,0,2009-04-19 07:00:00,constructor_standings_3803
8566,3,3,3.5,8,0,2009-04-19 07:00:00,constructor_standings_3804
8565,3,4,4.0,6,0,2009-04-19 07:00:00,constructor_standings_3805
8564,3,7,18.5,3,0,2009-04-19 07:00:00,constructor_standings_3806
8563,3,1,8.0,4,0,2009-04-19 07:00:00,constructor_standings_3807
8562,3,23,36.0,1,2,2009-04-19 07:00:00,constructor_standings_3808
8590,4,9,27.5,2,1,2009-04-26 12:00:00,constructor_standings_3809
8589,4,2,4.0,6,0,2009-04-26 12:00:00,constructor_standings_3810
8588,4,10,0.0,10,0,2009-04-26 12:00:00,constructor_standings_3811
8587,4,5,4.0,7,0,2009-04-26 12:00:00,constructor_standings_3812
8585,4,4,5.0,5,0,2009-04-26 12:00:00,constructor_standings_3813
8583,4,1,13.0,4,0,2009-04-26 12:00:00,constructor_standings_3814
8584,4,7,26.5,3,0,2009-04-26 12:00:00,constructor_standings_3815
8591,4,6,3.0,9,0,2009-04-26 12:00:00,constructor_standings_3816
8586,4,3,3.5,8,0,2009-04-26 12:00:00,constructor_standings_3817
8582,4,23,50.0,1,3,2009-04-26 12:00:00,constructor_standings_3818
8592,5,23,68.0,1,4,2009-05-10 12:00:00,constructor_standings_3819
8593,5,1,13.0,4,0,2009-05-10 12:00:00,constructor_standings_3820
8594,5,7,26.5,3,0,2009-05-10 12:00:00,constructor_standings_3821
8595,5,4,9.0,5,0,2009-05-10 12:00:00,constructor_standings_3822
8596,5,3,4.5,8,0,2009-05-10 12:00:00,constructor_standings_3823
8597,5,5,4.0,9,0,2009-05-10 12:00:00,constructor_standings_3824
8598,5,10,0.0,10,0,2009-05-10 12:00:00,constructor_standings_3825
8599,5,2,6.0,6,0,2009-05-10 12:00:00,constructor_standings_3826
8600,5,9,38.5,2,1,2009-05-10 12:00:00,constructor_standings_3827
8601,5,6,6.0,7,0,2009-05-10 12:00:00,constructor_standings_3828
8678,6,10,0.0,10,0,2009-05-24 12:00:00,constructor_standings_3829
8679,6,2,6.0,8,0,2009-05-24 12:00:00,constructor_standings_3830
8674,6,7,26.5,3,0,2009-05-24 12:00:00,constructor_standings_3831
8681,6,6,17.0,4,0,2009-05-24 12:00:00,constructor_standings_3832
8680,6,9,42.5,2,1,2009-05-24 12:00:00,constructor_standings_3833
8677,6,5,5.0,9,0,2009-05-24 12:00:00,constructor_standings_3834
8676,6,3,7.5,7,0,2009-05-24 12:00:00,constructor_standings_3835
8675,6,4,11.0,6,0,2009-05-24 12:00:00,constructor_standings_3836
8673,6,1,13.0,5,0,2009-05-24 12:00:00,constructor_standings_3837
8672,6,23,86.0,1,5,2009-05-24 12:00:00,constructor_standings_3838
8651,7,6,20.0,4,0,2009-06-07 12:00:00,constructor_standings_3839
8649,7,2,8.0,8,0,2009-06-07 12:00:00,constructor_standings_3840
8647,7,5,5.0,9,0,2009-06-07 12:00:00,constructor_standings_3841
8645,7,4,11.0,7,0,2009-06-07 12:00:00,constructor_standings_3842
8643,7,1,13.0,5,0,2009-06-07 12:00:00,constructor_standings_3843
8644,7,7,32.5,3,0,2009-06-07 12:00:00,constructor_standings_3844
8642,7,23,96.0,1,6,2009-06-07 12:00:00,constructor_standings_3845
8650,7,9,56.5,2,1,2009-06-07 12:00:00,constructor_standings_3846
8646,7,3,11.5,6,0,2009-06-07 12:00:00,constructor_standings_3847
8648,7,10,0.0,10,0,2009-06-07 12:00:00,constructor_standings_3848
8671,8,6,26.0,4,0,2009-06-21 12:00:00,constructor_standings_3849
8669,8,2,8.0,8,0,2009-06-21 12:00:00,constructor_standings_3850
8667,8,5,5.0,9,0,2009-06-21 12:00:00,constructor_standings_3851
8665,8,4,11.0,7,0,2009-06-21 12:00:00,constructor_standings_3852
8663,8,1,13.0,6,0,2009-06-21 12:00:00,constructor_standings_3853
8664,8,7,34.5,3,0,2009-06-21 12:00:00,constructor_standings_3854
8662,8,23,105.0,1,6,2009-06-21 12:00:00,constructor_standings_3855
8670,8,9,74.5,2,2,2009-06-21 12:00:00,constructor_standings_3856
8666,8,3,15.5,5,0,2009-06-21 12:00:00,constructor_standings_3857
8668,8,10,0.0,10,0,2009-06-21 12:00:00,constructor_standings_3858
8682,9,23,112.0,1,6,2009-07-12 12:00:00,constructor_standings_3859
8683,9,1,14.0,6,0,2009-07-12 12:00:00,constructor_standings_3860
8684,9,7,34.5,3,0,2009-07-12 12:00:00,constructor_standings_3861
8685,9,4,13.0,7,0,2009-07-12 12:00:00,constructor_standings_3862
8686,9,3,20.5,5,0,2009-07-12 12:00:00,constructor_standings_3863
8687,9,5,5.0,9,0,2009-07-12 12:00:00,constructor_standings_3864
8688,9,10,0.0,10,0,2009-07-12 12:00:00,constructor_standings_3865
8689,9,2,8.0,8,0,2009-07-12 12:00:00,constructor_standings_3866
8690,9,9,92.5,2,3,2009-07-12 12:00:00,constructor_standings_3867
8691,9,6,32.0,4,0,2009-07-12 12:00:00,constructor_standings_3868
8692,10,23,114.0,1,6,2009-07-26 12:00:00,constructor_standings_3869
8693,10,1,28.0,5,1,2009-07-26 12:00:00,constructor_standings_3870
8694,10,7,38.5,4,0,2009-07-26 12:00:00,constructor_standings_3871
8695,10,4,13.0,7,0,2009-07-26 12:00:00,constructor_standings_3872
8696,10,3,25.5,6,0,2009-07-26 12:00:00,constructor_standings_3873
8697,10,5,5.0,9,0,2009-07-26 12:00:00,constructor_standings_3874
8698,10,10,0.0,10,0,2009-07-26 12:00:00,constructor_standings_3875
8699,10,2,8.0,8,0,2009-07-26 12:00:00,constructor_standings_3876
8700,10,9,98.5,2,3,2009-07-26 12:00:00,constructor_standings_3877
8701,10,6,40.0,3,0,2009-07-26 12:00:00,constructor_standings_3878
8702,11,23,126.0,1,7,2009-08-23 12:00:00,constructor_standings_3879
8703,11,1,41.0,4,1,2009-08-23 12:00:00,constructor_standings_3880
8704,11,7,38.5,5,0,2009-08-23 12:00:00,constructor_standings_3881
8705,11,4,16.0,7,0,2009-08-23 12:00:00,constructor_standings_3882
8706,11,3,29.5,6,0,2009-08-23 12:00:00,constructor_standings_3883
8707,11,5,5.0,9,0,2009-08-23 12:00:00,constructor_standings_3884
8708,11,10,0.0,10,0,2009-08-23 12:00:00,constructor_standings_3885
8709,11,2,9.0,8,0,2009-08-23 12:00:00,constructor_standings_3886
8710,11,9,98.5,2,3,2009-08-23 12:00:00,constructor_standings_3887
8711,11,6,46.0,3,0,2009-08-23 12:00:00,constructor_standings_3888
8712,12,23,128.0,1,7,2009-08-30 12:00:00,constructor_standings_3889
8713,12,1,44.0,4,1,2009-08-30 12:00:00,constructor_standings_3890
8714,12,7,38.5,5,0,2009-08-30 12:00:00,constructor_standings_3891
8715,12,4,16.0,8,0,2009-08-30 12:00:00,constructor_standings_3892
8716,12,3,30.5,6,0,2009-08-30 12:00:00,constructor_standings_3893
8717,12,5,5.0,10,0,2009-08-30 12:00:00,constructor_standings_3894
8718,12,10,8.0,9,0,2009-08-30 12:00:00,constructor_standings_3895
8719,12,2,18.0,7,0,2009-08-30 12:00:00,constructor_standings_3896
8720,12,9,104.5,2,3,2009-08-30 12:00:00,constructor_standings_3897
8721,12,6,56.0,3,1,2009-08-30 12:00:00,constructor_standings_3898
8722,13,23,146.0,1,8,2009-09-13 12:00:00,constructor_standings_3899
8723,13,1,47.0,4,1,2009-09-13 12:00:00,constructor_standings_3900
8724,13,7,38.5,5,0,2009-09-13 12:00:00,constructor_standings_3901
8725,13,4,20.0,8,0,2009-09-13 12:00:00,constructor_standings_3902
8726,13,3,30.5,6,0,2009-09-13 12:00:00,constructor_standings_3903
8727,13,5,5.0,10,0,2009-09-13 12:00:00,constructor_standings_3904
8728,13,10,13.0,9,0,2009-09-13 12:00:00,constructor_standings_3905
8729,13,2,20.0,7,0,2009-09-13 12:00:00,constructor_standings_3906
8730,13,9,105.5,2,3,2009-09-13 12:00:00,constructor_standings_3907
8731,13,6,62.0,3,1,2009-09-13 12:00:00,constructor_standings_3908
8732,14,23,153.0,1,8,2009-09-27 12:00:00,constructor_standings_3909
8733,14,1,59.0,4,2,2009-09-27 12:00:00,constructor_standings_3910
8734,14,7,46.5,5,0,2009-09-27 12:00:00,constructor_standings_3911
8735,14,4,26.0,7,0,2009-09-27 12:00:00,constructor_standings_3912
8736,14,3,30.5,6,0,2009-09-27 12:00:00,constructor_standings_3913
8737,14,5,5.0,10,0,2009-09-27 12:00:00,constructor_standings_3914
8738,14,10,13.0,9,0,2009-09-27 12:00:00,constructor_standings_3915
8739,14,2,21.0,8,0,2009-09-27 12:00:00,constructor_standings_3916
8740,14,9,110.5,2,3,2009-09-27 12:00:00,constructor_standings_3917
8741,14,6,62.0,3,1,2009-09-27 12:00:00,constructor_standings_3918
8761,15,6,67.0,3,1,2009-10-04 05:00:00,constructor_standings_3919
8760,15,9,120.5,2,4,2009-10-04 05:00:00,constructor_standings_3920
8758,15,10,13.0,9,0,2009-10-04 05:00:00,constructor_standings_3921
8757,15,5,5.0,10,0,2009-10-04 05:00:00,constructor_standings_3922
8756,15,3,34.5,6,0,2009-10-04 05:00:00,constructor_standings_3923
8753,15,1,65.0,4,2,2009-10-04 05:00:00,constructor_standings_3924
8754,15,7,54.5,5,0,2009-10-04 05:00:00,constructor_standings_3925
8752,15,23,156.0,1,8,2009-10-04 05:00:00,constructor_standings_3926
8759,15,2,24.0,8,0,2009-10-04 05:00:00,constructor_standings_3927
8755,15,4,26.0,7,0,2009-10-04 05:00:00,constructor_standings_3928
8762,16,23,161.0,1,8,2009-10-18 16:00:00,constructor_standings_3929
8763,16,1,71.0,3,2,2009-10-18 16:00:00,constructor_standings_3930
8764,16,7,54.5,5,0,2009-10-18 16:00:00,constructor_standings_3931
8765,16,4,26.0,8,0,2009-10-18 16:00:00,constructor_standings_3932
8766,16,3,34.5,6,0,2009-10-18 16:00:00,constructor_standings_3933
8767,16,5,7.0,10,0,2009-10-18 16:00:00,constructor_standings_3934
8768,16,10,13.0,9,0,2009-10-18 16:00:00,constructor_standings_3935
8769,16,2,32.0,7,0,2009-10-18 16:00:00,constructor_standings_3936
8770,16,9,135.5,2,5,2009-10-18 16:00:00,constructor_standings_3937
8771,16,6,70.0,4,1,2009-10-18 16:00:00,constructor_standings_3938
8772,356,6,9.0,1,1,1989-03-26 00:00:00,constructor_standings_3939
8773,356,1,6.0,2,0,1989-03-26 00:00:00,constructor_standings_3940
8774,356,37,4.0,3,0,1989-03-26 00:00:00,constructor_standings_3941
8775,356,22,4.0,4,0,1989-03-26 00:00:00,constructor_standings_3942
8776,356,21,2.0,5,0,1989-03-26 00:00:00,constructor_standings_3943
8777,356,25,0.0,6,0,1989-03-26 00:00:00,constructor_standings_3944
8778,356,32,0.0,7,0,1989-03-26 00:00:00,constructor_standings_3945
8779,356,27,0.0,8,0,1989-03-26 00:00:00,constructor_standings_3946
8780,356,33,0.0,9,0,1989-03-26 00:00:00,constructor_standings_3947
8781,356,35,0.0,10,0,1989-03-26 00:00:00,constructor_standings_3948
8782,356,48,0.0,11,0,1989-03-26 00:00:00,constructor_standings_3949
8783,356,3,0.0,12,0,1989-03-26 00:00:00,constructor_standings_3950
8784,356,49,0.0,13,0,1989-03-26 00:00:00,constructor_standings_3951
8785,356,34,0.0,14,0,1989-03-26 00:00:00,constructor_standings_3952
8786,356,45,0.0,18,0,1989-03-26 00:00:00,constructor_standings_3953
8787,356,18,0.0,15,0,1989-03-26 00:00:00,constructor_standings_3954
8788,356,44,0.0,16,0,1989-03-26 00:00:00,constructor_standings_3955
8789,356,42,0.0,17,0,1989-03-26 00:00:00,constructor_standings_3956
8790,356,39,0.0,19,0,1989-03-26 00:00:00,constructor_standings_3957
8791,356,46,0.0,20,0,1989-03-26 00:00:00,constructor_standings_3958
8792,357,6,9.0,2,1,1989-04-23 00:00:00,constructor_standings_3959
8793,357,1,21.0,1,1,1989-04-23 00:00:00,constructor_standings_3960
8794,357,37,4.0,4,0,1989-04-23 00:00:00,constructor_standings_3961
8795,357,22,8.0,3,0,1989-04-23 00:00:00,constructor_standings_3962
8796,357,21,4.0,5,0,1989-04-23 00:00:00,constructor_standings_3963
8797,357,25,1.0,7,0,1989-04-23 00:00:00,constructor_standings_3964
8798,357,32,0.0,9,0,1989-04-23 00:00:00,constructor_standings_3965
8799,357,27,0.0,11,0,1989-04-23 00:00:00,constructor_standings_3966
8800,357,33,0.0,12,0,1989-04-23 00:00:00,constructor_standings_3967
8801,357,35,0.0,8,0,1989-04-23 00:00:00,constructor_standings_3968
8802,357,48,0.0,14,0,1989-04-23 00:00:00,constructor_standings_3969
8803,357,3,3.0,6,0,1989-04-23 00:00:00,constructor_standings_3970
8804,357,49,0.0,17,0,1989-04-23 00:00:00,constructor_standings_3971
8805,357,34,0.0,15,0,1989-04-23 00:00:00,constructor_standings_3972
8806,357,45,0.0,13,0,1989-04-23 00:00:00,constructor_standings_3973
8807,357,18,0.0,16,0,1989-04-23 00:00:00,constructor_standings_3974
8808,357,44,0.0,18,0,1989-04-23 00:00:00,constructor_standings_3975
8809,357,42,0.0,19,0,1989-04-23 00:00:00,constructor_standings_3976
8810,357,39,0.0,10,0,1989-04-23 00:00:00,constructor_standings_3977
8811,357,46,0.0,20,0,1989-04-23 00:00:00,constructor_standings_3978
8812,358,6,9.0,2,1,1989-05-07 00:00:00,constructor_standings_3979
8813,358,1,36.0,1,2,1989-05-07 00:00:00,constructor_standings_3980
8814,358,37,4.0,5,0,1989-05-07 00:00:00,constructor_standings_3981
8815,358,22,8.0,3,0,1989-05-07 00:00:00,constructor_standings_3982
8816,358,21,4.0,6,0,1989-05-07 00:00:00,constructor_standings_3983
8817,358,25,3.0,9,0,1989-05-07 00:00:00,constructor_standings_3984
8818,358,32,0.0,10,0,1989-05-07 00:00:00,constructor_standings_3985
8819,358,27,0.0,12,0,1989-05-07 00:00:00,constructor_standings_3986
8820,358,33,0.0,13,0,1989-05-07 00:00:00,constructor_standings_3987
8821,358,35,3.0,7,0,1989-05-07 00:00:00,constructor_standings_3988
8822,358,48,0.0,15,0,1989-05-07 00:00:00,constructor_standings_3989
8823,358,3,3.0,8,0,1989-05-07 00:00:00,constructor_standings_3990
8824,358,49,0.0,17,0,1989-05-07 00:00:00,constructor_standings_3991
8825,358,34,5.0,4,0,1989-05-07 00:00:00,constructor_standings_3992
8826,358,45,0.0,14,0,1989-05-07 00:00:00,constructor_standings_3993
8827,358,18,0.0,16,0,1989-05-07 00:00:00,constructor_standings_3994
8828,358,44,0.0,19,0,1989-05-07 00:00:00,constructor_standings_3995
8829,358,42,0.0,18,0,1989-05-07 00:00:00,constructor_standings_3996
8830,358,39,0.0,11,0,1989-05-07 00:00:00,constructor_standings_3997
8831,358,46,0.0,20,0,1989-05-07 00:00:00,constructor_standings_3998
8832,359,6,9.0,3,1,1989-05-28 00:00:00,constructor_standings_3999
8833,359,1,47.0,1,3,1989-05-28 00:00:00,constructor_standings_4000
8834,359,37,4.0,7,0,1989-05-28 00:00:00,constructor_standings_4001
8835,359,22,11.0,2,0,1989-05-28 00:00:00,constructor_standings_4002
8836,359,21,4.0,8,0,1989-05-28 00:00:00,constructor_standings_4003
8837,359,25,7.0,5,0,1989-05-28 00:00:00,constructor_standings_4004
8838,359,32,0.0,12,0,1989-05-28 00:00:00,constructor_standings_4005
8839,359,27,0.0,11,0,1989-05-28 00:00:00,constructor_standings_4006
8840,359,33,0.0,14,0,1989-05-28 00:00:00,constructor_standings_4007
8841,359,35,3.0,9,0,1989-05-28 00:00:00,constructor_standings_4008
8842,359,48,0.0,13,0,1989-05-28 00:00:00,constructor_standings_4009
8843,359,3,9.0,4,0,1989-05-28 00:00:00,constructor_standings_4010
8844,359,49,0.0,17,0,1989-05-28 00:00:00,constructor_standings_4011
8845,359,34,5.0,6,0,1989-05-28 00:00:00,constructor_standings_4012
8846,359,45,0.0,15,0,1989-05-28 00:00:00,constructor_standings_4013
8847,359,18,0.0,16,0,1989-05-28 00:00:00,constructor_standings_4014
8848,359,44,0.0,20,0,1989-05-28 00:00:00,constructor_standings_4015
8849,359,42,0.0,18,0,1989-05-28 00:00:00,constructor_standings_4016
8850,359,39,1.0,10,0,1989-05-28 00:00:00,constructor_standings_4017
8851,359,46,0.0,19,0,1989-05-28 00:00:00,constructor_standings_4018
8852,360,6,9.0,4,1,1989-06-04 00:00:00,constructor_standings_4019
8853,360,1,56.0,1,4,1989-06-04 00:00:00,constructor_standings_4020
8854,360,37,4.0,8,0,1989-06-04 00:00:00,constructor_standings_4021
8855,360,22,13.0,3,0,1989-06-04 00:00:00,constructor_standings_4022
8856,360,21,8.0,5,0,1989-06-04 00:00:00,constructor_standings_4023
8857,360,25,7.0,6,0,1989-06-04 00:00:00,constructor_standings_4024
8858,360,32,0.0,13,0,1989-06-04 00:00:00,constructor_standings_4025
8859,360,27,0.0,12,0,1989-06-04 00:00:00,constructor_standings_4026
8860,360,33,0.0,14,0,1989-06-04 00:00:00,constructor_standings_4027
8861,360,35,3.0,9,0,1989-06-04 00:00:00,constructor_standings_4028
8862,360,48,3.0,10,0,1989-06-04 00:00:00,constructor_standings_4029
8863,360,3,16.0,2,0,1989-06-04 00:00:00,constructor_standings_4030
8864,360,49,0.0,18,0,1989-06-04 00:00:00,constructor_standings_4031
8865,360,34,5.0,7,0,1989-06-04 00:00:00,constructor_standings_4032
8866,360,45,0.0,15,0,1989-06-04 00:00:00,constructor_standings_4033
8867,360,18,0.0,17,0,1989-06-04 00:00:00,constructor_standings_4034
8868,360,44,0.0,20,0,1989-06-04 00:00:00,constructor_standings_4035
8869,360,42,0.0,19,0,1989-06-04 00:00:00,constructor_standings_4036
8870,360,39,1.0,11,0,1989-06-04 00:00:00,constructor_standings_4037
8871,360,46,0.0,16,0,1989-06-04 00:00:00,constructor_standings_4038
8872,361,6,9.0,4,1,1989-06-18 00:00:00,constructor_standings_4039
8873,361,1,56.0,1,4,1989-06-18 00:00:00,constructor_standings_4040
8874,361,37,4.0,9,0,1989-06-18 00:00:00,constructor_standings_4041
8875,361,22,13.0,3,0,1989-06-18 00:00:00,constructor_standings_4042
8876,361,21,8.0,6,0,1989-06-18 00:00:00,constructor_standings_4043
8877,361,25,7.0,7,0,1989-06-18 00:00:00,constructor_standings_4044
8878,361,32,3.0,10,0,1989-06-18 00:00:00,constructor_standings_4045
8879,361,27,2.0,12,0,1989-06-18 00:00:00,constructor_standings_4046
8880,361,33,0.0,15,0,1989-06-18 00:00:00,constructor_standings_4047
8881,361,35,8.0,5,0,1989-06-18 00:00:00,constructor_standings_4048
8882,361,48,3.0,11,0,1989-06-18 00:00:00,constructor_standings_4049
8883,361,3,31.0,2,1,1989-06-18 00:00:00,constructor_standings_4050
8884,361,49,0.0,19,0,1989-06-18 00:00:00,constructor_standings_4051
8885,361,34,5.0,8,0,1989-06-18 00:00:00,constructor_standings_4052
8886,361,45,0.0,14,0,1989-06-18 00:00:00,constructor_standings_4053
8887,361,18,0.0,18,0,1989-06-18 00:00:00,constructor_standings_4054
8888,361,44,0.0,20,0,1989-06-18 00:00:00,constructor_standings_4055
8889,361,42,0.0,16,0,1989-06-18 00:00:00,constructor_standings_4056
8890,361,39,1.0,13,0,1989-06-18 00:00:00,constructor_standings_4057
8891,361,46,0.0,17,0,1989-06-18 00:00:00,constructor_standings_4058
8892,362,6,15.0,3,1,1989-07-09 00:00:00,constructor_standings_4059
8893,362,1,65.0,1,5,1989-07-09 00:00:00,constructor_standings_4060
8894,362,37,4.0,9,0,1989-07-09 00:00:00,constructor_standings_4061
8895,362,22,13.0,4,0,1989-07-09 00:00:00,constructor_standings_4062
8896,362,21,8.0,7,0,1989-07-09 00:00:00,constructor_standings_4063
8897,362,25,10.0,5,0,1989-07-09 00:00:00,constructor_standings_4064
8898,362,32,3.0,10,0,1989-07-09 00:00:00,constructor_standings_4065
8899,362,27,3.0,12,0,1989-07-09 00:00:00,constructor_standings_4066
8900,362,33,0.0,15,0,1989-07-09 00:00:00,constructor_standings_4067
8901,362,35,8.0,6,0,1989-07-09 00:00:00,constructor_standings_4068
8902,362,48,3.0,11,0,1989-07-09 00:00:00,constructor_standings_4069
8903,362,3,35.0,2,1,1989-07-09 00:00:00,constructor_standings_4070
8904,362,49,0.0,19,0,1989-07-09 00:00:00,constructor_standings_4071
8905,362,34,5.0,8,0,1989-07-09 00:00:00,constructor_standings_4072
8906,362,45,0.0,16,0,1989-07-09 00:00:00,constructor_standings_4073
8907,362,18,0.0,18,0,1989-07-09 00:00:00,constructor_standings_4074
8908,362,44,0.0,20,0,1989-07-09 00:00:00,constructor_standings_4075
8909,362,42,0.0,17,0,1989-07-09 00:00:00,constructor_standings_4076
8910,362,39,1.0,14,0,1989-07-09 00:00:00,constructor_standings_4077
8911,362,46,2.0,13,0,1989-07-09 00:00:00,constructor_standings_4078
8912,363,6,21.0,3,1,1989-07-16 00:00:00,constructor_standings_4079
8913,363,1,74.0,1,6,1989-07-16 00:00:00,constructor_standings_4080
8914,363,37,4.0,10,0,1989-07-16 00:00:00,constructor_standings_4081
8915,363,22,17.0,4,0,1989-07-16 00:00:00,constructor_standings_4082
8916,363,21,8.0,7,0,1989-07-16 00:00:00,constructor_standings_4083
8917,363,25,10.0,5,0,1989-07-16 00:00:00,constructor_standings_4084
8918,363,32,6.0,8,0,1989-07-16 00:00:00,constructor_standings_4085
8919,363,27,3.0,12,0,1989-07-16 00:00:00,constructor_standings_4086
8920,363,33,0.0,16,0,1989-07-16 00:00:00,constructor_standings_4087
8921,363,35,8.0,6,0,1989-07-16 00:00:00,constructor_standings_4088
8922,363,48,3.0,11,0,1989-07-16 00:00:00,constructor_standings_4089
8923,363,3,35.0,2,1,1989-07-16 00:00:00,constructor_standings_4090
8924,363,49,0.0,19,0,1989-07-16 00:00:00,constructor_standings_4091
8925,363,34,5.0,9,0,1989-07-16 00:00:00,constructor_standings_4092
8926,363,45,0.0,17,0,1989-07-16 00:00:00,constructor_standings_4093
8927,363,18,3.0,13,0,1989-07-16 00:00:00,constructor_standings_4094
8928,363,44,0.0,20,0,1989-07-16 00:00:00,constructor_standings_4095
8929,363,42,0.0,18,0,1989-07-16 00:00:00,constructor_standings_4096
8930,363,39,1.0,15,0,1989-07-16 00:00:00,constructor_standings_4097
8931,363,46,2.0,14,0,1989-07-16 00:00:00,constructor_standings_4098
8932,364,6,25.0,3,1,1989-07-30 00:00:00,constructor_standings_4099
8933,364,1,89.0,1,7,1989-07-30 00:00:00,constructor_standings_4100
8934,364,37,4.0,10,0,1989-07-30 00:00:00,constructor_standings_4101
8935,364,22,17.0,4,0,1989-07-30 00:00:00,constructor_standings_4102
8936,364,21,9.0,6,0,1989-07-30 00:00:00,constructor_standings_4103
8937,364,25,10.0,5,0,1989-07-30 00:00:00,constructor_standings_4104
8938,364,32,8.0,8,0,1989-07-30 00:00:00,constructor_standings_4105
8939,364,27,3.0,12,0,1989-07-30 00:00:00,constructor_standings_4106
8940,364,33,0.0,16,0,1989-07-30 00:00:00,constructor_standings_4107
8941,364,35,8.0,7,0,1989-07-30 00:00:00,constructor_standings_4108
8942,364,48,3.0,11,0,1989-07-30 00:00:00,constructor_standings_4109
8943,364,3,38.0,2,1,1989-07-30 00:00:00,constructor_standings_4110
8944,364,49,0.0,19,0,1989-07-30 00:00:00,constructor_standings_4111
8945,364,34,5.0,9,0,1989-07-30 00:00:00,constructor_standings_4112
8946,364,45,0.0,17,0,1989-07-30 00:00:00,constructor_standings_4113
8947,364,18,3.0,13,0,1989-07-30 00:00:00,constructor_standings_4114
8948,364,44,0.0,20,0,1989-07-30 00:00:00,constructor_standings_4115
8949,364,42,0.0,18,0,1989-07-30 00:00:00,constructor_standings_4116
8950,364,39,1.0,15,0,1989-07-30 00:00:00,constructor_standings_4117
8951,364,46,2.0,14,0,1989-07-30 00:00:00,constructor_standings_4118
8952,365,6,34.0,3,2,1989-08-13 00:00:00,constructor_standings_4119
8953,365,1,98.0,1,7,1989-08-13 00:00:00,constructor_standings_4120
8954,365,37,4.0,10,0,1989-08-13 00:00:00,constructor_standings_4121
8955,365,22,17.0,4,0,1989-08-13 00:00:00,constructor_standings_4122
8956,365,21,11.0,5,0,1989-08-13 00:00:00,constructor_standings_4123
8957,365,25,10.0,6,0,1989-08-13 00:00:00,constructor_standings_4124
8958,365,32,9.0,7,0,1989-08-13 00:00:00,constructor_standings_4125
8959,365,27,3.0,12,0,1989-08-13 00:00:00,constructor_standings_4126
8960,365,33,0.0,16,0,1989-08-13 00:00:00,constructor_standings_4127
8961,365,35,8.0,8,0,1989-08-13 00:00:00,constructor_standings_4128
8962,365,48,3.0,11,0,1989-08-13 00:00:00,constructor_standings_4129
8963,365,3,42.0,2,1,1989-08-13 00:00:00,constructor_standings_4130
8964,365,49,0.0,19,0,1989-08-13 00:00:00,constructor_standings_4131
8965,365,34,5.0,9,0,1989-08-13 00:00:00,constructor_standings_4132
8966,365,45,0.0,17,0,1989-08-13 00:00:00,constructor_standings_4133
8967,365,18,3.0,13,0,1989-08-13 00:00:00,constructor_standings_4134
8968,365,44,0.0,20,0,1989-08-13 00:00:00,constructor_standings_4135
8969,365,42,0.0,18,0,1989-08-13 00:00:00,constructor_standings_4136
8970,365,39,1.0,15,0,1989-08-13 00:00:00,constructor_standings_4137
8971,365,46,2.0,14,0,1989-08-13 00:00:00,constructor_standings_4138
8972,366,6,38.0,3,2,1989-08-27 00:00:00,constructor_standings_4139
8973,366,1,113.0,1,8,1989-08-27 00:00:00,constructor_standings_4140
8974,366,37,4.0,10,0,1989-08-27 00:00:00,constructor_standings_4141
8975,366,22,19.0,4,0,1989-08-27 00:00:00,constructor_standings_4142
8976,366,21,12.0,5,0,1989-08-27 00:00:00,constructor_standings_4143
8977,366,25,10.0,6,0,1989-08-27 00:00:00,constructor_standings_4144
8978,366,32,9.0,7,0,1989-08-27 00:00:00,constructor_standings_4145
8979,366,27,3.0,12,0,1989-08-27 00:00:00,constructor_standings_4146
8980,366,33,0.0,16,0,1989-08-27 00:00:00,constructor_standings_4147
8981,366,35,8.0,8,0,1989-08-27 00:00:00,constructor_standings_4148
8982,366,48,3.0,11,0,1989-08-27 00:00:00,constructor_standings_4149
8983,366,3,45.0,2,1,1989-08-27 00:00:00,constructor_standings_4150
8984,366,49,0.0,19,0,1989-08-27 00:00:00,constructor_standings_4151
8985,366,34,5.0,9,0,1989-08-27 00:00:00,constructor_standings_4152
8986,366,45,0.0,17,0,1989-08-27 00:00:00,constructor_standings_4153
8987,366,18,3.0,13,0,1989-08-27 00:00:00,constructor_standings_4154
8988,366,44,0.0,20,0,1989-08-27 00:00:00,constructor_standings_4155
8989,366,42,0.0,18,0,1989-08-27 00:00:00,constructor_standings_4156
8990,366,39,1.0,15,0,1989-08-27 00:00:00,constructor_standings_4157
8991,366,46,2.0,14,0,1989-08-27 00:00:00,constructor_standings_4158
8992,367,6,44.0,3,2,1989-09-10 00:00:00,constructor_standings_4159
8993,367,1,122.0,1,9,1989-09-10 00:00:00,constructor_standings_4160
8994,367,37,4.0,10,0,1989-09-10 00:00:00,constructor_standings_4161
8995,367,22,19.0,4,0,1989-09-10 00:00:00,constructor_standings_4162
8996,367,21,12.0,6,0,1989-09-10 00:00:00,constructor_standings_4163
8997,367,25,12.0,5,0,1989-09-10 00:00:00,constructor_standings_4164
8998,367,32,9.0,7,0,1989-09-10 00:00:00,constructor_standings_4165
8999,367,27,3.0,12,0,1989-09-10 00:00:00,constructor_standings_4166
9000,367,33,0.0,16,0,1989-09-10 00:00:00,constructor_standings_4167
9001,367,35,8.0,8,0,1989-09-10 00:00:00,constructor_standings_4168
9002,367,48,3.0,11,0,1989-09-10 00:00:00,constructor_standings_4169
9003,367,3,52.0,2,1,1989-09-10 00:00:00,constructor_standings_4170
9004,367,49,0.0,19,0,1989-09-10 00:00:00,constructor_standings_4171
9005,367,34,6.0,9,0,1989-09-10 00:00:00,constructor_standings_4172
9006,367,45,0.0,17,0,1989-09-10 00:00:00,constructor_standings_4173
9007,367,18,3.0,13,0,1989-09-10 00:00:00,constructor_standings_4174
9008,367,44,0.0,20,0,1989-09-10 00:00:00,constructor_standings_4175
9009,367,42,0.0,18,0,1989-09-10 00:00:00,constructor_standings_4176
9010,367,39,1.0,15,0,1989-09-10 00:00:00,constructor_standings_4177
9011,367,46,2.0,14,0,1989-09-10 00:00:00,constructor_standings_4178
9012,368,6,53.0,2,3,1989-09-24 00:00:00,constructor_standings_4179
9013,368,1,128.0,1,9,1989-09-24 00:00:00,constructor_standings_4180
9014,368,37,4.0,12,0,1989-09-24 00:00:00,constructor_standings_4181
9015,368,22,22.0,4,0,1989-09-24 00:00:00,constructor_standings_4182
9016,368,21,12.0,6,0,1989-09-24 00:00:00,constructor_standings_4183
9017,368,25,13.0,5,0,1989-09-24 00:00:00,constructor_standings_4184
9018,368,32,9.0,7,0,1989-09-24 00:00:00,constructor_standings_4185
9019,368,27,3.0,14,0,1989-09-24 00:00:00,constructor_standings_4186
9020,368,33,0.0,16,0,1989-09-24 00:00:00,constructor_standings_4187
9021,368,35,8.0,8,0,1989-09-24 00:00:00,constructor_standings_4188
9022,368,48,3.0,13,0,1989-09-24 00:00:00,constructor_standings_4189
9023,368,3,52.0,3,1,1989-09-24 00:00:00,constructor_standings_4190
9024,368,49,0.0,19,0,1989-09-24 00:00:00,constructor_standings_4191
9025,368,34,6.0,10,0,1989-09-24 00:00:00,constructor_standings_4192
9026,368,45,0.0,17,0,1989-09-24 00:00:00,constructor_standings_4193
9027,368,18,5.0,11,0,1989-09-24 00:00:00,constructor_standings_4194
9028,368,44,0.0,20,0,1989-09-24 00:00:00,constructor_standings_4195
9029,368,42,0.0,18,0,1989-09-24 00:00:00,constructor_standings_4196
9030,368,39,1.0,15,0,1989-09-24 00:00:00,constructor_standings_4197
9031,368,46,6.0,9,0,1989-09-24 00:00:00,constructor_standings_4198
9032,369,6,59.0,2,3,1989-10-01 00:00:00,constructor_standings_4199
9033,369,1,141.0,1,10,1989-10-01 00:00:00,constructor_standings_4200
9034,369,37,4.0,12,0,1989-10-01 00:00:00,constructor_standings_4201
9035,369,22,22.0,4,0,1989-10-01 00:00:00,constructor_standings_4202
9036,369,21,12.0,6,0,1989-10-01 00:00:00,constructor_standings_4203
9037,369,25,16.0,5,0,1989-10-01 00:00:00,constructor_standings_4204
9038,369,32,9.0,7,0,1989-10-01 00:00:00,constructor_standings_4205
9039,369,27,3.0,14,0,1989-10-01 00:00:00,constructor_standings_4206
9040,369,33,1.0,16,0,1989-10-01 00:00:00,constructor_standings_4207
9041,369,35,8.0,8,0,1989-10-01 00:00:00,constructor_standings_4208
9042,369,48,3.0,13,0,1989-10-01 00:00:00,constructor_standings_4209
9043,369,3,54.0,3,1,1989-10-01 00:00:00,constructor_standings_4210
9044,369,49,0.0,19,0,1989-10-01 00:00:00,constructor_standings_4211
9045,369,34,6.0,10,0,1989-10-01 00:00:00,constructor_standings_4212
9046,369,45,0.0,17,0,1989-10-01 00:00:00,constructor_standings_4213
9047,369,18,5.0,11,0,1989-10-01 00:00:00,constructor_standings_4214
9048,369,44,0.0,20,0,1989-10-01 00:00:00,constructor_standings_4215
9049,369,42,0.0,18,0,1989-10-01 00:00:00,constructor_standings_4216
9050,369,39,1.0,15,0,1989-10-01 00:00:00,constructor_standings_4217
9051,369,46,6.0,9,0,1989-10-01 00:00:00,constructor_standings_4218
9129,370,42,0.0,18,0,1989-10-22 00:00:00,constructor_standings_4219
9133,371,1,141.0,1,10,1989-11-05 00:00:00,constructor_standings_4220
9132,371,6,59.0,3,3,1989-11-05 00:00:00,constructor_standings_4221
9131,370,46,6.0,10,0,1989-10-22 00:00:00,constructor_standings_4222
9117,370,25,16.0,5,0,1989-10-22 00:00:00,constructor_standings_4223
9118,370,32,12.0,7,0,1989-10-22 00:00:00,constructor_standings_4224
9119,370,27,3.0,14,0,1989-10-22 00:00:00,constructor_standings_4225
9120,370,33,1.0,16,0,1989-10-22 00:00:00,constructor_standings_4226
9121,370,35,8.0,8,0,1989-10-22 00:00:00,constructor_standings_4227
9122,370,48,3.0,13,0,1989-10-22 00:00:00,constructor_standings_4228
9123,370,3,64.0,2,1,1989-10-22 00:00:00,constructor_standings_4229
9124,370,49,0.0,19,0,1989-10-22 00:00:00,constructor_standings_4230
9125,370,34,8.0,9,0,1989-10-22 00:00:00,constructor_standings_4231
9126,370,45,0.0,17,0,1989-10-22 00:00:00,constructor_standings_4232
9127,370,18,5.0,11,0,1989-10-22 00:00:00,constructor_standings_4233
9128,370,44,0.0,20,0,1989-10-22 00:00:00,constructor_standings_4234
9116,370,21,13.0,6,0,1989-10-22 00:00:00,constructor_standings_4235
9115,370,22,31.0,4,1,1989-10-22 00:00:00,constructor_standings_4236
9114,370,37,4.0,12,0,1989-10-22 00:00:00,constructor_standings_4237
9112,370,6,59.0,3,3,1989-10-22 00:00:00,constructor_standings_4238
9113,370,1,141.0,1,10,1989-10-22 00:00:00,constructor_standings_4239
9130,370,39,1.0,15,0,1989-10-22 00:00:00,constructor_standings_4240
9134,371,37,4.0,12,0,1989-11-05 00:00:00,constructor_standings_4241
9135,371,22,39.0,4,1,1989-11-05 00:00:00,constructor_standings_4242
9136,371,21,13.0,7,0,1989-11-05 00:00:00,constructor_standings_4243
9137,371,25,16.0,5,0,1989-11-05 00:00:00,constructor_standings_4244
9138,371,32,15.0,6,0,1989-11-05 00:00:00,constructor_standings_4245
9139,371,27,3.0,14,0,1989-11-05 00:00:00,constructor_standings_4246
9140,371,33,1.0,16,0,1989-11-05 00:00:00,constructor_standings_4247
9141,371,35,8.0,8,0,1989-11-05 00:00:00,constructor_standings_4248
9142,371,48,3.0,13,0,1989-11-05 00:00:00,constructor_standings_4249
9143,371,3,77.0,2,2,1989-11-05 00:00:00,constructor_standings_4250
9144,371,49,0.0,19,0,1989-11-05 00:00:00,constructor_standings_4251
9145,371,34,8.0,9,0,1989-11-05 00:00:00,constructor_standings_4252
9146,371,45,0.0,17,0,1989-11-05 00:00:00,constructor_standings_4253
9147,371,18,6.0,11,0,1989-11-05 00:00:00,constructor_standings_4254
9148,371,44,0.0,20,0,1989-11-05 00:00:00,constructor_standings_4255
9149,371,42,0.0,18,0,1989-11-05 00:00:00,constructor_standings_4256
9150,371,39,1.0,15,0,1989-11-05 00:00:00,constructor_standings_4257
9151,371,46,6.0,10,0,1989-11-05 00:00:00,constructor_standings_4258
9152,372,1,9.0,1,1,1988-04-03 00:00:00,constructor_standings_4259
9153,372,6,8.0,2,0,1988-04-03 00:00:00,constructor_standings_4260
9154,372,32,5.0,3,0,1988-04-03 00:00:00,constructor_standings_4261
9155,372,21,3.0,4,0,1988-04-03 00:00:00,constructor_standings_4262
9156,372,22,0.0,5,0,1988-04-03 00:00:00,constructor_standings_4263
9157,372,27,0.0,6,0,1988-04-03 00:00:00,constructor_standings_4264
9158,372,48,0.0,7,0,1988-04-03 00:00:00,constructor_standings_4265
9159,372,25,0.0,8,0,1988-04-03 00:00:00,constructor_standings_4266
9160,372,18,0.0,9,0,1988-04-03 00:00:00,constructor_standings_4267
9161,372,33,0.0,10,0,1988-04-03 00:00:00,constructor_standings_4268
9162,372,42,0.0,11,0,1988-04-03 00:00:00,constructor_standings_4269
9163,372,39,0.0,12,0,1988-04-03 00:00:00,constructor_standings_4270
9164,372,44,0.0,13,0,1988-04-03 00:00:00,constructor_standings_4271
9165,372,3,0.0,14,0,1988-04-03 00:00:00,constructor_standings_4272
9166,372,37,0.0,15,0,1988-04-03 00:00:00,constructor_standings_4273
9167,372,49,0.0,16,0,1988-04-03 00:00:00,constructor_standings_4274
9168,372,45,0.0,17,0,1988-04-03 00:00:00,constructor_standings_4275
9169,372,35,0.0,18,0,1988-04-03 00:00:00,constructor_standings_4276
9170,373,1,24.0,1,2,1988-05-01 00:00:00,constructor_standings_4277
9171,373,6,10.0,2,0,1988-05-01 00:00:00,constructor_standings_4278
9172,373,32,9.0,3,0,1988-05-01 00:00:00,constructor_standings_4279
9173,373,21,3.0,5,0,1988-05-01 00:00:00,constructor_standings_4280
9174,373,22,4.0,4,0,1988-05-01 00:00:00,constructor_standings_4281
9175,373,27,0.0,6,0,1988-05-01 00:00:00,constructor_standings_4282
9176,373,48,0.0,13,0,1988-05-01 00:00:00,constructor_standings_4283
9177,373,25,0.0,11,0,1988-05-01 00:00:00,constructor_standings_4284
9178,373,18,0.0,8,0,1988-05-01 00:00:00,constructor_standings_4285
9179,373,33,0.0,9,0,1988-05-01 00:00:00,constructor_standings_4286
9180,373,42,0.0,14,0,1988-05-01 00:00:00,constructor_standings_4287
9181,373,39,0.0,7,0,1988-05-01 00:00:00,constructor_standings_4288
9182,373,44,0.0,15,0,1988-05-01 00:00:00,constructor_standings_4289
9183,373,3,0.0,10,0,1988-05-01 00:00:00,constructor_standings_4290
9184,373,37,0.0,12,0,1988-05-01 00:00:00,constructor_standings_4291
9185,373,49,0.0,17,0,1988-05-01 00:00:00,constructor_standings_4292
9186,373,45,0.0,18,0,1988-05-01 00:00:00,constructor_standings_4293
9187,373,35,0.0,16,0,1988-05-01 00:00:00,constructor_standings_4294
9188,374,1,33.0,1,3,1988-05-15 00:00:00,constructor_standings_4295
9189,374,6,20.0,2,0,1988-05-15 00:00:00,constructor_standings_4296
9190,374,32,9.0,3,0,1988-05-15 00:00:00,constructor_standings_4297
9191,374,21,6.0,4,0,1988-05-15 00:00:00,constructor_standings_4298
9192,374,22,4.0,5,0,1988-05-15 00:00:00,constructor_standings_4299
9193,374,27,0.0,9,0,1988-05-15 00:00:00,constructor_standings_4300
9194,374,48,0.0,14,0,1988-05-15 00:00:00,constructor_standings_4301
9195,374,25,2.0,6,0,1988-05-15 00:00:00,constructor_standings_4302
9196,374,18,0.0,13,0,1988-05-15 00:00:00,constructor_standings_4303
9197,374,33,0.0,8,0,1988-05-15 00:00:00,constructor_standings_4304
9198,374,42,0.0,15,0,1988-05-15 00:00:00,constructor_standings_4305
9199,374,39,0.0,12,0,1988-05-15 00:00:00,constructor_standings_4306
9200,374,44,0.0,17,0,1988-05-15 00:00:00,constructor_standings_4307
9201,374,3,1.0,7,0,1988-05-15 00:00:00,constructor_standings_4308
9202,374,37,0.0,11,0,1988-05-15 00:00:00,constructor_standings_4309
9203,374,49,0.0,16,0,1988-05-15 00:00:00,constructor_standings_4310
9204,374,45,0.0,10,0,1988-05-15 00:00:00,constructor_standings_4311
9205,374,35,0.0,18,0,1988-05-15 00:00:00,constructor_standings_4312
9206,375,1,48.0,1,4,1988-05-29 00:00:00,constructor_standings_4313
9207,375,6,27.0,2,0,1988-05-29 00:00:00,constructor_standings_4314
9208,375,32,9.0,3,0,1988-05-29 00:00:00,constructor_standings_4315
9209,375,21,9.0,4,0,1988-05-29 00:00:00,constructor_standings_4316
9210,375,22,4.0,5,0,1988-05-29 00:00:00,constructor_standings_4317
9211,375,27,0.0,9,0,1988-05-29 00:00:00,constructor_standings_4318
9212,375,48,0.0,17,0,1988-05-29 00:00:00,constructor_standings_4319
9213,375,25,2.0,6,0,1988-05-29 00:00:00,constructor_standings_4320
9214,375,18,0.0,13,0,1988-05-29 00:00:00,constructor_standings_4321
9215,375,33,0.0,8,0,1988-05-29 00:00:00,constructor_standings_4322
9216,375,42,0.0,15,0,1988-05-29 00:00:00,constructor_standings_4323
9217,375,39,0.0,11,0,1988-05-29 00:00:00,constructor_standings_4324
9218,375,44,0.0,14,0,1988-05-29 00:00:00,constructor_standings_4325
9219,375,3,1.0,7,0,1988-05-29 00:00:00,constructor_standings_4326
9220,375,37,0.0,12,0,1988-05-29 00:00:00,constructor_standings_4327
9221,375,49,0.0,16,0,1988-05-29 00:00:00,constructor_standings_4328
9222,375,45,0.0,10,0,1988-05-29 00:00:00,constructor_standings_4329
9223,375,35,0.0,18,0,1988-05-29 00:00:00,constructor_standings_4330
9224,376,1,63.0,1,5,1988-06-12 00:00:00,constructor_standings_4331
9225,376,6,27.0,2,0,1988-06-12 00:00:00,constructor_standings_4332
9226,376,32,12.0,3,0,1988-06-12 00:00:00,constructor_standings_4333
9227,376,21,9.0,4,0,1988-06-12 00:00:00,constructor_standings_4334
9228,376,22,8.0,5,0,1988-06-12 00:00:00,constructor_standings_4335
9229,376,27,0.0,11,0,1988-06-12 00:00:00,constructor_standings_4336
9230,376,48,0.0,12,0,1988-06-12 00:00:00,constructor_standings_4337
9231,376,25,3.0,6,0,1988-06-12 00:00:00,constructor_standings_4338
9232,376,18,0.0,15,0,1988-06-12 00:00:00,constructor_standings_4339
9233,376,33,0.0,9,0,1988-06-12 00:00:00,constructor_standings_4340
9234,376,42,0.0,10,0,1988-06-12 00:00:00,constructor_standings_4341
9235,376,39,0.0,14,0,1988-06-12 00:00:00,constructor_standings_4342
9236,376,44,0.0,16,0,1988-06-12 00:00:00,constructor_standings_4343
9237,376,3,1.0,8,0,1988-06-12 00:00:00,constructor_standings_4344
9238,376,37,2.0,7,0,1988-06-12 00:00:00,constructor_standings_4345
9239,376,49,0.0,17,0,1988-06-12 00:00:00,constructor_standings_4346
9240,376,45,0.0,13,0,1988-06-12 00:00:00,constructor_standings_4347
9241,376,35,0.0,18,0,1988-06-12 00:00:00,constructor_standings_4348
9242,377,1,78.0,1,6,1988-06-19 00:00:00,constructor_standings_4349
9243,377,6,27.0,2,0,1988-06-19 00:00:00,constructor_standings_4350
9244,377,32,12.0,4,0,1988-06-19 00:00:00,constructor_standings_4351
9245,377,21,9.0,5,0,1988-06-19 00:00:00,constructor_standings_4352
9246,377,22,12.0,3,0,1988-06-19 00:00:00,constructor_standings_4353
9247,377,27,0.0,14,0,1988-06-19 00:00:00,constructor_standings_4354
9248,377,48,3.0,7,0,1988-06-19 00:00:00,constructor_standings_4355
9249,377,25,5.0,6,0,1988-06-19 00:00:00,constructor_standings_4356
9250,377,18,1.0,9,0,1988-06-19 00:00:00,constructor_standings_4357
9251,377,33,0.0,11,0,1988-06-19 00:00:00,constructor_standings_4358
9252,377,42,0.0,12,0,1988-06-19 00:00:00,constructor_standings_4359
9253,377,39,0.0,16,0,1988-06-19 00:00:00,constructor_standings_4360
9254,377,44,0.0,17,0,1988-06-19 00:00:00,constructor_standings_4361
9255,377,3,1.0,10,0,1988-06-19 00:00:00,constructor_standings_4362
9256,377,37,2.0,8,0,1988-06-19 00:00:00,constructor_standings_4363
9257,377,49,0.0,18,0,1988-06-19 00:00:00,constructor_standings_4364
9258,377,45,0.0,15,0,1988-06-19 00:00:00,constructor_standings_4365
9259,377,35,0.0,13,0,1988-06-19 00:00:00,constructor_standings_4366
9260,378,1,93.0,1,7,1988-07-03 00:00:00,constructor_standings_4367
9261,378,6,34.0,2,0,1988-07-03 00:00:00,constructor_standings_4368
9262,378,32,14.0,3,0,1988-07-03 00:00:00,constructor_standings_4369
9263,378,21,9.0,5,0,1988-07-03 00:00:00,constructor_standings_4370
9264,378,22,13.0,4,0,1988-07-03 00:00:00,constructor_standings_4371
9265,378,27,0.0,14,0,1988-07-03 00:00:00,constructor_standings_4372
9266,378,48,3.0,7,0,1988-07-03 00:00:00,constructor_standings_4373
9267,378,25,5.0,6,0,1988-07-03 00:00:00,constructor_standings_4374
9268,378,18,1.0,9,0,1988-07-03 00:00:00,constructor_standings_4375
9269,378,33,0.0,11,0,1988-07-03 00:00:00,constructor_standings_4376
9270,378,42,0.0,13,0,1988-07-03 00:00:00,constructor_standings_4377
9271,378,39,0.0,16,0,1988-07-03 00:00:00,constructor_standings_4378
9272,378,44,0.0,17,0,1988-07-03 00:00:00,constructor_standings_4379
9273,378,3,1.0,10,0,1988-07-03 00:00:00,constructor_standings_4380
9274,378,37,2.0,8,0,1988-07-03 00:00:00,constructor_standings_4381
9275,378,49,0.0,18,0,1988-07-03 00:00:00,constructor_standings_4382
9276,378,45,0.0,15,0,1988-07-03 00:00:00,constructor_standings_4383
9277,378,35,0.0,12,0,1988-07-03 00:00:00,constructor_standings_4384
9278,379,1,102.0,1,8,1988-07-10 00:00:00,constructor_standings_4385
9279,379,6,34.0,2,0,1988-07-10 00:00:00,constructor_standings_4386
9280,379,32,16.0,4,0,1988-07-10 00:00:00,constructor_standings_4387
9281,379,21,10.0,5,0,1988-07-10 00:00:00,constructor_standings_4388
9282,379,22,17.0,3,0,1988-07-10 00:00:00,constructor_standings_4389
9283,379,27,0.0,14,0,1988-07-10 00:00:00,constructor_standings_4390
9284,379,48,3.0,9,0,1988-07-10 00:00:00,constructor_standings_4391
9285,379,25,5.0,8,0,1988-07-10 00:00:00,constructor_standings_4392
9286,379,18,1.0,10,0,1988-07-10 00:00:00,constructor_standings_4393
9287,379,33,0.0,11,0,1988-07-10 00:00:00,constructor_standings_4394
9288,379,42,0.0,13,0,1988-07-10 00:00:00,constructor_standings_4395
9289,379,39,0.0,16,0,1988-07-10 00:00:00,constructor_standings_4396
9290,379,44,0.0,17,0,1988-07-10 00:00:00,constructor_standings_4397
9291,379,3,7.0,6,0,1988-07-10 00:00:00,constructor_standings_4398
9292,379,37,5.0,7,0,1988-07-10 00:00:00,constructor_standings_4399
9293,379,49,0.0,18,0,1988-07-10 00:00:00,constructor_standings_4400
9294,379,45,0.0,15,0,1988-07-10 00:00:00,constructor_standings_4401
9295,379,35,0.0,12,0,1988-07-10 00:00:00,constructor_standings_4402
9296,380,1,117.0,1,9,1988-07-24 00:00:00,constructor_standings_4403
9297,380,6,41.0,2,0,1988-07-24 00:00:00,constructor_standings_4404
9298,380,32,16.0,4,0,1988-07-24 00:00:00,constructor_standings_4405
9299,380,21,10.0,5,0,1988-07-24 00:00:00,constructor_standings_4406
9300,380,22,18.0,3,0,1988-07-24 00:00:00,constructor_standings_4407
9301,380,27,0.0,14,0,1988-07-24 00:00:00,constructor_standings_4408
9302,380,48,3.0,9,0,1988-07-24 00:00:00,constructor_standings_4409
9303,380,25,5.0,8,0,1988-07-24 00:00:00,constructor_standings_4410
9304,380,18,1.0,10,0,1988-07-24 00:00:00,constructor_standings_4411
9305,380,33,0.0,11,0,1988-07-24 00:00:00,constructor_standings_4412
9306,380,42,0.0,13,0,1988-07-24 00:00:00,constructor_standings_4413
9307,380,39,0.0,16,0,1988-07-24 00:00:00,constructor_standings_4414
9308,380,44,0.0,17,0,1988-07-24 00:00:00,constructor_standings_4415
9309,380,3,7.0,6,0,1988-07-24 00:00:00,constructor_standings_4416
9310,380,37,7.0,7,0,1988-07-24 00:00:00,constructor_standings_4417
9311,380,49,0.0,18,0,1988-07-24 00:00:00,constructor_standings_4418
9312,380,45,0.0,15,0,1988-07-24 00:00:00,constructor_standings_4419
9313,380,35,0.0,12,0,1988-07-24 00:00:00,constructor_standings_4420
9314,381,1,132.0,1,10,1988-08-07 00:00:00,constructor_standings_4421
9315,381,6,44.0,2,0,1988-08-07 00:00:00,constructor_standings_4422
9316,381,32,16.0,4,0,1988-08-07 00:00:00,constructor_standings_4423
9317,381,21,10.0,5,0,1988-08-07 00:00:00,constructor_standings_4424
9318,381,22,22.0,3,0,1988-08-07 00:00:00,constructor_standings_4425
9319,381,27,0.0,14,0,1988-08-07 00:00:00,constructor_standings_4426
9320,381,48,3.0,9,0,1988-08-07 00:00:00,constructor_standings_4427
9321,381,25,5.0,8,0,1988-08-07 00:00:00,constructor_standings_4428
9322,381,18,1.0,10,0,1988-08-07 00:00:00,constructor_standings_4429
9323,381,33,0.0,11,0,1988-08-07 00:00:00,constructor_standings_4430
9324,381,42,0.0,13,0,1988-08-07 00:00:00,constructor_standings_4431
9325,381,39,0.0,16,0,1988-08-07 00:00:00,constructor_standings_4432
9326,381,44,0.0,17,0,1988-08-07 00:00:00,constructor_standings_4433
9327,381,3,8.0,7,0,1988-08-07 00:00:00,constructor_standings_4434
9328,381,37,9.0,6,0,1988-08-07 00:00:00,constructor_standings_4435
9329,381,49,0.0,18,0,1988-08-07 00:00:00,constructor_standings_4436
9330,381,45,0.0,15,0,1988-08-07 00:00:00,constructor_standings_4437
9331,381,35,0.0,12,0,1988-08-07 00:00:00,constructor_standings_4438
9332,382,1,147.0,1,11,1988-08-28 00:00:00,constructor_standings_4439
9333,382,6,44.0,2,0,1988-08-28 00:00:00,constructor_standings_4440
9334,382,32,19.0,4,0,1988-08-28 00:00:00,constructor_standings_4441
9335,382,21,13.0,6,0,1988-08-28 00:00:00,constructor_standings_4442
9336,382,22,22.0,3,0,1988-08-28 00:00:00,constructor_standings_4443
9337,382,27,0.0,14,0,1988-08-28 00:00:00,constructor_standings_4444
9338,382,48,3.0,9,0,1988-08-28 00:00:00,constructor_standings_4445
9339,382,25,5.0,8,0,1988-08-28 00:00:00,constructor_standings_4446
9340,382,18,1.0,10,0,1988-08-28 00:00:00,constructor_standings_4447
9341,382,33,0.0,11,0,1988-08-28 00:00:00,constructor_standings_4448
9342,382,42,0.0,13,0,1988-08-28 00:00:00,constructor_standings_4449
9343,382,39,0.0,16,0,1988-08-28 00:00:00,constructor_standings_4450
9344,382,44,0.0,17,0,1988-08-28 00:00:00,constructor_standings_4451
9345,382,3,8.0,7,0,1988-08-28 00:00:00,constructor_standings_4452
9346,382,37,13.0,5,0,1988-08-28 00:00:00,constructor_standings_4453
9347,382,49,0.0,18,0,1988-08-28 00:00:00,constructor_standings_4454
9348,382,45,0.0,15,0,1988-08-28 00:00:00,constructor_standings_4455
9349,382,35,0.0,12,0,1988-08-28 00:00:00,constructor_standings_4456
9350,383,1,147.0,1,11,1988-09-11 00:00:00,constructor_standings_4457
9351,383,6,59.0,2,1,1988-09-11 00:00:00,constructor_standings_4458
9352,383,32,19.0,5,0,1988-09-11 00:00:00,constructor_standings_4459
9353,383,21,20.0,4,0,1988-09-11 00:00:00,constructor_standings_4460
9354,383,22,23.0,3,0,1988-09-11 00:00:00,constructor_standings_4461
9355,383,27,0.0,14,0,1988-09-11 00:00:00,constructor_standings_4462
9356,383,48,3.0,9,0,1988-09-11 00:00:00,constructor_standings_4463
9357,383,25,5.0,8,0,1988-09-11 00:00:00,constructor_standings_4464
9358,383,18,1.0,10,0,1988-09-11 00:00:00,constructor_standings_4465
9359,383,33,0.0,11,0,1988-09-11 00:00:00,constructor_standings_4466
9360,383,42,0.0,13,0,1988-09-11 00:00:00,constructor_standings_4467
9361,383,39,0.0,16,0,1988-09-11 00:00:00,constructor_standings_4468
9362,383,44,0.0,17,0,1988-09-11 00:00:00,constructor_standings_4469
9363,383,3,8.0,7,0,1988-09-11 00:00:00,constructor_standings_4470
9364,383,37,15.0,6,0,1988-09-11 00:00:00,constructor_standings_4471
9365,383,49,0.0,18,0,1988-09-11 00:00:00,constructor_standings_4472
9366,383,45,0.0,15,0,1988-09-11 00:00:00,constructor_standings_4473
9367,383,35,0.0,12,0,1988-09-11 00:00:00,constructor_standings_4474
9368,384,1,157.0,1,12,1988-09-25 00:00:00,constructor_standings_4475
9369,384,6,61.0,2,1,1988-09-25 00:00:00,constructor_standings_4476
9370,384,32,19.0,6,0,1988-09-25 00:00:00,constructor_standings_4477
9371,384,21,23.0,4,0,1988-09-25 00:00:00,constructor_standings_4478
9372,384,22,27.0,3,0,1988-09-25 00:00:00,constructor_standings_4479
9373,384,27,0.0,14,0,1988-09-25 00:00:00,constructor_standings_4480
9374,384,48,3.0,9,0,1988-09-25 00:00:00,constructor_standings_4481
9375,384,25,5.0,8,0,1988-09-25 00:00:00,constructor_standings_4482
9376,384,18,1.0,10,0,1988-09-25 00:00:00,constructor_standings_4483
9377,384,33,0.0,11,0,1988-09-25 00:00:00,constructor_standings_4484
9378,384,42,0.0,13,0,1988-09-25 00:00:00,constructor_standings_4485
9379,384,39,0.0,15,0,1988-09-25 00:00:00,constructor_standings_4486
9380,384,44,0.0,17,0,1988-09-25 00:00:00,constructor_standings_4487
9381,384,3,8.0,7,0,1988-09-25 00:00:00,constructor_standings_4488
9382,384,37,21.0,5,0,1988-09-25 00:00:00,constructor_standings_4489
9383,384,49,0.0,18,0,1988-09-25 00:00:00,constructor_standings_4490
9384,384,45,0.0,16,0,1988-09-25 00:00:00,constructor_standings_4491
9385,384,35,0.0,12,0,1988-09-25 00:00:00,constructor_standings_4492
9386,385,1,169.0,1,13,1988-10-02 00:00:00,constructor_standings_4493
9387,385,6,62.0,2,1,1988-10-02 00:00:00,constructor_standings_4494
9388,385,32,19.0,6,0,1988-10-02 00:00:00,constructor_standings_4495
9389,385,21,23.0,4,0,1988-10-02 00:00:00,constructor_standings_4496
9390,385,22,31.0,3,0,1988-10-02 00:00:00,constructor_standings_4497
9391,385,27,0.0,14,0,1988-10-02 00:00:00,constructor_standings_4498
9392,385,48,3.0,9,0,1988-10-02 00:00:00,constructor_standings_4499
9393,385,25,5.0,8,0,1988-10-02 00:00:00,constructor_standings_4500
9394,385,18,1.0,10,0,1988-10-02 00:00:00,constructor_standings_4501
9395,385,33,0.0,11,0,1988-10-02 00:00:00,constructor_standings_4502
9396,385,42,0.0,13,0,1988-10-02 00:00:00,constructor_standings_4503
9397,385,39,0.0,15,0,1988-10-02 00:00:00,constructor_standings_4504
9398,385,44,0.0,17,0,1988-10-02 00:00:00,constructor_standings_4505
9399,385,3,16.0,7,0,1988-10-02 00:00:00,constructor_standings_4506
9400,385,37,21.0,5,0,1988-10-02 00:00:00,constructor_standings_4507
9401,385,49,0.0,18,0,1988-10-02 00:00:00,constructor_standings_4508
9402,385,45,0.0,16,0,1988-10-02 00:00:00,constructor_standings_4509
9403,385,35,0.0,12,0,1988-10-02 00:00:00,constructor_standings_4510
9404,386,1,184.0,1,14,1988-10-30 00:00:00,constructor_standings_4511
9405,386,6,65.0,2,1,1988-10-30 00:00:00,constructor_standings_4512
9406,386,32,19.0,6,0,1988-10-30 00:00:00,constructor_standings_4513
9407,386,21,23.0,4,0,1988-10-30 00:00:00,constructor_standings_4514
9408,386,22,37.0,3,0,1988-10-30 00:00:00,constructor_standings_4515
9409,386,27,0.0,15,0,1988-10-30 00:00:00,constructor_standings_4516
9410,386,48,3.0,9,0,1988-10-30 00:00:00,constructor_standings_4517
9411,386,25,5.0,8,0,1988-10-30 00:00:00,constructor_standings_4518
9412,386,18,1.0,10,0,1988-10-30 00:00:00,constructor_standings_4519
9413,386,33,0.0,11,0,1988-10-30 00:00:00,constructor_standings_4520
9414,386,42,0.0,14,0,1988-10-30 00:00:00,constructor_standings_4521
9415,386,39,0.0,13,0,1988-10-30 00:00:00,constructor_standings_4522
9416,386,44,0.0,17,0,1988-10-30 00:00:00,constructor_standings_4523
9417,386,3,17.0,7,0,1988-10-30 00:00:00,constructor_standings_4524
9418,386,37,21.0,5,0,1988-10-30 00:00:00,constructor_standings_4525
9419,386,49,0.0,18,0,1988-10-30 00:00:00,constructor_standings_4526
9420,386,45,0.0,16,0,1988-10-30 00:00:00,constructor_standings_4527
9421,386,35,0.0,12,0,1988-10-30 00:00:00,constructor_standings_4528
9422,387,1,199.0,1,15,1988-11-13 00:00:00,constructor_standings_4529
9423,387,6,65.0,2,1,1988-11-13 00:00:00,constructor_standings_4530
9424,387,32,23.0,4,0,1988-11-13 00:00:00,constructor_standings_4531
9425,387,21,23.0,5,0,1988-11-13 00:00:00,constructor_standings_4532
9426,387,22,39.0,3,0,1988-11-13 00:00:00,constructor_standings_4533
9427,387,27,0.0,15,0,1988-11-13 00:00:00,constructor_standings_4534
9428,387,48,3.0,9,0,1988-11-13 00:00:00,constructor_standings_4535
9429,387,25,5.0,8,0,1988-11-13 00:00:00,constructor_standings_4536
9430,387,18,1.0,10,0,1988-11-13 00:00:00,constructor_standings_4537
9431,387,33,0.0,11,0,1988-11-13 00:00:00,constructor_standings_4538
9432,387,42,0.0,14,0,1988-11-13 00:00:00,constructor_standings_4539
9433,387,39,0.0,13,0,1988-11-13 00:00:00,constructor_standings_4540
9434,387,44,0.0,17,0,1988-11-13 00:00:00,constructor_standings_4541
9435,387,3,20.0,7,0,1988-11-13 00:00:00,constructor_standings_4542
9436,387,37,22.0,6,0,1988-11-13 00:00:00,constructor_standings_4543
9437,387,49,0.0,18,0,1988-11-13 00:00:00,constructor_standings_4544
9438,387,45,0.0,16,0,1988-11-13 00:00:00,constructor_standings_4545
9439,387,35,0.0,12,0,1988-11-13 00:00:00,constructor_standings_4546
9440,388,1,13.0,1,1,1987-04-12 00:00:00,constructor_standings_4547
9441,388,3,7.0,2,0,1987-04-12 00:00:00,constructor_standings_4548
9442,388,6,3.0,3,0,1987-04-12 00:00:00,constructor_standings_4549
9443,388,22,2.0,4,0,1987-04-12 00:00:00,constructor_standings_4550
9444,388,32,0.0,5,0,1987-04-12 00:00:00,constructor_standings_4551
9445,388,49,0.0,6,0,1987-04-12 00:00:00,constructor_standings_4552
9446,388,25,0.0,7,0,1987-04-12 00:00:00,constructor_standings_4553
9447,388,39,0.0,8,0,1987-04-12 00:00:00,constructor_standings_4554
9448,388,21,0.0,9,0,1987-04-12 00:00:00,constructor_standings_4555
9449,388,34,0.0,10,0,1987-04-12 00:00:00,constructor_standings_4556
9450,388,45,0.0,11,0,1987-04-12 00:00:00,constructor_standings_4557
9451,388,18,0.0,12,0,1987-04-12 00:00:00,constructor_standings_4558
9452,388,37,0.0,13,0,1987-04-12 00:00:00,constructor_standings_4559
9453,389,1,16.0,2,1,1987-05-03 00:00:00,constructor_standings_4560
9454,389,3,16.0,1,1,1987-05-03 00:00:00,constructor_standings_4561
9455,389,6,7.0,4,0,1987-05-03 00:00:00,constructor_standings_4562
9456,389,22,2.0,6,0,1987-05-03 00:00:00,constructor_standings_4563
9457,389,32,7.0,3,0,1987-05-03 00:00:00,constructor_standings_4564
9458,389,49,2.0,5,0,1987-05-03 00:00:00,constructor_standings_4565
9459,389,25,0.0,7,0,1987-05-03 00:00:00,constructor_standings_4566
9460,389,39,0.0,11,0,1987-05-03 00:00:00,constructor_standings_4567
9461,389,21,0.0,10,0,1987-05-03 00:00:00,constructor_standings_4568
9462,389,34,0.0,8,0,1987-05-03 00:00:00,constructor_standings_4569
9463,389,45,0.0,12,0,1987-05-03 00:00:00,constructor_standings_4570
9464,389,18,0.0,13,0,1987-05-03 00:00:00,constructor_standings_4571
9465,389,37,0.0,14,0,1987-05-03 00:00:00,constructor_standings_4572
9466,389,33,0.0,9,0,1987-05-03 00:00:00,constructor_standings_4573
9467,389,27,0.0,15,0,1987-05-03 00:00:00,constructor_standings_4574
9468,390,1,31.0,1,2,1987-05-17 00:00:00,constructor_standings_4575
9469,390,3,16.0,2,1,1987-05-17 00:00:00,constructor_standings_4576
9470,390,6,7.0,4,0,1987-05-17 00:00:00,constructor_standings_4577
9471,390,22,2.0,8,0,1987-05-17 00:00:00,constructor_standings_4578
9472,390,32,9.0,3,0,1987-05-17 00:00:00,constructor_standings_4579
9473,390,49,2.0,7,0,1987-05-17 00:00:00,constructor_standings_4580
9474,390,25,0.0,10,0,1987-05-17 00:00:00,constructor_standings_4581
9475,390,39,0.0,12,0,1987-05-17 00:00:00,constructor_standings_4582
9476,390,21,3.0,6,0,1987-05-17 00:00:00,constructor_standings_4583
9477,390,34,4.0,5,0,1987-05-17 00:00:00,constructor_standings_4584
9478,390,45,0.0,13,0,1987-05-17 00:00:00,constructor_standings_4585
9479,390,18,0.0,15,0,1987-05-17 00:00:00,constructor_standings_4586
9480,390,37,0.0,14,0,1987-05-17 00:00:00,constructor_standings_4587
9481,390,33,0.0,11,0,1987-05-17 00:00:00,constructor_standings_4588
9482,390,27,1.0,9,0,1987-05-17 00:00:00,constructor_standings_4589
9483,391,1,31.0,1,2,1987-05-31 00:00:00,constructor_standings_4590
9484,391,3,22.0,2,1,1987-05-31 00:00:00,constructor_standings_4591
9485,391,6,14.0,4,0,1987-05-31 00:00:00,constructor_standings_4592
9486,391,22,2.0,9,0,1987-05-31 00:00:00,constructor_standings_4593
9487,391,32,18.0,3,1,1987-05-31 00:00:00,constructor_standings_4594
9488,391,49,2.0,7,0,1987-05-31 00:00:00,constructor_standings_4595
9489,391,25,2.0,8,0,1987-05-31 00:00:00,constructor_standings_4596
9490,391,39,0.0,13,0,1987-05-31 00:00:00,constructor_standings_4597
9491,391,21,3.0,6,0,1987-05-31 00:00:00,constructor_standings_4598
9492,391,34,4.0,5,0,1987-05-31 00:00:00,constructor_standings_4599
9493,391,45,0.0,14,0,1987-05-31 00:00:00,constructor_standings_4600
9494,391,18,0.0,15,0,1987-05-31 00:00:00,constructor_standings_4601
9495,391,37,1.0,11,0,1987-05-31 00:00:00,constructor_standings_4602
9496,391,33,0.0,12,0,1987-05-31 00:00:00,constructor_standings_4603
9497,391,27,1.0,10,0,1987-05-31 00:00:00,constructor_standings_4604
9498,392,1,35.0,1,2,1987-06-21 00:00:00,constructor_standings_4605
9499,392,3,30.0,2,1,1987-06-21 00:00:00,constructor_standings_4606
9500,392,6,17.0,4,0,1987-06-21 00:00:00,constructor_standings_4607
9501,392,22,2.0,9,0,1987-06-21 00:00:00,constructor_standings_4608
9502,392,32,27.0,3,2,1987-06-21 00:00:00,constructor_standings_4609
9503,392,49,2.0,7,0,1987-06-21 00:00:00,constructor_standings_4610
9504,392,25,2.0,8,0,1987-06-21 00:00:00,constructor_standings_4611
9505,392,39,0.0,13,0,1987-06-21 00:00:00,constructor_standings_4612
9506,392,21,4.0,6,0,1987-06-21 00:00:00,constructor_standings_4613
9507,392,34,4.0,5,0,1987-06-21 00:00:00,constructor_standings_4614
9508,392,45,0.0,14,0,1987-06-21 00:00:00,constructor_standings_4615
9509,392,18,0.0,15,0,1987-06-21 00:00:00,constructor_standings_4616
9510,392,37,1.0,11,0,1987-06-21 00:00:00,constructor_standings_4617
9511,392,33,0.0,12,0,1987-06-21 00:00:00,constructor_standings_4618
9512,392,27,1.0,10,0,1987-06-21 00:00:00,constructor_standings_4619
9513,393,1,39.0,2,2,1987-07-05 00:00:00,constructor_standings_4620
9514,393,3,45.0,1,2,1987-07-05 00:00:00,constructor_standings_4621
9515,393,6,17.0,4,0,1987-07-05 00:00:00,constructor_standings_4622
9516,393,22,4.0,7,0,1987-07-05 00:00:00,constructor_standings_4623
9517,393,32,30.0,3,2,1987-07-05 00:00:00,constructor_standings_4624
9518,393,49,2.0,9,0,1987-07-05 00:00:00,constructor_standings_4625
9519,393,25,3.0,8,0,1987-07-05 00:00:00,constructor_standings_4626
9520,393,39,0.0,13,0,1987-07-05 00:00:00,constructor_standings_4627
9521,393,21,4.0,6,0,1987-07-05 00:00:00,constructor_standings_4628
9522,393,34,4.0,5,0,1987-07-05 00:00:00,constructor_standings_4629
9523,393,45,0.0,14,0,1987-07-05 00:00:00,constructor_standings_4630
9524,393,18,0.0,15,0,1987-07-05 00:00:00,constructor_standings_4631
9525,393,37,1.0,11,0,1987-07-05 00:00:00,constructor_standings_4632
9526,393,33,0.0,12,0,1987-07-05 00:00:00,constructor_standings_4633
9527,393,27,1.0,10,0,1987-07-05 00:00:00,constructor_standings_4634
9528,394,1,39.0,2,2,1987-07-12 00:00:00,constructor_standings_4635
9529,394,3,60.0,1,3,1987-07-12 00:00:00,constructor_standings_4636
9530,394,6,17.0,4,0,1987-07-12 00:00:00,constructor_standings_4637
9531,394,22,5.0,6,0,1987-07-12 00:00:00,constructor_standings_4638
9532,394,32,37.0,3,2,1987-07-12 00:00:00,constructor_standings_4639
9533,394,49,2.0,9,0,1987-07-12 00:00:00,constructor_standings_4640
9534,394,25,3.0,8,0,1987-07-12 00:00:00,constructor_standings_4641
9535,394,39,0.0,13,0,1987-07-12 00:00:00,constructor_standings_4642
9536,394,21,6.0,5,0,1987-07-12 00:00:00,constructor_standings_4643
9537,394,34,4.0,7,0,1987-07-12 00:00:00,constructor_standings_4644
9538,394,45,0.0,14,0,1987-07-12 00:00:00,constructor_standings_4645
9539,394,18,0.0,15,0,1987-07-12 00:00:00,constructor_standings_4646
9540,394,37,1.0,11,0,1987-07-12 00:00:00,constructor_standings_4647
9541,394,33,0.0,12,0,1987-07-12 00:00:00,constructor_standings_4648
9542,394,27,1.0,10,0,1987-07-12 00:00:00,constructor_standings_4649
9543,395,1,45.0,2,2,1987-07-26 00:00:00,constructor_standings_4650
9544,395,3,69.0,1,4,1987-07-26 00:00:00,constructor_standings_4651
9545,395,6,17.0,4,0,1987-07-26 00:00:00,constructor_standings_4652
9546,395,22,5.0,7,0,1987-07-26 00:00:00,constructor_standings_4653
9547,395,32,41.0,3,2,1987-07-26 00:00:00,constructor_standings_4654
9548,395,49,2.0,9,0,1987-07-26 00:00:00,constructor_standings_4655
9549,395,25,8.0,5,0,1987-07-26 00:00:00,constructor_standings_4656
9550,395,39,0.0,13,0,1987-07-26 00:00:00,constructor_standings_4657
9551,395,21,6.0,6,0,1987-07-26 00:00:00,constructor_standings_4658
9552,395,34,4.0,8,0,1987-07-26 00:00:00,constructor_standings_4659
9553,395,45,0.0,14,0,1987-07-26 00:00:00,constructor_standings_4660
9554,395,18,0.0,15,0,1987-07-26 00:00:00,constructor_standings_4661
9555,395,37,1.0,12,0,1987-07-26 00:00:00,constructor_standings_4662
9556,395,33,1.0,11,0,1987-07-26 00:00:00,constructor_standings_4663
9557,395,27,1.0,10,0,1987-07-26 00:00:00,constructor_standings_4664
9558,396,1,49.0,2,2,1987-08-09 00:00:00,constructor_standings_4665
9559,396,3,78.0,1,5,1987-08-09 00:00:00,constructor_standings_4666
9560,396,6,17.0,4,0,1987-08-09 00:00:00,constructor_standings_4667
9561,396,22,8.0,6,0,1987-08-09 00:00:00,constructor_standings_4668
9562,396,32,47.0,3,2,1987-08-09 00:00:00,constructor_standings_4669
9563,396,49,2.0,9,0,1987-08-09 00:00:00,constructor_standings_4670
9564,396,25,8.0,5,0,1987-08-09 00:00:00,constructor_standings_4671
9565,396,39,0.0,13,0,1987-08-09 00:00:00,constructor_standings_4672
9566,396,21,7.0,7,0,1987-08-09 00:00:00,constructor_standings_4673
9567,396,34,6.0,8,0,1987-08-09 00:00:00,constructor_standings_4674
9568,396,45,0.0,15,0,1987-08-09 00:00:00,constructor_standings_4675
9569,396,18,0.0,14,0,1987-08-09 00:00:00,constructor_standings_4676
9570,396,37,1.0,12,0,1987-08-09 00:00:00,constructor_standings_4677
9571,396,33,1.0,11,0,1987-08-09 00:00:00,constructor_standings_4678
9572,396,27,1.0,10,0,1987-08-09 00:00:00,constructor_standings_4679
9573,397,1,50.0,2,2,1987-08-16 00:00:00,constructor_standings_4680
9574,397,3,93.0,1,6,1987-08-16 00:00:00,constructor_standings_4681
9575,397,6,17.0,4,0,1987-08-16 00:00:00,constructor_standings_4682
9576,397,22,15.0,5,0,1987-08-16 00:00:00,constructor_standings_4683
9577,397,32,49.0,3,2,1987-08-16 00:00:00,constructor_standings_4684
9578,397,49,2.0,9,0,1987-08-16 00:00:00,constructor_standings_4685
9579,397,25,8.0,6,0,1987-08-16 00:00:00,constructor_standings_4686
9580,397,39,0.0,13,0,1987-08-16 00:00:00,constructor_standings_4687
9581,397,21,7.0,7,0,1987-08-16 00:00:00,constructor_standings_4688
9582,397,34,6.0,8,0,1987-08-16 00:00:00,constructor_standings_4689
9583,397,45,0.0,15,0,1987-08-16 00:00:00,constructor_standings_4690
9584,397,18,0.0,14,0,1987-08-16 00:00:00,constructor_standings_4691
9585,397,37,1.0,12,0,1987-08-16 00:00:00,constructor_standings_4692
9586,397,33,1.0,11,0,1987-08-16 00:00:00,constructor_standings_4693
9587,397,27,1.0,10,0,1987-08-16 00:00:00,constructor_standings_4694
9588,398,1,51.0,3,2,1987-09-06 00:00:00,constructor_standings_4695
9589,398,3,106.0,1,7,1987-09-06 00:00:00,constructor_standings_4696
9590,398,6,20.0,4,0,1987-09-06 00:00:00,constructor_standings_4697
9591,398,22,17.0,5,0,1987-09-06 00:00:00,constructor_standings_4698
9592,398,32,55.0,2,2,1987-09-06 00:00:00,constructor_standings_4699
9593,398,49,2.0,9,0,1987-09-06 00:00:00,constructor_standings_4700
9594,398,25,8.0,6,0,1987-09-06 00:00:00,constructor_standings_4701
9595,398,39,0.0,13,0,1987-09-06 00:00:00,constructor_standings_4702
9596,398,21,7.0,7,0,1987-09-06 00:00:00,constructor_standings_4703
9597,398,34,6.0,8,0,1987-09-06 00:00:00,constructor_standings_4704
9598,398,45,0.0,15,0,1987-09-06 00:00:00,constructor_standings_4705
9599,398,18,0.0,14,0,1987-09-06 00:00:00,constructor_standings_4706
9600,398,37,1.0,12,0,1987-09-06 00:00:00,constructor_standings_4707
9601,398,33,1.0,11,0,1987-09-06 00:00:00,constructor_standings_4708
9602,398,27,1.0,10,0,1987-09-06 00:00:00,constructor_standings_4709
9603,398,42,0.0,16,0,1987-09-06 00:00:00,constructor_standings_4710
9604,399,1,62.0,2,3,1987-09-20 00:00:00,constructor_standings_4711
9605,399,3,110.0,1,7,1987-09-20 00:00:00,constructor_standings_4712
9606,399,6,26.0,4,0,1987-09-20 00:00:00,constructor_standings_4713
9607,399,22,20.0,5,0,1987-09-20 00:00:00,constructor_standings_4714
9608,399,32,55.0,3,2,1987-09-20 00:00:00,constructor_standings_4715
9609,399,49,2.0,9,0,1987-09-20 00:00:00,constructor_standings_4716
9610,399,25,8.0,6,0,1987-09-20 00:00:00,constructor_standings_4717
9611,399,39,0.0,13,0,1987-09-20 00:00:00,constructor_standings_4718
9612,399,21,8.0,7,0,1987-09-20 00:00:00,constructor_standings_4719
9613,399,34,6.0,8,0,1987-09-20 00:00:00,constructor_standings_4720
9614,399,45,0.0,15,0,1987-09-20 00:00:00,constructor_standings_4721
9615,399,18,0.0,14,0,1987-09-20 00:00:00,constructor_standings_4722
9616,399,37,1.0,12,0,1987-09-20 00:00:00,constructor_standings_4723
9617,399,33,1.0,11,0,1987-09-20 00:00:00,constructor_standings_4724
9618,399,27,1.0,10,0,1987-09-20 00:00:00,constructor_standings_4725
9619,399,42,0.0,16,0,1987-09-20 00:00:00,constructor_standings_4726
9620,400,1,72.0,2,3,1987-09-27 00:00:00,constructor_standings_4727
9621,400,3,122.0,1,8,1987-09-27 00:00:00,constructor_standings_4728
9622,400,6,26.0,4,0,1987-09-27 00:00:00,constructor_standings_4729
9623,400,22,20.0,5,0,1987-09-27 00:00:00,constructor_standings_4730
9624,400,32,57.0,3,2,1987-09-27 00:00:00,constructor_standings_4731
9625,400,49,2.0,9,0,1987-09-27 00:00:00,constructor_standings_4732
9626,400,25,8.0,6,0,1987-09-27 00:00:00,constructor_standings_4733
9627,400,39,0.0,13,0,1987-09-27 00:00:00,constructor_standings_4734
9628,400,21,8.0,7,0,1987-09-27 00:00:00,constructor_standings_4735
9629,400,34,6.0,8,0,1987-09-27 00:00:00,constructor_standings_4736
9630,400,45,0.0,15,0,1987-09-27 00:00:00,constructor_standings_4737
9631,400,18,0.0,14,0,1987-09-27 00:00:00,constructor_standings_4738
9632,400,37,1.0,12,0,1987-09-27 00:00:00,constructor_standings_4739
9633,400,33,2.0,10,0,1987-09-27 00:00:00,constructor_standings_4740
9634,400,27,1.0,11,0,1987-09-27 00:00:00,constructor_standings_4741
9635,400,42,0.0,16,0,1987-09-27 00:00:00,constructor_standings_4742
9636,401,1,72.0,2,3,1987-10-18 00:00:00,constructor_standings_4743
9637,401,3,137.0,1,9,1987-10-18 00:00:00,constructor_standings_4744
9638,401,6,26.0,4,0,1987-10-18 00:00:00,constructor_standings_4745
9639,401,22,22.0,5,0,1987-10-18 00:00:00,constructor_standings_4746
9640,401,32,57.0,3,2,1987-10-18 00:00:00,constructor_standings_4747
9641,401,49,2.0,10,0,1987-10-18 00:00:00,constructor_standings_4748
9642,401,25,8.0,8,0,1987-10-18 00:00:00,constructor_standings_4749
9643,401,39,0.0,13,0,1987-10-18 00:00:00,constructor_standings_4750
9644,401,21,11.0,6,0,1987-10-18 00:00:00,constructor_standings_4751
9645,401,34,10.0,7,0,1987-10-18 00:00:00,constructor_standings_4752
9646,401,45,0.0,15,0,1987-10-18 00:00:00,constructor_standings_4753
9647,401,18,0.0,14,0,1987-10-18 00:00:00,constructor_standings_4754
9648,401,37,1.0,12,0,1987-10-18 00:00:00,constructor_standings_4755
9649,401,33,3.0,9,0,1987-10-18 00:00:00,constructor_standings_4756
9650,401,27,1.0,11,0,1987-10-18 00:00:00,constructor_standings_4757
9651,401,42,0.0,16,0,1987-10-18 00:00:00,constructor_standings_4758
9652,402,1,76.0,2,3,1987-11-01 00:00:00,constructor_standings_4759
9653,402,3,137.0,1,9,1987-11-01 00:00:00,constructor_standings_4760
9654,402,6,38.0,4,1,1987-11-01 00:00:00,constructor_standings_4761
9655,402,22,24.0,5,0,1987-11-01 00:00:00,constructor_standings_4762
9656,402,32,64.0,3,2,1987-11-01 00:00:00,constructor_standings_4763
9657,402,49,2.0,10,0,1987-11-01 00:00:00,constructor_standings_4764
9658,402,25,8.0,8,0,1987-11-01 00:00:00,constructor_standings_4765
9659,402,39,0.0,13,0,1987-11-01 00:00:00,constructor_standings_4766
9660,402,21,11.0,6,0,1987-11-01 00:00:00,constructor_standings_4767
9661,402,34,10.0,7,0,1987-11-01 00:00:00,constructor_standings_4768
9662,402,45,0.0,15,0,1987-11-01 00:00:00,constructor_standings_4769
9663,402,18,0.0,14,0,1987-11-01 00:00:00,constructor_standings_4770
9664,402,37,1.0,12,0,1987-11-01 00:00:00,constructor_standings_4771
9665,402,33,3.0,9,0,1987-11-01 00:00:00,constructor_standings_4772
9666,402,27,1.0,11,0,1987-11-01 00:00:00,constructor_standings_4773
9667,402,42,0.0,16,0,1987-11-01 00:00:00,constructor_standings_4774
9668,403,1,76.0,2,3,1987-11-15 00:00:00,constructor_standings_4775
9669,403,3,137.0,1,9,1987-11-15 00:00:00,constructor_standings_4776
9670,403,6,53.0,4,2,1987-11-15 00:00:00,constructor_standings_4777
9671,403,22,28.0,5,0,1987-11-15 00:00:00,constructor_standings_4778
9672,403,32,64.0,3,2,1987-11-15 00:00:00,constructor_standings_4779
9673,403,49,2.0,10,0,1987-11-15 00:00:00,constructor_standings_4780
9674,403,25,11.0,6,0,1987-11-15 00:00:00,constructor_standings_4781
9675,403,39,1.0,12,0,1987-11-15 00:00:00,constructor_standings_4782
9676,403,21,11.0,7,0,1987-11-15 00:00:00,constructor_standings_4783
9677,403,34,10.0,8,0,1987-11-15 00:00:00,constructor_standings_4784
9678,403,45,0.0,15,0,1987-11-15 00:00:00,constructor_standings_4785
9679,403,18,0.0,14,0,1987-11-15 00:00:00,constructor_standings_4786
9680,403,37,1.0,13,0,1987-11-15 00:00:00,constructor_standings_4787
9681,403,33,3.0,9,0,1987-11-15 00:00:00,constructor_standings_4788
9682,403,27,1.0,11,0,1987-11-15 00:00:00,constructor_standings_4789
9683,403,42,0.0,16,0,1987-11-15 00:00:00,constructor_standings_4790
9684,404,3,9.0,1,1,1986-03-23 00:00:00,constructor_standings_4791
9685,404,32,6.0,3,0,1986-03-23 00:00:00,constructor_standings_4792
9686,404,27,7.0,2,0,1986-03-23 00:00:00,constructor_standings_4793
9687,404,25,2.0,4,0,1986-03-23 00:00:00,constructor_standings_4794
9688,404,22,1.0,5,0,1986-03-23 00:00:00,constructor_standings_4795
9689,404,34,0.0,6,0,1986-03-23 00:00:00,constructor_standings_4796
9690,404,21,0.0,7,0,1986-03-23 00:00:00,constructor_standings_4797
9691,404,6,0.0,8,0,1986-03-23 00:00:00,constructor_standings_4798
9692,404,1,0.0,9,0,1986-03-23 00:00:00,constructor_standings_4799
9693,404,45,0.0,10,0,1986-03-23 00:00:00,constructor_standings_4800
9694,404,26,0.0,11,0,1986-03-23 00:00:00,constructor_standings_4801
9695,404,49,0.0,12,0,1986-03-23 00:00:00,constructor_standings_4802
9696,404,18,0.0,13,0,1986-03-23 00:00:00,constructor_standings_4803
9697,405,3,15.0,2,1,1986-04-13 00:00:00,constructor_standings_4804
9698,405,32,15.0,1,1,1986-04-13 00:00:00,constructor_standings_4805
9699,405,27,7.0,3,0,1986-04-13 00:00:00,constructor_standings_4806
9700,405,25,2.0,6,0,1986-04-13 00:00:00,constructor_standings_4807
9701,405,22,4.0,5,0,1986-04-13 00:00:00,constructor_standings_4808
9702,405,34,0.0,8,0,1986-04-13 00:00:00,constructor_standings_4809
9703,405,21,0.0,7,0,1986-04-13 00:00:00,constructor_standings_4810
9704,405,6,0.0,10,0,1986-04-13 00:00:00,constructor_standings_4811
9705,405,1,7.0,4,0,1986-04-13 00:00:00,constructor_standings_4812
9706,405,45,0.0,11,0,1986-04-13 00:00:00,constructor_standings_4813
9707,405,26,0.0,9,0,1986-04-13 00:00:00,constructor_standings_4814
9708,405,49,0.0,12,0,1986-04-13 00:00:00,constructor_standings_4815
9709,405,18,0.0,13,0,1986-04-13 00:00:00,constructor_standings_4816
9710,406,3,21.0,1,1,1986-04-27 00:00:00,constructor_standings_4817
9711,406,32,15.0,3,1,1986-04-27 00:00:00,constructor_standings_4818
9712,406,27,7.0,5,0,1986-04-27 00:00:00,constructor_standings_4819
9713,406,25,2.0,7,0,1986-04-27 00:00:00,constructor_standings_4820
9714,406,22,8.0,4,0,1986-04-27 00:00:00,constructor_standings_4821
9715,406,34,1.0,8,0,1986-04-27 00:00:00,constructor_standings_4822
9716,406,21,0.0,9,0,1986-04-27 00:00:00,constructor_standings_4823
9717,406,6,3.0,6,0,1986-04-27 00:00:00,constructor_standings_4824
9718,406,1,18.0,2,1,1986-04-27 00:00:00,constructor_standings_4825
9719,406,45,0.0,11,0,1986-04-27 00:00:00,constructor_standings_4826
9720,406,26,0.0,10,0,1986-04-27 00:00:00,constructor_standings_4827
9721,406,49,0.0,12,0,1986-04-27 00:00:00,constructor_standings_4828
9722,406,18,0.0,13,0,1986-04-27 00:00:00,constructor_standings_4829
9723,407,3,24.0,2,1,1986-05-11 00:00:00,constructor_standings_4830
9724,407,32,19.0,3,1,1986-05-11 00:00:00,constructor_standings_4831
9725,407,27,10.0,4,0,1986-05-11 00:00:00,constructor_standings_4832
9726,407,25,2.0,7,0,1986-05-11 00:00:00,constructor_standings_4833
9727,407,22,8.0,5,0,1986-05-11 00:00:00,constructor_standings_4834
9728,407,34,1.0,8,0,1986-05-11 00:00:00,constructor_standings_4835
9729,407,21,0.0,9,0,1986-05-11 00:00:00,constructor_standings_4836
9730,407,6,3.0,6,0,1986-05-11 00:00:00,constructor_standings_4837
9731,407,1,33.0,1,2,1986-05-11 00:00:00,constructor_standings_4838
9732,407,45,0.0,12,0,1986-05-11 00:00:00,constructor_standings_4839
9733,407,26,0.0,10,0,1986-05-11 00:00:00,constructor_standings_4840
9734,407,49,0.0,11,0,1986-05-11 00:00:00,constructor_standings_4841
9735,407,18,0.0,13,0,1986-05-11 00:00:00,constructor_standings_4842
9736,408,3,33.0,2,2,1986-05-25 00:00:00,constructor_standings_4843
9737,408,32,25.0,3,1,1986-05-25 00:00:00,constructor_standings_4844
9738,408,27,12.0,4,0,1986-05-25 00:00:00,constructor_standings_4845
9739,408,25,2.0,7,0,1986-05-25 00:00:00,constructor_standings_4846
9740,408,22,8.0,6,0,1986-05-25 00:00:00,constructor_standings_4847
9741,408,34,1.0,8,0,1986-05-25 00:00:00,constructor_standings_4848
9742,408,21,0.0,9,0,1986-05-25 00:00:00,constructor_standings_4849
9743,408,6,10.0,5,0,1986-05-25 00:00:00,constructor_standings_4850
9744,408,1,34.0,1,2,1986-05-25 00:00:00,constructor_standings_4851
9745,408,45,0.0,12,0,1986-05-25 00:00:00,constructor_standings_4852
9746,408,26,0.0,10,0,1986-05-25 00:00:00,constructor_standings_4853
9747,408,49,0.0,11,0,1986-05-25 00:00:00,constructor_standings_4854
9748,408,18,0.0,13,0,1986-05-25 00:00:00,constructor_standings_4855
9749,409,3,46.0,1,3,1986-06-15 00:00:00,constructor_standings_4856
9750,409,32,27.0,3,1,1986-06-15 00:00:00,constructor_standings_4857
9751,409,27,13.0,4,0,1986-06-15 00:00:00,constructor_standings_4858
9752,409,25,2.0,7,0,1986-06-15 00:00:00,constructor_standings_4859
9753,409,22,8.0,6,0,1986-06-15 00:00:00,constructor_standings_4860
9754,409,34,1.0,8,0,1986-06-15 00:00:00,constructor_standings_4861
9755,409,21,0.0,9,0,1986-06-15 00:00:00,constructor_standings_4862
9756,409,6,10.0,5,0,1986-06-15 00:00:00,constructor_standings_4863
9757,409,1,43.0,2,2,1986-06-15 00:00:00,constructor_standings_4864
9758,409,45,0.0,12,0,1986-06-15 00:00:00,constructor_standings_4865
9759,409,26,0.0,10,0,1986-06-15 00:00:00,constructor_standings_4866
9760,409,49,0.0,11,0,1986-06-15 00:00:00,constructor_standings_4867
9761,409,18,0.0,13,0,1986-06-15 00:00:00,constructor_standings_4868
9788,411,3,61.0,1,4,1986-07-06 00:00:00,constructor_standings_4869
9787,410,18,0.0,13,0,1986-06-22 00:00:00,constructor_standings_4870
9786,410,49,0.0,11,0,1986-06-22 00:00:00,constructor_standings_4871
9785,410,26,0.0,10,0,1986-06-22 00:00:00,constructor_standings_4872
9782,410,6,13.0,5,0,1986-06-22 00:00:00,constructor_standings_4873
9780,410,34,2.0,8,0,1986-06-22 00:00:00,constructor_standings_4874
9778,410,25,2.0,7,0,1986-06-22 00:00:00,constructor_standings_4875
9777,410,27,19.0,4,0,1986-06-22 00:00:00,constructor_standings_4876
9779,410,22,8.0,6,0,1986-06-22 00:00:00,constructor_standings_4877
9781,410,21,0.0,9,0,1986-06-22 00:00:00,constructor_standings_4878
9784,410,45,0.0,12,0,1986-06-22 00:00:00,constructor_standings_4879
9783,410,1,47.0,2,2,1986-06-22 00:00:00,constructor_standings_4880
9776,410,32,36.0,3,2,1986-06-22 00:00:00,constructor_standings_4881
9775,410,3,48.0,1,3,1986-06-22 00:00:00,constructor_standings_4882
9789,411,32,36.0,3,2,1986-07-06 00:00:00,constructor_standings_4883
9790,411,27,22.0,4,0,1986-07-06 00:00:00,constructor_standings_4884
9791,411,25,2.0,7,0,1986-07-06 00:00:00,constructor_standings_4885
9792,411,22,8.0,6,0,1986-07-06 00:00:00,constructor_standings_4886
9793,411,34,2.0,8,0,1986-07-06 00:00:00,constructor_standings_4887
9794,411,21,0.0,9,0,1986-07-06 00:00:00,constructor_standings_4888
9795,411,6,13.0,5,0,1986-07-06 00:00:00,constructor_standings_4889
9796,411,1,56.0,2,2,1986-07-06 00:00:00,constructor_standings_4890
9797,411,45,0.0,12,0,1986-07-06 00:00:00,constructor_standings_4891
9798,411,26,0.0,10,0,1986-07-06 00:00:00,constructor_standings_4892
9799,411,49,0.0,11,0,1986-07-06 00:00:00,constructor_standings_4893
9800,411,18,0.0,13,0,1986-07-06 00:00:00,constructor_standings_4894
9801,412,3,76.0,1,5,1986-07-13 00:00:00,constructor_standings_4895
9802,412,32,36.0,3,2,1986-07-13 00:00:00,constructor_standings_4896
9803,412,27,25.0,4,0,1986-07-13 00:00:00,constructor_standings_4897
9804,412,25,5.0,7,0,1986-07-13 00:00:00,constructor_standings_4898
9805,412,22,8.0,6,0,1986-07-13 00:00:00,constructor_standings_4899
9806,412,34,2.0,8,0,1986-07-13 00:00:00,constructor_standings_4900
9807,412,21,0.0,9,0,1986-07-13 00:00:00,constructor_standings_4901
9808,412,6,13.0,5,0,1986-07-13 00:00:00,constructor_standings_4902
9809,412,1,60.0,2,2,1986-07-13 00:00:00,constructor_standings_4903
9810,412,45,0.0,12,0,1986-07-13 00:00:00,constructor_standings_4904
9811,412,26,0.0,11,0,1986-07-13 00:00:00,constructor_standings_4905
9812,412,49,0.0,10,0,1986-07-13 00:00:00,constructor_standings_4906
9813,412,18,0.0,13,0,1986-07-13 00:00:00,constructor_standings_4907
9814,413,3,89.0,1,6,1986-07-27 00:00:00,constructor_standings_4908
9815,413,32,42.0,3,2,1986-07-27 00:00:00,constructor_standings_4909
9816,413,27,28.0,4,0,1986-07-27 00:00:00,constructor_standings_4910
9817,413,25,5.0,7,0,1986-07-27 00:00:00,constructor_standings_4911
9818,413,22,8.0,6,0,1986-07-27 00:00:00,constructor_standings_4912
9819,413,34,2.0,8,0,1986-07-27 00:00:00,constructor_standings_4913
9820,413,21,0.0,9,0,1986-07-27 00:00:00,constructor_standings_4914
9821,413,6,13.0,5,0,1986-07-27 00:00:00,constructor_standings_4915
9822,413,1,63.0,2,2,1986-07-27 00:00:00,constructor_standings_4916
9823,413,45,0.0,12,0,1986-07-27 00:00:00,constructor_standings_4917
9824,413,26,0.0,10,0,1986-07-27 00:00:00,constructor_standings_4918
9825,413,49,0.0,11,0,1986-07-27 00:00:00,constructor_standings_4919
9826,413,18,0.0,13,0,1986-07-27 00:00:00,constructor_standings_4920
9827,414,3,102.0,1,7,1986-08-10 00:00:00,constructor_standings_4921
9828,414,32,50.0,3,2,1986-08-10 00:00:00,constructor_standings_4922
9829,414,27,28.0,4,0,1986-08-10 00:00:00,constructor_standings_4923
9830,414,25,6.0,7,0,1986-08-10 00:00:00,constructor_standings_4924
9831,414,22,8.0,6,0,1986-08-10 00:00:00,constructor_standings_4925
9832,414,34,2.0,8,0,1986-08-10 00:00:00,constructor_standings_4926
9833,414,21,0.0,9,0,1986-08-10 00:00:00,constructor_standings_4927
9834,414,6,16.0,5,0,1986-08-10 00:00:00,constructor_standings_4928
9835,414,1,63.0,2,2,1986-08-10 00:00:00,constructor_standings_4929
9836,414,45,0.0,12,0,1986-08-10 00:00:00,constructor_standings_4930
9837,414,26,0.0,10,0,1986-08-10 00:00:00,constructor_standings_4931
9838,414,49,0.0,11,0,1986-08-10 00:00:00,constructor_standings_4932
9839,414,18,0.0,13,0,1986-08-10 00:00:00,constructor_standings_4933
9840,415,3,102.0,1,7,1986-08-17 00:00:00,constructor_standings_4934
9841,415,32,50.0,3,2,1986-08-17 00:00:00,constructor_standings_4935
9842,415,27,28.0,4,0,1986-08-17 00:00:00,constructor_standings_4936
9843,415,25,6.0,7,0,1986-08-17 00:00:00,constructor_standings_4937
9844,415,22,8.0,6,0,1986-08-17 00:00:00,constructor_standings_4938
9845,415,34,2.0,9,0,1986-08-17 00:00:00,constructor_standings_4939
9846,415,21,1.0,10,0,1986-08-17 00:00:00,constructor_standings_4940
9847,415,6,26.0,5,0,1986-08-17 00:00:00,constructor_standings_4941
9848,415,1,72.0,2,3,1986-08-17 00:00:00,constructor_standings_4942
9849,415,45,0.0,12,0,1986-08-17 00:00:00,constructor_standings_4943
9850,415,26,5.0,8,0,1986-08-17 00:00:00,constructor_standings_4944
9851,415,49,0.0,11,0,1986-08-17 00:00:00,constructor_standings_4945
9852,415,18,0.0,13,0,1986-08-17 00:00:00,constructor_standings_4946
9853,416,3,117.0,1,8,1986-09-07 00:00:00,constructor_standings_4947
9854,416,32,50.0,3,2,1986-09-07 00:00:00,constructor_standings_4948
9855,416,27,28.0,5,0,1986-09-07 00:00:00,constructor_standings_4949
9856,416,25,6.0,8,0,1986-09-07 00:00:00,constructor_standings_4950
9857,416,22,10.0,6,0,1986-09-07 00:00:00,constructor_standings_4951
9858,416,34,2.0,9,0,1986-09-07 00:00:00,constructor_standings_4952
9859,416,21,1.0,10,0,1986-09-07 00:00:00,constructor_standings_4953
9860,416,6,30.0,4,0,1986-09-07 00:00:00,constructor_standings_4954
9861,416,1,75.0,2,3,1986-09-07 00:00:00,constructor_standings_4955
9862,416,45,0.0,12,0,1986-09-07 00:00:00,constructor_standings_4956
9863,416,26,6.0,7,0,1986-09-07 00:00:00,constructor_standings_4957
9864,416,49,0.0,11,0,1986-09-07 00:00:00,constructor_standings_4958
9865,416,18,0.0,13,0,1986-09-07 00:00:00,constructor_standings_4959
9866,416,39,0.0,14,0,1986-09-07 00:00:00,constructor_standings_4960
9867,417,3,130.0,1,9,1986-09-21 00:00:00,constructor_standings_4961
9868,417,32,53.0,3,2,1986-09-21 00:00:00,constructor_standings_4962
9869,417,27,28.0,5,0,1986-09-21 00:00:00,constructor_standings_4963
9870,417,25,6.0,8,0,1986-09-21 00:00:00,constructor_standings_4964
9871,417,22,10.0,6,0,1986-09-21 00:00:00,constructor_standings_4965
9872,417,34,2.0,9,0,1986-09-21 00:00:00,constructor_standings_4966
9873,417,21,1.0,10,0,1986-09-21 00:00:00,constructor_standings_4967
9874,417,6,33.0,4,0,1986-09-21 00:00:00,constructor_standings_4968
9875,417,1,81.0,2,3,1986-09-21 00:00:00,constructor_standings_4969
9876,417,45,0.0,12,0,1986-09-21 00:00:00,constructor_standings_4970
9877,417,26,6.0,7,0,1986-09-21 00:00:00,constructor_standings_4971
9878,417,49,0.0,11,0,1986-09-21 00:00:00,constructor_standings_4972
9879,417,18,0.0,13,0,1986-09-21 00:00:00,constructor_standings_4973
9880,417,39,0.0,14,0,1986-09-21 00:00:00,constructor_standings_4974
9881,418,3,135.0,1,9,1986-10-12 00:00:00,constructor_standings_4975
9882,418,32,57.0,3,2,1986-10-12 00:00:00,constructor_standings_4976
9883,418,27,29.0,5,0,1986-10-12 00:00:00,constructor_standings_4977
9884,418,25,6.0,8,0,1986-10-12 00:00:00,constructor_standings_4978
9885,418,22,19.0,6,1,1986-10-12 00:00:00,constructor_standings_4979
9886,418,34,2.0,9,0,1986-10-12 00:00:00,constructor_standings_4980
9887,418,21,1.0,10,0,1986-10-12 00:00:00,constructor_standings_4981
9888,418,6,33.0,4,0,1986-10-12 00:00:00,constructor_standings_4982
9889,418,1,87.0,2,3,1986-10-12 00:00:00,constructor_standings_4983
9890,418,45,0.0,13,0,1986-10-12 00:00:00,constructor_standings_4984
9891,418,26,6.0,7,0,1986-10-12 00:00:00,constructor_standings_4985
9892,418,49,0.0,11,0,1986-10-12 00:00:00,constructor_standings_4986
9893,418,18,0.0,12,0,1986-10-12 00:00:00,constructor_standings_4987
9894,418,39,0.0,14,0,1986-10-12 00:00:00,constructor_standings_4988
9895,419,3,141.0,1,9,1986-10-26 00:00:00,constructor_standings_4989
9896,419,32,58.0,3,2,1986-10-26 00:00:00,constructor_standings_4990
9897,419,27,29.0,5,0,1986-10-26 00:00:00,constructor_standings_4991
9898,419,25,11.0,7,0,1986-10-26 00:00:00,constructor_standings_4992
9899,419,22,19.0,6,1,1986-10-26 00:00:00,constructor_standings_4993
9900,419,34,2.0,9,0,1986-10-26 00:00:00,constructor_standings_4994
9901,419,21,1.0,10,0,1986-10-26 00:00:00,constructor_standings_4995
9902,419,6,37.0,4,0,1986-10-26 00:00:00,constructor_standings_4996
9903,419,1,96.0,2,4,1986-10-26 00:00:00,constructor_standings_4997
9904,419,45,0.0,13,0,1986-10-26 00:00:00,constructor_standings_4998
9905,419,26,6.0,8,0,1986-10-26 00:00:00,constructor_standings_4999
9906,419,49,0.0,11,0,1986-10-26 00:00:00,constructor_standings_5000
9907,419,18,0.0,12,0,1986-10-26 00:00:00,constructor_standings_5001
9908,419,39,0.0,14,0,1986-10-26 00:00:00,constructor_standings_5002
9909,420,1,9.0,1,1,1985-04-07 00:00:00,constructor_standings_5003
9910,420,6,9.0,2,0,1985-04-07 00:00:00,constructor_standings_5004
9911,420,32,4.0,3,0,1985-04-07 00:00:00,constructor_standings_5005
9912,420,4,2.0,4,0,1985-04-07 00:00:00,constructor_standings_5006
9913,420,27,1.0,5,0,1985-04-07 00:00:00,constructor_standings_5007
9914,420,25,0.0,6,0,1985-04-07 00:00:00,constructor_standings_5008
9915,420,50,0.0,7,0,1985-04-07 00:00:00,constructor_standings_5009
9916,420,21,0.0,8,0,1985-04-07 00:00:00,constructor_standings_5010
9917,420,45,0.0,9,0,1985-04-07 00:00:00,constructor_standings_5011
9918,420,51,0.0,10,0,1985-04-07 00:00:00,constructor_standings_5012
9919,420,18,0.0,11,0,1985-04-07 00:00:00,constructor_standings_5013
9920,420,3,0.0,12,0,1985-04-07 00:00:00,constructor_standings_5014
9921,420,34,0.0,13,0,1985-04-07 00:00:00,constructor_standings_5015
9922,420,52,0.0,14,0,1985-04-07 00:00:00,constructor_standings_5016
9923,421,1,9.0,3,1,1985-04-21 00:00:00,constructor_standings_5017
9924,421,6,15.0,2,0,1985-04-21 00:00:00,constructor_standings_5018
9925,421,32,16.0,1,1,1985-04-21 00:00:00,constructor_standings_5019
9926,421,4,6.0,4,0,1985-04-21 00:00:00,constructor_standings_5020
9927,421,27,1.0,7,0,1985-04-21 00:00:00,constructor_standings_5021
9928,421,25,1.0,6,0,1985-04-21 00:00:00,constructor_standings_5022
9929,421,50,0.0,9,0,1985-04-21 00:00:00,constructor_standings_5023
9930,421,21,0.0,10,0,1985-04-21 00:00:00,constructor_standings_5024
9931,421,45,0.0,8,0,1985-04-21 00:00:00,constructor_standings_5025
9932,421,51,0.0,11,0,1985-04-21 00:00:00,constructor_standings_5026
9933,421,18,0.0,13,0,1985-04-21 00:00:00,constructor_standings_5027
9934,421,3,2.0,5,0,1985-04-21 00:00:00,constructor_standings_5028
9935,421,34,0.0,12,0,1985-04-21 00:00:00,constructor_standings_5029
9936,421,52,0.0,14,0,1985-04-21 00:00:00,constructor_standings_5030
9937,421,49,0.0,15,0,1985-04-21 00:00:00,constructor_standings_5031
9938,422,1,12.0,3,1,1985-05-05 00:00:00,constructor_standings_5032
9939,422,6,16.0,2,0,1985-05-05 00:00:00,constructor_standings_5033
9940,422,32,25.0,1,2,1985-05-05 00:00:00,constructor_standings_5034
9941,422,4,10.0,4,0,1985-05-05 00:00:00,constructor_standings_5035
9942,422,27,1.0,8,0,1985-05-05 00:00:00,constructor_standings_5036
9943,422,25,1.0,7,0,1985-05-05 00:00:00,constructor_standings_5037
9944,422,50,0.0,11,0,1985-05-05 00:00:00,constructor_standings_5038
9945,422,21,6.0,5,0,1985-05-05 00:00:00,constructor_standings_5039
9946,422,45,0.0,10,0,1985-05-05 00:00:00,constructor_standings_5040
9947,422,51,0.0,12,0,1985-05-05 00:00:00,constructor_standings_5041
9948,422,18,0.0,13,0,1985-05-05 00:00:00,constructor_standings_5042
9949,422,3,4.0,6,0,1985-05-05 00:00:00,constructor_standings_5043
9950,422,34,0.0,9,0,1985-05-05 00:00:00,constructor_standings_5044
9951,422,52,0.0,14,0,1985-05-05 00:00:00,constructor_standings_5045
9952,422,49,0.0,15,0,1985-05-05 00:00:00,constructor_standings_5046
9953,423,1,21.0,3,2,1985-05-19 00:00:00,constructor_standings_5047
9954,423,6,22.0,2,0,1985-05-19 00:00:00,constructor_standings_5048
9955,423,32,29.0,1,2,1985-05-19 00:00:00,constructor_standings_5049
9956,423,4,12.0,4,0,1985-05-19 00:00:00,constructor_standings_5050
9957,423,27,5.0,6,0,1985-05-19 00:00:00,constructor_standings_5051
9958,423,25,1.0,8,0,1985-05-19 00:00:00,constructor_standings_5052
9959,423,50,0.0,11,0,1985-05-19 00:00:00,constructor_standings_5053
9960,423,21,6.0,5,0,1985-05-19 00:00:00,constructor_standings_5054
9961,423,45,0.0,10,0,1985-05-19 00:00:00,constructor_standings_5055
9962,423,51,0.0,13,0,1985-05-19 00:00:00,constructor_standings_5056
9963,423,18,0.0,15,0,1985-05-19 00:00:00,constructor_standings_5057
9964,423,3,4.0,7,0,1985-05-19 00:00:00,constructor_standings_5058
9965,423,34,0.0,9,0,1985-05-19 00:00:00,constructor_standings_5059
9966,423,52,0.0,16,0,1985-05-19 00:00:00,constructor_standings_5060
9967,423,49,0.0,12,0,1985-05-19 00:00:00,constructor_standings_5061
9968,423,53,0.0,14,0,1985-05-19 00:00:00,constructor_standings_5062
9969,424,1,25.0,3,2,1985-06-16 00:00:00,constructor_standings_5063
9970,424,6,37.0,1,1,1985-06-16 00:00:00,constructor_standings_5064
9971,424,32,31.0,2,2,1985-06-16 00:00:00,constructor_standings_5065
9972,424,4,12.0,4,0,1985-06-16 00:00:00,constructor_standings_5066
9973,424,27,5.0,7,0,1985-06-16 00:00:00,constructor_standings_5067
9974,424,25,1.0,8,0,1985-06-16 00:00:00,constructor_standings_5068
9975,424,50,0.0,11,0,1985-06-16 00:00:00,constructor_standings_5069
9976,424,21,6.0,6,0,1985-06-16 00:00:00,constructor_standings_5070
9977,424,45,0.0,10,0,1985-06-16 00:00:00,constructor_standings_5071
9978,424,51,0.0,12,0,1985-06-16 00:00:00,constructor_standings_5072
9979,424,18,0.0,15,0,1985-06-16 00:00:00,constructor_standings_5073
9980,424,3,8.0,5,0,1985-06-16 00:00:00,constructor_standings_5074
9981,424,34,0.0,9,0,1985-06-16 00:00:00,constructor_standings_5075
9982,424,52,0.0,16,0,1985-06-16 00:00:00,constructor_standings_5076
9983,424,49,0.0,13,0,1985-06-16 00:00:00,constructor_standings_5077
9984,424,53,0.0,14,0,1985-06-16 00:00:00,constructor_standings_5078
10031,425,49,0.0,13,0,1985-06-23 00:00:00,constructor_standings_5079
10029,425,34,1.0,9,0,1985-06-23 00:00:00,constructor_standings_5080
10019,425,32,33.0,2,2,1985-06-23 00:00:00,constructor_standings_5081
10032,425,53,0.0,14,0,1985-06-23 00:00:00,constructor_standings_5082
10030,425,52,0.0,16,0,1985-06-23 00:00:00,constructor_standings_5083
10028,425,3,17.0,4,1,1985-06-23 00:00:00,constructor_standings_5084
10027,425,18,0.0,15,0,1985-06-23 00:00:00,constructor_standings_5085
10020,425,4,12.0,5,0,1985-06-23 00:00:00,constructor_standings_5086
10023,425,50,0.0,12,0,1985-06-23 00:00:00,constructor_standings_5087
10024,425,21,6.0,6,0,1985-06-23 00:00:00,constructor_standings_5088
10025,425,45,0.0,11,0,1985-06-23 00:00:00,constructor_standings_5089
10026,425,51,0.0,10,0,1985-06-23 00:00:00,constructor_standings_5090
10022,425,25,4.0,8,0,1985-06-23 00:00:00,constructor_standings_5091
10021,425,27,5.0,7,0,1985-06-23 00:00:00,constructor_standings_5092
10018,425,6,47.0,1,1,1985-06-23 00:00:00,constructor_standings_5093
10017,425,1,25.0,3,2,1985-06-23 00:00:00,constructor_standings_5094
10064,426,53,0.0,14,0,1985-07-07 00:00:00,constructor_standings_5095
10062,426,52,0.0,16,0,1985-07-07 00:00:00,constructor_standings_5096
10061,426,34,10.0,6,1,1985-07-07 00:00:00,constructor_standings_5097
10059,426,18,0.0,15,0,1985-07-07 00:00:00,constructor_standings_5098
10057,426,45,0.0,12,0,1985-07-07 00:00:00,constructor_standings_5099
10056,426,21,6.0,7,0,1985-07-07 00:00:00,constructor_standings_5100
10054,426,25,4.0,9,0,1985-07-07 00:00:00,constructor_standings_5101
10050,426,6,50.0,1,1,1985-07-07 00:00:00,constructor_standings_5102
10055,426,50,0.0,11,0,1985-07-07 00:00:00,constructor_standings_5103
10053,426,27,5.0,8,0,1985-07-07 00:00:00,constructor_standings_5104
10063,426,49,0.0,13,0,1985-07-07 00:00:00,constructor_standings_5105
10058,426,51,0.0,10,0,1985-07-07 00:00:00,constructor_standings_5106
10060,426,3,23.0,4,1,1985-07-07 00:00:00,constructor_standings_5107
10051,426,32,35.0,2,2,1985-07-07 00:00:00,constructor_standings_5108
10049,426,1,29.0,3,2,1985-07-07 00:00:00,constructor_standings_5109
10052,426,4,13.0,5,0,1985-07-07 00:00:00,constructor_standings_5110
10065,427,1,38.0,2,3,1985-07-21 00:00:00,constructor_standings_5111
10066,427,6,56.0,1,1,1985-07-21 00:00:00,constructor_standings_5112
10067,427,32,35.0,3,2,1985-07-21 00:00:00,constructor_standings_5113
10068,427,4,15.0,5,0,1985-07-21 00:00:00,constructor_standings_5114
10069,427,27,9.0,7,0,1985-07-21 00:00:00,constructor_standings_5115
10070,427,25,4.0,9,0,1985-07-21 00:00:00,constructor_standings_5116
10071,427,50,0.0,11,0,1985-07-21 00:00:00,constructor_standings_5117
10072,427,21,6.0,8,0,1985-07-21 00:00:00,constructor_standings_5118
10073,427,45,0.0,12,0,1985-07-21 00:00:00,constructor_standings_5119
10074,427,51,0.0,10,0,1985-07-21 00:00:00,constructor_standings_5120
10075,427,18,0.0,15,0,1985-07-21 00:00:00,constructor_standings_5121
10076,427,3,23.0,4,1,1985-07-21 00:00:00,constructor_standings_5122
10077,427,34,14.0,6,1,1985-07-21 00:00:00,constructor_standings_5123
10078,427,52,0.0,16,0,1985-07-21 00:00:00,constructor_standings_5124
10079,427,49,0.0,13,0,1985-07-21 00:00:00,constructor_standings_5125
10080,427,53,0.0,14,0,1985-07-21 00:00:00,constructor_standings_5126
10081,428,1,46.0,2,3,1985-08-04 00:00:00,constructor_standings_5127
10082,428,6,65.0,1,2,1985-08-04 00:00:00,constructor_standings_5128
10083,428,32,35.0,3,2,1985-08-04 00:00:00,constructor_standings_5129
10084,428,4,15.0,5,0,1985-08-04 00:00:00,constructor_standings_5130
10085,428,27,13.0,7,0,1985-08-04 00:00:00,constructor_standings_5131
10086,428,25,4.0,9,0,1985-08-04 00:00:00,constructor_standings_5132
10087,428,50,0.0,11,0,1985-08-04 00:00:00,constructor_standings_5133
10088,428,21,9.0,8,0,1985-08-04 00:00:00,constructor_standings_5134
10089,428,45,0.0,12,0,1985-08-04 00:00:00,constructor_standings_5135
10090,428,51,0.0,10,0,1985-08-04 00:00:00,constructor_standings_5136
10091,428,18,0.0,13,0,1985-08-04 00:00:00,constructor_standings_5137
10092,428,3,24.0,4,1,1985-08-04 00:00:00,constructor_standings_5138
10093,428,34,14.0,6,1,1985-08-04 00:00:00,constructor_standings_5139
10094,428,52,0.0,16,0,1985-08-04 00:00:00,constructor_standings_5140
10095,428,49,0.0,14,0,1985-08-04 00:00:00,constructor_standings_5141
10096,428,53,0.0,15,0,1985-08-04 00:00:00,constructor_standings_5142
10097,429,1,55.0,2,4,1985-08-18 00:00:00,constructor_standings_5143
10098,429,6,72.0,1,2,1985-08-18 00:00:00,constructor_standings_5144
10099,429,32,43.0,3,2,1985-08-18 00:00:00,constructor_standings_5145
10100,429,4,15.0,6,0,1985-08-18 00:00:00,constructor_standings_5146
10101,429,27,13.0,7,0,1985-08-18 00:00:00,constructor_standings_5147
10102,429,25,4.0,9,0,1985-08-18 00:00:00,constructor_standings_5148
10103,429,50,0.0,12,0,1985-08-18 00:00:00,constructor_standings_5149
10104,429,21,9.0,8,0,1985-08-18 00:00:00,constructor_standings_5150
10105,429,45,0.0,11,0,1985-08-18 00:00:00,constructor_standings_5151
10106,429,51,0.0,10,0,1985-08-18 00:00:00,constructor_standings_5152
10107,429,18,0.0,13,0,1985-08-18 00:00:00,constructor_standings_5153
10108,429,3,24.0,4,1,1985-08-18 00:00:00,constructor_standings_5154
10109,429,34,15.0,5,1,1985-08-18 00:00:00,constructor_standings_5155
10110,429,52,0.0,16,0,1985-08-18 00:00:00,constructor_standings_5156
10111,429,49,0.0,14,0,1985-08-18 00:00:00,constructor_standings_5157
10112,429,53,0.0,15,0,1985-08-18 00:00:00,constructor_standings_5158
10113,430,1,70.0,2,5,1985-08-25 00:00:00,constructor_standings_5159
10114,430,6,75.0,1,2,1985-08-25 00:00:00,constructor_standings_5160
10115,430,32,49.0,3,2,1985-08-25 00:00:00,constructor_standings_5161
10116,430,4,15.0,6,0,1985-08-25 00:00:00,constructor_standings_5162
10117,430,27,13.0,7,0,1985-08-25 00:00:00,constructor_standings_5163
10118,430,25,4.0,9,0,1985-08-25 00:00:00,constructor_standings_5164
10119,430,50,0.0,12,0,1985-08-25 00:00:00,constructor_standings_5165
10120,430,21,9.0,8,0,1985-08-25 00:00:00,constructor_standings_5166
10121,430,45,0.0,11,0,1985-08-25 00:00:00,constructor_standings_5167
10122,430,51,0.0,10,0,1985-08-25 00:00:00,constructor_standings_5168
10123,430,18,0.0,13,0,1985-08-25 00:00:00,constructor_standings_5169
10124,430,3,25.0,4,1,1985-08-25 00:00:00,constructor_standings_5170
10125,430,34,15.0,5,1,1985-08-25 00:00:00,constructor_standings_5171
10126,430,52,0.0,16,0,1985-08-25 00:00:00,constructor_standings_5172
10127,430,49,0.0,14,0,1985-08-25 00:00:00,constructor_standings_5173
10128,430,53,0.0,15,0,1985-08-25 00:00:00,constructor_standings_5174
10129,431,1,79.0,1,6,1985-09-08 00:00:00,constructor_standings_5175
10130,431,6,77.0,2,2,1985-09-08 00:00:00,constructor_standings_5176
10131,431,32,54.0,3,2,1985-09-08 00:00:00,constructor_standings_5177
10132,431,4,15.0,6,0,1985-09-08 00:00:00,constructor_standings_5178
10133,431,27,13.0,7,0,1985-09-08 00:00:00,constructor_standings_5179
10134,431,25,4.0,9,0,1985-09-08 00:00:00,constructor_standings_5180
10135,431,50,0.0,12,0,1985-09-08 00:00:00,constructor_standings_5181
10136,431,21,9.0,8,0,1985-09-08 00:00:00,constructor_standings_5182
10137,431,45,0.0,11,0,1985-09-08 00:00:00,constructor_standings_5183
10138,431,51,0.0,10,0,1985-09-08 00:00:00,constructor_standings_5184
10139,431,18,0.0,13,0,1985-09-08 00:00:00,constructor_standings_5185
10140,431,3,25.0,4,1,1985-09-08 00:00:00,constructor_standings_5186
10141,431,34,24.0,5,1,1985-09-08 00:00:00,constructor_standings_5187
10142,431,52,0.0,16,0,1985-09-08 00:00:00,constructor_standings_5188
10143,431,49,0.0,14,0,1985-09-08 00:00:00,constructor_standings_5189
10144,431,53,0.0,15,0,1985-09-08 00:00:00,constructor_standings_5190
10145,431,26,0.0,17,0,1985-09-08 00:00:00,constructor_standings_5191
10146,432,1,83.0,1,6,1985-09-15 00:00:00,constructor_standings_5192
10147,432,6,77.0,2,2,1985-09-15 00:00:00,constructor_standings_5193
10148,432,32,63.0,3,3,1985-09-15 00:00:00,constructor_standings_5194
10149,432,4,16.0,6,0,1985-09-15 00:00:00,constructor_standings_5195
10150,432,27,13.0,7,0,1985-09-15 00:00:00,constructor_standings_5196
10151,432,25,4.0,9,0,1985-09-15 00:00:00,constructor_standings_5197
10152,432,50,0.0,12,0,1985-09-15 00:00:00,constructor_standings_5198
10153,432,21,9.0,8,0,1985-09-15 00:00:00,constructor_standings_5199
10154,432,45,0.0,11,0,1985-09-15 00:00:00,constructor_standings_5200
10155,432,51,0.0,10,0,1985-09-15 00:00:00,constructor_standings_5201
10156,432,18,0.0,13,0,1985-09-15 00:00:00,constructor_standings_5202
10157,432,3,34.0,4,1,1985-09-15 00:00:00,constructor_standings_5203
10158,432,34,26.0,5,1,1985-09-15 00:00:00,constructor_standings_5204
10159,432,52,0.0,16,0,1985-09-15 00:00:00,constructor_standings_5205
10160,432,49,0.0,14,0,1985-09-15 00:00:00,constructor_standings_5206
10161,432,53,0.0,15,0,1985-09-15 00:00:00,constructor_standings_5207
10162,432,26,0.0,17,0,1985-09-15 00:00:00,constructor_standings_5208
10163,433,1,86.0,1,6,1985-10-06 00:00:00,constructor_standings_5209
10164,433,6,77.0,2,2,1985-10-06 00:00:00,constructor_standings_5210
10165,433,32,71.0,3,3,1985-10-06 00:00:00,constructor_standings_5211
10166,433,4,16.0,6,0,1985-10-06 00:00:00,constructor_standings_5212
10167,433,27,13.0,7,0,1985-10-06 00:00:00,constructor_standings_5213
10168,433,25,4.0,9,0,1985-10-06 00:00:00,constructor_standings_5214
10169,433,50,0.0,12,0,1985-10-06 00:00:00,constructor_standings_5215
10170,433,21,10.0,8,0,1985-10-06 00:00:00,constructor_standings_5216
10171,433,45,0.0,11,0,1985-10-06 00:00:00,constructor_standings_5217
10172,433,51,0.0,10,0,1985-10-06 00:00:00,constructor_standings_5218
10173,433,18,0.0,13,0,1985-10-06 00:00:00,constructor_standings_5219
10174,433,3,47.0,4,2,1985-10-06 00:00:00,constructor_standings_5220
10175,433,34,26.0,5,1,1985-10-06 00:00:00,constructor_standings_5221
10176,433,52,0.0,16,0,1985-10-06 00:00:00,constructor_standings_5222
10177,433,49,0.0,14,0,1985-10-06 00:00:00,constructor_standings_5223
10178,433,53,0.0,15,0,1985-10-06 00:00:00,constructor_standings_5224
10179,433,26,0.0,17,0,1985-10-06 00:00:00,constructor_standings_5225
10180,434,1,90.0,1,6,1985-10-19 00:00:00,constructor_standings_5226
10181,434,6,80.0,2,2,1985-10-19 00:00:00,constructor_standings_5227
10182,434,32,71.0,3,3,1985-10-19 00:00:00,constructor_standings_5228
10183,434,4,16.0,6,0,1985-10-19 00:00:00,constructor_standings_5229
10184,434,27,13.0,8,0,1985-10-19 00:00:00,constructor_standings_5230
10185,434,25,4.0,9,0,1985-10-19 00:00:00,constructor_standings_5231
10186,434,50,0.0,12,0,1985-10-19 00:00:00,constructor_standings_5232
10187,434,21,13.0,7,0,1985-10-19 00:00:00,constructor_standings_5233
10188,434,45,0.0,11,0,1985-10-19 00:00:00,constructor_standings_5234
10189,434,51,0.0,10,0,1985-10-19 00:00:00,constructor_standings_5235
10190,434,18,0.0,13,0,1985-10-19 00:00:00,constructor_standings_5236
10191,434,3,62.0,4,3,1985-10-19 00:00:00,constructor_standings_5237
10192,434,34,26.0,5,1,1985-10-19 00:00:00,constructor_standings_5238
10193,434,52,0.0,16,0,1985-10-19 00:00:00,constructor_standings_5239
10194,434,49,0.0,14,0,1985-10-19 00:00:00,constructor_standings_5240
10195,434,53,0.0,15,0,1985-10-19 00:00:00,constructor_standings_5241
10196,434,26,0.0,17,0,1985-10-19 00:00:00,constructor_standings_5242
10197,435,1,90.0,1,6,1985-11-03 00:00:00,constructor_standings_5243
10198,435,6,82.0,2,2,1985-11-03 00:00:00,constructor_standings_5244
10199,435,32,71.0,4,3,1985-11-03 00:00:00,constructor_standings_5245
10200,435,4,16.0,7,0,1985-11-03 00:00:00,constructor_standings_5246
10201,435,27,23.0,6,0,1985-11-03 00:00:00,constructor_standings_5247
10202,435,25,7.0,9,0,1985-11-03 00:00:00,constructor_standings_5248
10203,435,50,0.0,13,0,1985-11-03 00:00:00,constructor_standings_5249
10204,435,21,14.0,8,0,1985-11-03 00:00:00,constructor_standings_5250
10205,435,45,0.0,10,0,1985-11-03 00:00:00,constructor_standings_5251
10206,435,51,0.0,12,0,1985-11-03 00:00:00,constructor_standings_5252
10207,435,18,0.0,11,0,1985-11-03 00:00:00,constructor_standings_5253
10208,435,3,71.0,3,4,1985-11-03 00:00:00,constructor_standings_5254
10209,435,34,26.0,5,1,1985-11-03 00:00:00,constructor_standings_5255
10210,435,52,0.0,16,0,1985-11-03 00:00:00,constructor_standings_5256
10211,435,49,0.0,14,0,1985-11-03 00:00:00,constructor_standings_5257
10212,435,53,0.0,15,0,1985-11-03 00:00:00,constructor_standings_5258
10213,435,26,0.0,17,0,1985-11-03 00:00:00,constructor_standings_5259
10214,436,1,9.0,1,1,1984-03-25 00:00:00,constructor_standings_5260
10215,436,3,6.0,2,0,1984-03-25 00:00:00,constructor_standings_5261
10216,436,32,4.0,3,0,1984-03-25 00:00:00,constructor_standings_5262
10217,436,51,3.0,4,0,1984-03-25 00:00:00,constructor_standings_5263
10218,436,4,2.0,5,0,1984-03-25 00:00:00,constructor_standings_5264
10219,436,21,1.0,6,0,1984-03-25 00:00:00,constructor_standings_5265
10220,436,50,0.0,7,0,1984-03-25 00:00:00,constructor_standings_5266
10221,436,27,0.0,8,0,1984-03-25 00:00:00,constructor_standings_5267
10222,436,34,0.0,9,0,1984-03-25 00:00:00,constructor_standings_5268
10223,436,6,0.0,10,0,1984-03-25 00:00:00,constructor_standings_5269
10224,436,45,0.0,11,0,1984-03-25 00:00:00,constructor_standings_5270
10225,436,53,0.0,12,0,1984-03-25 00:00:00,constructor_standings_5271
10226,436,52,0.0,13,0,1984-03-25 00:00:00,constructor_standings_5272
10227,437,1,24.0,1,2,1984-04-07 00:00:00,constructor_standings_5273
10228,437,3,6.0,2,0,1984-04-07 00:00:00,constructor_standings_5274
10229,437,32,4.0,5,0,1984-04-07 00:00:00,constructor_standings_5275
10230,437,51,6.0,4,0,1984-04-07 00:00:00,constructor_standings_5276
10231,437,4,6.0,3,0,1984-04-07 00:00:00,constructor_standings_5277
10232,437,21,1.0,7,0,1984-04-07 00:00:00,constructor_standings_5278
10233,437,50,0.0,9,0,1984-04-07 00:00:00,constructor_standings_5279
10234,437,27,2.0,6,0,1984-04-07 00:00:00,constructor_standings_5280
10235,437,34,0.0,13,0,1984-04-07 00:00:00,constructor_standings_5281
10236,437,6,0.0,11,0,1984-04-07 00:00:00,constructor_standings_5282
10237,437,45,0.0,15,0,1984-04-07 00:00:00,constructor_standings_5283
10238,437,53,1.0,8,0,1984-04-07 00:00:00,constructor_standings_5284
10239,437,52,0.0,10,0,1984-04-07 00:00:00,constructor_standings_5285
10240,437,25,0.0,12,0,1984-04-07 00:00:00,constructor_standings_5286
10241,437,54,0.0,14,0,1984-04-07 00:00:00,constructor_standings_5287
10242,438,1,24.0,1,2,1984-04-29 00:00:00,constructor_standings_5288
10243,438,3,9.0,4,0,1984-04-29 00:00:00,constructor_standings_5289
10244,438,32,6.0,5,0,1984-04-29 00:00:00,constructor_standings_5290
10245,438,51,6.0,6,0,1984-04-29 00:00:00,constructor_standings_5291
10246,438,4,12.0,3,0,1984-04-29 00:00:00,constructor_standings_5292
10247,438,21,1.0,9,0,1984-04-29 00:00:00,constructor_standings_5293
10248,438,50,0.0,10,0,1984-04-29 00:00:00,constructor_standings_5294
10249,438,27,2.0,7,0,1984-04-29 00:00:00,constructor_standings_5295
10250,438,34,0.0,12,0,1984-04-29 00:00:00,constructor_standings_5296
10251,438,6,13.0,2,1,1984-04-29 00:00:00,constructor_standings_5297
10252,438,45,0.0,15,0,1984-04-29 00:00:00,constructor_standings_5298
10253,438,53,2.0,8,0,1984-04-29 00:00:00,constructor_standings_5299
10254,438,52,0.0,11,0,1984-04-29 00:00:00,constructor_standings_5300
10255,438,25,0.0,13,0,1984-04-29 00:00:00,constructor_standings_5301
10256,438,54,0.0,14,0,1984-04-29 00:00:00,constructor_standings_5302
10288,440,3,10.0,5,0,1984-05-20 00:00:00,constructor_standings_5303
10287,440,1,42.0,1,4,1984-05-20 00:00:00,constructor_standings_5304
10286,439,54,0.0,14,0,1984-05-06 00:00:00,constructor_standings_5305
10285,439,25,0.0,13,0,1984-05-06 00:00:00,constructor_standings_5306
10282,439,45,0.0,15,0,1984-05-06 00:00:00,constructor_standings_5307
10278,439,50,0.0,11,0,1984-05-06 00:00:00,constructor_standings_5308
10277,439,21,3.0,7,0,1984-05-06 00:00:00,constructor_standings_5309
10276,439,4,15.0,3,0,1984-05-06 00:00:00,constructor_standings_5310
10273,439,3,9.0,5,0,1984-05-06 00:00:00,constructor_standings_5311
10279,439,27,3.0,8,0,1984-05-06 00:00:00,constructor_standings_5312
10280,439,34,0.0,12,0,1984-05-06 00:00:00,constructor_standings_5313
10281,439,6,19.0,2,1,1984-05-06 00:00:00,constructor_standings_5314
10284,439,52,0.0,10,0,1984-05-06 00:00:00,constructor_standings_5315
10275,439,51,6.0,6,0,1984-05-06 00:00:00,constructor_standings_5316
10283,439,53,2.0,9,0,1984-05-06 00:00:00,constructor_standings_5317
10274,439,32,10.0,4,0,1984-05-06 00:00:00,constructor_standings_5318
10272,439,1,33.0,1,3,1984-05-06 00:00:00,constructor_standings_5319
10289,440,32,16.0,4,0,1984-05-20 00:00:00,constructor_standings_5320
10290,440,51,6.0,6,0,1984-05-20 00:00:00,constructor_standings_5321
10291,440,4,21.0,3,0,1984-05-20 00:00:00,constructor_standings_5322
10292,440,21,3.0,7,0,1984-05-20 00:00:00,constructor_standings_5323
10293,440,50,0.0,11,0,1984-05-20 00:00:00,constructor_standings_5324
10294,440,27,3.0,8,0,1984-05-20 00:00:00,constructor_standings_5325
10295,440,34,0.0,12,0,1984-05-20 00:00:00,constructor_standings_5326
10296,440,6,22.0,2,1,1984-05-20 00:00:00,constructor_standings_5327
10297,440,45,0.0,13,0,1984-05-20 00:00:00,constructor_standings_5328
10298,440,53,2.0,9,0,1984-05-20 00:00:00,constructor_standings_5329
10299,440,52,0.0,10,0,1984-05-20 00:00:00,constructor_standings_5330
10300,440,25,0.0,14,0,1984-05-20 00:00:00,constructor_standings_5331
10301,440,54,0.0,15,0,1984-05-20 00:00:00,constructor_standings_5332
10302,441,1,46.5,1,5,1984-06-03 00:00:00,constructor_standings_5333
10303,441,3,11.5,5,0,1984-06-03 00:00:00,constructor_standings_5334
10304,441,32,17.0,4,0,1984-06-03 00:00:00,constructor_standings_5335
10305,441,51,6.0,6,0,1984-06-03 00:00:00,constructor_standings_5336
10306,441,4,21.0,3,0,1984-06-03 00:00:00,constructor_standings_5337
10307,441,21,3.0,8,0,1984-06-03 00:00:00,constructor_standings_5338
10308,441,50,0.0,12,0,1984-06-03 00:00:00,constructor_standings_5339
10309,441,27,3.0,9,0,1984-06-03 00:00:00,constructor_standings_5340
10310,441,34,0.0,13,0,1984-06-03 00:00:00,constructor_standings_5341
10311,441,6,24.5,2,1,1984-06-03 00:00:00,constructor_standings_5342
10312,441,45,0.0,10,0,1984-06-03 00:00:00,constructor_standings_5343
10313,441,53,5.0,7,0,1984-06-03 00:00:00,constructor_standings_5344
10314,441,52,0.0,11,0,1984-06-03 00:00:00,constructor_standings_5345
10315,441,25,0.0,15,0,1984-06-03 00:00:00,constructor_standings_5346
10316,441,54,0.0,14,0,1984-06-03 00:00:00,constructor_standings_5347
10317,442,1,56.5,1,5,1984-06-17 00:00:00,constructor_standings_5348
10318,442,3,11.5,5,0,1984-06-17 00:00:00,constructor_standings_5349
10319,442,32,21.0,4,0,1984-06-17 00:00:00,constructor_standings_5350
10320,442,51,6.0,7,0,1984-06-17 00:00:00,constructor_standings_5351
10321,442,4,21.0,3,0,1984-06-17 00:00:00,constructor_standings_5352
10322,442,21,3.0,9,0,1984-06-17 00:00:00,constructor_standings_5353
10323,442,50,0.0,13,0,1984-06-17 00:00:00,constructor_standings_5354
10324,442,27,3.0,10,0,1984-06-17 00:00:00,constructor_standings_5355
10325,442,34,9.0,6,1,1984-06-17 00:00:00,constructor_standings_5356
10326,442,6,26.5,2,1,1984-06-17 00:00:00,constructor_standings_5357
10327,442,45,0.0,11,0,1984-06-17 00:00:00,constructor_standings_5358
10328,442,53,5.0,8,0,1984-06-17 00:00:00,constructor_standings_5359
10329,442,52,0.0,12,0,1984-06-17 00:00:00,constructor_standings_5360
10330,442,25,0.0,15,0,1984-06-17 00:00:00,constructor_standings_5361
10331,442,54,0.0,14,0,1984-06-17 00:00:00,constructor_standings_5362
10332,443,1,59.5,1,5,1984-06-24 00:00:00,constructor_standings_5363
10333,443,3,13.5,6,0,1984-06-24 00:00:00,constructor_standings_5364
10334,443,32,27.0,2,0,1984-06-24 00:00:00,constructor_standings_5365
10335,443,51,6.0,7,0,1984-06-24 00:00:00,constructor_standings_5366
10336,443,4,21.0,5,0,1984-06-24 00:00:00,constructor_standings_5367
10337,443,21,3.0,9,0,1984-06-24 00:00:00,constructor_standings_5368
10338,443,50,0.0,13,0,1984-06-24 00:00:00,constructor_standings_5369
10339,443,27,3.0,10,0,1984-06-24 00:00:00,constructor_standings_5370
10340,443,34,22.0,4,2,1984-06-24 00:00:00,constructor_standings_5371
10341,443,6,26.5,3,1,1984-06-24 00:00:00,constructor_standings_5372
10342,443,45,0.0,11,0,1984-06-24 00:00:00,constructor_standings_5373
10343,443,53,5.0,8,0,1984-06-24 00:00:00,constructor_standings_5374
10344,443,52,0.0,12,0,1984-06-24 00:00:00,constructor_standings_5375
10345,443,25,0.0,15,0,1984-06-24 00:00:00,constructor_standings_5376
10346,443,54,0.0,14,0,1984-06-24 00:00:00,constructor_standings_5377
10347,444,1,59.5,1,5,1984-07-08 00:00:00,constructor_standings_5378
10348,444,3,25.5,4,1,1984-07-08 00:00:00,constructor_standings_5379
10349,444,32,32.0,3,0,1984-07-08 00:00:00,constructor_standings_5380
10350,444,51,6.0,7,0,1984-07-08 00:00:00,constructor_standings_5381
10351,444,4,21.0,6,0,1984-07-08 00:00:00,constructor_standings_5382
10352,444,21,3.0,9,0,1984-07-08 00:00:00,constructor_standings_5383
10353,444,50,0.0,14,0,1984-07-08 00:00:00,constructor_standings_5384
10354,444,27,3.0,10,0,1984-07-08 00:00:00,constructor_standings_5385
10355,444,34,22.0,5,2,1984-07-08 00:00:00,constructor_standings_5386
10356,444,6,32.5,2,1,1984-07-08 00:00:00,constructor_standings_5387
10357,444,45,2.0,11,0,1984-07-08 00:00:00,constructor_standings_5388
10358,444,53,5.0,8,0,1984-07-08 00:00:00,constructor_standings_5389
10359,444,52,0.0,12,0,1984-07-08 00:00:00,constructor_standings_5390
10360,444,25,0.0,15,0,1984-07-08 00:00:00,constructor_standings_5391
10361,444,54,0.0,13,0,1984-07-08 00:00:00,constructor_standings_5392
10362,445,1,68.5,1,6,1984-07-22 00:00:00,constructor_standings_5393
10363,445,3,25.5,5,1,1984-07-22 00:00:00,constructor_standings_5394
10364,445,32,35.0,3,0,1984-07-22 00:00:00,constructor_standings_5395
10365,445,51,6.0,8,0,1984-07-22 00:00:00,constructor_standings_5396
10366,445,4,27.0,4,0,1984-07-22 00:00:00,constructor_standings_5397
10367,445,21,3.0,9,0,1984-07-22 00:00:00,constructor_standings_5398
10368,445,50,0.0,14,0,1984-07-22 00:00:00,constructor_standings_5399
10369,445,27,3.0,10,0,1984-07-22 00:00:00,constructor_standings_5400
10370,445,34,22.0,6,2,1984-07-22 00:00:00,constructor_standings_5401
10371,445,6,35.5,2,1,1984-07-22 00:00:00,constructor_standings_5402
10372,445,45,2.0,11,0,1984-07-22 00:00:00,constructor_standings_5403
10373,445,53,9.0,7,0,1984-07-22 00:00:00,constructor_standings_5404
10374,445,52,0.0,12,0,1984-07-22 00:00:00,constructor_standings_5405
10375,445,25,0.0,15,0,1984-07-22 00:00:00,constructor_standings_5406
10376,445,54,0.0,13,0,1984-07-22 00:00:00,constructor_standings_5407
10377,446,1,83.5,1,7,1984-08-05 00:00:00,constructor_standings_5408
10378,446,3,25.5,5,1,1984-08-05 00:00:00,constructor_standings_5409
10379,446,32,38.0,2,0,1984-08-05 00:00:00,constructor_standings_5410
10380,446,51,6.0,8,0,1984-08-05 00:00:00,constructor_standings_5411
10381,446,4,33.0,4,0,1984-08-05 00:00:00,constructor_standings_5412
10382,446,21,3.0,9,0,1984-08-05 00:00:00,constructor_standings_5413
10383,446,50,0.0,14,0,1984-08-05 00:00:00,constructor_standings_5414
10384,446,27,3.0,10,0,1984-08-05 00:00:00,constructor_standings_5415
10385,446,34,22.0,6,2,1984-08-05 00:00:00,constructor_standings_5416
10386,446,6,36.5,3,1,1984-08-05 00:00:00,constructor_standings_5417
10387,446,45,2.0,11,0,1984-08-05 00:00:00,constructor_standings_5418
10388,446,53,9.0,7,0,1984-08-05 00:00:00,constructor_standings_5419
10389,446,52,0.0,12,0,1984-08-05 00:00:00,constructor_standings_5420
10390,446,25,0.0,15,0,1984-08-05 00:00:00,constructor_standings_5421
10391,446,54,0.0,13,0,1984-08-05 00:00:00,constructor_standings_5422
10392,447,1,92.5,1,8,1984-08-19 00:00:00,constructor_standings_5423
10393,447,3,25.5,6,1,1984-08-19 00:00:00,constructor_standings_5424
10394,447,32,38.0,3,0,1984-08-19 00:00:00,constructor_standings_5425
10395,447,51,6.0,8,0,1984-08-19 00:00:00,constructor_standings_5426
10396,447,4,33.0,4,0,1984-08-19 00:00:00,constructor_standings_5427
10397,447,21,6.0,9,0,1984-08-19 00:00:00,constructor_standings_5428
10398,447,50,0.0,14,0,1984-08-19 00:00:00,constructor_standings_5429
10399,447,27,3.0,10,0,1984-08-19 00:00:00,constructor_standings_5430
10400,447,34,31.0,5,2,1984-08-19 00:00:00,constructor_standings_5431
10401,447,6,40.5,2,1,1984-08-19 00:00:00,constructor_standings_5432
10402,447,45,2.0,11,0,1984-08-19 00:00:00,constructor_standings_5433
10403,447,53,9.0,7,0,1984-08-19 00:00:00,constructor_standings_5434
10404,447,52,0.0,12,0,1984-08-19 00:00:00,constructor_standings_5435
10405,447,25,0.0,15,0,1984-08-19 00:00:00,constructor_standings_5436
10406,447,54,0.0,13,0,1984-08-19 00:00:00,constructor_standings_5437
10407,448,1,107.5,1,9,1984-08-26 00:00:00,constructor_standings_5438
10408,448,3,25.5,6,1,1984-08-26 00:00:00,constructor_standings_5439
10409,448,32,45.0,2,0,1984-08-26 00:00:00,constructor_standings_5440
10410,448,51,6.0,8,0,1984-08-26 00:00:00,constructor_standings_5441
10411,448,4,34.0,4,0,1984-08-26 00:00:00,constructor_standings_5442
10412,448,21,6.0,9,0,1984-08-26 00:00:00,constructor_standings_5443
10413,448,50,0.0,14,0,1984-08-26 00:00:00,constructor_standings_5444
10414,448,27,3.0,10,0,1984-08-26 00:00:00,constructor_standings_5445
10415,448,34,33.0,5,2,1984-08-26 00:00:00,constructor_standings_5446
10416,448,6,40.5,3,1,1984-08-26 00:00:00,constructor_standings_5447
10417,448,45,2.0,11,0,1984-08-26 00:00:00,constructor_standings_5448
10418,448,53,9.0,7,0,1984-08-26 00:00:00,constructor_standings_5449
10419,448,52,0.0,12,0,1984-08-26 00:00:00,constructor_standings_5450
10420,448,25,0.0,15,0,1984-08-26 00:00:00,constructor_standings_5451
10421,448,54,0.0,13,0,1984-08-26 00:00:00,constructor_standings_5452
10452,450,1,128.5,1,11,1984-10-07 00:00:00,constructor_standings_5453
10451,449,54,0.0,12,0,1984-09-09 00:00:00,constructor_standings_5454
10449,449,52,0.0,13,0,1984-09-09 00:00:00,constructor_standings_5455
10448,449,53,12.0,7,0,1984-09-09 00:00:00,constructor_standings_5456
10446,449,6,46.5,2,1,1984-09-09 00:00:00,constructor_standings_5457
10444,449,27,3.0,10,0,1984-09-09 00:00:00,constructor_standings_5458
10441,449,4,34.0,4,0,1984-09-09 00:00:00,constructor_standings_5459
10440,449,51,10.0,8,0,1984-09-09 00:00:00,constructor_standings_5460
10438,449,3,25.5,6,1,1984-09-09 00:00:00,constructor_standings_5461
10443,449,50,0.0,14,0,1984-09-09 00:00:00,constructor_standings_5462
10450,449,25,0.0,15,0,1984-09-09 00:00:00,constructor_standings_5463
10445,449,34,33.0,5,2,1984-09-09 00:00:00,constructor_standings_5464
10447,449,45,2.0,11,0,1984-09-09 00:00:00,constructor_standings_5465
10442,449,21,6.0,9,0,1984-09-09 00:00:00,constructor_standings_5466
10437,449,1,116.5,1,10,1984-09-09 00:00:00,constructor_standings_5467
10439,449,32,45.0,3,0,1984-09-09 00:00:00,constructor_standings_5468
10453,450,3,25.5,6,1,1984-10-07 00:00:00,constructor_standings_5469
10454,450,32,45.0,3,0,1984-10-07 00:00:00,constructor_standings_5470
10455,450,51,11.0,8,0,1984-10-07 00:00:00,constructor_standings_5471
10456,450,4,34.0,5,0,1984-10-07 00:00:00,constructor_standings_5472
10457,450,21,6.0,9,0,1984-10-07 00:00:00,constructor_standings_5473
10458,450,50,0.0,14,0,1984-10-07 00:00:00,constructor_standings_5474
10459,450,27,3.0,10,0,1984-10-07 00:00:00,constructor_standings_5475
10460,450,34,37.0,4,2,1984-10-07 00:00:00,constructor_standings_5476
10461,450,6,54.5,2,1,1984-10-07 00:00:00,constructor_standings_5477
10462,450,45,2.0,11,0,1984-10-07 00:00:00,constructor_standings_5478
10463,450,53,12.0,7,0,1984-10-07 00:00:00,constructor_standings_5479
10464,450,52,0.0,13,0,1984-10-07 00:00:00,constructor_standings_5480
10465,450,25,0.0,15,0,1984-10-07 00:00:00,constructor_standings_5481
10466,450,54,0.0,12,0,1984-10-07 00:00:00,constructor_standings_5482
10467,451,1,143.5,1,12,1984-10-21 00:00:00,constructor_standings_5483
10468,451,3,25.5,6,1,1984-10-21 00:00:00,constructor_standings_5484
10469,451,32,47.0,3,0,1984-10-21 00:00:00,constructor_standings_5485
10470,451,51,11.0,8,0,1984-10-21 00:00:00,constructor_standings_5486
10471,451,4,34.0,5,0,1984-10-21 00:00:00,constructor_standings_5487
10472,451,21,6.0,9,0,1984-10-21 00:00:00,constructor_standings_5488
10473,451,50,0.0,14,0,1984-10-21 00:00:00,constructor_standings_5489
10474,451,27,3.0,10,0,1984-10-21 00:00:00,constructor_standings_5490
10475,451,34,38.0,4,2,1984-10-21 00:00:00,constructor_standings_5491
10476,451,6,57.5,2,1,1984-10-21 00:00:00,constructor_standings_5492
10477,451,45,2.0,11,0,1984-10-21 00:00:00,constructor_standings_5493
10478,451,53,16.0,7,0,1984-10-21 00:00:00,constructor_standings_5494
10479,451,52,0.0,13,0,1984-10-21 00:00:00,constructor_standings_5495
10480,451,25,0.0,15,0,1984-10-21 00:00:00,constructor_standings_5496
10481,451,54,0.0,12,0,1984-10-21 00:00:00,constructor_standings_5497
10482,452,34,9.0,1,1,1983-03-13 00:00:00,constructor_standings_5498
10483,452,1,4.0,2,0,1983-03-13 00:00:00,constructor_standings_5499
10484,452,3,3.0,3,0,1983-03-13 00:00:00,constructor_standings_5500
10485,452,6,2.0,4,0,1983-03-13 00:00:00,constructor_standings_5501
10486,452,21,1.0,5,0,1983-03-13 00:00:00,constructor_standings_5502
10487,452,4,0.0,6,0,1983-03-13 00:00:00,constructor_standings_5503
10488,452,53,0.0,7,0,1983-03-13 00:00:00,constructor_standings_5504
10489,452,25,0.0,8,0,1983-03-13 00:00:00,constructor_standings_5505
10490,452,32,0.0,9,0,1983-03-13 00:00:00,constructor_standings_5506
10491,452,55,0.0,10,0,1983-03-13 00:00:00,constructor_standings_5507
10492,452,50,0.0,11,0,1983-03-13 00:00:00,constructor_standings_5508
10493,452,54,0.0,12,0,1983-03-13 00:00:00,constructor_standings_5509
10494,452,27,0.0,13,0,1983-03-13 00:00:00,constructor_standings_5510
10495,452,51,0.0,14,0,1983-03-13 00:00:00,constructor_standings_5511
10496,452,45,0.0,15,0,1983-03-13 00:00:00,constructor_standings_5512
10497,453,34,9.0,2,1,1983-03-27 00:00:00,constructor_standings_5513
10498,453,1,19.0,1,1,1983-03-27 00:00:00,constructor_standings_5514
10499,453,3,6.0,4,0,1983-03-27 00:00:00,constructor_standings_5515
10500,453,6,6.0,3,0,1983-03-27 00:00:00,constructor_standings_5516
10501,453,21,3.0,5,0,1983-03-27 00:00:00,constructor_standings_5517
10502,453,4,0.0,7,0,1983-03-27 00:00:00,constructor_standings_5518
10503,453,53,0.0,10,0,1983-03-27 00:00:00,constructor_standings_5519
10504,453,25,0.0,9,0,1983-03-27 00:00:00,constructor_standings_5520
10505,453,32,0.0,11,0,1983-03-27 00:00:00,constructor_standings_5521
10506,453,55,1.0,6,0,1983-03-27 00:00:00,constructor_standings_5522
10507,453,50,0.0,12,0,1983-03-27 00:00:00,constructor_standings_5523
10508,453,54,0.0,13,0,1983-03-27 00:00:00,constructor_standings_5524
10509,453,27,0.0,8,0,1983-03-27 00:00:00,constructor_standings_5525
10510,453,51,0.0,14,0,1983-03-27 00:00:00,constructor_standings_5526
10511,453,45,0.0,15,0,1983-03-27 00:00:00,constructor_standings_5527
10512,454,34,15.0,2,1,1983-04-17 00:00:00,constructor_standings_5528
10513,454,1,19.0,1,1,1983-04-17 00:00:00,constructor_standings_5529
10514,454,3,9.0,5,0,1983-04-17 00:00:00,constructor_standings_5530
10515,454,6,9.0,4,0,1983-04-17 00:00:00,constructor_standings_5531
10516,454,21,3.0,6,0,1983-04-17 00:00:00,constructor_standings_5532
10517,454,4,13.0,3,1,1983-04-17 00:00:00,constructor_standings_5533
10518,454,53,0.0,10,0,1983-04-17 00:00:00,constructor_standings_5534
10519,454,25,0.0,9,0,1983-04-17 00:00:00,constructor_standings_5535
10520,454,32,0.0,11,0,1983-04-17 00:00:00,constructor_standings_5536
10521,454,55,1.0,7,0,1983-04-17 00:00:00,constructor_standings_5537
10522,454,50,0.0,13,0,1983-04-17 00:00:00,constructor_standings_5538
10523,454,54,0.0,14,0,1983-04-17 00:00:00,constructor_standings_5539
10524,454,27,0.0,8,0,1983-04-17 00:00:00,constructor_standings_5540
10525,454,51,0.0,12,0,1983-04-17 00:00:00,constructor_standings_5541
10526,454,45,0.0,15,0,1983-04-17 00:00:00,constructor_standings_5542
10527,455,34,15.0,4,1,1983-05-01 00:00:00,constructor_standings_5543
10528,455,1,21.0,2,1,1983-05-01 00:00:00,constructor_standings_5544
10529,455,3,12.0,5,0,1983-05-01 00:00:00,constructor_standings_5545
10530,455,6,22.0,1,1,1983-05-01 00:00:00,constructor_standings_5546
10531,455,21,4.0,6,0,1983-05-01 00:00:00,constructor_standings_5547
10532,455,4,19.0,3,1,1983-05-01 00:00:00,constructor_standings_5548
10533,455,53,0.0,10,0,1983-05-01 00:00:00,constructor_standings_5549
10534,455,25,0.0,9,0,1983-05-01 00:00:00,constructor_standings_5550
10535,455,32,0.0,13,0,1983-05-01 00:00:00,constructor_standings_5551
10536,455,55,1.0,7,0,1983-05-01 00:00:00,constructor_standings_5552
10537,455,50,0.0,14,0,1983-05-01 00:00:00,constructor_standings_5553
10538,455,54,0.0,12,0,1983-05-01 00:00:00,constructor_standings_5554
10539,455,27,0.0,8,0,1983-05-01 00:00:00,constructor_standings_5555
10540,455,51,0.0,11,0,1983-05-01 00:00:00,constructor_standings_5556
10541,455,45,0.0,15,0,1983-05-01 00:00:00,constructor_standings_5557
10542,456,34,21.0,3,1,1983-05-15 00:00:00,constructor_standings_5558
10543,456,1,21.0,4,1,1983-05-15 00:00:00,constructor_standings_5559
10544,456,3,21.0,5,1,1983-05-15 00:00:00,constructor_standings_5560
10545,456,6,25.0,1,1,1983-05-15 00:00:00,constructor_standings_5561
10546,456,21,4.0,6,0,1983-05-15 00:00:00,constructor_standings_5562
10547,456,4,23.0,2,1,1983-05-15 00:00:00,constructor_standings_5563
10548,456,53,0.0,11,0,1983-05-15 00:00:00,constructor_standings_5564
10549,456,25,2.0,7,0,1983-05-15 00:00:00,constructor_standings_5565
10550,456,32,0.0,13,0,1983-05-15 00:00:00,constructor_standings_5566
10551,456,55,1.0,9,0,1983-05-15 00:00:00,constructor_standings_5567
10552,456,50,0.0,14,0,1983-05-15 00:00:00,constructor_standings_5568
10553,456,54,0.0,12,0,1983-05-15 00:00:00,constructor_standings_5569
10554,456,27,0.0,10,0,1983-05-15 00:00:00,constructor_standings_5570
10555,456,51,1.0,8,0,1983-05-15 00:00:00,constructor_standings_5571
10556,456,45,0.0,15,0,1983-05-15 00:00:00,constructor_standings_5572
10557,457,34,24.0,3,1,1983-05-22 00:00:00,constructor_standings_5573
10558,457,1,21.0,5,1,1983-05-22 00:00:00,constructor_standings_5574
10559,457,3,24.0,4,1,1983-05-22 00:00:00,constructor_standings_5575
10560,457,6,31.0,2,1,1983-05-22 00:00:00,constructor_standings_5576
10561,457,21,4.0,6,0,1983-05-22 00:00:00,constructor_standings_5577
10562,457,4,36.0,1,2,1983-05-22 00:00:00,constructor_standings_5578
10563,457,53,0.0,10,0,1983-05-22 00:00:00,constructor_standings_5579
10564,457,25,2.0,7,0,1983-05-22 00:00:00,constructor_standings_5580
10565,457,32,0.0,12,0,1983-05-22 00:00:00,constructor_standings_5581
10566,457,55,1.0,8,0,1983-05-22 00:00:00,constructor_standings_5582
10567,457,50,0.0,14,0,1983-05-22 00:00:00,constructor_standings_5583
10568,457,54,0.0,13,0,1983-05-22 00:00:00,constructor_standings_5584
10569,457,27,0.0,11,0,1983-05-22 00:00:00,constructor_standings_5585
10570,457,51,1.0,9,0,1983-05-22 00:00:00,constructor_standings_5586
10571,457,45,0.0,15,0,1983-05-22 00:00:00,constructor_standings_5587
10572,458,34,27.0,4,1,1983-06-05 00:00:00,constructor_standings_5588
10573,458,1,25.0,5,1,1983-06-05 00:00:00,constructor_standings_5589
10574,458,3,32.0,2,1,1983-06-05 00:00:00,constructor_standings_5590
10575,458,6,31.0,3,1,1983-06-05 00:00:00,constructor_standings_5591
10576,458,21,4.0,7,0,1983-06-05 00:00:00,constructor_standings_5592
10577,458,4,36.0,1,2,1983-06-05 00:00:00,constructor_standings_5593
10578,458,53,0.0,11,0,1983-06-05 00:00:00,constructor_standings_5594
10579,458,25,11.0,6,1,1983-06-05 00:00:00,constructor_standings_5595
10580,458,32,1.0,8,0,1983-06-05 00:00:00,constructor_standings_5596
10581,458,55,1.0,9,0,1983-06-05 00:00:00,constructor_standings_5597
10582,458,50,0.0,14,0,1983-06-05 00:00:00,constructor_standings_5598
10583,458,54,0.0,13,0,1983-06-05 00:00:00,constructor_standings_5599
10584,458,27,0.0,12,0,1983-06-05 00:00:00,constructor_standings_5600
10585,458,51,1.0,10,0,1983-06-05 00:00:00,constructor_standings_5601
10586,458,45,0.0,15,0,1983-06-05 00:00:00,constructor_standings_5602
10587,459,34,27.0,4,1,1983-06-12 00:00:00,constructor_standings_5603
10588,459,1,26.0,5,1,1983-06-12 00:00:00,constructor_standings_5604
10589,459,3,35.0,3,1,1983-06-12 00:00:00,constructor_standings_5605
10590,459,6,44.0,2,2,1983-06-12 00:00:00,constructor_standings_5606
10591,459,21,4.0,7,0,1983-06-12 00:00:00,constructor_standings_5607
10592,459,4,44.0,1,2,1983-06-12 00:00:00,constructor_standings_5608
10593,459,53,0.0,11,0,1983-06-12 00:00:00,constructor_standings_5609
10594,459,25,11.0,6,1,1983-06-12 00:00:00,constructor_standings_5610
10595,459,32,1.0,8,0,1983-06-12 00:00:00,constructor_standings_5611
10596,459,55,1.0,10,0,1983-06-12 00:00:00,constructor_standings_5612
10597,459,50,0.0,14,0,1983-06-12 00:00:00,constructor_standings_5613
10598,459,54,0.0,13,0,1983-06-12 00:00:00,constructor_standings_5614
10599,459,27,0.0,12,0,1983-06-12 00:00:00,constructor_standings_5615
10600,459,51,1.0,9,0,1983-06-12 00:00:00,constructor_standings_5616
10601,459,45,0.0,15,0,1983-06-12 00:00:00,constructor_standings_5617
10602,460,34,33.0,4,1,1983-07-16 00:00:00,constructor_standings_5618
10603,460,1,27.0,5,1,1983-07-16 00:00:00,constructor_standings_5619
10604,460,3,35.0,3,1,1983-07-16 00:00:00,constructor_standings_5620
10605,460,6,50.0,2,2,1983-07-16 00:00:00,constructor_standings_5621
10606,460,21,4.0,8,0,1983-07-16 00:00:00,constructor_standings_5622
10607,460,4,53.0,1,3,1983-07-16 00:00:00,constructor_standings_5623
10608,460,53,0.0,11,0,1983-07-16 00:00:00,constructor_standings_5624
10609,460,25,11.0,6,1,1983-07-16 00:00:00,constructor_standings_5625
10610,460,32,4.0,7,0,1983-07-16 00:00:00,constructor_standings_5626
10611,460,55,1.0,10,0,1983-07-16 00:00:00,constructor_standings_5627
10612,460,50,0.0,14,0,1983-07-16 00:00:00,constructor_standings_5628
10613,460,54,0.0,13,0,1983-07-16 00:00:00,constructor_standings_5629
10614,460,27,0.0,12,0,1983-07-16 00:00:00,constructor_standings_5630
10615,460,51,1.0,9,0,1983-07-16 00:00:00,constructor_standings_5631
10616,460,45,0.0,15,0,1983-07-16 00:00:00,constructor_standings_5632
10617,460,52,0.0,16,0,1983-07-16 00:00:00,constructor_standings_5633
10618,461,34,37.0,3,1,1983-08-07 00:00:00,constructor_standings_5634
10619,461,1,29.0,5,1,1983-08-07 00:00:00,constructor_standings_5635
10620,461,3,36.0,4,1,1983-08-07 00:00:00,constructor_standings_5636
10621,461,6,59.0,1,3,1983-08-07 00:00:00,constructor_standings_5637
10622,461,21,4.0,9,0,1983-08-07 00:00:00,constructor_standings_5638
10623,461,4,56.0,2,3,1983-08-07 00:00:00,constructor_standings_5639
10624,461,53,0.0,11,0,1983-08-07 00:00:00,constructor_standings_5640
10625,461,25,11.0,6,1,1983-08-07 00:00:00,constructor_standings_5641
10626,461,32,4.0,8,0,1983-08-07 00:00:00,constructor_standings_5642
10627,461,55,1.0,10,0,1983-08-07 00:00:00,constructor_standings_5643
10628,461,50,0.0,14,0,1983-08-07 00:00:00,constructor_standings_5644
10629,461,54,0.0,13,0,1983-08-07 00:00:00,constructor_standings_5645
10630,461,27,0.0,12,0,1983-08-07 00:00:00,constructor_standings_5646
10631,461,51,7.0,7,0,1983-08-07 00:00:00,constructor_standings_5647
10632,461,45,0.0,15,0,1983-08-07 00:00:00,constructor_standings_5648
10633,461,52,0.0,16,0,1983-08-07 00:00:00,constructor_standings_5649
10634,462,34,41.0,3,1,1983-08-14 00:00:00,constructor_standings_5650
10635,462,1,30.0,5,1,1983-08-14 00:00:00,constructor_standings_5651
10636,462,3,36.0,4,1,1983-08-14 00:00:00,constructor_standings_5652
10637,462,6,65.0,2,3,1983-08-14 00:00:00,constructor_standings_5653
10638,462,21,4.0,9,0,1983-08-14 00:00:00,constructor_standings_5654
10639,462,4,68.0,1,4,1983-08-14 00:00:00,constructor_standings_5655
10640,462,53,0.0,12,0,1983-08-14 00:00:00,constructor_standings_5656
10641,462,25,11.0,6,1,1983-08-14 00:00:00,constructor_standings_5657
10642,462,32,6.0,8,0,1983-08-14 00:00:00,constructor_standings_5658
10643,462,55,1.0,10,0,1983-08-14 00:00:00,constructor_standings_5659
10644,462,50,0.0,16,0,1983-08-14 00:00:00,constructor_standings_5660
10645,462,54,0.0,13,0,1983-08-14 00:00:00,constructor_standings_5661
10646,462,27,0.0,11,0,1983-08-14 00:00:00,constructor_standings_5662
10647,462,51,7.0,7,0,1983-08-14 00:00:00,constructor_standings_5663
10648,462,45,0.0,14,0,1983-08-14 00:00:00,constructor_standings_5664
10649,462,52,0.0,15,0,1983-08-14 00:00:00,constructor_standings_5665
10650,463,34,41.0,3,1,1983-08-28 00:00:00,constructor_standings_5666
10651,463,1,34.0,5,1,1983-08-28 00:00:00,constructor_standings_5667
10652,463,3,36.0,4,1,1983-08-28 00:00:00,constructor_standings_5668
10653,463,6,80.0,1,4,1983-08-28 00:00:00,constructor_standings_5669
10654,463,21,4.0,9,0,1983-08-28 00:00:00,constructor_standings_5670
10655,463,4,68.0,2,4,1983-08-28 00:00:00,constructor_standings_5671
10656,463,53,3.0,10,0,1983-08-28 00:00:00,constructor_standings_5672
10657,463,25,12.0,6,1,1983-08-28 00:00:00,constructor_standings_5673
10658,463,32,6.0,8,0,1983-08-28 00:00:00,constructor_standings_5674
10659,463,55,1.0,11,0,1983-08-28 00:00:00,constructor_standings_5675
10660,463,50,0.0,16,0,1983-08-28 00:00:00,constructor_standings_5676
10661,463,54,0.0,14,0,1983-08-28 00:00:00,constructor_standings_5677
10662,463,27,0.0,12,0,1983-08-28 00:00:00,constructor_standings_5678
10663,463,51,9.0,7,0,1983-08-28 00:00:00,constructor_standings_5679
10664,463,45,0.0,15,0,1983-08-28 00:00:00,constructor_standings_5680
10665,463,52,0.0,13,0,1983-08-28 00:00:00,constructor_standings_5681
10666,464,34,50.0,3,2,1983-09-11 00:00:00,constructor_standings_5682
10667,464,1,34.0,5,1,1983-09-11 00:00:00,constructor_standings_5683
10668,464,3,36.0,4,1,1983-09-11 00:00:00,constructor_standings_5684
10669,464,6,89.0,1,4,1983-09-11 00:00:00,constructor_standings_5685
10670,464,21,4.0,10,0,1983-09-11 00:00:00,constructor_standings_5686
10671,464,4,72.0,2,4,1983-09-11 00:00:00,constructor_standings_5687
10672,464,53,4.0,9,0,1983-09-11 00:00:00,constructor_standings_5688
10673,464,25,12.0,6,1,1983-09-11 00:00:00,constructor_standings_5689
10674,464,32,8.0,8,0,1983-09-11 00:00:00,constructor_standings_5690
10675,464,55,1.0,11,0,1983-09-11 00:00:00,constructor_standings_5691
10676,464,50,0.0,16,0,1983-09-11 00:00:00,constructor_standings_5692
10677,464,54,0.0,14,0,1983-09-11 00:00:00,constructor_standings_5693
10678,464,27,0.0,12,0,1983-09-11 00:00:00,constructor_standings_5694
10679,464,51,9.0,7,0,1983-09-11 00:00:00,constructor_standings_5695
10680,464,45,0.0,15,0,1983-09-11 00:00:00,constructor_standings_5696
10681,464,52,0.0,13,0,1983-09-11 00:00:00,constructor_standings_5697
10714,466,34,72.0,3,4,1983-10-15 00:00:00,constructor_standings_5698
10713,465,52,0.0,13,0,1983-09-25 00:00:00,constructor_standings_5699
10712,465,45,0.0,15,0,1983-09-25 00:00:00,constructor_standings_5700
10710,465,27,0.0,12,0,1983-09-25 00:00:00,constructor_standings_5701
10709,465,54,0.0,14,0,1983-09-25 00:00:00,constructor_standings_5702
10707,465,55,1.0,11,0,1983-09-25 00:00:00,constructor_standings_5703
10706,465,32,12.0,8,0,1983-09-25 00:00:00,constructor_standings_5704
10705,465,25,12.0,6,1,1983-09-25 00:00:00,constructor_standings_5705
10704,465,53,7.0,9,0,1983-09-25 00:00:00,constructor_standings_5706
10701,465,6,89.0,1,4,1983-09-25 00:00:00,constructor_standings_5707
10699,465,1,34.0,5,1,1983-09-25 00:00:00,constructor_standings_5708
10711,465,51,12.0,7,0,1983-09-25 00:00:00,constructor_standings_5709
10708,465,50,0.0,16,0,1983-09-25 00:00:00,constructor_standings_5710
10702,465,21,4.0,10,0,1983-09-25 00:00:00,constructor_standings_5711
10703,465,4,78.0,2,4,1983-09-25 00:00:00,constructor_standings_5712
10698,465,34,59.0,3,3,1983-09-25 00:00:00,constructor_standings_5713
10700,465,3,36.0,4,1,1983-09-25 00:00:00,constructor_standings_5714
10715,466,1,34.0,5,1,1983-10-15 00:00:00,constructor_standings_5715
10716,466,3,38.0,4,1,1983-10-15 00:00:00,constructor_standings_5716
10717,466,6,89.0,1,4,1983-10-15 00:00:00,constructor_standings_5717
10718,466,21,4.0,10,0,1983-10-15 00:00:00,constructor_standings_5718
10719,466,4,79.0,2,4,1983-10-15 00:00:00,constructor_standings_5719
10720,466,53,10.0,9,0,1983-10-15 00:00:00,constructor_standings_5720
10721,466,25,12.0,7,1,1983-10-15 00:00:00,constructor_standings_5721
10722,466,32,12.0,8,0,1983-10-15 00:00:00,constructor_standings_5722
10723,466,55,1.0,11,0,1983-10-15 00:00:00,constructor_standings_5723
10724,466,50,0.0,16,0,1983-10-15 00:00:00,constructor_standings_5724
10725,466,54,0.0,14,0,1983-10-15 00:00:00,constructor_standings_5725
10726,466,27,0.0,12,0,1983-10-15 00:00:00,constructor_standings_5726
10727,466,51,18.0,6,0,1983-10-15 00:00:00,constructor_standings_5727
10728,466,45,0.0,15,0,1983-10-15 00:00:00,constructor_standings_5728
10729,466,52,0.0,13,0,1983-10-15 00:00:00,constructor_standings_5729
10730,467,4,13.0,1,1,1982-01-23 00:00:00,constructor_standings_5730
10731,467,3,8.0,2,0,1982-01-23 00:00:00,constructor_standings_5731
10732,467,1,4.0,3,0,1982-01-23 00:00:00,constructor_standings_5732
10733,467,25,0.0,4,0,1982-01-23 00:00:00,constructor_standings_5733
10734,467,32,0.0,5,0,1982-01-23 00:00:00,constructor_standings_5734
10735,467,54,0.0,6,0,1982-01-23 00:00:00,constructor_standings_5735
10736,467,51,0.0,7,0,1982-01-23 00:00:00,constructor_standings_5736
10737,467,37,0.0,8,0,1982-01-23 00:00:00,constructor_standings_5737
10738,467,55,0.0,9,0,1982-01-23 00:00:00,constructor_standings_5738
10739,467,56,0.0,10,0,1982-01-23 00:00:00,constructor_standings_5739
10740,467,6,0.0,11,0,1982-01-23 00:00:00,constructor_standings_5740
10741,467,27,0.0,12,0,1982-01-23 00:00:00,constructor_standings_5741
10742,467,53,0.0,13,0,1982-01-23 00:00:00,constructor_standings_5742
10743,467,34,0.0,14,0,1982-01-23 00:00:00,constructor_standings_5743
10744,467,45,0.0,15,0,1982-01-23 00:00:00,constructor_standings_5744
10745,467,21,0.0,16,0,1982-01-23 00:00:00,constructor_standings_5745
10746,467,57,0.0,17,0,1982-01-23 00:00:00,constructor_standings_5746
10747,468,4,22.0,1,2,1982-03-21 00:00:00,constructor_standings_5747
10748,468,3,8.0,3,0,1982-03-21 00:00:00,constructor_standings_5748
10749,468,1,10.0,2,0,1982-03-21 00:00:00,constructor_standings_5749
10750,468,25,3.0,5,0,1982-03-21 00:00:00,constructor_standings_5750
10751,468,32,4.0,4,0,1982-03-21 00:00:00,constructor_standings_5751
10752,468,54,2.0,6,0,1982-03-21 00:00:00,constructor_standings_5752
10753,468,51,0.0,11,0,1982-03-21 00:00:00,constructor_standings_5753
10754,468,37,0.0,8,0,1982-03-21 00:00:00,constructor_standings_5754
10755,468,55,0.0,12,0,1982-03-21 00:00:00,constructor_standings_5755
10756,468,56,0.0,13,0,1982-03-21 00:00:00,constructor_standings_5756
10757,468,6,1.0,7,0,1982-03-21 00:00:00,constructor_standings_5757
10758,468,27,0.0,15,0,1982-03-21 00:00:00,constructor_standings_5758
10759,468,53,0.0,16,0,1982-03-21 00:00:00,constructor_standings_5759
10760,468,34,0.0,14,0,1982-03-21 00:00:00,constructor_standings_5760
10761,468,45,0.0,9,0,1982-03-21 00:00:00,constructor_standings_5761
10762,468,21,0.0,10,0,1982-03-21 00:00:00,constructor_standings_5762
10763,468,57,0.0,17,0,1982-03-21 00:00:00,constructor_standings_5763
10764,469,4,22.0,1,2,1982-04-04 00:00:00,constructor_standings_5764
10765,469,3,14.0,3,0,1982-04-04 00:00:00,constructor_standings_5765
10766,469,1,20.0,2,1,1982-04-04 00:00:00,constructor_standings_5766
10767,469,25,6.0,5,0,1982-04-04 00:00:00,constructor_standings_5767
10768,469,32,6.0,4,0,1982-04-04 00:00:00,constructor_standings_5768
10769,469,54,2.0,7,0,1982-04-04 00:00:00,constructor_standings_5769
10770,469,51,0.0,12,0,1982-04-04 00:00:00,constructor_standings_5770
10771,469,37,0.0,9,0,1982-04-04 00:00:00,constructor_standings_5771
10772,469,55,0.0,13,0,1982-04-04 00:00:00,constructor_standings_5772
10773,469,56,0.0,14,0,1982-04-04 00:00:00,constructor_standings_5773
10774,469,6,1.0,8,0,1982-04-04 00:00:00,constructor_standings_5774
10775,469,27,0.0,15,0,1982-04-04 00:00:00,constructor_standings_5775
10776,469,53,0.0,17,0,1982-04-04 00:00:00,constructor_standings_5776
10777,469,34,4.0,6,0,1982-04-04 00:00:00,constructor_standings_5777
10778,469,45,0.0,10,0,1982-04-04 00:00:00,constructor_standings_5778
10779,469,21,0.0,11,0,1982-04-04 00:00:00,constructor_standings_5779
10780,469,57,0.0,16,0,1982-04-04 00:00:00,constructor_standings_5780
10781,470,4,22.0,1,2,1982-04-25 00:00:00,constructor_standings_5781
10782,470,3,14.0,4,0,1982-04-25 00:00:00,constructor_standings_5782
10783,470,1,20.0,2,1,1982-04-25 00:00:00,constructor_standings_5783
10784,470,25,10.0,5,0,1982-04-25 00:00:00,constructor_standings_5784
10785,470,32,6.0,6,0,1982-04-25 00:00:00,constructor_standings_5785
10786,470,54,4.0,8,0,1982-04-25 00:00:00,constructor_standings_5786
10787,470,51,0.0,12,0,1982-04-25 00:00:00,constructor_standings_5787
10788,470,37,0.0,10,0,1982-04-25 00:00:00,constructor_standings_5788
10789,470,55,0.0,13,0,1982-04-25 00:00:00,constructor_standings_5789
10790,470,56,0.0,14,0,1982-04-25 00:00:00,constructor_standings_5790
10791,470,6,16.0,3,1,1982-04-25 00:00:00,constructor_standings_5791
10792,470,27,0.0,16,0,1982-04-25 00:00:00,constructor_standings_5792
10793,470,53,0.0,15,0,1982-04-25 00:00:00,constructor_standings_5793
10794,470,34,4.0,7,0,1982-04-25 00:00:00,constructor_standings_5794
10795,470,45,3.0,9,0,1982-04-25 00:00:00,constructor_standings_5795
10796,470,21,0.0,11,0,1982-04-25 00:00:00,constructor_standings_5796
10797,470,57,0.0,17,0,1982-04-25 00:00:00,constructor_standings_5797
10798,471,4,22.0,2,2,1982-05-09 00:00:00,constructor_standings_5798
10799,471,3,20.0,3,0,1982-05-09 00:00:00,constructor_standings_5799
10800,471,1,29.0,1,2,1982-05-09 00:00:00,constructor_standings_5800
10801,471,25,10.0,5,0,1982-05-09 00:00:00,constructor_standings_5801
10802,471,32,9.0,6,0,1982-05-09 00:00:00,constructor_standings_5802
10803,471,54,4.0,9,0,1982-05-09 00:00:00,constructor_standings_5803
10804,471,51,0.0,14,0,1982-05-09 00:00:00,constructor_standings_5804
10805,471,37,0.0,13,0,1982-05-09 00:00:00,constructor_standings_5805
10806,471,55,0.0,15,0,1982-05-09 00:00:00,constructor_standings_5806
10807,471,56,1.0,11,0,1982-05-09 00:00:00,constructor_standings_5807
10808,471,6,16.0,4,1,1982-05-09 00:00:00,constructor_standings_5808
10809,471,27,4.0,8,0,1982-05-09 00:00:00,constructor_standings_5809
10810,471,53,0.0,16,0,1982-05-09 00:00:00,constructor_standings_5810
10811,471,34,6.0,7,0,1982-05-09 00:00:00,constructor_standings_5811
10812,471,45,3.0,10,0,1982-05-09 00:00:00,constructor_standings_5812
10813,471,21,0.0,12,0,1982-05-09 00:00:00,constructor_standings_5813
10814,471,57,0.0,17,0,1982-05-09 00:00:00,constructor_standings_5814
10815,472,4,22.0,2,2,1982-05-23 00:00:00,constructor_standings_5815
10816,472,3,21.0,4,0,1982-05-23 00:00:00,constructor_standings_5816
10817,472,1,29.0,1,2,1982-05-23 00:00:00,constructor_standings_5817
10818,472,25,10.0,7,0,1982-05-23 00:00:00,constructor_standings_5818
10819,472,32,14.0,6,0,1982-05-23 00:00:00,constructor_standings_5819
10820,472,54,4.0,10,0,1982-05-23 00:00:00,constructor_standings_5820
10821,472,51,4.0,9,0,1982-05-23 00:00:00,constructor_standings_5821
10822,472,37,0.0,14,0,1982-05-23 00:00:00,constructor_standings_5822
10823,472,55,0.0,15,0,1982-05-23 00:00:00,constructor_standings_5823
10824,472,56,1.0,12,0,1982-05-23 00:00:00,constructor_standings_5824
10825,472,6,22.0,3,1,1982-05-23 00:00:00,constructor_standings_5825
10826,472,27,4.0,8,0,1982-05-23 00:00:00,constructor_standings_5826
10827,472,53,0.0,16,0,1982-05-23 00:00:00,constructor_standings_5827
10828,472,34,15.0,5,1,1982-05-23 00:00:00,constructor_standings_5828
10829,472,45,3.0,11,0,1982-05-23 00:00:00,constructor_standings_5829
10830,472,21,0.0,13,0,1982-05-23 00:00:00,constructor_standings_5830
10831,472,57,0.0,17,0,1982-05-23 00:00:00,constructor_standings_5831
10832,473,4,22.0,4,2,1982-06-06 00:00:00,constructor_standings_5832
10833,473,3,26.0,3,0,1982-06-06 00:00:00,constructor_standings_5833
10834,473,1,38.0,1,3,1982-06-06 00:00:00,constructor_standings_5834
10835,473,25,10.0,8,0,1982-06-06 00:00:00,constructor_standings_5835
10836,473,32,14.0,6,0,1982-06-06 00:00:00,constructor_standings_5836
10837,473,54,4.0,10,0,1982-06-06 00:00:00,constructor_standings_5837
10838,473,51,4.0,9,0,1982-06-06 00:00:00,constructor_standings_5838
10839,473,37,0.0,13,0,1982-06-06 00:00:00,constructor_standings_5839
10840,473,55,0.0,15,0,1982-06-06 00:00:00,constructor_standings_5840
10841,473,56,1.0,12,0,1982-06-06 00:00:00,constructor_standings_5841
10842,473,6,26.0,2,1,1982-06-06 00:00:00,constructor_standings_5842
10843,473,27,11.0,7,0,1982-06-06 00:00:00,constructor_standings_5843
10844,473,53,0.0,16,0,1982-06-06 00:00:00,constructor_standings_5844
10845,473,34,15.0,5,1,1982-06-06 00:00:00,constructor_standings_5845
10846,473,45,3.0,11,0,1982-06-06 00:00:00,constructor_standings_5846
10847,473,21,0.0,14,0,1982-06-06 00:00:00,constructor_standings_5847
10848,473,57,0.0,17,0,1982-06-06 00:00:00,constructor_standings_5848
10849,474,4,22.0,5,2,1982-06-13 00:00:00,constructor_standings_5849
10850,474,3,26.0,4,0,1982-06-13 00:00:00,constructor_standings_5850
10851,474,1,42.0,1,3,1982-06-13 00:00:00,constructor_standings_5851
10852,474,25,10.0,8,0,1982-06-13 00:00:00,constructor_standings_5852
10853,474,32,17.0,6,0,1982-06-13 00:00:00,constructor_standings_5853
10854,474,54,4.0,10,0,1982-06-13 00:00:00,constructor_standings_5854
10855,474,51,5.0,9,0,1982-06-13 00:00:00,constructor_standings_5855
10856,474,37,0.0,14,0,1982-06-13 00:00:00,constructor_standings_5856
10857,474,55,0.0,15,0,1982-06-13 00:00:00,constructor_standings_5857
10858,474,56,1.0,13,0,1982-06-13 00:00:00,constructor_standings_5858
10859,474,6,26.0,3,1,1982-06-13 00:00:00,constructor_standings_5859
10860,474,27,11.0,7,0,1982-06-13 00:00:00,constructor_standings_5860
10861,474,53,0.0,16,0,1982-06-13 00:00:00,constructor_standings_5861
10862,474,34,30.0,2,2,1982-06-13 00:00:00,constructor_standings_5862
10863,474,45,3.0,11,0,1982-06-13 00:00:00,constructor_standings_5863
10864,474,21,2.0,12,0,1982-06-13 00:00:00,constructor_standings_5864
10865,474,57,0.0,17,0,1982-06-13 00:00:00,constructor_standings_5865
10866,475,4,22.0,5,2,1982-07-03 00:00:00,constructor_standings_5866
10867,475,3,32.0,4,0,1982-07-03 00:00:00,constructor_standings_5867
10868,475,1,45.0,1,3,1982-07-03 00:00:00,constructor_standings_5868
10869,475,25,10.0,8,0,1982-07-03 00:00:00,constructor_standings_5869
10870,475,32,17.0,6,0,1982-07-03 00:00:00,constructor_standings_5870
10871,475,54,4.0,10,0,1982-07-03 00:00:00,constructor_standings_5871
10872,475,51,5.0,9,0,1982-07-03 00:00:00,constructor_standings_5872
10873,475,37,0.0,14,0,1982-07-03 00:00:00,constructor_standings_5873
10874,475,55,0.0,15,0,1982-07-03 00:00:00,constructor_standings_5874
10875,475,56,1.0,13,0,1982-07-03 00:00:00,constructor_standings_5875
10876,475,6,35.0,3,2,1982-07-03 00:00:00,constructor_standings_5876
10877,475,27,11.0,7,0,1982-07-03 00:00:00,constructor_standings_5877
10878,475,53,0.0,16,0,1982-07-03 00:00:00,constructor_standings_5878
10879,475,34,36.0,2,2,1982-07-03 00:00:00,constructor_standings_5879
10880,475,45,3.0,11,0,1982-07-03 00:00:00,constructor_standings_5880
10881,475,21,3.0,12,0,1982-07-03 00:00:00,constructor_standings_5881
10882,475,57,0.0,17,0,1982-07-03 00:00:00,constructor_standings_5882
10883,476,4,23.0,5,2,1982-07-18 00:00:00,constructor_standings_5883
10884,476,3,34.0,4,0,1982-07-18 00:00:00,constructor_standings_5884
10885,476,1,54.0,1,4,1982-07-18 00:00:00,constructor_standings_5885
10886,476,25,10.0,8,0,1982-07-18 00:00:00,constructor_standings_5886
10887,476,32,20.0,6,0,1982-07-18 00:00:00,constructor_standings_5887
10888,476,54,4.0,10,0,1982-07-18 00:00:00,constructor_standings_5888
10889,476,51,5.0,9,0,1982-07-18 00:00:00,constructor_standings_5889
10890,476,37,0.0,14,0,1982-07-18 00:00:00,constructor_standings_5890
10891,476,55,0.0,15,0,1982-07-18 00:00:00,constructor_standings_5891
10892,476,56,1.0,13,0,1982-07-18 00:00:00,constructor_standings_5892
10893,476,6,45.0,2,2,1982-07-18 00:00:00,constructor_standings_5893
10894,476,27,11.0,7,0,1982-07-18 00:00:00,constructor_standings_5894
10895,476,53,0.0,16,0,1982-07-18 00:00:00,constructor_standings_5895
10896,476,34,36.0,3,2,1982-07-18 00:00:00,constructor_standings_5896
10897,476,45,3.0,11,0,1982-07-18 00:00:00,constructor_standings_5897
10898,476,21,3.0,12,0,1982-07-18 00:00:00,constructor_standings_5898
10899,476,57,0.0,17,0,1982-07-18 00:00:00,constructor_standings_5899
10900,477,4,38.0,3,3,1982-07-25 00:00:00,constructor_standings_5900
10901,477,3,36.0,5,0,1982-07-25 00:00:00,constructor_standings_5901
10902,477,1,54.0,1,4,1982-07-25 00:00:00,constructor_standings_5902
10903,477,25,11.0,8,0,1982-07-25 00:00:00,constructor_standings_5903
10904,477,32,20.0,6,0,1982-07-25 00:00:00,constructor_standings_5904
10905,477,54,4.0,10,0,1982-07-25 00:00:00,constructor_standings_5905
10906,477,51,5.0,9,0,1982-07-25 00:00:00,constructor_standings_5906
10907,477,37,0.0,14,0,1982-07-25 00:00:00,constructor_standings_5907
10908,477,55,0.0,15,0,1982-07-25 00:00:00,constructor_standings_5908
10909,477,56,1.0,13,0,1982-07-25 00:00:00,constructor_standings_5909
10910,477,6,52.0,2,2,1982-07-25 00:00:00,constructor_standings_5910
10911,477,27,11.0,7,0,1982-07-25 00:00:00,constructor_standings_5911
10912,477,53,0.0,16,0,1982-07-25 00:00:00,constructor_standings_5912
10913,477,34,36.0,4,2,1982-07-25 00:00:00,constructor_standings_5913
10914,477,45,3.0,11,0,1982-07-25 00:00:00,constructor_standings_5914
10915,477,21,3.0,12,0,1982-07-25 00:00:00,constructor_standings_5915
10916,477,57,0.0,17,0,1982-07-25 00:00:00,constructor_standings_5916
10917,478,4,44.0,3,3,1982-08-08 00:00:00,constructor_standings_5917
10918,478,3,40.0,4,0,1982-08-08 00:00:00,constructor_standings_5918
10919,478,1,54.0,2,4,1982-08-08 00:00:00,constructor_standings_5919
10920,478,25,14.0,7,0,1982-08-08 00:00:00,constructor_standings_5920
10921,478,32,20.0,6,0,1982-08-08 00:00:00,constructor_standings_5921
10922,478,54,4.0,10,0,1982-08-08 00:00:00,constructor_standings_5922
10923,478,51,7.0,9,0,1982-08-08 00:00:00,constructor_standings_5923
10924,478,37,0.0,14,0,1982-08-08 00:00:00,constructor_standings_5924
10925,478,55,0.0,17,0,1982-08-08 00:00:00,constructor_standings_5925
10926,478,56,1.0,13,0,1982-08-08 00:00:00,constructor_standings_5926
10927,478,6,61.0,1,3,1982-08-08 00:00:00,constructor_standings_5927
10928,478,27,11.0,8,0,1982-08-08 00:00:00,constructor_standings_5928
10929,478,53,0.0,16,0,1982-08-08 00:00:00,constructor_standings_5929
10930,478,34,36.0,5,2,1982-08-08 00:00:00,constructor_standings_5930
10931,478,45,3.0,12,0,1982-08-08 00:00:00,constructor_standings_5931
10932,478,21,4.0,11,0,1982-08-08 00:00:00,constructor_standings_5932
10933,478,57,0.0,15,0,1982-08-08 00:00:00,constructor_standings_5933
10934,479,4,44.0,4,3,1982-08-15 00:00:00,constructor_standings_5934
10935,479,3,46.0,3,0,1982-08-15 00:00:00,constructor_standings_5935
10936,479,1,56.0,2,4,1982-08-15 00:00:00,constructor_standings_5936
10937,479,25,14.0,8,0,1982-08-15 00:00:00,constructor_standings_5937
10938,479,32,29.0,6,1,1982-08-15 00:00:00,constructor_standings_5938
10939,479,54,4.0,11,0,1982-08-15 00:00:00,constructor_standings_5939
10940,479,51,7.0,9,0,1982-08-15 00:00:00,constructor_standings_5940
10941,479,37,0.0,14,0,1982-08-15 00:00:00,constructor_standings_5941
10942,479,55,0.0,17,0,1982-08-15 00:00:00,constructor_standings_5942
10943,479,56,1.0,13,0,1982-08-15 00:00:00,constructor_standings_5943
10944,479,6,64.0,1,3,1982-08-15 00:00:00,constructor_standings_5944
10945,479,27,15.0,7,0,1982-08-15 00:00:00,constructor_standings_5945
10946,479,53,0.0,16,0,1982-08-15 00:00:00,constructor_standings_5946
10947,479,34,36.0,5,2,1982-08-15 00:00:00,constructor_standings_5947
10948,479,45,3.0,12,0,1982-08-15 00:00:00,constructor_standings_5948
10949,479,21,5.0,10,0,1982-08-15 00:00:00,constructor_standings_5949
10950,479,57,0.0,15,0,1982-08-15 00:00:00,constructor_standings_5950
10951,480,4,50.0,4,3,1982-08-29 00:00:00,constructor_standings_5951
10952,480,3,55.0,3,1,1982-08-29 00:00:00,constructor_standings_5952
10953,480,1,60.0,2,4,1982-08-29 00:00:00,constructor_standings_5953
10954,480,25,14.0,8,0,1982-08-29 00:00:00,constructor_standings_5954
10955,480,32,30.0,6,1,1982-08-29 00:00:00,constructor_standings_5955
10956,480,54,4.0,11,0,1982-08-29 00:00:00,constructor_standings_5956
10957,480,51,7.0,9,0,1982-08-29 00:00:00,constructor_standings_5957
10958,480,37,0.0,14,0,1982-08-29 00:00:00,constructor_standings_5958
10959,480,55,0.0,17,0,1982-08-29 00:00:00,constructor_standings_5959
10960,480,56,1.0,13,0,1982-08-29 00:00:00,constructor_standings_5960
10961,480,6,64.0,1,3,1982-08-29 00:00:00,constructor_standings_5961
10962,480,27,15.0,7,0,1982-08-29 00:00:00,constructor_standings_5962
10963,480,53,0.0,16,0,1982-08-29 00:00:00,constructor_standings_5963
10964,480,34,41.0,5,2,1982-08-29 00:00:00,constructor_standings_5964
10965,480,45,3.0,12,0,1982-08-29 00:00:00,constructor_standings_5965
10966,480,21,5.0,10,0,1982-08-29 00:00:00,constructor_standings_5966
10967,480,57,0.0,15,0,1982-08-29 00:00:00,constructor_standings_5967
10968,481,4,59.0,3,4,1982-09-12 00:00:00,constructor_standings_5968
10969,481,3,55.0,4,1,1982-09-12 00:00:00,constructor_standings_5969
10970,481,1,63.0,2,4,1982-09-12 00:00:00,constructor_standings_5970
10971,481,25,16.0,8,0,1982-09-12 00:00:00,constructor_standings_5971
10972,481,32,30.0,6,1,1982-09-12 00:00:00,constructor_standings_5972
10973,481,54,4.0,11,0,1982-09-12 00:00:00,constructor_standings_5973
10974,481,51,7.0,9,0,1982-09-12 00:00:00,constructor_standings_5974
10975,481,37,0.0,14,0,1982-09-12 00:00:00,constructor_standings_5975
10976,481,55,0.0,17,0,1982-09-12 00:00:00,constructor_standings_5976
10977,481,56,1.0,13,0,1982-09-12 00:00:00,constructor_standings_5977
10978,481,6,74.0,1,3,1982-09-12 00:00:00,constructor_standings_5978
10979,481,27,16.0,7,0,1982-09-12 00:00:00,constructor_standings_5979
10980,481,53,0.0,16,0,1982-09-12 00:00:00,constructor_standings_5980
10981,481,34,41.0,5,2,1982-09-12 00:00:00,constructor_standings_5981
10982,481,45,3.0,12,0,1982-09-12 00:00:00,constructor_standings_5982
10983,481,21,5.0,10,0,1982-09-12 00:00:00,constructor_standings_5983
10984,481,57,0.0,15,0,1982-09-12 00:00:00,constructor_standings_5984
11035,482,57,0.0,15,0,1982-09-25 00:00:00,constructor_standings_5985
11029,482,6,74.0,1,3,1982-09-25 00:00:00,constructor_standings_5986
11037,483,34,4.0,2,0,1981-03-15 00:00:00,constructor_standings_5987
11036,483,3,15.0,1,1,1981-03-15 00:00:00,constructor_standings_5988
11034,482,21,5.0,10,0,1982-09-25 00:00:00,constructor_standings_5989
11033,482,45,3.0,12,0,1982-09-25 00:00:00,constructor_standings_5990
11032,482,34,41.0,5,2,1982-09-25 00:00:00,constructor_standings_5991
11031,482,53,0.0,16,0,1982-09-25 00:00:00,constructor_standings_5992
11030,482,27,20.0,8,0,1982-09-25 00:00:00,constructor_standings_5993
11028,482,56,1.0,13,0,1982-09-25 00:00:00,constructor_standings_5994
11026,482,37,0.0,14,0,1982-09-25 00:00:00,constructor_standings_5995
11027,482,55,0.0,17,0,1982-09-25 00:00:00,constructor_standings_5996
11024,482,54,4.0,11,0,1982-09-25 00:00:00,constructor_standings_5997
11025,482,51,7.0,9,0,1982-09-25 00:00:00,constructor_standings_5998
11023,482,32,30.0,6,1,1982-09-25 00:00:00,constructor_standings_5999
11022,482,25,25.0,7,1,1982-09-25 00:00:00,constructor_standings_6000
11019,482,4,62.0,3,4,1982-09-25 00:00:00,constructor_standings_6001
11020,482,3,58.0,4,1,1982-09-25 00:00:00,constructor_standings_6002
11021,482,1,69.0,2,4,1982-09-25 00:00:00,constructor_standings_6003
11038,483,51,3.0,3,0,1981-03-15 00:00:00,constructor_standings_6004
11039,483,25,2.0,4,0,1981-03-15 00:00:00,constructor_standings_6005
11040,483,55,1.0,5,0,1981-03-15 00:00:00,constructor_standings_6006
11041,483,56,0.0,6,0,1981-03-15 00:00:00,constructor_standings_6007
11042,483,4,0.0,7,0,1981-03-15 00:00:00,constructor_standings_6008
11043,483,57,0.0,8,0,1981-03-15 00:00:00,constructor_standings_6009
11044,483,6,0.0,9,0,1981-03-15 00:00:00,constructor_standings_6010
11045,483,27,0.0,10,0,1981-03-15 00:00:00,constructor_standings_6011
11046,483,54,0.0,11,0,1981-03-15 00:00:00,constructor_standings_6012
11047,483,21,0.0,12,0,1981-03-15 00:00:00,constructor_standings_6013
11048,483,45,0.0,13,0,1981-03-15 00:00:00,constructor_standings_6014
11049,483,32,0.0,14,0,1981-03-15 00:00:00,constructor_standings_6015
11050,483,1,0.0,15,0,1981-03-15 00:00:00,constructor_standings_6016
11051,483,37,0.0,16,0,1981-03-15 00:00:00,constructor_standings_6017
11052,484,3,30.0,1,2,1981-03-29 00:00:00,constructor_standings_6018
11053,484,34,4.0,2,0,1981-03-29 00:00:00,constructor_standings_6019
11054,484,51,3.0,5,0,1981-03-29 00:00:00,constructor_standings_6020
11055,484,25,2.0,7,0,1981-03-29 00:00:00,constructor_standings_6021
11056,484,55,1.0,9,0,1981-03-29 00:00:00,constructor_standings_6022
11057,484,56,0.0,10,0,1981-03-29 00:00:00,constructor_standings_6023
11058,484,4,0.0,11,0,1981-03-29 00:00:00,constructor_standings_6024
11059,484,57,3.0,4,0,1981-03-29 00:00:00,constructor_standings_6025
11060,484,6,0.0,13,0,1981-03-29 00:00:00,constructor_standings_6026
11061,484,27,1.0,8,0,1981-03-29 00:00:00,constructor_standings_6027
11062,484,54,0.0,14,0,1981-03-29 00:00:00,constructor_standings_6028
11063,484,21,4.0,3,0,1981-03-29 00:00:00,constructor_standings_6029
11064,484,45,0.0,15,0,1981-03-29 00:00:00,constructor_standings_6030
11065,484,32,2.0,6,0,1981-03-29 00:00:00,constructor_standings_6031
11066,484,1,0.0,12,0,1981-03-29 00:00:00,constructor_standings_6032
11067,484,37,0.0,16,0,1981-03-29 00:00:00,constructor_standings_6033
11068,485,3,39.0,1,2,1981-04-12 00:00:00,constructor_standings_6034
11069,485,34,13.0,2,1,1981-04-12 00:00:00,constructor_standings_6035
11070,485,51,3.0,5,0,1981-04-12 00:00:00,constructor_standings_6036
11071,485,25,2.0,8,0,1981-04-12 00:00:00,constructor_standings_6037
11072,485,55,1.0,10,0,1981-04-12 00:00:00,constructor_standings_6038
11073,485,56,0.0,11,0,1981-04-12 00:00:00,constructor_standings_6039
11074,485,4,6.0,3,0,1981-04-12 00:00:00,constructor_standings_6040
11075,485,57,3.0,6,0,1981-04-12 00:00:00,constructor_standings_6041
11076,485,6,0.0,14,0,1981-04-12 00:00:00,constructor_standings_6042
11077,485,27,1.0,9,0,1981-04-12 00:00:00,constructor_standings_6043
11078,485,54,0.0,13,0,1981-04-12 00:00:00,constructor_standings_6044
11079,485,21,4.0,4,0,1981-04-12 00:00:00,constructor_standings_6045
11080,485,45,0.0,15,0,1981-04-12 00:00:00,constructor_standings_6046
11081,485,32,3.0,7,0,1981-04-12 00:00:00,constructor_standings_6047
11082,485,1,0.0,12,0,1981-04-12 00:00:00,constructor_standings_6048
11083,485,37,0.0,16,0,1981-04-12 00:00:00,constructor_standings_6049
11084,486,3,43.0,1,2,1981-05-03 00:00:00,constructor_standings_6050
11085,486,34,25.0,2,2,1981-05-03 00:00:00,constructor_standings_6051
11086,486,51,3.0,5,0,1981-05-03 00:00:00,constructor_standings_6052
11087,486,25,2.0,9,0,1981-05-03 00:00:00,constructor_standings_6053
11088,486,55,1.0,12,0,1981-05-03 00:00:00,constructor_standings_6054
11089,486,56,0.0,13,0,1981-05-03 00:00:00,constructor_standings_6055
11090,486,4,6.0,4,0,1981-05-03 00:00:00,constructor_standings_6056
11091,486,57,3.0,6,0,1981-05-03 00:00:00,constructor_standings_6057
11092,486,6,2.0,8,0,1981-05-03 00:00:00,constructor_standings_6058
11093,486,27,1.0,10,0,1981-05-03 00:00:00,constructor_standings_6059
11094,486,54,0.0,14,0,1981-05-03 00:00:00,constructor_standings_6060
11095,486,21,10.0,3,0,1981-05-03 00:00:00,constructor_standings_6061
11096,486,45,0.0,16,0,1981-05-03 00:00:00,constructor_standings_6062
11097,486,32,3.0,7,0,1981-05-03 00:00:00,constructor_standings_6063
11098,486,1,1.0,11,0,1981-05-03 00:00:00,constructor_standings_6064
11099,486,37,0.0,15,0,1981-05-03 00:00:00,constructor_standings_6065
11100,486,53,0.0,17,0,1981-05-03 00:00:00,constructor_standings_6066
11101,487,3,52.0,1,3,1981-05-17 00:00:00,constructor_standings_6067
11102,487,34,25.0,2,2,1981-05-17 00:00:00,constructor_standings_6068
11103,487,51,3.0,8,0,1981-05-17 00:00:00,constructor_standings_6069
11104,487,25,3.0,10,0,1981-05-17 00:00:00,constructor_standings_6070
11105,487,55,1.0,12,0,1981-05-17 00:00:00,constructor_standings_6071
11106,487,56,0.0,13,0,1981-05-17 00:00:00,constructor_standings_6072
11107,487,4,6.0,6,0,1981-05-17 00:00:00,constructor_standings_6073
11108,487,57,3.0,9,0,1981-05-17 00:00:00,constructor_standings_6074
11109,487,6,5.0,7,0,1981-05-17 00:00:00,constructor_standings_6075
11110,487,27,7.0,5,0,1981-05-17 00:00:00,constructor_standings_6076
11111,487,54,0.0,14,0,1981-05-17 00:00:00,constructor_standings_6077
11112,487,21,10.0,3,0,1981-05-17 00:00:00,constructor_standings_6078
11113,487,45,0.0,15,0,1981-05-17 00:00:00,constructor_standings_6079
11114,487,32,9.0,4,0,1981-05-17 00:00:00,constructor_standings_6080
11115,487,1,1.0,11,0,1981-05-17 00:00:00,constructor_standings_6081
11116,487,37,0.0,16,0,1981-05-17 00:00:00,constructor_standings_6082
11117,487,53,0.0,17,0,1981-05-17 00:00:00,constructor_standings_6083
11118,488,3,58.0,1,3,1981-05-31 00:00:00,constructor_standings_6084
11119,488,34,25.0,2,2,1981-05-31 00:00:00,constructor_standings_6085
11120,488,51,3.0,10,0,1981-05-31 00:00:00,constructor_standings_6086
11121,488,25,5.0,8,0,1981-05-31 00:00:00,constructor_standings_6087
11122,488,55,1.0,12,0,1981-05-31 00:00:00,constructor_standings_6088
11123,488,56,0.0,13,0,1981-05-31 00:00:00,constructor_standings_6089
11124,488,4,6.0,7,0,1981-05-31 00:00:00,constructor_standings_6090
11125,488,57,4.0,9,0,1981-05-31 00:00:00,constructor_standings_6091
11126,488,6,17.0,3,1,1981-05-31 00:00:00,constructor_standings_6092
11127,488,27,11.0,4,0,1981-05-31 00:00:00,constructor_standings_6093
11128,488,54,0.0,14,0,1981-05-31 00:00:00,constructor_standings_6094
11129,488,21,10.0,5,0,1981-05-31 00:00:00,constructor_standings_6095
11130,488,45,0.0,15,0,1981-05-31 00:00:00,constructor_standings_6096
11131,488,32,9.0,6,0,1981-05-31 00:00:00,constructor_standings_6097
11132,488,1,1.0,11,0,1981-05-31 00:00:00,constructor_standings_6098
11133,488,37,0.0,16,0,1981-05-31 00:00:00,constructor_standings_6099
11134,488,53,0.0,17,0,1981-05-31 00:00:00,constructor_standings_6100
11135,489,3,61.0,1,3,1981-06-21 00:00:00,constructor_standings_6101
11136,489,34,25.0,3,2,1981-06-21 00:00:00,constructor_standings_6102
11137,489,51,3.0,11,0,1981-06-21 00:00:00,constructor_standings_6103
11138,489,25,5.0,9,0,1981-06-21 00:00:00,constructor_standings_6104
11139,489,55,1.0,12,0,1981-06-21 00:00:00,constructor_standings_6105
11140,489,56,0.0,13,0,1981-06-21 00:00:00,constructor_standings_6106
11141,489,4,6.0,7,0,1981-06-21 00:00:00,constructor_standings_6107
11142,489,57,4.0,10,0,1981-06-21 00:00:00,constructor_standings_6108
11143,489,6,26.0,2,2,1981-06-21 00:00:00,constructor_standings_6109
11144,489,27,17.0,4,0,1981-06-21 00:00:00,constructor_standings_6110
11145,489,54,0.0,14,0,1981-06-21 00:00:00,constructor_standings_6111
11146,489,21,10.0,6,0,1981-06-21 00:00:00,constructor_standings_6112
11147,489,45,0.0,15,0,1981-06-21 00:00:00,constructor_standings_6113
11148,489,32,12.0,5,0,1981-06-21 00:00:00,constructor_standings_6114
11149,489,1,5.0,8,0,1981-06-21 00:00:00,constructor_standings_6115
11150,489,37,0.0,16,0,1981-06-21 00:00:00,constructor_standings_6116
11151,489,53,0.0,17,0,1981-06-21 00:00:00,constructor_standings_6117
11152,490,3,61.0,1,3,1981-07-05 00:00:00,constructor_standings_6118
11153,490,34,29.0,2,2,1981-07-05 00:00:00,constructor_standings_6119
11154,490,51,3.0,11,0,1981-07-05 00:00:00,constructor_standings_6120
11155,490,25,5.0,9,0,1981-07-05 00:00:00,constructor_standings_6121
11156,490,55,1.0,12,0,1981-07-05 00:00:00,constructor_standings_6122
11157,490,56,0.0,13,0,1981-07-05 00:00:00,constructor_standings_6123
11158,490,4,18.0,4,1,1981-07-05 00:00:00,constructor_standings_6124
11159,490,57,4.0,10,0,1981-07-05 00:00:00,constructor_standings_6125
11160,490,6,28.0,3,2,1981-07-05 00:00:00,constructor_standings_6126
11161,490,27,17.0,5,0,1981-07-05 00:00:00,constructor_standings_6127
11162,490,54,0.0,14,0,1981-07-05 00:00:00,constructor_standings_6128
11163,490,21,10.0,8,0,1981-07-05 00:00:00,constructor_standings_6129
11164,490,45,0.0,15,0,1981-07-05 00:00:00,constructor_standings_6130
11165,490,32,13.0,6,0,1981-07-05 00:00:00,constructor_standings_6131
11166,490,1,11.0,7,0,1981-07-05 00:00:00,constructor_standings_6132
11167,490,37,0.0,16,0,1981-07-05 00:00:00,constructor_standings_6133
11168,490,53,0.0,17,0,1981-07-05 00:00:00,constructor_standings_6134
11169,491,3,67.0,1,3,1981-07-18 00:00:00,constructor_standings_6135
11170,491,34,31.0,2,2,1981-07-18 00:00:00,constructor_standings_6136
11171,491,51,3.0,11,0,1981-07-18 00:00:00,constructor_standings_6137
11172,491,25,8.0,9,0,1981-07-18 00:00:00,constructor_standings_6138
11173,491,55,1.0,12,0,1981-07-18 00:00:00,constructor_standings_6139
11174,491,56,0.0,14,0,1981-07-18 00:00:00,constructor_standings_6140
11175,491,4,18.0,6,1,1981-07-18 00:00:00,constructor_standings_6141
11176,491,57,4.0,10,0,1981-07-18 00:00:00,constructor_standings_6142
11177,491,6,28.0,3,2,1981-07-18 00:00:00,constructor_standings_6143
11178,491,27,21.0,4,0,1981-07-18 00:00:00,constructor_standings_6144
11179,491,54,1.0,13,0,1981-07-18 00:00:00,constructor_standings_6145
11180,491,21,10.0,8,0,1981-07-18 00:00:00,constructor_standings_6146
11181,491,45,0.0,16,0,1981-07-18 00:00:00,constructor_standings_6147
11182,491,32,13.0,7,0,1981-07-18 00:00:00,constructor_standings_6148
11183,491,1,20.0,5,1,1981-07-18 00:00:00,constructor_standings_6149
11184,491,37,0.0,15,0,1981-07-18 00:00:00,constructor_standings_6150
11185,491,53,0.0,17,0,1981-07-18 00:00:00,constructor_standings_6151
11220,493,3,72.0,1,3,1981-08-16 00:00:00,constructor_standings_6152
11219,492,53,0.0,17,0,1981-08-02 00:00:00,constructor_standings_6153
11218,492,37,0.0,15,0,1981-08-02 00:00:00,constructor_standings_6154
11217,492,1,21.0,6,1,1981-08-02 00:00:00,constructor_standings_6155
11215,492,45,0.0,16,0,1981-08-02 00:00:00,constructor_standings_6156
11213,492,54,1.0,13,0,1981-08-02 00:00:00,constructor_standings_6157
11212,492,27,25.0,4,0,1981-08-02 00:00:00,constructor_standings_6158
11211,492,6,28.0,3,2,1981-08-02 00:00:00,constructor_standings_6159
11210,492,57,4.0,10,0,1981-08-02 00:00:00,constructor_standings_6160
11205,492,51,3.0,11,0,1981-08-02 00:00:00,constructor_standings_6161
11216,492,32,13.0,7,0,1981-08-02 00:00:00,constructor_standings_6162
11214,492,21,10.0,8,0,1981-08-02 00:00:00,constructor_standings_6163
11206,492,25,10.0,9,0,1981-08-02 00:00:00,constructor_standings_6164
11207,492,55,1.0,12,0,1981-08-02 00:00:00,constructor_standings_6165
11208,492,56,0.0,14,0,1981-08-02 00:00:00,constructor_standings_6166
11209,492,4,24.0,5,1,1981-08-02 00:00:00,constructor_standings_6167
11204,492,34,43.0,2,3,1981-08-02 00:00:00,constructor_standings_6168
11203,492,3,67.0,1,3,1981-08-02 00:00:00,constructor_standings_6169
11221,493,34,47.0,2,3,1981-08-16 00:00:00,constructor_standings_6170
11222,493,51,3.0,11,0,1981-08-16 00:00:00,constructor_standings_6171
11223,493,25,10.0,9,0,1981-08-16 00:00:00,constructor_standings_6172
11224,493,55,1.0,12,0,1981-08-16 00:00:00,constructor_standings_6173
11225,493,56,0.0,14,0,1981-08-16 00:00:00,constructor_standings_6174
11226,493,4,30.0,4,1,1981-08-16 00:00:00,constructor_standings_6175
11227,493,57,4.0,10,0,1981-08-16 00:00:00,constructor_standings_6176
11228,493,6,28.0,5,2,1981-08-16 00:00:00,constructor_standings_6177
11229,493,27,34.0,3,1,1981-08-16 00:00:00,constructor_standings_6178
11230,493,54,1.0,13,0,1981-08-16 00:00:00,constructor_standings_6179
11231,493,21,10.0,8,0,1981-08-16 00:00:00,constructor_standings_6180
11232,493,45,0.0,16,0,1981-08-16 00:00:00,constructor_standings_6181
11233,493,32,13.0,7,0,1981-08-16 00:00:00,constructor_standings_6182
11234,493,1,22.0,6,1,1981-08-16 00:00:00,constructor_standings_6183
11235,493,37,0.0,15,0,1981-08-16 00:00:00,constructor_standings_6184
11236,493,53,0.0,17,0,1981-08-16 00:00:00,constructor_standings_6185
11237,494,3,76.0,1,3,1981-08-30 00:00:00,constructor_standings_6186
11238,494,34,56.0,2,3,1981-08-30 00:00:00,constructor_standings_6187
11239,494,51,3.0,11,0,1981-08-30 00:00:00,constructor_standings_6188
11240,494,25,10.0,9,0,1981-08-30 00:00:00,constructor_standings_6189
11241,494,55,1.0,12,0,1981-08-30 00:00:00,constructor_standings_6190
11242,494,56,0.0,14,0,1981-08-30 00:00:00,constructor_standings_6191
11243,494,4,39.0,3,2,1981-08-30 00:00:00,constructor_standings_6192
11244,494,57,5.0,10,0,1981-08-30 00:00:00,constructor_standings_6193
11245,494,6,28.0,5,2,1981-08-30 00:00:00,constructor_standings_6194
11246,494,27,34.0,4,1,1981-08-30 00:00:00,constructor_standings_6195
11247,494,54,1.0,13,0,1981-08-30 00:00:00,constructor_standings_6196
11248,494,21,10.0,8,0,1981-08-30 00:00:00,constructor_standings_6197
11249,494,45,0.0,16,0,1981-08-30 00:00:00,constructor_standings_6198
11250,494,32,15.0,7,0,1981-08-30 00:00:00,constructor_standings_6199
11251,494,1,22.0,6,1,1981-08-30 00:00:00,constructor_standings_6200
11252,494,37,0.0,15,0,1981-08-30 00:00:00,constructor_standings_6201
11253,494,53,0.0,17,0,1981-08-30 00:00:00,constructor_standings_6202
11254,495,3,86.0,1,3,1981-09-13 00:00:00,constructor_standings_6203
11255,495,34,57.0,2,3,1981-09-13 00:00:00,constructor_standings_6204
11256,495,51,3.0,11,0,1981-09-13 00:00:00,constructor_standings_6205
11257,495,25,10.0,9,0,1981-09-13 00:00:00,constructor_standings_6206
11258,495,55,1.0,12,0,1981-09-13 00:00:00,constructor_standings_6207
11259,495,56,0.0,14,0,1981-09-13 00:00:00,constructor_standings_6208
11260,495,4,48.0,3,3,1981-09-13 00:00:00,constructor_standings_6209
11261,495,57,5.0,10,0,1981-09-13 00:00:00,constructor_standings_6210
11262,495,6,30.0,5,2,1981-09-13 00:00:00,constructor_standings_6211
11263,495,27,34.0,4,1,1981-09-13 00:00:00,constructor_standings_6212
11264,495,54,1.0,13,0,1981-09-13 00:00:00,constructor_standings_6213
11265,495,21,10.0,8,0,1981-09-13 00:00:00,constructor_standings_6214
11266,495,45,0.0,16,0,1981-09-13 00:00:00,constructor_standings_6215
11267,495,32,18.0,7,0,1981-09-13 00:00:00,constructor_standings_6216
11268,495,1,22.0,6,1,1981-09-13 00:00:00,constructor_standings_6217
11269,495,37,0.0,15,0,1981-09-13 00:00:00,constructor_standings_6218
11270,495,53,0.0,17,0,1981-09-13 00:00:00,constructor_standings_6219
11271,496,3,86.0,1,3,1981-09-27 00:00:00,constructor_standings_6220
11272,496,34,59.0,2,3,1981-09-27 00:00:00,constructor_standings_6221
11273,496,51,6.0,10,0,1981-09-27 00:00:00,constructor_standings_6222
11274,496,25,10.0,9,0,1981-09-27 00:00:00,constructor_standings_6223
11275,496,55,1.0,12,0,1981-09-27 00:00:00,constructor_standings_6224
11276,496,56,0.0,15,0,1981-09-27 00:00:00,constructor_standings_6225
11277,496,4,48.0,3,3,1981-09-27 00:00:00,constructor_standings_6226
11278,496,57,5.0,11,0,1981-09-27 00:00:00,constructor_standings_6227
11279,496,6,34.0,5,2,1981-09-27 00:00:00,constructor_standings_6228
11280,496,27,43.0,4,2,1981-09-27 00:00:00,constructor_standings_6229
11281,496,54,1.0,13,0,1981-09-27 00:00:00,constructor_standings_6230
11282,496,21,10.0,8,0,1981-09-27 00:00:00,constructor_standings_6231
11283,496,45,0.0,16,0,1981-09-27 00:00:00,constructor_standings_6232
11284,496,32,19.0,7,0,1981-09-27 00:00:00,constructor_standings_6233
11285,496,1,28.0,6,1,1981-09-27 00:00:00,constructor_standings_6234
11286,496,37,0.0,14,0,1981-09-27 00:00:00,constructor_standings_6235
11287,496,53,0.0,17,0,1981-09-27 00:00:00,constructor_standings_6236
11288,497,3,95.0,1,4,1981-10-17 00:00:00,constructor_standings_6237
11289,497,34,61.0,2,3,1981-10-17 00:00:00,constructor_standings_6238
11290,497,51,10.0,9,0,1981-10-17 00:00:00,constructor_standings_6239
11291,497,25,10.0,10,0,1981-10-17 00:00:00,constructor_standings_6240
11292,497,55,1.0,12,0,1981-10-17 00:00:00,constructor_standings_6241
11293,497,56,0.0,15,0,1981-10-17 00:00:00,constructor_standings_6242
11294,497,4,54.0,3,3,1981-10-17 00:00:00,constructor_standings_6243
11295,497,57,5.0,11,0,1981-10-17 00:00:00,constructor_standings_6244
11296,497,6,34.0,5,2,1981-10-17 00:00:00,constructor_standings_6245
11297,497,27,44.0,4,2,1981-10-17 00:00:00,constructor_standings_6246
11298,497,54,1.0,13,0,1981-10-17 00:00:00,constructor_standings_6247
11299,497,21,10.0,8,0,1981-10-17 00:00:00,constructor_standings_6248
11300,497,45,0.0,16,0,1981-10-17 00:00:00,constructor_standings_6249
11301,497,32,22.0,7,0,1981-10-17 00:00:00,constructor_standings_6250
11302,497,1,28.0,6,1,1981-10-17 00:00:00,constructor_standings_6251
11303,497,37,0.0,14,0,1981-10-17 00:00:00,constructor_standings_6252
11304,497,53,0.0,17,0,1981-10-17 00:00:00,constructor_standings_6253
11305,498,3,9.0,1,1,1980-01-13 00:00:00,constructor_standings_6254
11306,498,34,6.0,2,0,1980-01-13 00:00:00,constructor_standings_6255
11307,498,56,4.0,3,0,1980-01-13 00:00:00,constructor_standings_6256
11308,498,25,3.0,4,0,1980-01-13 00:00:00,constructor_standings_6257
11309,498,51,2.0,5,0,1980-01-13 00:00:00,constructor_standings_6258
11310,498,1,1.0,6,0,1980-01-13 00:00:00,constructor_standings_6259
11311,498,6,0.0,7,0,1980-01-13 00:00:00,constructor_standings_6260
11312,498,57,0.0,8,0,1980-01-13 00:00:00,constructor_standings_6261
11313,498,27,0.0,9,0,1980-01-13 00:00:00,constructor_standings_6262
11314,498,21,0.0,10,0,1980-01-13 00:00:00,constructor_standings_6263
11315,498,54,0.0,11,0,1980-01-13 00:00:00,constructor_standings_6264
11316,498,32,0.0,12,0,1980-01-13 00:00:00,constructor_standings_6265
11317,498,4,0.0,13,0,1980-01-13 00:00:00,constructor_standings_6266
11318,498,58,0.0,14,0,1980-01-13 00:00:00,constructor_standings_6267
11319,498,45,0.0,15,0,1980-01-13 00:00:00,constructor_standings_6268
11320,499,3,13.0,1,1,1980-01-27 00:00:00,constructor_standings_6269
11321,499,34,6.0,3,0,1980-01-27 00:00:00,constructor_standings_6270
11322,499,56,4.0,5,0,1980-01-27 00:00:00,constructor_standings_6271
11323,499,25,3.0,6,0,1980-01-27 00:00:00,constructor_standings_6272
11324,499,51,2.0,9,0,1980-01-27 00:00:00,constructor_standings_6273
11325,499,1,3.0,8,0,1980-01-27 00:00:00,constructor_standings_6274
11326,499,6,0.0,12,0,1980-01-27 00:00:00,constructor_standings_6275
11327,499,57,0.0,13,0,1980-01-27 00:00:00,constructor_standings_6276
11328,499,27,3.0,7,0,1980-01-27 00:00:00,constructor_standings_6277
11329,499,21,1.0,10,0,1980-01-27 00:00:00,constructor_standings_6278
11330,499,54,0.0,11,0,1980-01-27 00:00:00,constructor_standings_6279
11331,499,32,6.0,4,0,1980-01-27 00:00:00,constructor_standings_6280
11332,499,4,9.0,2,1,1980-01-27 00:00:00,constructor_standings_6281
11333,499,58,0.0,14,0,1980-01-27 00:00:00,constructor_standings_6282
11334,499,45,0.0,15,0,1980-01-27 00:00:00,constructor_standings_6283
11335,500,3,15.0,2,1,1980-03-01 00:00:00,constructor_standings_6284
11336,500,34,9.0,4,0,1980-03-01 00:00:00,constructor_standings_6285
11337,500,56,4.0,6,0,1980-03-01 00:00:00,constructor_standings_6286
11338,500,25,3.0,7,0,1980-03-01 00:00:00,constructor_standings_6287
11339,500,51,2.0,9,0,1980-03-01 00:00:00,constructor_standings_6288
11340,500,1,3.0,8,0,1980-03-01 00:00:00,constructor_standings_6289
11341,500,6,0.0,14,0,1980-03-01 00:00:00,constructor_standings_6290
11342,500,57,0.0,12,0,1980-03-01 00:00:00,constructor_standings_6291
11343,500,27,13.0,3,0,1980-03-01 00:00:00,constructor_standings_6292
11344,500,21,2.0,10,0,1980-03-01 00:00:00,constructor_standings_6293
11345,500,54,0.0,11,0,1980-03-01 00:00:00,constructor_standings_6294
11346,500,32,6.0,5,0,1980-03-01 00:00:00,constructor_standings_6295
11347,500,4,18.0,1,2,1980-03-01 00:00:00,constructor_standings_6296
11348,500,58,0.0,13,0,1980-03-01 00:00:00,constructor_standings_6297
11349,500,45,0.0,15,0,1980-03-01 00:00:00,constructor_standings_6298
11350,501,3,15.0,3,1,1980-03-30 00:00:00,constructor_standings_6299
11351,501,34,18.0,2,1,1980-03-30 00:00:00,constructor_standings_6300
11352,501,56,8.0,6,0,1980-03-30 00:00:00,constructor_standings_6301
11353,501,25,3.0,9,0,1980-03-30 00:00:00,constructor_standings_6302
11354,501,51,2.0,10,0,1980-03-30 00:00:00,constructor_standings_6303
11355,501,1,6.0,8,0,1980-03-30 00:00:00,constructor_standings_6304
11356,501,6,2.0,11,0,1980-03-30 00:00:00,constructor_standings_6305
11357,501,57,0.0,13,0,1980-03-30 00:00:00,constructor_standings_6306
11358,501,27,14.0,4,0,1980-03-30 00:00:00,constructor_standings_6307
11359,501,21,8.0,5,0,1980-03-30 00:00:00,constructor_standings_6308
11360,501,54,0.0,12,0,1980-03-30 00:00:00,constructor_standings_6309
11361,501,32,6.0,7,0,1980-03-30 00:00:00,constructor_standings_6310
11362,501,4,18.0,1,2,1980-03-30 00:00:00,constructor_standings_6311
11363,501,58,0.0,14,0,1980-03-30 00:00:00,constructor_standings_6312
11364,501,45,0.0,15,0,1980-03-30 00:00:00,constructor_standings_6313
11365,502,3,25.0,1,1,1980-05-04 00:00:00,constructor_standings_6314
11366,502,34,18.0,4,1,1980-05-04 00:00:00,constructor_standings_6315
11367,502,56,8.0,6,0,1980-05-04 00:00:00,constructor_standings_6316
11368,502,25,5.0,9,0,1980-05-04 00:00:00,constructor_standings_6317
11369,502,51,2.0,11,0,1980-05-04 00:00:00,constructor_standings_6318
11370,502,1,6.0,8,0,1980-05-04 00:00:00,constructor_standings_6319
11371,502,6,3.0,10,0,1980-05-04 00:00:00,constructor_standings_6320
11372,502,57,0.0,13,0,1980-05-04 00:00:00,constructor_standings_6321
11373,502,27,23.0,2,1,1980-05-04 00:00:00,constructor_standings_6322
11374,502,21,8.0,5,0,1980-05-04 00:00:00,constructor_standings_6323
11375,502,54,0.0,12,0,1980-05-04 00:00:00,constructor_standings_6324
11376,502,32,6.0,7,0,1980-05-04 00:00:00,constructor_standings_6325
11377,502,4,21.0,3,2,1980-05-04 00:00:00,constructor_standings_6326
11378,502,58,0.0,14,0,1980-05-04 00:00:00,constructor_standings_6327
11379,502,45,0.0,15,0,1980-05-04 00:00:00,constructor_standings_6328
11380,503,3,34.0,1,2,1980-05-18 00:00:00,constructor_standings_6329
11381,503,34,22.0,3,1,1980-05-18 00:00:00,constructor_standings_6330
11382,503,56,9.0,6,0,1980-05-18 00:00:00,constructor_standings_6331
11383,503,25,5.0,9,0,1980-05-18 00:00:00,constructor_standings_6332
11384,503,51,2.0,11,0,1980-05-18 00:00:00,constructor_standings_6333
11385,503,1,6.0,8,0,1980-05-18 00:00:00,constructor_standings_6334
11386,503,6,5.0,10,0,1980-05-18 00:00:00,constructor_standings_6335
11387,503,57,0.0,13,0,1980-05-18 00:00:00,constructor_standings_6336
11388,503,27,29.0,2,1,1980-05-18 00:00:00,constructor_standings_6337
11389,503,21,11.0,5,0,1980-05-18 00:00:00,constructor_standings_6338
11390,503,54,0.0,12,0,1980-05-18 00:00:00,constructor_standings_6339
11391,503,32,6.0,7,0,1980-05-18 00:00:00,constructor_standings_6340
11392,503,4,21.0,4,2,1980-05-18 00:00:00,constructor_standings_6341
11393,503,58,0.0,14,0,1980-05-18 00:00:00,constructor_standings_6342
11394,503,45,0.0,15,0,1980-05-18 00:00:00,constructor_standings_6343
11395,504,3,44.0,1,3,1980-06-29 00:00:00,constructor_standings_6344
11396,504,34,25.0,3,1,1980-06-29 00:00:00,constructor_standings_6345
11397,504,56,9.0,6,0,1980-06-29 00:00:00,constructor_standings_6346
11398,504,25,5.0,9,0,1980-06-29 00:00:00,constructor_standings_6347
11399,504,51,2.0,11,0,1980-06-29 00:00:00,constructor_standings_6348
11400,504,1,6.0,8,0,1980-06-29 00:00:00,constructor_standings_6349
11401,504,6,5.0,10,0,1980-06-29 00:00:00,constructor_standings_6350
11402,504,57,0.0,13,0,1980-06-29 00:00:00,constructor_standings_6351
11403,504,27,39.0,2,1,1980-06-29 00:00:00,constructor_standings_6352
11404,504,21,11.0,5,0,1980-06-29 00:00:00,constructor_standings_6353
11405,504,54,0.0,12,0,1980-06-29 00:00:00,constructor_standings_6354
11406,504,32,6.0,7,0,1980-06-29 00:00:00,constructor_standings_6355
11407,504,4,23.0,4,2,1980-06-29 00:00:00,constructor_standings_6356
11408,504,58,0.0,14,0,1980-06-29 00:00:00,constructor_standings_6357
11409,504,45,0.0,15,0,1980-06-29 00:00:00,constructor_standings_6358
11410,505,3,57.0,1,4,1980-07-13 00:00:00,constructor_standings_6359
11411,505,34,31.0,3,1,1980-07-13 00:00:00,constructor_standings_6360
11412,505,56,9.0,7,0,1980-07-13 00:00:00,constructor_standings_6361
11413,505,25,10.0,6,0,1980-07-13 00:00:00,constructor_standings_6362
11414,505,51,2.0,11,0,1980-07-13 00:00:00,constructor_standings_6363
11415,505,1,7.0,8,0,1980-07-13 00:00:00,constructor_standings_6364
11416,505,6,5.0,10,0,1980-07-13 00:00:00,constructor_standings_6365
11417,505,57,0.0,13,0,1980-07-13 00:00:00,constructor_standings_6366
11418,505,27,39.0,2,1,1980-07-13 00:00:00,constructor_standings_6367
11419,505,21,11.0,5,0,1980-07-13 00:00:00,constructor_standings_6368
11420,505,54,0.0,12,0,1980-07-13 00:00:00,constructor_standings_6369
11421,505,32,6.0,9,0,1980-07-13 00:00:00,constructor_standings_6370
11422,505,4,23.0,4,2,1980-07-13 00:00:00,constructor_standings_6371
11423,505,58,0.0,14,0,1980-07-13 00:00:00,constructor_standings_6372
11424,505,45,0.0,15,0,1980-07-13 00:00:00,constructor_standings_6373
11425,506,3,67.0,1,4,1980-08-10 00:00:00,constructor_standings_6374
11426,506,34,34.0,3,1,1980-08-10 00:00:00,constructor_standings_6375
11427,506,56,9.0,7,0,1980-08-10 00:00:00,constructor_standings_6376
11428,506,25,10.0,6,0,1980-08-10 00:00:00,constructor_standings_6377
11429,506,51,4.0,11,0,1980-08-10 00:00:00,constructor_standings_6378
11430,506,1,7.0,8,0,1980-08-10 00:00:00,constructor_standings_6379
11431,506,6,6.0,10,0,1980-08-10 00:00:00,constructor_standings_6380
11432,506,57,0.0,13,0,1980-08-10 00:00:00,constructor_standings_6381
11433,506,27,48.0,2,2,1980-08-10 00:00:00,constructor_standings_6382
11434,506,21,11.0,5,0,1980-08-10 00:00:00,constructor_standings_6383
11435,506,54,0.0,12,0,1980-08-10 00:00:00,constructor_standings_6384
11436,506,32,6.0,9,0,1980-08-10 00:00:00,constructor_standings_6385
11437,506,4,23.0,4,2,1980-08-10 00:00:00,constructor_standings_6386
11438,506,58,0.0,14,0,1980-08-10 00:00:00,constructor_standings_6387
11439,506,45,0.0,15,0,1980-08-10 00:00:00,constructor_standings_6388
11440,507,3,77.0,1,4,1980-08-17 00:00:00,constructor_standings_6389
11441,507,34,36.0,3,1,1980-08-17 00:00:00,constructor_standings_6390
11442,507,56,9.0,7,0,1980-08-17 00:00:00,constructor_standings_6391
11443,507,25,10.0,6,0,1980-08-17 00:00:00,constructor_standings_6392
11444,507,51,4.0,11,0,1980-08-17 00:00:00,constructor_standings_6393
11445,507,1,7.0,9,0,1980-08-17 00:00:00,constructor_standings_6394
11446,507,6,6.0,10,0,1980-08-17 00:00:00,constructor_standings_6395
11447,507,57,0.0,13,0,1980-08-17 00:00:00,constructor_standings_6396
11448,507,27,51.0,2,2,1980-08-17 00:00:00,constructor_standings_6397
11449,507,21,11.0,5,0,1980-08-17 00:00:00,constructor_standings_6398
11450,507,54,0.0,12,0,1980-08-17 00:00:00,constructor_standings_6399
11451,507,32,7.0,8,0,1980-08-17 00:00:00,constructor_standings_6400
11452,507,4,32.0,4,3,1980-08-17 00:00:00,constructor_standings_6401
11453,507,58,0.0,14,0,1980-08-17 00:00:00,constructor_standings_6402
11454,507,45,0.0,15,0,1980-08-17 00:00:00,constructor_standings_6403
11455,508,3,80.0,1,4,1980-08-31 00:00:00,constructor_standings_6404
11456,508,34,45.0,3,2,1980-08-31 00:00:00,constructor_standings_6405
11457,508,56,9.0,7,0,1980-08-31 00:00:00,constructor_standings_6406
11458,508,25,12.0,5,0,1980-08-31 00:00:00,constructor_standings_6407
11459,508,51,4.0,11,0,1980-08-31 00:00:00,constructor_standings_6408
11460,508,1,8.0,8,0,1980-08-31 00:00:00,constructor_standings_6409
11461,508,6,6.0,10,0,1980-08-31 00:00:00,constructor_standings_6410
11462,508,57,0.0,13,0,1980-08-31 00:00:00,constructor_standings_6411
11463,508,27,55.0,2,2,1980-08-31 00:00:00,constructor_standings_6412
11464,508,21,11.0,6,0,1980-08-31 00:00:00,constructor_standings_6413
11465,508,54,0.0,12,0,1980-08-31 00:00:00,constructor_standings_6414
11466,508,32,7.0,9,0,1980-08-31 00:00:00,constructor_standings_6415
11467,508,4,38.0,4,3,1980-08-31 00:00:00,constructor_standings_6416
11468,508,58,0.0,14,0,1980-08-31 00:00:00,constructor_standings_6417
11469,508,45,0.0,15,0,1980-08-31 00:00:00,constructor_standings_6418
11470,509,3,90.0,1,4,1980-09-14 00:00:00,constructor_standings_6419
11471,509,34,54.0,3,3,1980-09-14 00:00:00,constructor_standings_6420
11472,509,56,11.0,7,0,1980-09-14 00:00:00,constructor_standings_6421
11473,509,25,12.0,5,0,1980-09-14 00:00:00,constructor_standings_6422
11474,509,51,4.0,11,0,1980-09-14 00:00:00,constructor_standings_6423
11475,509,1,8.0,9,0,1980-09-14 00:00:00,constructor_standings_6424
11476,509,6,6.0,10,0,1980-09-14 00:00:00,constructor_standings_6425
11477,509,57,0.0,13,0,1980-09-14 00:00:00,constructor_standings_6426
11478,509,27,56.0,2,2,1980-09-14 00:00:00,constructor_standings_6427
11479,509,21,11.0,6,0,1980-09-14 00:00:00,constructor_standings_6428
11480,509,54,0.0,12,0,1980-09-14 00:00:00,constructor_standings_6429
11481,509,32,10.0,8,0,1980-09-14 00:00:00,constructor_standings_6430
11482,509,4,38.0,4,3,1980-09-14 00:00:00,constructor_standings_6431
11483,509,58,0.0,15,0,1980-09-14 00:00:00,constructor_standings_6432
11484,509,45,0.0,14,0,1980-09-14 00:00:00,constructor_standings_6433
11485,510,3,105.0,1,5,1980-09-28 00:00:00,constructor_standings_6434
11486,510,34,55.0,3,3,1980-09-28 00:00:00,constructor_standings_6435
11487,510,56,11.0,7,0,1980-09-28 00:00:00,constructor_standings_6436
11488,510,25,12.0,5,0,1980-09-28 00:00:00,constructor_standings_6437
11489,510,51,4.0,11,0,1980-09-28 00:00:00,constructor_standings_6438
11490,510,1,11.0,8,0,1980-09-28 00:00:00,constructor_standings_6439
11491,510,6,8.0,10,0,1980-09-28 00:00:00,constructor_standings_6440
11492,510,57,0.0,13,0,1980-09-28 00:00:00,constructor_standings_6441
11493,510,27,60.0,2,2,1980-09-28 00:00:00,constructor_standings_6442
11494,510,21,11.0,6,0,1980-09-28 00:00:00,constructor_standings_6443
11495,510,54,0.0,12,0,1980-09-28 00:00:00,constructor_standings_6444
11496,510,32,10.0,9,0,1980-09-28 00:00:00,constructor_standings_6445
11497,510,4,38.0,4,3,1980-09-28 00:00:00,constructor_standings_6446
11498,510,58,0.0,15,0,1980-09-28 00:00:00,constructor_standings_6447
11499,510,45,0.0,14,0,1980-09-28 00:00:00,constructor_standings_6448
11500,511,3,120.0,1,6,1980-10-05 00:00:00,constructor_standings_6449
11501,511,34,55.0,3,3,1980-10-05 00:00:00,constructor_standings_6450
11502,511,56,11.0,8,0,1980-10-05 00:00:00,constructor_standings_6451
11503,511,25,12.0,6,0,1980-10-05 00:00:00,constructor_standings_6452
11504,511,51,4.0,11,0,1980-10-05 00:00:00,constructor_standings_6453
11505,511,1,11.0,9,0,1980-10-05 00:00:00,constructor_standings_6454
11506,511,6,8.0,10,0,1980-10-05 00:00:00,constructor_standings_6455
11507,511,57,0.0,13,0,1980-10-05 00:00:00,constructor_standings_6456
11508,511,27,66.0,2,2,1980-10-05 00:00:00,constructor_standings_6457
11509,511,21,11.0,7,0,1980-10-05 00:00:00,constructor_standings_6458
11510,511,54,0.0,12,0,1980-10-05 00:00:00,constructor_standings_6459
11511,511,32,14.0,5,0,1980-10-05 00:00:00,constructor_standings_6460
11512,511,4,38.0,4,3,1980-10-05 00:00:00,constructor_standings_6461
11513,511,58,0.0,15,0,1980-10-05 00:00:00,constructor_standings_6462
11514,511,45,0.0,14,0,1980-10-05 00:00:00,constructor_standings_6463
23987,512,3,0.0,7,0,1979-01-21 00:00:00,constructor_standings_6464
23985,512,6,0.0,9,0,1979-01-21 00:00:00,constructor_standings_6465
23983,512,25,0.0,11,0,1979-01-21 00:00:00,constructor_standings_6466
23995,512,54,0.0,15,0,1979-01-21 00:00:00,constructor_standings_6467
23994,512,60,0.0,14,0,1979-01-21 00:00:00,constructor_standings_6468
23993,512,27,12.0,1,1,1979-01-21 00:00:00,constructor_standings_6469
23992,512,32,8.0,2,0,1979-01-21 00:00:00,constructor_standings_6470
23991,512,1,4.0,3,0,1979-01-21 00:00:00,constructor_standings_6471
23990,512,56,1.0,4,0,1979-01-21 00:00:00,constructor_standings_6472
23989,512,58,0.0,5,0,1979-01-21 00:00:00,constructor_standings_6473
24010,513,60,0.0,15,0,1979-02-04 00:00:00,constructor_standings_6474
24009,513,54,0.0,13,0,1979-02-04 00:00:00,constructor_standings_6475
24008,513,27,27.0,1,2,1979-02-04 00:00:00,constructor_standings_6476
24004,513,58,0.0,8,0,1979-02-04 00:00:00,constructor_standings_6477
24003,513,21,0.0,7,0,1979-02-04 00:00:00,constructor_standings_6478
24002,513,3,0.0,9,0,1979-02-04 00:00:00,constructor_standings_6479
24001,513,57,0.0,11,0,1979-02-04 00:00:00,constructor_standings_6480
24000,513,6,3.0,5,0,1979-02-04 00:00:00,constructor_standings_6481
23999,513,59,0.0,12,0,1979-02-04 00:00:00,constructor_standings_6482
23998,513,25,3.0,4,0,1979-02-04 00:00:00,constructor_standings_6483
23997,513,4,0.0,10,0,1979-02-04 00:00:00,constructor_standings_6484
24025,514,60,0.0,15,0,1979-03-03 00:00:00,constructor_standings_6485
24024,514,54,0.0,14,0,1979-03-03 00:00:00,constructor_standings_6486
24023,514,27,27.0,1,2,1979-03-03 00:00:00,constructor_standings_6487
24022,514,32,17.0,3,0,1979-03-03 00:00:00,constructor_standings_6488
24021,514,1,4.0,5,0,1979-03-03 00:00:00,constructor_standings_6489
24020,514,56,1.0,7,0,1979-03-03 00:00:00,constructor_standings_6490
24019,514,58,0.0,9,0,1979-03-03 00:00:00,constructor_standings_6491
24018,514,21,0.0,8,0,1979-03-03 00:00:00,constructor_standings_6492
24017,514,3,0.0,11,0,1979-03-03 00:00:00,constructor_standings_6493
24016,514,57,0.0,13,0,1979-03-03 00:00:00,constructor_standings_6494
24015,514,6,18.0,2,1,1979-03-03 00:00:00,constructor_standings_6495
24014,514,59,0.0,10,0,1979-03-03 00:00:00,constructor_standings_6496
24013,514,25,7.0,4,0,1979-03-03 00:00:00,constructor_standings_6497
24012,514,4,0.0,12,0,1979-03-03 00:00:00,constructor_standings_6498
24011,514,204,1.0,6,0,1979-03-03 00:00:00,constructor_standings_6499
24040,515,60,0.0,15,0,1979-04-08 00:00:00,constructor_standings_6500
24039,515,54,0.0,14,0,1979-04-08 00:00:00,constructor_standings_6501
24038,515,27,29.0,2,2,1979-04-08 00:00:00,constructor_standings_6502
24035,515,56,1.0,8,0,1979-04-08 00:00:00,constructor_standings_6503
24034,515,58,0.0,9,0,1979-04-08 00:00:00,constructor_standings_6504
24033,515,21,0.0,10,0,1979-04-08 00:00:00,constructor_standings_6505
24032,515,3,4.0,6,0,1979-04-08 00:00:00,constructor_standings_6506
24031,515,57,0.0,13,0,1979-04-08 00:00:00,constructor_standings_6507
24029,515,59,0.0,11,0,1979-04-08 00:00:00,constructor_standings_6508
24028,515,25,8.0,4,0,1979-04-08 00:00:00,constructor_standings_6509
24027,515,4,0.0,12,0,1979-04-08 00:00:00,constructor_standings_6510
24026,515,204,1.0,7,0,1979-04-08 00:00:00,constructor_standings_6511
24055,516,60,0.0,15,0,1979-04-29 00:00:00,constructor_standings_6512
24054,516,54,0.0,14,0,1979-04-29 00:00:00,constructor_standings_6513
24053,516,27,38.0,1,3,1979-04-29 00:00:00,constructor_standings_6514
24052,516,32,30.0,3,0,1979-04-29 00:00:00,constructor_standings_6515
24051,516,1,4.0,5,0,1979-04-29 00:00:00,constructor_standings_6516
24050,516,56,1.0,8,0,1979-04-29 00:00:00,constructor_standings_6517
24048,516,21,0.0,10,0,1979-04-29 00:00:00,constructor_standings_6518
24047,516,3,4.0,6,0,1979-04-29 00:00:00,constructor_standings_6519
24045,516,6,36.0,2,2,1979-04-29 00:00:00,constructor_standings_6520
24044,516,59,0.0,11,0,1979-04-29 00:00:00,constructor_standings_6521
24042,516,4,0.0,12,0,1979-04-29 00:00:00,constructor_standings_6522
24041,516,204,1.0,7,0,1979-04-29 00:00:00,constructor_standings_6523
24073,517,51,0.0,15,0,1979-05-13 00:00:00,constructor_standings_6524
24072,517,61,0.0,17,0,1979-05-13 00:00:00,constructor_standings_6525
24071,517,60,0.0,16,0,1979-05-13 00:00:00,constructor_standings_6526
24070,517,54,0.0,11,0,1979-05-13 00:00:00,constructor_standings_6527
24069,517,27,44.0,2,3,1979-05-13 00:00:00,constructor_standings_6528
24068,517,32,33.0,3,0,1979-05-13 00:00:00,constructor_standings_6529
24067,517,1,5.0,5,0,1979-05-13 00:00:00,constructor_standings_6530
24066,517,56,1.0,9,0,1979-05-13 00:00:00,constructor_standings_6531
24065,517,58,0.0,10,0,1979-05-13 00:00:00,constructor_standings_6532
24064,517,21,2.0,7,0,1979-05-13 00:00:00,constructor_standings_6533
24063,517,3,4.0,6,0,1979-05-13 00:00:00,constructor_standings_6534
24061,517,6,45.0,1,3,1979-05-13 00:00:00,constructor_standings_6535
24060,517,59,0.0,12,0,1979-05-13 00:00:00,constructor_standings_6536
24058,517,4,0.0,13,0,1979-05-13 00:00:00,constructor_standings_6537
24057,517,204,1.0,8,0,1979-05-13 00:00:00,constructor_standings_6538
24090,518,51,0.0,15,0,1979-05-27 00:00:00,constructor_standings_6539
24089,518,61,0.0,17,0,1979-05-27 00:00:00,constructor_standings_6540
24088,518,60,0.0,16,0,1979-05-27 00:00:00,constructor_standings_6541
24087,518,54,0.0,11,0,1979-05-27 00:00:00,constructor_standings_6542
24086,518,27,46.0,2,3,1979-05-27 00:00:00,constructor_standings_6543
24085,518,32,37.0,3,0,1979-05-27 00:00:00,constructor_standings_6544
24084,518,1,8.0,6,0,1979-05-27 00:00:00,constructor_standings_6545
24083,518,56,1.0,9,0,1979-05-27 00:00:00,constructor_standings_6546
24082,518,58,0.0,10,0,1979-05-27 00:00:00,constructor_standings_6547
24081,518,21,3.0,7,0,1979-05-27 00:00:00,constructor_standings_6548
24080,518,3,10.0,5,0,1979-05-27 00:00:00,constructor_standings_6549
24078,518,6,54.0,1,4,1979-05-27 00:00:00,constructor_standings_6550
24077,518,59,0.0,12,0,1979-05-27 00:00:00,constructor_standings_6551
24075,518,4,0.0,13,0,1979-05-27 00:00:00,constructor_standings_6552
24074,518,204,1.0,8,0,1979-05-27 00:00:00,constructor_standings_6553
24107,519,61,0.0,17,0,1979-07-01 00:00:00,constructor_standings_6554
24106,519,51,0.0,15,0,1979-07-01 00:00:00,constructor_standings_6555
24105,519,60,0.0,16,0,1979-07-01 00:00:00,constructor_standings_6556
24104,519,54,0.0,13,0,1979-07-01 00:00:00,constructor_standings_6557
24103,519,27,46.0,2,3,1979-07-01 00:00:00,constructor_standings_6558
24102,519,32,37.0,3,0,1979-07-01 00:00:00,constructor_standings_6559
24101,519,1,8.0,7,0,1979-07-01 00:00:00,constructor_standings_6560
24100,519,56,1.0,10,0,1979-07-01 00:00:00,constructor_standings_6561
24099,519,58,0.0,11,0,1979-07-01 00:00:00,constructor_standings_6562
24098,519,21,3.0,8,0,1979-07-01 00:00:00,constructor_standings_6563
24096,519,57,0.0,14,0,1979-07-01 00:00:00,constructor_standings_6564
24095,519,6,60.0,1,4,1979-07-01 00:00:00,constructor_standings_6565
24093,519,25,17.0,4,0,1979-07-01 00:00:00,constructor_standings_6566
24091,519,204,1.0,9,0,1979-07-01 00:00:00,constructor_standings_6567
24124,520,61,0.0,17,0,1979-07-14 00:00:00,constructor_standings_6568
24123,520,51,0.0,15,0,1979-07-14 00:00:00,constructor_standings_6569
24122,520,60,0.0,16,0,1979-07-14 00:00:00,constructor_standings_6570
24121,520,54,0.0,13,0,1979-07-14 00:00:00,constructor_standings_6571
24120,520,27,47.0,2,3,1979-07-14 00:00:00,constructor_standings_6572
24119,520,32,37.0,3,0,1979-07-14 00:00:00,constructor_standings_6573
24118,520,1,11.0,7,0,1979-07-14 00:00:00,constructor_standings_6574
24116,520,58,0.0,11,0,1979-07-14 00:00:00,constructor_standings_6575
24115,520,21,3.0,8,0,1979-07-14 00:00:00,constructor_standings_6576
24113,520,57,0.0,14,0,1979-07-14 00:00:00,constructor_standings_6577
24112,520,6,62.0,1,4,1979-07-14 00:00:00,constructor_standings_6578
24110,520,25,21.0,5,0,1979-07-14 00:00:00,constructor_standings_6579
24108,520,204,1.0,9,0,1979-07-14 00:00:00,constructor_standings_6580
24131,521,3,38.0,3,2,1979-07-29 00:00:00,constructor_standings_6581
24133,521,58,0.0,11,0,1979-07-29 00:00:00,constructor_standings_6582
24141,521,61,0.0,17,0,1979-07-29 00:00:00,constructor_standings_6583
24140,521,51,0.0,15,0,1979-07-29 00:00:00,constructor_standings_6584
24139,521,60,0.0,16,0,1979-07-29 00:00:00,constructor_standings_6585
24138,521,54,0.0,13,0,1979-07-29 00:00:00,constructor_standings_6586
24137,521,27,51.0,2,3,1979-07-29 00:00:00,constructor_standings_6587
24136,521,32,37.0,4,0,1979-07-29 00:00:00,constructor_standings_6588
24135,521,1,13.0,7,0,1979-07-29 00:00:00,constructor_standings_6589
24134,521,56,1.0,10,0,1979-07-29 00:00:00,constructor_standings_6590
24132,521,21,4.0,8,0,1979-07-29 00:00:00,constructor_standings_6591
24130,521,57,0.0,14,0,1979-07-29 00:00:00,constructor_standings_6592
24158,522,51,0.0,15,0,1979-08-12 00:00:00,constructor_standings_6593
24157,522,61,0.0,17,0,1979-08-12 00:00:00,constructor_standings_6594
24156,522,54,0.0,13,0,1979-08-12 00:00:00,constructor_standings_6595
24155,522,60,0.0,16,0,1979-08-12 00:00:00,constructor_standings_6596
24154,522,204,1.0,9,0,1979-08-12 00:00:00,constructor_standings_6597
24153,522,4,20.0,6,1,1979-08-12 00:00:00,constructor_standings_6598
24152,522,25,21.0,5,0,1979-08-12 00:00:00,constructor_standings_6599
24151,522,59,0.0,12,0,1979-08-12 00:00:00,constructor_standings_6600
24150,522,6,74.0,1,4,1979-08-12 00:00:00,constructor_standings_6601
24149,522,57,0.0,14,0,1979-08-12 00:00:00,constructor_standings_6602
24148,522,3,49.0,3,3,1979-08-12 00:00:00,constructor_standings_6603
24147,522,21,4.0,8,0,1979-08-12 00:00:00,constructor_standings_6604
24146,522,58,0.0,11,0,1979-08-12 00:00:00,constructor_standings_6605
24145,522,56,1.0,10,0,1979-08-12 00:00:00,constructor_standings_6606
24144,522,1,13.0,7,0,1979-08-12 00:00:00,constructor_standings_6607
24143,522,32,37.0,4,0,1979-08-12 00:00:00,constructor_standings_6608
24142,522,27,55.0,2,3,1979-08-12 00:00:00,constructor_standings_6609
24175,523,51,0.0,15,0,1979-08-26 00:00:00,constructor_standings_6610
24174,523,61,0.0,17,0,1979-08-26 00:00:00,constructor_standings_6611
24173,523,54,0.0,13,0,1979-08-26 00:00:00,constructor_standings_6612
24172,523,60,0.0,16,0,1979-08-26 00:00:00,constructor_standings_6613
24171,523,204,4.0,9,0,1979-08-26 00:00:00,constructor_standings_6614
24170,523,4,20.0,6,1,1979-08-26 00:00:00,constructor_standings_6615
24169,523,25,21.0,5,0,1979-08-26 00:00:00,constructor_standings_6616
24168,523,59,0.0,12,0,1979-08-26 00:00:00,constructor_standings_6617
24167,523,6,80.0,1,4,1979-08-26 00:00:00,constructor_standings_6618
24165,523,3,58.0,3,4,1979-08-26 00:00:00,constructor_standings_6619
24164,523,21,5.0,8,0,1979-08-26 00:00:00,constructor_standings_6620
24162,523,56,1.0,10,0,1979-08-26 00:00:00,constructor_standings_6621
24160,523,32,37.0,4,0,1979-08-26 00:00:00,constructor_standings_6622
24193,524,62,0.0,18,0,1979-09-09 00:00:00,constructor_standings_6623
24192,524,51,0.0,15,0,1979-09-09 00:00:00,constructor_standings_6624
24191,524,61,0.0,17,0,1979-09-09 00:00:00,constructor_standings_6625
24190,524,54,0.0,13,0,1979-09-09 00:00:00,constructor_standings_6626
24189,524,60,0.0,16,0,1979-09-09 00:00:00,constructor_standings_6627
24188,524,204,7.0,8,0,1979-09-09 00:00:00,constructor_standings_6628
24187,524,4,20.0,6,1,1979-09-09 00:00:00,constructor_standings_6629
24186,524,25,22.0,5,0,1979-09-09 00:00:00,constructor_standings_6630
24185,524,59,0.0,12,0,1979-09-09 00:00:00,constructor_standings_6631
24184,524,6,95.0,1,5,1979-09-09 00:00:00,constructor_standings_6632
24183,524,57,0.0,14,0,1979-09-09 00:00:00,constructor_standings_6633
24182,524,3,62.0,2,4,1979-09-09 00:00:00,constructor_standings_6634
24180,524,58,0.0,11,0,1979-09-09 00:00:00,constructor_standings_6635
24178,524,1,13.0,7,0,1979-09-09 00:00:00,constructor_standings_6636
24212,525,182,0.0,12,0,1979-09-30 00:00:00,constructor_standings_6637
24211,525,62,0.0,17,0,1979-09-30 00:00:00,constructor_standings_6638
24210,525,51,0.0,16,0,1979-09-30 00:00:00,constructor_standings_6639
24209,525,61,0.0,19,0,1979-09-30 00:00:00,constructor_standings_6640
24208,525,54,0.0,14,0,1979-09-30 00:00:00,constructor_standings_6641
24207,525,60,0.0,18,0,1979-09-30 00:00:00,constructor_standings_6642
24206,525,204,7.0,8,0,1979-09-30 00:00:00,constructor_standings_6643
24205,525,4,20.0,6,1,1979-09-30 00:00:00,constructor_standings_6644
24204,525,25,24.0,5,0,1979-09-30 00:00:00,constructor_standings_6645
24203,525,59,0.0,13,0,1979-09-30 00:00:00,constructor_standings_6646
24202,525,6,104.0,1,5,1979-09-30 00:00:00,constructor_standings_6647
24201,525,57,0.0,15,0,1979-09-30 00:00:00,constructor_standings_6648
24200,525,3,75.0,2,5,1979-09-30 00:00:00,constructor_standings_6649
24199,525,21,5.0,9,0,1979-09-30 00:00:00,constructor_standings_6650
24197,525,56,1.0,10,0,1979-09-30 00:00:00,constructor_standings_6651
24231,526,182,0.0,13,0,1979-10-07 00:00:00,constructor_standings_6652
24230,526,62,0.0,17,0,1979-10-07 00:00:00,constructor_standings_6653
24229,526,51,0.0,16,0,1979-10-07 00:00:00,constructor_standings_6654
24228,526,61,0.0,19,0,1979-10-07 00:00:00,constructor_standings_6655
24227,526,54,2.0,11,0,1979-10-07 00:00:00,constructor_standings_6656
24226,526,60,0.0,18,0,1979-10-07 00:00:00,constructor_standings_6657
24225,526,204,7.0,8,0,1979-10-07 00:00:00,constructor_standings_6658
24224,526,4,26.0,6,1,1979-10-07 00:00:00,constructor_standings_6659
24223,526,25,28.0,5,0,1979-10-07 00:00:00,constructor_standings_6660
24222,526,59,0.0,14,0,1979-10-07 00:00:00,constructor_standings_6661
24221,526,6,113.0,1,6,1979-10-07 00:00:00,constructor_standings_6662
24220,526,57,0.0,15,0,1979-10-07 00:00:00,constructor_standings_6663
24219,526,3,75.0,2,5,1979-10-07 00:00:00,constructor_standings_6664
24217,526,58,3.0,10,0,1979-10-07 00:00:00,constructor_standings_6665
24215,526,1,15.0,7,0,1979-10-07 00:00:00,constructor_standings_6666
23446,527,64,0.0,16,0,1978-01-15 00:00:00,constructor_standings_6667
23445,527,55,0.0,15,0,1978-01-15 00:00:00,constructor_standings_6668
23444,527,60,0.0,14,0,1978-01-15 00:00:00,constructor_standings_6669
23443,527,57,0.0,13,0,1978-01-15 00:00:00,constructor_standings_6670
23442,527,32,9.0,1,1,1978-01-15 00:00:00,constructor_standings_6671
23441,527,34,6.0,2,0,1978-01-15 00:00:00,constructor_standings_6672
23440,527,25,4.0,3,0,1978-01-15 00:00:00,constructor_standings_6673
23439,527,1,3.0,4,0,1978-01-15 00:00:00,constructor_standings_6674
23438,527,6,0.0,5,0,1978-01-15 00:00:00,constructor_standings_6675
23437,527,56,0.0,6,0,1978-01-15 00:00:00,constructor_standings_6676
23436,527,59,0.0,7,0,1978-01-15 00:00:00,constructor_standings_6677
23435,527,54,0.0,8,0,1978-01-15 00:00:00,constructor_standings_6678
23434,527,58,0.0,9,0,1978-01-15 00:00:00,constructor_standings_6679
23433,527,27,0.0,10,0,1978-01-15 00:00:00,constructor_standings_6680
23432,527,63,0.0,11,0,1978-01-15 00:00:00,constructor_standings_6681
23431,527,3,0.0,12,0,1978-01-15 00:00:00,constructor_standings_6682
23463,528,64,0.0,17,0,1978-01-29 00:00:00,constructor_standings_6683
23462,528,55,0.0,16,0,1978-01-29 00:00:00,constructor_standings_6684
23461,528,60,0.0,15,0,1978-01-29 00:00:00,constructor_standings_6685
23460,528,57,0.0,14,0,1978-01-29 00:00:00,constructor_standings_6686
23459,528,21,0.0,11,0,1978-01-29 00:00:00,constructor_standings_6687
23458,528,32,12.0,1,1,1978-01-29 00:00:00,constructor_standings_6688
23457,528,34,10.0,2,0,1978-01-29 00:00:00,constructor_standings_6689
23456,528,25,5.0,5,0,1978-01-29 00:00:00,constructor_standings_6690
23455,528,1,3.0,6,0,1978-01-29 00:00:00,constructor_standings_6691
23454,528,6,9.0,3,1,1978-01-29 00:00:00,constructor_standings_6692
23453,528,56,6.0,4,0,1978-01-29 00:00:00,constructor_standings_6693
23452,528,59,0.0,10,0,1978-01-29 00:00:00,constructor_standings_6694
23451,528,54,0.0,8,0,1978-01-29 00:00:00,constructor_standings_6695
23450,528,58,2.0,7,0,1978-01-29 00:00:00,constructor_standings_6696
23449,528,27,0.0,9,0,1978-01-29 00:00:00,constructor_standings_6697
23448,528,63,0.0,13,0,1978-01-29 00:00:00,constructor_standings_6698
23447,528,3,0.0,12,0,1978-01-29 00:00:00,constructor_standings_6699
23501,530,65,0.0,19,0,1978-04-02 00:00:00,constructor_standings_6700
23482,529,65,0.0,19,0,1978-03-04 00:00:00,constructor_standings_6701
23481,529,64,0.0,18,0,1978-03-04 00:00:00,constructor_standings_6702
23480,529,57,0.0,14,0,1978-03-04 00:00:00,constructor_standings_6703
23479,529,60,0.0,15,0,1978-03-04 00:00:00,constructor_standings_6704
23478,529,4,0.0,16,0,1978-03-04 00:00:00,constructor_standings_6705
23477,529,55,0.0,17,0,1978-03-04 00:00:00,constructor_standings_6706
23476,529,21,0.0,11,0,1978-03-04 00:00:00,constructor_standings_6707
23475,529,32,21.0,1,2,1978-03-04 00:00:00,constructor_standings_6708
23474,529,34,14.0,2,0,1978-03-04 00:00:00,constructor_standings_6709
23473,529,25,11.0,3,0,1978-03-04 00:00:00,constructor_standings_6710
23472,529,1,3.0,6,0,1978-03-04 00:00:00,constructor_standings_6711
23471,529,6,9.0,4,1,1978-03-04 00:00:00,constructor_standings_6712
23470,529,56,6.0,5,0,1978-03-04 00:00:00,constructor_standings_6713
23469,529,59,0.0,12,0,1978-03-04 00:00:00,constructor_standings_6714
23468,529,54,0.0,10,0,1978-03-04 00:00:00,constructor_standings_6715
23467,529,58,2.0,9,0,1978-03-04 00:00:00,constructor_standings_6716
23466,529,27,2.0,8,0,1978-03-04 00:00:00,constructor_standings_6717
23465,529,63,0.0,13,0,1978-03-04 00:00:00,constructor_standings_6718
23464,529,3,3.0,7,0,1978-03-04 00:00:00,constructor_standings_6719
23500,530,64,0.0,18,0,1978-04-02 00:00:00,constructor_standings_6720
23499,530,57,0.0,15,0,1978-04-02 00:00:00,constructor_standings_6721
23498,530,60,0.0,16,0,1978-04-02 00:00:00,constructor_standings_6722
23497,530,4,0.0,14,0,1978-04-02 00:00:00,constructor_standings_6723
23496,530,55,0.0,17,0,1978-04-02 00:00:00,constructor_standings_6724
23495,530,21,1.0,10,0,1978-04-02 00:00:00,constructor_standings_6725
23494,530,32,27.0,1,2,1978-04-02 00:00:00,constructor_standings_6726
23493,530,34,14.0,4,0,1978-04-02 00:00:00,constructor_standings_6727
23492,530,25,15.0,3,0,1978-04-02 00:00:00,constructor_standings_6728
23491,530,1,3.0,7,0,1978-04-02 00:00:00,constructor_standings_6729
23490,530,6,18.0,2,2,1978-04-02 00:00:00,constructor_standings_6730
23489,530,56,6.0,5,0,1978-04-02 00:00:00,constructor_standings_6731
23488,530,59,0.0,12,0,1978-04-02 00:00:00,constructor_standings_6732
23487,530,54,0.0,11,0,1978-04-02 00:00:00,constructor_standings_6733
23486,530,58,2.0,9,0,1978-04-02 00:00:00,constructor_standings_6734
23485,530,27,4.0,6,0,1978-04-02 00:00:00,constructor_standings_6735
23484,530,63,0.0,13,0,1978-04-02 00:00:00,constructor_standings_6736
23483,530,3,3.0,8,0,1978-04-02 00:00:00,constructor_standings_6737
23520,531,65,0.0,19,0,1978-05-07 00:00:00,constructor_standings_6738
23519,531,64,0.0,18,0,1978-05-07 00:00:00,constructor_standings_6739
23518,531,57,0.0,15,0,1978-05-07 00:00:00,constructor_standings_6740
23517,531,60,0.0,16,0,1978-05-07 00:00:00,constructor_standings_6741
23516,531,4,0.0,13,0,1978-05-07 00:00:00,constructor_standings_6742
23515,531,55,0.0,17,0,1978-05-07 00:00:00,constructor_standings_6743
23514,531,21,2.0,11,0,1978-05-07 00:00:00,constructor_standings_6744
23513,531,32,27.0,1,2,1978-05-07 00:00:00,constructor_standings_6745
23512,531,34,20.0,3,0,1978-05-07 00:00:00,constructor_standings_6746
23511,531,25,24.0,2,1,1978-05-07 00:00:00,constructor_standings_6747
23510,531,1,3.0,8,0,1978-05-07 00:00:00,constructor_standings_6748
23509,531,6,18.0,4,2,1978-05-07 00:00:00,constructor_standings_6749
23508,531,56,6.0,5,0,1978-05-07 00:00:00,constructor_standings_6750
23507,531,59,4.0,6,0,1978-05-07 00:00:00,constructor_standings_6751
23506,531,54,0.0,12,0,1978-05-07 00:00:00,constructor_standings_6752
23505,531,58,2.0,10,0,1978-05-07 00:00:00,constructor_standings_6753
23504,531,27,4.0,7,0,1978-05-07 00:00:00,constructor_standings_6754
23503,531,63,0.0,14,0,1978-05-07 00:00:00,constructor_standings_6755
23502,531,3,3.0,9,0,1978-05-07 00:00:00,constructor_standings_6756
23539,532,64,0.0,19,0,1978-05-21 00:00:00,constructor_standings_6757
23538,532,65,0.0,13,0,1978-05-21 00:00:00,constructor_standings_6758
23537,532,57,0.0,16,0,1978-05-21 00:00:00,constructor_standings_6759
23536,532,60,0.0,17,0,1978-05-21 00:00:00,constructor_standings_6760
23535,532,4,0.0,14,0,1978-05-21 00:00:00,constructor_standings_6761
23534,532,55,0.0,18,0,1978-05-21 00:00:00,constructor_standings_6762
23533,532,21,2.0,11,0,1978-05-21 00:00:00,constructor_standings_6763
23532,532,32,36.0,1,3,1978-05-21 00:00:00,constructor_standings_6764
23531,532,34,20.0,4,0,1978-05-21 00:00:00,constructor_standings_6765
23530,532,25,25.0,2,1,1978-05-21 00:00:00,constructor_standings_6766
23529,532,1,3.0,8,0,1978-05-21 00:00:00,constructor_standings_6767
23528,532,6,22.0,3,2,1978-05-21 00:00:00,constructor_standings_6768
23527,532,56,6.0,5,0,1978-05-21 00:00:00,constructor_standings_6769
23526,532,59,4.0,7,0,1978-05-21 00:00:00,constructor_standings_6770
23525,532,54,0.0,12,0,1978-05-21 00:00:00,constructor_standings_6771
23524,532,58,2.0,10,0,1978-05-21 00:00:00,constructor_standings_6772
23523,532,27,6.0,6,0,1978-05-21 00:00:00,constructor_standings_6773
23522,532,63,0.0,15,0,1978-05-21 00:00:00,constructor_standings_6774
23521,532,3,3.0,9,0,1978-05-21 00:00:00,constructor_standings_6775
23558,533,64,0.0,19,0,1978-06-04 00:00:00,constructor_standings_6776
23557,533,65,0.0,14,0,1978-06-04 00:00:00,constructor_standings_6777
23556,533,57,0.0,16,0,1978-06-04 00:00:00,constructor_standings_6778
23555,533,60,0.0,17,0,1978-06-04 00:00:00,constructor_standings_6779
23554,533,4,0.0,15,0,1978-06-04 00:00:00,constructor_standings_6780
23553,533,55,0.0,18,0,1978-06-04 00:00:00,constructor_standings_6781
23552,533,21,2.0,11,0,1978-06-04 00:00:00,constructor_standings_6782
23551,533,32,45.0,1,4,1978-06-04 00:00:00,constructor_standings_6783
23550,533,34,22.0,4,0,1978-06-04 00:00:00,constructor_standings_6784
23549,533,25,25.0,2,1,1978-06-04 00:00:00,constructor_standings_6785
23548,533,1,4.0,8,0,1978-06-04 00:00:00,constructor_standings_6786
23547,533,6,22.0,3,2,1978-06-04 00:00:00,constructor_standings_6787
23546,533,56,6.0,7,0,1978-06-04 00:00:00,constructor_standings_6788
23545,533,59,7.0,6,0,1978-06-04 00:00:00,constructor_standings_6789
23544,533,54,0.0,12,0,1978-06-04 00:00:00,constructor_standings_6790
23543,533,58,2.0,10,0,1978-06-04 00:00:00,constructor_standings_6791
23542,533,27,10.0,5,0,1978-06-04 00:00:00,constructor_standings_6792
23541,533,63,0.0,13,0,1978-06-04 00:00:00,constructor_standings_6793
23540,533,3,3.0,9,0,1978-06-04 00:00:00,constructor_standings_6794
23577,534,64,0.0,19,0,1978-06-17 00:00:00,constructor_standings_6795
23576,534,65,0.0,14,0,1978-06-17 00:00:00,constructor_standings_6796
23575,534,57,0.0,16,0,1978-06-17 00:00:00,constructor_standings_6797
23574,534,60,0.0,17,0,1978-06-17 00:00:00,constructor_standings_6798
23573,534,4,0.0,15,0,1978-06-17 00:00:00,constructor_standings_6799
23572,534,55,0.0,18,0,1978-06-17 00:00:00,constructor_standings_6800
23571,534,21,8.0,6,0,1978-06-17 00:00:00,constructor_standings_6801
23570,534,32,49.0,1,4,1978-06-17 00:00:00,constructor_standings_6802
23569,534,34,31.0,2,1,1978-06-17 00:00:00,constructor_standings_6803
23568,534,25,25.0,3,1,1978-06-17 00:00:00,constructor_standings_6804
23567,534,1,7.0,9,0,1978-06-17 00:00:00,constructor_standings_6805
23566,534,6,22.0,4,2,1978-06-17 00:00:00,constructor_standings_6806
23565,534,56,7.0,7,0,1978-06-17 00:00:00,constructor_standings_6807
23564,534,59,7.0,8,0,1978-06-17 00:00:00,constructor_standings_6808
23563,534,54,0.0,12,0,1978-06-17 00:00:00,constructor_standings_6809
23562,534,58,4.0,10,0,1978-06-17 00:00:00,constructor_standings_6810
23561,534,27,10.0,5,0,1978-06-17 00:00:00,constructor_standings_6811
23560,534,63,0.0,13,0,1978-06-17 00:00:00,constructor_standings_6812
23559,534,3,3.0,11,0,1978-06-17 00:00:00,constructor_standings_6813
23596,535,64,0.0,19,0,1978-07-02 00:00:00,constructor_standings_6814
23595,535,65,0.0,14,0,1978-07-02 00:00:00,constructor_standings_6815
23594,535,57,0.0,16,0,1978-07-02 00:00:00,constructor_standings_6816
23593,535,60,0.0,17,0,1978-07-02 00:00:00,constructor_standings_6817
23592,535,4,0.0,15,0,1978-07-02 00:00:00,constructor_standings_6818
23591,535,55,0.0,18,0,1978-07-02 00:00:00,constructor_standings_6819
23590,535,21,8.0,7,0,1978-07-02 00:00:00,constructor_standings_6820
23589,535,32,58.0,1,5,1978-07-02 00:00:00,constructor_standings_6821
23588,535,34,34.0,2,1,1978-07-02 00:00:00,constructor_standings_6822
23587,535,25,25.0,3,1,1978-07-02 00:00:00,constructor_standings_6823
23586,535,1,11.0,5,0,1978-07-02 00:00:00,constructor_standings_6824
23585,535,6,22.0,4,2,1978-07-02 00:00:00,constructor_standings_6825
23584,535,56,7.0,9,0,1978-07-02 00:00:00,constructor_standings_6826
23583,535,59,8.0,8,0,1978-07-02 00:00:00,constructor_standings_6827
23582,535,54,0.0,12,0,1978-07-02 00:00:00,constructor_standings_6828
23581,535,58,4.0,11,0,1978-07-02 00:00:00,constructor_standings_6829
23580,535,27,10.0,6,0,1978-07-02 00:00:00,constructor_standings_6830
23579,535,63,0.0,13,0,1978-07-02 00:00:00,constructor_standings_6831
23578,535,3,5.0,10,0,1978-07-02 00:00:00,constructor_standings_6832
23615,536,64,0.0,19,0,1978-07-16 00:00:00,constructor_standings_6833
23614,536,65,0.0,14,0,1978-07-16 00:00:00,constructor_standings_6834
23613,536,57,0.0,16,0,1978-07-16 00:00:00,constructor_standings_6835
23612,536,60,0.0,17,0,1978-07-16 00:00:00,constructor_standings_6836
23611,536,4,0.0,15,0,1978-07-16 00:00:00,constructor_standings_6837
23610,536,55,0.0,18,0,1978-07-16 00:00:00,constructor_standings_6838
23609,536,21,8.0,7,0,1978-07-16 00:00:00,constructor_standings_6839
23608,536,32,58.0,1,5,1978-07-16 00:00:00,constructor_standings_6840
23607,536,34,40.0,2,1,1978-07-16 00:00:00,constructor_standings_6841
23606,536,25,28.0,4,1,1978-07-16 00:00:00,constructor_standings_6842
23605,536,1,12.0,5,0,1978-07-16 00:00:00,constructor_standings_6843
23604,536,6,31.0,3,3,1978-07-16 00:00:00,constructor_standings_6844
23603,536,56,7.0,9,0,1978-07-16 00:00:00,constructor_standings_6845
23602,536,59,8.0,8,0,1978-07-16 00:00:00,constructor_standings_6846
23601,536,54,0.0,12,0,1978-07-16 00:00:00,constructor_standings_6847
23600,536,58,6.0,10,0,1978-07-16 00:00:00,constructor_standings_6848
23599,536,27,10.0,6,0,1978-07-16 00:00:00,constructor_standings_6849
23598,536,63,0.0,13,0,1978-07-16 00:00:00,constructor_standings_6850
23597,536,3,5.0,11,0,1978-07-16 00:00:00,constructor_standings_6851
23634,537,64,0.0,19,0,1978-07-30 00:00:00,constructor_standings_6852
23633,537,65,0.0,14,0,1978-07-30 00:00:00,constructor_standings_6853
23632,537,57,0.0,16,0,1978-07-30 00:00:00,constructor_standings_6854
23631,537,60,0.0,17,0,1978-07-30 00:00:00,constructor_standings_6855
23630,537,4,0.0,15,0,1978-07-30 00:00:00,constructor_standings_6856
23629,537,55,0.0,18,0,1978-07-30 00:00:00,constructor_standings_6857
23628,537,21,8.0,9,0,1978-07-30 00:00:00,constructor_standings_6858
23627,537,32,67.0,1,6,1978-07-30 00:00:00,constructor_standings_6859
23626,537,34,40.0,2,1,1978-07-30 00:00:00,constructor_standings_6860
23625,537,25,30.0,4,1,1978-07-30 00:00:00,constructor_standings_6861
23624,537,1,12.0,7,0,1978-07-30 00:00:00,constructor_standings_6862
23623,537,6,31.0,3,3,1978-07-30 00:00:00,constructor_standings_6863
23622,537,56,10.0,8,0,1978-07-30 00:00:00,constructor_standings_6864
23621,537,59,14.0,5,0,1978-07-30 00:00:00,constructor_standings_6865
23620,537,54,0.0,12,0,1978-07-30 00:00:00,constructor_standings_6866
23619,537,58,6.0,10,0,1978-07-30 00:00:00,constructor_standings_6867
23618,537,27,14.0,6,0,1978-07-30 00:00:00,constructor_standings_6868
23617,537,63,0.0,13,0,1978-07-30 00:00:00,constructor_standings_6869
23616,537,3,5.0,11,0,1978-07-30 00:00:00,constructor_standings_6870
23672,539,64,0.0,19,0,1978-08-27 00:00:00,constructor_standings_6871
23653,538,64,0.0,19,0,1978-08-13 00:00:00,constructor_standings_6872
23652,538,65,0.0,14,0,1978-08-13 00:00:00,constructor_standings_6873
23651,538,57,0.0,16,0,1978-08-13 00:00:00,constructor_standings_6874
23650,538,60,0.0,17,0,1978-08-13 00:00:00,constructor_standings_6875
23649,538,4,0.0,15,0,1978-08-13 00:00:00,constructor_standings_6876
23648,538,55,0.0,18,0,1978-08-13 00:00:00,constructor_standings_6877
23647,538,21,8.0,9,0,1978-08-13 00:00:00,constructor_standings_6878
23646,538,32,76.0,1,7,1978-08-13 00:00:00,constructor_standings_6879
23645,538,34,40.0,2,1,1978-08-13 00:00:00,constructor_standings_6880
23644,538,25,36.0,3,1,1978-08-13 00:00:00,constructor_standings_6881
23643,538,1,12.0,8,0,1978-08-13 00:00:00,constructor_standings_6882
23642,538,6,35.0,4,3,1978-08-13 00:00:00,constructor_standings_6883
23641,538,56,13.0,7,0,1978-08-13 00:00:00,constructor_standings_6884
23640,538,59,14.0,6,0,1978-08-13 00:00:00,constructor_standings_6885
23639,538,54,0.0,13,0,1978-08-13 00:00:00,constructor_standings_6886
23638,538,58,6.0,10,0,1978-08-13 00:00:00,constructor_standings_6887
23637,538,27,16.0,5,0,1978-08-13 00:00:00,constructor_standings_6888
23636,538,63,1.0,12,0,1978-08-13 00:00:00,constructor_standings_6889
23635,538,3,5.0,11,0,1978-08-13 00:00:00,constructor_standings_6890
23671,539,65,0.0,14,0,1978-08-27 00:00:00,constructor_standings_6891
23670,539,57,0.0,16,0,1978-08-27 00:00:00,constructor_standings_6892
23669,539,60,0.0,17,0,1978-08-27 00:00:00,constructor_standings_6893
23668,539,4,0.0,15,0,1978-08-27 00:00:00,constructor_standings_6894
23667,539,55,0.0,18,0,1978-08-27 00:00:00,constructor_standings_6895
23666,539,21,8.0,9,0,1978-08-27 00:00:00,constructor_standings_6896
23665,539,32,85.0,1,8,1978-08-27 00:00:00,constructor_standings_6897
23664,539,34,44.0,2,1,1978-08-27 00:00:00,constructor_standings_6898
23663,539,25,36.0,4,1,1978-08-27 00:00:00,constructor_standings_6899
23662,539,1,12.0,8,0,1978-08-27 00:00:00,constructor_standings_6900
23661,539,6,36.0,3,3,1978-08-27 00:00:00,constructor_standings_6901
23660,539,56,15.0,6,0,1978-08-27 00:00:00,constructor_standings_6902
23659,539,59,14.0,7,0,1978-08-27 00:00:00,constructor_standings_6903
23658,539,54,0.0,13,0,1978-08-27 00:00:00,constructor_standings_6904
23657,539,58,6.0,10,0,1978-08-27 00:00:00,constructor_standings_6905
23656,539,27,16.0,5,0,1978-08-27 00:00:00,constructor_standings_6906
23655,539,63,1.0,12,0,1978-08-27 00:00:00,constructor_standings_6907
23654,539,3,5.0,11,0,1978-08-27 00:00:00,constructor_standings_6908
23691,540,64,0.0,19,0,1978-09-10 00:00:00,constructor_standings_6909
23690,540,65,0.0,14,0,1978-09-10 00:00:00,constructor_standings_6910
23689,540,57,0.0,15,0,1978-09-10 00:00:00,constructor_standings_6911
23688,540,60,0.0,17,0,1978-09-10 00:00:00,constructor_standings_6912
23687,540,4,0.0,16,0,1978-09-10 00:00:00,constructor_standings_6913
23686,540,55,0.0,18,0,1978-09-10 00:00:00,constructor_standings_6914
23685,540,21,8.0,9,0,1978-09-10 00:00:00,constructor_standings_6915
23684,540,32,86.0,1,8,1978-09-10 00:00:00,constructor_standings_6916
23683,540,34,53.0,2,2,1978-09-10 00:00:00,constructor_standings_6917
23682,540,25,36.0,4,1,1978-09-10 00:00:00,constructor_standings_6918
23681,540,1,14.0,8,0,1978-09-10 00:00:00,constructor_standings_6919
23680,540,6,40.0,3,3,1978-09-10 00:00:00,constructor_standings_6920
23679,540,56,15.0,6,0,1978-09-10 00:00:00,constructor_standings_6921
23678,540,59,14.0,7,0,1978-09-10 00:00:00,constructor_standings_6922
23677,540,54,0.0,13,0,1978-09-10 00:00:00,constructor_standings_6923
23676,540,58,6.0,10,0,1978-09-10 00:00:00,constructor_standings_6924
23675,540,27,19.0,5,0,1978-09-10 00:00:00,constructor_standings_6925
23674,540,63,1.0,12,0,1978-09-10 00:00:00,constructor_standings_6926
23673,540,3,5.0,11,0,1978-09-10 00:00:00,constructor_standings_6927
23710,541,64,0.0,19,0,1978-10-01 00:00:00,constructor_standings_6928
23709,541,65,0.0,16,0,1978-10-01 00:00:00,constructor_standings_6929
23708,541,57,0.0,15,0,1978-10-01 00:00:00,constructor_standings_6930
23707,541,60,0.0,17,0,1978-10-01 00:00:00,constructor_standings_6931
23706,541,4,3.0,12,0,1978-10-01 00:00:00,constructor_standings_6932
23705,541,55,0.0,18,0,1978-10-01 00:00:00,constructor_standings_6933
23704,541,21,8.0,10,0,1978-10-01 00:00:00,constructor_standings_6934
23703,541,32,86.0,1,8,1978-10-01 00:00:00,constructor_standings_6935
23702,541,34,53.0,2,2,1978-10-01 00:00:00,constructor_standings_6936
23701,541,25,36.0,4,1,1978-10-01 00:00:00,constructor_standings_6937
23700,541,1,15.0,8,0,1978-10-01 00:00:00,constructor_standings_6938
23699,541,6,49.0,3,4,1978-10-01 00:00:00,constructor_standings_6939
23698,541,56,17.0,7,0,1978-10-01 00:00:00,constructor_standings_6940
23697,541,59,18.0,6,0,1978-10-01 00:00:00,constructor_standings_6941
23696,541,54,0.0,14,0,1978-10-01 00:00:00,constructor_standings_6942
23695,541,58,6.0,11,0,1978-10-01 00:00:00,constructor_standings_6943
23694,541,27,19.0,5,0,1978-10-01 00:00:00,constructor_standings_6944
23693,541,63,1.0,13,0,1978-10-01 00:00:00,constructor_standings_6945
23692,541,3,11.0,9,0,1978-10-01 00:00:00,constructor_standings_6946
23729,542,64,0.0,19,0,1978-10-08 00:00:00,constructor_standings_6947
23728,542,65,0.0,16,0,1978-10-08 00:00:00,constructor_standings_6948
23727,542,57,1.0,14,0,1978-10-08 00:00:00,constructor_standings_6949
23726,542,60,0.0,17,0,1978-10-08 00:00:00,constructor_standings_6950
23725,542,4,3.0,12,0,1978-10-08 00:00:00,constructor_standings_6951
23724,542,55,0.0,18,0,1978-10-08 00:00:00,constructor_standings_6952
23723,542,21,11.0,10,0,1978-10-08 00:00:00,constructor_standings_6953
23722,542,32,86.0,1,8,1978-10-08 00:00:00,constructor_standings_6954
23721,542,34,53.0,3,2,1978-10-08 00:00:00,constructor_standings_6955
23720,542,25,38.0,4,1,1978-10-08 00:00:00,constructor_standings_6956
23719,542,1,15.0,8,0,1978-10-08 00:00:00,constructor_standings_6957
23718,542,6,58.0,2,5,1978-10-08 00:00:00,constructor_standings_6958
23717,542,56,17.0,7,0,1978-10-08 00:00:00,constructor_standings_6959
23716,542,59,24.0,5,0,1978-10-08 00:00:00,constructor_standings_6960
23715,542,54,0.0,15,0,1978-10-08 00:00:00,constructor_standings_6961
23714,542,58,6.0,11,0,1978-10-08 00:00:00,constructor_standings_6962
23713,542,27,19.0,6,0,1978-10-08 00:00:00,constructor_standings_6963
23712,542,63,1.0,13,0,1978-10-08 00:00:00,constructor_standings_6964
23711,542,3,11.0,9,0,1978-10-08 00:00:00,constructor_standings_6965
23157,543,1,0.0,12,0,1977-01-09 00:00:00,constructor_standings_6966
23156,543,25,0.0,11,0,1977-01-09 00:00:00,constructor_standings_6967
23155,543,27,0.0,10,0,1977-01-09 00:00:00,constructor_standings_6968
23154,543,59,9.0,1,1,1977-01-09 00:00:00,constructor_standings_6969
23153,543,34,6.0,2,0,1977-01-09 00:00:00,constructor_standings_6970
23152,543,6,4.0,3,0,1977-01-09 00:00:00,constructor_standings_6971
23151,543,56,3.0,4,0,1977-01-09 00:00:00,constructor_standings_6972
23150,543,32,2.0,5,0,1977-01-09 00:00:00,constructor_standings_6973
23149,543,57,1.0,6,0,1977-01-09 00:00:00,constructor_standings_6974
23148,543,63,0.0,7,0,1977-01-09 00:00:00,constructor_standings_6975
23147,543,37,0.0,8,0,1977-01-09 00:00:00,constructor_standings_6976
23146,543,58,0.0,9,0,1977-01-09 00:00:00,constructor_standings_6977
23170,544,66,0.0,13,0,1977-01-23 00:00:00,constructor_standings_6978
23169,544,1,6.0,4,0,1977-01-23 00:00:00,constructor_standings_6979
23168,544,27,0.0,11,0,1977-01-23 00:00:00,constructor_standings_6980
23167,544,25,0.0,12,0,1977-01-23 00:00:00,constructor_standings_6981
23166,544,59,9.0,2,1,1977-01-23 00:00:00,constructor_standings_6982
23165,544,34,6.0,3,0,1977-01-23 00:00:00,constructor_standings_6983
23164,544,6,13.0,1,1,1977-01-23 00:00:00,constructor_standings_6984
23163,544,56,6.0,5,0,1977-01-23 00:00:00,constructor_standings_6985
23162,544,32,4.0,6,0,1977-01-23 00:00:00,constructor_standings_6986
23161,544,57,1.0,8,0,1977-01-23 00:00:00,constructor_standings_6987
23160,544,63,0.0,9,0,1977-01-23 00:00:00,constructor_standings_6988
23159,544,37,0.0,10,0,1977-01-23 00:00:00,constructor_standings_6989
23158,544,58,1.0,7,0,1977-01-23 00:00:00,constructor_standings_6990
23183,545,66,0.0,12,0,1977-03-05 00:00:00,constructor_standings_6991
23182,545,1,9.0,3,0,1977-03-05 00:00:00,constructor_standings_6992
23181,545,27,0.0,13,0,1977-03-05 00:00:00,constructor_standings_6993
23180,545,25,4.0,6,0,1977-03-05 00:00:00,constructor_standings_6994
23179,545,59,15.0,2,1,1977-03-05 00:00:00,constructor_standings_6995
23178,545,34,7.0,4,0,1977-03-05 00:00:00,constructor_standings_6996
23177,545,6,22.0,1,2,1977-03-05 00:00:00,constructor_standings_6997
23176,545,56,6.0,5,0,1977-03-05 00:00:00,constructor_standings_6998
23175,545,32,4.0,7,0,1977-03-05 00:00:00,constructor_standings_6999
23174,545,57,1.0,8,0,1977-03-05 00:00:00,constructor_standings_7000
23173,545,63,0.0,10,0,1977-03-05 00:00:00,constructor_standings_7001
23172,545,37,0.0,11,0,1977-03-05 00:00:00,constructor_standings_7002
23171,545,58,1.0,9,0,1977-03-05 00:00:00,constructor_standings_7003
23197,546,66,0.0,14,0,1977-04-03 00:00:00,constructor_standings_7004
23196,546,67,1.0,10,0,1977-04-03 00:00:00,constructor_standings_7005
23195,546,1,9.0,4,0,1977-04-03 00:00:00,constructor_standings_7006
23194,546,27,0.0,12,0,1977-04-03 00:00:00,constructor_standings_7007
23193,546,25,7.0,7,0,1977-04-03 00:00:00,constructor_standings_7008
23192,546,59,19.0,2,1,1977-04-03 00:00:00,constructor_standings_7009
23191,546,34,7.0,6,0,1977-04-03 00:00:00,constructor_standings_7010
23190,546,6,28.0,1,2,1977-04-03 00:00:00,constructor_standings_7011
23189,546,56,8.0,5,0,1977-04-03 00:00:00,constructor_standings_7012
23188,546,32,13.0,3,1,1977-04-03 00:00:00,constructor_standings_7013
23187,546,57,1.0,8,0,1977-04-03 00:00:00,constructor_standings_7014
23186,546,63,0.0,11,0,1977-04-03 00:00:00,constructor_standings_7015
23185,546,37,0.0,13,0,1977-04-03 00:00:00,constructor_standings_7016
23184,546,58,1.0,9,0,1977-04-03 00:00:00,constructor_standings_7017
23213,547,68,0.0,16,0,1977-05-08 00:00:00,constructor_standings_7018
23212,547,64,0.0,15,0,1977-05-08 00:00:00,constructor_standings_7019
23211,547,66,0.0,14,0,1977-05-08 00:00:00,constructor_standings_7020
23210,547,67,1.0,10,0,1977-05-08 00:00:00,constructor_standings_7021
23209,547,1,12.0,4,0,1977-05-08 00:00:00,constructor_standings_7022
23208,547,27,0.0,12,0,1977-05-08 00:00:00,constructor_standings_7023
23207,547,25,7.0,7,0,1977-05-08 00:00:00,constructor_standings_7024
23206,547,59,23.0,2,1,1977-05-08 00:00:00,constructor_standings_7025
23205,547,34,8.0,5,0,1977-05-08 00:00:00,constructor_standings_7026
23204,547,6,34.0,1,2,1977-05-08 00:00:00,constructor_standings_7027
23203,547,56,8.0,6,0,1977-05-08 00:00:00,constructor_standings_7028
23202,547,32,22.0,3,2,1977-05-08 00:00:00,constructor_standings_7029
23201,547,57,1.0,8,0,1977-05-08 00:00:00,constructor_standings_7030
23200,547,63,0.0,11,0,1977-05-08 00:00:00,constructor_standings_7031
23199,547,37,0.0,13,0,1977-05-08 00:00:00,constructor_standings_7032
23198,547,58,1.0,9,0,1977-05-08 00:00:00,constructor_standings_7033
23229,548,68,0.0,16,0,1977-05-22 00:00:00,constructor_standings_7034
23228,548,64,0.0,14,0,1977-05-22 00:00:00,constructor_standings_7035
23227,548,66,0.0,15,0,1977-05-22 00:00:00,constructor_standings_7036
23226,548,67,1.0,10,0,1977-05-22 00:00:00,constructor_standings_7037
23225,548,1,15.0,4,0,1977-05-22 00:00:00,constructor_standings_7038
23224,548,27,0.0,12,0,1977-05-22 00:00:00,constructor_standings_7039
23223,548,25,7.0,7,0,1977-05-22 00:00:00,constructor_standings_7040
23222,548,59,32.0,2,2,1977-05-22 00:00:00,constructor_standings_7041
23221,548,34,8.0,5,0,1977-05-22 00:00:00,constructor_standings_7042
23220,548,6,40.0,1,2,1977-05-22 00:00:00,constructor_standings_7043
23219,548,56,8.0,6,0,1977-05-22 00:00:00,constructor_standings_7044
23218,548,32,24.0,3,2,1977-05-22 00:00:00,constructor_standings_7045
23217,548,57,1.0,9,0,1977-05-22 00:00:00,constructor_standings_7046
23216,548,63,0.0,11,0,1977-05-22 00:00:00,constructor_standings_7047
23215,548,37,0.0,13,0,1977-05-22 00:00:00,constructor_standings_7048
23214,548,58,2.0,8,0,1977-05-22 00:00:00,constructor_standings_7049
23245,549,66,0.0,16,0,1977-06-05 00:00:00,constructor_standings_7050
23244,549,64,0.0,13,0,1977-06-05 00:00:00,constructor_standings_7051
23243,549,68,0.0,15,0,1977-06-05 00:00:00,constructor_standings_7052
23242,549,67,1.0,11,0,1977-06-05 00:00:00,constructor_standings_7053
23241,549,1,15.0,4,0,1977-06-05 00:00:00,constructor_standings_7054
23240,549,27,0.0,12,0,1977-06-05 00:00:00,constructor_standings_7055
23239,549,25,11.0,5,0,1977-06-05 00:00:00,constructor_standings_7056
23238,549,59,32.0,3,2,1977-06-05 00:00:00,constructor_standings_7057
23237,549,34,9.0,6,0,1977-06-05 00:00:00,constructor_standings_7058
23236,549,6,46.0,1,2,1977-06-05 00:00:00,constructor_standings_7059
23235,549,56,8.0,7,0,1977-06-05 00:00:00,constructor_standings_7060
23234,549,32,33.0,2,3,1977-06-05 00:00:00,constructor_standings_7061
23233,549,57,1.0,10,0,1977-06-05 00:00:00,constructor_standings_7062
23232,549,63,3.0,9,0,1977-06-05 00:00:00,constructor_standings_7063
23231,549,37,0.0,14,0,1977-06-05 00:00:00,constructor_standings_7064
23230,549,58,4.0,8,0,1977-06-05 00:00:00,constructor_standings_7065
23261,550,66,0.0,16,0,1977-06-19 00:00:00,constructor_standings_7066
23260,550,64,0.0,13,0,1977-06-19 00:00:00,constructor_standings_7067
23259,550,68,0.0,15,0,1977-06-19 00:00:00,constructor_standings_7068
23258,550,67,1.0,12,0,1977-06-19 00:00:00,constructor_standings_7069
23257,550,1,21.0,4,0,1977-06-19 00:00:00,constructor_standings_7070
23256,550,27,9.0,7,1,1977-06-19 00:00:00,constructor_standings_7071
23255,550,25,14.0,5,0,1977-06-19 00:00:00,constructor_standings_7072
23254,550,59,32.0,3,2,1977-06-19 00:00:00,constructor_standings_7073
23253,550,34,11.0,6,0,1977-06-19 00:00:00,constructor_standings_7074
23252,550,6,50.0,1,2,1977-06-19 00:00:00,constructor_standings_7075
23251,550,56,8.0,8,0,1977-06-19 00:00:00,constructor_standings_7076
23250,550,32,34.0,2,3,1977-06-19 00:00:00,constructor_standings_7077
23249,550,57,1.0,11,0,1977-06-19 00:00:00,constructor_standings_7078
23248,550,63,3.0,10,0,1977-06-19 00:00:00,constructor_standings_7079
23247,550,37,0.0,14,0,1977-06-19 00:00:00,constructor_standings_7080
23246,550,58,4.0,9,0,1977-06-19 00:00:00,constructor_standings_7081
23277,551,66,0.0,16,0,1977-07-03 00:00:00,constructor_standings_7082
23276,551,64,0.0,13,0,1977-07-03 00:00:00,constructor_standings_7083
23275,551,68,0.0,15,0,1977-07-03 00:00:00,constructor_standings_7084
23274,551,67,1.0,12,0,1977-07-03 00:00:00,constructor_standings_7085
23273,551,1,25.0,4,0,1977-07-03 00:00:00,constructor_standings_7086
23272,551,27,9.0,7,1,1977-07-03 00:00:00,constructor_standings_7087
23271,551,25,14.0,6,0,1977-07-03 00:00:00,constructor_standings_7088
23270,551,59,32.0,3,2,1977-07-03 00:00:00,constructor_standings_7089
23269,551,34,17.0,5,0,1977-07-03 00:00:00,constructor_standings_7090
23268,551,6,50.0,1,2,1977-07-03 00:00:00,constructor_standings_7091
23267,551,56,8.0,8,0,1977-07-03 00:00:00,constructor_standings_7092
23266,551,32,43.0,2,4,1977-07-03 00:00:00,constructor_standings_7093
23265,551,57,1.0,11,0,1977-07-03 00:00:00,constructor_standings_7094
23264,551,63,3.0,10,0,1977-07-03 00:00:00,constructor_standings_7095
23263,551,37,0.0,14,0,1977-07-03 00:00:00,constructor_standings_7096
23262,551,58,4.0,9,0,1977-07-03 00:00:00,constructor_standings_7097
23295,552,69,0.0,18,0,1977-07-16 00:00:00,constructor_standings_7098
23294,552,66,0.0,16,0,1977-07-16 00:00:00,constructor_standings_7099
23293,552,4,0.0,17,0,1977-07-16 00:00:00,constructor_standings_7100
23292,552,64,0.0,13,0,1977-07-16 00:00:00,constructor_standings_7101
23291,552,68,0.0,15,0,1977-07-16 00:00:00,constructor_standings_7102
23290,552,67,1.0,12,0,1977-07-16 00:00:00,constructor_standings_7103
23289,552,1,34.0,3,1,1977-07-16 00:00:00,constructor_standings_7104
23288,552,27,10.0,7,1,1977-07-16 00:00:00,constructor_standings_7105
23287,552,25,14.0,6,0,1977-07-16 00:00:00,constructor_standings_7106
23286,552,59,32.0,4,2,1977-07-16 00:00:00,constructor_standings_7107
23285,552,34,19.0,5,0,1977-07-16 00:00:00,constructor_standings_7108
23284,552,6,56.0,1,2,1977-07-16 00:00:00,constructor_standings_7109
23283,552,56,8.0,8,0,1977-07-16 00:00:00,constructor_standings_7110
23282,552,32,47.0,2,4,1977-07-16 00:00:00,constructor_standings_7111
23281,552,57,1.0,11,0,1977-07-16 00:00:00,constructor_standings_7112
23280,552,63,3.0,10,0,1977-07-16 00:00:00,constructor_standings_7113
23279,552,37,0.0,14,0,1977-07-16 00:00:00,constructor_standings_7114
23278,552,58,4.0,9,0,1977-07-16 00:00:00,constructor_standings_7115
23313,553,69,0.0,18,0,1977-07-31 00:00:00,constructor_standings_7116
23312,553,66,0.0,16,0,1977-07-31 00:00:00,constructor_standings_7117
23311,553,4,0.0,17,0,1977-07-31 00:00:00,constructor_standings_7118
23310,553,64,0.0,14,0,1977-07-31 00:00:00,constructor_standings_7119
23309,553,68,0.0,15,0,1977-07-31 00:00:00,constructor_standings_7120
23308,553,67,1.0,12,0,1977-07-31 00:00:00,constructor_standings_7121
23307,553,1,34.0,4,1,1977-07-31 00:00:00,constructor_standings_7122
23306,553,27,10.0,7,1,1977-07-31 00:00:00,constructor_standings_7123
23305,553,25,14.0,6,0,1977-07-31 00:00:00,constructor_standings_7124
23304,553,59,38.0,3,2,1977-07-31 00:00:00,constructor_standings_7125
23303,553,34,23.0,5,0,1977-07-31 00:00:00,constructor_standings_7126
23302,553,6,65.0,1,3,1977-07-31 00:00:00,constructor_standings_7127
23301,553,56,8.0,8,0,1977-07-31 00:00:00,constructor_standings_7128
23300,553,32,47.0,2,4,1977-07-31 00:00:00,constructor_standings_7129
23299,553,57,2.0,11,0,1977-07-31 00:00:00,constructor_standings_7130
23298,553,63,5.0,9,0,1977-07-31 00:00:00,constructor_standings_7131
23297,553,37,0.0,13,0,1977-07-31 00:00:00,constructor_standings_7132
23296,553,58,4.0,10,0,1977-07-31 00:00:00,constructor_standings_7133
23331,554,69,0.0,18,0,1977-08-14 00:00:00,constructor_standings_7134
23330,554,66,0.0,16,0,1977-08-14 00:00:00,constructor_standings_7135
23329,554,4,0.0,17,0,1977-08-14 00:00:00,constructor_standings_7136
23328,554,64,0.0,13,0,1977-08-14 00:00:00,constructor_standings_7137
23327,554,68,0.0,15,0,1977-08-14 00:00:00,constructor_standings_7138
23326,554,67,1.0,12,0,1977-08-14 00:00:00,constructor_standings_7139
23325,554,1,35.0,4,1,1977-08-14 00:00:00,constructor_standings_7140
23324,554,27,10.0,8,1,1977-08-14 00:00:00,constructor_standings_7141
23323,554,25,16.0,6,0,1977-08-14 00:00:00,constructor_standings_7142
23322,554,59,38.0,3,2,1977-08-14 00:00:00,constructor_standings_7143
23321,554,34,27.0,5,0,1977-08-14 00:00:00,constructor_standings_7144
23320,554,6,71.0,1,3,1977-08-14 00:00:00,constructor_standings_7145
23319,554,56,8.0,9,0,1977-08-14 00:00:00,constructor_standings_7146
23318,554,32,47.0,2,4,1977-08-14 00:00:00,constructor_standings_7147
23317,554,57,2.0,11,0,1977-08-14 00:00:00,constructor_standings_7148
23316,554,63,5.0,10,0,1977-08-14 00:00:00,constructor_standings_7149
23315,554,37,0.0,14,0,1977-08-14 00:00:00,constructor_standings_7150
23314,554,58,13.0,7,1,1977-08-14 00:00:00,constructor_standings_7151
23349,555,69,0.0,18,0,1977-08-28 00:00:00,constructor_standings_7152
23348,555,66,0.0,16,0,1977-08-28 00:00:00,constructor_standings_7153
23347,555,4,0.0,17,0,1977-08-28 00:00:00,constructor_standings_7154
23346,555,64,0.0,13,0,1977-08-28 00:00:00,constructor_standings_7155
23345,555,68,0.0,15,0,1977-08-28 00:00:00,constructor_standings_7156
23344,555,67,1.0,12,0,1977-08-28 00:00:00,constructor_standings_7157
23343,555,1,35.0,4,1,1977-08-28 00:00:00,constructor_standings_7158
23342,555,27,16.0,6,1,1977-08-28 00:00:00,constructor_standings_7159
23341,555,25,16.0,7,0,1977-08-28 00:00:00,constructor_standings_7160
23340,555,59,42.0,3,2,1977-08-28 00:00:00,constructor_standings_7161
23339,555,34,27.0,5,0,1977-08-28 00:00:00,constructor_standings_7162
23338,555,6,80.0,1,4,1977-08-28 00:00:00,constructor_standings_7163
23337,555,56,11.0,9,0,1977-08-28 00:00:00,constructor_standings_7164
23336,555,32,47.0,2,4,1977-08-28 00:00:00,constructor_standings_7165
23335,555,57,4.0,11,0,1977-08-28 00:00:00,constructor_standings_7166
23334,555,63,5.0,10,0,1977-08-28 00:00:00,constructor_standings_7167
23333,555,37,0.0,14,0,1977-08-28 00:00:00,constructor_standings_7168
23332,555,58,13.0,8,1,1977-08-28 00:00:00,constructor_standings_7169
23369,556,71,0.0,19,0,1977-09-11 00:00:00,constructor_standings_7170
23368,556,70,0.0,18,0,1977-09-11 00:00:00,constructor_standings_7171
23367,556,69,0.0,20,0,1977-09-11 00:00:00,constructor_standings_7172
23366,556,66,0.0,16,0,1977-09-11 00:00:00,constructor_standings_7173
23365,556,4,0.0,17,0,1977-09-11 00:00:00,constructor_standings_7174
23364,556,64,0.0,14,0,1977-09-11 00:00:00,constructor_standings_7175
23363,556,68,0.0,15,0,1977-09-11 00:00:00,constructor_standings_7176
23362,556,67,1.0,12,0,1977-09-11 00:00:00,constructor_standings_7177
23361,556,1,38.0,4,1,1977-09-11 00:00:00,constructor_standings_7178
23360,556,27,16.0,8,1,1977-09-11 00:00:00,constructor_standings_7179
23359,556,25,17.0,7,0,1977-09-11 00:00:00,constructor_standings_7180
23358,556,59,42.0,3,2,1977-09-11 00:00:00,constructor_standings_7181
23357,556,34,27.0,5,0,1977-09-11 00:00:00,constructor_standings_7182
23356,556,6,86.0,1,4,1977-09-11 00:00:00,constructor_standings_7183
23355,556,56,11.0,9,0,1977-09-11 00:00:00,constructor_standings_7184
23354,556,32,56.0,2,5,1977-09-11 00:00:00,constructor_standings_7185
23353,556,57,6.0,10,0,1977-09-11 00:00:00,constructor_standings_7186
23352,556,63,5.0,11,0,1977-09-11 00:00:00,constructor_standings_7187
23351,556,37,0.0,13,0,1977-09-11 00:00:00,constructor_standings_7188
23389,557,71,0.0,19,0,1977-10-02 00:00:00,constructor_standings_7189
23388,557,70,0.0,18,0,1977-10-02 00:00:00,constructor_standings_7190
23387,557,69,0.0,20,0,1977-10-02 00:00:00,constructor_standings_7191
23386,557,66,0.0,16,0,1977-10-02 00:00:00,constructor_standings_7192
23385,557,4,0.0,17,0,1977-10-02 00:00:00,constructor_standings_7193
23384,557,64,0.0,13,0,1977-10-02 00:00:00,constructor_standings_7194
23383,557,68,0.0,15,0,1977-10-02 00:00:00,constructor_standings_7195
23382,557,67,1.0,12,0,1977-10-02 00:00:00,constructor_standings_7196
23381,557,1,47.0,3,2,1977-10-02 00:00:00,constructor_standings_7197
23380,557,27,16.0,8,1,1977-10-02 00:00:00,constructor_standings_7198
23379,557,25,17.0,7,0,1977-10-02 00:00:00,constructor_standings_7199
23378,557,59,46.0,4,2,1977-10-02 00:00:00,constructor_standings_7200
23377,557,34,27.0,5,0,1977-10-02 00:00:00,constructor_standings_7201
23376,557,6,89.0,1,4,1977-10-02 00:00:00,constructor_standings_7202
23375,557,56,11.0,9,0,1977-10-02 00:00:00,constructor_standings_7203
23374,557,32,62.0,2,5,1977-10-02 00:00:00,constructor_standings_7204
23373,557,57,8.0,10,0,1977-10-02 00:00:00,constructor_standings_7205
23372,557,63,5.0,11,0,1977-10-02 00:00:00,constructor_standings_7206
23371,557,37,0.0,14,0,1977-10-02 00:00:00,constructor_standings_7207
23370,557,58,17.0,6,1,1977-10-02 00:00:00,constructor_standings_7208
23409,558,71,0.0,19,0,1977-10-09 00:00:00,constructor_standings_7209
23408,558,70,0.0,18,0,1977-10-09 00:00:00,constructor_standings_7210
23407,558,69,0.0,20,0,1977-10-09 00:00:00,constructor_standings_7211
23406,558,66,0.0,16,0,1977-10-09 00:00:00,constructor_standings_7212
23405,558,4,0.0,17,0,1977-10-09 00:00:00,constructor_standings_7213
23404,558,64,0.0,14,0,1977-10-09 00:00:00,constructor_standings_7214
23403,558,68,0.0,15,0,1977-10-09 00:00:00,constructor_standings_7215
23402,558,67,1.0,12,0,1977-10-09 00:00:00,constructor_standings_7216
23401,558,1,51.0,4,2,1977-10-09 00:00:00,constructor_standings_7217
23400,558,27,16.0,8,1,1977-10-09 00:00:00,constructor_standings_7218
23399,558,25,23.0,6,0,1977-10-09 00:00:00,constructor_standings_7219
23398,558,59,55.0,3,3,1977-10-09 00:00:00,constructor_standings_7220
23397,558,34,27.0,5,0,1977-10-09 00:00:00,constructor_standings_7221
23396,558,6,89.0,1,4,1977-10-09 00:00:00,constructor_standings_7222
23395,558,56,11.0,9,0,1977-10-09 00:00:00,constructor_standings_7223
23394,558,32,62.0,2,5,1977-10-09 00:00:00,constructor_standings_7224
23393,558,57,10.0,10,0,1977-10-09 00:00:00,constructor_standings_7225
23392,558,63,6.0,11,0,1977-10-09 00:00:00,constructor_standings_7226
23391,558,37,0.0,13,0,1977-10-09 00:00:00,constructor_standings_7227
23390,558,58,20.0,7,1,1977-10-09 00:00:00,constructor_standings_7228
23430,559,72,0.0,15,0,1977-10-23 00:00:00,constructor_standings_7229
23429,559,71,0.0,20,0,1977-10-23 00:00:00,constructor_standings_7230
23428,559,70,0.0,19,0,1977-10-23 00:00:00,constructor_standings_7231
23427,559,69,0.0,21,0,1977-10-23 00:00:00,constructor_standings_7232
23426,559,66,0.0,17,0,1977-10-23 00:00:00,constructor_standings_7233
23425,559,4,0.0,18,0,1977-10-23 00:00:00,constructor_standings_7234
23424,559,64,0.0,14,0,1977-10-23 00:00:00,constructor_standings_7235
23423,559,68,0.0,16,0,1977-10-23 00:00:00,constructor_standings_7236
23422,559,67,1.0,12,0,1977-10-23 00:00:00,constructor_standings_7237
23421,559,1,60.0,3,3,1977-10-23 00:00:00,constructor_standings_7238
23420,559,27,18.0,8,1,1977-10-23 00:00:00,constructor_standings_7239
23419,559,25,27.0,6,0,1977-10-23 00:00:00,constructor_standings_7240
23418,559,59,55.0,4,3,1977-10-23 00:00:00,constructor_standings_7241
23417,559,34,27.0,5,0,1977-10-23 00:00:00,constructor_standings_7242
23416,559,6,95.0,1,4,1977-10-23 00:00:00,constructor_standings_7243
23415,559,56,11.0,9,0,1977-10-23 00:00:00,constructor_standings_7244
23414,559,32,62.0,2,5,1977-10-23 00:00:00,constructor_standings_7245
23413,559,57,10.0,10,0,1977-10-23 00:00:00,constructor_standings_7246
23412,559,63,6.0,11,0,1977-10-23 00:00:00,constructor_standings_7247
23411,559,37,0.0,13,0,1977-10-23 00:00:00,constructor_standings_7248
23410,559,58,23.0,7,1,1977-10-23 00:00:00,constructor_standings_7249
23350,556,58,17.0,6,1,1977-09-11 00:00:00,constructor_standings_7250
22861,560,67,0.0,12,0,1976-01-25 00:00:00,constructor_standings_7251
22860,560,32,0.0,11,0,1976-01-25 00:00:00,constructor_standings_7252
22859,560,27,0.0,10,0,1976-01-25 00:00:00,constructor_standings_7253
22858,560,56,0.0,9,0,1976-01-25 00:00:00,constructor_standings_7254
22857,560,204,0.0,8,0,1976-01-25 00:00:00,constructor_standings_7255
22856,560,3,0.0,7,0,1976-01-25 00:00:00,constructor_standings_7256
22855,560,59,0.0,6,0,1976-01-25 00:00:00,constructor_standings_7257
22854,560,1,1.0,5,0,1976-01-25 00:00:00,constructor_standings_7258
22853,560,37,3.0,4,0,1976-01-25 00:00:00,constructor_standings_7259
22852,560,58,4.0,3,0,1976-01-25 00:00:00,constructor_standings_7260
22851,560,25,6.0,2,0,1976-01-25 00:00:00,constructor_standings_7261
22850,560,6,9.0,1,1,1976-01-25 00:00:00,constructor_standings_7262
22878,561,57,0.0,14,0,1976-03-06 00:00:00,constructor_standings_7263
22877,561,63,0.0,13,0,1976-03-06 00:00:00,constructor_standings_7264
22876,561,73,1.0,7,0,1976-03-06 00:00:00,constructor_standings_7265
22875,561,66,0.0,17,0,1976-03-06 00:00:00,constructor_standings_7266
22874,561,67,2.0,6,0,1976-03-06 00:00:00,constructor_standings_7267
22873,561,32,0.0,11,0,1976-03-06 00:00:00,constructor_standings_7268
22872,561,27,0.0,16,0,1976-03-06 00:00:00,constructor_standings_7269
22871,561,56,0.0,12,0,1976-03-06 00:00:00,constructor_standings_7270
22870,561,204,0.0,10,0,1976-03-06 00:00:00,constructor_standings_7271
22869,561,3,0.0,9,0,1976-03-06 00:00:00,constructor_standings_7272
22868,561,59,0.0,8,0,1976-03-06 00:00:00,constructor_standings_7273
22867,561,1,7.0,3,0,1976-03-06 00:00:00,constructor_standings_7274
22866,561,37,3.0,5,0,1976-03-06 00:00:00,constructor_standings_7275
22865,561,58,4.0,4,0,1976-03-06 00:00:00,constructor_standings_7276
22864,561,25,9.0,2,0,1976-03-06 00:00:00,constructor_standings_7277
22863,561,6,18.0,1,2,1976-03-06 00:00:00,constructor_standings_7278
22895,562,57,0.0,11,0,1976-03-28 00:00:00,constructor_standings_7279
22894,562,63,0.0,15,0,1976-03-28 00:00:00,constructor_standings_7280
22893,562,73,1.0,9,0,1976-03-28 00:00:00,constructor_standings_7281
22892,562,66,0.0,17,0,1976-03-28 00:00:00,constructor_standings_7282
22891,562,67,2.0,7,0,1976-03-28 00:00:00,constructor_standings_7283
22890,562,32,0.0,14,0,1976-03-28 00:00:00,constructor_standings_7284
22889,562,27,3.0,6,0,1976-03-28 00:00:00,constructor_standings_7285
22888,562,56,1.0,8,0,1976-03-28 00:00:00,constructor_standings_7286
22887,562,204,0.0,12,0,1976-03-28 00:00:00,constructor_standings_7287
22886,562,3,0.0,13,0,1976-03-28 00:00:00,constructor_standings_7288
22885,562,59,0.0,10,0,1976-03-28 00:00:00,constructor_standings_7289
22884,562,1,9.0,3,0,1976-03-28 00:00:00,constructor_standings_7290
22883,562,37,3.0,5,0,1976-03-28 00:00:00,constructor_standings_7291
22882,562,58,4.0,4,0,1976-03-28 00:00:00,constructor_standings_7292
22881,562,25,13.0,2,0,1976-03-28 00:00:00,constructor_standings_7293
22880,562,6,27.0,1,3,1976-03-28 00:00:00,constructor_standings_7294
22913,563,66,0.0,18,0,1976-05-02 00:00:00,constructor_standings_7295
22912,563,70,0.0,16,0,1976-05-02 00:00:00,constructor_standings_7296
22911,563,27,3.0,8,0,1976-05-02 00:00:00,constructor_standings_7297
22910,563,56,1.0,11,0,1976-05-02 00:00:00,constructor_standings_7298
22909,563,57,2.0,9,0,1976-05-02 00:00:00,constructor_standings_7299
22908,563,67,2.0,10,0,1976-05-02 00:00:00,constructor_standings_7300
22907,563,73,1.0,12,0,1976-05-02 00:00:00,constructor_standings_7301
22906,563,32,4.0,5,0,1976-05-02 00:00:00,constructor_standings_7302
22905,563,63,0.0,14,0,1976-05-02 00:00:00,constructor_standings_7303
22904,563,6,33.0,1,3,1976-05-02 00:00:00,constructor_standings_7304
22903,563,25,13.0,3,0,1976-05-02 00:00:00,constructor_standings_7305
22902,563,58,4.0,4,0,1976-05-02 00:00:00,constructor_standings_7306
22901,563,37,3.0,7,0,1976-05-02 00:00:00,constructor_standings_7307
22900,563,1,18.0,2,1,1976-05-02 00:00:00,constructor_standings_7308
22899,563,59,0.0,13,0,1976-05-02 00:00:00,constructor_standings_7309
22898,563,3,0.0,15,0,1976-05-02 00:00:00,constructor_standings_7310
22897,563,204,3.0,6,0,1976-05-02 00:00:00,constructor_standings_7311
22932,564,182,0.0,17,0,1976-05-16 00:00:00,constructor_standings_7312
22931,564,70,0.0,15,0,1976-05-16 00:00:00,constructor_standings_7313
22930,564,27,7.0,4,0,1976-05-16 00:00:00,constructor_standings_7314
22929,564,56,1.0,12,0,1976-05-16 00:00:00,constructor_standings_7315
22928,564,57,2.0,10,0,1976-05-16 00:00:00,constructor_standings_7316
22927,564,67,2.0,9,0,1976-05-16 00:00:00,constructor_standings_7317
22926,564,73,1.0,13,0,1976-05-16 00:00:00,constructor_standings_7318
22925,564,32,4.0,6,0,1976-05-16 00:00:00,constructor_standings_7319
22924,564,63,2.0,11,0,1976-05-16 00:00:00,constructor_standings_7320
22923,564,6,42.0,1,4,1976-05-16 00:00:00,constructor_standings_7321
22922,564,25,16.0,3,0,1976-05-16 00:00:00,constructor_standings_7322
22921,564,58,4.0,5,0,1976-05-16 00:00:00,constructor_standings_7323
22920,564,37,3.0,8,0,1976-05-16 00:00:00,constructor_standings_7324
22919,564,1,19.0,2,1,1976-05-16 00:00:00,constructor_standings_7325
22918,564,59,0.0,14,0,1976-05-16 00:00:00,constructor_standings_7326
22917,564,3,0.0,16,0,1976-05-16 00:00:00,constructor_standings_7327
22916,564,204,3.0,7,0,1976-05-16 00:00:00,constructor_standings_7328
22951,565,182,0.0,17,0,1976-05-30 00:00:00,constructor_standings_7329
22950,565,70,0.0,15,0,1976-05-30 00:00:00,constructor_standings_7330
22949,565,27,7.0,4,0,1976-05-30 00:00:00,constructor_standings_7331
22948,565,56,2.0,12,0,1976-05-30 00:00:00,constructor_standings_7332
22947,565,57,2.0,10,0,1976-05-30 00:00:00,constructor_standings_7333
22946,565,67,2.0,9,0,1976-05-30 00:00:00,constructor_standings_7334
22945,565,73,1.0,13,0,1976-05-30 00:00:00,constructor_standings_7335
22944,565,32,4.0,7,0,1976-05-30 00:00:00,constructor_standings_7336
22943,565,63,2.0,11,0,1976-05-30 00:00:00,constructor_standings_7337
22942,565,6,51.0,1,5,1976-05-30 00:00:00,constructor_standings_7338
22941,565,25,22.0,2,0,1976-05-30 00:00:00,constructor_standings_7339
22940,565,58,4.0,6,0,1976-05-30 00:00:00,constructor_standings_7340
22939,565,37,6.0,5,0,1976-05-30 00:00:00,constructor_standings_7341
22938,565,1,21.0,3,1,1976-05-30 00:00:00,constructor_standings_7342
22937,565,59,0.0,14,0,1976-05-30 00:00:00,constructor_standings_7343
22936,565,3,0.0,16,0,1976-05-30 00:00:00,constructor_standings_7344
22935,565,204,3.0,8,0,1976-05-30 00:00:00,constructor_standings_7345
22970,566,182,0.0,17,0,1976-06-13 00:00:00,constructor_standings_7346
22969,566,70,0.0,15,0,1976-06-13 00:00:00,constructor_standings_7347
22968,566,27,10.0,4,0,1976-06-13 00:00:00,constructor_standings_7348
22967,566,56,2.0,12,0,1976-06-13 00:00:00,constructor_standings_7349
22966,566,57,2.0,10,0,1976-06-13 00:00:00,constructor_standings_7350
22965,566,67,2.0,9,0,1976-06-13 00:00:00,constructor_standings_7351
22964,566,73,1.0,13,0,1976-06-13 00:00:00,constructor_standings_7352
22963,566,32,4.0,7,0,1976-06-13 00:00:00,constructor_standings_7353
22962,566,63,2.0,11,0,1976-06-13 00:00:00,constructor_standings_7354
22961,566,6,55.0,1,5,1976-06-13 00:00:00,constructor_standings_7355
22960,566,25,31.0,2,1,1976-06-13 00:00:00,constructor_standings_7356
22959,566,58,4.0,6,0,1976-06-13 00:00:00,constructor_standings_7357
22958,566,37,6.0,5,0,1976-06-13 00:00:00,constructor_standings_7358
22957,566,1,23.0,3,1,1976-06-13 00:00:00,constructor_standings_7359
22956,566,59,0.0,14,0,1976-06-13 00:00:00,constructor_standings_7360
22955,566,3,0.0,16,0,1976-06-13 00:00:00,constructor_standings_7361
22954,566,204,3.0,8,0,1976-06-13 00:00:00,constructor_standings_7362
22989,567,64,0.0,18,0,1976-07-04 00:00:00,constructor_standings_7363
22988,567,57,2.0,10,0,1976-07-04 00:00:00,constructor_standings_7364
22987,567,63,2.0,11,0,1976-07-04 00:00:00,constructor_standings_7365
22986,567,73,1.0,13,0,1976-07-04 00:00:00,constructor_standings_7366
22985,567,66,0.0,19,0,1976-07-04 00:00:00,constructor_standings_7367
22984,567,67,6.0,5,0,1976-07-04 00:00:00,constructor_standings_7368
22983,567,32,6.0,6,0,1976-07-04 00:00:00,constructor_standings_7369
22982,567,27,10.0,4,0,1976-07-04 00:00:00,constructor_standings_7370
22981,567,56,2.0,12,0,1976-07-04 00:00:00,constructor_standings_7371
22980,567,204,6.0,7,0,1976-07-04 00:00:00,constructor_standings_7372
22979,567,3,0.0,16,0,1976-07-04 00:00:00,constructor_standings_7373
22978,567,59,0.0,14,0,1976-07-04 00:00:00,constructor_standings_7374
22977,567,1,31.0,3,2,1976-07-04 00:00:00,constructor_standings_7375
22976,567,37,6.0,8,0,1976-07-04 00:00:00,constructor_standings_7376
22975,567,58,4.0,9,0,1976-07-04 00:00:00,constructor_standings_7377
22974,567,25,37.0,2,1,1976-07-04 00:00:00,constructor_standings_7378
22973,567,6,55.0,1,5,1976-07-04 00:00:00,constructor_standings_7379
23008,568,64,0.0,15,0,1976-07-18 00:00:00,constructor_standings_7380
23007,568,57,2.0,12,0,1976-07-18 00:00:00,constructor_standings_7381
23006,568,63,4.0,10,0,1976-07-18 00:00:00,constructor_standings_7382
23005,568,73,1.0,13,0,1976-07-18 00:00:00,constructor_standings_7383
23004,568,66,0.0,19,0,1976-07-18 00:00:00,constructor_standings_7384
23003,568,67,10.0,4,0,1976-07-18 00:00:00,constructor_standings_7385
23002,568,32,6.0,7,0,1976-07-18 00:00:00,constructor_standings_7386
23001,568,27,10.0,5,0,1976-07-18 00:00:00,constructor_standings_7387
23000,568,56,3.0,11,0,1976-07-18 00:00:00,constructor_standings_7388
22999,568,204,6.0,8,0,1976-07-18 00:00:00,constructor_standings_7389
22998,568,3,0.0,17,0,1976-07-18 00:00:00,constructor_standings_7390
22997,568,59,0.0,14,0,1976-07-18 00:00:00,constructor_standings_7391
22996,568,1,31.0,3,2,1976-07-18 00:00:00,constructor_standings_7392
22995,568,37,6.0,9,0,1976-07-18 00:00:00,constructor_standings_7393
22994,568,58,7.0,6,0,1976-07-18 00:00:00,constructor_standings_7394
22993,568,25,43.0,2,1,1976-07-18 00:00:00,constructor_standings_7395
22992,568,6,64.0,1,6,1976-07-18 00:00:00,constructor_standings_7396
23027,569,182,0.0,18,0,1976-08-01 00:00:00,constructor_standings_7397
23026,569,70,0.0,16,0,1976-08-01 00:00:00,constructor_standings_7398
23025,569,27,10.0,5,0,1976-08-01 00:00:00,constructor_standings_7399
23024,569,56,3.0,11,0,1976-08-01 00:00:00,constructor_standings_7400
23023,569,57,2.0,12,0,1976-08-01 00:00:00,constructor_standings_7401
23022,569,67,10.0,4,0,1976-08-01 00:00:00,constructor_standings_7402
23021,569,73,1.0,13,0,1976-08-01 00:00:00,constructor_standings_7403
23020,569,32,8.0,7,0,1976-08-01 00:00:00,constructor_standings_7404
23019,569,63,4.0,10,0,1976-08-01 00:00:00,constructor_standings_7405
23018,569,6,64.0,1,6,1976-08-01 00:00:00,constructor_standings_7406
23017,569,25,49.0,2,1,1976-08-01 00:00:00,constructor_standings_7407
23016,569,58,7.0,8,0,1976-08-01 00:00:00,constructor_standings_7408
23015,569,37,6.0,9,0,1976-08-01 00:00:00,constructor_standings_7409
23014,569,1,40.0,3,3,1976-08-01 00:00:00,constructor_standings_7410
23013,569,59,0.0,14,0,1976-08-01 00:00:00,constructor_standings_7411
23012,569,3,0.0,17,0,1976-08-01 00:00:00,constructor_standings_7412
23011,569,204,9.0,6,0,1976-08-01 00:00:00,constructor_standings_7413
23046,570,182,0.0,18,0,1976-08-15 00:00:00,constructor_standings_7414
23045,570,70,0.0,16,0,1976-08-15 00:00:00,constructor_standings_7415
23044,570,27,16.0,5,0,1976-08-15 00:00:00,constructor_standings_7416
23043,570,56,3.0,11,0,1976-08-15 00:00:00,constructor_standings_7417
23042,570,57,2.0,12,0,1976-08-15 00:00:00,constructor_standings_7418
23041,570,67,19.0,4,1,1976-08-15 00:00:00,constructor_standings_7419
23040,570,73,1.0,13,0,1976-08-15 00:00:00,constructor_standings_7420
23039,570,32,12.0,6,0,1976-08-15 00:00:00,constructor_standings_7421
23038,570,63,4.0,10,0,1976-08-15 00:00:00,constructor_standings_7422
23037,570,6,64.0,1,6,1976-08-15 00:00:00,constructor_standings_7423
23036,570,25,49.0,2,1,1976-08-15 00:00:00,constructor_standings_7424
23035,570,58,7.0,8,0,1976-08-15 00:00:00,constructor_standings_7425
23034,570,37,7.0,9,0,1976-08-15 00:00:00,constructor_standings_7426
23033,570,1,43.0,3,3,1976-08-15 00:00:00,constructor_standings_7427
23032,570,59,0.0,14,0,1976-08-15 00:00:00,constructor_standings_7428
23031,570,3,0.0,17,0,1976-08-15 00:00:00,constructor_standings_7429
23030,570,204,9.0,7,0,1976-08-15 00:00:00,constructor_standings_7430
23065,571,182,0.0,18,0,1976-08-29 00:00:00,constructor_standings_7431
23064,571,70,0.0,16,0,1976-08-29 00:00:00,constructor_standings_7432
23063,571,27,16.0,5,0,1976-08-29 00:00:00,constructor_standings_7433
23062,571,56,3.0,11,0,1976-08-29 00:00:00,constructor_standings_7434
23061,571,57,2.0,12,0,1976-08-29 00:00:00,constructor_standings_7435
23060,571,67,19.0,4,1,1976-08-29 00:00:00,constructor_standings_7436
23059,571,73,1.0,13,0,1976-08-29 00:00:00,constructor_standings_7437
23058,571,32,16.0,6,0,1976-08-29 00:00:00,constructor_standings_7438
23057,571,63,4.0,10,0,1976-08-29 00:00:00,constructor_standings_7439
23056,571,6,70.0,1,6,1976-08-29 00:00:00,constructor_standings_7440
23055,571,25,51.0,3,1,1976-08-29 00:00:00,constructor_standings_7441
23054,571,58,10.0,7,0,1976-08-29 00:00:00,constructor_standings_7442
23053,571,37,8.0,9,0,1976-08-29 00:00:00,constructor_standings_7443
23052,571,1,52.0,2,4,1976-08-29 00:00:00,constructor_standings_7444
23051,571,59,0.0,14,0,1976-08-29 00:00:00,constructor_standings_7445
23050,571,3,0.0,17,0,1976-08-29 00:00:00,constructor_standings_7446
23049,571,204,9.0,8,0,1976-08-29 00:00:00,constructor_standings_7447
23084,572,182,0.0,18,0,1976-09-12 00:00:00,constructor_standings_7448
23083,572,70,0.0,16,0,1976-09-12 00:00:00,constructor_standings_7449
23082,572,27,20.0,4,0,1976-09-12 00:00:00,constructor_standings_7450
23081,572,56,3.0,11,0,1976-09-12 00:00:00,constructor_standings_7451
23080,572,57,2.0,12,0,1976-09-12 00:00:00,constructor_standings_7452
23079,572,67,19.0,5,1,1976-09-12 00:00:00,constructor_standings_7453
23078,572,73,1.0,13,0,1976-09-12 00:00:00,constructor_standings_7454
23077,572,32,16.0,7,0,1976-09-12 00:00:00,constructor_standings_7455
23076,572,63,4.0,10,0,1976-09-12 00:00:00,constructor_standings_7456
23075,572,6,76.0,1,6,1976-09-12 00:00:00,constructor_standings_7457
23074,572,25,53.0,2,1,1976-09-12 00:00:00,constructor_standings_7458
23073,572,58,10.0,8,0,1976-09-12 00:00:00,constructor_standings_7459
23072,572,37,17.0,6,1,1976-09-12 00:00:00,constructor_standings_7460
23071,572,1,52.0,3,4,1976-09-12 00:00:00,constructor_standings_7461
23070,572,59,0.0,14,0,1976-09-12 00:00:00,constructor_standings_7462
23069,572,3,0.0,17,0,1976-09-12 00:00:00,constructor_standings_7463
23068,572,204,9.0,9,0,1976-09-12 00:00:00,constructor_standings_7464
23103,573,182,0.0,18,0,1976-10-03 00:00:00,constructor_standings_7465
23102,573,70,0.0,16,0,1976-10-03 00:00:00,constructor_standings_7466
23101,573,27,20.0,4,0,1976-10-03 00:00:00,constructor_standings_7467
23100,573,56,3.0,11,0,1976-10-03 00:00:00,constructor_standings_7468
23099,573,57,2.0,12,0,1976-10-03 00:00:00,constructor_standings_7469
23098,573,67,19.0,6,1,1976-10-03 00:00:00,constructor_standings_7470
23097,573,73,1.0,13,0,1976-10-03 00:00:00,constructor_standings_7471
23096,573,32,20.0,5,0,1976-10-03 00:00:00,constructor_standings_7472
23095,573,63,4.0,10,0,1976-10-03 00:00:00,constructor_standings_7473
23094,573,6,77.0,1,6,1976-10-03 00:00:00,constructor_standings_7474
23093,573,25,59.0,3,1,1976-10-03 00:00:00,constructor_standings_7475
23092,573,58,10.0,8,0,1976-10-03 00:00:00,constructor_standings_7476
23091,573,37,17.0,7,1,1976-10-03 00:00:00,constructor_standings_7477
23090,573,1,61.0,2,5,1976-10-03 00:00:00,constructor_standings_7478
23089,573,59,0.0,14,0,1976-10-03 00:00:00,constructor_standings_7479
23088,573,3,0.0,17,0,1976-10-03 00:00:00,constructor_standings_7480
23087,573,204,9.0,9,0,1976-10-03 00:00:00,constructor_standings_7481
23122,574,182,0.0,18,0,1976-10-10 00:00:00,constructor_standings_7482
23121,574,70,0.0,16,0,1976-10-10 00:00:00,constructor_standings_7483
23120,574,27,20.0,5,0,1976-10-10 00:00:00,constructor_standings_7484
23119,574,56,3.0,11,0,1976-10-10 00:00:00,constructor_standings_7485
23118,574,57,2.0,12,0,1976-10-10 00:00:00,constructor_standings_7486
23117,574,67,20.0,4,1,1976-10-10 00:00:00,constructor_standings_7487
23116,574,73,1.0,13,0,1976-10-10 00:00:00,constructor_standings_7488
23115,574,32,20.0,6,0,1976-10-10 00:00:00,constructor_standings_7489
23114,574,63,4.0,10,0,1976-10-10 00:00:00,constructor_standings_7490
23113,574,6,81.0,1,6,1976-10-10 00:00:00,constructor_standings_7491
23112,574,25,65.0,3,1,1976-10-10 00:00:00,constructor_standings_7492
23111,574,58,10.0,8,0,1976-10-10 00:00:00,constructor_standings_7493
23110,574,37,19.0,7,1,1976-10-10 00:00:00,constructor_standings_7494
23109,574,1,70.0,2,6,1976-10-10 00:00:00,constructor_standings_7495
23108,574,59,0.0,14,0,1976-10-10 00:00:00,constructor_standings_7496
23107,574,3,0.0,17,0,1976-10-10 00:00:00,constructor_standings_7497
23106,574,204,9.0,9,0,1976-10-10 00:00:00,constructor_standings_7498
23143,575,72,0.0,18,0,1976-10-24 00:00:00,constructor_standings_7499
23142,575,64,0.0,14,0,1976-10-24 00:00:00,constructor_standings_7500
23141,575,182,0.0,19,0,1976-10-24 00:00:00,constructor_standings_7501
23140,575,70,0.0,16,0,1976-10-24 00:00:00,constructor_standings_7502
23139,575,27,20.0,6,0,1976-10-24 00:00:00,constructor_standings_7503
23138,575,56,3.0,11,0,1976-10-24 00:00:00,constructor_standings_7504
23137,575,57,2.0,12,0,1976-10-24 00:00:00,constructor_standings_7505
23136,575,67,20.0,5,1,1976-10-24 00:00:00,constructor_standings_7506
23135,575,73,1.0,13,0,1976-10-24 00:00:00,constructor_standings_7507
23134,575,32,29.0,4,1,1976-10-24 00:00:00,constructor_standings_7508
23133,575,63,7.0,10,0,1976-10-24 00:00:00,constructor_standings_7509
23132,575,6,83.0,1,6,1976-10-24 00:00:00,constructor_standings_7510
23131,575,25,71.0,3,1,1976-10-24 00:00:00,constructor_standings_7511
23130,575,58,10.0,8,0,1976-10-24 00:00:00,constructor_standings_7512
23129,575,37,19.0,7,1,1976-10-24 00:00:00,constructor_standings_7513
23128,575,1,74.0,2,6,1976-10-24 00:00:00,constructor_standings_7514
23127,575,59,0.0,15,0,1976-10-24 00:00:00,constructor_standings_7515
23126,575,3,0.0,17,0,1976-10-24 00:00:00,constructor_standings_7516
23125,575,204,9.0,9,0,1976-10-24 00:00:00,constructor_standings_7517
22465,576,56,0.0,14,0,1975-01-12 00:00:00,constructor_standings_7518
22464,576,66,0.0,13,0,1975-01-12 00:00:00,constructor_standings_7519
22463,576,73,0.0,12,0,1975-01-12 00:00:00,constructor_standings_7520
22462,576,3,0.0,11,0,1975-01-12 00:00:00,constructor_standings_7521
22461,576,1,9.0,1,1,1975-01-12 00:00:00,constructor_standings_7522
22460,576,64,6.0,2,0,1975-01-12 00:00:00,constructor_standings_7523
22459,576,34,4.0,3,0,1975-01-12 00:00:00,constructor_standings_7524
22458,576,6,3.0,4,0,1975-01-12 00:00:00,constructor_standings_7525
22457,576,25,2.0,5,0,1975-01-12 00:00:00,constructor_standings_7526
22456,576,67,0.0,6,0,1975-01-12 00:00:00,constructor_standings_7527
22455,576,32,0.0,7,0,1975-01-12 00:00:00,constructor_standings_7528
22454,576,37,0.0,8,0,1975-01-12 00:00:00,constructor_standings_7529
22453,576,26,0.0,9,0,1975-01-12 00:00:00,constructor_standings_7530
22452,576,202,0.0,10,0,1975-01-12 00:00:00,constructor_standings_7531
22480,577,66,0.0,15,0,1975-01-26 00:00:00,constructor_standings_7532
22479,577,73,0.0,6,0,1975-01-26 00:00:00,constructor_standings_7533
22478,577,63,0.0,11,0,1975-01-26 00:00:00,constructor_standings_7534
22477,577,3,0.0,12,0,1975-01-26 00:00:00,constructor_standings_7535
22476,577,56,0.0,14,0,1975-01-26 00:00:00,constructor_standings_7536
22475,577,1,15.0,1,1,1975-01-26 00:00:00,constructor_standings_7537
22474,577,64,7.0,3,0,1975-01-26 00:00:00,constructor_standings_7538
22473,577,34,13.0,2,1,1975-01-26 00:00:00,constructor_standings_7539
22472,577,6,6.0,4,0,1975-01-26 00:00:00,constructor_standings_7540
22471,577,25,2.0,5,0,1975-01-26 00:00:00,constructor_standings_7541
22470,577,67,0.0,7,0,1975-01-26 00:00:00,constructor_standings_7542
22469,577,32,0.0,8,0,1975-01-26 00:00:00,constructor_standings_7543
22468,577,37,0.0,9,0,1975-01-26 00:00:00,constructor_standings_7544
22467,577,26,0.0,10,0,1975-01-26 00:00:00,constructor_standings_7545
22466,577,202,0.0,13,0,1975-01-26 00:00:00,constructor_standings_7546
22496,578,75,0.0,8,0,1975-03-01 00:00:00,constructor_standings_7547
22495,578,66,0.0,16,0,1975-03-01 00:00:00,constructor_standings_7548
22494,578,73,0.0,7,0,1975-03-01 00:00:00,constructor_standings_7549
22493,578,63,0.0,13,0,1975-03-01 00:00:00,constructor_standings_7550
22492,578,3,0.0,14,0,1975-03-01 00:00:00,constructor_standings_7551
22491,578,56,0.0,15,0,1975-03-01 00:00:00,constructor_standings_7552
22490,578,1,16.0,2,1,1975-03-01 00:00:00,constructor_standings_7553
22489,578,64,7.0,5,0,1975-03-01 00:00:00,constructor_standings_7554
22488,578,34,19.0,1,1,1975-03-01 00:00:00,constructor_standings_7555
22487,578,6,8.0,4,0,1975-03-01 00:00:00,constructor_standings_7556
22486,578,25,11.0,3,1,1975-03-01 00:00:00,constructor_standings_7557
22485,578,67,0.0,6,0,1975-03-01 00:00:00,constructor_standings_7558
22484,578,32,0.0,9,0,1975-03-01 00:00:00,constructor_standings_7559
22483,578,37,0.0,11,0,1975-03-01 00:00:00,constructor_standings_7560
22482,578,26,0.0,12,0,1975-03-01 00:00:00,constructor_standings_7561
22481,578,202,0.0,10,0,1975-03-01 00:00:00,constructor_standings_7562
22513,579,57,0.0,17,0,1975-04-27 00:00:00,constructor_standings_7563
22512,579,75,0.0,12,0,1975-04-27 00:00:00,constructor_standings_7564
22511,579,66,0.0,16,0,1975-04-27 00:00:00,constructor_standings_7565
22510,579,73,0.0,11,0,1975-04-27 00:00:00,constructor_standings_7566
22509,579,63,0.0,13,0,1975-04-27 00:00:00,constructor_standings_7567
22508,579,3,0.0,10,0,1975-04-27 00:00:00,constructor_standings_7568
22507,579,56,0.0,15,0,1975-04-27 00:00:00,constructor_standings_7569
22506,579,1,20.5,2,2,1975-04-27 00:00:00,constructor_standings_7570
22505,579,64,7.0,5,0,1975-04-27 00:00:00,constructor_standings_7571
22504,579,34,21.0,1,1,1975-04-27 00:00:00,constructor_standings_7572
22503,579,6,8.0,4,0,1975-04-27 00:00:00,constructor_standings_7573
22502,579,25,11.0,3,1,1975-04-27 00:00:00,constructor_standings_7574
22501,579,67,0.0,9,0,1975-04-27 00:00:00,constructor_standings_7575
22500,579,32,3.0,6,0,1975-04-27 00:00:00,constructor_standings_7576
22499,579,37,1.0,8,0,1975-04-27 00:00:00,constructor_standings_7577
22498,579,26,0.0,14,0,1975-04-27 00:00:00,constructor_standings_7578
22497,579,202,1.5,7,0,1975-04-27 00:00:00,constructor_standings_7579
22530,580,57,0.0,17,0,1975-05-11 00:00:00,constructor_standings_7580
22529,580,75,0.0,12,0,1975-05-11 00:00:00,constructor_standings_7581
22528,580,66,0.0,16,0,1975-05-11 00:00:00,constructor_standings_7582
22527,580,73,0.0,11,0,1975-05-11 00:00:00,constructor_standings_7583
22526,580,63,0.0,13,0,1975-05-11 00:00:00,constructor_standings_7584
22525,580,3,0.0,10,0,1975-05-11 00:00:00,constructor_standings_7585
22524,580,56,0.0,15,0,1975-05-11 00:00:00,constructor_standings_7586
22523,580,1,26.5,1,2,1975-05-11 00:00:00,constructor_standings_7587
22522,580,64,7.0,5,0,1975-05-11 00:00:00,constructor_standings_7588
22521,580,34,25.0,2,1,1975-05-11 00:00:00,constructor_standings_7589
22520,580,6,17.0,3,1,1975-05-11 00:00:00,constructor_standings_7590
22519,580,25,13.0,4,1,1975-05-11 00:00:00,constructor_standings_7591
22518,580,67,0.0,9,0,1975-05-11 00:00:00,constructor_standings_7592
22517,580,32,6.0,6,0,1975-05-11 00:00:00,constructor_standings_7593
22516,580,37,1.0,8,0,1975-05-11 00:00:00,constructor_standings_7594
22515,580,26,0.0,14,0,1975-05-11 00:00:00,constructor_standings_7595
22514,580,202,1.5,7,0,1975-05-11 00:00:00,constructor_standings_7596
22547,581,57,0.0,17,0,1975-05-25 00:00:00,constructor_standings_7597
22546,581,75,0.0,12,0,1975-05-25 00:00:00,constructor_standings_7598
22545,581,66,0.0,14,0,1975-05-25 00:00:00,constructor_standings_7599
22544,581,73,0.0,11,0,1975-05-25 00:00:00,constructor_standings_7600
22543,581,63,0.0,13,0,1975-05-25 00:00:00,constructor_standings_7601
22542,581,3,0.0,10,0,1975-05-25 00:00:00,constructor_standings_7602
22541,581,56,0.0,16,0,1975-05-25 00:00:00,constructor_standings_7603
22540,581,1,26.5,2,2,1975-05-25 00:00:00,constructor_standings_7604
22539,581,64,7.0,5,0,1975-05-25 00:00:00,constructor_standings_7605
22538,581,34,29.0,1,1,1975-05-25 00:00:00,constructor_standings_7606
22537,581,6,26.0,3,2,1975-05-25 00:00:00,constructor_standings_7607
22536,581,25,19.0,4,1,1975-05-25 00:00:00,constructor_standings_7608
22535,581,67,0.0,9,0,1975-05-25 00:00:00,constructor_standings_7609
22534,581,32,6.0,6,0,1975-05-25 00:00:00,constructor_standings_7610
22533,581,37,1.0,8,0,1975-05-25 00:00:00,constructor_standings_7611
22532,581,26,0.0,15,0,1975-05-25 00:00:00,constructor_standings_7612
22531,581,202,2.5,7,0,1975-05-25 00:00:00,constructor_standings_7613
22715,582,57,0.0,17,0,1975-06-08 00:00:00,constructor_standings_7614
22714,582,75,1.0,11,0,1975-06-08 00:00:00,constructor_standings_7615
22713,582,66,0.0,14,0,1975-06-08 00:00:00,constructor_standings_7616
22712,582,73,3.0,7,0,1975-06-08 00:00:00,constructor_standings_7617
22711,582,63,0.0,13,0,1975-06-08 00:00:00,constructor_standings_7618
22710,582,3,0.0,12,0,1975-06-08 00:00:00,constructor_standings_7619
22709,582,56,0.0,16,0,1975-06-08 00:00:00,constructor_standings_7620
22708,582,1,26.5,3,2,1975-06-08 00:00:00,constructor_standings_7621
22706,582,34,33.0,2,1,1975-06-08 00:00:00,constructor_standings_7622
22704,582,25,19.0,4,1,1975-06-08 00:00:00,constructor_standings_7623
22701,582,37,1.0,10,0,1975-06-08 00:00:00,constructor_standings_7624
22700,582,26,0.0,15,0,1975-06-08 00:00:00,constructor_standings_7625
22733,583,74,0.0,18,0,1975-06-22 00:00:00,constructor_standings_7626
22732,583,57,0.0,16,0,1975-06-22 00:00:00,constructor_standings_7627
22731,583,75,1.0,11,0,1975-06-22 00:00:00,constructor_standings_7628
22730,583,66,0.0,14,0,1975-06-22 00:00:00,constructor_standings_7629
22729,583,73,3.0,8,0,1975-06-22 00:00:00,constructor_standings_7630
22728,583,63,0.0,13,0,1975-06-22 00:00:00,constructor_standings_7631
22727,583,3,0.0,12,0,1975-06-22 00:00:00,constructor_standings_7632
22726,583,56,0.0,17,0,1975-06-22 00:00:00,constructor_standings_7633
22725,583,1,26.5,3,2,1975-06-22 00:00:00,constructor_standings_7634
22723,583,34,36.0,2,1,1975-06-22 00:00:00,constructor_standings_7635
22721,583,25,19.0,4,1,1975-06-22 00:00:00,constructor_standings_7636
22719,583,32,6.0,6,0,1975-06-22 00:00:00,constructor_standings_7637
22718,583,37,1.0,10,0,1975-06-22 00:00:00,constructor_standings_7638
22717,583,26,0.0,15,0,1975-06-22 00:00:00,constructor_standings_7639
22751,584,74,0.0,18,0,1975-07-06 00:00:00,constructor_standings_7640
22750,584,57,0.0,16,0,1975-07-06 00:00:00,constructor_standings_7641
22749,584,75,1.0,11,0,1975-07-06 00:00:00,constructor_standings_7642
22748,584,66,0.0,14,0,1975-07-06 00:00:00,constructor_standings_7643
22747,584,73,5.0,7,0,1975-07-06 00:00:00,constructor_standings_7644
22746,584,63,0.0,13,0,1975-07-06 00:00:00,constructor_standings_7645
22745,584,3,0.0,12,0,1975-07-06 00:00:00,constructor_standings_7646
22743,584,1,30.5,3,2,1975-07-06 00:00:00,constructor_standings_7647
22742,584,64,22.0,4,1,1975-07-06 00:00:00,constructor_standings_7648
22739,584,25,20.0,5,1,1975-07-06 00:00:00,constructor_standings_7649
22737,584,32,6.0,6,0,1975-07-06 00:00:00,constructor_standings_7650
22736,584,37,1.0,10,0,1975-07-06 00:00:00,constructor_standings_7651
22735,584,26,0.0,15,0,1975-07-06 00:00:00,constructor_standings_7652
22770,585,74,0.0,19,0,1975-07-19 00:00:00,constructor_standings_7653
22769,585,76,0.0,18,0,1975-07-19 00:00:00,constructor_standings_7654
22768,585,57,0.0,16,0,1975-07-19 00:00:00,constructor_standings_7655
22767,585,75,1.0,11,0,1975-07-19 00:00:00,constructor_standings_7656
22766,585,66,0.0,14,0,1975-07-19 00:00:00,constructor_standings_7657
22765,585,73,5.0,7,0,1975-07-19 00:00:00,constructor_standings_7658
22764,585,63,0.0,13,0,1975-07-19 00:00:00,constructor_standings_7659
22763,585,3,0.0,12,0,1975-07-19 00:00:00,constructor_standings_7660
22761,585,1,39.5,3,3,1975-07-19 00:00:00,constructor_standings_7661
22760,585,64,25.0,4,1,1975-07-19 00:00:00,constructor_standings_7662
22757,585,25,24.0,5,1,1975-07-19 00:00:00,constructor_standings_7663
22756,585,67,2.0,10,0,1975-07-19 00:00:00,constructor_standings_7664
22755,585,32,6.0,6,0,1975-07-19 00:00:00,constructor_standings_7665
22754,585,37,3.0,9,0,1975-07-19 00:00:00,constructor_standings_7666
22753,585,26,0.0,15,0,1975-07-19 00:00:00,constructor_standings_7667
22789,586,74,0.0,19,0,1975-08-03 00:00:00,constructor_standings_7668
22788,586,76,0.0,18,0,1975-08-03 00:00:00,constructor_standings_7669
22787,586,57,1.0,13,0,1975-08-03 00:00:00,constructor_standings_7670
22786,586,75,3.0,11,0,1975-08-03 00:00:00,constructor_standings_7671
22785,586,66,0.0,15,0,1975-08-03 00:00:00,constructor_standings_7672
22784,586,73,5.0,9,0,1975-08-03 00:00:00,constructor_standings_7673
22783,586,63,0.0,14,0,1975-08-03 00:00:00,constructor_standings_7674
22782,586,3,6.0,8,0,1975-08-03 00:00:00,constructor_standings_7675
22780,586,1,39.5,3,3,1975-08-03 00:00:00,constructor_standings_7676
22779,586,64,25.0,4,1,1975-08-03 00:00:00,constructor_standings_7677
22776,586,25,24.0,5,1,1975-08-03 00:00:00,constructor_standings_7678
22775,586,67,2.0,12,0,1975-08-03 00:00:00,constructor_standings_7679
22774,586,32,6.0,7,0,1975-08-03 00:00:00,constructor_standings_7680
22773,586,37,3.0,10,0,1975-08-03 00:00:00,constructor_standings_7681
22772,586,26,0.0,16,0,1975-08-03 00:00:00,constructor_standings_7682
22809,587,74,0.0,20,0,1975-08-17 00:00:00,constructor_standings_7683
22808,587,203,0.0,19,0,1975-08-17 00:00:00,constructor_standings_7684
22807,587,76,0.0,18,0,1975-08-17 00:00:00,constructor_standings_7685
22806,587,57,1.0,13,0,1975-08-17 00:00:00,constructor_standings_7686
22805,587,75,3.0,11,0,1975-08-17 00:00:00,constructor_standings_7687
22804,587,66,0.0,15,0,1975-08-17 00:00:00,constructor_standings_7688
22803,587,73,5.0,10,0,1975-08-17 00:00:00,constructor_standings_7689
22802,587,63,0.0,14,0,1975-08-17 00:00:00,constructor_standings_7690
22801,587,3,6.0,9,0,1975-08-17 00:00:00,constructor_standings_7691
22800,587,56,0.0,17,0,1975-08-17 00:00:00,constructor_standings_7692
22799,587,1,41.0,3,3,1975-08-17 00:00:00,constructor_standings_7693
22798,587,64,28.0,4,1,1975-08-17 00:00:00,constructor_standings_7694
22797,587,34,51.0,2,2,1975-08-17 00:00:00,constructor_standings_7695
22796,587,6,54.5,1,4,1975-08-17 00:00:00,constructor_standings_7696
22795,587,25,24.0,5,1,1975-08-17 00:00:00,constructor_standings_7697
22794,587,67,2.0,12,0,1975-08-17 00:00:00,constructor_standings_7698
22829,588,74,0.0,20,0,1975-09-07 00:00:00,constructor_standings_7699
22828,588,203,0.0,19,0,1975-09-07 00:00:00,constructor_standings_7700
22827,588,76,0.0,18,0,1975-09-07 00:00:00,constructor_standings_7701
22826,588,57,1.0,13,0,1975-09-07 00:00:00,constructor_standings_7702
22825,588,75,3.0,11,0,1975-09-07 00:00:00,constructor_standings_7703
22824,588,66,0.0,15,0,1975-09-07 00:00:00,constructor_standings_7704
22823,588,73,5.0,10,0,1975-09-07 00:00:00,constructor_standings_7705
22822,588,63,0.0,14,0,1975-09-07 00:00:00,constructor_standings_7706
22821,588,3,6.0,9,0,1975-09-07 00:00:00,constructor_standings_7707
22820,588,56,0.0,17,0,1975-09-07 00:00:00,constructor_standings_7708
22819,588,1,47.0,3,3,1975-09-07 00:00:00,constructor_standings_7709
22818,588,64,30.0,4,1,1975-09-07 00:00:00,constructor_standings_7710
22817,588,34,54.0,2,2,1975-09-07 00:00:00,constructor_standings_7711
22816,588,6,63.5,1,5,1975-09-07 00:00:00,constructor_standings_7712
22815,588,25,24.0,5,1,1975-09-07 00:00:00,constructor_standings_7713
22814,588,67,2.0,12,0,1975-09-07 00:00:00,constructor_standings_7714
22849,589,74,0.0,20,0,1975-10-05 00:00:00,constructor_standings_7715
22848,589,203,0.0,19,0,1975-10-05 00:00:00,constructor_standings_7716
22847,589,76,0.0,18,0,1975-10-05 00:00:00,constructor_standings_7717
22846,589,57,1.0,13,0,1975-10-05 00:00:00,constructor_standings_7718
22845,589,75,3.0,11,0,1975-10-05 00:00:00,constructor_standings_7719
22844,589,66,0.0,15,0,1975-10-05 00:00:00,constructor_standings_7720
22843,589,73,5.0,10,0,1975-10-05 00:00:00,constructor_standings_7721
22842,589,63,0.0,14,0,1975-10-05 00:00:00,constructor_standings_7722
22841,589,3,6.0,9,0,1975-10-05 00:00:00,constructor_standings_7723
22840,589,56,0.0,16,0,1975-10-05 00:00:00,constructor_standings_7724
22839,589,1,53.0,3,3,1975-10-05 00:00:00,constructor_standings_7725
22838,589,64,33.0,4,1,1975-10-05 00:00:00,constructor_standings_7726
22837,589,34,54.0,2,2,1975-10-05 00:00:00,constructor_standings_7727
22836,589,6,72.5,1,6,1975-10-05 00:00:00,constructor_standings_7728
22835,589,25,25.0,5,1,1975-10-05 00:00:00,constructor_standings_7729
22834,589,67,2.0,12,0,1975-10-05 00:00:00,constructor_standings_7730
22222,590,58,0.0,11,0,1974-01-13 00:00:00,constructor_standings_7731
22221,590,80,0.0,10,0,1974-01-13 00:00:00,constructor_standings_7732
22220,590,63,0.0,9,0,1974-01-13 00:00:00,constructor_standings_7733
22219,590,32,0.0,8,0,1974-01-13 00:00:00,constructor_standings_7734
22218,590,1,9.0,1,1,1974-01-13 00:00:00,constructor_standings_7735
22217,590,6,6.0,2,0,1974-01-13 00:00:00,constructor_standings_7736
22216,590,66,2.0,3,0,1974-01-13 00:00:00,constructor_standings_7737
22215,590,25,1.0,4,0,1974-01-13 00:00:00,constructor_standings_7738
22214,590,34,0.0,5,0,1974-01-13 00:00:00,constructor_standings_7739
22213,590,37,0.0,6,0,1974-01-13 00:00:00,constructor_standings_7740
22212,590,26,0.0,7,0,1974-01-13 00:00:00,constructor_standings_7741
22233,591,58,0.0,10,0,1974-01-27 00:00:00,constructor_standings_7742
22232,591,80,0.0,11,0,1974-01-27 00:00:00,constructor_standings_7743
22231,591,32,4.0,3,0,1974-01-27 00:00:00,constructor_standings_7744
22230,591,63,3.0,4,0,1974-01-27 00:00:00,constructor_standings_7745
22229,591,1,18.0,1,2,1974-01-27 00:00:00,constructor_standings_7746
22228,591,6,12.0,2,0,1974-01-27 00:00:00,constructor_standings_7747
22227,591,66,2.0,5,0,1974-01-27 00:00:00,constructor_standings_7748
22226,591,25,1.0,6,0,1974-01-27 00:00:00,constructor_standings_7749
22225,591,34,0.0,7,0,1974-01-27 00:00:00,constructor_standings_7750
22224,591,37,0.0,8,0,1974-01-27 00:00:00,constructor_standings_7751
22223,591,26,0.0,9,0,1974-01-27 00:00:00,constructor_standings_7752
22245,592,64,0.0,12,0,1974-03-30 00:00:00,constructor_standings_7753
22244,592,58,0.0,11,0,1974-03-30 00:00:00,constructor_standings_7754
22243,592,80,1.0,9,0,1974-03-30 00:00:00,constructor_standings_7755
22242,592,32,4.0,5,0,1974-03-30 00:00:00,constructor_standings_7756
22241,592,63,3.0,7,0,1974-03-30 00:00:00,constructor_standings_7757
22240,592,1,22.0,1,2,1974-03-30 00:00:00,constructor_standings_7758
22239,592,6,12.0,2,0,1974-03-30 00:00:00,constructor_standings_7759
22238,592,66,8.0,4,0,1974-03-30 00:00:00,constructor_standings_7760
22237,592,25,4.0,6,0,1974-03-30 00:00:00,constructor_standings_7761
22236,592,34,9.0,3,1,1974-03-30 00:00:00,constructor_standings_7762
22235,592,37,2.0,8,0,1974-03-30 00:00:00,constructor_standings_7763
22234,592,26,0.0,10,0,1974-03-30 00:00:00,constructor_standings_7764
22259,593,78,0.0,14,0,1974-04-28 00:00:00,constructor_standings_7765
22258,593,58,0.0,10,0,1974-04-28 00:00:00,constructor_standings_7766
22257,593,64,0.0,11,0,1974-04-28 00:00:00,constructor_standings_7767
22256,593,77,0.0,13,0,1974-04-28 00:00:00,constructor_standings_7768
22255,593,80,1.0,9,0,1974-04-28 00:00:00,constructor_standings_7769
22254,593,32,4.0,7,0,1974-04-28 00:00:00,constructor_standings_7770
22253,593,63,3.0,8,0,1974-04-28 00:00:00,constructor_standings_7771
22252,593,1,26.0,1,2,1974-04-28 00:00:00,constructor_standings_7772
22251,593,6,21.0,2,1,1974-04-28 00:00:00,constructor_standings_7773
22250,593,66,8.0,4,0,1974-04-28 00:00:00,constructor_standings_7774
22249,593,25,6.0,5,0,1974-04-28 00:00:00,constructor_standings_7775
22248,593,34,9.0,3,1,1974-04-28 00:00:00,constructor_standings_7776
22247,593,37,5.0,6,0,1974-04-28 00:00:00,constructor_standings_7777
22246,593,26,0.0,12,0,1974-04-28 00:00:00,constructor_standings_7778
22275,594,79,0.0,15,0,1974-05-12 00:00:00,constructor_standings_7779
22274,594,78,0.0,16,0,1974-05-12 00:00:00,constructor_standings_7780
22273,594,57,0.0,14,0,1974-05-12 00:00:00,constructor_standings_7781
22272,594,58,0.0,10,0,1974-05-12 00:00:00,constructor_standings_7782
22271,594,64,0.0,13,0,1974-05-12 00:00:00,constructor_standings_7783
22270,594,77,0.0,12,0,1974-05-12 00:00:00,constructor_standings_7784
22269,594,80,1.0,9,0,1974-05-12 00:00:00,constructor_standings_7785
22268,594,32,4.0,7,0,1974-05-12 00:00:00,constructor_standings_7786
22267,594,63,3.0,8,0,1974-05-12 00:00:00,constructor_standings_7787
22266,594,1,35.0,1,3,1974-05-12 00:00:00,constructor_standings_7788
22265,594,6,27.0,2,1,1974-05-12 00:00:00,constructor_standings_7789
22264,594,66,10.0,3,0,1974-05-12 00:00:00,constructor_standings_7790
22263,594,25,10.0,4,0,1974-05-12 00:00:00,constructor_standings_7791
22262,594,34,9.0,5,1,1974-05-12 00:00:00,constructor_standings_7792
22261,594,37,5.0,6,0,1974-05-12 00:00:00,constructor_standings_7793
22260,594,26,0.0,11,0,1974-05-12 00:00:00,constructor_standings_7794
22291,595,79,0.0,15,0,1974-05-26 00:00:00,constructor_standings_7795
22290,595,78,0.0,16,0,1974-05-26 00:00:00,constructor_standings_7796
22289,595,57,0.0,14,0,1974-05-26 00:00:00,constructor_standings_7797
22288,595,58,4.0,8,0,1974-05-26 00:00:00,constructor_standings_7798
22287,595,64,0.0,13,0,1974-05-26 00:00:00,constructor_standings_7799
22286,595,77,0.0,12,0,1974-05-26 00:00:00,constructor_standings_7800
22285,595,80,1.0,10,0,1974-05-26 00:00:00,constructor_standings_7801
22284,595,32,13.0,4,1,1974-05-26 00:00:00,constructor_standings_7802
22283,595,63,3.0,9,0,1974-05-26 00:00:00,constructor_standings_7803
22282,595,1,37.0,1,3,1974-05-26 00:00:00,constructor_standings_7804
22281,595,6,30.0,2,1,1974-05-26 00:00:00,constructor_standings_7805
22280,595,66,10.0,6,0,1974-05-26 00:00:00,constructor_standings_7806
22279,595,25,16.0,3,0,1974-05-26 00:00:00,constructor_standings_7807
22278,595,34,10.0,5,1,1974-05-26 00:00:00,constructor_standings_7808
22277,595,37,5.0,7,0,1974-05-26 00:00:00,constructor_standings_7809
22276,595,26,0.0,11,0,1974-05-26 00:00:00,constructor_standings_7810
22307,596,79,0.0,15,0,1974-06-09 00:00:00,constructor_standings_7811
22306,596,78,0.0,16,0,1974-06-09 00:00:00,constructor_standings_7812
22305,596,57,0.0,14,0,1974-06-09 00:00:00,constructor_standings_7813
22304,596,58,6.0,7,0,1974-06-09 00:00:00,constructor_standings_7814
22303,596,64,4.0,9,0,1974-06-09 00:00:00,constructor_standings_7815
22302,596,77,0.0,13,0,1974-06-09 00:00:00,constructor_standings_7816
22301,596,80,1.0,12,0,1974-06-09 00:00:00,constructor_standings_7817
22300,596,32,13.0,4,1,1974-06-09 00:00:00,constructor_standings_7818
22299,596,63,3.0,10,0,1974-06-09 00:00:00,constructor_standings_7819
22298,596,1,40.0,1,3,1974-06-09 00:00:00,constructor_standings_7820
22297,596,6,30.0,2,1,1974-06-09 00:00:00,constructor_standings_7821
22296,596,66,10.0,6,0,1974-06-09 00:00:00,constructor_standings_7822
22295,596,25,25.0,3,1,1974-06-09 00:00:00,constructor_standings_7823
22294,596,34,10.0,5,1,1974-06-09 00:00:00,constructor_standings_7824
22293,596,37,5.0,8,0,1974-06-09 00:00:00,constructor_standings_7825
22292,596,26,1.0,11,0,1974-06-09 00:00:00,constructor_standings_7826
22323,597,79,0.0,15,0,1974-06-23 00:00:00,constructor_standings_7827
22322,597,78,0.0,16,0,1974-06-23 00:00:00,constructor_standings_7828
22321,597,57,0.0,14,0,1974-06-23 00:00:00,constructor_standings_7829
22320,597,58,6.0,7,0,1974-06-23 00:00:00,constructor_standings_7830
22319,597,64,4.0,9,0,1974-06-23 00:00:00,constructor_standings_7831
22318,597,77,0.0,13,0,1974-06-23 00:00:00,constructor_standings_7832
22317,597,80,1.0,12,0,1974-06-23 00:00:00,constructor_standings_7833
22316,597,32,13.0,4,1,1974-06-23 00:00:00,constructor_standings_7834
22315,597,63,3.0,10,0,1974-06-23 00:00:00,constructor_standings_7835
22314,597,1,42.0,1,3,1974-06-23 00:00:00,constructor_standings_7836
22313,597,6,39.0,2,2,1974-06-23 00:00:00,constructor_standings_7837
22312,597,66,10.0,6,0,1974-06-23 00:00:00,constructor_standings_7838
22311,597,25,27.0,3,1,1974-06-23 00:00:00,constructor_standings_7839
22310,597,34,10.0,5,1,1974-06-23 00:00:00,constructor_standings_7840
22309,597,37,5.0,8,0,1974-06-23 00:00:00,constructor_standings_7841
22308,597,26,1.0,11,0,1974-06-23 00:00:00,constructor_standings_7842
22339,598,79,0.0,15,0,1974-07-07 00:00:00,constructor_standings_7843
22338,598,78,0.0,16,0,1974-07-07 00:00:00,constructor_standings_7844
22337,598,57,0.0,14,0,1974-07-07 00:00:00,constructor_standings_7845
22336,598,58,6.0,7,0,1974-07-07 00:00:00,constructor_standings_7846
22335,598,64,4.0,9,0,1974-07-07 00:00:00,constructor_standings_7847
22334,598,77,0.0,13,0,1974-07-07 00:00:00,constructor_standings_7848
22333,598,80,1.0,12,0,1974-07-07 00:00:00,constructor_standings_7849
22332,598,32,22.0,4,2,1974-07-07 00:00:00,constructor_standings_7850
22331,598,63,3.0,10,0,1974-07-07 00:00:00,constructor_standings_7851
22330,598,1,43.0,2,3,1974-07-07 00:00:00,constructor_standings_7852
22329,598,6,45.0,1,2,1974-07-07 00:00:00,constructor_standings_7853
22328,598,66,10.0,6,0,1974-07-07 00:00:00,constructor_standings_7854
22327,598,25,30.0,3,1,1974-07-07 00:00:00,constructor_standings_7855
22326,598,34,10.0,5,1,1974-07-07 00:00:00,constructor_standings_7856
22325,598,37,5.0,8,0,1974-07-07 00:00:00,constructor_standings_7857
22324,598,26,1.0,11,0,1974-07-07 00:00:00,constructor_standings_7858
22357,599,74,0.0,18,0,1974-07-20 00:00:00,constructor_standings_7859
22356,599,76,0.0,17,0,1974-07-20 00:00:00,constructor_standings_7860
22355,599,79,0.0,15,0,1974-07-20 00:00:00,constructor_standings_7861
22354,599,78,0.0,16,0,1974-07-20 00:00:00,constructor_standings_7862
22353,599,57,0.0,14,0,1974-07-20 00:00:00,constructor_standings_7863
22352,599,58,6.0,7,0,1974-07-20 00:00:00,constructor_standings_7864
22351,599,64,4.0,9,0,1974-07-20 00:00:00,constructor_standings_7865
22350,599,77,0.0,13,0,1974-07-20 00:00:00,constructor_standings_7866
22349,599,80,1.0,12,0,1974-07-20 00:00:00,constructor_standings_7867
22348,599,32,26.0,4,2,1974-07-20 00:00:00,constructor_standings_7868
22347,599,63,3.0,10,0,1974-07-20 00:00:00,constructor_standings_7869
22346,599,1,49.0,1,3,1974-07-20 00:00:00,constructor_standings_7870
22345,599,6,48.0,2,2,1974-07-20 00:00:00,constructor_standings_7871
22344,599,66,10.0,6,0,1974-07-20 00:00:00,constructor_standings_7872
22343,599,25,39.0,3,2,1974-07-20 00:00:00,constructor_standings_7873
22342,599,34,11.0,5,1,1974-07-20 00:00:00,constructor_standings_7874
22341,599,37,5.0,8,0,1974-07-20 00:00:00,constructor_standings_7875
22340,599,26,1.0,11,0,1974-07-20 00:00:00,constructor_standings_7876
22375,600,74,0.0,18,0,1974-08-04 00:00:00,constructor_standings_7877
22374,600,76,0.0,17,0,1974-08-04 00:00:00,constructor_standings_7878
22373,600,78,0.0,16,0,1974-08-04 00:00:00,constructor_standings_7879
22372,600,79,0.0,14,0,1974-08-04 00:00:00,constructor_standings_7880
22371,600,57,0.0,15,0,1974-08-04 00:00:00,constructor_standings_7881
22370,600,58,7.0,7,0,1974-08-04 00:00:00,constructor_standings_7882
22369,600,64,4.0,9,0,1974-08-04 00:00:00,constructor_standings_7883
22368,600,77,0.0,13,0,1974-08-04 00:00:00,constructor_standings_7884
22367,600,80,1.0,12,0,1974-08-04 00:00:00,constructor_standings_7885
22366,600,32,29.0,4,2,1974-08-04 00:00:00,constructor_standings_7886
22365,600,63,3.0,10,0,1974-08-04 00:00:00,constructor_standings_7887
22364,600,1,49.0,2,3,1974-08-04 00:00:00,constructor_standings_7888
22363,600,6,57.0,1,3,1974-08-04 00:00:00,constructor_standings_7889
22362,600,66,10.0,6,0,1974-08-04 00:00:00,constructor_standings_7890
22361,600,25,45.0,3,2,1974-08-04 00:00:00,constructor_standings_7891
22360,600,34,15.0,5,1,1974-08-04 00:00:00,constructor_standings_7892
22359,600,37,5.0,8,0,1974-08-04 00:00:00,constructor_standings_7893
22358,600,26,1.0,11,0,1974-08-04 00:00:00,constructor_standings_7894
22393,601,74,0.0,18,0,1974-08-18 00:00:00,constructor_standings_7895
22392,601,76,0.0,17,0,1974-08-18 00:00:00,constructor_standings_7896
22391,601,78,0.0,16,0,1974-08-18 00:00:00,constructor_standings_7897
22390,601,79,0.0,14,0,1974-08-18 00:00:00,constructor_standings_7898
22389,601,57,0.0,15,0,1974-08-18 00:00:00,constructor_standings_7899
22388,601,58,7.0,8,0,1974-08-18 00:00:00,constructor_standings_7900
22387,601,64,8.0,7,0,1974-08-18 00:00:00,constructor_standings_7901
22386,601,77,0.0,13,0,1974-08-18 00:00:00,constructor_standings_7902
22385,601,80,1.0,12,0,1974-08-18 00:00:00,constructor_standings_7903
22384,601,32,29.0,4,2,1974-08-18 00:00:00,constructor_standings_7904
22383,601,63,3.0,10,0,1974-08-18 00:00:00,constructor_standings_7905
22382,601,1,55.0,2,3,1974-08-18 00:00:00,constructor_standings_7906
22381,601,6,59.0,1,3,1974-08-18 00:00:00,constructor_standings_7907
22380,601,66,10.0,6,0,1974-08-18 00:00:00,constructor_standings_7908
22379,601,25,45.0,3,2,1974-08-18 00:00:00,constructor_standings_7909
22378,601,34,24.0,5,2,1974-08-18 00:00:00,constructor_standings_7910
22377,601,37,6.0,9,0,1974-08-18 00:00:00,constructor_standings_7911
22376,601,26,1.0,11,0,1974-08-18 00:00:00,constructor_standings_7912
22411,602,74,0.0,18,0,1974-09-08 00:00:00,constructor_standings_7913
22410,602,76,0.0,17,0,1974-09-08 00:00:00,constructor_standings_7914
22409,602,78,0.0,16,0,1974-09-08 00:00:00,constructor_standings_7915
22408,602,79,0.0,14,0,1974-09-08 00:00:00,constructor_standings_7916
22407,602,57,0.0,15,0,1974-09-08 00:00:00,constructor_standings_7917
22406,602,58,7.0,8,0,1974-09-08 00:00:00,constructor_standings_7918
22405,602,64,8.0,7,0,1974-09-08 00:00:00,constructor_standings_7919
22404,602,77,0.0,13,0,1974-09-08 00:00:00,constructor_standings_7920
22403,602,80,4.0,10,0,1974-09-08 00:00:00,constructor_standings_7921
22402,602,32,38.0,4,3,1974-09-08 00:00:00,constructor_standings_7922
22401,602,63,3.0,11,0,1974-09-08 00:00:00,constructor_standings_7923
22400,602,1,61.0,1,3,1974-09-08 00:00:00,constructor_standings_7924
22399,602,6,59.0,2,3,1974-09-08 00:00:00,constructor_standings_7925
22398,602,66,10.0,6,0,1974-09-08 00:00:00,constructor_standings_7926
22397,602,25,49.0,3,2,1974-09-08 00:00:00,constructor_standings_7927
22396,602,34,26.0,5,2,1974-09-08 00:00:00,constructor_standings_7928
22395,602,37,6.0,9,0,1974-09-08 00:00:00,constructor_standings_7929
22394,602,26,1.0,12,0,1974-09-08 00:00:00,constructor_standings_7930
22431,603,74,0.0,20,0,1974-09-22 00:00:00,constructor_standings_7931
22430,603,76,0.0,19,0,1974-09-22 00:00:00,constructor_standings_7932
22429,603,78,0.0,18,0,1974-09-22 00:00:00,constructor_standings_7933
22428,603,73,0.0,13,0,1974-09-22 00:00:00,constructor_standings_7934
22427,603,67,0.0,15,0,1974-09-22 00:00:00,constructor_standings_7935
22426,603,79,0.0,16,0,1974-09-22 00:00:00,constructor_standings_7936
22425,603,57,0.0,17,0,1974-09-22 00:00:00,constructor_standings_7937
22424,603,58,7.0,8,0,1974-09-22 00:00:00,constructor_standings_7938
22423,603,64,11.0,6,0,1974-09-22 00:00:00,constructor_standings_7939
22422,603,77,0.0,14,0,1974-09-22 00:00:00,constructor_standings_7940
22421,603,80,4.0,10,0,1974-09-22 00:00:00,constructor_standings_7941
22420,603,32,42.0,4,3,1974-09-22 00:00:00,constructor_standings_7942
22419,603,63,3.0,11,0,1974-09-22 00:00:00,constructor_standings_7943
22418,603,1,70.0,1,4,1974-09-22 00:00:00,constructor_standings_7944
22417,603,6,65.0,2,3,1974-09-22 00:00:00,constructor_standings_7945
22416,603,66,10.0,7,0,1974-09-22 00:00:00,constructor_standings_7946
22415,603,25,51.0,3,2,1974-09-22 00:00:00,constructor_standings_7947
22414,603,34,26.0,5,2,1974-09-22 00:00:00,constructor_standings_7948
22413,603,37,6.0,9,0,1974-09-22 00:00:00,constructor_standings_7949
22412,603,26,1.0,12,0,1974-09-22 00:00:00,constructor_standings_7950
22451,604,74,0.0,20,0,1974-10-06 00:00:00,constructor_standings_7951
22450,604,76,0.0,19,0,1974-10-06 00:00:00,constructor_standings_7952
22449,604,78,0.0,18,0,1974-10-06 00:00:00,constructor_standings_7953
22448,604,73,0.0,13,0,1974-10-06 00:00:00,constructor_standings_7954
22447,604,67,0.0,15,0,1974-10-06 00:00:00,constructor_standings_7955
22446,604,79,0.0,16,0,1974-10-06 00:00:00,constructor_standings_7956
22445,604,57,0.0,17,0,1974-10-06 00:00:00,constructor_standings_7957
22444,604,58,7.0,8,0,1974-10-06 00:00:00,constructor_standings_7958
22443,604,64,15.0,6,0,1974-10-06 00:00:00,constructor_standings_7959
22442,604,77,0.0,14,0,1974-10-06 00:00:00,constructor_standings_7960
22441,604,80,4.0,10,0,1974-10-06 00:00:00,constructor_standings_7961
22440,604,32,42.0,4,3,1974-10-06 00:00:00,constructor_standings_7962
22439,604,63,3.0,11,0,1974-10-06 00:00:00,constructor_standings_7963
22438,604,1,73.0,1,4,1974-10-06 00:00:00,constructor_standings_7964
22437,604,6,65.0,2,3,1974-10-06 00:00:00,constructor_standings_7965
22436,604,66,10.0,7,0,1974-10-06 00:00:00,constructor_standings_7966
22435,604,25,52.0,3,2,1974-10-06 00:00:00,constructor_standings_7967
22434,604,34,35.0,5,3,1974-10-06 00:00:00,constructor_standings_7968
22433,604,37,6.0,9,0,1974-10-06 00:00:00,constructor_standings_7969
22432,604,26,1.0,12,0,1974-10-06 00:00:00,constructor_standings_7970
22038,605,63,0.0,9,0,1973-01-28 00:00:00,constructor_standings_7971
22037,605,32,9.0,1,1,1973-01-28 00:00:00,constructor_standings_7972
22036,605,25,6.0,2,0,1973-01-28 00:00:00,constructor_standings_7973
22035,605,6,3.0,3,0,1973-01-28 00:00:00,constructor_standings_7974
22034,605,1,2.0,4,0,1973-01-28 00:00:00,constructor_standings_7975
22031,605,37,0.0,7,0,1973-01-28 00:00:00,constructor_standings_7976
22030,605,80,0.0,8,0,1973-01-28 00:00:00,constructor_standings_7977
21883,606,63,0.0,9,0,1973-02-11 00:00:00,constructor_standings_7978
21882,606,80,0.0,7,0,1973-02-11 00:00:00,constructor_standings_7979
21881,606,32,18.0,1,2,1973-02-11 00:00:00,constructor_standings_7980
21880,606,25,12.0,2,0,1973-02-11 00:00:00,constructor_standings_7981
21879,606,6,6.0,4,0,1973-02-11 00:00:00,constructor_standings_7982
21878,606,1,6.0,3,0,1973-02-11 00:00:00,constructor_standings_7983
21877,606,34,1.0,6,0,1973-02-11 00:00:00,constructor_standings_7984
21876,606,66,1.0,5,0,1973-02-11 00:00:00,constructor_standings_7985
21875,606,37,0.0,8,0,1973-02-11 00:00:00,constructor_standings_7986
22048,607,58,1.0,7,0,1973-03-03 00:00:00,constructor_standings_7987
22047,607,63,0.0,9,0,1973-03-03 00:00:00,constructor_standings_7988
22046,607,32,22.0,1,2,1973-03-03 00:00:00,constructor_standings_7989
22045,607,25,21.0,2,1,1973-03-03 00:00:00,constructor_standings_7990
22043,607,1,12.0,3,0,1973-03-03 00:00:00,constructor_standings_7991
22039,607,80,0.0,8,0,1973-03-03 00:00:00,constructor_standings_7992
22058,608,58,5.0,5,0,1973-04-29 00:00:00,constructor_standings_7993
22057,608,63,0.0,10,0,1973-04-29 00:00:00,constructor_standings_7994
22056,608,32,31.0,1,3,1973-04-29 00:00:00,constructor_standings_7995
22055,608,25,27.0,2,1,1973-04-29 00:00:00,constructor_standings_7996
22054,608,6,9.0,4,0,1973-04-29 00:00:00,constructor_standings_7997
22053,608,1,15.0,3,0,1973-04-29 00:00:00,constructor_standings_7998
22052,608,34,1.0,7,0,1973-04-29 00:00:00,constructor_standings_7999
22051,608,66,3.0,6,0,1973-04-29 00:00:00,constructor_standings_8000
22050,608,37,0.0,8,0,1973-04-29 00:00:00,constructor_standings_8001
22049,608,80,0.0,9,0,1973-04-29 00:00:00,constructor_standings_8002
22069,609,81,1.0,8,0,1973-05-20 00:00:00,constructor_standings_8003
22068,609,58,5.0,5,0,1973-05-20 00:00:00,constructor_standings_8004
22067,609,63,0.0,11,0,1973-05-20 00:00:00,constructor_standings_8005
22066,609,32,35.0,2,3,1973-05-20 00:00:00,constructor_standings_8006
22065,609,25,36.0,1,2,1973-05-20 00:00:00,constructor_standings_8007
22064,609,6,9.0,4,0,1973-05-20 00:00:00,constructor_standings_8008
22063,609,1,15.0,3,0,1973-05-20 00:00:00,constructor_standings_8009
22062,609,34,4.0,7,0,1973-05-20 00:00:00,constructor_standings_8010
22061,609,66,5.0,6,0,1973-05-20 00:00:00,constructor_standings_8011
22060,609,37,0.0,9,0,1973-05-20 00:00:00,constructor_standings_8012
22059,609,80,0.0,10,0,1973-05-20 00:00:00,constructor_standings_8013
22080,610,81,1.0,8,0,1973-06-03 00:00:00,constructor_standings_8014
22079,610,58,5.0,5,0,1973-06-03 00:00:00,constructor_standings_8015
22078,610,63,0.0,11,0,1973-06-03 00:00:00,constructor_standings_8016
22077,610,32,37.0,2,3,1973-06-03 00:00:00,constructor_standings_8017
22076,610,25,39.0,1,3,1973-06-03 00:00:00,constructor_standings_8018
22075,610,6,9.0,4,0,1973-06-03 00:00:00,constructor_standings_8019
22074,610,1,17.0,3,0,1973-06-03 00:00:00,constructor_standings_8020
22073,610,34,4.0,7,0,1973-06-03 00:00:00,constructor_standings_8021
22072,610,66,5.0,6,0,1973-06-03 00:00:00,constructor_standings_8022
22071,610,37,0.0,9,0,1973-06-03 00:00:00,constructor_standings_8023
22070,610,80,0.0,10,0,1973-06-03 00:00:00,constructor_standings_8024
22091,611,81,1.0,8,0,1973-06-17 00:00:00,constructor_standings_8025
22090,611,58,5.0,6,0,1973-06-17 00:00:00,constructor_standings_8026
22089,611,63,0.0,11,0,1973-06-17 00:00:00,constructor_standings_8027
22088,611,32,43.0,2,3,1973-06-17 00:00:00,constructor_standings_8028
22087,611,25,43.0,1,3,1973-06-17 00:00:00,constructor_standings_8029
22086,611,6,10.0,4,0,1973-06-17 00:00:00,constructor_standings_8030
22085,611,1,26.0,3,1,1973-06-17 00:00:00,constructor_standings_8031
22084,611,34,7.0,5,0,1973-06-17 00:00:00,constructor_standings_8032
22083,611,66,5.0,7,0,1973-06-17 00:00:00,constructor_standings_8033
22082,611,37,0.0,9,0,1973-06-17 00:00:00,constructor_standings_8034
22081,611,80,0.0,10,0,1973-06-17 00:00:00,constructor_standings_8035
22127,612,57,0.0,12,0,1973-07-01 00:00:00,constructor_standings_8036
22126,612,81,1.0,9,0,1973-07-01 00:00:00,constructor_standings_8037
22125,612,58,5.0,6,0,1973-07-01 00:00:00,constructor_standings_8038
22124,612,63,0.0,11,0,1973-07-01 00:00:00,constructor_standings_8039
22123,612,32,52.0,1,4,1973-07-01 00:00:00,constructor_standings_8040
22122,612,25,51.0,2,3,1973-07-01 00:00:00,constructor_standings_8041
22121,612,6,12.0,4,0,1973-07-01 00:00:00,constructor_standings_8042
22118,612,66,5.0,7,0,1973-07-01 00:00:00,constructor_standings_8043
22117,612,37,1.0,8,0,1973-07-01 00:00:00,constructor_standings_8044
22116,612,80,0.0,10,0,1973-07-01 00:00:00,constructor_standings_8045
22139,613,57,0.0,12,0,1973-07-14 00:00:00,constructor_standings_8046
22138,613,81,1.0,9,0,1973-07-14 00:00:00,constructor_standings_8047
22137,613,58,5.0,6,0,1973-07-14 00:00:00,constructor_standings_8048
22136,613,63,0.0,11,0,1973-07-14 00:00:00,constructor_standings_8049
22135,613,32,58.0,1,4,1973-07-14 00:00:00,constructor_standings_8050
22134,613,25,53.0,2,3,1973-07-14 00:00:00,constructor_standings_8051
22130,613,66,5.0,7,0,1973-07-14 00:00:00,constructor_standings_8052
22129,613,37,4.0,8,0,1973-07-14 00:00:00,constructor_standings_8053
22128,613,80,0.0,10,0,1973-07-14 00:00:00,constructor_standings_8054
22151,614,57,0.0,12,0,1973-07-29 00:00:00,constructor_standings_8055
22150,614,81,1.0,10,0,1973-07-29 00:00:00,constructor_standings_8056
22149,614,58,5.0,8,0,1973-07-29 00:00:00,constructor_standings_8057
22148,614,63,0.0,11,0,1973-07-29 00:00:00,constructor_standings_8058
22147,614,32,58.0,2,4,1973-07-29 00:00:00,constructor_standings_8059
22146,614,25,62.0,1,4,1973-07-29 00:00:00,constructor_standings_8060
22145,614,6,12.0,5,0,1973-07-29 00:00:00,constructor_standings_8061
22144,614,1,38.0,3,2,1973-07-29 00:00:00,constructor_standings_8062
22143,614,34,12.0,4,0,1973-07-29 00:00:00,constructor_standings_8063
22142,614,66,7.0,7,0,1973-07-29 00:00:00,constructor_standings_8064
22141,614,37,8.0,6,0,1973-07-29 00:00:00,constructor_standings_8065
22140,614,80,1.0,9,0,1973-07-29 00:00:00,constructor_standings_8066
22163,615,57,0.0,12,0,1973-08-05 00:00:00,constructor_standings_8067
22162,615,81,1.0,11,0,1973-08-05 00:00:00,constructor_standings_8068
22161,615,58,5.0,8,0,1973-08-05 00:00:00,constructor_standings_8069
22160,615,63,3.0,9,0,1973-08-05 00:00:00,constructor_standings_8070
22159,615,32,59.0,2,4,1973-08-05 00:00:00,constructor_standings_8071
22158,615,25,71.0,1,5,1973-08-05 00:00:00,constructor_standings_8072
22157,615,6,12.0,5,0,1973-08-05 00:00:00,constructor_standings_8073
22156,615,1,42.0,3,2,1973-08-05 00:00:00,constructor_standings_8074
22155,615,34,14.0,4,0,1973-08-05 00:00:00,constructor_standings_8075
22154,615,66,7.0,7,0,1973-08-05 00:00:00,constructor_standings_8076
22153,615,37,8.0,6,0,1973-08-05 00:00:00,constructor_standings_8077
22152,615,80,1.0,10,0,1973-08-05 00:00:00,constructor_standings_8078
22175,616,57,0.0,12,0,1973-08-19 00:00:00,constructor_standings_8079
22174,616,81,1.0,11,0,1973-08-19 00:00:00,constructor_standings_8080
22173,616,58,5.0,9,0,1973-08-19 00:00:00,constructor_standings_8081
22172,616,63,7.0,8,0,1973-08-19 00:00:00,constructor_standings_8082
22171,616,32,68.0,2,5,1973-08-19 00:00:00,constructor_standings_8083
22170,616,25,77.0,1,5,1973-08-19 00:00:00,constructor_standings_8084
22169,616,6,12.0,5,0,1973-08-19 00:00:00,constructor_standings_8085
22168,616,1,42.0,3,2,1973-08-19 00:00:00,constructor_standings_8086
22167,616,34,17.0,4,0,1973-08-19 00:00:00,constructor_standings_8087
22166,616,66,9.0,6,0,1973-08-19 00:00:00,constructor_standings_8088
22165,616,37,8.0,7,0,1973-08-19 00:00:00,constructor_standings_8089
22164,616,80,1.0,10,0,1973-08-19 00:00:00,constructor_standings_8090
22187,617,57,0.0,12,0,1973-09-09 00:00:00,constructor_standings_8091
22186,617,81,1.0,11,0,1973-09-09 00:00:00,constructor_standings_8092
22185,617,58,5.0,9,0,1973-09-09 00:00:00,constructor_standings_8093
22184,617,63,7.0,8,0,1973-09-09 00:00:00,constructor_standings_8094
22183,617,32,77.0,2,6,1973-09-09 00:00:00,constructor_standings_8095
22182,617,25,80.0,1,5,1973-09-09 00:00:00,constructor_standings_8096
22181,617,6,12.0,5,0,1973-09-09 00:00:00,constructor_standings_8097
22180,617,1,46.0,3,2,1973-09-09 00:00:00,constructor_standings_8098
22179,617,34,18.0,4,0,1973-09-09 00:00:00,constructor_standings_8099
22178,617,66,9.0,6,0,1973-09-09 00:00:00,constructor_standings_8100
22177,617,37,8.0,7,0,1973-09-09 00:00:00,constructor_standings_8101
22176,617,80,1.0,10,0,1973-09-09 00:00:00,constructor_standings_8102
22199,618,57,0.0,12,0,1973-09-23 00:00:00,constructor_standings_8103
22198,618,81,1.0,11,0,1973-09-23 00:00:00,constructor_standings_8104
22197,618,58,9.0,7,0,1973-09-23 00:00:00,constructor_standings_8105
22196,618,63,7.0,9,0,1973-09-23 00:00:00,constructor_standings_8106
22195,618,32,83.0,1,6,1973-09-23 00:00:00,constructor_standings_8107
22194,618,25,82.0,2,5,1973-09-23 00:00:00,constructor_standings_8108
22193,618,6,12.0,5,0,1973-09-23 00:00:00,constructor_standings_8109
22192,618,1,55.0,3,3,1973-09-23 00:00:00,constructor_standings_8110
22191,618,34,18.0,4,0,1973-09-23 00:00:00,constructor_standings_8111
22190,618,66,12.0,6,0,1973-09-23 00:00:00,constructor_standings_8112
22189,618,37,8.0,8,0,1973-09-23 00:00:00,constructor_standings_8113
22188,618,80,2.0,10,0,1973-09-23 00:00:00,constructor_standings_8114
22211,619,57,0.0,12,0,1973-10-07 00:00:00,constructor_standings_8115
22210,619,81,1.0,11,0,1973-10-07 00:00:00,constructor_standings_8116
22209,619,58,9.0,8,0,1973-10-07 00:00:00,constructor_standings_8117
22208,619,63,7.0,9,0,1973-10-07 00:00:00,constructor_standings_8118
22207,619,32,92.0,1,7,1973-10-07 00:00:00,constructor_standings_8119
22206,619,25,82.0,2,5,1973-10-07 00:00:00,constructor_standings_8120
22205,619,6,12.0,6,0,1973-10-07 00:00:00,constructor_standings_8121
22204,619,1,58.0,3,3,1973-10-07 00:00:00,constructor_standings_8122
22203,619,34,22.0,4,0,1973-10-07 00:00:00,constructor_standings_8123
22202,619,66,12.0,7,0,1973-10-07 00:00:00,constructor_standings_8124
22201,619,37,14.0,5,0,1973-10-07 00:00:00,constructor_standings_8125
22200,619,80,2.0,10,0,1973-10-07 00:00:00,constructor_standings_8126
21900,620,1,6.0,2,0,1972-01-23 00:00:00,constructor_standings_8127
21901,620,25,9.0,1,1,1972-01-23 00:00:00,constructor_standings_8128
21902,620,82,0.0,9,0,1972-01-23 00:00:00,constructor_standings_8129
21899,620,6,4.0,3,0,1972-01-23 00:00:00,constructor_standings_8130
21897,620,37,1.0,5,0,1972-01-23 00:00:00,constructor_standings_8131
21896,620,34,0.0,6,0,1972-01-23 00:00:00,constructor_standings_8132
21903,621,32,6.0,4,0,1972-03-04 00:00:00,constructor_standings_8133
21911,621,25,9.0,2,1,1972-03-04 00:00:00,constructor_standings_8134
21910,621,82,0.0,9,0,1972-03-04 00:00:00,constructor_standings_8135
21908,621,6,7.0,3,0,1972-03-04 00:00:00,constructor_standings_8136
21907,621,63,2.0,6,0,1972-03-04 00:00:00,constructor_standings_8137
21915,622,37,4.0,6,0,1972-05-01 00:00:00,constructor_standings_8138
21920,622,25,9.0,4,1,1972-05-01 00:00:00,constructor_standings_8139
21919,622,82,0.0,9,0,1972-05-01 00:00:00,constructor_standings_8140
21917,622,6,13.0,3,0,1972-05-01 00:00:00,constructor_standings_8141
21916,622,63,5.0,5,0,1972-05-01 00:00:00,constructor_standings_8142
21929,623,25,12.0,4,1,1972-05-14 00:00:00,constructor_standings_8143
21928,623,82,1.0,9,0,1972-05-14 00:00:00,constructor_standings_8144
21926,623,6,19.0,3,0,1972-05-14 00:00:00,constructor_standings_8145
21925,623,63,5.0,6,0,1972-05-14 00:00:00,constructor_standings_8146
21924,623,37,4.0,7,0,1972-05-14 00:00:00,constructor_standings_8147
21923,623,34,1.0,8,0,1972-05-14 00:00:00,constructor_standings_8148
21922,623,66,9.0,5,1,1972-05-14 00:00:00,constructor_standings_8149
21942,624,34,1.0,9,0,1972-06-04 00:00:00,constructor_standings_8150
21943,624,37,6.0,7,0,1972-06-04 00:00:00,constructor_standings_8151
21944,624,63,8.0,6,0,1972-06-04 00:00:00,constructor_standings_8152
21945,624,6,19.0,3,0,1972-06-04 00:00:00,constructor_standings_8153
21949,624,81,0.0,10,0,1972-06-04 00:00:00,constructor_standings_8154
21948,624,25,18.0,4,1,1972-06-04 00:00:00,constructor_standings_8155
21947,624,82,2.0,8,0,1972-06-04 00:00:00,constructor_standings_8156
21959,625,81,0.0,10,0,1972-07-02 00:00:00,constructor_standings_8157
21958,625,25,27.0,2,2,1972-07-02 00:00:00,constructor_standings_8158
21957,625,82,6.0,8,0,1972-07-02 00:00:00,constructor_standings_8159
21956,625,1,23.0,3,1,1972-07-02 00:00:00,constructor_standings_8160
21955,625,6,19.0,4,0,1972-07-02 00:00:00,constructor_standings_8161
21954,625,63,9.0,6,0,1972-07-02 00:00:00,constructor_standings_8162
21953,625,37,8.0,7,0,1972-07-02 00:00:00,constructor_standings_8163
21952,625,34,1.0,9,0,1972-07-02 00:00:00,constructor_standings_8164
21951,625,66,9.0,5,1,1972-07-02 00:00:00,constructor_standings_8165
21950,625,32,34.0,1,2,1972-07-02 00:00:00,constructor_standings_8166
21970,626,83,0.0,11,0,1972-07-15 00:00:00,constructor_standings_8167
21969,626,81,0.0,10,0,1972-07-15 00:00:00,constructor_standings_8168
21968,626,25,33.0,2,2,1972-07-15 00:00:00,constructor_standings_8169
21967,626,82,9.0,6,0,1972-07-15 00:00:00,constructor_standings_8170
21966,626,1,27.0,3,1,1972-07-15 00:00:00,constructor_standings_8171
21965,626,6,20.0,4,0,1972-07-15 00:00:00,constructor_standings_8172
21964,626,63,9.0,7,0,1972-07-15 00:00:00,constructor_standings_8173
21963,626,37,8.0,8,0,1972-07-15 00:00:00,constructor_standings_8174
21962,626,34,1.0,9,0,1972-07-15 00:00:00,constructor_standings_8175
21961,626,66,9.0,5,1,1972-07-15 00:00:00,constructor_standings_8176
21960,626,32,43.0,1,3,1972-07-15 00:00:00,constructor_standings_8177
21981,627,83,0.0,11,0,1972-07-30 00:00:00,constructor_standings_8178
21980,627,81,0.0,10,0,1972-07-30 00:00:00,constructor_standings_8179
21979,627,25,33.0,2,2,1972-07-30 00:00:00,constructor_standings_8180
21978,627,82,9.0,7,0,1972-07-30 00:00:00,constructor_standings_8181
21977,627,1,29.0,4,1,1972-07-30 00:00:00,constructor_standings_8182
21976,627,6,29.0,3,1,1972-07-30 00:00:00,constructor_standings_8183
21975,627,63,9.0,8,0,1972-07-30 00:00:00,constructor_standings_8184
21974,627,37,12.0,6,0,1972-07-30 00:00:00,constructor_standings_8185
21973,627,34,2.0,9,0,1972-07-30 00:00:00,constructor_standings_8186
21972,627,66,12.0,5,1,1972-07-30 00:00:00,constructor_standings_8187
21971,627,32,43.0,1,3,1972-07-30 00:00:00,constructor_standings_8188
21993,628,84,0.0,11,0,1972-08-13 00:00:00,constructor_standings_8189
21992,628,83,0.0,12,0,1972-08-13 00:00:00,constructor_standings_8190
21991,628,81,0.0,10,0,1972-08-13 00:00:00,constructor_standings_8191
21990,628,25,33.0,3,2,1972-08-13 00:00:00,constructor_standings_8192
21989,628,82,11.0,8,0,1972-08-13 00:00:00,constructor_standings_8193
21988,628,1,35.0,2,1,1972-08-13 00:00:00,constructor_standings_8194
21987,628,6,29.0,4,1,1972-08-13 00:00:00,constructor_standings_8195
21986,628,63,12.0,7,0,1972-08-13 00:00:00,constructor_standings_8196
21985,628,37,12.0,6,0,1972-08-13 00:00:00,constructor_standings_8197
21984,628,34,2.0,9,0,1972-08-13 00:00:00,constructor_standings_8198
21983,628,66,13.0,5,1,1972-08-13 00:00:00,constructor_standings_8199
21982,628,32,52.0,1,4,1972-08-13 00:00:00,constructor_standings_8200
22005,629,84,0.0,11,0,1972-09-10 00:00:00,constructor_standings_8201
22004,629,83,0.0,12,0,1972-09-10 00:00:00,constructor_standings_8202
22003,629,81,0.0,10,0,1972-09-10 00:00:00,constructor_standings_8203
22002,629,25,33.0,3,2,1972-09-10 00:00:00,constructor_standings_8204
22001,629,82,11.0,8,0,1972-09-10 00:00:00,constructor_standings_8205
22000,629,1,39.0,2,1,1972-09-10 00:00:00,constructor_standings_8206
21999,629,6,29.0,4,1,1972-09-10 00:00:00,constructor_standings_8207
21998,629,63,18.0,5,0,1972-09-10 00:00:00,constructor_standings_8208
21997,629,37,12.0,7,0,1972-09-10 00:00:00,constructor_standings_8209
21996,629,34,4.0,9,0,1972-09-10 00:00:00,constructor_standings_8210
21995,629,66,14.0,6,1,1972-09-10 00:00:00,constructor_standings_8211
21994,629,32,61.0,1,5,1972-09-10 00:00:00,constructor_standings_8212
22017,630,84,0.0,11,0,1972-09-24 00:00:00,constructor_standings_8213
22016,630,83,0.0,12,0,1972-09-24 00:00:00,constructor_standings_8214
22015,630,81,0.0,10,0,1972-09-24 00:00:00,constructor_standings_8215
22014,630,25,42.0,3,3,1972-09-24 00:00:00,constructor_standings_8216
22013,630,82,12.0,7,0,1972-09-24 00:00:00,constructor_standings_8217
22012,630,1,45.0,2,1,1972-09-24 00:00:00,constructor_standings_8218
22011,630,6,31.0,4,1,1972-09-24 00:00:00,constructor_standings_8219
22010,630,63,18.0,5,0,1972-09-24 00:00:00,constructor_standings_8220
22009,630,37,12.0,8,0,1972-09-24 00:00:00,constructor_standings_8221
22008,630,34,7.0,9,0,1972-09-24 00:00:00,constructor_standings_8222
22007,630,66,14.0,6,1,1972-09-24 00:00:00,constructor_standings_8223
22006,630,32,61.0,1,5,1972-09-24 00:00:00,constructor_standings_8224
22029,631,84,0.0,11,0,1972-10-08 00:00:00,constructor_standings_8225
22028,631,83,0.0,12,0,1972-10-08 00:00:00,constructor_standings_8226
22027,631,81,0.0,10,0,1972-10-08 00:00:00,constructor_standings_8227
22026,631,25,51.0,2,4,1972-10-08 00:00:00,constructor_standings_8228
22025,631,82,12.0,8,0,1972-10-08 00:00:00,constructor_standings_8229
22024,631,1,47.0,3,1,1972-10-08 00:00:00,constructor_standings_8230
22023,631,6,33.0,4,1,1972-10-08 00:00:00,constructor_standings_8231
22022,631,63,18.0,5,0,1972-10-08 00:00:00,constructor_standings_8232
22021,631,37,15.0,6,0,1972-10-08 00:00:00,constructor_standings_8233
22020,631,34,7.0,9,0,1972-10-08 00:00:00,constructor_standings_8234
22019,631,66,14.0,7,1,1972-10-08 00:00:00,constructor_standings_8235
22018,631,32,61.0,1,5,1972-10-08 00:00:00,constructor_standings_8236
21680,632,199,0.0,9,0,1971-03-06 00:00:00,constructor_standings_8237
21679,632,200,0.0,8,0,1971-03-06 00:00:00,constructor_standings_8238
21678,632,6,9.0,1,1,1971-03-06 00:00:00,constructor_standings_8239
21677,632,25,6.0,2,0,1971-03-06 00:00:00,constructor_standings_8240
21676,632,180,3.0,3,0,1971-03-06 00:00:00,constructor_standings_8241
21675,632,82,2.0,4,0,1971-03-06 00:00:00,constructor_standings_8242
21674,632,1,1.0,5,0,1971-03-06 00:00:00,constructor_standings_8243
21673,632,63,0.0,6,0,1971-03-06 00:00:00,constructor_standings_8244
21672,632,34,0.0,7,0,1971-03-06 00:00:00,constructor_standings_8245
21690,633,200,0.0,9,0,1971-04-18 00:00:00,constructor_standings_8246
21689,633,66,3.0,4,0,1971-04-18 00:00:00,constructor_standings_8247
21688,633,6,15.0,1,1,1971-04-18 00:00:00,constructor_standings_8248
21687,633,25,15.0,2,1,1971-04-18 00:00:00,constructor_standings_8249
21686,633,180,3.0,5,0,1971-04-18 00:00:00,constructor_standings_8250
21685,633,82,6.0,3,0,1971-04-18 00:00:00,constructor_standings_8251
21684,633,1,3.0,6,0,1971-04-18 00:00:00,constructor_standings_8252
21683,633,63,0.0,7,0,1971-04-18 00:00:00,constructor_standings_8253
21682,633,34,0.0,8,0,1971-04-18 00:00:00,constructor_standings_8254
21700,634,200,6.0,3,0,1971-05-23 00:00:00,constructor_standings_8255
21699,634,66,3.0,7,0,1971-05-23 00:00:00,constructor_standings_8256
21698,634,6,19.0,2,1,1971-05-23 00:00:00,constructor_standings_8257
21697,634,25,24.0,1,2,1971-05-23 00:00:00,constructor_standings_8258
21696,634,180,5.0,6,0,1971-05-23 00:00:00,constructor_standings_8259
21695,634,82,6.0,4,0,1971-05-23 00:00:00,constructor_standings_8260
21694,634,1,6.0,5,0,1971-05-23 00:00:00,constructor_standings_8261
21693,634,63,1.0,8,0,1971-05-23 00:00:00,constructor_standings_8262
21692,634,34,0.0,9,0,1971-05-23 00:00:00,constructor_standings_8263
21710,635,199,0.0,10,0,1971-06-20 00:00:00,constructor_standings_8264
21709,635,200,9.0,4,0,1971-06-20 00:00:00,constructor_standings_8265
21708,635,34,0.0,9,0,1971-06-20 00:00:00,constructor_standings_8266
21707,635,63,3.0,8,0,1971-06-20 00:00:00,constructor_standings_8267
21706,635,1,6.0,6,0,1971-06-20 00:00:00,constructor_standings_8268
21705,635,82,6.0,5,0,1971-06-20 00:00:00,constructor_standings_8269
21704,635,180,5.0,7,0,1971-06-20 00:00:00,constructor_standings_8270
21703,635,25,24.0,2,2,1971-06-20 00:00:00,constructor_standings_8271
21702,635,6,28.0,1,2,1971-06-20 00:00:00,constructor_standings_8272
21721,636,199,0.0,10,0,1971-07-04 00:00:00,constructor_standings_8273
21720,636,200,9.0,4,0,1971-07-04 00:00:00,constructor_standings_8274
21719,636,34,0.0,9,0,1971-07-04 00:00:00,constructor_standings_8275
21718,636,63,3.0,8,0,1971-07-04 00:00:00,constructor_standings_8276
21717,636,1,6.0,7,0,1971-07-04 00:00:00,constructor_standings_8277
21716,636,82,8.0,6,0,1971-07-04 00:00:00,constructor_standings_8278
21715,636,180,9.0,5,0,1971-07-04 00:00:00,constructor_standings_8279
21714,636,25,33.0,1,3,1971-07-04 00:00:00,constructor_standings_8280
21713,636,6,28.0,2,2,1971-07-04 00:00:00,constructor_standings_8281
21732,637,200,15.0,3,0,1971-07-17 00:00:00,constructor_standings_8282
21731,637,66,12.0,5,0,1971-07-17 00:00:00,constructor_standings_8283
21730,637,6,28.0,2,2,1971-07-17 00:00:00,constructor_standings_8284
21729,637,25,42.0,1,4,1971-07-17 00:00:00,constructor_standings_8285
21728,637,180,13.0,4,0,1971-07-17 00:00:00,constructor_standings_8286
21727,637,82,8.0,6,0,1971-07-17 00:00:00,constructor_standings_8287
21726,637,1,6.0,7,0,1971-07-17 00:00:00,constructor_standings_8288
21725,637,63,5.0,8,0,1971-07-17 00:00:00,constructor_standings_8289
21724,637,34,0.0,9,0,1971-07-17 00:00:00,constructor_standings_8290
21743,638,200,17.0,3,0,1971-08-01 00:00:00,constructor_standings_8291
21742,638,66,12.0,5,0,1971-08-01 00:00:00,constructor_standings_8292
21741,638,6,32.0,2,2,1971-08-01 00:00:00,constructor_standings_8293
21740,638,25,51.0,1,5,1971-08-01 00:00:00,constructor_standings_8294
21739,638,180,13.0,4,0,1971-08-01 00:00:00,constructor_standings_8295
21738,638,82,8.0,6,0,1971-08-01 00:00:00,constructor_standings_8296
21737,638,1,6.0,7,0,1971-08-01 00:00:00,constructor_standings_8297
21736,638,63,5.0,8,0,1971-08-01 00:00:00,constructor_standings_8298
21735,638,34,1.0,9,0,1971-08-01 00:00:00,constructor_standings_8299
21754,639,199,0.0,10,0,1971-08-15 00:00:00,constructor_standings_8300
21753,639,200,18.0,5,0,1971-08-15 00:00:00,constructor_standings_8301
21752,639,34,5.0,8,0,1971-08-15 00:00:00,constructor_standings_8302
21751,639,63,5.0,9,0,1971-08-15 00:00:00,constructor_standings_8303
21750,639,1,6.0,7,0,1971-08-15 00:00:00,constructor_standings_8304
21749,639,82,8.0,6,0,1971-08-15 00:00:00,constructor_standings_8305
21748,639,180,19.0,4,0,1971-08-15 00:00:00,constructor_standings_8306
21747,639,25,51.0,1,5,1971-08-15 00:00:00,constructor_standings_8307
21746,639,6,32.0,2,2,1971-08-15 00:00:00,constructor_standings_8308
21766,640,66,30.0,3,2,1971-09-05 00:00:00,constructor_standings_8309
21765,640,199,0.0,11,0,1971-09-05 00:00:00,constructor_standings_8310
21764,640,200,24.0,4,0,1971-09-05 00:00:00,constructor_standings_8311
21763,640,34,5.0,9,0,1971-09-05 00:00:00,constructor_standings_8312
21762,640,63,8.0,7,0,1971-09-05 00:00:00,constructor_standings_8313
21761,640,1,6.0,8,0,1971-09-05 00:00:00,constructor_standings_8314
21760,640,82,9.0,6,0,1971-09-05 00:00:00,constructor_standings_8315
21759,640,180,19.0,5,0,1971-09-05 00:00:00,constructor_standings_8316
21758,640,25,55.0,1,5,1971-09-05 00:00:00,constructor_standings_8317
21757,640,6,32.0,2,2,1971-09-05 00:00:00,constructor_standings_8318
21778,641,66,30.0,3,2,1971-09-19 00:00:00,constructor_standings_8319
21777,641,199,0.0,11,0,1971-09-19 00:00:00,constructor_standings_8320
21776,641,200,30.0,4,0,1971-09-19 00:00:00,constructor_standings_8321
21775,641,34,5.0,9,0,1971-09-19 00:00:00,constructor_standings_8322
21774,641,63,8.0,8,0,1971-09-19 00:00:00,constructor_standings_8323
21773,641,1,10.0,6,0,1971-09-19 00:00:00,constructor_standings_8324
21772,641,82,9.0,7,0,1971-09-19 00:00:00,constructor_standings_8325
21771,641,180,21.0,5,0,1971-09-19 00:00:00,constructor_standings_8326
21770,641,25,64.0,1,6,1971-09-19 00:00:00,constructor_standings_8327
21769,641,6,32.0,2,2,1971-09-19 00:00:00,constructor_standings_8328
21790,642,201,0.0,10,0,1971-10-03 00:00:00,constructor_standings_8329
21789,642,200,33.0,4,0,1971-10-03 00:00:00,constructor_standings_8330
21788,642,66,36.0,2,2,1971-10-03 00:00:00,constructor_standings_8331
21787,642,6,33.0,3,2,1971-10-03 00:00:00,constructor_standings_8332
21786,642,25,73.0,1,7,1971-10-03 00:00:00,constructor_standings_8333
21785,642,180,21.0,5,0,1971-10-03 00:00:00,constructor_standings_8334
21784,642,82,9.0,7,0,1971-10-03 00:00:00,constructor_standings_8335
21783,642,1,10.0,6,0,1971-10-03 00:00:00,constructor_standings_8336
21782,642,63,8.0,8,0,1971-10-03 00:00:00,constructor_standings_8337
21781,642,34,5.0,9,0,1971-10-03 00:00:00,constructor_standings_8338
21544,643,86,0.0,8,0,1970-03-07 00:00:00,constructor_standings_8339
21543,643,34,9.0,1,1,1970-03-07 00:00:00,constructor_standings_8340
21542,643,187,6.0,2,0,1970-03-07 00:00:00,constructor_standings_8341
21541,643,37,4.0,3,0,1970-03-07 00:00:00,constructor_standings_8342
21538,643,66,0.0,6,0,1970-03-07 00:00:00,constructor_standings_8343
21553,644,198,0.0,9,0,1970-04-19 00:00:00,constructor_standings_8344
21552,644,86,0.0,8,0,1970-04-19 00:00:00,constructor_standings_8345
21551,644,187,12.0,2,0,1970-04-19 00:00:00,constructor_standings_8346
21550,644,34,9.0,3,1,1970-04-19 00:00:00,constructor_standings_8347
21549,644,37,13.0,1,1,1970-04-19 00:00:00,constructor_standings_8348
21562,645,198,0.0,9,0,1970-05-10 00:00:00,constructor_standings_8349
21561,645,187,15.0,2,0,1970-05-10 00:00:00,constructor_standings_8350
21559,645,34,15.0,1,1,1970-05-10 00:00:00,constructor_standings_8351
21557,645,82,7.0,5,0,1970-05-10 00:00:00,constructor_standings_8352
21571,646,198,0.0,9,0,1970-06-07 00:00:00,constructor_standings_8353
21569,646,86,0.0,8,0,1970-06-07 00:00:00,constructor_standings_8354
21568,646,34,17.0,2,1,1970-06-07 00:00:00,constructor_standings_8355
21567,646,37,19.0,1,1,1970-06-07 00:00:00,constructor_standings_8356
21566,646,82,11.0,5,0,1970-06-07 00:00:00,constructor_standings_8357
21581,647,85,0.0,10,0,1970-06-21 00:00:00,constructor_standings_8358
21580,647,198,0.0,9,0,1970-06-21 00:00:00,constructor_standings_8359
21579,647,187,16.0,4,0,1970-06-21 00:00:00,constructor_standings_8360
21578,647,86,0.0,8,0,1970-06-21 00:00:00,constructor_standings_8361
21577,647,34,17.0,3,1,1970-06-21 00:00:00,constructor_standings_8362
21575,647,82,13.0,5,0,1970-06-21 00:00:00,constructor_standings_8363
21591,648,85,0.0,10,0,1970-07-05 00:00:00,constructor_standings_8364
21590,648,198,0.0,9,0,1970-07-05 00:00:00,constructor_standings_8365
21589,648,187,19.0,4,0,1970-07-05 00:00:00,constructor_standings_8366
21588,648,86,0.0,8,0,1970-07-05 00:00:00,constructor_standings_8367
21587,648,34,21.0,3,1,1970-07-05 00:00:00,constructor_standings_8368
21585,648,82,15.0,5,0,1970-07-05 00:00:00,constructor_standings_8369
21602,649,85,0.0,11,0,1970-07-18 00:00:00,constructor_standings_8370
21601,649,198,0.0,9,0,1970-07-18 00:00:00,constructor_standings_8371
21600,649,63,0.0,10,0,1970-07-18 00:00:00,constructor_standings_8372
21599,649,187,23.0,4,0,1970-07-18 00:00:00,constructor_standings_8373
21598,649,86,0.0,8,0,1970-07-18 00:00:00,constructor_standings_8374
21597,649,34,27.0,3,1,1970-07-18 00:00:00,constructor_standings_8375
21596,649,37,33.0,2,1,1970-07-18 00:00:00,constructor_standings_8376
21613,650,85,0.0,11,0,1970-08-02 00:00:00,constructor_standings_8377
21612,650,198,0.0,10,0,1970-08-02 00:00:00,constructor_standings_8378
21611,650,63,0.0,8,0,1970-08-02 00:00:00,constructor_standings_8379
21610,650,187,27.0,4,0,1970-08-02 00:00:00,constructor_standings_8380
21609,650,86,0.0,9,0,1970-08-02 00:00:00,constructor_standings_8381
21608,650,34,29.0,3,1,1970-08-02 00:00:00,constructor_standings_8382
21606,650,82,16.0,6,0,1970-08-02 00:00:00,constructor_standings_8383
13918,17,23,172.0,1,8,2009-11-01 11:00:00,constructor_standings_8384
13919,17,1,71.0,3,2,2009-11-01 11:00:00,constructor_standings_8385
13920,17,7,59.5,5,0,2009-11-01 11:00:00,constructor_standings_8386
13921,17,4,26.0,8,0,2009-11-01 11:00:00,constructor_standings_8387
13922,17,3,34.5,7,0,2009-11-01 11:00:00,constructor_standings_8388
13923,17,5,8.0,10,0,2009-11-01 11:00:00,constructor_standings_8389
13924,17,10,13.0,9,0,2009-11-01 11:00:00,constructor_standings_8390
13925,17,2,36.0,6,0,2009-11-01 11:00:00,constructor_standings_8391
13926,17,9,153.5,2,6,2009-11-01 11:00:00,constructor_standings_8392
13927,17,6,70.0,4,1,2009-11-01 11:00:00,constructor_standings_8393
21623,651,198,0.0,9,0,1970-08-16 00:00:00,constructor_standings_8394
21622,651,63,0.0,8,0,1970-08-16 00:00:00,constructor_standings_8395
21621,651,187,27.0,4,0,1970-08-16 00:00:00,constructor_standings_8396
21620,651,86,0.0,10,0,1970-08-16 00:00:00,constructor_standings_8397
21619,651,34,33.0,3,1,1970-08-16 00:00:00,constructor_standings_8398
21617,651,82,17.0,6,0,1970-08-16 00:00:00,constructor_standings_8399
21635,652,85,0.0,11,0,1970-09-06 00:00:00,constructor_standings_8400
21634,652,198,0.0,8,0,1970-09-06 00:00:00,constructor_standings_8401
21633,652,63,0.0,9,0,1970-09-06 00:00:00,constructor_standings_8402
21632,652,187,30.0,5,0,1970-09-06 00:00:00,constructor_standings_8403
21631,652,86,0.0,10,0,1970-09-06 00:00:00,constructor_standings_8404
21630,652,34,35.0,3,1,1970-09-06 00:00:00,constructor_standings_8405
21629,652,37,39.0,2,1,1970-09-06 00:00:00,constructor_standings_8406
21647,653,25,0.0,11,0,1970-09-20 00:00:00,constructor_standings_8407
21646,653,85,0.0,12,0,1970-09-20 00:00:00,constructor_standings_8408
21645,653,198,0.0,9,0,1970-09-20 00:00:00,constructor_standings_8409
21644,653,63,2.0,8,0,1970-09-20 00:00:00,constructor_standings_8410
21643,653,187,31.0,5,0,1970-09-20 00:00:00,constructor_standings_8411
21642,653,86,0.0,10,0,1970-09-20 00:00:00,constructor_standings_8412
21641,653,34,35.0,4,1,1970-09-20 00:00:00,constructor_standings_8413
21659,654,85,0.0,12,0,1970-10-04 00:00:00,constructor_standings_8414
21658,654,25,0.0,11,0,1970-10-04 00:00:00,constructor_standings_8415
21657,654,198,0.0,9,0,1970-10-04 00:00:00,constructor_standings_8416
21656,654,63,3.0,8,0,1970-10-04 00:00:00,constructor_standings_8417
21655,654,187,31.0,5,0,1970-10-04 00:00:00,constructor_standings_8418
21653,654,34,35.0,4,1,1970-10-04 00:00:00,constructor_standings_8419
21651,654,82,21.0,7,0,1970-10-04 00:00:00,constructor_standings_8420
21671,655,85,0.0,12,0,1970-10-25 00:00:00,constructor_standings_8421
21670,655,25,0.0,11,0,1970-10-25 00:00:00,constructor_standings_8422
21669,655,198,0.0,9,0,1970-10-25 00:00:00,constructor_standings_8423
21668,655,63,3.0,8,0,1970-10-25 00:00:00,constructor_standings_8424
21667,655,187,35.0,5,0,1970-10-25 00:00:00,constructor_standings_8425
21665,655,34,35.0,4,1,1970-10-25 00:00:00,constructor_standings_8426
21663,655,82,23.0,7,0,1970-10-25 00:00:00,constructor_standings_8427
21304,657,191,0.0,6,0,1969-05-04 00:00:00,constructor_standings_8428
21299,656,66,0.0,4,0,1969-03-01 00:00:00,constructor_standings_8429
21301,656,196,9.0,1,1,1969-03-01 00:00:00,constructor_standings_8430
21300,656,180,6.0,2,0,1969-03-01 00:00:00,constructor_standings_8431
21298,656,187,4.0,3,0,1969-03-01 00:00:00,constructor_standings_8432
21308,657,196,18.0,1,2,1969-05-04 00:00:00,constructor_standings_8433
21307,657,180,6.0,3,0,1969-05-04 00:00:00,constructor_standings_8434
21306,657,66,2.0,4,0,1969-05-04 00:00:00,constructor_standings_8435
21305,657,187,10.0,2,0,1969-05-04 00:00:00,constructor_standings_8436
21312,658,187,12.0,3,0,1969-05-18 00:00:00,constructor_standings_8437
21313,658,66,2.0,5,0,1969-05-18 00:00:00,constructor_standings_8438
21314,658,196,18.0,1,2,1969-05-18 00:00:00,constructor_standings_8439
21316,658,180,15.0,2,1,1969-05-18 00:00:00,constructor_standings_8440
21315,658,167,0.0,6,0,1969-05-18 00:00:00,constructor_standings_8441
21324,659,180,21.0,2,1,1969-06-21 00:00:00,constructor_standings_8442
21323,659,167,0.0,7,0,1969-06-21 00:00:00,constructor_standings_8443
21322,659,196,27.0,1,3,1969-06-21 00:00:00,constructor_standings_8444
21321,659,66,2.0,6,0,1969-06-21 00:00:00,constructor_standings_8445
21332,660,180,22.0,2,1,1969-07-06 00:00:00,constructor_standings_8446
21331,660,167,0.0,7,0,1969-07-06 00:00:00,constructor_standings_8447
21330,660,196,36.0,1,4,1969-07-06 00:00:00,constructor_standings_8448
21329,660,66,2.0,6,0,1969-07-06 00:00:00,constructor_standings_8449
21340,661,180,25.0,2,1,1969-07-19 00:00:00,constructor_standings_8450
21339,661,167,0.0,7,0,1969-07-19 00:00:00,constructor_standings_8451
21338,661,196,45.0,1,5,1969-07-19 00:00:00,constructor_standings_8452
21337,661,66,2.0,6,0,1969-07-19 00:00:00,constructor_standings_8453
21344,662,187,24.0,4,0,1969-08-03 00:00:00,constructor_standings_8454
21345,662,66,2.0,6,0,1969-08-03 00:00:00,constructor_standings_8455
21346,662,196,51.0,1,5,1969-08-03 00:00:00,constructor_standings_8456
21347,662,167,0.0,7,0,1969-08-03 00:00:00,constructor_standings_8457
21348,662,180,28.0,2,1,1969-08-03 00:00:00,constructor_standings_8458
21355,663,196,60.0,1,6,1969-09-07 00:00:00,constructor_standings_8459
21356,663,167,0.0,7,0,1969-09-07 00:00:00,constructor_standings_8460
21357,663,180,34.0,2,1,1969-09-07 00:00:00,constructor_standings_8461
21358,663,197,0.0,9,0,1969-09-07 00:00:00,constructor_standings_8462
21362,664,187,29.0,4,0,1969-09-20 00:00:00,constructor_standings_8463
21364,664,196,63.0,1,6,1969-09-20 00:00:00,constructor_standings_8464
21368,664,183,0.0,10,0,1969-09-20 00:00:00,constructor_standings_8465
21376,665,180,47.0,2,2,1969-10-05 00:00:00,constructor_standings_8466
21377,665,197,0.0,9,0,1969-10-05 00:00:00,constructor_standings_8467
21378,665,183,0.0,10,0,1969-10-05 00:00:00,constructor_standings_8468
21375,665,167,0.0,7,0,1969-10-05 00:00:00,constructor_standings_8469
21387,666,197,0.0,9,0,1969-10-19 00:00:00,constructor_standings_8470
21381,666,191,0.0,8,0,1969-10-19 00:00:00,constructor_standings_8471
21382,666,187,38.0,4,1,1969-10-19 00:00:00,constructor_standings_8472
21383,666,66,7.0,5,0,1969-10-19 00:00:00,constructor_standings_8473
21384,666,196,66.0,1,6,1969-10-19 00:00:00,constructor_standings_8474
21385,666,167,0.0,7,0,1969-10-19 00:00:00,constructor_standings_8475
20925,667,89,0.0,10,0,1968-01-01 00:00:00,constructor_standings_8476
20924,667,190,0.0,9,0,1968-01-01 00:00:00,constructor_standings_8477
20923,667,183,0.0,8,0,1968-01-01 00:00:00,constructor_standings_8478
20922,667,180,9.0,1,1,1968-01-01 00:00:00,constructor_standings_8479
20921,667,191,4.0,2,0,1968-01-01 00:00:00,constructor_standings_8480
20920,667,6,3.0,3,0,1968-01-01 00:00:00,constructor_standings_8481
20919,667,194,2.0,4,0,1968-01-01 00:00:00,constructor_standings_8482
20918,667,196,1.0,5,0,1968-01-01 00:00:00,constructor_standings_8483
20917,667,167,0.0,6,0,1968-01-01 00:00:00,constructor_standings_8484
20916,667,11,0.0,7,0,1968-01-01 00:00:00,constructor_standings_8485
20967,670,89,0.0,14,0,1968-06-09 00:00:00,constructor_standings_8486
20966,670,190,0.0,13,0,1968-06-09 00:00:00,constructor_standings_8487
20938,668,183,0.0,11,0,1968-05-12 00:00:00,constructor_standings_8488
20937,668,187,6.0,2,0,1968-05-12 00:00:00,constructor_standings_8489
20936,668,195,4.0,3,0,1968-05-12 00:00:00,constructor_standings_8490
20935,668,180,18.0,1,2,1968-05-12 00:00:00,constructor_standings_8491
20934,668,191,4.0,4,0,1968-05-12 00:00:00,constructor_standings_8492
20933,668,6,3.0,5,0,1968-05-12 00:00:00,constructor_standings_8493
20932,668,194,2.0,7,0,1968-05-12 00:00:00,constructor_standings_8494
20931,668,196,3.0,6,0,1968-05-12 00:00:00,constructor_standings_8495
20930,668,167,0.0,8,0,1968-05-12 00:00:00,constructor_standings_8496
20929,668,11,0.0,9,0,1968-05-12 00:00:00,constructor_standings_8497
20965,670,183,0.0,12,0,1968-06-09 00:00:00,constructor_standings_8498
20952,669,82,0.0,11,0,1968-05-26 00:00:00,constructor_standings_8499
20951,669,187,8.0,2,0,1968-05-26 00:00:00,constructor_standings_8500
20950,669,195,8.0,3,0,1968-05-26 00:00:00,constructor_standings_8501
20949,669,180,27.0,1,3,1968-05-26 00:00:00,constructor_standings_8502
20948,669,191,4.0,5,0,1968-05-26 00:00:00,constructor_standings_8503
20947,669,6,3.0,6,0,1968-05-26 00:00:00,constructor_standings_8504
20946,669,194,2.0,8,0,1968-05-26 00:00:00,constructor_standings_8505
20945,669,196,3.0,7,0,1968-05-26 00:00:00,constructor_standings_8506
20944,669,167,0.0,9,0,1968-05-26 00:00:00,constructor_standings_8507
20943,669,11,0.0,10,0,1968-05-26 00:00:00,constructor_standings_8508
20964,670,11,0.0,10,0,1968-06-09 00:00:00,constructor_standings_8509
20963,670,167,0.0,9,0,1968-06-09 00:00:00,constructor_standings_8510
20962,670,196,6.0,6,0,1968-06-09 00:00:00,constructor_standings_8511
20961,670,194,2.0,8,0,1968-06-09 00:00:00,constructor_standings_8512
20960,670,6,7.0,5,0,1968-06-09 00:00:00,constructor_standings_8513
20959,670,191,4.0,7,0,1968-06-09 00:00:00,constructor_standings_8514
20958,670,180,29.0,1,3,1968-06-09 00:00:00,constructor_standings_8515
20982,671,82,6.0,7,0,1968-06-23 00:00:00,constructor_standings_8516
20981,671,187,17.0,2,1,1968-06-23 00:00:00,constructor_standings_8517
20980,671,195,9.0,6,0,1968-06-23 00:00:00,constructor_standings_8518
20979,671,180,29.0,1,3,1968-06-23 00:00:00,constructor_standings_8519
20978,671,191,6.0,8,0,1968-06-23 00:00:00,constructor_standings_8520
20977,671,6,10.0,5,0,1968-06-23 00:00:00,constructor_standings_8521
20976,671,194,2.0,9,0,1968-06-23 00:00:00,constructor_standings_8522
20975,671,196,15.0,4,1,1968-06-23 00:00:00,constructor_standings_8523
20974,671,167,0.0,10,0,1968-06-23 00:00:00,constructor_standings_8524
20973,671,11,0.0,11,0,1968-06-23 00:00:00,constructor_standings_8525
20997,672,82,6.0,7,0,1968-07-07 00:00:00,constructor_standings_8526
20996,672,187,19.0,2,1,1968-07-07 00:00:00,constructor_standings_8527
20995,672,195,12.0,6,0,1968-07-07 00:00:00,constructor_standings_8528
20994,672,180,29.0,1,3,1968-07-07 00:00:00,constructor_standings_8529
20993,672,191,6.0,9,0,1968-07-07 00:00:00,constructor_standings_8530
20992,672,6,19.0,3,1,1968-07-07 00:00:00,constructor_standings_8531
20991,672,194,2.0,10,0,1968-07-07 00:00:00,constructor_standings_8532
20990,672,196,19.0,4,1,1968-07-07 00:00:00,constructor_standings_8533
20989,672,167,0.0,11,0,1968-07-07 00:00:00,constructor_standings_8534
20988,672,11,6.0,8,0,1968-07-07 00:00:00,constructor_standings_8535
21012,673,89,0.0,14,0,1968-07-20 00:00:00,constructor_standings_8536
21011,673,190,0.0,13,0,1968-07-20 00:00:00,constructor_standings_8537
21010,673,183,0.0,12,0,1968-07-20 00:00:00,constructor_standings_8538
21009,673,11,8.0,7,0,1968-07-20 00:00:00,constructor_standings_8539
21008,673,167,0.0,11,0,1968-07-20 00:00:00,constructor_standings_8540
21007,673,196,20.0,4,1,1968-07-20 00:00:00,constructor_standings_8541
21006,673,194,2.0,10,0,1968-07-20 00:00:00,constructor_standings_8542
21005,673,6,25.0,2,1,1968-07-20 00:00:00,constructor_standings_8543
21004,673,191,6.0,9,0,1968-07-20 00:00:00,constructor_standings_8544
21003,673,180,38.0,1,4,1968-07-20 00:00:00,constructor_standings_8545
21028,674,66,18.0,5,0,1968-08-04 00:00:00,constructor_standings_8546
21027,674,82,6.0,9,0,1968-08-04 00:00:00,constructor_standings_8547
21026,674,187,22.0,4,1,1968-08-04 00:00:00,constructor_standings_8548
21025,674,195,12.0,6,0,1968-08-04 00:00:00,constructor_standings_8549
21024,674,180,44.0,1,4,1968-08-04 00:00:00,constructor_standings_8550
21023,674,191,10.0,7,0,1968-08-04 00:00:00,constructor_standings_8551
21022,674,6,28.0,3,1,1968-08-04 00:00:00,constructor_standings_8552
21021,674,194,2.0,10,0,1968-08-04 00:00:00,constructor_standings_8553
21020,674,196,29.0,2,2,1968-08-04 00:00:00,constructor_standings_8554
21019,674,167,0.0,11,0,1968-08-04 00:00:00,constructor_standings_8555
21018,674,11,8.0,8,0,1968-08-04 00:00:00,constructor_standings_8556
21045,675,170,0.0,17,0,1968-09-08 00:00:00,constructor_standings_8557
21044,675,89,0.0,16,0,1968-09-08 00:00:00,constructor_standings_8558
21043,675,190,0.0,12,0,1968-09-08 00:00:00,constructor_standings_8559
21042,675,183,0.0,15,0,1968-09-08 00:00:00,constructor_standings_8560
21041,675,11,8.0,9,0,1968-09-08 00:00:00,constructor_standings_8561
21040,675,167,0.0,11,0,1968-09-08 00:00:00,constructor_standings_8562
21039,675,196,35.0,2,2,1968-09-08 00:00:00,constructor_standings_8563
21038,675,194,3.0,10,0,1968-09-08 00:00:00,constructor_standings_8564
21037,675,6,32.0,3,1,1968-09-08 00:00:00,constructor_standings_8565
21036,675,191,10.0,7,0,1968-09-08 00:00:00,constructor_standings_8566
21035,675,180,44.0,1,4,1968-09-08 00:00:00,constructor_standings_8567
21062,676,66,25.0,5,0,1968-09-22 00:00:00,constructor_standings_8568
21061,676,82,8.0,8,0,1968-09-22 00:00:00,constructor_standings_8569
21060,676,187,40.0,2,3,1968-09-22 00:00:00,constructor_standings_8570
21059,676,195,14.0,6,0,1968-09-22 00:00:00,constructor_standings_8571
21058,676,180,47.0,1,4,1968-09-22 00:00:00,constructor_standings_8572
21057,676,191,10.0,7,0,1968-09-22 00:00:00,constructor_standings_8573
21056,676,6,32.0,4,1,1968-09-22 00:00:00,constructor_standings_8574
21055,676,194,3.0,10,0,1968-09-22 00:00:00,constructor_standings_8575
21054,676,196,36.0,3,2,1968-09-22 00:00:00,constructor_standings_8576
21053,676,167,0.0,11,0,1968-09-22 00:00:00,constructor_standings_8577
21052,676,11,8.0,9,0,1968-09-22 00:00:00,constructor_standings_8578
21079,677,170,0.0,17,0,1968-10-06 00:00:00,constructor_standings_8579
21078,677,89,0.0,16,0,1968-10-06 00:00:00,constructor_standings_8580
21077,677,190,0.0,12,0,1968-10-06 00:00:00,constructor_standings_8581
21076,677,183,0.0,15,0,1968-10-06 00:00:00,constructor_standings_8582
21075,677,11,12.0,7,0,1968-10-06 00:00:00,constructor_standings_8583
21074,677,167,0.0,11,0,1968-10-06 00:00:00,constructor_standings_8584
21073,677,196,45.0,2,3,1968-10-06 00:00:00,constructor_standings_8585
21072,677,194,3.0,10,0,1968-10-06 00:00:00,constructor_standings_8586
21071,677,6,32.0,4,1,1968-10-06 00:00:00,constructor_standings_8587
21070,677,191,10.0,8,0,1968-10-06 00:00:00,constructor_standings_8588
21069,677,180,53.0,1,4,1968-10-06 00:00:00,constructor_standings_8589
21096,678,170,0.0,17,0,1968-11-03 00:00:00,constructor_standings_8590
21095,678,89,0.0,16,0,1968-11-03 00:00:00,constructor_standings_8591
21094,678,190,0.0,12,0,1968-11-03 00:00:00,constructor_standings_8592
21093,678,183,0.0,15,0,1968-11-03 00:00:00,constructor_standings_8593
21092,678,11,14.0,6,0,1968-11-03 00:00:00,constructor_standings_8594
21091,678,167,0.0,11,0,1968-11-03 00:00:00,constructor_standings_8595
21090,678,196,45.0,3,3,1968-11-03 00:00:00,constructor_standings_8596
21089,678,194,3.0,10,0,1968-11-03 00:00:00,constructor_standings_8597
21088,678,6,32.0,4,1,1968-11-03 00:00:00,constructor_standings_8598
21087,678,191,10.0,8,0,1968-11-03 00:00:00,constructor_standings_8599
21086,678,180,62.0,1,5,1968-11-03 00:00:00,constructor_standings_8600
20741,679,176,0.0,7,0,1967-01-02 00:00:00,constructor_standings_8601
20740,679,184,0.0,6,0,1967-01-02 00:00:00,constructor_standings_8602
20739,679,183,2.0,5,0,1967-01-02 00:00:00,constructor_standings_8603
20738,679,191,3.0,4,0,1967-01-02 00:00:00,constructor_standings_8604
20737,679,11,4.0,3,0,1967-01-02 00:00:00,constructor_standings_8605
20736,679,170,6.0,2,0,1967-01-02 00:00:00,constructor_standings_8606
20735,679,167,9.0,1,1,1967-01-02 00:00:00,constructor_standings_8607
20753,680,176,6.0,3,0,1967-05-07 00:00:00,constructor_standings_8608
20752,680,6,4.0,5,0,1967-05-07 00:00:00,constructor_standings_8609
20751,680,194,3.0,7,0,1967-05-07 00:00:00,constructor_standings_8610
20750,680,66,1.0,9,0,1967-05-07 00:00:00,constructor_standings_8611
20749,680,172,0.0,11,0,1967-05-07 00:00:00,constructor_standings_8612
20748,680,167,11.0,2,1,1967-05-07 00:00:00,constructor_standings_8613
20747,680,170,6.0,4,0,1967-05-07 00:00:00,constructor_standings_8614
20746,680,11,4.0,6,0,1967-05-07 00:00:00,constructor_standings_8615
20745,680,191,12.0,1,1,1967-05-07 00:00:00,constructor_standings_8616
20744,680,183,2.0,8,0,1967-05-07 00:00:00,constructor_standings_8617
20767,681,6,7.0,4,0,1967-06-04 00:00:00,constructor_standings_8618
20766,681,66,1.0,10,0,1967-06-04 00:00:00,constructor_standings_8619
20765,681,189,0.0,13,0,1967-06-04 00:00:00,constructor_standings_8620
20764,681,176,6.0,5,0,1967-06-04 00:00:00,constructor_standings_8621
20763,681,184,0.0,11,0,1967-06-04 00:00:00,constructor_standings_8622
20762,681,183,2.0,9,0,1967-06-04 00:00:00,constructor_standings_8623
20761,681,191,18.0,1,1,1967-06-04 00:00:00,constructor_standings_8624
20760,681,11,4.0,7,0,1967-06-04 00:00:00,constructor_standings_8625
20759,681,170,6.0,6,0,1967-06-04 00:00:00,constructor_standings_8626
20758,681,167,11.0,2,1,1967-06-04 00:00:00,constructor_standings_8627
20782,682,6,11.0,3,0,1967-06-18 00:00:00,constructor_standings_8628
20781,682,66,7.0,6,0,1967-06-18 00:00:00,constructor_standings_8629
20780,682,189,0.0,14,0,1967-06-18 00:00:00,constructor_standings_8630
20779,682,176,6.0,7,0,1967-06-18 00:00:00,constructor_standings_8631
20778,682,184,0.0,12,0,1967-06-18 00:00:00,constructor_standings_8632
20777,682,183,2.0,11,0,1967-06-18 00:00:00,constructor_standings_8633
20776,682,191,18.0,1,1,1967-06-18 00:00:00,constructor_standings_8634
20775,682,11,4.0,9,0,1967-06-18 00:00:00,constructor_standings_8635
20774,682,170,6.0,8,0,1967-06-18 00:00:00,constructor_standings_8636
20773,682,167,14.0,2,1,1967-06-18 00:00:00,constructor_standings_8637
20797,683,176,6.0,7,0,1967-07-02 00:00:00,constructor_standings_8638
20796,683,6,11.0,4,0,1967-07-02 00:00:00,constructor_standings_8639
20795,683,194,3.0,10,0,1967-07-02 00:00:00,constructor_standings_8640
20794,683,66,11.0,3,0,1967-07-02 00:00:00,constructor_standings_8641
20793,683,172,0.0,13,0,1967-07-02 00:00:00,constructor_standings_8642
20792,683,167,17.0,2,1,1967-07-02 00:00:00,constructor_standings_8643
20791,683,170,6.0,8,0,1967-07-02 00:00:00,constructor_standings_8644
20790,683,11,4.0,9,0,1967-07-02 00:00:00,constructor_standings_8645
20789,683,191,27.0,1,2,1967-07-02 00:00:00,constructor_standings_8646
20788,683,183,2.0,11,0,1967-07-02 00:00:00,constructor_standings_8647
20812,684,176,6.0,7,0,1967-07-15 00:00:00,constructor_standings_8648
20811,684,6,15.0,4,0,1967-07-15 00:00:00,constructor_standings_8649
20810,684,194,3.0,10,0,1967-07-15 00:00:00,constructor_standings_8650
20809,684,66,11.0,5,0,1967-07-15 00:00:00,constructor_standings_8651
20808,684,172,0.0,13,0,1967-07-15 00:00:00,constructor_standings_8652
20807,684,167,19.0,3,1,1967-07-15 00:00:00,constructor_standings_8653
20806,684,170,6.0,8,0,1967-07-15 00:00:00,constructor_standings_8654
20805,684,11,5.0,9,0,1967-07-15 00:00:00,constructor_standings_8655
20804,684,191,33.0,1,2,1967-07-15 00:00:00,constructor_standings_8656
20803,684,183,2.0,11,0,1967-07-15 00:00:00,constructor_standings_8657
20830,685,172,0.0,15,0,1967-08-06 00:00:00,constructor_standings_8658
20829,685,194,3.0,10,0,1967-08-06 00:00:00,constructor_standings_8659
20828,685,6,19.0,4,0,1967-08-06 00:00:00,constructor_standings_8660
20827,685,66,11.0,5,0,1967-08-06 00:00:00,constructor_standings_8661
20826,685,189,0.0,16,0,1967-08-06 00:00:00,constructor_standings_8662
20825,685,176,6.0,8,0,1967-08-06 00:00:00,constructor_standings_8663
20824,685,184,0.0,14,0,1967-08-06 00:00:00,constructor_standings_8664
20823,685,183,2.0,11,0,1967-08-06 00:00:00,constructor_standings_8665
20822,685,191,42.0,1,3,1967-08-06 00:00:00,constructor_standings_8666
20821,685,11,8.0,7,0,1967-08-06 00:00:00,constructor_standings_8667
20820,685,170,6.0,9,0,1967-08-06 00:00:00,constructor_standings_8668
20819,685,167,21.0,2,1,1967-08-06 00:00:00,constructor_standings_8669
20849,686,190,13.0,5,1,1967-08-27 00:00:00,constructor_standings_8670
20848,686,180,22.0,2,2,1967-08-27 00:00:00,constructor_standings_8671
20847,686,176,6.0,8,0,1967-08-27 00:00:00,constructor_standings_8672
20846,686,6,20.0,4,0,1967-08-27 00:00:00,constructor_standings_8673
20845,686,194,3.0,10,0,1967-08-27 00:00:00,constructor_standings_8674
20844,686,66,13.0,6,0,1967-08-27 00:00:00,constructor_standings_8675
20843,686,172,0.0,15,0,1967-08-27 00:00:00,constructor_standings_8676
20842,686,167,21.0,3,1,1967-08-27 00:00:00,constructor_standings_8677
20841,686,170,6.0,9,0,1967-08-27 00:00:00,constructor_standings_8678
20840,686,11,8.0,7,0,1967-08-27 00:00:00,constructor_standings_8679
20839,686,191,51.0,1,4,1967-08-27 00:00:00,constructor_standings_8680
20838,686,183,2.0,11,0,1967-08-27 00:00:00,constructor_standings_8681
20868,687,190,13.0,7,1,1967-09-10 00:00:00,constructor_standings_8682
20867,687,180,26.0,2,2,1967-09-10 00:00:00,constructor_standings_8683
20866,687,176,6.0,8,0,1967-09-10 00:00:00,constructor_standings_8684
20865,687,6,20.0,4,0,1967-09-10 00:00:00,constructor_standings_8685
20864,687,194,3.0,10,0,1967-09-10 00:00:00,constructor_standings_8686
20863,687,66,15.0,6,0,1967-09-10 00:00:00,constructor_standings_8687
20862,687,172,0.0,15,0,1967-09-10 00:00:00,constructor_standings_8688
20861,687,167,24.0,3,1,1967-09-10 00:00:00,constructor_standings_8689
20860,687,170,6.0,9,0,1967-09-10 00:00:00,constructor_standings_8690
20859,687,11,17.0,5,1,1967-09-10 00:00:00,constructor_standings_8691
20858,687,191,57.0,1,4,1967-09-10 00:00:00,constructor_standings_8692
20857,687,183,2.0,11,0,1967-09-10 00:00:00,constructor_standings_8693
20887,688,190,13.0,7,1,1967-10-01 00:00:00,constructor_standings_8694
20886,688,180,35.0,2,3,1967-10-01 00:00:00,constructor_standings_8695
20885,688,176,6.0,8,0,1967-10-01 00:00:00,constructor_standings_8696
20884,688,6,20.0,4,0,1967-10-01 00:00:00,constructor_standings_8697
20883,688,194,3.0,10,0,1967-10-01 00:00:00,constructor_standings_8698
20882,688,66,15.0,6,0,1967-10-01 00:00:00,constructor_standings_8699
20881,688,172,0.0,16,0,1967-10-01 00:00:00,constructor_standings_8700
20880,688,167,27.0,3,1,1967-10-01 00:00:00,constructor_standings_8701
20879,688,170,6.0,9,0,1967-10-01 00:00:00,constructor_standings_8702
20878,688,11,17.0,5,1,1967-10-01 00:00:00,constructor_standings_8703
20877,688,191,61.0,1,4,1967-10-01 00:00:00,constructor_standings_8704
20876,688,183,2.0,11,0,1967-10-01 00:00:00,constructor_standings_8705
20907,689,190,13.0,7,1,1967-10-22 00:00:00,constructor_standings_8706
20906,689,180,44.0,2,4,1967-10-22 00:00:00,constructor_standings_8707
20905,689,176,6.0,8,0,1967-10-22 00:00:00,constructor_standings_8708
20904,689,6,20.0,5,0,1967-10-22 00:00:00,constructor_standings_8709
20903,689,194,3.0,10,0,1967-10-22 00:00:00,constructor_standings_8710
20902,689,66,17.0,6,0,1967-10-22 00:00:00,constructor_standings_8711
20901,689,172,0.0,16,0,1967-10-22 00:00:00,constructor_standings_8712
20900,689,167,28.0,3,1,1967-10-22 00:00:00,constructor_standings_8713
20899,689,170,6.0,9,0,1967-10-22 00:00:00,constructor_standings_8714
20898,689,11,20.0,4,1,1967-10-22 00:00:00,constructor_standings_8715
20897,689,191,63.0,1,4,1967-10-22 00:00:00,constructor_standings_8716
20896,689,183,2.0,11,0,1967-10-22 00:00:00,constructor_standings_8717
20628,690,66,9.0,1,1,1966-05-22 00:00:00,constructor_standings_8718
20627,690,6,6.0,2,0,1966-05-22 00:00:00,constructor_standings_8719
20626,690,167,0.0,3,0,1966-05-22 00:00:00,constructor_standings_8720
20624,690,187,0.0,9,0,1966-05-22 00:00:00,constructor_standings_8721
20639,691,6,15.0,1,1,1966-06-12 00:00:00,constructor_standings_8722
20638,691,167,6.0,3,0,1966-06-12 00:00:00,constructor_standings_8723
20637,691,187,0.0,10,0,1966-06-12 00:00:00,constructor_standings_8724
20635,691,189,0.0,5,0,1966-06-12 00:00:00,constructor_standings_8725
20633,691,183,0.0,9,0,1966-06-12 00:00:00,constructor_standings_8726
20650,692,6,21.0,1,1,1966-07-03 00:00:00,constructor_standings_8727
20649,692,167,9.0,4,0,1966-07-03 00:00:00,constructor_standings_8728
20648,692,187,0.0,10,0,1966-07-03 00:00:00,constructor_standings_8729
20647,692,188,0.0,11,0,1966-07-03 00:00:00,constructor_standings_8730
20646,692,189,2.0,5,0,1966-07-03 00:00:00,constructor_standings_8731
20645,692,66,9.0,3,1,1966-07-03 00:00:00,constructor_standings_8732
20663,693,6,21.0,2,1,1966-07-16 00:00:00,constructor_standings_8733
20662,693,167,11.0,4,0,1966-07-16 00:00:00,constructor_standings_8734
20661,693,187,0.0,12,0,1966-07-16 00:00:00,constructor_standings_8735
20660,693,91,0.0,13,0,1966-07-16 00:00:00,constructor_standings_8736
20659,693,188,1.0,8,0,1966-07-16 00:00:00,constructor_standings_8737
20658,693,192,0.0,10,0,1966-07-16 00:00:00,constructor_standings_8738
20676,694,187,0.0,12,0,1966-07-24 00:00:00,constructor_standings_8739
20675,694,91,0.0,13,0,1966-07-24 00:00:00,constructor_standings_8740
20674,694,6,22.0,2,1,1966-07-24 00:00:00,constructor_standings_8741
20673,694,167,11.0,4,0,1966-07-24 00:00:00,constructor_standings_8742
20672,694,188,1.0,9,0,1966-07-24 00:00:00,constructor_standings_8743
20671,694,192,0.0,11,0,1966-07-24 00:00:00,constructor_standings_8744
20689,695,187,0.0,12,0,1966-08-07 00:00:00,constructor_standings_8745
20688,695,91,0.0,13,0,1966-08-07 00:00:00,constructor_standings_8746
20687,695,6,23.0,2,1,1966-08-07 00:00:00,constructor_standings_8747
20686,695,167,17.0,4,0,1966-08-07 00:00:00,constructor_standings_8748
20685,695,188,1.0,9,0,1966-08-07 00:00:00,constructor_standings_8749
20684,695,192,0.0,11,0,1966-08-07 00:00:00,constructor_standings_8750
20704,696,187,0.0,13,0,1966-09-04 00:00:00,constructor_standings_8751
20703,696,91,0.0,15,0,1966-09-04 00:00:00,constructor_standings_8752
20702,696,190,0.0,14,0,1966-09-04 00:00:00,constructor_standings_8753
20701,696,11,0.0,12,0,1966-09-04 00:00:00,constructor_standings_8754
20700,696,6,31.0,2,2,1966-09-04 00:00:00,constructor_standings_8755
20699,696,167,20.0,4,0,1966-09-04 00:00:00,constructor_standings_8756
20698,696,188,1.0,10,0,1966-09-04 00:00:00,constructor_standings_8757
20719,697,187,2.0,8,0,1966-10-02 00:00:00,constructor_standings_8758
20718,697,91,0.0,15,0,1966-10-02 00:00:00,constructor_standings_8759
20717,697,190,0.0,14,0,1966-10-02 00:00:00,constructor_standings_8760
20716,697,11,0.0,13,0,1966-10-02 00:00:00,constructor_standings_8761
20715,697,6,31.0,2,2,1966-10-02 00:00:00,constructor_standings_8762
20713,697,188,1.0,11,0,1966-10-02 00:00:00,constructor_standings_8763
20734,698,91,0.0,15,0,1966-10-23 00:00:00,constructor_standings_8764
20733,698,187,2.0,9,0,1966-10-23 00:00:00,constructor_standings_8765
20732,698,190,0.0,14,0,1966-10-23 00:00:00,constructor_standings_8766
20731,698,11,3.0,8,0,1966-10-23 00:00:00,constructor_standings_8767
20729,698,167,30.0,3,1,1966-10-23 00:00:00,constructor_standings_8768
20359,699,172,9.0,1,1,1965-01-01 00:00:00,constructor_standings_8769
20358,699,6,6.0,2,0,1965-01-01 00:00:00,constructor_standings_8770
20356,699,170,2.0,4,0,1965-01-01 00:00:00,constructor_standings_8771
20355,699,181,0.0,5,0,1965-01-01 00:00:00,constructor_standings_8772
20354,699,183,0.0,6,0,1965-01-01 00:00:00,constructor_standings_8773
20353,699,182,0.0,7,0,1965-01-01 00:00:00,constructor_standings_8774
20375,700,182,0.0,7,0,1965-05-30 00:00:00,constructor_standings_8775
20374,700,51,0.0,8,0,1965-05-30 00:00:00,constructor_standings_8776
20372,700,66,13.0,1,1,1965-05-30 00:00:00,constructor_standings_8777
20371,700,6,12.0,2,0,1965-05-30 00:00:00,constructor_standings_8778
20370,700,170,4.0,4,0,1965-05-30 00:00:00,constructor_standings_8779
20391,701,182,0.0,8,0,1965-06-13 00:00:00,constructor_standings_8780
20390,701,51,0.0,9,0,1965-06-13 00:00:00,constructor_standings_8781
20389,701,185,0.0,11,0,1965-06-13 00:00:00,constructor_standings_8782
20388,701,66,19.0,1,1,1965-06-13 00:00:00,constructor_standings_8783
20384,701,183,3.0,5,0,1965-06-13 00:00:00,constructor_standings_8784
20407,702,182,0.0,8,0,1965-06-27 00:00:00,constructor_standings_8785
20406,702,51,0.0,9,0,1965-06-27 00:00:00,constructor_standings_8786
20405,702,185,0.0,11,0,1965-06-27 00:00:00,constructor_standings_8787
20404,702,66,25.0,2,1,1965-06-27 00:00:00,constructor_standings_8788
20402,702,170,8.0,4,0,1965-06-27 00:00:00,constructor_standings_8789
20423,703,182,0.0,8,0,1965-07-10 00:00:00,constructor_standings_8790
20422,703,51,0.0,9,0,1965-07-10 00:00:00,constructor_standings_8791
20421,703,185,0.0,11,0,1965-07-10 00:00:00,constructor_standings_8792
20420,703,66,31.0,2,1,1965-07-10 00:00:00,constructor_standings_8793
20419,703,6,20.0,3,0,1965-07-10 00:00:00,constructor_standings_8794
20416,703,183,7.0,5,0,1965-07-10 00:00:00,constructor_standings_8795
20439,704,182,0.0,8,0,1965-07-18 00:00:00,constructor_standings_8796
20438,704,51,0.0,10,0,1965-07-18 00:00:00,constructor_standings_8797
20437,704,185,0.0,11,0,1965-07-18 00:00:00,constructor_standings_8798
20436,704,66,37.0,2,1,1965-07-18 00:00:00,constructor_standings_8799
20434,704,170,8.0,5,0,1965-07-18 00:00:00,constructor_standings_8800
20455,705,182,0.0,8,0,1965-08-01 00:00:00,constructor_standings_8801
20454,705,51,0.0,10,0,1965-08-01 00:00:00,constructor_standings_8802
20453,705,185,0.0,11,0,1965-08-01 00:00:00,constructor_standings_8803
20452,705,66,39.0,2,1,1965-08-01 00:00:00,constructor_standings_8804
20448,705,183,15.0,4,0,1965-08-01 00:00:00,constructor_standings_8805
20471,706,182,0.0,9,0,1965-09-12 00:00:00,constructor_standings_8806
20470,706,51,0.0,10,0,1965-09-12 00:00:00,constructor_standings_8807
20469,706,185,0.0,11,0,1965-09-12 00:00:00,constructor_standings_8808
20468,706,66,42.0,2,2,1965-09-12 00:00:00,constructor_standings_8809
20467,706,6,24.0,3,0,1965-09-12 00:00:00,constructor_standings_8810
20464,706,183,19.0,4,0,1965-09-12 00:00:00,constructor_standings_8811
20487,707,182,0.0,9,0,1965-10-03 00:00:00,constructor_standings_8812
20486,707,51,0.0,10,0,1965-10-03 00:00:00,constructor_standings_8813
20485,707,185,0.0,11,0,1965-10-03 00:00:00,constructor_standings_8814
20484,707,66,45.0,2,3,1965-10-03 00:00:00,constructor_standings_8815
20482,707,170,14.0,5,0,1965-10-03 00:00:00,constructor_standings_8816
20622,690,181,0.0,5,0,1966-05-22 00:00:00,constructor_standings_8817
20503,708,182,0.0,9,0,1965-10-24 00:00:00,constructor_standings_8818
20502,708,51,0.0,10,0,1965-10-24 00:00:00,constructor_standings_8819
20501,708,185,0.0,11,0,1965-10-24 00:00:00,constructor_standings_8820
20500,708,66,45.0,2,3,1965-10-24 00:00:00,constructor_standings_8821
20496,708,183,27.0,3,0,1965-10-24 00:00:00,constructor_standings_8822
20071,709,66,9.0,1,1,1964-05-10 00:00:00,constructor_standings_8823
20069,709,94,0.0,7,0,1964-05-10 00:00:00,constructor_standings_8824
20067,709,170,2.0,3,0,1964-05-10 00:00:00,constructor_standings_8825
20065,709,183,0.0,5,0,1964-05-10 00:00:00,constructor_standings_8826
20081,710,172,13.0,1,1,1964-05-24 00:00:00,constructor_standings_8827
20080,710,66,12.0,2,1,1964-05-24 00:00:00,constructor_standings_8828
20079,710,94,0.0,8,0,1964-05-24 00:00:00,constructor_standings_8829
20077,710,95,0.0,9,0,1964-05-24 00:00:00,constructor_standings_8830
20076,710,181,0.0,7,0,1964-05-24 00:00:00,constructor_standings_8831
20091,711,172,22.0,1,2,1964-06-14 00:00:00,constructor_standings_8832
20090,711,95,0.0,10,0,1964-06-14 00:00:00,constructor_standings_8833
20088,711,66,15.0,2,1,1964-06-14 00:00:00,constructor_standings_8834
20100,712,92,0.0,9,0,1964-06-28 00:00:00,constructor_standings_8835
20098,712,66,21.0,2,1,1964-06-28 00:00:00,constructor_standings_8836
20097,712,94,0.0,7,0,1964-06-28 00:00:00,constructor_standings_8837
20096,712,181,0.0,8,0,1964-06-28 00:00:00,constructor_standings_8838
20095,712,170,9.0,4,0,1964-06-28 00:00:00,constructor_standings_8839
20112,713,95,0.0,10,0,1964-07-11 00:00:00,constructor_standings_8840
20111,713,92,0.0,9,0,1964-07-11 00:00:00,constructor_standings_8841
20109,713,172,34.0,1,3,1964-07-11 00:00:00,constructor_standings_8842
20108,713,66,27.0,2,1,1964-07-11 00:00:00,constructor_standings_8843
20107,713,94,0.0,7,0,1964-07-11 00:00:00,constructor_standings_8844
20106,713,181,0.0,8,0,1964-07-11 00:00:00,constructor_standings_8845
20124,714,95,0.0,11,0,1964-08-02 00:00:00,constructor_standings_8846
20123,714,182,0.0,12,0,1964-08-02 00:00:00,constructor_standings_8847
20121,714,11,0.0,9,0,1964-08-02 00:00:00,constructor_standings_8848
20119,714,66,33.0,2,1,1964-08-02 00:00:00,constructor_standings_8849
20118,714,94,0.0,8,0,1964-08-02 00:00:00,constructor_standings_8850
20136,715,95,0.0,11,0,1964-08-23 00:00:00,constructor_standings_8851
20135,715,182,0.0,12,0,1964-08-23 00:00:00,constructor_standings_8852
20134,715,92,0.0,10,0,1964-08-23 00:00:00,constructor_standings_8853
20133,715,11,0.0,9,0,1964-08-23 00:00:00,constructor_standings_8854
20132,715,172,34.0,2,3,1964-08-23 00:00:00,constructor_standings_8855
20130,715,94,2.0,8,0,1964-08-23 00:00:00,constructor_standings_8856
20149,716,95,0.0,12,0,1964-09-06 00:00:00,constructor_standings_8857
20148,716,182,0.0,13,0,1964-09-06 00:00:00,constructor_standings_8858
20147,716,92,0.0,10,0,1964-09-06 00:00:00,constructor_standings_8859
20146,716,96,0.0,11,0,1964-09-06 00:00:00,constructor_standings_8860
20145,716,11,0.0,9,0,1964-09-06 00:00:00,constructor_standings_8861
20143,716,66,36.0,2,1,1964-09-06 00:00:00,constructor_standings_8862
20352,699,51,0.0,8,0,1965-01-01 00:00:00,constructor_standings_8863
20351,699,176,0.0,9,0,1965-01-01 00:00:00,constructor_standings_8864
20162,717,96,0.0,11,0,1964-10-04 00:00:00,constructor_standings_8865
20161,717,11,0.0,9,0,1964-10-04 00:00:00,constructor_standings_8866
20160,717,182,0.0,13,0,1964-10-04 00:00:00,constructor_standings_8867
20159,717,95,0.0,12,0,1964-10-04 00:00:00,constructor_standings_8868
20157,717,92,0.0,10,0,1964-10-04 00:00:00,constructor_standings_8869
20175,718,96,0.0,11,0,1964-10-25 00:00:00,constructor_standings_8870
20174,718,11,0.0,9,0,1964-10-25 00:00:00,constructor_standings_8871
20173,718,182,0.0,13,0,1964-10-25 00:00:00,constructor_standings_8872
20172,718,95,0.0,12,0,1964-10-25 00:00:00,constructor_standings_8873
20170,718,92,0.0,10,0,1964-10-25 00:00:00,constructor_standings_8874
20075,710,170,2.0,5,0,1964-05-24 00:00:00,constructor_standings_8875
20074,710,176,3.0,4,0,1964-05-24 00:00:00,constructor_standings_8876
19801,719,95,0.0,11,0,1963-05-26 00:00:00,constructor_standings_8877
19799,719,92,0.0,9,0,1963-05-26 00:00:00,constructor_standings_8878
19798,719,54,0.0,8,0,1963-05-26 00:00:00,constructor_standings_8879
19795,719,176,0.0,5,0,1963-05-26 00:00:00,constructor_standings_8880
19794,719,172,1.0,4,0,1963-05-26 00:00:00,constructor_standings_8881
19793,719,6,3.0,3,0,1963-05-26 00:00:00,constructor_standings_8882
19792,719,170,4.0,2,0,1963-05-26 00:00:00,constructor_standings_8883
20073,710,183,1.0,6,0,1964-05-24 00:00:00,constructor_standings_8884
20072,710,6,6.0,3,0,1964-05-24 00:00:00,constructor_standings_8885
20066,709,176,1.0,4,0,1964-05-10 00:00:00,constructor_standings_8886
19812,720,86,0.0,12,0,1963-06-09 00:00:00,constructor_standings_8887
19811,720,94,0.0,11,0,1963-06-09 00:00:00,constructor_standings_8888
19809,720,95,1.0,6,0,1963-06-09 00:00:00,constructor_standings_8889
19808,720,6,3.0,5,0,1963-06-09 00:00:00,constructor_standings_8890
19806,720,176,0.0,8,0,1963-06-09 00:00:00,constructor_standings_8891
19805,720,26,0.0,9,0,1963-06-09 00:00:00,constructor_standings_8892
20070,709,172,4.0,2,0,1964-05-10 00:00:00,constructor_standings_8893
19825,721,86,0.0,12,0,1963-06-23 00:00:00,constructor_standings_8894
19824,721,94,3.0,6,0,1963-06-23 00:00:00,constructor_standings_8895
19823,721,170,10.0,3,0,1963-06-23 00:00:00,constructor_standings_8896
19821,721,95,1.0,7,0,1963-06-23 00:00:00,constructor_standings_8897
19819,721,172,19.0,1,2,1963-06-23 00:00:00,constructor_standings_8898
19818,721,176,0.0,8,0,1963-06-23 00:00:00,constructor_standings_8899
19837,722,86,0.0,12,0,1963-06-30 00:00:00,constructor_standings_8900
19835,722,170,16.0,2,0,1963-06-30 00:00:00,constructor_standings_8901
19834,722,66,14.0,3,1,1963-06-30 00:00:00,constructor_standings_8902
19832,722,6,7.0,5,0,1963-06-30 00:00:00,constructor_standings_8903
19831,722,172,28.0,1,3,1963-06-30 00:00:00,constructor_standings_8904
19850,723,86,0.0,13,0,1963-07-20 00:00:00,constructor_standings_8905
19849,723,97,0.0,12,0,1963-07-20 00:00:00,constructor_standings_8906
19848,723,94,3.0,6,0,1963-07-20 00:00:00,constructor_standings_8907
19847,723,170,16.0,3,0,1963-07-20 00:00:00,constructor_standings_8908
19845,723,95,1.0,8,0,1963-07-20 00:00:00,constructor_standings_8909
19844,723,6,13.0,5,0,1963-07-20 00:00:00,constructor_standings_8910
19843,723,172,37.0,1,4,1963-07-20 00:00:00,constructor_standings_8911
19864,724,86,0.0,13,0,1963-08-04 00:00:00,constructor_standings_8912
19862,724,97,0.0,12,0,1963-08-04 00:00:00,constructor_standings_8913
19861,724,94,3.0,8,0,1963-08-04 00:00:00,constructor_standings_8914
19859,724,66,22.0,2,1,1963-08-04 00:00:00,constructor_standings_8915
19857,724,6,22.0,3,1,1963-08-04 00:00:00,constructor_standings_8916
19856,724,172,43.0,1,4,1963-08-04 00:00:00,constructor_standings_8917
19881,725,86,0.0,13,0,1963-09-08 00:00:00,constructor_standings_8918
19880,725,177,0.0,15,0,1963-09-08 00:00:00,constructor_standings_8919
19879,725,179,0.0,16,0,1963-09-08 00:00:00,constructor_standings_8920
19878,725,173,0.0,17,0,1963-09-08 00:00:00,constructor_standings_8921
19877,725,167,0.0,14,0,1963-09-08 00:00:00,constructor_standings_8922
19875,725,94,6.0,6,0,1963-09-08 00:00:00,constructor_standings_8923
19873,725,66,28.0,2,1,1963-09-08 00:00:00,constructor_standings_8924
19872,725,95,4.0,7,0,1963-09-08 00:00:00,constructor_standings_8925
20064,709,6,0.0,6,0,1964-05-10 00:00:00,constructor_standings_8926
19899,726,86,0.0,14,0,1963-10-06 00:00:00,constructor_standings_8927
19897,726,179,0.0,17,0,1963-10-06 00:00:00,constructor_standings_8928
19895,726,98,0.0,10,0,1963-10-06 00:00:00,constructor_standings_8929
19894,726,167,0.0,15,0,1963-10-06 00:00:00,constructor_standings_8930
19893,726,97,0.0,13,0,1963-10-06 00:00:00,constructor_standings_8931
19891,726,170,21.0,4,0,1963-10-06 00:00:00,constructor_standings_8932
19889,726,95,5.0,7,0,1963-10-06 00:00:00,constructor_standings_8933
19918,727,86,0.0,14,0,1963-10-27 00:00:00,constructor_standings_8934
19917,727,177,0.0,17,0,1963-10-27 00:00:00,constructor_standings_8935
19915,727,173,0.0,19,0,1963-10-27 00:00:00,constructor_standings_8936
19913,727,98,0.0,10,0,1963-10-27 00:00:00,constructor_standings_8937
19912,727,167,0.0,16,0,1963-10-27 00:00:00,constructor_standings_8938
19911,727,97,0.0,13,0,1963-10-27 00:00:00,constructor_standings_8939
19910,727,94,6.0,6,0,1963-10-27 00:00:00,constructor_standings_8940
19908,727,66,36.0,2,2,1963-10-27 00:00:00,constructor_standings_8941
19516,729,26,0.0,7,0,1962-05-20 00:00:00,constructor_standings_8942
19515,729,99,0.0,6,0,1962-05-20 00:00:00,constructor_standings_8943
19514,729,95,1.0,5,0,1962-05-20 00:00:00,constructor_standings_8944
19513,729,170,2.0,4,0,1962-05-20 00:00:00,constructor_standings_8945
19512,729,6,4.0,3,0,1962-05-20 00:00:00,constructor_standings_8946
19525,730,175,0.0,9,0,1962-06-03 00:00:00,constructor_standings_8947
19524,730,176,0.0,8,0,1962-06-03 00:00:00,constructor_standings_8948
19523,730,26,3.0,5,0,1962-06-03 00:00:00,constructor_standings_8949
19522,730,99,0.0,7,0,1962-06-03 00:00:00,constructor_standings_8950
19520,730,170,11.0,1,1,1962-06-03 00:00:00,constructor_standings_8951
19519,730,6,10.0,3,0,1962-06-03 00:00:00,constructor_standings_8952
19534,731,175,0.0,9,0,1962-06-17 00:00:00,constructor_standings_8953
19533,731,176,0.0,8,0,1962-06-17 00:00:00,constructor_standings_8954
19532,731,26,5.0,5,0,1962-06-17 00:00:00,constructor_standings_8955
19531,731,99,0.0,7,0,1962-06-17 00:00:00,constructor_standings_8956
19530,731,95,3.0,6,0,1962-06-17 00:00:00,constructor_standings_8957
19528,731,6,14.0,3,0,1962-06-17 00:00:00,constructor_standings_8958
19527,731,172,15.0,2,1,1962-06-17 00:00:00,constructor_standings_8959
20068,709,92,0.0,8,0,1964-05-10 00:00:00,constructor_standings_8960
19810,720,66,12.0,1,1,1963-06-09 00:00:00,constructor_standings_8961
19545,732,32,0.0,10,0,1962-07-08 00:00:00,constructor_standings_8962
19544,732,87,0.0,7,0,1962-07-08 00:00:00,constructor_standings_8963
19543,732,175,0.0,11,0,1962-07-08 00:00:00,constructor_standings_8964
19542,732,176,0.0,8,0,1962-07-08 00:00:00,constructor_standings_8965
19541,732,26,7.0,6,0,1962-07-08 00:00:00,constructor_standings_8966
19540,732,99,0.0,9,0,1962-07-08 00:00:00,constructor_standings_8967
19804,720,34,4.0,4,0,1963-06-09 00:00:00,constructor_standings_8968
19557,733,97,0.0,12,0,1962-07-21 00:00:00,constructor_standings_8969
19556,733,32,0.0,10,0,1962-07-21 00:00:00,constructor_standings_8970
19555,733,87,0.0,8,0,1962-07-21 00:00:00,constructor_standings_8971
19554,733,175,0.0,11,0,1962-07-21 00:00:00,constructor_standings_8972
19552,733,26,13.0,5,0,1962-07-21 00:00:00,constructor_standings_8973
19551,733,99,0.0,7,0,1962-07-21 00:00:00,constructor_standings_8974
19550,733,95,12.0,6,1,1962-07-21 00:00:00,constructor_standings_8975
19571,734,34,0.0,12,0,1962-08-05 00:00:00,constructor_standings_8976
19570,734,100,0.0,8,0,1962-08-05 00:00:00,constructor_standings_8977
19569,734,97,0.0,13,0,1962-08-05 00:00:00,constructor_standings_8978
19568,734,32,0.0,11,0,1962-08-05 00:00:00,constructor_standings_8979
19564,734,26,19.0,4,0,1962-08-05 00:00:00,constructor_standings_8980
19561,734,170,23.0,3,1,1962-08-05 00:00:00,constructor_standings_8981
19796,719,26,0.0,6,0,1963-05-26 00:00:00,constructor_standings_8982
19797,719,34,0.0,7,0,1963-05-26 00:00:00,constructor_standings_8983
19588,735,32,0.0,11,0,1962-09-16 00:00:00,constructor_standings_8984
19587,735,174,0.0,15,0,1962-09-16 00:00:00,constructor_standings_8985
19586,735,86,0.0,16,0,1962-09-16 00:00:00,constructor_standings_8986
19583,735,34,0.0,12,0,1962-09-16 00:00:00,constructor_standings_8987
19582,735,97,0.0,13,0,1962-09-16 00:00:00,constructor_standings_8988
19581,735,87,0.0,10,0,1962-09-16 00:00:00,constructor_standings_8989
19577,735,172,27.0,2,2,1962-09-16 00:00:00,constructor_standings_8990
19605,736,32,0.0,12,0,1962-10-07 00:00:00,constructor_standings_8991
19604,736,174,0.0,15,0,1962-10-07 00:00:00,constructor_standings_8992
19603,736,86,0.0,16,0,1962-10-07 00:00:00,constructor_standings_8993
19602,736,177,0.0,17,0,1962-10-07 00:00:00,constructor_standings_8994
19601,736,100,0.0,10,0,1962-10-07 00:00:00,constructor_standings_8995
19600,736,34,3.0,7,0,1962-10-07 00:00:00,constructor_standings_8996
19598,736,87,0.0,11,0,1962-10-07 00:00:00,constructor_standings_8997
19800,719,86,0.0,10,0,1963-05-26 00:00:00,constructor_standings_8998
19791,719,66,9.0,1,1,1963-05-26 00:00:00,constructor_standings_8999
19624,737,32,0.0,14,0,1962-12-29 00:00:00,constructor_standings_9000
19623,737,174,0.0,17,0,1962-12-29 00:00:00,constructor_standings_9001
19622,737,86,0.0,18,0,1962-12-29 00:00:00,constructor_standings_9002
19621,737,177,0.0,19,0,1962-12-29 00:00:00,constructor_standings_9003
19620,737,178,0.0,13,0,1962-12-29 00:00:00,constructor_standings_9004
19619,737,89,0.0,12,0,1962-12-29 00:00:00,constructor_standings_9005
19615,737,87,0.0,11,0,1962-12-29 00:00:00,constructor_standings_9006
19613,737,176,1.0,8,0,1962-12-29 00:00:00,constructor_standings_9007
19340,740,66,0.0,6,0,1961-06-18 00:00:00,constructor_standings_9008
19333,739,66,0.0,6,0,1961-05-22 00:00:00,constructor_standings_9009
19327,738,172,9.0,1,1,1961-05-14 00:00:00,constructor_standings_9010
19548,733,6,14.0,4,0,1962-07-21 00:00:00,constructor_standings_9011
19547,733,172,24.0,1,2,1962-07-21 00:00:00,constructor_standings_9012
19334,739,99,0.0,7,0,1961-05-22 00:00:00,constructor_standings_9013
19538,732,170,17.0,2,1,1962-07-08 00:00:00,constructor_standings_9014
19539,732,95,12.0,5,1,1962-07-08 00:00:00,constructor_standings_9015
19546,733,66,23.0,2,1,1962-07-21 00:00:00,constructor_standings_9016
19341,740,99,0.0,7,0,1961-06-18 00:00:00,constructor_standings_9017
19348,741,99,0.0,7,0,1961-07-02 00:00:00,constructor_standings_9018
19349,741,174,0.0,8,0,1961-07-02 00:00:00,constructor_standings_9019
19350,741,101,0.0,9,0,1961-07-02 00:00:00,constructor_standings_9020
19537,732,6,14.0,4,0,1962-07-08 00:00:00,constructor_standings_9021
19536,732,172,15.0,3,1,1962-07-08 00:00:00,constructor_standings_9022
19535,732,66,20.0,1,1,1962-07-08 00:00:00,constructor_standings_9023
19529,731,170,11.0,4,1,1962-06-17 00:00:00,constructor_standings_9024
19360,742,97,0.0,7,0,1961-07-15 00:00:00,constructor_standings_9025
19359,742,101,0.0,10,0,1961-07-15 00:00:00,constructor_standings_9026
19358,742,174,0.0,9,0,1961-07-15 00:00:00,constructor_standings_9027
19357,742,99,0.0,8,0,1961-07-15 00:00:00,constructor_standings_9028
19356,742,66,1.0,5,0,1961-07-15 00:00:00,constructor_standings_9029
19526,731,66,16.0,1,1,1962-06-17 00:00:00,constructor_standings_9030
19367,743,99,0.0,8,0,1961-08-06 00:00:00,constructor_standings_9031
19368,743,174,0.0,9,0,1961-08-06 00:00:00,constructor_standings_9032
19369,743,101,0.0,11,0,1961-08-06 00:00:00,constructor_standings_9033
19370,743,97,0.0,7,0,1961-08-06 00:00:00,constructor_standings_9034
19371,743,103,0.0,10,0,1961-08-06 00:00:00,constructor_standings_9035
19553,733,176,0.0,9,0,1962-07-21 00:00:00,constructor_standings_9036
19379,744,174,0.0,11,0,1961-09-10 00:00:00,constructor_standings_9037
19380,744,101,0.0,12,0,1961-09-10 00:00:00,constructor_standings_9038
19381,744,97,0.0,7,0,1961-09-10 00:00:00,constructor_standings_9039
19382,744,103,0.0,13,0,1961-09-10 00:00:00,constructor_standings_9040
19521,730,95,3.0,6,0,1962-06-03 00:00:00,constructor_standings_9041
19510,729,66,9.0,1,1,1962-05-20 00:00:00,constructor_standings_9042
19511,729,172,6.0,2,0,1962-05-20 00:00:00,constructor_standings_9043
19517,730,66,10.0,2,1,1962-06-03 00:00:00,constructor_standings_9044
19518,730,172,6.0,4,0,1962-06-03 00:00:00,constructor_standings_9045
19560,734,6,15.0,6,0,1962-08-05 00:00:00,constructor_standings_9046
19549,733,170,21.0,3,1,1962-07-21 00:00:00,constructor_standings_9047
19397,745,175,0.0,9,0,1961-10-08 00:00:00,constructor_standings_9048
19396,745,173,0.0,8,0,1961-10-08 00:00:00,constructor_standings_9049
19395,745,103,0.0,13,0,1961-10-08 00:00:00,constructor_standings_9050
19394,745,97,0.0,7,0,1961-10-08 00:00:00,constructor_standings_9051
19393,745,101,0.0,12,0,1961-10-08 00:00:00,constructor_standings_9052
19392,745,174,0.0,11,0,1961-10-08 00:00:00,constructor_standings_9053
19391,745,99,0.0,10,0,1961-10-08 00:00:00,constructor_standings_9054
19390,745,66,7.0,5,0,1961-10-08 00:00:00,constructor_standings_9055
19389,745,167,0.0,6,0,1961-10-08 00:00:00,constructor_standings_9056
19388,745,170,14.0,4,0,1961-10-08 00:00:00,constructor_standings_9057
19387,745,95,22.0,3,0,1961-10-08 00:00:00,constructor_standings_9058
18893,761,123,0.0,12,0,1959-08-02 00:00:00,constructor_standings_9059
18892,761,118,0.0,11,0,1959-08-02 00:00:00,constructor_standings_9060
19134,755,106,0.0,9,0,1960-11-20 00:00:00,constructor_standings_9061
18917,763,123,0.0,12,0,1959-09-13 00:00:00,constructor_standings_9062
18905,762,123,0.0,12,0,1959-08-23 00:00:00,constructor_standings_9063
18904,762,118,0.0,11,0,1959-08-23 00:00:00,constructor_standings_9064
18903,762,101,0.0,10,0,1959-08-23 00:00:00,constructor_standings_9065
18902,762,169,0.0,8,0,1959-08-23 00:00:00,constructor_standings_9066
18901,762,117,0.0,5,0,1959-08-23 00:00:00,constructor_standings_9067
18900,762,105,0.0,7,0,1959-08-23 00:00:00,constructor_standings_9068
18899,762,95,0.0,9,0,1959-08-23 00:00:00,constructor_standings_9069
18881,760,123,0.0,12,0,1959-07-18 00:00:00,constructor_standings_9070
18880,760,118,0.0,11,0,1959-07-18 00:00:00,constructor_standings_9071
18916,763,118,0.0,11,0,1959-09-13 00:00:00,constructor_standings_9072
18915,763,101,0.0,10,0,1959-09-13 00:00:00,constructor_standings_9073
18913,763,117,0.0,5,0,1959-09-13 00:00:00,constructor_standings_9074
18914,763,169,0.0,8,0,1959-09-13 00:00:00,constructor_standings_9075
18869,759,117,0.0,8,0,1959-07-05 00:00:00,constructor_standings_9076
18868,759,105,0.0,6,0,1959-07-05 00:00:00,constructor_standings_9077
18867,759,95,0.0,7,0,1959-07-05 00:00:00,constructor_standings_9078
18866,759,32,3.0,4,0,1959-07-05 00:00:00,constructor_standings_9079
18865,759,66,8.0,3,1,1959-07-05 00:00:00,constructor_standings_9080
18864,759,167,0.0,5,0,1959-07-05 00:00:00,constructor_standings_9081
18861,758,117,0.0,7,0,1959-05-31 00:00:00,constructor_standings_9082
19063,749,105,0.0,7,0,1960-06-06 00:00:00,constructor_standings_9083
19123,754,95,1.0,7,0,1960-09-04 00:00:00,constructor_standings_9084
18853,757,105,0.0,7,0,1959-05-30 00:00:00,constructor_standings_9085
18846,756,105,0.0,7,0,1959-05-10 00:00:00,constructor_standings_9086
19940,728,89,0.0,13,0,1963-12-28 00:00:00,constructor_standings_9087
19939,728,180,0.0,15,0,1963-12-28 00:00:00,constructor_standings_9088
19938,728,51,0.0,16,0,1963-12-28 00:00:00,constructor_standings_9089
19937,728,86,0.0,18,0,1963-12-28 00:00:00,constructor_standings_9090
19935,728,179,0.0,21,0,1963-12-28 00:00:00,constructor_standings_9091
19933,728,32,0.0,19,0,1963-12-28 00:00:00,constructor_standings_9092
19932,728,98,0.0,10,0,1963-12-28 00:00:00,constructor_standings_9093
19931,728,167,0.0,14,0,1963-12-28 00:00:00,constructor_standings_9094
19930,728,97,0.0,17,0,1963-12-28 00:00:00,constructor_standings_9095
19928,728,170,25.0,5,0,1963-12-28 00:00:00,constructor_standings_9096
19907,727,95,5.0,7,0,1963-10-27 00:00:00,constructor_standings_9097
19906,727,6,24.0,3,1,1963-10-27 00:00:00,constructor_standings_9098
19904,727,176,4.0,8,0,1963-10-27 00:00:00,constructor_standings_9099
19888,726,6,24.0,3,1,1963-10-06 00:00:00,constructor_standings_9100
19887,726,172,51.0,1,5,1963-10-06 00:00:00,constructor_standings_9101
19886,726,176,4.0,8,0,1963-10-06 00:00:00,constructor_standings_9102
19871,725,6,22.0,3,1,1963-09-08 00:00:00,constructor_standings_9103
19870,725,172,51.0,1,5,1963-09-08 00:00:00,constructor_standings_9104
19855,724,176,4.0,7,0,1963-08-04 00:00:00,constructor_standings_9105
19854,724,26,0.0,9,0,1963-08-04 00:00:00,constructor_standings_9106
19852,724,54,0.0,11,0,1963-08-04 00:00:00,constructor_standings_9107
19841,723,26,0.0,9,0,1963-07-20 00:00:00,constructor_standings_9108
19839,723,54,0.0,11,0,1963-07-20 00:00:00,constructor_standings_9109
19830,722,176,1.0,7,0,1963-06-30 00:00:00,constructor_standings_9110
19828,722,34,13.0,4,0,1963-06-30 00:00:00,constructor_standings_9111
19817,721,26,0.0,10,0,1963-06-23 00:00:00,constructor_standings_9112
19815,721,54,0.0,11,0,1963-06-23 00:00:00,constructor_standings_9113
19803,720,54,0.0,10,0,1963-06-09 00:00:00,constructor_standings_9114
19802,720,92,0.0,7,0,1963-06-09 00:00:00,constructor_standings_9115
19559,734,172,27.0,2,2,1962-08-05 00:00:00,constructor_standings_9116
19558,734,66,31.0,1,2,1962-08-05 00:00:00,constructor_standings_9117
19386,745,6,45.0,1,5,1961-10-08 00:00:00,constructor_standings_9118
19385,745,172,35.0,2,3,1961-10-08 00:00:00,constructor_standings_9119
19384,744,175,0.0,9,0,1961-09-10 00:00:00,constructor_standings_9120
19383,744,173,0.0,8,0,1961-09-10 00:00:00,constructor_standings_9121
19378,744,99,0.0,10,0,1961-09-10 00:00:00,constructor_standings_9122
19377,744,66,3.0,5,0,1961-09-10 00:00:00,constructor_standings_9123
19366,743,66,1.0,5,0,1961-08-06 00:00:00,constructor_standings_9124
19365,743,167,0.0,6,0,1961-08-06 00:00:00,constructor_standings_9125
19364,743,170,10.0,4,0,1961-08-06 00:00:00,constructor_standings_9126
19363,743,95,11.0,3,0,1961-08-06 00:00:00,constructor_standings_9127
19355,742,167,0.0,6,0,1961-07-15 00:00:00,constructor_standings_9128
19354,742,170,9.0,4,0,1961-07-15 00:00:00,constructor_standings_9129
19353,742,95,11.0,3,0,1961-07-15 00:00:00,constructor_standings_9130
19347,741,66,1.0,5,0,1961-07-02 00:00:00,constructor_standings_9131
19346,741,167,0.0,6,0,1961-07-02 00:00:00,constructor_standings_9132
19339,740,167,0.0,5,0,1961-06-18 00:00:00,constructor_standings_9133
19332,739,167,0.0,5,0,1961-05-22 00:00:00,constructor_standings_9134
19326,738,6,6.0,2,0,1961-05-14 00:00:00,constructor_standings_9135
19325,738,95,2.0,3,0,1961-05-14 00:00:00,constructor_standings_9136
19136,755,95,1.0,7,0,1960-11-20 00:00:00,constructor_standings_9137
19135,755,118,0.0,13,0,1960-11-20 00:00:00,constructor_standings_9138
19133,755,171,3.0,6,0,1960-11-20 00:00:00,constructor_standings_9139
19126,755,6,26.0,3,1,1960-11-20 00:00:00,constructor_standings_9140
19132,755,105,0.0,11,0,1960-11-20 00:00:00,constructor_standings_9141
19131,755,104,0.0,8,0,1960-11-20 00:00:00,constructor_standings_9142
19130,755,101,0.0,12,0,1960-11-20 00:00:00,constructor_standings_9143
19129,755,170,48.0,1,6,1960-11-20 00:00:00,constructor_standings_9144
19128,755,32,34.0,2,2,1960-11-20 00:00:00,constructor_standings_9145
19127,755,66,8.0,4,0,1960-11-20 00:00:00,constructor_standings_9146
19125,755,167,3.0,5,0,1960-11-20 00:00:00,constructor_standings_9147
19124,755,117,0.0,10,0,1960-11-20 00:00:00,constructor_standings_9148
19122,754,118,0.0,13,0,1960-09-04 00:00:00,constructor_standings_9149
19121,754,117,0.0,9,0,1960-09-04 00:00:00,constructor_standings_9150
19114,754,32,28.0,2,1,1960-09-04 00:00:00,constructor_standings_9151
19120,754,171,3.0,6,0,1960-09-04 00:00:00,constructor_standings_9152
19118,754,101,0.0,11,0,1960-09-04 00:00:00,constructor_standings_9153
19117,754,105,0.0,10,0,1960-09-04 00:00:00,constructor_standings_9154
19116,754,104,0.0,8,0,1960-09-04 00:00:00,constructor_standings_9155
19115,754,66,6.0,4,0,1960-09-04 00:00:00,constructor_standings_9156
19113,754,167,3.0,5,0,1960-09-04 00:00:00,constructor_standings_9157
19112,754,6,26.0,3,1,1960-09-04 00:00:00,constructor_standings_9158
19111,754,170,48.0,1,6,1960-09-04 00:00:00,constructor_standings_9159
19109,753,118,0.0,12,0,1960-08-14 00:00:00,constructor_standings_9160
19107,753,171,0.0,10,0,1960-08-14 00:00:00,constructor_standings_9161
19102,753,66,6.0,4,0,1960-08-14 00:00:00,constructor_standings_9162
19106,753,104,0.0,7,0,1960-08-14 00:00:00,constructor_standings_9163
19105,753,101,0.0,9,0,1960-08-14 00:00:00,constructor_standings_9164
19104,753,170,48.0,1,6,1960-08-14 00:00:00,constructor_standings_9165
19103,753,32,28.0,2,1,1960-08-14 00:00:00,constructor_standings_9166
19101,753,6,19.0,3,0,1960-08-14 00:00:00,constructor_standings_9167
19100,753,167,3.0,5,0,1960-08-14 00:00:00,constructor_standings_9168
19099,753,117,0.0,6,0,1960-08-14 00:00:00,constructor_standings_9169
19097,752,118,0.0,12,0,1960-07-16 00:00:00,constructor_standings_9170
19095,752,171,0.0,10,0,1960-07-16 00:00:00,constructor_standings_9171
19089,752,6,16.0,3,0,1960-07-16 00:00:00,constructor_standings_9172
19094,752,104,0.0,7,0,1960-07-16 00:00:00,constructor_standings_9173
19093,752,101,0.0,9,0,1960-07-16 00:00:00,constructor_standings_9174
19092,752,170,46.0,1,5,1960-07-16 00:00:00,constructor_standings_9175
19091,752,32,25.0,2,1,1960-07-16 00:00:00,constructor_standings_9176
19090,752,66,6.0,4,0,1960-07-16 00:00:00,constructor_standings_9177
19088,752,167,3.0,5,0,1960-07-16 00:00:00,constructor_standings_9178
19087,752,117,0.0,6,0,1960-07-16 00:00:00,constructor_standings_9179
19098,752,105,0.0,8,0,1960-07-16 00:00:00,constructor_standings_9180
19081,751,105,0.0,7,0,1960-07-03 00:00:00,constructor_standings_9181
19086,751,118,0.0,11,0,1960-07-03 00:00:00,constructor_standings_9182
19085,751,117,0.0,10,0,1960-07-03 00:00:00,constructor_standings_9183
19084,751,171,0.0,9,0,1960-07-03 00:00:00,constructor_standings_9184
19083,751,106,0.0,8,0,1960-07-03 00:00:00,constructor_standings_9185
19082,751,101,0.0,12,0,1960-07-03 00:00:00,constructor_standings_9186
19080,751,104,0.0,6,0,1960-07-03 00:00:00,constructor_standings_9187
19075,751,170,38.0,1,4,1960-07-03 00:00:00,constructor_standings_9188
19076,751,6,15.0,3,0,1960-07-03 00:00:00,constructor_standings_9189
19077,751,167,3.0,5,0,1960-07-03 00:00:00,constructor_standings_9190
19078,751,32,19.0,2,1,1960-07-03 00:00:00,constructor_standings_9191
19073,750,171,0.0,11,0,1960-06-19 00:00:00,constructor_standings_9192
19110,753,105,0.0,8,0,1960-08-14 00:00:00,constructor_standings_9193
19074,750,105,0.0,7,0,1960-06-19 00:00:00,constructor_standings_9194
19072,750,106,0.0,8,0,1960-06-19 00:00:00,constructor_standings_9195
19066,750,6,15.0,3,0,1960-06-19 00:00:00,constructor_standings_9196
19064,750,117,0.0,9,0,1960-06-19 00:00:00,constructor_standings_9197
19062,749,171,0.0,11,0,1960-06-06 00:00:00,constructor_standings_9198
19061,749,106,0.0,10,0,1960-06-06 00:00:00,constructor_standings_9199
19056,749,66,6.0,4,0,1960-06-06 00:00:00,constructor_standings_9200
19060,749,104,0.0,6,0,1960-06-06 00:00:00,constructor_standings_9201
19059,749,101,0.0,9,0,1960-06-06 00:00:00,constructor_standings_9202
19058,749,170,22.0,1,2,1960-06-06 00:00:00,constructor_standings_9203
19057,749,32,15.0,2,1,1960-06-06 00:00:00,constructor_standings_9204
19055,749,6,12.0,3,0,1960-06-06 00:00:00,constructor_standings_9205
19053,749,117,0.0,8,0,1960-06-06 00:00:00,constructor_standings_9206
19052,748,105,0.0,7,0,1960-05-30 00:00:00,constructor_standings_9207
19051,748,106,0.0,9,0,1960-05-30 00:00:00,constructor_standings_9208
19050,748,171,0.0,10,0,1960-05-30 00:00:00,constructor_standings_9209
19049,748,104,0.0,6,0,1960-05-30 00:00:00,constructor_standings_9210
19046,748,6,10.0,2,0,1960-05-30 00:00:00,constructor_standings_9211
19044,748,167,3.0,4,0,1960-05-30 00:00:00,constructor_standings_9212
19048,748,32,9.0,3,1,1960-05-30 00:00:00,constructor_standings_9213
19047,748,170,14.0,1,1,1960-05-30 00:00:00,constructor_standings_9214
19045,748,66,2.0,5,0,1960-05-30 00:00:00,constructor_standings_9215
19043,748,101,0.0,8,0,1960-05-30 00:00:00,constructor_standings_9216
19041,747,106,0.0,9,0,1960-05-29 00:00:00,constructor_standings_9217
19036,747,6,10.0,2,0,1960-05-29 00:00:00,constructor_standings_9218
19040,747,171,0.0,10,0,1960-05-29 00:00:00,constructor_standings_9219
19039,747,104,0.0,6,0,1960-05-29 00:00:00,constructor_standings_9220
19037,747,170,14.0,1,1,1960-05-29 00:00:00,constructor_standings_9221
19035,747,66,2.0,5,0,1960-05-29 00:00:00,constructor_standings_9222
19033,747,101,0.0,8,0,1960-05-29 00:00:00,constructor_standings_9223
19032,746,105,0.0,7,0,1960-02-07 00:00:00,constructor_standings_9224
19031,746,104,0.0,6,0,1960-02-07 00:00:00,constructor_standings_9225
19030,746,66,0.0,5,0,1960-02-07 00:00:00,constructor_standings_9226
19028,746,167,3.0,3,0,1960-02-07 00:00:00,constructor_standings_9227
19029,746,32,1.0,4,0,1960-02-07 00:00:00,constructor_standings_9228
19026,746,170,8.0,1,1,1960-02-07 00:00:00,constructor_standings_9229
19027,746,6,6.0,2,0,1960-02-07 00:00:00,constructor_standings_9230
19596,736,176,1.0,8,0,1962-10-07 00:00:00,constructor_standings_9231
19592,736,170,27.0,3,1,1962-10-07 00:00:00,constructor_standings_9232
19578,735,175,0.0,14,0,1962-09-16 00:00:00,constructor_standings_9233
19579,735,176,0.0,8,0,1962-09-16 00:00:00,constructor_standings_9234
19580,735,66,37.0,1,3,1962-09-16 00:00:00,constructor_standings_9235
18860,758,105,0.0,8,0,1959-05-31 00:00:00,constructor_standings_9236
18852,757,95,0.0,6,0,1959-05-30 00:00:00,constructor_standings_9237
18851,757,32,0.0,5,0,1959-05-30 00:00:00,constructor_standings_9238
18850,757,66,0.0,4,0,1959-05-30 00:00:00,constructor_standings_9239
18849,757,167,0.0,3,0,1959-05-30 00:00:00,constructor_standings_9240
18859,758,95,0.0,6,0,1959-05-31 00:00:00,constructor_standings_9241
18858,758,32,3.0,4,0,1959-05-31 00:00:00,constructor_standings_9242
18857,758,66,8.0,2,1,1959-05-31 00:00:00,constructor_standings_9243
18856,758,167,0.0,5,0,1959-05-31 00:00:00,constructor_standings_9244
18855,758,6,8.0,3,0,1959-05-31 00:00:00,constructor_standings_9245
18854,758,170,14.0,1,1,1959-05-31 00:00:00,constructor_standings_9246
17846,775,32,3.0,6,0,1958-10-19 00:00:00,constructor_standings_9247
17847,775,118,48.0,1,6,1958-10-19 00:00:00,constructor_standings_9248
17848,775,125,0.0,8,0,1958-10-19 00:00:00,constructor_standings_9249
17849,775,127,0.0,9,0,1958-10-19 00:00:00,constructor_standings_9250
17850,775,95,0.0,7,0,1958-10-19 00:00:00,constructor_standings_9251
18845,756,95,0.0,6,0,1959-05-10 00:00:00,constructor_standings_9252
18844,756,32,0.0,5,0,1959-05-10 00:00:00,constructor_standings_9253
18843,756,66,0.0,4,0,1959-05-10 00:00:00,constructor_standings_9254
18842,756,167,0.0,3,0,1959-05-10 00:00:00,constructor_standings_9255
18841,756,6,6.0,2,0,1959-05-10 00:00:00,constructor_standings_9256
18840,756,170,8.0,1,1,1959-05-10 00:00:00,constructor_standings_9257
18848,757,6,6.0,2,0,1959-05-30 00:00:00,constructor_standings_9258
18847,757,170,8.0,1,1,1959-05-30 00:00:00,constructor_standings_9259
17845,775,66,18.0,4,0,1958-10-19 00:00:00,constructor_standings_9260
17844,775,105,6.0,5,0,1958-10-19 00:00:00,constructor_standings_9261
17833,774,87,31.0,3,2,1958-09-07 00:00:00,constructor_standings_9262
17834,774,6,40.0,2,2,1958-09-07 00:00:00,constructor_standings_9263
17835,774,105,6.0,5,0,1958-09-07 00:00:00,constructor_standings_9264
17836,774,66,15.0,4,0,1958-09-07 00:00:00,constructor_standings_9265
17837,774,32,3.0,6,0,1958-09-07 00:00:00,constructor_standings_9266
17838,774,118,46.0,1,5,1958-09-07 00:00:00,constructor_standings_9267
17839,774,125,0.0,8,0,1958-09-07 00:00:00,constructor_standings_9268
17840,774,127,0.0,9,0,1958-09-07 00:00:00,constructor_standings_9269
17841,774,95,0.0,7,0,1958-09-07 00:00:00,constructor_standings_9270
17824,773,87,29.0,3,2,1958-08-24 00:00:00,constructor_standings_9271
19611,737,172,36.0,2,3,1962-12-29 00:00:00,constructor_standings_9272
19610,737,6,18.0,6,0,1962-12-29 00:00:00,constructor_standings_9273
19584,735,100,0.0,9,0,1962-09-16 00:00:00,constructor_standings_9274
19585,735,177,0.0,17,0,1962-09-16 00:00:00,constructor_standings_9275
19576,735,6,18.0,5,0,1962-09-16 00:00:00,constructor_standings_9276
18863,759,6,16.0,2,1,1959-07-05 00:00:00,constructor_standings_9277
18862,759,170,18.0,1,1,1959-07-05 00:00:00,constructor_standings_9278
17827,773,66,15.0,4,0,1958-08-24 00:00:00,constructor_standings_9279
17828,773,32,3.0,6,0,1958-08-24 00:00:00,constructor_standings_9280
17829,773,118,41.0,1,4,1958-08-24 00:00:00,constructor_standings_9281
17830,773,125,0.0,8,0,1958-08-24 00:00:00,constructor_standings_9282
17831,773,127,0.0,9,0,1958-08-24 00:00:00,constructor_standings_9283
17832,773,95,0.0,7,0,1958-08-24 00:00:00,constructor_standings_9284
18879,760,101,0.0,10,0,1959-07-18 00:00:00,constructor_standings_9285
18878,760,169,0.0,8,0,1959-07-18 00:00:00,constructor_standings_9286
18877,760,117,0.0,5,0,1959-07-18 00:00:00,constructor_standings_9287
18876,760,105,0.0,7,0,1959-07-18 00:00:00,constructor_standings_9288
18875,760,95,0.0,9,0,1959-07-18 00:00:00,constructor_standings_9289
17826,773,105,6.0,5,0,1958-08-24 00:00:00,constructor_standings_9290
17825,773,6,40.0,2,2,1958-08-24 00:00:00,constructor_standings_9291
18874,760,32,3.0,4,0,1959-07-18 00:00:00,constructor_standings_9292
18873,760,66,14.0,3,1,1959-07-18 00:00:00,constructor_standings_9293
18872,760,167,0.0,6,0,1959-07-18 00:00:00,constructor_standings_9294
18871,760,6,16.0,2,1,1959-07-18 00:00:00,constructor_standings_9295
18870,760,170,26.0,1,2,1959-07-18 00:00:00,constructor_standings_9296
17823,772,95,0.0,7,0,1958-08-03 00:00:00,constructor_standings_9297
17822,772,127,0.0,9,0,1958-08-03 00:00:00,constructor_standings_9298
17821,772,125,0.0,8,0,1958-08-03 00:00:00,constructor_standings_9299
17820,772,118,33.0,2,3,1958-08-03 00:00:00,constructor_standings_9300
17818,772,66,12.0,4,0,1958-08-03 00:00:00,constructor_standings_9301
17819,772,32,3.0,6,0,1958-08-03 00:00:00,constructor_standings_9302
17817,772,105,6.0,5,0,1958-08-03 00:00:00,constructor_standings_9303
17816,772,6,37.0,1,2,1958-08-03 00:00:00,constructor_standings_9304
17815,772,87,29.0,3,2,1958-08-03 00:00:00,constructor_standings_9305
18891,761,101,0.0,10,0,1959-08-02 00:00:00,constructor_standings_9306
18890,761,169,0.0,8,0,1959-08-02 00:00:00,constructor_standings_9307
18889,761,117,0.0,6,0,1959-08-02 00:00:00,constructor_standings_9308
18888,761,105,0.0,7,0,1959-08-02 00:00:00,constructor_standings_9309
18887,761,95,0.0,9,0,1959-08-02 00:00:00,constructor_standings_9310
18886,761,32,3.0,4,0,1959-08-02 00:00:00,constructor_standings_9311
18885,761,66,16.0,3,1,1959-08-02 00:00:00,constructor_standings_9312
18884,761,167,0.0,5,0,1959-08-02 00:00:00,constructor_standings_9313
17810,771,32,3.0,6,0,1958-07-19 00:00:00,constructor_standings_9314
17811,771,118,25.0,2,2,1958-07-19 00:00:00,constructor_standings_9315
17812,771,125,0.0,8,0,1958-07-19 00:00:00,constructor_standings_9316
17813,771,127,0.0,9,0,1958-07-19 00:00:00,constructor_standings_9317
17814,771,95,0.0,7,0,1958-07-19 00:00:00,constructor_standings_9318
17809,771,66,12.0,4,0,1958-07-19 00:00:00,constructor_standings_9319
17806,771,87,23.0,3,2,1958-07-19 00:00:00,constructor_standings_9320
17807,771,6,36.0,1,2,1958-07-19 00:00:00,constructor_standings_9321
19609,737,170,29.0,3,1,1962-12-29 00:00:00,constructor_standings_9322
19608,737,95,18.0,5,1,1962-12-29 00:00:00,constructor_standings_9323
19607,737,99,0.0,9,0,1962-12-29 00:00:00,constructor_standings_9324
19606,737,26,19.0,4,0,1962-12-29 00:00:00,constructor_standings_9325
19593,736,6,18.0,6,0,1962-10-07 00:00:00,constructor_standings_9326
19594,736,172,36.0,2,3,1962-10-07 00:00:00,constructor_standings_9327
19595,736,175,0.0,14,0,1962-10-07 00:00:00,constructor_standings_9328
18883,761,6,24.0,2,2,1959-08-02 00:00:00,constructor_standings_9329
17799,770,105,6.0,5,0,1958-07-06 00:00:00,constructor_standings_9330
17800,770,66,10.0,4,0,1958-07-06 00:00:00,constructor_standings_9331
17801,770,32,3.0,6,0,1958-07-06 00:00:00,constructor_standings_9332
17802,770,118,22.0,2,2,1958-07-06 00:00:00,constructor_standings_9333
17803,770,125,0.0,8,0,1958-07-06 00:00:00,constructor_standings_9334
17804,770,127,0.0,9,0,1958-07-06 00:00:00,constructor_standings_9335
17805,770,95,0.0,7,0,1958-07-06 00:00:00,constructor_standings_9336
18882,761,170,29.0,1,2,1959-08-02 00:00:00,constructor_standings_9337
17793,769,118,16.0,3,2,1958-06-15 00:00:00,constructor_standings_9338
17794,769,125,0.0,8,0,1958-06-15 00:00:00,constructor_standings_9339
17795,769,127,0.0,9,0,1958-06-15 00:00:00,constructor_standings_9340
17796,769,95,0.0,7,0,1958-06-15 00:00:00,constructor_standings_9341
19599,736,97,0.0,13,0,1962-10-07 00:00:00,constructor_standings_9342
19376,744,167,0.0,6,0,1961-09-10 00:00:00,constructor_standings_9343
19375,744,170,13.0,4,0,1961-09-10 00:00:00,constructor_standings_9344
19374,744,95,17.0,3,0,1961-09-10 00:00:00,constructor_standings_9345
19362,743,6,42.0,1,4,1961-08-06 00:00:00,constructor_standings_9346
19361,743,172,26.0,2,2,1961-08-06 00:00:00,constructor_standings_9347
19352,742,6,42.0,1,4,1961-07-15 00:00:00,constructor_standings_9348
19351,742,172,17.0,2,1,1961-07-15 00:00:00,constructor_standings_9349
17792,769,32,3.0,6,0,1958-06-15 00:00:00,constructor_standings_9350
17789,769,6,20.0,1,0,1958-06-15 00:00:00,constructor_standings_9351
17790,769,105,3.0,5,0,1958-06-15 00:00:00,constructor_standings_9352
17785,768,125,0.0,8,0,1958-05-30 00:00:00,constructor_standings_9353
17786,768,127,0.0,9,0,1958-05-30 00:00:00,constructor_standings_9354
17787,768,95,0.0,7,0,1958-05-30 00:00:00,constructor_standings_9355
19597,736,66,39.0,1,3,1962-10-07 00:00:00,constructor_standings_9356
19591,736,95,18.0,5,1,1962-10-07 00:00:00,constructor_standings_9357
19345,741,170,6.0,4,0,1961-07-02 00:00:00,constructor_standings_9358
19344,741,95,9.0,3,0,1961-07-02 00:00:00,constructor_standings_9359
19343,741,6,33.0,1,3,1961-07-02 00:00:00,constructor_standings_9360
19342,741,172,17.0,2,1,1961-07-02 00:00:00,constructor_standings_9361
19338,740,170,4.0,3,0,1961-06-18 00:00:00,constructor_standings_9362
19337,740,95,3.0,4,0,1961-06-18 00:00:00,constructor_standings_9363
17784,768,118,8.0,3,1,1958-05-30 00:00:00,constructor_standings_9364
17783,768,32,0.0,6,0,1958-05-30 00:00:00,constructor_standings_9365
17782,768,66,8.0,4,0,1958-05-30 00:00:00,constructor_standings_9366
17781,768,105,3.0,5,0,1958-05-30 00:00:00,constructor_standings_9367
17780,768,6,14.0,2,0,1958-05-30 00:00:00,constructor_standings_9368
17779,768,87,19.0,1,2,1958-05-30 00:00:00,constructor_standings_9369
17778,767,95,0.0,7,0,1958-05-26 00:00:00,constructor_standings_9370
17777,767,127,0.0,9,0,1958-05-26 00:00:00,constructor_standings_9371
17776,767,125,0.0,8,0,1958-05-26 00:00:00,constructor_standings_9372
17775,767,118,8.0,3,1,1958-05-26 00:00:00,constructor_standings_9373
17791,769,66,10.0,4,0,1958-06-15 00:00:00,constructor_standings_9374
17774,767,32,0.0,6,0,1958-05-26 00:00:00,constructor_standings_9375
17769,766,127,0.0,8,0,1958-05-18 00:00:00,constructor_standings_9376
17768,766,125,0.0,7,0,1958-05-18 00:00:00,constructor_standings_9377
17767,766,118,0.0,6,0,1958-05-18 00:00:00,constructor_standings_9378
17766,766,32,0.0,5,0,1958-05-18 00:00:00,constructor_standings_9379
17765,766,66,2.0,4,0,1958-05-18 00:00:00,constructor_standings_9380
17764,766,105,3.0,3,0,1958-05-18 00:00:00,constructor_standings_9381
17763,766,6,12.0,2,0,1958-05-18 00:00:00,constructor_standings_9382
17762,766,87,16.0,1,2,1958-05-18 00:00:00,constructor_standings_9383
17773,767,66,8.0,4,0,1958-05-26 00:00:00,constructor_standings_9384
17772,767,105,3.0,5,0,1958-05-26 00:00:00,constructor_standings_9385
17771,767,6,14.0,2,0,1958-05-26 00:00:00,constructor_standings_9386
17770,767,87,19.0,1,2,1958-05-26 00:00:00,constructor_standings_9387
17761,765,105,3.0,3,0,1958-01-19 00:00:00,constructor_standings_9388
17760,765,6,6.0,2,0,1958-01-19 00:00:00,constructor_standings_9389
17759,765,87,8.0,1,1,1958-01-19 00:00:00,constructor_standings_9390
17788,769,87,19.0,2,2,1958-06-15 00:00:00,constructor_standings_9391
17798,770,6,28.0,1,1,1958-07-06 00:00:00,constructor_standings_9392
17797,770,87,19.0,3,2,1958-07-06 00:00:00,constructor_standings_9393
17808,771,105,6.0,5,0,1958-07-19 00:00:00,constructor_standings_9394
17842,775,87,31.0,3,2,1958-10-19 00:00:00,constructor_standings_9395
17843,775,6,40.0,2,2,1958-10-19 00:00:00,constructor_standings_9396
19575,735,170,25.0,3,1,1962-09-16 00:00:00,constructor_standings_9397
19562,734,95,16.0,5,1,1962-08-05 00:00:00,constructor_standings_9398
19563,734,99,0.0,7,0,1962-08-05 00:00:00,constructor_standings_9399
19574,735,95,17.0,6,1,1962-09-16 00:00:00,constructor_standings_9400
19573,735,99,0.0,7,0,1962-09-16 00:00:00,constructor_standings_9401
19572,735,26,19.0,4,0,1962-09-16 00:00:00,constructor_standings_9402
19565,734,176,0.0,10,0,1962-08-05 00:00:00,constructor_standings_9403
19566,734,175,0.0,14,0,1962-08-05 00:00:00,constructor_standings_9404
19567,734,87,0.0,9,0,1962-08-05 00:00:00,constructor_standings_9405
19336,740,6,24.0,1,2,1961-06-18 00:00:00,constructor_standings_9406
19335,740,172,13.0,2,1,1961-06-18 00:00:00,constructor_standings_9407
19331,739,170,2.0,4,0,1961-05-22 00:00:00,constructor_standings_9408
19330,739,95,2.0,3,0,1961-05-22 00:00:00,constructor_standings_9409
19324,738,170,1.0,4,0,1961-05-14 00:00:00,constructor_standings_9410
19323,738,167,0.0,5,0,1961-05-14 00:00:00,constructor_standings_9411
19119,754,106,0.0,12,0,1960-09-04 00:00:00,constructor_standings_9412
19108,753,106,0.0,11,0,1960-08-14 00:00:00,constructor_standings_9413
19096,752,106,0.0,11,0,1960-07-16 00:00:00,constructor_standings_9414
19079,751,66,6.0,4,0,1960-07-03 00:00:00,constructor_standings_9415
19065,750,167,3.0,5,0,1960-06-19 00:00:00,constructor_standings_9416
18928,764,118,0.0,15,0,1959-12-12 00:00:00,constructor_standings_9417
18929,764,123,0.0,16,0,1959-12-12 00:00:00,constructor_standings_9418
18930,764,113,0.0,7,0,1959-12-12 00:00:00,constructor_standings_9419
18931,764,168,0.0,11,0,1959-12-12 00:00:00,constructor_standings_9420
18932,764,124,0.0,12,0,1959-12-12 00:00:00,constructor_standings_9421
18933,764,125,0.0,13,0,1959-12-12 00:00:00,constructor_standings_9422
19042,747,105,0.0,7,0,1960-05-29 00:00:00,constructor_standings_9423
19038,747,32,9.0,3,1,1960-05-29 00:00:00,constructor_standings_9424
19034,747,167,3.0,4,0,1960-05-29 00:00:00,constructor_standings_9425
19054,749,167,3.0,5,0,1960-06-06 00:00:00,constructor_standings_9426
19067,750,66,6.0,4,0,1960-06-19 00:00:00,constructor_standings_9427
19068,750,32,17.0,2,1,1960-06-19 00:00:00,constructor_standings_9428
19069,750,170,30.0,1,3,1960-06-19 00:00:00,constructor_standings_9429
19070,750,101,0.0,10,0,1960-06-19 00:00:00,constructor_standings_9430
19071,750,104,0.0,6,0,1960-06-19 00:00:00,constructor_standings_9431
22131,613,34,12.0,4,0,1973-07-14 00:00:00,constructor_standings_9432
22132,613,1,35.0,3,2,1973-07-14 00:00:00,constructor_standings_9433
22133,613,6,12.0,5,0,1973-07-14 00:00:00,constructor_standings_9434
22119,612,34,11.0,5,0,1973-07-01 00:00:00,constructor_standings_9435
22120,612,1,26.0,3,1,1973-07-01 00:00:00,constructor_standings_9436
22044,607,6,9.0,4,0,1973-03-03 00:00:00,constructor_standings_9437
22040,607,37,0.0,10,0,1973-03-03 00:00:00,constructor_standings_9438
22041,607,66,1.0,5,0,1973-03-03 00:00:00,constructor_standings_9439
22042,607,34,1.0,6,0,1973-03-03 00:00:00,constructor_standings_9440
22032,605,66,0.0,6,0,1973-01-28 00:00:00,constructor_standings_9441
22033,605,34,1.0,5,0,1973-01-28 00:00:00,constructor_standings_9442
21918,622,1,17.0,1,1,1972-05-01 00:00:00,constructor_standings_9443
21909,621,1,15.0,1,1,1972-03-04 00:00:00,constructor_standings_9444
21906,621,37,3.0,5,0,1972-03-04 00:00:00,constructor_standings_9445
21898,620,63,2.0,4,0,1972-01-23 00:00:00,constructor_standings_9446
21946,624,1,23.0,2,1,1972-06-04 00:00:00,constructor_standings_9447
21941,624,66,9.0,5,1,1972-06-04 00:00:00,constructor_standings_9448
21940,624,32,28.0,1,2,1972-06-04 00:00:00,constructor_standings_9449
21921,623,32,19.0,2,1,1972-05-14 00:00:00,constructor_standings_9450
21927,623,1,19.0,1,1,1972-05-14 00:00:00,constructor_standings_9451
21913,622,66,0.0,8,0,1972-05-01 00:00:00,constructor_standings_9452
21914,622,34,1.0,7,0,1972-05-01 00:00:00,constructor_standings_9453
21912,622,32,15.0,2,1,1972-05-01 00:00:00,constructor_standings_9454
21905,621,34,1.0,7,0,1972-03-04 00:00:00,constructor_standings_9455
21904,621,66,0.0,8,0,1972-03-04 00:00:00,constructor_standings_9456
21895,620,66,0.0,7,0,1972-01-23 00:00:00,constructor_standings_9457
21894,620,32,0.0,8,0,1972-01-23 00:00:00,constructor_standings_9458
21792,642,85,0.0,12,0,1971-10-03 00:00:00,constructor_standings_9459
21791,642,199,0.0,11,0,1971-10-03 00:00:00,constructor_standings_9460
21780,641,85,0.0,12,0,1971-09-19 00:00:00,constructor_standings_9461
21779,641,201,0.0,10,0,1971-09-19 00:00:00,constructor_standings_9462
21768,640,85,0.0,12,0,1971-09-05 00:00:00,constructor_standings_9463
21767,640,201,0.0,10,0,1971-09-05 00:00:00,constructor_standings_9464
21756,639,201,0.0,11,0,1971-08-15 00:00:00,constructor_standings_9465
21755,639,66,21.0,3,1,1971-08-15 00:00:00,constructor_standings_9466
21745,638,201,0.0,11,0,1971-08-01 00:00:00,constructor_standings_9467
21744,638,199,0.0,10,0,1971-08-01 00:00:00,constructor_standings_9468
21734,637,201,0.0,11,0,1971-07-17 00:00:00,constructor_standings_9469
21733,637,199,0.0,10,0,1971-07-17 00:00:00,constructor_standings_9470
21723,636,201,0.0,11,0,1971-07-04 00:00:00,constructor_standings_9471
21722,636,66,12.0,3,0,1971-07-04 00:00:00,constructor_standings_9472
21712,635,201,0.0,11,0,1971-06-20 00:00:00,constructor_standings_9473
21711,635,66,9.0,3,0,1971-06-20 00:00:00,constructor_standings_9474
21701,634,199,0.0,10,0,1971-05-23 00:00:00,constructor_standings_9475
21691,633,199,0.0,10,0,1971-04-18 00:00:00,constructor_standings_9476
21681,632,66,0.0,10,0,1971-03-06 00:00:00,constructor_standings_9477
21666,655,86,0.0,10,0,1970-10-25 00:00:00,constructor_standings_9478
21662,655,32,59.0,1,6,1970-10-25 00:00:00,constructor_standings_9479
21664,655,37,48.0,3,1,1970-10-25 00:00:00,constructor_standings_9480
21661,655,66,23.0,6,1,1970-10-25 00:00:00,constructor_standings_9481
21660,655,6,52.0,2,4,1970-10-25 00:00:00,constructor_standings_9482
21654,654,86,0.0,10,0,1970-10-04 00:00:00,constructor_standings_9483
21650,654,32,59.0,1,6,1970-10-04 00:00:00,constructor_standings_9484
21652,654,37,45.0,3,1,1970-10-04 00:00:00,constructor_standings_9485
21649,654,66,22.0,6,1,1970-10-04 00:00:00,constructor_standings_9486
21648,654,6,46.0,2,3,1970-10-04 00:00:00,constructor_standings_9487
21638,653,32,50.0,1,5,1970-09-20 00:00:00,constructor_standings_9488
21639,653,82,21.0,6,0,1970-09-20 00:00:00,constructor_standings_9489
21640,653,37,43.0,3,1,1970-09-20 00:00:00,constructor_standings_9490
21637,653,66,16.0,7,1,1970-09-20 00:00:00,constructor_standings_9491
21636,653,6,43.0,2,3,1970-09-20 00:00:00,constructor_standings_9492
21627,652,32,50.0,1,5,1970-09-06 00:00:00,constructor_standings_9493
21628,652,82,21.0,6,0,1970-09-06 00:00:00,constructor_standings_9494
21626,652,66,13.0,7,1,1970-09-06 00:00:00,constructor_standings_9495
21625,652,6,34.0,4,2,1970-09-06 00:00:00,constructor_standings_9496
21624,651,85,0.0,11,0,1970-08-16 00:00:00,constructor_standings_9497
21618,651,37,33.0,2,1,1970-08-16 00:00:00,constructor_standings_9498
21616,651,32,50.0,1,5,1970-08-16 00:00:00,constructor_standings_9499
21615,651,66,13.0,7,1,1970-08-16 00:00:00,constructor_standings_9500
21614,651,6,25.0,5,1,1970-08-16 00:00:00,constructor_standings_9501
21607,650,37,33.0,2,1,1970-08-02 00:00:00,constructor_standings_9502
21605,650,32,50.0,1,5,1970-08-02 00:00:00,constructor_standings_9503
21604,650,66,10.0,7,1,1970-08-02 00:00:00,constructor_standings_9504
21603,650,6,16.0,5,0,1970-08-02 00:00:00,constructor_standings_9505
21594,649,32,41.0,1,4,1970-07-18 00:00:00,constructor_standings_9506
21595,649,82,15.0,5,0,1970-07-18 00:00:00,constructor_standings_9507
21593,649,66,10.0,6,1,1970-07-18 00:00:00,constructor_standings_9508
21592,649,6,10.0,7,0,1970-07-18 00:00:00,constructor_standings_9509
21584,648,32,32.0,1,3,1970-07-05 00:00:00,constructor_standings_9510
21586,648,37,31.0,2,1,1970-07-05 00:00:00,constructor_standings_9511
21583,648,66,10.0,6,1,1970-07-05 00:00:00,constructor_standings_9512
21582,648,6,7.0,7,0,1970-07-05 00:00:00,constructor_standings_9513
21574,647,32,23.0,2,2,1970-06-21 00:00:00,constructor_standings_9514
21576,647,37,25.0,1,1,1970-06-21 00:00:00,constructor_standings_9515
21573,647,66,10.0,6,1,1970-06-21 00:00:00,constructor_standings_9516
21572,647,6,7.0,7,0,1970-06-21 00:00:00,constructor_standings_9517
21570,646,187,15.0,3,0,1970-06-07 00:00:00,constructor_standings_9518
21565,646,32,14.0,4,1,1970-06-07 00:00:00,constructor_standings_9519
21564,646,66,10.0,6,1,1970-06-07 00:00:00,constructor_standings_9520
21563,646,6,3.0,7,0,1970-06-07 00:00:00,constructor_standings_9521
21560,645,86,0.0,7,0,1970-05-10 00:00:00,constructor_standings_9522
21558,645,37,13.0,4,1,1970-05-10 00:00:00,constructor_standings_9523
21556,645,32,14.0,3,1,1970-05-10 00:00:00,constructor_standings_9524
21555,645,66,1.0,6,0,1970-05-10 00:00:00,constructor_standings_9525
21554,645,6,0.0,8,0,1970-05-10 00:00:00,constructor_standings_9526
21547,644,32,5.0,4,0,1970-04-19 00:00:00,constructor_standings_9527
21548,644,82,3.0,5,0,1970-04-19 00:00:00,constructor_standings_9528
21546,644,66,0.0,6,0,1970-04-19 00:00:00,constructor_standings_9529
21545,644,6,0.0,7,0,1970-04-19 00:00:00,constructor_standings_9530
21539,643,32,2.0,5,0,1970-03-07 00:00:00,constructor_standings_9531
21540,643,82,3.0,4,0,1970-03-07 00:00:00,constructor_standings_9532
21369,665,182,45.0,3,2,1969-10-05 00:00:00,constructor_standings_9533
21359,664,182,39.0,2,2,1969-09-20 00:00:00,constructor_standings_9534
21350,663,182,30.0,3,1,1969-09-07 00:00:00,constructor_standings_9535
21342,662,6,4.0,5,0,1969-08-03 00:00:00,constructor_standings_9536
21336,661,187,20.0,3,0,1969-07-19 00:00:00,constructor_standings_9537
21328,660,187,18.0,3,0,1969-07-06 00:00:00,constructor_standings_9538
21318,659,6,4.0,5,0,1969-06-21 00:00:00,constructor_standings_9539
21537,643,6,0.0,7,0,1970-03-07 00:00:00,constructor_standings_9540
21388,666,183,0.0,10,0,1969-10-19 00:00:00,constructor_standings_9541
21386,666,180,47.0,3,2,1969-10-19 00:00:00,constructor_standings_9542
21380,666,6,7.0,6,0,1969-10-19 00:00:00,constructor_standings_9543
21379,666,182,49.0,2,2,1969-10-19 00:00:00,constructor_standings_9544
21374,665,196,63.0,1,6,1969-10-05 00:00:00,constructor_standings_9545
21373,665,66,6.0,6,0,1969-10-05 00:00:00,constructor_standings_9546
21372,665,187,29.0,4,0,1969-10-05 00:00:00,constructor_standings_9547
21371,665,191,0.0,8,0,1969-10-05 00:00:00,constructor_standings_9548
21370,665,6,7.0,5,0,1969-10-05 00:00:00,constructor_standings_9549
21367,664,197,0.0,9,0,1969-09-20 00:00:00,constructor_standings_9550
21366,664,180,38.0,3,1,1969-09-20 00:00:00,constructor_standings_9551
21365,664,167,0.0,7,0,1969-09-20 00:00:00,constructor_standings_9552
21363,664,66,2.0,6,0,1969-09-20 00:00:00,constructor_standings_9553
21361,664,191,0.0,8,0,1969-09-20 00:00:00,constructor_standings_9554
21360,664,6,5.0,5,0,1969-09-20 00:00:00,constructor_standings_9555
21354,663,66,2.0,6,0,1969-09-07 00:00:00,constructor_standings_9556
21353,663,187,27.0,4,0,1969-09-07 00:00:00,constructor_standings_9557
21352,663,191,0.0,8,0,1969-09-07 00:00:00,constructor_standings_9558
21351,663,6,5.0,5,0,1969-09-07 00:00:00,constructor_standings_9559
21349,662,197,0.0,9,0,1969-08-03 00:00:00,constructor_standings_9560
21343,662,191,0.0,8,0,1969-08-03 00:00:00,constructor_standings_9561
21341,662,182,28.0,3,1,1969-08-03 00:00:00,constructor_standings_9562
21335,661,191,0.0,8,0,1969-07-19 00:00:00,constructor_standings_9563
21334,661,6,4.0,5,0,1969-07-19 00:00:00,constructor_standings_9564
21333,661,182,19.0,4,0,1969-07-19 00:00:00,constructor_standings_9565
21327,660,191,0.0,8,0,1969-07-06 00:00:00,constructor_standings_9566
21326,660,6,4.0,5,0,1969-07-06 00:00:00,constructor_standings_9567
21325,660,182,13.0,4,0,1969-07-06 00:00:00,constructor_standings_9568
21320,659,187,15.0,3,0,1969-06-21 00:00:00,constructor_standings_9569
21319,659,191,0.0,8,0,1969-06-21 00:00:00,constructor_standings_9570
21317,659,182,9.0,4,0,1969-06-21 00:00:00,constructor_standings_9571
21310,658,6,0.0,8,0,1969-05-18 00:00:00,constructor_standings_9572
21311,658,191,0.0,7,0,1969-05-18 00:00:00,constructor_standings_9573
21309,658,182,7.0,4,0,1969-05-18 00:00:00,constructor_standings_9574
21303,657,6,0.0,7,0,1969-05-04 00:00:00,constructor_standings_9575
21302,657,182,1.0,5,0,1969-05-04 00:00:00,constructor_standings_9576
21297,656,191,0.0,5,0,1969-03-01 00:00:00,constructor_standings_9577
21296,656,6,0.0,6,0,1969-03-01 00:00:00,constructor_standings_9578
21295,656,182,0.0,7,0,1969-03-01 00:00:00,constructor_standings_9579
21102,678,1,0.0,14,0,1968-11-03 00:00:00,constructor_standings_9580
21101,678,26,0.0,13,0,1968-11-03 00:00:00,constructor_standings_9581
21100,678,82,8.0,9,0,1968-11-03 00:00:00,constructor_standings_9582
21099,678,187,49.0,2,3,1968-11-03 00:00:00,constructor_standings_9583
21098,678,195,14.0,7,0,1968-11-03 00:00:00,constructor_standings_9584
21097,678,66,28.0,5,0,1968-11-03 00:00:00,constructor_standings_9585
21085,677,1,0.0,14,0,1968-10-06 00:00:00,constructor_standings_9586
21084,677,26,0.0,13,0,1968-10-06 00:00:00,constructor_standings_9587
21083,677,82,8.0,9,0,1968-10-06 00:00:00,constructor_standings_9588
21082,677,187,43.0,3,3,1968-10-06 00:00:00,constructor_standings_9589
21081,677,195,14.0,6,0,1968-10-06 00:00:00,constructor_standings_9590
21080,677,66,25.0,5,0,1968-10-06 00:00:00,constructor_standings_9591
21068,676,1,0.0,14,0,1968-09-22 00:00:00,constructor_standings_9592
21067,676,26,0.0,13,0,1968-09-22 00:00:00,constructor_standings_9593
21066,676,170,0.0,17,0,1968-09-22 00:00:00,constructor_standings_9594
21065,676,89,0.0,16,0,1968-09-22 00:00:00,constructor_standings_9595
21064,676,183,0.0,15,0,1968-09-22 00:00:00,constructor_standings_9596
21063,676,190,0.0,12,0,1968-09-22 00:00:00,constructor_standings_9597
21051,675,1,0.0,14,0,1968-09-08 00:00:00,constructor_standings_9598
21050,675,26,0.0,13,0,1968-09-08 00:00:00,constructor_standings_9599
21049,675,82,8.0,8,0,1968-09-08 00:00:00,constructor_standings_9600
21048,675,187,31.0,4,2,1968-09-08 00:00:00,constructor_standings_9601
21047,675,195,12.0,6,0,1968-09-08 00:00:00,constructor_standings_9602
21046,675,66,21.0,5,0,1968-09-08 00:00:00,constructor_standings_9603
21034,674,1,0.0,14,0,1968-08-04 00:00:00,constructor_standings_9604
21033,674,26,0.0,13,0,1968-08-04 00:00:00,constructor_standings_9605
21032,674,170,0.0,17,0,1968-08-04 00:00:00,constructor_standings_9606
21031,674,89,0.0,16,0,1968-08-04 00:00:00,constructor_standings_9607
21030,674,183,0.0,15,0,1968-08-04 00:00:00,constructor_standings_9608
21029,674,190,0.0,12,0,1968-08-04 00:00:00,constructor_standings_9609
21017,673,82,6.0,8,0,1968-07-20 00:00:00,constructor_standings_9610
21016,673,187,22.0,3,1,1968-07-20 00:00:00,constructor_standings_9611
21015,673,195,12.0,6,0,1968-07-20 00:00:00,constructor_standings_9612
21014,673,66,17.0,5,0,1968-07-20 00:00:00,constructor_standings_9613
21013,673,170,0.0,15,0,1968-07-20 00:00:00,constructor_standings_9614
21002,672,170,0.0,15,0,1968-07-07 00:00:00,constructor_standings_9615
21001,672,89,0.0,14,0,1968-07-07 00:00:00,constructor_standings_9616
21000,672,190,0.0,13,0,1968-07-07 00:00:00,constructor_standings_9617
20999,672,183,0.0,12,0,1968-07-07 00:00:00,constructor_standings_9618
20998,672,66,17.0,5,0,1968-07-07 00:00:00,constructor_standings_9619
20987,671,170,0.0,15,0,1968-06-23 00:00:00,constructor_standings_9620
20986,671,89,0.0,14,0,1968-06-23 00:00:00,constructor_standings_9621
20985,671,190,0.0,13,0,1968-06-23 00:00:00,constructor_standings_9622
20984,671,183,0.0,12,0,1968-06-23 00:00:00,constructor_standings_9623
20983,671,66,16.0,3,0,1968-06-23 00:00:00,constructor_standings_9624
20972,670,82,0.0,11,0,1968-06-09 00:00:00,constructor_standings_9625
20971,670,187,17.0,2,1,1968-06-09 00:00:00,constructor_standings_9626
20970,670,195,9.0,4,0,1968-06-09 00:00:00,constructor_standings_9627
20969,670,66,12.0,3,0,1968-06-09 00:00:00,constructor_standings_9628
20968,670,170,0.0,15,0,1968-06-09 00:00:00,constructor_standings_9629
20957,669,170,0.0,15,0,1968-05-26 00:00:00,constructor_standings_9630
20956,669,89,0.0,14,0,1968-05-26 00:00:00,constructor_standings_9631
20955,669,190,0.0,13,0,1968-05-26 00:00:00,constructor_standings_9632
20954,669,183,0.0,12,0,1968-05-26 00:00:00,constructor_standings_9633
20953,669,66,6.0,4,0,1968-05-26 00:00:00,constructor_standings_9634
20942,668,66,0.0,10,0,1968-05-12 00:00:00,constructor_standings_9635
20941,668,170,0.0,14,0,1968-05-12 00:00:00,constructor_standings_9636
20940,668,89,0.0,13,0,1968-05-12 00:00:00,constructor_standings_9637
20939,668,190,0.0,12,0,1968-05-12 00:00:00,constructor_standings_9638
20928,667,195,0.0,13,0,1968-01-01 00:00:00,constructor_standings_9639
20927,667,66,0.0,12,0,1968-01-01 00:00:00,constructor_standings_9640
20926,667,170,0.0,11,0,1968-01-01 00:00:00,constructor_standings_9641
20915,689,184,0.0,15,0,1967-10-22 00:00:00,constructor_standings_9642
20914,689,193,0.0,20,0,1967-10-22 00:00:00,constructor_standings_9643
20913,689,26,0.0,14,0,1967-10-22 00:00:00,constructor_standings_9644
20912,689,82,0.0,18,0,1967-10-22 00:00:00,constructor_standings_9645
20911,689,90,0.0,19,0,1967-10-22 00:00:00,constructor_standings_9646
20910,689,189,0.0,17,0,1967-10-22 00:00:00,constructor_standings_9647
20909,689,187,0.0,12,0,1967-10-22 00:00:00,constructor_standings_9648
20908,689,182,0.0,13,0,1967-10-22 00:00:00,constructor_standings_9649
20895,688,184,0.0,15,0,1967-10-01 00:00:00,constructor_standings_9650
20894,688,193,0.0,20,0,1967-10-01 00:00:00,constructor_standings_9651
20893,688,26,0.0,14,0,1967-10-01 00:00:00,constructor_standings_9652
20892,688,82,0.0,18,0,1967-10-01 00:00:00,constructor_standings_9653
20891,688,90,0.0,19,0,1967-10-01 00:00:00,constructor_standings_9654
20890,688,189,0.0,17,0,1967-10-01 00:00:00,constructor_standings_9655
20889,688,187,0.0,13,0,1967-10-01 00:00:00,constructor_standings_9656
20888,688,182,0.0,12,0,1967-10-01 00:00:00,constructor_standings_9657
20875,687,184,0.0,14,0,1967-09-10 00:00:00,constructor_standings_9658
20874,687,193,0.0,19,0,1967-09-10 00:00:00,constructor_standings_9659
20873,687,26,0.0,13,0,1967-09-10 00:00:00,constructor_standings_9660
20872,687,82,0.0,17,0,1967-09-10 00:00:00,constructor_standings_9661
20871,687,90,0.0,18,0,1967-09-10 00:00:00,constructor_standings_9662
20870,687,189,0.0,16,0,1967-09-10 00:00:00,constructor_standings_9663
20869,687,182,0.0,12,0,1967-09-10 00:00:00,constructor_standings_9664
20856,686,184,0.0,14,0,1967-08-27 00:00:00,constructor_standings_9665
20855,686,193,0.0,19,0,1967-08-27 00:00:00,constructor_standings_9666
20854,686,26,0.0,13,0,1967-08-27 00:00:00,constructor_standings_9667
20853,686,82,0.0,17,0,1967-08-27 00:00:00,constructor_standings_9668
20852,686,90,0.0,18,0,1967-08-27 00:00:00,constructor_standings_9669
20851,686,189,0.0,16,0,1967-08-27 00:00:00,constructor_standings_9670
20850,686,182,0.0,12,0,1967-08-27 00:00:00,constructor_standings_9671
20837,685,90,0.0,18,0,1967-08-06 00:00:00,constructor_standings_9672
20836,685,26,0.0,13,0,1967-08-06 00:00:00,constructor_standings_9673
20835,685,182,0.0,12,0,1967-08-06 00:00:00,constructor_standings_9674
20834,685,193,0.0,19,0,1967-08-06 00:00:00,constructor_standings_9675
20833,685,180,19.0,3,2,1967-08-06 00:00:00,constructor_standings_9676
20832,685,82,0.0,17,0,1967-08-06 00:00:00,constructor_standings_9677
20831,685,190,9.0,6,1,1967-08-06 00:00:00,constructor_standings_9678
20818,684,184,0.0,12,0,1967-07-15 00:00:00,constructor_standings_9679
20817,684,82,0.0,15,0,1967-07-15 00:00:00,constructor_standings_9680
20816,684,189,0.0,14,0,1967-07-15 00:00:00,constructor_standings_9681
20815,684,193,0.0,16,0,1967-07-15 00:00:00,constructor_standings_9682
20814,684,190,9.0,6,1,1967-07-15 00:00:00,constructor_standings_9683
20813,684,180,19.0,2,2,1967-07-15 00:00:00,constructor_standings_9684
20802,683,184,0.0,12,0,1967-07-02 00:00:00,constructor_standings_9685
20801,683,82,0.0,15,0,1967-07-02 00:00:00,constructor_standings_9686
20800,683,189,0.0,14,0,1967-07-02 00:00:00,constructor_standings_9687
20799,683,190,9.0,6,1,1967-07-02 00:00:00,constructor_standings_9688
20798,683,180,10.0,5,1,1967-07-02 00:00:00,constructor_standings_9689
20787,682,180,10.0,4,1,1967-06-18 00:00:00,constructor_standings_9690
20786,682,82,0.0,15,0,1967-06-18 00:00:00,constructor_standings_9691
20785,682,190,9.0,5,1,1967-06-18 00:00:00,constructor_standings_9692
20784,682,172,0.0,13,0,1967-06-18 00:00:00,constructor_standings_9693
20783,682,194,3.0,10,0,1967-06-18 00:00:00,constructor_standings_9694
20772,681,180,9.0,3,1,1967-06-04 00:00:00,constructor_standings_9695
20771,681,82,0.0,15,0,1967-06-04 00:00:00,constructor_standings_9696
20770,681,190,0.0,14,0,1967-06-04 00:00:00,constructor_standings_9697
20769,681,172,0.0,12,0,1967-06-04 00:00:00,constructor_standings_9698
20768,681,194,3.0,8,0,1967-06-04 00:00:00,constructor_standings_9699
20757,680,184,0.0,10,0,1967-05-07 00:00:00,constructor_standings_9700
20756,680,190,0.0,13,0,1967-05-07 00:00:00,constructor_standings_9701
20755,680,82,0.0,14,0,1967-05-07 00:00:00,constructor_standings_9702
20754,680,189,0.0,12,0,1967-05-07 00:00:00,constructor_standings_9703
20743,679,66,0.0,9,0,1967-01-02 00:00:00,constructor_standings_9704
20742,679,189,0.0,8,0,1967-01-02 00:00:00,constructor_standings_9705
20724,698,183,1.0,10,0,1966-10-23 00:00:00,constructor_standings_9706
20720,698,191,42.0,1,4,1966-10-23 00:00:00,constructor_standings_9707
20730,698,6,31.0,2,2,1966-10-23 00:00:00,constructor_standings_9708
20728,698,188,1.0,12,0,1966-10-23 00:00:00,constructor_standings_9709
20727,698,192,0.0,13,0,1966-10-23 00:00:00,constructor_standings_9710
20726,698,189,4.0,7,0,1966-10-23 00:00:00,constructor_standings_9711
20725,698,66,22.0,4,1,1966-10-23 00:00:00,constructor_standings_9712
20723,698,172,8.0,6,0,1966-10-23 00:00:00,constructor_standings_9713
20722,698,181,1.0,11,0,1966-10-23 00:00:00,constructor_standings_9714
20721,698,176,13.0,5,1,1966-10-23 00:00:00,constructor_standings_9715
20707,697,181,1.0,10,0,1966-10-02 00:00:00,constructor_standings_9716
20705,697,191,40.0,1,4,1966-10-02 00:00:00,constructor_standings_9717
20714,697,167,24.0,3,0,1966-10-02 00:00:00,constructor_standings_9718
20712,697,192,0.0,12,0,1966-10-02 00:00:00,constructor_standings_9719
20711,697,189,2.0,7,0,1966-10-02 00:00:00,constructor_standings_9720
20710,697,66,22.0,4,1,1966-10-02 00:00:00,constructor_standings_9721
20709,697,183,1.0,9,0,1966-10-02 00:00:00,constructor_standings_9722
20708,697,172,8.0,6,0,1966-10-02 00:00:00,constructor_standings_9723
20706,697,176,13.0,5,1,1966-10-02 00:00:00,constructor_standings_9724
20696,696,189,2.0,7,0,1966-09-04 00:00:00,constructor_standings_9725
20697,696,192,0.0,11,0,1966-09-04 00:00:00,constructor_standings_9726
20695,696,66,22.0,3,1,1966-09-04 00:00:00,constructor_standings_9727
20694,696,183,1.0,8,0,1966-09-04 00:00:00,constructor_standings_9728
20693,696,172,7.0,5,0,1966-09-04 00:00:00,constructor_standings_9729
20692,696,181,1.0,9,0,1966-09-04 00:00:00,constructor_standings_9730
20691,696,176,4.0,6,0,1966-09-04 00:00:00,constructor_standings_9731
20690,696,191,40.0,1,4,1966-09-04 00:00:00,constructor_standings_9732
20682,695,66,22.0,3,1,1966-08-07 00:00:00,constructor_standings_9733
20678,695,176,2.0,7,0,1966-08-07 00:00:00,constructor_standings_9734
20679,695,181,1.0,8,0,1966-08-07 00:00:00,constructor_standings_9735
20680,695,172,7.0,5,0,1966-08-07 00:00:00,constructor_standings_9736
20683,695,189,2.0,6,0,1966-08-07 00:00:00,constructor_standings_9737
20681,695,183,0.0,10,0,1966-08-07 00:00:00,constructor_standings_9738
20677,695,191,39.0,1,4,1966-08-07 00:00:00,constructor_standings_9739
20664,694,191,30.0,1,3,1966-07-24 00:00:00,constructor_standings_9740
20665,694,176,2.0,7,0,1966-07-24 00:00:00,constructor_standings_9741
20666,694,181,1.0,8,0,1966-07-24 00:00:00,constructor_standings_9742
20667,694,172,7.0,5,0,1966-07-24 00:00:00,constructor_standings_9743
20668,694,183,0.0,10,0,1966-07-24 00:00:00,constructor_standings_9744
20669,694,66,19.0,3,1,1966-07-24 00:00:00,constructor_standings_9745
20670,694,189,2.0,6,0,1966-07-24 00:00:00,constructor_standings_9746
20656,693,66,13.0,3,1,1966-07-16 00:00:00,constructor_standings_9747
20657,693,189,2.0,6,0,1966-07-16 00:00:00,constructor_standings_9748
20655,693,183,0.0,9,0,1966-07-16 00:00:00,constructor_standings_9749
20654,693,172,3.0,5,0,1966-07-16 00:00:00,constructor_standings_9750
20653,693,181,1.0,7,0,1966-07-16 00:00:00,constructor_standings_9751
20652,693,176,0.0,11,0,1966-07-16 00:00:00,constructor_standings_9752
20651,693,191,21.0,1,2,1966-07-16 00:00:00,constructor_standings_9753
20642,692,181,1.0,6,0,1966-07-03 00:00:00,constructor_standings_9754
20643,692,172,0.0,8,0,1966-07-03 00:00:00,constructor_standings_9755
20644,692,183,0.0,7,0,1966-07-03 00:00:00,constructor_standings_9756
20641,692,176,0.0,9,0,1966-07-03 00:00:00,constructor_standings_9757
20640,692,191,12.0,2,1,1966-07-03 00:00:00,constructor_standings_9758
20634,691,66,9.0,2,1,1966-06-12 00:00:00,constructor_standings_9759
20636,691,188,0.0,11,0,1966-06-12 00:00:00,constructor_standings_9760
20632,691,172,0.0,6,0,1966-06-12 00:00:00,constructor_standings_9761
20631,691,181,0.0,8,0,1966-06-12 00:00:00,constructor_standings_9762
20630,691,176,0.0,7,0,1966-06-12 00:00:00,constructor_standings_9763
20629,691,191,3.0,4,0,1966-06-12 00:00:00,constructor_standings_9764
20625,690,183,0.0,8,0,1966-05-22 00:00:00,constructor_standings_9765
20623,690,172,0.0,4,0,1966-05-22 00:00:00,constructor_standings_9766
20621,690,176,0.0,6,0,1966-05-22 00:00:00,constructor_standings_9767
20620,690,191,0.0,7,0,1966-05-22 00:00:00,constructor_standings_9768
20497,708,181,5.0,7,0,1965-10-24 00:00:00,constructor_standings_9769
20498,708,170,14.0,5,0,1965-10-24 00:00:00,constructor_standings_9770
20499,708,6,26.0,4,0,1965-10-24 00:00:00,constructor_standings_9771
20495,708,172,54.0,1,6,1965-10-24 00:00:00,constructor_standings_9772
20494,708,176,2.0,8,0,1965-10-24 00:00:00,constructor_standings_9773
20493,708,186,0.0,12,0,1965-10-24 00:00:00,constructor_standings_9774
20492,708,184,0.0,13,0,1965-10-24 00:00:00,constructor_standings_9775
20491,708,180,0.0,14,0,1965-10-24 00:00:00,constructor_standings_9776
20490,708,93,0.0,15,0,1965-10-24 00:00:00,constructor_standings_9777
20489,708,167,0.0,16,0,1965-10-24 00:00:00,constructor_standings_9778
20488,708,11,11.0,6,1,1965-10-24 00:00:00,constructor_standings_9779
20479,707,172,54.0,1,6,1965-10-03 00:00:00,constructor_standings_9780
20483,707,6,26.0,3,0,1965-10-03 00:00:00,constructor_standings_9781
20481,707,181,2.0,6,0,1965-10-03 00:00:00,constructor_standings_9782
20480,707,183,24.0,4,0,1965-10-03 00:00:00,constructor_standings_9783
20478,707,176,1.0,8,0,1965-10-03 00:00:00,constructor_standings_9784
20477,707,186,0.0,12,0,1965-10-03 00:00:00,constructor_standings_9785
20476,707,184,0.0,13,0,1965-10-03 00:00:00,constructor_standings_9786
20475,707,180,0.0,14,0,1965-10-03 00:00:00,constructor_standings_9787
20474,707,93,0.0,15,0,1965-10-03 00:00:00,constructor_standings_9788
20473,707,167,0.0,16,0,1965-10-03 00:00:00,constructor_standings_9789
20472,707,11,2.0,7,0,1965-10-03 00:00:00,constructor_standings_9790
20465,706,181,2.0,6,0,1965-09-12 00:00:00,constructor_standings_9791
20466,706,170,13.0,5,0,1965-09-12 00:00:00,constructor_standings_9792
20463,706,172,54.0,1,6,1965-09-12 00:00:00,constructor_standings_9793
20462,706,176,1.0,8,0,1965-09-12 00:00:00,constructor_standings_9794
20461,706,186,0.0,12,0,1965-09-12 00:00:00,constructor_standings_9795
20460,706,184,0.0,13,0,1965-09-12 00:00:00,constructor_standings_9796
20459,706,180,0.0,14,0,1965-09-12 00:00:00,constructor_standings_9797
20458,706,93,0.0,15,0,1965-09-12 00:00:00,constructor_standings_9798
20457,706,167,0.0,16,0,1965-09-12 00:00:00,constructor_standings_9799
20456,706,11,2.0,7,0,1965-09-12 00:00:00,constructor_standings_9800
20449,705,181,2.0,6,0,1965-08-01 00:00:00,constructor_standings_9801
20450,705,170,11.0,5,0,1965-08-01 00:00:00,constructor_standings_9802
20451,705,6,21.0,3,0,1965-08-01 00:00:00,constructor_standings_9803
20447,705,172,54.0,1,6,1965-08-01 00:00:00,constructor_standings_9804
20446,705,176,0.0,9,0,1965-08-01 00:00:00,constructor_standings_9805
20445,705,186,0.0,12,0,1965-08-01 00:00:00,constructor_standings_9806
20444,705,184,0.0,13,0,1965-08-01 00:00:00,constructor_standings_9807
20443,705,180,0.0,14,0,1965-08-01 00:00:00,constructor_standings_9808
20442,705,93,0.0,15,0,1965-08-01 00:00:00,constructor_standings_9809
20441,705,167,0.0,16,0,1965-08-01 00:00:00,constructor_standings_9810
20440,705,11,2.0,7,0,1965-08-01 00:00:00,constructor_standings_9811
20431,704,172,45.0,1,5,1965-07-18 00:00:00,constructor_standings_9812
20435,704,6,20.0,3,0,1965-07-18 00:00:00,constructor_standings_9813
20433,704,181,2.0,6,0,1965-07-18 00:00:00,constructor_standings_9814
20432,704,183,11.0,4,0,1965-07-18 00:00:00,constructor_standings_9815
20430,704,176,0.0,9,0,1965-07-18 00:00:00,constructor_standings_9816
20429,704,186,0.0,12,0,1965-07-18 00:00:00,constructor_standings_9817
20428,704,184,0.0,13,0,1965-07-18 00:00:00,constructor_standings_9818
20427,704,180,0.0,14,0,1965-07-18 00:00:00,constructor_standings_9819
20426,704,93,0.0,15,0,1965-07-18 00:00:00,constructor_standings_9820
20425,704,167,0.0,16,0,1965-07-18 00:00:00,constructor_standings_9821
20424,704,11,2.0,7,0,1965-07-18 00:00:00,constructor_standings_9822
20417,703,181,2.0,6,0,1965-07-10 00:00:00,constructor_standings_9823
20418,703,170,8.0,4,0,1965-07-10 00:00:00,constructor_standings_9824
20415,703,172,36.0,1,4,1965-07-10 00:00:00,constructor_standings_9825
20414,703,176,0.0,10,0,1965-07-10 00:00:00,constructor_standings_9826
20413,703,186,0.0,12,0,1965-07-10 00:00:00,constructor_standings_9827
20412,703,184,0.0,13,0,1965-07-10 00:00:00,constructor_standings_9828
20411,703,180,0.0,14,0,1965-07-10 00:00:00,constructor_standings_9829
20410,703,93,0.0,15,0,1965-07-10 00:00:00,constructor_standings_9830
20409,703,167,0.0,16,0,1965-07-10 00:00:00,constructor_standings_9831
20408,703,11,1.0,7,0,1965-07-10 00:00:00,constructor_standings_9832
20399,702,172,27.0,1,3,1965-06-27 00:00:00,constructor_standings_9833
20403,702,6,16.0,3,0,1965-06-27 00:00:00,constructor_standings_9834
20401,702,181,2.0,6,0,1965-06-27 00:00:00,constructor_standings_9835
20400,702,183,6.0,5,0,1965-06-27 00:00:00,constructor_standings_9836
20398,702,176,0.0,10,0,1965-06-27 00:00:00,constructor_standings_9837
20397,702,186,0.0,12,0,1965-06-27 00:00:00,constructor_standings_9838
20396,702,184,0.0,13,0,1965-06-27 00:00:00,constructor_standings_9839
20395,702,180,0.0,14,0,1965-06-27 00:00:00,constructor_standings_9840
20394,702,93,0.0,15,0,1965-06-27 00:00:00,constructor_standings_9841
20393,702,167,0.0,16,0,1965-06-27 00:00:00,constructor_standings_9842
20392,702,11,1.0,7,0,1965-06-27 00:00:00,constructor_standings_9843
20385,701,181,1.0,6,0,1965-06-13 00:00:00,constructor_standings_9844
20386,701,170,8.0,4,0,1965-06-13 00:00:00,constructor_standings_9845
20387,701,6,12.0,3,0,1965-06-13 00:00:00,constructor_standings_9846
20383,701,172,18.0,2,2,1965-06-13 00:00:00,constructor_standings_9847
20382,701,176,0.0,10,0,1965-06-13 00:00:00,constructor_standings_9848
20381,701,186,0.0,12,0,1965-06-13 00:00:00,constructor_standings_9849
20380,701,184,0.0,13,0,1965-06-13 00:00:00,constructor_standings_9850
20379,701,180,0.0,14,0,1965-06-13 00:00:00,constructor_standings_9851
20378,701,93,0.0,15,0,1965-06-13 00:00:00,constructor_standings_9852
20377,701,167,0.0,16,0,1965-06-13 00:00:00,constructor_standings_9853
20376,701,11,1.0,7,0,1965-06-13 00:00:00,constructor_standings_9854
20373,700,185,0.0,10,0,1965-05-30 00:00:00,constructor_standings_9855
20368,700,183,0.0,6,0,1965-05-30 00:00:00,constructor_standings_9856
20369,700,181,1.0,5,0,1965-05-30 00:00:00,constructor_standings_9857
20367,700,172,9.0,3,1,1965-05-30 00:00:00,constructor_standings_9858
20366,700,176,0.0,9,0,1965-05-30 00:00:00,constructor_standings_9859
20365,700,186,0.0,12,0,1965-05-30 00:00:00,constructor_standings_9860
20364,700,184,0.0,13,0,1965-05-30 00:00:00,constructor_standings_9861
20363,700,180,0.0,14,0,1965-05-30 00:00:00,constructor_standings_9862
20362,700,93,0.0,15,0,1965-05-30 00:00:00,constructor_standings_9863
20361,700,167,0.0,16,0,1965-05-30 00:00:00,constructor_standings_9864
20360,700,11,0.0,11,0,1965-05-30 00:00:00,constructor_standings_9865
20357,699,66,4.0,3,0,1965-01-01 00:00:00,constructor_standings_9866
20350,699,185,0.0,10,0,1965-01-01 00:00:00,constructor_standings_9867
20349,699,186,0.0,11,0,1965-01-01 00:00:00,constructor_standings_9868
20348,699,184,0.0,12,0,1965-01-01 00:00:00,constructor_standings_9869
20347,699,180,0.0,13,0,1965-01-01 00:00:00,constructor_standings_9870
20346,699,93,0.0,14,0,1965-01-01 00:00:00,constructor_standings_9871
20345,699,167,0.0,15,0,1965-01-01 00:00:00,constructor_standings_9872
20171,718,181,7.0,6,0,1964-10-25 00:00:00,constructor_standings_9873
20168,718,6,45.0,1,3,1964-10-25 00:00:00,constructor_standings_9874
20169,718,94,5.0,7,0,1964-10-25 00:00:00,constructor_standings_9875
20167,718,183,30.0,4,2,1964-10-25 00:00:00,constructor_standings_9876
20166,718,176,3.0,8,0,1964-10-25 00:00:00,constructor_standings_9877
20165,718,170,16.0,5,0,1964-10-25 00:00:00,constructor_standings_9878
20164,718,172,37.0,3,3,1964-10-25 00:00:00,constructor_standings_9879
20163,718,66,42.0,2,2,1964-10-25 00:00:00,constructor_standings_9880
20158,717,181,7.0,6,0,1964-10-04 00:00:00,constructor_standings_9881
20155,717,6,43.0,1,3,1964-10-04 00:00:00,constructor_standings_9882
20156,717,94,5.0,7,0,1964-10-04 00:00:00,constructor_standings_9883
20154,717,183,21.0,4,1,1964-10-04 00:00:00,constructor_standings_9884
20153,717,176,3.0,8,0,1964-10-04 00:00:00,constructor_standings_9885
20152,717,170,16.0,5,0,1964-10-04 00:00:00,constructor_standings_9886
20151,717,172,36.0,3,3,1964-10-04 00:00:00,constructor_standings_9887
20150,717,66,42.0,2,2,1964-10-04 00:00:00,constructor_standings_9888
20144,716,172,35.0,3,3,1964-09-06 00:00:00,constructor_standings_9889
20141,716,181,3.0,7,0,1964-09-06 00:00:00,constructor_standings_9890
20142,716,94,4.0,6,0,1964-09-06 00:00:00,constructor_standings_9891
20140,716,170,16.0,5,0,1964-09-06 00:00:00,constructor_standings_9892
20139,716,176,3.0,8,0,1964-09-06 00:00:00,constructor_standings_9893
20138,716,183,21.0,4,1,1964-09-06 00:00:00,constructor_standings_9894
20137,716,6,37.0,1,3,1964-09-06 00:00:00,constructor_standings_9895
20131,715,66,36.0,1,1,1964-08-23 00:00:00,constructor_standings_9896
20129,715,181,3.0,6,0,1964-08-23 00:00:00,constructor_standings_9897
20128,715,170,10.0,5,0,1964-08-23 00:00:00,constructor_standings_9898
20127,715,176,3.0,7,0,1964-08-23 00:00:00,constructor_standings_9899
20126,715,183,21.0,4,1,1964-08-23 00:00:00,constructor_standings_9900
20125,715,6,28.0,3,2,1964-08-23 00:00:00,constructor_standings_9901
20122,714,92,0.0,10,0,1964-08-02 00:00:00,constructor_standings_9902
20120,714,172,34.0,1,3,1964-08-02 00:00:00,constructor_standings_9903
20117,714,181,3.0,6,0,1964-08-02 00:00:00,constructor_standings_9904
20116,714,170,10.0,5,0,1964-08-02 00:00:00,constructor_standings_9905
20115,714,176,3.0,7,0,1964-08-02 00:00:00,constructor_standings_9906
20114,714,183,17.0,4,1,1964-08-02 00:00:00,constructor_standings_9907
20113,714,6,19.0,3,1,1964-08-02 00:00:00,constructor_standings_9908
20110,713,182,0.0,11,0,1964-07-11 00:00:00,constructor_standings_9909
20105,713,170,10.0,5,0,1964-07-11 00:00:00,constructor_standings_9910
20104,713,176,3.0,6,0,1964-07-11 00:00:00,constructor_standings_9911
20103,713,183,17.0,3,1,1964-07-11 00:00:00,constructor_standings_9912
20102,713,6,10.0,4,0,1964-07-11 00:00:00,constructor_standings_9913
20101,712,95,0.0,10,0,1964-06-28 00:00:00,constructor_standings_9914
20099,712,172,25.0,1,2,1964-06-28 00:00:00,constructor_standings_9915
20094,712,176,3.0,6,0,1964-06-28 00:00:00,constructor_standings_9916
20093,712,183,14.0,3,1,1964-06-28 00:00:00,constructor_standings_9917
20092,712,6,6.0,5,0,1964-06-28 00:00:00,constructor_standings_9918
20089,711,92,0.0,9,0,1964-06-14 00:00:00,constructor_standings_9919
20085,711,170,8.0,3,0,1964-06-14 00:00:00,constructor_standings_9920
20086,711,181,0.0,8,0,1964-06-14 00:00:00,constructor_standings_9921
20087,711,94,0.0,7,0,1964-06-14 00:00:00,constructor_standings_9922
20084,711,176,3.0,6,0,1964-06-14 00:00:00,constructor_standings_9923
20083,711,183,5.0,5,0,1964-06-14 00:00:00,constructor_standings_9924
20082,711,6,6.0,4,0,1964-06-14 00:00:00,constructor_standings_9925
20078,710,92,0.0,10,0,1964-05-24 00:00:00,constructor_standings_9926
19934,728,173,0.0,22,0,1963-12-28 00:00:00,constructor_standings_9927
19936,728,177,0.0,20,0,1963-12-28 00:00:00,constructor_standings_9928
19929,728,94,6.0,6,0,1963-12-28 00:00:00,constructor_standings_9929
19927,728,66,36.0,2,2,1963-12-28 00:00:00,constructor_standings_9930
19926,728,95,5.0,7,0,1963-12-28 00:00:00,constructor_standings_9931
19925,728,6,26.0,4,1,1963-12-28 00:00:00,constructor_standings_9932
19924,728,172,54.0,1,7,1963-12-28 00:00:00,constructor_standings_9933
19923,728,176,4.0,8,0,1963-12-28 00:00:00,constructor_standings_9934
19922,728,26,0.0,9,0,1963-12-28 00:00:00,constructor_standings_9935
19921,728,34,28.0,3,0,1963-12-28 00:00:00,constructor_standings_9936
19920,728,54,0.0,12,0,1963-12-28 00:00:00,constructor_standings_9937
19919,728,92,0.0,11,0,1963-12-28 00:00:00,constructor_standings_9938
19914,727,32,0.0,15,0,1963-10-27 00:00:00,constructor_standings_9939
19916,727,179,0.0,18,0,1963-10-27 00:00:00,constructor_standings_9940
19905,727,172,54.0,1,6,1963-10-27 00:00:00,constructor_standings_9941
19909,727,170,23.0,5,0,1963-10-27 00:00:00,constructor_standings_9942
19903,727,26,0.0,9,0,1963-10-27 00:00:00,constructor_standings_9943
19902,727,34,24.0,4,0,1963-10-27 00:00:00,constructor_standings_9944
19901,727,54,0.0,12,0,1963-10-27 00:00:00,constructor_standings_9945
19900,727,92,0.0,11,0,1963-10-27 00:00:00,constructor_standings_9946
19896,726,173,0.0,18,0,1963-10-06 00:00:00,constructor_standings_9947
19898,726,177,0.0,16,0,1963-10-06 00:00:00,constructor_standings_9948
19892,726,94,6.0,6,0,1963-10-06 00:00:00,constructor_standings_9949
19890,726,66,35.0,2,2,1963-10-06 00:00:00,constructor_standings_9950
19885,726,26,0.0,9,0,1963-10-06 00:00:00,constructor_standings_9951
19884,726,34,18.0,5,0,1963-10-06 00:00:00,constructor_standings_9952
19883,726,54,0.0,12,0,1963-10-06 00:00:00,constructor_standings_9953
19882,726,92,0.0,11,0,1963-10-06 00:00:00,constructor_standings_9954
19876,725,97,0.0,12,0,1963-09-08 00:00:00,constructor_standings_9955
19874,725,170,21.0,4,0,1963-09-08 00:00:00,constructor_standings_9956
19869,725,176,4.0,8,0,1963-09-08 00:00:00,constructor_standings_9957
19868,725,26,0.0,9,0,1963-09-08 00:00:00,constructor_standings_9958
19867,725,34,15.0,5,0,1963-09-08 00:00:00,constructor_standings_9959
19866,725,54,0.0,11,0,1963-09-08 00:00:00,constructor_standings_9960
19865,725,92,0.0,10,0,1963-09-08 00:00:00,constructor_standings_9961
19863,724,177,0.0,14,0,1963-08-04 00:00:00,constructor_standings_9962
19860,724,170,17.0,4,0,1963-08-04 00:00:00,constructor_standings_9963
19858,724,95,4.0,6,0,1963-08-04 00:00:00,constructor_standings_9964
19853,724,34,13.0,5,0,1963-08-04 00:00:00,constructor_standings_9965
19851,724,92,0.0,10,0,1963-08-04 00:00:00,constructor_standings_9966
19846,723,66,18.0,2,1,1963-07-20 00:00:00,constructor_standings_9967
19842,723,176,2.0,7,0,1963-07-20 00:00:00,constructor_standings_9968
19840,723,34,13.0,4,0,1963-07-20 00:00:00,constructor_standings_9969
19838,723,92,0.0,10,0,1963-07-20 00:00:00,constructor_standings_9970
19833,722,95,1.0,8,0,1963-06-30 00:00:00,constructor_standings_9971
19826,722,92,0.0,10,0,1963-06-30 00:00:00,constructor_standings_9972
19836,722,94,3.0,6,0,1963-06-30 00:00:00,constructor_standings_9973
19829,722,26,0.0,9,0,1963-06-30 00:00:00,constructor_standings_9974
19827,722,54,0.0,11,0,1963-06-30 00:00:00,constructor_standings_9975
19822,721,66,14.0,2,1,1963-06-23 00:00:00,constructor_standings_9976
19820,721,6,7.0,5,0,1963-06-23 00:00:00,constructor_standings_9977
19816,721,34,10.0,4,0,1963-06-23 00:00:00,constructor_standings_9978
19814,721,92,0.0,9,0,1963-06-23 00:00:00,constructor_standings_9979
19813,720,170,10.0,3,0,1963-06-09 00:00:00,constructor_standings_9980
19807,720,172,10.0,2,1,1963-06-09 00:00:00,constructor_standings_9981
19616,737,97,0.0,15,0,1962-12-29 00:00:00,constructor_standings_9982
19617,737,34,6.0,7,0,1962-12-29 00:00:00,constructor_standings_9983
19618,737,100,0.0,10,0,1962-12-29 00:00:00,constructor_standings_9984
19614,737,66,42.0,1,4,1962-12-29 00:00:00,constructor_standings_9985
19612,737,175,0.0,16,0,1962-12-29 00:00:00,constructor_standings_9986
19590,736,99,0.0,9,0,1962-10-07 00:00:00,constructor_standings_9987
19589,736,26,19.0,4,0,1962-10-07 00:00:00,constructor_standings_9988
19373,744,6,45.0,1,5,1961-09-10 00:00:00,constructor_standings_9989
19372,744,172,26.0,2,2,1961-09-10 00:00:00,constructor_standings_9990
19329,739,6,15.0,1,1,1961-05-22 00:00:00,constructor_standings_9991
19328,739,172,13.0,2,1,1961-05-22 00:00:00,constructor_standings_9992
19322,738,66,0.0,6,0,1961-05-14 00:00:00,constructor_standings_9993
19321,738,99,0.0,7,0,1961-05-14 00:00:00,constructor_standings_9994
18927,764,101,0.0,14,0,1959-12-12 00:00:00,constructor_standings_9995
18926,764,169,0.0,10,0,1959-12-12 00:00:00,constructor_standings_9996
18925,764,117,0.0,5,0,1959-12-12 00:00:00,constructor_standings_9997
18924,764,105,0.0,9,0,1959-12-12 00:00:00,constructor_standings_9998
18923,764,95,0.0,8,0,1959-12-12 00:00:00,constructor_standings_9999
18922,764,32,5.0,4,0,1959-12-12 00:00:00,constructor_standings_10000
18921,764,66,18.0,3,1,1959-12-12 00:00:00,constructor_standings_10001
18920,764,167,0.0,6,0,1959-12-12 00:00:00,constructor_standings_10002
18919,764,6,32.0,2,2,1959-12-12 00:00:00,constructor_standings_10003
18918,764,170,40.0,1,5,1959-12-12 00:00:00,constructor_standings_10004
18912,763,105,0.0,7,0,1959-09-13 00:00:00,constructor_standings_10005
18911,763,95,0.0,9,0,1959-09-13 00:00:00,constructor_standings_10006
18910,763,32,3.0,4,0,1959-09-13 00:00:00,constructor_standings_10007
18909,763,66,18.0,3,1,1959-09-13 00:00:00,constructor_standings_10008
18908,763,167,0.0,6,0,1959-09-13 00:00:00,constructor_standings_10009
18907,763,6,32.0,2,2,1959-09-13 00:00:00,constructor_standings_10010
18906,763,170,38.0,1,4,1959-09-13 00:00:00,constructor_standings_10011
18898,762,32,3.0,4,0,1959-08-23 00:00:00,constructor_standings_10012
18897,762,66,18.0,3,1,1959-08-23 00:00:00,constructor_standings_10013
18896,762,167,0.0,6,0,1959-08-23 00:00:00,constructor_standings_10014
18895,762,6,28.0,2,2,1959-08-23 00:00:00,constructor_standings_10015
18894,762,170,34.0,1,3,1959-08-23 00:00:00,constructor_standings_10016
22707,582,64,7.0,5,0,1975-06-08 00:00:00,constructor_standings_10017
22705,582,6,35.0,1,3,1975-06-08 00:00:00,constructor_standings_10018
22703,582,67,2.0,9,0,1975-06-08 00:00:00,constructor_standings_10019
22699,582,202,2.5,8,0,1975-06-08 00:00:00,constructor_standings_10020
22702,582,32,6.0,6,0,1975-06-08 00:00:00,constructor_standings_10021
22724,583,64,16.0,5,1,1975-06-22 00:00:00,constructor_standings_10022
22722,583,6,41.0,1,3,1975-06-22 00:00:00,constructor_standings_10023
22720,583,67,2.0,9,0,1975-06-22 00:00:00,constructor_standings_10024
22716,583,202,3.5,7,0,1975-06-22 00:00:00,constructor_standings_10025
22741,584,34,36.0,2,1,1975-07-06 00:00:00,constructor_standings_10026
22744,584,56,0.0,17,0,1975-07-06 00:00:00,constructor_standings_10027
22740,584,6,50.0,1,4,1975-07-06 00:00:00,constructor_standings_10028
22738,584,67,2.0,9,0,1975-07-06 00:00:00,constructor_standings_10029
22734,584,202,3.5,8,0,1975-07-06 00:00:00,constructor_standings_10030
22759,585,34,42.0,2,1,1975-07-19 00:00:00,constructor_standings_10031
22762,585,56,0.0,17,0,1975-07-19 00:00:00,constructor_standings_10032
22758,585,6,50.0,1,4,1975-07-19 00:00:00,constructor_standings_10033
22752,585,202,3.5,8,0,1975-07-19 00:00:00,constructor_standings_10034
22778,586,34,51.0,2,2,1975-08-03 00:00:00,constructor_standings_10035
22781,586,56,0.0,17,0,1975-08-03 00:00:00,constructor_standings_10036
22777,586,6,54.0,1,4,1975-08-03 00:00:00,constructor_standings_10037
22771,586,202,6.5,6,0,1975-08-03 00:00:00,constructor_standings_10038
22791,587,26,0.0,16,0,1975-08-17 00:00:00,constructor_standings_10039
22792,587,37,7.5,7,1,1975-08-17 00:00:00,constructor_standings_10040
22793,587,32,7.0,8,0,1975-08-17 00:00:00,constructor_standings_10041
22790,587,202,8.5,6,0,1975-08-17 00:00:00,constructor_standings_10042
22811,588,26,0.0,16,0,1975-09-07 00:00:00,constructor_standings_10043
22812,588,37,7.5,7,1,1975-09-07 00:00:00,constructor_standings_10044
22813,588,32,7.0,8,0,1975-09-07 00:00:00,constructor_standings_10045
22810,588,202,9.5,6,0,1975-09-07 00:00:00,constructor_standings_10046
22831,589,26,0.0,17,0,1975-10-05 00:00:00,constructor_standings_10047
22832,589,37,7.5,8,1,1975-10-05 00:00:00,constructor_standings_10048
22833,589,32,9.0,7,0,1975-10-05 00:00:00,constructor_standings_10049
22830,589,202,9.5,6,0,1975-10-05 00:00:00,constructor_standings_10050
22862,560,66,0.0,13,0,1976-01-25 00:00:00,constructor_standings_10051
22879,561,64,0.0,15,0,1976-03-06 00:00:00,constructor_standings_10052
22896,562,64,0.0,16,0,1976-03-28 00:00:00,constructor_standings_10053
22914,563,64,0.0,17,0,1976-05-02 00:00:00,constructor_standings_10054
22915,563,182,0.0,19,0,1976-05-02 00:00:00,constructor_standings_10055
22933,564,66,0.0,19,0,1976-05-16 00:00:00,constructor_standings_10056
22934,564,64,0.0,18,0,1976-05-16 00:00:00,constructor_standings_10057
22952,565,66,0.0,19,0,1976-05-30 00:00:00,constructor_standings_10058
22953,565,64,0.0,18,0,1976-05-30 00:00:00,constructor_standings_10059
22971,566,64,0.0,18,0,1976-06-13 00:00:00,constructor_standings_10060
22972,566,66,0.0,19,0,1976-06-13 00:00:00,constructor_standings_10061
22990,567,70,0.0,15,0,1976-07-04 00:00:00,constructor_standings_10062
22991,567,182,0.0,17,0,1976-07-04 00:00:00,constructor_standings_10063
23009,568,70,0.0,16,0,1976-07-18 00:00:00,constructor_standings_10064
23010,568,182,0.0,18,0,1976-07-18 00:00:00,constructor_standings_10065
23028,569,64,0.0,15,0,1976-08-01 00:00:00,constructor_standings_10066
23029,569,66,0.0,19,0,1976-08-01 00:00:00,constructor_standings_10067
23047,570,64,0.0,15,0,1976-08-15 00:00:00,constructor_standings_10068
23048,570,66,0.0,19,0,1976-08-15 00:00:00,constructor_standings_10069
23066,571,64,0.0,15,0,1976-08-29 00:00:00,constructor_standings_10070
23067,571,66,0.0,19,0,1976-08-29 00:00:00,constructor_standings_10071
23085,572,64,0.0,15,0,1976-09-12 00:00:00,constructor_standings_10072
23086,572,66,0.0,19,0,1976-09-12 00:00:00,constructor_standings_10073
23104,573,64,0.0,15,0,1976-10-03 00:00:00,constructor_standings_10074
23105,573,66,0.0,19,0,1976-10-03 00:00:00,constructor_standings_10075
23123,574,64,0.0,15,0,1976-10-10 00:00:00,constructor_standings_10076
23124,574,66,0.0,19,0,1976-10-10 00:00:00,constructor_standings_10077
23144,575,66,0.0,20,0,1976-10-24 00:00:00,constructor_standings_10078
23145,575,74,0.0,21,0,1976-10-24 00:00:00,constructor_standings_10079
23988,512,21,0.0,6,0,1979-01-21 00:00:00,constructor_standings_10080
23986,512,57,0.0,8,0,1979-01-21 00:00:00,constructor_standings_10081
23984,512,59,0.0,10,0,1979-01-21 00:00:00,constructor_standings_10082
23982,512,4,0.0,12,0,1979-01-21 00:00:00,constructor_standings_10083
24007,513,32,12.0,2,0,1979-02-04 00:00:00,constructor_standings_10084
24006,513,1,4.0,3,0,1979-02-04 00:00:00,constructor_standings_10085
24005,513,56,1.0,6,0,1979-02-04 00:00:00,constructor_standings_10086
23996,513,204,0.0,14,0,1979-02-04 00:00:00,constructor_standings_10087
23981,512,204,0.0,13,0,1979-01-21 00:00:00,constructor_standings_10088
24030,515,6,33.0,1,2,1979-04-08 00:00:00,constructor_standings_10089
24037,515,32,20.0,3,0,1979-04-08 00:00:00,constructor_standings_10090
24036,515,1,4.0,5,0,1979-04-08 00:00:00,constructor_standings_10091
24056,516,61,0.0,16,0,1979-04-29 00:00:00,constructor_standings_10092
24046,516,57,0.0,13,0,1979-04-29 00:00:00,constructor_standings_10093
24043,516,25,11.0,4,0,1979-04-29 00:00:00,constructor_standings_10094
24049,516,58,0.0,9,0,1979-04-29 00:00:00,constructor_standings_10095
24062,517,57,0.0,14,0,1979-05-13 00:00:00,constructor_standings_10096
24059,517,25,15.0,4,0,1979-05-13 00:00:00,constructor_standings_10097
24079,518,57,0.0,14,0,1979-05-27 00:00:00,constructor_standings_10098
24076,518,25,15.0,4,0,1979-05-27 00:00:00,constructor_standings_10099
24097,519,3,14.0,5,0,1979-07-01 00:00:00,constructor_standings_10100
24094,519,59,0.0,12,0,1979-07-01 00:00:00,constructor_standings_10101
24092,519,4,13.0,6,1,1979-07-01 00:00:00,constructor_standings_10102
24114,520,3,23.0,4,1,1979-07-14 00:00:00,constructor_standings_10103
24117,520,56,1.0,10,0,1979-07-14 00:00:00,constructor_standings_10104
24111,520,59,0.0,12,0,1979-07-14 00:00:00,constructor_standings_10105
24109,520,4,19.0,6,1,1979-07-14 00:00:00,constructor_standings_10106
24129,521,6,65.0,1,4,1979-07-29 00:00:00,constructor_standings_10107
24128,521,59,0.0,12,0,1979-07-29 00:00:00,constructor_standings_10108
24127,521,25,21.0,5,0,1979-07-29 00:00:00,constructor_standings_10109
24125,521,204,1.0,9,0,1979-07-29 00:00:00,constructor_standings_10110
24126,521,4,19.0,6,1,1979-07-29 00:00:00,constructor_standings_10111
24166,523,57,0.0,14,0,1979-08-26 00:00:00,constructor_standings_10112
24163,523,58,0.0,11,0,1979-08-26 00:00:00,constructor_standings_10113
24161,523,1,13.0,7,0,1979-08-26 00:00:00,constructor_standings_10114
24159,523,27,61.0,2,3,1979-08-26 00:00:00,constructor_standings_10115
24181,524,21,5.0,9,0,1979-09-09 00:00:00,constructor_standings_10116
24179,524,56,1.0,10,0,1979-09-09 00:00:00,constructor_standings_10117
24177,524,32,39.0,4,0,1979-09-09 00:00:00,constructor_standings_10118
24176,524,27,61.0,3,3,1979-09-09 00:00:00,constructor_standings_10119
24198,525,58,0.0,11,0,1979-09-30 00:00:00,constructor_standings_10120
24196,525,1,14.0,7,0,1979-09-30 00:00:00,constructor_standings_10121
24195,525,32,39.0,4,0,1979-09-30 00:00:00,constructor_standings_10122
24194,525,27,61.0,3,3,1979-09-30 00:00:00,constructor_standings_10123
24218,526,21,5.0,9,0,1979-10-07 00:00:00,constructor_standings_10124
24216,526,56,1.0,12,0,1979-10-07 00:00:00,constructor_standings_10125
24214,526,32,39.0,4,0,1979-10-07 00:00:00,constructor_standings_10126
24213,526,27,61.0,3,3,1979-10-07 00:00:00,constructor_standings_10127
24232,337,6,43.0,1,1,2010-03-14 12:00:00,constructor_standings_10128
24233,337,1,21.0,2,0,2010-03-14 12:00:00,constructor_standings_10129
24234,337,9,16.0,4,0,2010-03-14 12:00:00,constructor_standings_10130
24235,337,131,18.0,3,0,2010-03-14 12:00:00,constructor_standings_10131
24236,337,10,2.0,5,0,2010-03-14 12:00:00,constructor_standings_10132
24237,337,3,1.0,6,0,2010-03-14 12:00:00,constructor_standings_10133
24238,337,4,0.0,7,0,2010-03-14 12:00:00,constructor_standings_10134
24239,337,5,0.0,8,0,2010-03-14 12:00:00,constructor_standings_10135
24240,337,205,0.0,9,0,2010-03-14 12:00:00,constructor_standings_10136
24241,337,15,0.0,10,0,2010-03-14 12:00:00,constructor_standings_10137
24242,337,164,0.0,11,0,2010-03-14 12:00:00,constructor_standings_10138
24243,337,166,0.0,12,0,2010-03-14 12:00:00,constructor_standings_10139
24244,338,6,70.0,1,1,2010-03-28 06:00:00,constructor_standings_10140
24245,338,1,54.0,2,1,2010-03-28 06:00:00,constructor_standings_10141
24246,338,9,18.0,5,0,2010-03-28 06:00:00,constructor_standings_10142
24247,338,131,29.0,3,0,2010-03-28 06:00:00,constructor_standings_10143
24248,338,10,8.0,6,0,2010-03-28 06:00:00,constructor_standings_10144
24249,338,3,5.0,7,0,2010-03-28 06:00:00,constructor_standings_10145
24250,338,4,18.0,4,0,2010-03-28 06:00:00,constructor_standings_10146
24251,338,5,0.0,8,0,2010-03-28 06:00:00,constructor_standings_10147
24252,338,205,0.0,10,0,2010-03-28 06:00:00,constructor_standings_10148
24253,338,15,0.0,9,0,2010-03-28 06:00:00,constructor_standings_10149
24254,338,164,0.0,11,0,2010-03-28 06:00:00,constructor_standings_10150
24255,338,166,0.0,12,0,2010-03-28 06:00:00,constructor_standings_10151
24256,339,6,76.0,1,1,2010-04-04 08:00:00,constructor_standings_10152
24257,339,1,66.0,2,1,2010-04-04 08:00:00,constructor_standings_10153
24258,339,9,61.0,3,1,2010-04-04 08:00:00,constructor_standings_10154
24259,339,131,44.0,4,0,2010-04-04 08:00:00,constructor_standings_10155
24260,339,10,18.0,6,0,2010-04-04 08:00:00,constructor_standings_10156
24261,339,3,6.0,7,0,2010-04-04 08:00:00,constructor_standings_10157
24262,339,4,30.0,5,0,2010-04-04 08:00:00,constructor_standings_10158
24263,339,5,2.0,8,0,2010-04-04 08:00:00,constructor_standings_10159
24264,339,205,0.0,10,0,2010-04-04 08:00:00,constructor_standings_10160
24265,339,15,0.0,9,0,2010-04-04 08:00:00,constructor_standings_10161
24266,339,164,0.0,11,0,2010-04-04 08:00:00,constructor_standings_10162
24267,339,166,0.0,12,0,2010-04-04 08:00:00,constructor_standings_10163
24268,340,6,90.0,2,1,2010-04-18 06:00:00,constructor_standings_10164
24269,340,1,109.0,1,2,2010-04-18 06:00:00,constructor_standings_10165
24270,340,9,73.0,3,1,2010-04-18 06:00:00,constructor_standings_10166
24271,340,131,60.0,4,0,2010-04-18 06:00:00,constructor_standings_10167
24272,340,10,18.0,6,0,2010-04-18 06:00:00,constructor_standings_10168
24273,340,3,6.0,7,0,2010-04-18 06:00:00,constructor_standings_10169
24274,340,4,46.0,5,0,2010-04-18 06:00:00,constructor_standings_10170
24275,340,5,2.0,8,0,2010-04-18 06:00:00,constructor_standings_10171
24276,340,205,0.0,10,0,2010-04-18 06:00:00,constructor_standings_10172
24277,340,15,0.0,9,0,2010-04-18 06:00:00,constructor_standings_10173
24278,340,164,0.0,11,0,2010-04-18 06:00:00,constructor_standings_10174
24279,340,166,0.0,12,0,2010-04-18 06:00:00,constructor_standings_10175
24280,341,6,116.0,2,1,2010-05-09 12:00:00,constructor_standings_10176
24281,341,1,119.0,1,2,2010-05-09 12:00:00,constructor_standings_10177
24282,341,9,113.0,3,2,2010-05-09 12:00:00,constructor_standings_10178
24283,341,131,72.0,4,0,2010-05-09 12:00:00,constructor_standings_10179
24284,341,10,24.0,6,0,2010-05-09 12:00:00,constructor_standings_10180
24285,341,3,8.0,7,0,2010-05-09 12:00:00,constructor_standings_10181
24286,341,4,50.0,5,0,2010-05-09 12:00:00,constructor_standings_10182
24287,341,5,3.0,8,0,2010-05-09 12:00:00,constructor_standings_10183
24288,341,205,0.0,10,0,2010-05-09 12:00:00,constructor_standings_10184
24289,341,15,0.0,9,0,2010-05-09 12:00:00,constructor_standings_10185
24290,341,164,0.0,11,0,2010-05-09 12:00:00,constructor_standings_10186
24291,341,166,0.0,12,0,2010-05-09 12:00:00,constructor_standings_10187
24316,343,6,146.0,3,1,2010-05-30 11:00:00,constructor_standings_10188
24315,342,166,0.0,12,0,2010-05-16 12:00:00,constructor_standings_10189
24314,342,164,0.0,11,0,2010-05-16 12:00:00,constructor_standings_10190
24312,342,205,0.0,10,0,2010-05-16 12:00:00,constructor_standings_10191
24310,342,4,65.0,5,0,2010-05-16 12:00:00,constructor_standings_10192
24307,342,131,78.0,4,0,2010-05-16 12:00:00,constructor_standings_10193
24313,342,15,0.0,9,0,2010-05-16 12:00:00,constructor_standings_10194
24309,342,3,8.0,7,0,2010-05-16 12:00:00,constructor_standings_10195
24311,342,5,4.0,8,0,2010-05-16 12:00:00,constructor_standings_10196
24308,342,10,30.0,6,0,2010-05-16 12:00:00,constructor_standings_10197
24306,342,9,156.0,1,3,2010-05-16 12:00:00,constructor_standings_10198
24305,342,1,129.0,3,2,2010-05-16 12:00:00,constructor_standings_10199
24304,342,6,136.0,2,1,2010-05-16 12:00:00,constructor_standings_10200
24317,343,1,172.0,1,3,2010-05-30 11:00:00,constructor_standings_10201
24318,343,9,171.0,2,3,2010-05-30 11:00:00,constructor_standings_10202
24319,343,131,100.0,4,0,2010-05-30 11:00:00,constructor_standings_10203
24320,343,10,32.0,6,0,2010-05-30 11:00:00,constructor_standings_10204
24321,343,3,8.0,7,0,2010-05-30 11:00:00,constructor_standings_10205
24322,343,4,73.0,5,0,2010-05-30 11:00:00,constructor_standings_10206
24323,343,5,4.0,8,0,2010-05-30 11:00:00,constructor_standings_10207
24324,343,205,0.0,10,0,2010-05-30 11:00:00,constructor_standings_10208
24325,343,15,1.0,9,0,2010-05-30 11:00:00,constructor_standings_10209
24326,343,164,0.0,11,0,2010-05-30 11:00:00,constructor_standings_10210
24327,343,166,0.0,12,0,2010-05-30 11:00:00,constructor_standings_10211
24328,344,6,161.0,3,1,2010-06-13 16:00:00,constructor_standings_10212
24329,344,1,215.0,1,4,2010-06-13 16:00:00,constructor_standings_10213
24330,344,9,193.0,2,3,2010-06-13 16:00:00,constructor_standings_10214
24331,344,131,108.0,4,0,2010-06-13 16:00:00,constructor_standings_10215
24332,344,10,35.0,6,0,2010-06-13 16:00:00,constructor_standings_10216
24333,344,3,8.0,8,0,2010-06-13 16:00:00,constructor_standings_10217
24334,344,4,79.0,5,0,2010-06-13 16:00:00,constructor_standings_10218
24335,344,5,8.0,7,0,2010-06-13 16:00:00,constructor_standings_10219
24336,344,205,0.0,10,0,2010-06-13 16:00:00,constructor_standings_10220
24337,344,15,1.0,9,0,2010-06-13 16:00:00,constructor_standings_10221
24338,344,164,0.0,11,0,2010-06-13 16:00:00,constructor_standings_10222
24339,344,166,0.0,12,0,2010-06-13 16:00:00,constructor_standings_10223
24340,345,6,165.0,3,1,2010-06-27 12:00:00,constructor_standings_10224
24341,345,1,248.0,1,4,2010-06-27 12:00:00,constructor_standings_10225
24342,345,9,218.0,2,4,2010-06-27 12:00:00,constructor_standings_10226
24343,345,131,109.0,4,0,2010-06-27 12:00:00,constructor_standings_10227
24344,345,10,43.0,6,0,2010-06-27 12:00:00,constructor_standings_10228
24345,345,3,20.0,7,0,2010-06-27 12:00:00,constructor_standings_10229
24346,345,4,89.0,5,0,2010-06-27 12:00:00,constructor_standings_10230
24347,345,5,10.0,8,0,2010-06-27 12:00:00,constructor_standings_10231
24348,345,205,0.0,10,0,2010-06-27 12:00:00,constructor_standings_10232
24349,345,15,7.0,9,0,2010-06-27 12:00:00,constructor_standings_10233
24350,345,164,0.0,11,0,2010-06-27 12:00:00,constructor_standings_10234
24351,345,166,0.0,12,0,2010-06-27 12:00:00,constructor_standings_10235
24352,346,6,165.0,3,1,2010-07-11 12:00:00,constructor_standings_10236
24353,346,1,278.0,1,4,2010-07-11 12:00:00,constructor_standings_10237
24354,346,9,249.0,2,5,2010-07-11 12:00:00,constructor_standings_10238
24355,346,131,126.0,4,0,2010-07-11 12:00:00,constructor_standings_10239
24356,346,10,47.0,6,0,2010-07-11 12:00:00,constructor_standings_10240
24357,346,3,31.0,7,0,2010-07-11 12:00:00,constructor_standings_10241
24358,346,4,89.0,5,0,2010-07-11 12:00:00,constructor_standings_10242
24359,346,5,10.0,9,0,2010-07-11 12:00:00,constructor_standings_10243
24360,346,205,0.0,10,0,2010-07-11 12:00:00,constructor_standings_10244
24361,346,15,15.0,8,0,2010-07-11 12:00:00,constructor_standings_10245
24362,346,164,0.0,11,0,2010-07-11 12:00:00,constructor_standings_10246
24363,346,166,0.0,12,0,2010-07-11 12:00:00,constructor_standings_10247
24364,347,6,208.0,3,2,2010-07-25 12:00:00,constructor_standings_10248
24365,347,1,300.0,1,4,2010-07-25 12:00:00,constructor_standings_10249
24366,347,9,272.0,2,5,2010-07-25 12:00:00,constructor_standings_10250
24367,347,131,132.0,4,0,2010-07-25 12:00:00,constructor_standings_10251
24368,347,10,47.0,6,0,2010-07-25 12:00:00,constructor_standings_10252
24369,347,3,31.0,7,0,2010-07-25 12:00:00,constructor_standings_10253
24370,347,4,96.0,5,0,2010-07-25 12:00:00,constructor_standings_10254
24371,347,5,10.0,9,0,2010-07-25 12:00:00,constructor_standings_10255
24372,347,205,0.0,10,0,2010-07-25 12:00:00,constructor_standings_10256
24373,347,15,15.0,8,0,2010-07-25 12:00:00,constructor_standings_10257
24374,347,164,0.0,11,0,2010-07-25 12:00:00,constructor_standings_10258
24375,347,166,0.0,12,0,2010-07-25 12:00:00,constructor_standings_10259
24376,348,6,238.0,3,2,2010-08-01 12:00:00,constructor_standings_10260
24377,348,1,304.0,2,4,2010-08-01 12:00:00,constructor_standings_10261
24378,348,9,312.0,1,6,2010-08-01 12:00:00,constructor_standings_10262
24379,348,131,132.0,4,0,2010-08-01 12:00:00,constructor_standings_10263
24380,348,10,47.0,6,0,2010-08-01 12:00:00,constructor_standings_10264
24381,348,3,40.0,7,0,2010-08-01 12:00:00,constructor_standings_10265
24382,348,4,106.0,5,0,2010-08-01 12:00:00,constructor_standings_10266
24383,348,5,10.0,9,0,2010-08-01 12:00:00,constructor_standings_10267
24384,348,205,0.0,10,0,2010-08-01 12:00:00,constructor_standings_10268
24385,348,15,23.0,8,0,2010-08-01 12:00:00,constructor_standings_10269
24386,348,164,0.0,11,0,2010-08-01 12:00:00,constructor_standings_10270
24387,348,166,0.0,12,0,2010-08-01 12:00:00,constructor_standings_10271
24388,349,6,250.0,3,2,2010-08-29 12:00:00,constructor_standings_10272
24389,349,1,329.0,2,5,2010-08-29 12:00:00,constructor_standings_10273
24390,349,9,330.0,1,6,2010-08-29 12:00:00,constructor_standings_10274
24391,349,131,146.0,4,0,2010-08-29 12:00:00,constructor_standings_10275
24392,349,10,58.0,6,0,2010-08-29 12:00:00,constructor_standings_10276
24393,349,3,40.0,7,0,2010-08-29 12:00:00,constructor_standings_10277
24394,349,4,123.0,5,0,2010-08-29 12:00:00,constructor_standings_10278
24395,349,5,10.0,9,0,2010-08-29 12:00:00,constructor_standings_10279
24396,349,205,0.0,10,0,2010-08-29 12:00:00,constructor_standings_10280
24397,349,15,27.0,8,0,2010-08-29 12:00:00,constructor_standings_10281
24398,349,164,0.0,11,0,2010-08-29 12:00:00,constructor_standings_10282
24399,349,166,0.0,12,0,2010-08-29 12:00:00,constructor_standings_10283
24400,350,6,290.0,3,3,2010-09-12 12:00:00,constructor_standings_10284
24401,350,1,347.0,2,5,2010-09-12 12:00:00,constructor_standings_10285
24402,350,9,350.0,1,6,2010-09-12 12:00:00,constructor_standings_10286
24403,350,131,158.0,4,0,2010-09-12 12:00:00,constructor_standings_10287
24404,350,10,58.0,6,0,2010-09-12 12:00:00,constructor_standings_10288
24405,350,3,47.0,7,0,2010-09-12 12:00:00,constructor_standings_10289
24406,350,4,127.0,5,0,2010-09-12 12:00:00,constructor_standings_10290
24407,350,5,10.0,9,0,2010-09-12 12:00:00,constructor_standings_10291
24408,350,205,0.0,10,0,2010-09-12 12:00:00,constructor_standings_10292
24409,350,15,27.0,8,0,2010-09-12 12:00:00,constructor_standings_10293
24410,350,164,0.0,11,0,2010-09-12 12:00:00,constructor_standings_10294
24411,350,166,0.0,12,0,2010-09-12 12:00:00,constructor_standings_10295
24447,351,166,0.0,12,0,2010-09-26 12:00:00,constructor_standings_10296
24446,351,164,0.0,11,0,2010-09-26 12:00:00,constructor_standings_10297
24445,351,15,27.0,8,0,2010-09-26 12:00:00,constructor_standings_10298
24444,351,205,0.0,10,0,2010-09-26 12:00:00,constructor_standings_10299
24443,351,5,10.0,9,0,2010-09-26 12:00:00,constructor_standings_10300
24442,351,4,133.0,5,0,2010-09-26 12:00:00,constructor_standings_10301
24437,351,1,359.0,2,5,2010-09-26 12:00:00,constructor_standings_10302
24438,351,9,383.0,1,6,2010-09-26 12:00:00,constructor_standings_10303
24439,351,131,168.0,4,0,2010-09-26 12:00:00,constructor_standings_10304
24440,351,10,60.0,6,0,2010-09-26 12:00:00,constructor_standings_10305
24441,351,3,56.0,7,0,2010-09-26 12:00:00,constructor_standings_10306
24436,351,6,319.0,3,4,2010-09-26 12:00:00,constructor_standings_10307
24483,353,166,0.0,12,0,2010-10-24 05:00:00,constructor_standings_10308
24459,352,166,0.0,12,0,2010-10-10 06:00:00,constructor_standings_10309
24458,352,164,0.0,11,0,2010-10-10 06:00:00,constructor_standings_10310
24457,352,15,37.0,8,0,2010-10-10 06:00:00,constructor_standings_10311
24456,352,205,0.0,10,0,2010-10-10 06:00:00,constructor_standings_10312
24455,352,5,11.0,9,0,2010-10-10 06:00:00,constructor_standings_10313
24454,352,4,133.0,5,0,2010-10-10 06:00:00,constructor_standings_10314
24449,352,1,381.0,2,5,2010-10-10 06:00:00,constructor_standings_10315
24450,352,9,426.0,1,7,2010-10-10 06:00:00,constructor_standings_10316
24451,352,131,176.0,4,0,2010-10-10 06:00:00,constructor_standings_10317
24452,352,10,60.0,6,0,2010-10-10 06:00:00,constructor_standings_10318
24453,352,3,58.0,7,0,2010-10-10 06:00:00,constructor_standings_10319
24448,352,6,334.0,3,4,2010-10-10 06:00:00,constructor_standings_10320
24481,353,15,43.0,8,0,2010-10-24 05:00:00,constructor_standings_10321
24479,353,5,11.0,9,0,2010-10-24 05:00:00,constructor_standings_10322
24477,353,3,65.0,7,0,2010-10-24 05:00:00,constructor_standings_10323
24475,353,131,188.0,4,0,2010-10-24 05:00:00,constructor_standings_10324
24482,353,164,0.0,11,0,2010-10-24 05:00:00,constructor_standings_10325
24478,353,4,143.0,5,0,2010-10-24 05:00:00,constructor_standings_10326
24480,353,205,0.0,10,0,2010-10-24 05:00:00,constructor_standings_10327
24474,353,9,426.0,1,7,2010-10-24 05:00:00,constructor_standings_10328
24476,353,10,68.0,6,0,2010-10-24 05:00:00,constructor_standings_10329
24473,353,1,399.0,2,5,2010-10-24 05:00:00,constructor_standings_10330
24472,353,6,374.0,3,5,2010-10-24 05:00:00,constructor_standings_10331
24484,354,6,389.0,3,5,2010-11-07 16:00:00,constructor_standings_10332
24485,354,1,421.0,2,5,2010-11-07 16:00:00,constructor_standings_10333
24486,354,9,469.0,1,8,2010-11-07 16:00:00,constructor_standings_10334
24487,354,131,202.0,4,0,2010-11-07 16:00:00,constructor_standings_10335
24488,354,10,68.0,7,0,2010-11-07 16:00:00,constructor_standings_10336
24489,354,3,69.0,6,0,2010-11-07 16:00:00,constructor_standings_10337
24490,354,4,145.0,5,0,2010-11-07 16:00:00,constructor_standings_10338
24491,354,5,11.0,9,0,2010-11-07 16:00:00,constructor_standings_10339
24492,354,205,0.0,10,0,2010-11-07 16:00:00,constructor_standings_10340
24493,354,15,44.0,8,0,2010-11-07 16:00:00,constructor_standings_10341
24494,354,164,0.0,11,0,2010-11-07 16:00:00,constructor_standings_10342
24495,354,166,0.0,12,0,2010-11-07 16:00:00,constructor_standings_10343
24496,355,6,396.0,3,5,2010-11-14 13:00:00,constructor_standings_10344
24497,355,1,454.0,2,5,2010-11-14 13:00:00,constructor_standings_10345
24498,355,9,498.0,1,9,2010-11-14 13:00:00,constructor_standings_10346
24499,355,131,214.0,4,0,2010-11-14 13:00:00,constructor_standings_10347
24500,355,10,68.0,7,0,2010-11-14 13:00:00,constructor_standings_10348
24501,355,3,69.0,6,0,2010-11-14 13:00:00,constructor_standings_10349
24502,355,4,163.0,5,0,2010-11-14 13:00:00,constructor_standings_10350
24503,355,5,13.0,9,0,2010-11-14 13:00:00,constructor_standings_10351
24504,355,205,0.0,10,0,2010-11-14 13:00:00,constructor_standings_10352
24505,355,15,44.0,8,0,2010-11-14 13:00:00,constructor_standings_10353
24506,355,164,0.0,11,0,2010-11-14 13:00:00,constructor_standings_10354
24507,355,166,0.0,12,0,2010-11-14 13:00:00,constructor_standings_10355
27983,75,4,58.0,1,4,2005-05-08 14:00:00,constructor_standings_10356
24542,842,4,30.0,4,0,2011-04-10 08:00:00,constructor_standings_10357
24541,842,1,48.0,2,0,2011-04-10 08:00:00,constructor_standings_10358
24540,842,9,72.0,1,2,2011-04-10 08:00:00,constructor_standings_10359
24669,841,131,0.0,10,0,2011-03-27 06:00:00,constructor_standings_10360
24668,841,3,0.0,9,0,2011-03-27 06:00:00,constructor_standings_10361
24667,841,166,0.0,8,0,2011-03-27 06:00:00,constructor_standings_10362
24666,841,205,0.0,7,0,2011-03-27 06:00:00,constructor_standings_10363
24665,841,10,3.0,6,0,2011-03-27 06:00:00,constructor_standings_10364
24664,841,5,4.0,5,0,2011-03-27 06:00:00,constructor_standings_10365
24663,841,6,18.0,3,0,2011-03-27 06:00:00,constructor_standings_10366
24662,841,4,15.0,4,0,2011-03-27 06:00:00,constructor_standings_10367
24661,841,1,26.0,2,0,2011-03-27 06:00:00,constructor_standings_10368
24660,841,9,35.0,1,1,2011-03-27 06:00:00,constructor_standings_10369
24543,842,6,36.0,3,0,2011-04-10 08:00:00,constructor_standings_10370
24544,842,5,4.0,6,0,2011-04-10 08:00:00,constructor_standings_10371
24545,842,10,4.0,7,0,2011-04-10 08:00:00,constructor_standings_10372
24546,842,205,0.0,9,0,2011-04-10 08:00:00,constructor_standings_10373
24547,842,166,0.0,10,0,2011-04-10 08:00:00,constructor_standings_10374
24548,842,3,0.0,11,0,2011-04-10 08:00:00,constructor_standings_10375
24549,842,131,2.0,8,0,2011-04-10 08:00:00,constructor_standings_10376
24550,842,15,6.0,5,0,2011-04-10 08:00:00,constructor_standings_10377
24551,842,164,0.0,12,0,2011-04-10 08:00:00,constructor_standings_10378
24552,843,9,105.0,1,2,2011-04-17 07:00:00,constructor_standings_10379
24553,843,1,85.0,2,1,2011-04-17 07:00:00,constructor_standings_10380
24554,843,4,32.0,4,0,2011-04-17 07:00:00,constructor_standings_10381
24555,843,6,50.0,3,0,2011-04-17 07:00:00,constructor_standings_10382
24556,843,5,4.0,7,0,2011-04-17 07:00:00,constructor_standings_10383
24557,843,10,4.0,8,0,2011-04-17 07:00:00,constructor_standings_10384
24558,843,205,0.0,9,0,2011-04-17 07:00:00,constructor_standings_10385
24559,843,166,0.0,11,0,2011-04-17 07:00:00,constructor_standings_10386
24560,843,3,0.0,10,0,2011-04-17 07:00:00,constructor_standings_10387
24561,843,131,16.0,5,0,2011-04-17 07:00:00,constructor_standings_10388
24562,843,15,7.0,6,0,2011-04-17 07:00:00,constructor_standings_10389
24563,843,164,0.0,12,0,2011-04-17 07:00:00,constructor_standings_10390
24564,844,9,148.0,1,3,2011-05-08 12:00:00,constructor_standings_10391
24565,844,1,105.0,2,1,2011-05-08 12:00:00,constructor_standings_10392
24566,844,4,42.0,4,0,2011-05-08 12:00:00,constructor_standings_10393
24567,844,6,65.0,3,0,2011-05-08 12:00:00,constructor_standings_10394
24568,844,5,6.0,7,0,2011-05-08 12:00:00,constructor_standings_10395
24569,844,10,4.0,8,0,2011-05-08 12:00:00,constructor_standings_10396
24570,844,205,0.0,9,0,2011-05-08 12:00:00,constructor_standings_10397
24571,844,166,0.0,11,0,2011-05-08 12:00:00,constructor_standings_10398
24572,844,3,0.0,10,0,2011-05-08 12:00:00,constructor_standings_10399
24573,844,131,26.0,5,0,2011-05-08 12:00:00,constructor_standings_10400
24574,844,15,8.0,6,0,2011-05-08 12:00:00,constructor_standings_10401
24575,844,164,0.0,12,0,2011-05-08 12:00:00,constructor_standings_10402
24576,845,9,185.0,1,4,2011-05-22 12:00:00,constructor_standings_10403
24577,845,1,138.0,2,1,2011-05-22 12:00:00,constructor_standings_10404
24578,845,4,46.0,4,0,2011-05-22 12:00:00,constructor_standings_10405
24579,845,6,75.0,3,0,2011-05-22 12:00:00,constructor_standings_10406
24580,845,5,6.0,7,0,2011-05-22 12:00:00,constructor_standings_10407
24581,845,10,4.0,8,0,2011-05-22 12:00:00,constructor_standings_10408
24582,845,205,0.0,10,0,2011-05-22 12:00:00,constructor_standings_10409
24583,845,166,0.0,11,0,2011-05-22 12:00:00,constructor_standings_10410
24584,845,3,0.0,9,0,2011-05-22 12:00:00,constructor_standings_10411
24585,845,131,40.0,5,0,2011-05-22 12:00:00,constructor_standings_10412
24586,845,15,11.0,6,0,2011-05-22 12:00:00,constructor_standings_10413
24587,845,164,0.0,12,0,2011-05-22 12:00:00,constructor_standings_10414
24588,846,9,222.0,1,5,2011-05-29 12:00:00,constructor_standings_10415
24589,846,1,161.0,2,1,2011-05-29 12:00:00,constructor_standings_10416
24590,846,4,50.0,4,0,2011-05-29 12:00:00,constructor_standings_10417
24591,846,6,93.0,3,0,2011-05-29 12:00:00,constructor_standings_10418
24592,846,5,7.0,8,0,2011-05-29 12:00:00,constructor_standings_10419
24593,846,10,10.0,7,0,2011-05-29 12:00:00,constructor_standings_10420
24594,846,205,0.0,10,0,2011-05-29 12:00:00,constructor_standings_10421
24595,846,166,0.0,11,0,2011-05-29 12:00:00,constructor_standings_10422
24596,846,3,2.0,9,0,2011-05-29 12:00:00,constructor_standings_10423
24597,846,131,40.0,5,0,2011-05-29 12:00:00,constructor_standings_10424
24598,846,15,21.0,6,0,2011-05-29 12:00:00,constructor_standings_10425
24599,846,164,0.0,12,0,2011-05-29 12:00:00,constructor_standings_10426
24600,847,9,255.0,1,5,2011-06-12 17:00:00,constructor_standings_10427
24601,847,1,186.0,2,2,2011-06-12 17:00:00,constructor_standings_10428
24602,847,4,60.0,4,0,2011-06-12 17:00:00,constructor_standings_10429
24603,847,6,101.0,3,0,2011-06-12 17:00:00,constructor_standings_10430
24604,847,5,12.0,7,0,2011-06-12 17:00:00,constructor_standings_10431
24605,847,10,10.0,8,0,2011-06-12 17:00:00,constructor_standings_10432
24606,847,205,0.0,10,0,2011-06-12 17:00:00,constructor_standings_10433
24607,847,166,0.0,12,0,2011-06-12 17:00:00,constructor_standings_10434
24608,847,3,4.0,9,0,2011-06-12 17:00:00,constructor_standings_10435
24609,847,131,52.0,5,0,2011-06-12 17:00:00,constructor_standings_10436
24610,847,15,27.0,6,0,2011-06-12 17:00:00,constructor_standings_10437
24611,847,164,0.0,11,0,2011-06-12 17:00:00,constructor_standings_10438
24612,848,9,295.0,1,6,2011-06-26 12:00:00,constructor_standings_10439
24613,848,1,206.0,2,2,2011-06-26 12:00:00,constructor_standings_10440
24614,848,4,61.0,4,0,2011-06-26 12:00:00,constructor_standings_10441
24615,848,6,129.0,3,0,2011-06-26 12:00:00,constructor_standings_10442
24616,848,5,16.0,7,0,2011-06-26 12:00:00,constructor_standings_10443
24617,848,10,12.0,8,0,2011-06-26 12:00:00,constructor_standings_10444
24618,848,205,0.0,10,0,2011-06-26 12:00:00,constructor_standings_10445
24619,848,166,0.0,12,0,2011-06-26 12:00:00,constructor_standings_10446
24620,848,3,4.0,9,0,2011-06-26 12:00:00,constructor_standings_10447
24621,848,131,58.0,5,0,2011-06-26 12:00:00,constructor_standings_10448
24622,848,15,27.0,6,0,2011-06-26 12:00:00,constructor_standings_10449
24623,848,164,0.0,11,0,2011-06-26 12:00:00,constructor_standings_10450
24624,849,9,328.0,1,6,2011-07-10 12:00:00,constructor_standings_10451
24625,849,1,218.0,2,2,2011-07-10 12:00:00,constructor_standings_10452
24626,849,4,65.0,5,0,2011-07-10 12:00:00,constructor_standings_10453
24627,849,6,164.0,3,1,2011-07-10 12:00:00,constructor_standings_10454
24628,849,5,17.0,7,0,2011-07-10 12:00:00,constructor_standings_10455
24629,849,10,12.0,8,0,2011-07-10 12:00:00,constructor_standings_10456
24630,849,205,0.0,10,0,2011-07-10 12:00:00,constructor_standings_10457
24631,849,166,0.0,12,0,2011-07-10 12:00:00,constructor_standings_10458
24632,849,3,4.0,9,0,2011-07-10 12:00:00,constructor_standings_10459
24633,849,131,68.0,4,0,2011-07-10 12:00:00,constructor_standings_10460
24634,849,15,33.0,6,0,2011-07-10 12:00:00,constructor_standings_10461
24635,849,164,0.0,11,0,2011-07-10 12:00:00,constructor_standings_10462
24636,850,9,355.0,1,6,2011-07-24 12:00:00,constructor_standings_10463
24637,850,1,243.0,2,3,2011-07-24 12:00:00,constructor_standings_10464
24638,850,4,66.0,5,0,2011-07-24 12:00:00,constructor_standings_10465
24639,850,6,192.0,3,1,2011-07-24 12:00:00,constructor_standings_10466
24640,850,5,17.0,8,0,2011-07-24 12:00:00,constructor_standings_10467
24641,850,10,20.0,7,0,2011-07-24 12:00:00,constructor_standings_10468
24642,850,205,0.0,10,0,2011-07-24 12:00:00,constructor_standings_10469
24643,850,166,0.0,12,0,2011-07-24 12:00:00,constructor_standings_10470
24644,850,3,4.0,9,0,2011-07-24 12:00:00,constructor_standings_10471
24645,850,131,78.0,4,0,2011-07-24 12:00:00,constructor_standings_10472
24646,850,15,35.0,6,0,2011-07-24 12:00:00,constructor_standings_10473
24647,850,164,0.0,11,0,2011-07-24 12:00:00,constructor_standings_10474
24648,851,9,383.0,1,6,2011-07-31 12:00:00,constructor_standings_10475
24649,851,1,280.0,2,4,2011-07-31 12:00:00,constructor_standings_10476
24650,851,4,66.0,5,0,2011-07-31 12:00:00,constructor_standings_10477
24651,851,6,215.0,3,1,2011-07-31 12:00:00,constructor_standings_10478
24652,851,5,22.0,8,0,2011-07-31 12:00:00,constructor_standings_10479
24653,851,10,26.0,7,0,2011-07-31 12:00:00,constructor_standings_10480
24654,851,205,0.0,10,0,2011-07-31 12:00:00,constructor_standings_10481
24655,851,166,0.0,12,0,2011-07-31 12:00:00,constructor_standings_10482
24656,851,3,4.0,9,0,2011-07-31 12:00:00,constructor_standings_10483
24657,851,131,80.0,4,0,2011-07-31 12:00:00,constructor_standings_10484
24658,851,15,35.0,6,0,2011-07-31 12:00:00,constructor_standings_10485
24659,851,164,0.0,11,0,2011-07-31 12:00:00,constructor_standings_10486
24670,852,9,426.0,1,7,2011-08-28 12:00:00,constructor_standings_10487
24671,852,1,295.0,2,4,2011-08-28 12:00:00,constructor_standings_10488
24672,852,4,68.0,5,0,2011-08-28 12:00:00,constructor_standings_10489
24673,852,6,231.0,3,1,2011-08-28 12:00:00,constructor_standings_10490
24674,852,5,22.0,8,0,2011-08-28 12:00:00,constructor_standings_10491
24675,852,10,32.0,7,0,2011-08-28 12:00:00,constructor_standings_10492
24676,852,205,0.0,10,0,2011-08-28 12:00:00,constructor_standings_10493
24677,852,166,0.0,12,0,2011-08-28 12:00:00,constructor_standings_10494
24678,852,3,5.0,9,0,2011-08-28 12:00:00,constructor_standings_10495
24679,852,131,98.0,4,0,2011-08-28 12:00:00,constructor_standings_10496
24680,852,15,35.0,6,0,2011-08-28 12:00:00,constructor_standings_10497
24681,852,164,0.0,11,0,2011-08-28 12:00:00,constructor_standings_10498
24682,853,9,451.0,1,8,2011-09-11 12:00:00,constructor_standings_10499
24683,853,1,325.0,2,4,2011-09-11 12:00:00,constructor_standings_10500
24684,853,4,70.0,5,0,2011-09-11 12:00:00,constructor_standings_10501
24685,853,6,254.0,3,1,2011-09-11 12:00:00,constructor_standings_10502
24686,853,5,29.0,8,0,2011-09-11 12:00:00,constructor_standings_10503
24687,853,10,36.0,6,0,2011-09-11 12:00:00,constructor_standings_10504
24688,853,205,0.0,10,0,2011-09-11 12:00:00,constructor_standings_10505
24689,853,166,0.0,12,0,2011-09-11 12:00:00,constructor_standings_10506
24690,853,3,5.0,9,0,2011-09-11 12:00:00,constructor_standings_10507
24691,853,131,108.0,4,0,2011-09-11 12:00:00,constructor_standings_10508
24692,853,15,35.0,7,0,2011-09-11 12:00:00,constructor_standings_10509
24693,853,164,0.0,11,0,2011-09-11 12:00:00,constructor_standings_10510
24694,854,9,491.0,1,9,2011-09-25 12:00:00,constructor_standings_10511
24695,854,1,353.0,2,4,2011-09-25 12:00:00,constructor_standings_10512
24696,854,4,70.0,5,0,2011-09-25 12:00:00,constructor_standings_10513
24697,854,6,268.0,3,1,2011-09-25 12:00:00,constructor_standings_10514
24698,854,5,29.0,8,0,2011-09-25 12:00:00,constructor_standings_10515
24699,854,10,48.0,6,0,2011-09-25 12:00:00,constructor_standings_10516
24700,854,205,0.0,10,0,2011-09-25 12:00:00,constructor_standings_10517
24701,854,166,0.0,12,0,2011-09-25 12:00:00,constructor_standings_10518
24702,854,3,5.0,9,0,2011-09-25 12:00:00,constructor_standings_10519
24703,854,131,114.0,4,0,2011-09-25 12:00:00,constructor_standings_10520
24704,854,15,36.0,7,0,2011-09-25 12:00:00,constructor_standings_10521
24705,854,164,0.0,11,0,2011-09-25 12:00:00,constructor_standings_10522
24706,855,9,518.0,1,9,2011-10-09 06:00:00,constructor_standings_10523
24707,855,1,388.0,2,5,2011-10-09 06:00:00,constructor_standings_10524
24708,855,4,72.0,5,0,2011-10-09 06:00:00,constructor_standings_10525
24709,855,6,292.0,3,1,2011-10-09 06:00:00,constructor_standings_10526
24710,855,5,29.0,8,0,2011-10-09 06:00:00,constructor_standings_10527
24711,855,10,48.0,6,0,2011-10-09 06:00:00,constructor_standings_10528
24712,855,205,0.0,10,0,2011-10-09 06:00:00,constructor_standings_10529
24713,855,166,0.0,12,0,2011-10-09 06:00:00,constructor_standings_10530
24714,855,3,5.0,9,0,2011-10-09 06:00:00,constructor_standings_10531
24715,855,131,123.0,4,0,2011-10-09 06:00:00,constructor_standings_10532
24716,855,15,40.0,7,0,2011-10-09 06:00:00,constructor_standings_10533
24717,855,164,0.0,11,0,2011-10-09 06:00:00,constructor_standings_10534
24718,856,9,558.0,1,10,2011-10-16 06:00:00,constructor_standings_10535
24719,856,1,418.0,2,5,2011-10-16 06:00:00,constructor_standings_10536
24720,856,4,72.0,5,0,2011-10-16 06:00:00,constructor_standings_10537
24721,856,6,310.0,3,1,2011-10-16 06:00:00,constructor_standings_10538
24722,856,5,37.0,8,0,2011-10-16 06:00:00,constructor_standings_10539
24723,856,10,49.0,6,0,2011-10-16 06:00:00,constructor_standings_10540
24724,856,205,0.0,10,0,2011-10-16 06:00:00,constructor_standings_10541
24725,856,166,0.0,12,0,2011-10-16 06:00:00,constructor_standings_10542
24726,856,3,5.0,9,0,2011-10-16 06:00:00,constructor_standings_10543
24727,856,131,127.0,4,0,2011-10-16 06:00:00,constructor_standings_10544
24728,856,15,40.0,7,0,2011-10-16 06:00:00,constructor_standings_10545
24729,856,164,0.0,11,0,2011-10-16 06:00:00,constructor_standings_10546
24730,857,9,595.0,1,11,2011-10-30 09:30:00,constructor_standings_10547
24731,857,1,442.0,2,5,2011-10-30 09:30:00,constructor_standings_10548
24732,857,4,72.0,5,0,2011-10-30 09:30:00,constructor_standings_10549
24733,857,6,325.0,3,1,2011-10-30 09:30:00,constructor_standings_10550
24734,857,5,41.0,8,0,2011-10-30 09:30:00,constructor_standings_10551
24735,857,10,51.0,6,0,2011-10-30 09:30:00,constructor_standings_10552
24736,857,205,0.0,10,0,2011-10-30 09:30:00,constructor_standings_10553
24737,857,166,0.0,12,0,2011-10-30 09:30:00,constructor_standings_10554
24738,857,3,5.0,9,0,2011-10-30 09:30:00,constructor_standings_10555
24739,857,131,145.0,4,0,2011-10-30 09:30:00,constructor_standings_10556
24740,857,15,41.0,7,0,2011-10-30 09:30:00,constructor_standings_10557
24741,857,164,0.0,11,0,2011-10-30 09:30:00,constructor_standings_10558
24742,858,9,607.0,1,11,2011-11-13 13:00:00,constructor_standings_10559
24743,858,1,482.0,2,6,2011-11-13 13:00:00,constructor_standings_10560
24744,858,4,72.0,5,0,2011-11-13 13:00:00,constructor_standings_10561
24745,858,6,353.0,3,1,2011-11-13 13:00:00,constructor_standings_10562
24746,858,5,41.0,8,0,2011-11-13 13:00:00,constructor_standings_10563
24747,858,10,57.0,6,0,2011-11-13 13:00:00,constructor_standings_10564
24748,858,205,0.0,10,0,2011-11-13 13:00:00,constructor_standings_10565
24749,858,166,0.0,12,0,2011-11-13 13:00:00,constructor_standings_10566
24750,858,3,5.0,9,0,2011-11-13 13:00:00,constructor_standings_10567
24751,858,131,159.0,4,0,2011-11-13 13:00:00,constructor_standings_10568
24752,858,15,42.0,7,0,2011-11-13 13:00:00,constructor_standings_10569
24753,858,164,0.0,11,0,2011-11-13 13:00:00,constructor_standings_10570
24754,859,9,650.0,1,12,2011-11-27 16:00:00,constructor_standings_10571
24755,859,1,497.0,2,6,2011-11-27 16:00:00,constructor_standings_10572
24756,859,4,73.0,5,0,2011-11-27 16:00:00,constructor_standings_10573
24757,859,6,375.0,3,1,2011-11-27 16:00:00,constructor_standings_10574
24758,859,5,41.0,8,0,2011-11-27 16:00:00,constructor_standings_10575
24759,859,10,69.0,6,0,2011-11-27 16:00:00,constructor_standings_10576
24760,859,205,0.0,10,0,2011-11-27 16:00:00,constructor_standings_10577
24761,859,166,0.0,12,0,2011-11-27 16:00:00,constructor_standings_10578
24762,859,3,5.0,9,0,2011-11-27 16:00:00,constructor_standings_10579
24763,859,131,165.0,4,0,2011-11-27 16:00:00,constructor_standings_10580
24764,859,15,44.0,7,0,2011-11-27 16:00:00,constructor_standings_10581
24765,859,164,0.0,11,0,2011-11-27 16:00:00,constructor_standings_10582
24941,860,206,0.0,10,0,2012-03-18 06:00:00,constructor_standings_10583
24942,860,207,0.0,11,0,2012-03-18 06:00:00,constructor_standings_10584
24932,860,1,40.0,1,1,2012-03-18 06:00:00,constructor_standings_10585
24940,860,3,0.0,9,0,2012-03-18 06:00:00,constructor_standings_10586
24939,860,131,0.0,8,0,2012-03-18 06:00:00,constructor_standings_10587
24938,860,10,1.0,7,0,2012-03-18 06:00:00,constructor_standings_10588
24937,860,5,2.0,6,0,2012-03-18 06:00:00,constructor_standings_10589
24936,860,208,6.0,5,0,2012-03-18 06:00:00,constructor_standings_10590
24935,860,15,12.0,3,0,2012-03-18 06:00:00,constructor_standings_10591
24934,860,6,10.0,4,0,2012-03-18 06:00:00,constructor_standings_10592
24933,860,9,30.0,2,0,2012-03-18 06:00:00,constructor_standings_10593
24777,861,1,55.0,1,1,2012-03-25 08:00:00,constructor_standings_10594
24778,861,9,42.0,2,0,2012-03-25 08:00:00,constructor_standings_10595
24779,861,6,35.0,3,1,2012-03-25 08:00:00,constructor_standings_10596
24780,861,15,30.0,4,0,2012-03-25 08:00:00,constructor_standings_10597
24781,861,208,16.0,5,0,2012-03-25 08:00:00,constructor_standings_10598
24782,861,5,6.0,8,0,2012-03-25 08:00:00,constructor_standings_10599
24783,861,10,9.0,6,0,2012-03-25 08:00:00,constructor_standings_10600
24784,861,131,1.0,9,0,2012-03-25 08:00:00,constructor_standings_10601
24785,861,3,8.0,7,0,2012-03-25 08:00:00,constructor_standings_10602
24786,861,206,0.0,10,0,2012-03-25 08:00:00,constructor_standings_10603
24787,861,207,0.0,11,0,2012-03-25 08:00:00,constructor_standings_10604
24788,861,164,0.0,12,0,2012-03-25 08:00:00,constructor_standings_10605
24789,862,1,88.0,1,1,2012-04-15 07:00:00,constructor_standings_10606
24790,862,9,64.0,2,0,2012-04-15 07:00:00,constructor_standings_10607
24791,862,6,37.0,3,1,2012-04-15 07:00:00,constructor_standings_10608
24792,862,15,31.0,4,0,2012-04-15 07:00:00,constructor_standings_10609
24793,862,208,24.0,6,0,2012-04-15 07:00:00,constructor_standings_10610
24794,862,5,6.0,9,0,2012-04-15 07:00:00,constructor_standings_10611
24795,862,10,9.0,8,0,2012-04-15 07:00:00,constructor_standings_10612
24796,862,131,26.0,5,1,2012-04-15 07:00:00,constructor_standings_10613
24797,862,3,18.0,7,0,2012-04-15 07:00:00,constructor_standings_10614
24798,862,206,0.0,10,0,2012-04-15 07:00:00,constructor_standings_10615
24799,862,207,0.0,11,0,2012-04-15 07:00:00,constructor_standings_10616
24800,862,164,0.0,12,0,2012-04-15 07:00:00,constructor_standings_10617
24847,864,164,0.0,12,0,2012-05-13 12:00:00,constructor_standings_10618
24846,864,207,0.0,11,0,2012-05-13 12:00:00,constructor_standings_10619
24844,864,3,43.0,6,1,2012-05-13 12:00:00,constructor_standings_10620
24843,864,131,43.0,5,1,2012-05-13 12:00:00,constructor_standings_10621
24842,864,10,18.0,8,0,2012-05-13 12:00:00,constructor_standings_10622
24840,864,208,84.0,3,0,2012-05-13 12:00:00,constructor_standings_10623
24845,864,206,0.0,10,0,2012-05-13 12:00:00,constructor_standings_10624
24841,864,5,6.0,9,0,2012-05-13 12:00:00,constructor_standings_10625
24839,864,15,41.0,7,0,2012-05-13 12:00:00,constructor_standings_10626
24838,864,6,63.0,4,1,2012-05-13 12:00:00,constructor_standings_10627
24837,864,9,109.0,1,1,2012-05-13 12:00:00,constructor_standings_10628
24836,864,1,98.0,2,1,2012-05-13 12:00:00,constructor_standings_10629
24824,863,1,92.0,2,1,2012-04-22 12:00:00,constructor_standings_10630
24825,863,9,101.0,1,1,2012-04-22 12:00:00,constructor_standings_10631
24826,863,6,45.0,4,1,2012-04-22 12:00:00,constructor_standings_10632
24827,863,15,31.0,6,0,2012-04-22 12:00:00,constructor_standings_10633
24828,863,208,57.0,3,0,2012-04-22 12:00:00,constructor_standings_10634
24829,863,5,6.0,9,0,2012-04-22 12:00:00,constructor_standings_10635
24830,863,10,17.0,8,0,2012-04-22 12:00:00,constructor_standings_10636
24831,863,131,37.0,5,1,2012-04-22 12:00:00,constructor_standings_10637
24832,863,3,18.0,7,0,2012-04-22 12:00:00,constructor_standings_10638
24833,863,206,0.0,10,0,2012-04-22 12:00:00,constructor_standings_10639
24834,863,207,0.0,11,0,2012-04-22 12:00:00,constructor_standings_10640
24835,863,164,0.0,12,0,2012-04-22 12:00:00,constructor_standings_10641
24848,865,1,108.0,2,1,2012-05-27 12:00:00,constructor_standings_10642
24849,865,9,146.0,1,2,2012-05-27 12:00:00,constructor_standings_10643
24850,865,6,86.0,3,1,2012-05-27 12:00:00,constructor_standings_10644
24851,865,15,41.0,7,0,2012-05-27 12:00:00,constructor_standings_10645
24852,865,208,86.0,4,0,2012-05-27 12:00:00,constructor_standings_10646
24853,865,5,6.0,9,0,2012-05-27 12:00:00,constructor_standings_10647
24854,865,10,28.0,8,0,2012-05-27 12:00:00,constructor_standings_10648
24855,865,131,61.0,5,1,2012-05-27 12:00:00,constructor_standings_10649
24856,865,3,44.0,6,1,2012-05-27 12:00:00,constructor_standings_10650
24857,865,206,0.0,11,0,2012-05-27 12:00:00,constructor_standings_10651
24858,865,207,0.0,10,0,2012-05-27 12:00:00,constructor_standings_10652
24859,865,164,0.0,12,0,2012-05-27 12:00:00,constructor_standings_10653
24860,866,1,133.0,2,2,2012-06-10 18:00:00,constructor_standings_10654
24861,866,9,164.0,1,2,2012-06-10 18:00:00,constructor_standings_10655
24862,866,6,97.0,4,1,2012-06-10 18:00:00,constructor_standings_10656
24863,866,15,58.0,6,0,2012-06-10 18:00:00,constructor_standings_10657
24864,866,208,108.0,3,0,2012-06-10 18:00:00,constructor_standings_10658
24865,866,5,6.0,9,0,2012-06-10 18:00:00,constructor_standings_10659
24866,866,10,28.0,8,0,2012-06-10 18:00:00,constructor_standings_10660
24867,866,131,69.0,5,1,2012-06-10 18:00:00,constructor_standings_10661
24868,866,3,44.0,7,1,2012-06-10 18:00:00,constructor_standings_10662
24869,866,206,0.0,11,0,2012-06-10 18:00:00,constructor_standings_10663
24870,866,207,0.0,10,0,2012-06-10 18:00:00,constructor_standings_10664
24871,866,164,0.0,12,0,2012-06-10 18:00:00,constructor_standings_10665
24872,867,1,137.0,2,2,2012-06-24 12:00:00,constructor_standings_10666
24873,867,9,176.0,1,2,2012-06-24 12:00:00,constructor_standings_10667
24874,867,6,122.0,4,2,2012-06-24 12:00:00,constructor_standings_10668
24875,867,15,60.0,6,0,2012-06-24 12:00:00,constructor_standings_10669
24876,867,208,126.0,3,0,2012-06-24 12:00:00,constructor_standings_10670
24877,867,5,6.0,9,0,2012-06-24 12:00:00,constructor_standings_10671
24878,867,10,44.0,8,0,2012-06-24 12:00:00,constructor_standings_10672
24879,867,131,92.0,5,1,2012-06-24 12:00:00,constructor_standings_10673
24880,867,3,45.0,7,1,2012-06-24 12:00:00,constructor_standings_10674
24881,867,206,0.0,11,0,2012-06-24 12:00:00,constructor_standings_10675
24882,867,207,0.0,10,0,2012-06-24 12:00:00,constructor_standings_10676
24883,867,164,0.0,12,0,2012-06-24 12:00:00,constructor_standings_10677
24884,868,1,142.0,4,2,2012-07-08 12:00:00,constructor_standings_10678
24885,868,9,216.0,1,3,2012-07-08 12:00:00,constructor_standings_10679
24886,868,6,152.0,2,2,2012-07-08 12:00:00,constructor_standings_10680
24887,868,15,60.0,6,0,2012-07-08 12:00:00,constructor_standings_10681
24888,868,208,144.0,3,0,2012-07-08 12:00:00,constructor_standings_10682
24889,868,5,6.0,9,0,2012-07-08 12:00:00,constructor_standings_10683
24890,868,10,44.0,8,0,2012-07-08 12:00:00,constructor_standings_10684
24891,868,131,98.0,5,1,2012-07-08 12:00:00,constructor_standings_10685
24892,868,3,47.0,7,1,2012-07-08 12:00:00,constructor_standings_10686
24893,868,206,0.0,11,0,2012-07-08 12:00:00,constructor_standings_10687
24894,868,207,0.0,10,0,2012-07-08 12:00:00,constructor_standings_10688
24895,868,164,0.0,12,0,2012-07-08 12:00:00,constructor_standings_10689
24977,869,207,0.0,10,0,2012-07-22 12:00:00,constructor_standings_10690
24978,869,164,0.0,12,0,2012-07-22 12:00:00,constructor_standings_10691
24974,869,131,105.0,5,1,2012-07-22 12:00:00,constructor_standings_10692
24976,869,206,0.0,11,0,2012-07-22 12:00:00,constructor_standings_10693
24975,869,3,47.0,7,1,2012-07-22 12:00:00,constructor_standings_10694
24973,869,10,46.0,8,0,2012-07-22 12:00:00,constructor_standings_10695
24972,869,5,6.0,9,0,2012-07-22 12:00:00,constructor_standings_10696
24971,869,208,159.0,4,0,2012-07-22 12:00:00,constructor_standings_10697
24970,869,15,80.0,6,0,2012-07-22 12:00:00,constructor_standings_10698
24969,869,6,177.0,2,3,2012-07-22 12:00:00,constructor_standings_10699
24968,869,9,230.0,1,3,2012-07-22 12:00:00,constructor_standings_10700
24967,869,1,160.0,3,2,2012-07-22 12:00:00,constructor_standings_10701
24990,870,164,0.0,12,0,2012-07-29 12:00:00,constructor_standings_10702
24988,870,206,0.0,11,0,2012-07-29 12:00:00,constructor_standings_10703
24985,870,10,46.0,8,0,2012-07-29 12:00:00,constructor_standings_10704
24992,871,9,272.0,1,3,2012-09-02 12:00:00,constructor_standings_10705
24989,870,207,0.0,10,0,2012-07-29 12:00:00,constructor_standings_10706
24986,870,131,106.0,5,1,2012-07-29 12:00:00,constructor_standings_10707
24991,871,1,218.0,2,4,2012-09-02 12:00:00,constructor_standings_10708
24979,870,1,193.0,2,3,2012-07-29 12:00:00,constructor_standings_10709
24980,870,9,246.0,1,3,2012-07-29 12:00:00,constructor_standings_10710
24983,870,208,192.0,3,0,2012-07-29 12:00:00,constructor_standings_10711
24982,870,15,80.0,6,0,2012-07-29 12:00:00,constructor_standings_10712
24981,870,6,189.0,4,3,2012-07-29 12:00:00,constructor_standings_10713
24987,870,3,53.0,7,1,2012-07-29 12:00:00,constructor_standings_10714
24984,870,5,6.0,9,0,2012-07-29 12:00:00,constructor_standings_10715
24993,871,6,199.0,4,3,2012-09-02 12:00:00,constructor_standings_10716
24994,871,15,80.0,6,0,2012-09-02 12:00:00,constructor_standings_10717
24995,871,208,207.0,3,0,2012-09-02 12:00:00,constructor_standings_10718
24996,871,5,12.0,9,0,2012-09-02 12:00:00,constructor_standings_10719
24997,871,10,59.0,7,0,2012-09-02 12:00:00,constructor_standings_10720
24998,871,131,112.0,5,1,2012-09-02 12:00:00,constructor_standings_10721
24999,871,3,53.0,8,1,2012-09-02 12:00:00,constructor_standings_10722
25000,871,206,0.0,11,0,2012-09-02 12:00:00,constructor_standings_10723
25001,871,207,0.0,10,0,2012-09-02 12:00:00,constructor_standings_10724
25002,871,164,0.0,12,0,2012-09-02 12:00:00,constructor_standings_10725
25003,872,1,243.0,2,5,2012-09-09 12:00:00,constructor_standings_10726
25004,872,9,272.0,1,3,2012-09-09 12:00:00,constructor_standings_10727
25005,872,6,226.0,3,3,2012-09-09 12:00:00,constructor_standings_10728
25006,872,15,100.0,6,0,2012-09-09 12:00:00,constructor_standings_10729
25007,872,208,217.0,4,0,2012-09-09 12:00:00,constructor_standings_10730
25008,872,5,12.0,9,0,2012-09-09 12:00:00,constructor_standings_10731
25009,872,10,63.0,7,0,2012-09-09 12:00:00,constructor_standings_10732
25010,872,131,126.0,5,1,2012-09-09 12:00:00,constructor_standings_10733
25011,872,3,54.0,8,1,2012-09-09 12:00:00,constructor_standings_10734
25012,872,206,0.0,11,0,2012-09-09 12:00:00,constructor_standings_10735
25013,872,207,0.0,10,0,2012-09-09 12:00:00,constructor_standings_10736
25014,872,164,0.0,12,0,2012-09-09 12:00:00,constructor_standings_10737
25050,873,164,0.0,12,0,2012-09-23 12:00:00,constructor_standings_10738
25049,873,207,0.0,11,0,2012-09-23 12:00:00,constructor_standings_10739
25047,873,3,54.0,8,1,2012-09-23 12:00:00,constructor_standings_10740
25045,873,10,75.0,7,0,2012-09-23 12:00:00,constructor_standings_10741
25043,873,208,231.0,4,0,2012-09-23 12:00:00,constructor_standings_10742
25048,873,206,0.0,10,0,2012-09-23 12:00:00,constructor_standings_10743
25044,873,5,14.0,9,0,2012-09-23 12:00:00,constructor_standings_10744
25046,873,131,136.0,5,1,2012-09-23 12:00:00,constructor_standings_10745
25042,873,15,101.0,6,0,2012-09-23 12:00:00,constructor_standings_10746
25041,873,6,245.0,3,3,2012-09-23 12:00:00,constructor_standings_10747
25040,873,9,297.0,1,4,2012-09-23 12:00:00,constructor_standings_10748
25039,873,1,261.0,2,5,2012-09-23 12:00:00,constructor_standings_10749
25062,874,164,0.0,12,0,2012-10-07 06:00:00,constructor_standings_10750
25061,874,207,0.0,11,0,2012-10-07 06:00:00,constructor_standings_10751
25059,874,3,58.0,8,1,2012-10-07 06:00:00,constructor_standings_10752
25057,874,10,81.0,7,0,2012-10-07 06:00:00,constructor_standings_10753
25055,874,208,239.0,4,0,2012-10-07 06:00:00,constructor_standings_10754
25060,874,206,0.0,10,0,2012-10-07 06:00:00,constructor_standings_10755
25056,874,5,15.0,9,0,2012-10-07 06:00:00,constructor_standings_10756
25058,874,131,136.0,5,1,2012-10-07 06:00:00,constructor_standings_10757
25054,874,15,116.0,6,0,2012-10-07 06:00:00,constructor_standings_10758
25053,874,6,263.0,3,3,2012-10-07 06:00:00,constructor_standings_10759
25052,874,9,324.0,1,5,2012-10-07 06:00:00,constructor_standings_10760
25051,874,1,283.0,2,5,2012-10-07 06:00:00,constructor_standings_10761
25063,875,1,284.0,3,5,2012-10-14 06:00:00,constructor_standings_10762
25064,875,9,367.0,1,6,2012-10-14 06:00:00,constructor_standings_10763
25065,875,6,290.0,2,3,2012-10-14 06:00:00,constructor_standings_10764
25066,875,15,116.0,6,0,2012-10-14 06:00:00,constructor_standings_10765
25067,875,208,255.0,4,0,2012-10-14 06:00:00,constructor_standings_10766
25068,875,5,21.0,9,0,2012-10-14 06:00:00,constructor_standings_10767
25069,875,10,89.0,7,0,2012-10-14 06:00:00,constructor_standings_10768
25070,875,131,136.0,5,1,2012-10-14 06:00:00,constructor_standings_10769
25071,875,3,58.0,8,1,2012-10-14 06:00:00,constructor_standings_10770
25072,875,206,0.0,10,0,2012-10-14 06:00:00,constructor_standings_10771
25073,875,207,0.0,11,0,2012-10-14 06:00:00,constructor_standings_10772
25074,875,164,0.0,12,0,2012-10-14 06:00:00,constructor_standings_10773
25098,876,164,0.0,12,0,2012-10-28 09:30:00,constructor_standings_10774
25097,876,207,0.0,11,0,2012-10-28 09:30:00,constructor_standings_10775
25095,876,3,59.0,8,1,2012-10-28 09:30:00,constructor_standings_10776
25093,876,10,93.0,7,0,2012-10-28 09:30:00,constructor_standings_10777
25091,876,208,263.0,4,0,2012-10-28 09:30:00,constructor_standings_10778
25096,876,206,0.0,10,0,2012-10-28 09:30:00,constructor_standings_10779
25092,876,5,21.0,9,0,2012-10-28 09:30:00,constructor_standings_10780
25094,876,131,136.0,5,1,2012-10-28 09:30:00,constructor_standings_10781
25090,876,15,116.0,6,0,2012-10-28 09:30:00,constructor_standings_10782
25089,876,6,316.0,2,3,2012-10-28 09:30:00,constructor_standings_10783
25088,876,9,407.0,1,7,2012-10-28 09:30:00,constructor_standings_10784
25087,876,1,306.0,3,5,2012-10-28 09:30:00,constructor_standings_10785
25099,877,1,318.0,3,5,2012-11-04 13:00:00,constructor_standings_10786
25100,877,9,422.0,1,7,2012-11-04 13:00:00,constructor_standings_10787
25101,877,6,340.0,2,3,2012-11-04 13:00:00,constructor_standings_10788
25102,877,15,124.0,6,0,2012-11-04 13:00:00,constructor_standings_10789
25103,877,208,288.0,4,1,2012-11-04 13:00:00,constructor_standings_10790
25104,877,5,22.0,9,0,2012-11-04 13:00:00,constructor_standings_10791
25105,877,10,95.0,7,0,2012-11-04 13:00:00,constructor_standings_10792
25106,877,131,136.0,5,1,2012-11-04 13:00:00,constructor_standings_10793
25107,877,3,73.0,8,1,2012-11-04 13:00:00,constructor_standings_10794
25108,877,206,0.0,10,0,2012-11-04 13:00:00,constructor_standings_10795
25109,877,207,0.0,11,0,2012-11-04 13:00:00,constructor_standings_10796
25110,877,164,0.0,12,0,2012-11-04 13:00:00,constructor_standings_10797
25111,878,1,353.0,3,6,2012-11-18 19:00:00,constructor_standings_10798
25112,878,9,440.0,1,7,2012-11-18 19:00:00,constructor_standings_10799
25113,878,6,367.0,2,3,2012-11-18 19:00:00,constructor_standings_10800
25114,878,15,124.0,6,0,2012-11-18 19:00:00,constructor_standings_10801
25115,878,208,302.0,4,1,2012-11-18 19:00:00,constructor_standings_10802
25116,878,5,22.0,9,0,2012-11-18 19:00:00,constructor_standings_10803
25117,878,10,99.0,7,0,2012-11-18 19:00:00,constructor_standings_10804
25118,878,131,136.0,5,1,2012-11-18 19:00:00,constructor_standings_10805
25119,878,3,76.0,8,1,2012-11-18 19:00:00,constructor_standings_10806
25120,878,206,0.0,10,0,2012-11-18 19:00:00,constructor_standings_10807
25121,878,207,0.0,11,0,2012-11-18 19:00:00,constructor_standings_10808
25122,878,164,0.0,12,0,2012-11-18 19:00:00,constructor_standings_10809
25123,879,1,378.0,3,7,2012-11-25 16:00:00,constructor_standings_10810
25124,879,9,460.0,1,7,2012-11-25 16:00:00,constructor_standings_10811
25125,879,6,400.0,2,3,2012-11-25 16:00:00,constructor_standings_10812
25126,879,15,126.0,6,0,2012-11-25 16:00:00,constructor_standings_10813
25127,879,208,303.0,4,1,2012-11-25 16:00:00,constructor_standings_10814
25128,879,5,26.0,9,0,2012-11-25 16:00:00,constructor_standings_10815
25129,879,10,109.0,7,0,2012-11-25 16:00:00,constructor_standings_10816
25130,879,131,142.0,5,1,2012-11-25 16:00:00,constructor_standings_10817
25131,879,3,76.0,8,1,2012-11-25 16:00:00,constructor_standings_10818
25132,879,206,0.0,11,0,2012-11-25 16:00:00,constructor_standings_10819
25133,879,207,0.0,10,0,2012-11-25 16:00:00,constructor_standings_10820
25134,879,164,0.0,12,0,2012-11-25 16:00:00,constructor_standings_10821
25135,880,208,26.0,2,1,2013-03-17 06:00:00,constructor_standings_10822
25136,880,6,30.0,1,0,2013-03-17 06:00:00,constructor_standings_10823
25137,880,9,23.0,3,0,2013-03-17 06:00:00,constructor_standings_10824
25138,880,131,10.0,4,0,2013-03-17 06:00:00,constructor_standings_10825
25139,880,10,10.0,5,0,2013-03-17 06:00:00,constructor_standings_10826
25140,880,1,2.0,6,0,2013-03-17 06:00:00,constructor_standings_10827
25141,880,5,0.0,7,0,2013-03-17 06:00:00,constructor_standings_10828
25142,880,15,0.0,8,0,2013-03-17 06:00:00,constructor_standings_10829
25143,880,3,0.0,9,0,2013-03-17 06:00:00,constructor_standings_10830
25144,880,206,0.0,10,0,2013-03-17 06:00:00,constructor_standings_10831
25145,880,207,0.0,11,0,2013-03-17 06:00:00,constructor_standings_10832
25146,881,208,40.0,2,1,2013-03-24 08:00:00,constructor_standings_10833
25147,881,6,40.0,3,0,2013-03-24 08:00:00,constructor_standings_10834
25148,881,9,66.0,1,1,2013-03-24 08:00:00,constructor_standings_10835
25149,881,131,37.0,4,0,2013-03-24 08:00:00,constructor_standings_10836
25150,881,10,10.0,5,0,2013-03-24 08:00:00,constructor_standings_10837
25151,881,1,4.0,7,0,2013-03-24 08:00:00,constructor_standings_10838
25152,881,5,1.0,8,0,2013-03-24 08:00:00,constructor_standings_10839
25153,881,15,4.0,6,0,2013-03-24 08:00:00,constructor_standings_10840
25154,881,3,0.0,9,0,2013-03-24 08:00:00,constructor_standings_10841
25155,881,206,0.0,10,0,2013-03-24 08:00:00,constructor_standings_10842
25156,881,207,0.0,11,0,2013-03-24 08:00:00,constructor_standings_10843
25157,882,208,60.0,3,1,2013-04-14 07:00:00,constructor_standings_10844
25158,882,6,73.0,2,1,2013-04-14 07:00:00,constructor_standings_10845
25159,882,9,78.0,1,1,2013-04-14 07:00:00,constructor_standings_10846
25160,882,131,52.0,4,0,2013-04-14 07:00:00,constructor_standings_10847
25161,882,10,14.0,6,0,2013-04-14 07:00:00,constructor_standings_10848
25162,882,1,14.0,5,0,2013-04-14 07:00:00,constructor_standings_10849
25163,882,5,7.0,7,0,2013-04-14 07:00:00,constructor_standings_10850
25164,882,15,5.0,8,0,2013-04-14 07:00:00,constructor_standings_10851
25165,882,3,0.0,9,0,2013-04-14 07:00:00,constructor_standings_10852
25166,882,206,0.0,10,0,2013-04-14 07:00:00,constructor_standings_10853
25167,882,207,0.0,11,0,2013-04-14 07:00:00,constructor_standings_10854
25168,883,208,93.0,2,1,2013-04-21 12:00:00,constructor_standings_10855
25169,883,6,77.0,3,1,2013-04-21 12:00:00,constructor_standings_10856
25170,883,9,109.0,1,2,2013-04-21 12:00:00,constructor_standings_10857
25171,883,131,64.0,4,0,2013-04-21 12:00:00,constructor_standings_10858
25172,883,10,26.0,5,0,2013-04-21 12:00:00,constructor_standings_10859
25173,883,1,23.0,6,0,2013-04-21 12:00:00,constructor_standings_10860
25174,883,5,7.0,7,0,2013-04-21 12:00:00,constructor_standings_10861
25175,883,15,5.0,8,0,2013-04-21 12:00:00,constructor_standings_10862
25176,883,3,0.0,9,0,2013-04-21 12:00:00,constructor_standings_10863
25177,883,206,0.0,10,0,2013-04-21 12:00:00,constructor_standings_10864
25178,883,207,0.0,11,0,2013-04-21 12:00:00,constructor_standings_10865
25179,884,208,111.0,3,1,2013-05-12 12:00:00,constructor_standings_10866
25180,884,6,117.0,2,2,2013-05-12 12:00:00,constructor_standings_10867
25181,884,9,131.0,1,2,2013-05-12 12:00:00,constructor_standings_10868
25182,884,131,72.0,4,0,2013-05-12 12:00:00,constructor_standings_10869
25183,884,10,32.0,5,0,2013-05-12 12:00:00,constructor_standings_10870
25184,884,1,29.0,6,0,2013-05-12 12:00:00,constructor_standings_10871
25185,884,5,8.0,7,0,2013-05-12 12:00:00,constructor_standings_10872
25186,884,15,5.0,8,0,2013-05-12 12:00:00,constructor_standings_10873
25187,884,3,0.0,9,0,2013-05-12 12:00:00,constructor_standings_10874
25188,884,206,0.0,10,0,2013-05-12 12:00:00,constructor_standings_10875
25189,884,207,0.0,11,0,2013-05-12 12:00:00,constructor_standings_10876
25190,885,208,112.0,3,1,2013-05-26 12:00:00,constructor_standings_10877
25191,885,6,123.0,2,2,2013-05-26 12:00:00,constructor_standings_10878
25192,885,9,164.0,1,2,2013-05-26 12:00:00,constructor_standings_10879
25193,885,131,109.0,4,1,2013-05-26 12:00:00,constructor_standings_10880
25194,885,10,44.0,5,0,2013-05-26 12:00:00,constructor_standings_10881
25195,885,1,37.0,6,0,2013-05-26 12:00:00,constructor_standings_10882
25196,885,5,12.0,7,0,2013-05-26 12:00:00,constructor_standings_10883
25197,885,15,5.0,8,0,2013-05-26 12:00:00,constructor_standings_10884
25198,885,3,0.0,9,0,2013-05-26 12:00:00,constructor_standings_10885
25199,885,206,0.0,10,0,2013-05-26 12:00:00,constructor_standings_10886
25200,885,207,0.0,11,0,2013-05-26 12:00:00,constructor_standings_10887
25201,886,208,114.0,4,1,2013-06-09 18:00:00,constructor_standings_10888
25202,886,6,145.0,2,2,2013-06-09 18:00:00,constructor_standings_10889
25203,886,9,201.0,1,3,2013-06-09 18:00:00,constructor_standings_10890
25204,886,131,134.0,3,1,2013-06-09 18:00:00,constructor_standings_10891
25205,886,10,51.0,5,0,2013-06-09 18:00:00,constructor_standings_10892
25206,886,1,37.0,6,0,2013-06-09 18:00:00,constructor_standings_10893
25207,886,5,20.0,7,0,2013-06-09 18:00:00,constructor_standings_10894
25208,886,15,5.0,8,0,2013-06-09 18:00:00,constructor_standings_10895
25209,886,3,0.0,9,0,2013-06-09 18:00:00,constructor_standings_10896
25210,886,206,0.0,10,0,2013-06-09 18:00:00,constructor_standings_10897
25211,886,207,0.0,11,0,2013-06-09 18:00:00,constructor_standings_10898
25212,887,208,124.0,4,1,2013-06-30 12:00:00,constructor_standings_10899
25213,887,6,168.0,3,2,2013-06-30 12:00:00,constructor_standings_10900
25214,887,9,219.0,1,3,2013-06-30 12:00:00,constructor_standings_10901
25215,887,131,171.0,2,2,2013-06-30 12:00:00,constructor_standings_10902
25216,887,10,59.0,5,0,2013-06-30 12:00:00,constructor_standings_10903
25217,887,1,37.0,6,0,2013-06-30 12:00:00,constructor_standings_10904
25218,887,5,24.0,7,0,2013-06-30 12:00:00,constructor_standings_10905
25219,887,15,6.0,8,0,2013-06-30 12:00:00,constructor_standings_10906
25220,887,3,0.0,9,0,2013-06-30 12:00:00,constructor_standings_10907
25221,887,206,0.0,10,0,2013-06-30 12:00:00,constructor_standings_10908
25222,887,207,0.0,11,0,2013-06-30 12:00:00,constructor_standings_10909
25223,888,208,157.0,4,1,2013-07-07 12:00:00,constructor_standings_10910
25224,888,6,180.0,3,2,2013-07-07 12:00:00,constructor_standings_10911
25225,888,9,250.0,1,4,2013-07-07 12:00:00,constructor_standings_10912
25226,888,131,183.0,2,2,2013-07-07 12:00:00,constructor_standings_10913
25227,888,10,59.0,5,0,2013-07-07 12:00:00,constructor_standings_10914
25228,888,1,49.0,6,0,2013-07-07 12:00:00,constructor_standings_10915
25229,888,5,24.0,7,0,2013-07-07 12:00:00,constructor_standings_10916
25230,888,15,7.0,8,0,2013-07-07 12:00:00,constructor_standings_10917
25231,888,3,0.0,9,0,2013-07-07 12:00:00,constructor_standings_10918
25232,888,206,0.0,10,0,2013-07-07 12:00:00,constructor_standings_10919
25233,888,207,0.0,11,0,2013-07-07 12:00:00,constructor_standings_10920
25234,890,208,183.0,4,1,2013-07-28 12:00:00,constructor_standings_10921
25235,890,6,194.0,3,2,2013-07-28 12:00:00,constructor_standings_10922
25236,890,9,277.0,1,4,2013-07-28 12:00:00,constructor_standings_10923
25237,890,131,208.0,2,3,2013-07-28 12:00:00,constructor_standings_10924
25238,890,10,59.0,5,0,2013-07-28 12:00:00,constructor_standings_10925
25239,890,1,57.0,6,0,2013-07-28 12:00:00,constructor_standings_10926
25240,890,5,24.0,7,0,2013-07-28 12:00:00,constructor_standings_10927
25241,890,15,7.0,8,0,2013-07-28 12:00:00,constructor_standings_10928
25242,890,3,1.0,9,0,2013-07-28 12:00:00,constructor_standings_10929
25243,890,206,0.0,10,0,2013-07-28 12:00:00,constructor_standings_10930
25244,890,207,0.0,11,0,2013-07-28 12:00:00,constructor_standings_10931
25245,891,208,187.0,4,1,2013-08-25 12:00:00,constructor_standings_10932
25246,891,6,218.0,3,2,2013-08-25 12:00:00,constructor_standings_10933
25247,891,9,312.0,1,5,2013-08-25 12:00:00,constructor_standings_10934
25248,891,131,235.0,2,3,2013-08-25 12:00:00,constructor_standings_10935
25249,891,10,61.0,6,0,2013-08-25 12:00:00,constructor_standings_10936
25250,891,1,65.0,5,0,2013-08-25 12:00:00,constructor_standings_10937
25251,891,5,25.0,7,0,2013-08-25 12:00:00,constructor_standings_10938
25252,891,15,7.0,8,0,2013-08-25 12:00:00,constructor_standings_10939
25253,891,3,1.0,9,0,2013-08-25 12:00:00,constructor_standings_10940
25254,891,206,0.0,10,0,2013-08-25 12:00:00,constructor_standings_10941
25255,891,207,0.0,11,0,2013-08-25 12:00:00,constructor_standings_10942
25288,893,207,0.0,11,0,2013-09-22 12:00:00,constructor_standings_10943
25287,893,206,0.0,10,0,2013-09-22 12:00:00,constructor_standings_10944
25285,893,15,19.0,8,0,2013-09-22 12:00:00,constructor_standings_10945
25284,893,5,31.0,7,0,2013-09-22 12:00:00,constructor_standings_10946
25286,893,3,1.0,9,0,2013-09-22 12:00:00,constructor_standings_10947
25283,893,1,76.0,5,0,2013-09-22 12:00:00,constructor_standings_10948
25282,893,10,62.0,6,0,2013-09-22 12:00:00,constructor_standings_10949
25281,893,131,267.0,3,3,2013-09-22 12:00:00,constructor_standings_10950
25280,893,9,377.0,1,7,2013-09-22 12:00:00,constructor_standings_10951
25279,893,6,274.0,2,2,2013-09-22 12:00:00,constructor_standings_10952
25278,893,208,206.0,4,1,2013-09-22 12:00:00,constructor_standings_10953
25267,892,208,191.0,4,1,2013-09-08 12:00:00,constructor_standings_10954
25268,892,6,248.0,2,2,2013-09-08 12:00:00,constructor_standings_10955
25269,892,9,352.0,1,6,2013-09-08 12:00:00,constructor_standings_10956
25270,892,131,245.0,3,3,2013-09-08 12:00:00,constructor_standings_10957
25271,892,10,61.0,6,0,2013-09-08 12:00:00,constructor_standings_10958
25272,892,1,66.0,5,0,2013-09-08 12:00:00,constructor_standings_10959
25273,892,5,31.0,7,0,2013-09-08 12:00:00,constructor_standings_10960
25274,892,15,17.0,8,0,2013-09-08 12:00:00,constructor_standings_10961
25275,892,3,1.0,9,0,2013-09-08 12:00:00,constructor_standings_10962
25276,892,206,0.0,10,0,2013-09-08 12:00:00,constructor_standings_10963
25277,892,207,0.0,11,0,2013-09-08 12:00:00,constructor_standings_10964
25289,894,208,239.0,4,1,2013-10-06 06:00:00,constructor_standings_10965
25290,894,6,284.0,2,2,2013-10-06 06:00:00,constructor_standings_10966
25291,894,9,402.0,1,8,2013-10-06 06:00:00,constructor_standings_10967
25292,894,131,283.0,3,3,2013-10-06 06:00:00,constructor_standings_10968
25293,894,10,62.0,6,0,2013-10-06 06:00:00,constructor_standings_10969
25294,894,1,81.0,5,0,2013-10-06 06:00:00,constructor_standings_10970
25295,894,5,31.0,8,0,2013-10-06 06:00:00,constructor_standings_10971
25296,894,15,31.0,7,0,2013-10-06 06:00:00,constructor_standings_10972
25297,894,3,1.0,9,0,2013-10-06 06:00:00,constructor_standings_10973
25298,894,206,0.0,10,0,2013-10-06 06:00:00,constructor_standings_10974
25299,894,207,0.0,11,0,2013-10-06 06:00:00,constructor_standings_10975
25300,895,208,264.0,4,1,2013-10-13 06:00:00,constructor_standings_10976
25301,895,6,297.0,2,2,2013-10-13 06:00:00,constructor_standings_10977
25302,895,9,445.0,1,9,2013-10-13 06:00:00,constructor_standings_10978
25303,895,131,287.0,3,3,2013-10-13 06:00:00,constructor_standings_10979
25304,895,10,62.0,6,0,2013-10-13 06:00:00,constructor_standings_10980
25305,895,1,83.0,5,0,2013-10-13 06:00:00,constructor_standings_10981
25306,895,5,31.0,8,0,2013-10-13 06:00:00,constructor_standings_10982
25307,895,15,45.0,7,0,2013-10-13 06:00:00,constructor_standings_10983
25308,895,3,1.0,9,0,2013-10-13 06:00:00,constructor_standings_10984
25309,895,206,0.0,10,0,2013-10-13 06:00:00,constructor_standings_10985
25310,895,207,0.0,11,0,2013-10-13 06:00:00,constructor_standings_10986
25311,896,208,285.0,4,1,2013-10-27 09:30:00,constructor_standings_10987
25312,896,6,309.0,3,2,2013-10-27 09:30:00,constructor_standings_10988
25313,896,9,470.0,1,10,2013-10-27 09:30:00,constructor_standings_10989
25314,896,131,313.0,2,3,2013-10-27 09:30:00,constructor_standings_10990
25315,896,10,68.0,6,0,2013-10-27 09:30:00,constructor_standings_10991
25316,896,1,93.0,5,0,2013-10-27 09:30:00,constructor_standings_10992
25317,896,5,32.0,8,0,2013-10-27 09:30:00,constructor_standings_10993
25318,896,15,45.0,7,0,2013-10-27 09:30:00,constructor_standings_10994
25319,896,3,1.0,9,0,2013-10-27 09:30:00,constructor_standings_10995
25320,896,206,0.0,10,0,2013-10-27 09:30:00,constructor_standings_10996
25321,896,207,0.0,11,0,2013-10-27 09:30:00,constructor_standings_10997
25322,897,208,297.0,4,1,2013-11-03 13:00:00,constructor_standings_10998
25323,897,6,323.0,3,2,2013-11-03 13:00:00,constructor_standings_10999
25324,897,9,513.0,1,11,2013-11-03 13:00:00,constructor_standings_11000
25325,897,131,334.0,2,3,2013-11-03 13:00:00,constructor_standings_11001
25326,897,10,77.0,6,0,2013-11-03 13:00:00,constructor_standings_11002
25327,897,1,95.0,5,0,2013-11-03 13:00:00,constructor_standings_11003
25328,897,5,32.0,8,0,2013-11-03 13:00:00,constructor_standings_11004
25329,897,15,45.0,7,0,2013-11-03 13:00:00,constructor_standings_11005
25330,897,3,1.0,9,0,2013-11-03 13:00:00,constructor_standings_11006
25331,897,206,0.0,10,0,2013-11-03 13:00:00,constructor_standings_11007
25332,897,207,0.0,11,0,2013-11-03 13:00:00,constructor_standings_11008
25333,898,208,315.0,4,1,2013-11-17 19:00:00,constructor_standings_11009
25334,898,6,333.0,3,2,2013-11-17 19:00:00,constructor_standings_11010
25335,898,9,553.0,1,12,2013-11-17 19:00:00,constructor_standings_11011
25336,898,131,348.0,2,3,2013-11-17 19:00:00,constructor_standings_11012
25337,898,10,77.0,6,0,2013-11-17 19:00:00,constructor_standings_11013
25338,898,1,102.0,5,0,2013-11-17 19:00:00,constructor_standings_11014
25339,898,5,32.0,8,0,2013-11-17 19:00:00,constructor_standings_11015
25340,898,15,53.0,7,0,2013-11-17 19:00:00,constructor_standings_11016
25341,898,3,5.0,9,0,2013-11-17 19:00:00,constructor_standings_11017
25342,898,206,0.0,10,0,2013-11-17 19:00:00,constructor_standings_11018
25343,898,207,0.0,11,0,2013-11-17 19:00:00,constructor_standings_11019
25344,899,208,315.0,4,1,2013-11-24 16:00:00,constructor_standings_11020
25345,899,6,354.0,3,2,2013-11-24 16:00:00,constructor_standings_11021
25346,899,9,596.0,1,13,2013-11-24 16:00:00,constructor_standings_11022
25347,899,131,360.0,2,3,2013-11-24 16:00:00,constructor_standings_11023
25348,899,10,77.0,6,0,2013-11-24 16:00:00,constructor_standings_11024
25349,899,1,122.0,5,0,2013-11-24 16:00:00,constructor_standings_11025
25350,899,5,33.0,8,0,2013-11-24 16:00:00,constructor_standings_11026
25351,899,15,57.0,7,0,2013-11-24 16:00:00,constructor_standings_11027
25352,899,3,5.0,9,0,2013-11-24 16:00:00,constructor_standings_11028
25353,899,206,0.0,10,0,2013-11-24 16:00:00,constructor_standings_11029
25354,899,207,0.0,11,0,2013-11-24 16:00:00,constructor_standings_11030
25512,272,30,0.0,14,0,1994-11-13 00:00:00,constructor_standings_11031
25524,257,1,0.0,12,0,1994-03-27 00:00:00,constructor_standings_11032
25525,257,29,0.0,13,0,1994-03-27 00:00:00,constructor_standings_11033
25526,257,30,0.0,14,0,1994-03-27 00:00:00,constructor_standings_11034
25539,258,29,3.0,5,0,1994-04-17 00:00:00,constructor_standings_11035
25540,258,30,0.0,14,0,1994-04-17 00:00:00,constructor_standings_11036
25554,259,30,0.0,14,0,1994-05-01 00:00:00,constructor_standings_11037
25568,260,30,0.0,14,0,1994-05-15 00:00:00,constructor_standings_11038
25582,261,30,0.0,14,0,1994-05-29 00:00:00,constructor_standings_11039
25596,262,30,0.0,14,0,1994-06-12 00:00:00,constructor_standings_11040
25610,263,30,0.0,14,0,1994-07-03 00:00:00,constructor_standings_11041
25624,264,30,0.0,14,0,1994-07-10 00:00:00,constructor_standings_11042
25638,265,30,0.0,14,0,1994-07-31 00:00:00,constructor_standings_11043
25652,266,30,0.0,14,0,1994-08-14 00:00:00,constructor_standings_11044
25666,267,30,0.0,14,0,1994-08-28 00:00:00,constructor_standings_11045
25680,268,30,0.0,14,0,1994-09-11 00:00:00,constructor_standings_11046
25694,269,30,0.0,14,0,1994-09-25 00:00:00,constructor_standings_11047
25708,270,30,0.0,14,0,1994-10-16 00:00:00,constructor_standings_11048
25722,271,30,0.0,14,0,1994-11-06 00:00:00,constructor_standings_11049
25733,36,6,13.0,1,1,2007-03-18 03:00:00,constructor_standings_11050
25743,36,12,0.0,10,0,2007-03-18 03:00:00,constructor_standings_11051
25754,37,12,0.0,10,0,2007-04-08 07:00:00,constructor_standings_11052
25765,38,12,0.0,10,0,2007-04-15 11:30:00,constructor_standings_11053
25776,39,12,0.0,9,0,2007-05-13 12:00:00,constructor_standings_11054
25787,40,12,0.0,10,0,2007-05-27 12:00:00,constructor_standings_11055
25798,41,12,0.0,10,0,2007-06-10 17:00:00,constructor_standings_11056
25809,42,12,0.0,10,0,2007-06-17 17:00:00,constructor_standings_11057
25820,43,12,0.0,10,0,2007-07-01 12:00:00,constructor_standings_11058
25831,44,12,0.0,10,0,2007-07-08 12:00:00,constructor_standings_11059
25842,45,12,0.0,10,0,2007-07-22 12:00:00,constructor_standings_11060
25853,46,12,0.0,10,0,2007-08-05 12:00:00,constructor_standings_11061
25864,47,12,0.0,10,0,2007-08-26 12:00:00,constructor_standings_11062
25875,48,12,0.0,10,0,2007-09-09 12:00:00,constructor_standings_11063
25886,49,12,0.0,10,0,2007-09-16 12:00:00,constructor_standings_11064
25897,50,12,1.0,9,0,2007-09-30 04:30:00,constructor_standings_11065
25908,51,12,1.0,10,0,2007-10-07 06:00:00,constructor_standings_11066
25919,52,12,1.0,10,0,2007-10-21 16:00:00,constructor_standings_11067
25943,901,1,43.0,2,0,2014-03-30 08:00:00,constructor_standings_11068
25942,901,131,68.0,1,2,2014-03-30 08:00:00,constructor_standings_11069
25941,900,9,0.0,11,0,2014-03-16 06:00:00,constructor_standings_11070
25940,900,207,0.0,10,0,2014-03-16 06:00:00,constructor_standings_11071
25938,900,206,0.0,8,0,2014-03-16 06:00:00,constructor_standings_11072
25939,900,208,0.0,9,0,2014-03-16 06:00:00,constructor_standings_11073
25937,900,15,0.0,7,0,2014-03-16 06:00:00,constructor_standings_11074
25936,900,5,6.0,6,0,2014-03-16 06:00:00,constructor_standings_11075
25935,900,10,9.0,5,0,2014-03-16 06:00:00,constructor_standings_11076
25934,900,3,10.0,4,0,2014-03-16 06:00:00,constructor_standings_11077
25933,900,6,18.0,3,0,2014-03-16 06:00:00,constructor_standings_11078
25932,900,1,33.0,1,0,2014-03-16 06:00:00,constructor_standings_11079
25931,900,131,25.0,2,1,2014-03-16 06:00:00,constructor_standings_11080
25944,901,6,30.0,3,0,2014-03-30 08:00:00,constructor_standings_11081
25945,901,3,20.0,4,0,2014-03-30 08:00:00,constructor_standings_11082
25946,901,10,19.0,5,0,2014-03-30 08:00:00,constructor_standings_11083
25947,901,5,7.0,7,0,2014-03-30 08:00:00,constructor_standings_11084
25948,901,15,0.0,8,0,2014-03-30 08:00:00,constructor_standings_11085
25949,901,206,0.0,11,0,2014-03-30 08:00:00,constructor_standings_11086
25950,901,208,0.0,9,0,2014-03-30 08:00:00,constructor_standings_11087
25951,901,207,0.0,10,0,2014-03-30 08:00:00,constructor_standings_11088
25952,901,9,15.0,6,0,2014-03-30 08:00:00,constructor_standings_11089
25953,902,131,111.0,1,3,2014-04-06 15:00:00,constructor_standings_11090
25954,902,1,43.0,3,0,2014-04-06 15:00:00,constructor_standings_11091
25955,902,6,33.0,5,0,2014-04-06 15:00:00,constructor_standings_11092
25956,902,3,30.0,6,0,2014-04-06 15:00:00,constructor_standings_11093
25957,902,10,44.0,2,0,2014-04-06 15:00:00,constructor_standings_11094
25958,902,5,7.0,7,0,2014-04-06 15:00:00,constructor_standings_11095
25959,902,15,0.0,9,0,2014-04-06 15:00:00,constructor_standings_11096
25960,902,206,0.0,10,0,2014-04-06 15:00:00,constructor_standings_11097
25961,902,208,0.0,8,0,2014-04-06 15:00:00,constructor_standings_11098
25962,902,207,0.0,11,0,2014-04-06 15:00:00,constructor_standings_11099
25963,902,9,35.0,4,0,2014-04-06 15:00:00,constructor_standings_11100
25964,903,131,154.0,1,4,2014-04-20 07:00:00,constructor_standings_11101
25965,903,1,43.0,5,0,2014-04-20 07:00:00,constructor_standings_11102
25966,903,6,52.0,4,0,2014-04-20 07:00:00,constructor_standings_11103
25967,903,3,36.0,6,0,2014-04-20 07:00:00,constructor_standings_11104
25968,903,10,54.0,3,0,2014-04-20 07:00:00,constructor_standings_11105
25969,903,5,8.0,7,0,2014-04-20 07:00:00,constructor_standings_11106
25970,903,15,0.0,9,0,2014-04-20 07:00:00,constructor_standings_11107
25971,903,206,0.0,10,0,2014-04-20 07:00:00,constructor_standings_11108
25972,903,208,0.0,8,0,2014-04-20 07:00:00,constructor_standings_11109
25973,903,207,0.0,11,0,2014-04-20 07:00:00,constructor_standings_11110
25974,903,9,57.0,2,0,2014-04-20 07:00:00,constructor_standings_11111
25975,904,131,197.0,1,5,2014-05-11 12:00:00,constructor_standings_11112
25976,904,1,43.0,6,0,2014-05-11 12:00:00,constructor_standings_11113
25977,904,6,66.0,3,0,2014-05-11 12:00:00,constructor_standings_11114
25978,904,3,46.0,5,0,2014-05-11 12:00:00,constructor_standings_11115
25979,904,10,57.0,4,0,2014-05-11 12:00:00,constructor_standings_11116
25980,904,5,8.0,7,0,2014-05-11 12:00:00,constructor_standings_11117
25981,904,15,0.0,9,0,2014-05-11 12:00:00,constructor_standings_11118
25982,904,206,0.0,10,0,2014-05-11 12:00:00,constructor_standings_11119
25983,904,208,4.0,8,0,2014-05-11 12:00:00,constructor_standings_11120
25984,904,207,0.0,11,0,2014-05-11 12:00:00,constructor_standings_11121
25985,904,9,84.0,2,0,2014-05-11 12:00:00,constructor_standings_11122
25986,905,131,240.0,1,6,2014-05-25 12:00:00,constructor_standings_11123
25987,905,1,52.0,5,0,2014-05-25 12:00:00,constructor_standings_11124
25988,905,6,78.0,3,0,2014-05-25 12:00:00,constructor_standings_11125
25989,905,3,52.0,6,0,2014-05-25 12:00:00,constructor_standings_11126
25990,905,10,67.0,4,0,2014-05-25 12:00:00,constructor_standings_11127
25991,905,5,8.0,8,0,2014-05-25 12:00:00,constructor_standings_11128
25992,905,15,0.0,10,0,2014-05-25 12:00:00,constructor_standings_11129
25993,905,206,2.0,9,0,2014-05-25 12:00:00,constructor_standings_11130
25994,905,208,8.0,7,0,2014-05-25 12:00:00,constructor_standings_11131
25995,905,207,0.0,11,0,2014-05-25 12:00:00,constructor_standings_11132
25996,905,9,99.0,2,0,2014-05-25 12:00:00,constructor_standings_11133
25997,906,131,258.0,1,6,2014-06-08 18:00:00,constructor_standings_11134
25998,906,1,66.0,5,0,2014-06-08 18:00:00,constructor_standings_11135
25999,906,6,87.0,3,0,2014-06-08 18:00:00,constructor_standings_11136
26000,906,3,58.0,6,0,2014-06-08 18:00:00,constructor_standings_11137
26001,906,10,77.0,4,0,2014-06-08 18:00:00,constructor_standings_11138
26002,906,5,12.0,7,0,2014-06-08 18:00:00,constructor_standings_11139
26003,906,15,0.0,10,0,2014-06-08 18:00:00,constructor_standings_11140
26004,906,206,2.0,9,0,2014-06-08 18:00:00,constructor_standings_11141
26005,906,208,8.0,8,0,2014-06-08 18:00:00,constructor_standings_11142
26006,906,207,0.0,11,0,2014-06-08 18:00:00,constructor_standings_11143
26007,906,9,139.0,2,1,2014-06-08 18:00:00,constructor_standings_11144
26008,907,131,301.0,1,7,2014-06-22 12:00:00,constructor_standings_11145
26009,907,1,72.0,6,0,2014-06-22 12:00:00,constructor_standings_11146
26010,907,6,98.0,3,0,2014-06-22 12:00:00,constructor_standings_11147
26011,907,3,85.0,5,0,2014-06-22 12:00:00,constructor_standings_11148
26012,907,10,87.0,4,0,2014-06-22 12:00:00,constructor_standings_11149
26013,907,5,12.0,7,0,2014-06-22 12:00:00,constructor_standings_11150
26014,907,15,0.0,10,0,2014-06-22 12:00:00,constructor_standings_11151
26015,907,206,2.0,9,0,2014-06-22 12:00:00,constructor_standings_11152
26016,907,208,8.0,8,0,2014-06-22 12:00:00,constructor_standings_11153
26017,907,207,0.0,11,0,2014-06-22 12:00:00,constructor_standings_11154
26018,907,9,143.0,2,1,2014-06-22 12:00:00,constructor_standings_11155
26019,908,131,326.0,1,8,2014-07-06 12:00:00,constructor_standings_11156
26020,908,1,90.0,6,0,2014-07-06 12:00:00,constructor_standings_11157
26021,908,6,106.0,3,0,2014-07-06 12:00:00,constructor_standings_11158
26022,908,3,103.0,4,0,2014-07-06 12:00:00,constructor_standings_11159
26023,908,10,91.0,5,0,2014-07-06 12:00:00,constructor_standings_11160
26024,908,5,15.0,7,0,2014-07-06 12:00:00,constructor_standings_11161
26025,908,15,0.0,10,0,2014-07-06 12:00:00,constructor_standings_11162
26026,908,206,2.0,9,0,2014-07-06 12:00:00,constructor_standings_11163
26027,908,208,8.0,8,0,2014-07-06 12:00:00,constructor_standings_11164
26028,908,207,0.0,11,0,2014-07-06 12:00:00,constructor_standings_11165
26029,908,9,168.0,2,1,2014-07-06 12:00:00,constructor_standings_11166
26030,909,131,366.0,1,9,2014-07-20 12:00:00,constructor_standings_11167
26031,909,1,96.0,6,0,2014-07-20 12:00:00,constructor_standings_11168
26032,909,6,116.0,4,0,2014-07-20 12:00:00,constructor_standings_11169
26033,909,3,121.0,3,0,2014-07-20 12:00:00,constructor_standings_11170
26034,909,10,98.0,5,0,2014-07-20 12:00:00,constructor_standings_11171
26035,909,5,15.0,7,0,2014-07-20 12:00:00,constructor_standings_11172
26036,909,15,0.0,10,0,2014-07-20 12:00:00,constructor_standings_11173
26037,909,206,2.0,9,0,2014-07-20 12:00:00,constructor_standings_11174
26038,909,208,8.0,8,0,2014-07-20 12:00:00,constructor_standings_11175
26039,909,207,0.0,11,0,2014-07-20 12:00:00,constructor_standings_11176
26040,909,9,188.0,2,1,2014-07-20 12:00:00,constructor_standings_11177
26041,910,131,393.0,1,9,2014-07-27 12:00:00,constructor_standings_11178
26042,910,1,97.0,6,0,2014-07-27 12:00:00,constructor_standings_11179
26043,910,6,142.0,3,0,2014-07-27 12:00:00,constructor_standings_11180
26044,910,3,135.0,4,0,2014-07-27 12:00:00,constructor_standings_11181
26045,910,10,98.0,5,0,2014-07-27 12:00:00,constructor_standings_11182
26046,910,5,17.0,7,0,2014-07-27 12:00:00,constructor_standings_11183
26047,910,15,0.0,10,0,2014-07-27 12:00:00,constructor_standings_11184
26048,910,206,2.0,9,0,2014-07-27 12:00:00,constructor_standings_11185
26049,910,208,8.0,8,0,2014-07-27 12:00:00,constructor_standings_11186
26050,910,207,0.0,11,0,2014-07-27 12:00:00,constructor_standings_11187
26051,910,9,219.0,2,2,2014-07-27 12:00:00,constructor_standings_11188
26052,911,131,411.0,1,9,2014-08-24 12:00:00,constructor_standings_11189
26053,911,1,105.0,5,0,2014-08-24 12:00:00,constructor_standings_11190
26054,911,6,160.0,3,0,2014-08-24 12:00:00,constructor_standings_11191
26055,911,3,150.0,4,0,2014-08-24 12:00:00,constructor_standings_11192
26056,911,10,103.0,6,0,2014-08-24 12:00:00,constructor_standings_11193
26057,911,5,19.0,7,0,2014-08-24 12:00:00,constructor_standings_11194
26058,911,15,0.0,10,0,2014-08-24 12:00:00,constructor_standings_11195
26059,911,206,2.0,9,0,2014-08-24 12:00:00,constructor_standings_11196
26060,911,208,8.0,8,0,2014-08-24 12:00:00,constructor_standings_11197
26061,911,207,0.0,11,0,2014-08-24 12:00:00,constructor_standings_11198
26062,911,9,254.0,2,3,2014-08-24 12:00:00,constructor_standings_11199
26063,912,131,454.0,1,10,2014-09-07 12:00:00,constructor_standings_11200
26064,912,1,110.0,5,0,2014-09-07 12:00:00,constructor_standings_11201
26065,912,6,162.0,4,0,2014-09-07 12:00:00,constructor_standings_11202
26066,912,3,177.0,3,0,2014-09-07 12:00:00,constructor_standings_11203
26067,912,10,109.0,6,0,2014-09-07 12:00:00,constructor_standings_11204
26068,912,5,19.0,7,0,2014-09-07 12:00:00,constructor_standings_11205
26069,912,15,0.0,10,0,2014-09-07 12:00:00,constructor_standings_11206
26070,912,206,2.0,9,0,2014-09-07 12:00:00,constructor_standings_11207
26071,912,208,8.0,8,0,2014-09-07 12:00:00,constructor_standings_11208
26072,912,207,0.0,11,0,2014-09-07 12:00:00,constructor_standings_11209
26073,912,9,272.0,2,3,2014-09-07 12:00:00,constructor_standings_11210
26074,913,131,479.0,1,11,2014-09-21 12:00:00,constructor_standings_11211
26075,913,1,111.0,6,0,2014-09-21 12:00:00,constructor_standings_11212
26076,913,6,178.0,4,0,2014-09-21 12:00:00,constructor_standings_11213
26077,913,3,187.0,3,0,2014-09-21 12:00:00,constructor_standings_11214
26078,913,10,117.0,5,0,2014-09-21 12:00:00,constructor_standings_11215
26079,913,5,27.0,7,0,2014-09-21 12:00:00,constructor_standings_11216
26080,913,15,0.0,10,0,2014-09-21 12:00:00,constructor_standings_11217
26081,913,206,2.0,9,0,2014-09-21 12:00:00,constructor_standings_11218
26082,913,208,8.0,8,0,2014-09-21 12:00:00,constructor_standings_11219
26083,913,207,0.0,11,0,2014-09-21 12:00:00,constructor_standings_11220
26084,913,9,305.0,2,3,2014-09-21 12:00:00,constructor_standings_11221
26085,914,131,522.0,1,12,2014-10-05 06:00:00,constructor_standings_11222
26086,914,1,121.0,6,0,2014-10-05 06:00:00,constructor_standings_11223
26087,914,6,178.0,4,0,2014-10-05 06:00:00,constructor_standings_11224
26088,914,3,201.0,3,0,2014-10-05 06:00:00,constructor_standings_11225
26089,914,10,122.0,5,0,2014-10-05 06:00:00,constructor_standings_11226
26090,914,5,29.0,7,0,2014-10-05 06:00:00,constructor_standings_11227
26091,914,15,0.0,10,0,2014-10-05 06:00:00,constructor_standings_11228
26092,914,206,2.0,9,0,2014-10-05 06:00:00,constructor_standings_11229
26093,914,208,8.0,8,0,2014-10-05 06:00:00,constructor_standings_11230
26094,914,207,0.0,11,0,2014-10-05 06:00:00,constructor_standings_11231
26095,914,9,332.0,2,3,2014-10-05 06:00:00,constructor_standings_11232
26096,915,131,565.0,1,13,2014-10-12 11:00:00,constructor_standings_11233
26097,915,1,143.0,5,0,2014-10-12 11:00:00,constructor_standings_11234
26098,915,6,188.0,4,0,2014-10-12 11:00:00,constructor_standings_11235
26099,915,3,216.0,3,0,2014-10-12 11:00:00,constructor_standings_11236
26100,915,10,123.0,6,0,2014-10-12 11:00:00,constructor_standings_11237
26101,915,5,29.0,7,0,2014-10-12 11:00:00,constructor_standings_11238
26102,915,15,0.0,10,0,2014-10-12 11:00:00,constructor_standings_11239
26103,915,206,2.0,9,0,2014-10-12 11:00:00,constructor_standings_11240
26104,915,208,8.0,8,0,2014-10-12 11:00:00,constructor_standings_11241
26105,915,207,0.0,11,0,2014-10-12 11:00:00,constructor_standings_11242
26106,915,9,342.0,2,3,2014-10-12 11:00:00,constructor_standings_11243
26107,916,131,608.0,1,14,2014-11-02 20:00:00,constructor_standings_11244
26108,916,1,147.0,5,0,2014-11-02 20:00:00,constructor_standings_11245
26109,916,6,196.0,4,0,2014-11-02 20:00:00,constructor_standings_11246
26110,916,3,238.0,3,0,2014-11-02 20:00:00,constructor_standings_11247
26111,916,10,123.0,6,0,2014-11-02 20:00:00,constructor_standings_11248
26112,916,5,30.0,7,0,2014-11-02 20:00:00,constructor_standings_11249
26113,916,15,0.0,10,0,2014-11-02 20:00:00,constructor_standings_11250
26114,916,206,2.0,9,0,2014-11-02 20:00:00,constructor_standings_11251
26115,916,208,10.0,8,0,2014-11-02 20:00:00,constructor_standings_11252
26116,916,207,0.0,11,0,2014-11-02 20:00:00,constructor_standings_11253
26117,916,9,363.0,2,3,2014-11-02 20:00:00,constructor_standings_11254
26118,917,131,651.0,1,15,2014-11-09 16:00:00,constructor_standings_11255
26119,917,1,161.0,5,0,2014-11-09 16:00:00,constructor_standings_11256
26120,917,6,210.0,4,0,2014-11-09 16:00:00,constructor_standings_11257
26121,917,3,254.0,3,0,2014-11-09 16:00:00,constructor_standings_11258
26122,917,10,127.0,6,0,2014-11-09 16:00:00,constructor_standings_11259
26123,917,5,30.0,7,0,2014-11-09 16:00:00,constructor_standings_11260
26124,917,15,0.0,10,0,2014-11-09 16:00:00,constructor_standings_11261
26125,917,206,2.0,9,0,2014-11-09 16:00:00,constructor_standings_11262
26126,917,208,10.0,8,0,2014-11-09 16:00:00,constructor_standings_11263
26127,917,207,0.0,11,0,2014-11-09 16:00:00,constructor_standings_11264
26128,917,9,373.0,2,3,2014-11-09 16:00:00,constructor_standings_11265
26129,918,131,701.0,1,16,2014-11-23 13:00:00,constructor_standings_11266
26130,918,1,181.0,5,0,2014-11-23 13:00:00,constructor_standings_11267
26131,918,6,216.0,4,0,2014-11-23 13:00:00,constructor_standings_11268
26132,918,3,320.0,3,0,2014-11-23 13:00:00,constructor_standings_11269
26133,918,10,155.0,6,0,2014-11-23 13:00:00,constructor_standings_11270
26134,918,5,30.0,7,0,2014-11-23 13:00:00,constructor_standings_11271
26135,918,15,0.0,10,0,2014-11-23 13:00:00,constructor_standings_11272
26136,918,206,2.0,9,0,2014-11-23 13:00:00,constructor_standings_11273
26137,918,208,10.0,8,0,2014-11-23 13:00:00,constructor_standings_11274
26138,918,207,0.0,11,0,2014-11-23 13:00:00,constructor_standings_11275
26139,918,9,405.0,2,3,2014-11-23 13:00:00,constructor_standings_11276
26733,969,6,37.0,1,1,2017-03-26 05:00:00,constructor_standings_11277
26140,926,131,43.0,1,1,2015-03-15 05:00:00,constructor_standings_11278
26141,926,6,15.0,2,0,2015-03-15 05:00:00,constructor_standings_11279
26142,926,3,12.0,4,0,2015-03-15 05:00:00,constructor_standings_11280
26143,926,15,14.0,3,0,2015-03-15 05:00:00,constructor_standings_11281
26144,926,9,8.0,5,0,2015-03-15 05:00:00,constructor_standings_11282
26145,926,10,7.0,6,0,2015-03-15 05:00:00,constructor_standings_11283
26146,926,5,2.0,7,0,2015-03-15 05:00:00,constructor_standings_11284
26147,926,1,0.0,8,0,2015-03-15 05:00:00,constructor_standings_11285
26148,926,208,0.0,9,0,2015-03-15 05:00:00,constructor_standings_11286
26149,927,131,76.0,1,1,2015-03-29 07:00:00,constructor_standings_11287
26150,927,6,52.0,2,1,2015-03-29 07:00:00,constructor_standings_11288
26151,927,3,30.0,3,0,2015-03-29 07:00:00,constructor_standings_11289
26152,927,15,14.0,4,0,2015-03-29 07:00:00,constructor_standings_11290
26153,927,9,11.0,6,0,2015-03-29 07:00:00,constructor_standings_11291
26154,927,10,7.0,7,0,2015-03-29 07:00:00,constructor_standings_11292
26155,927,5,12.0,5,0,2015-03-29 07:00:00,constructor_standings_11293
26156,927,1,0.0,9,0,2015-03-29 07:00:00,constructor_standings_11294
26157,927,208,0.0,8,0,2015-03-29 07:00:00,constructor_standings_11295
26158,927,209,0.0,10,0,2015-03-29 07:00:00,constructor_standings_11296
26159,928,131,119.0,1,2,2015-04-12 06:00:00,constructor_standings_11297
26160,928,6,79.0,2,1,2015-04-12 06:00:00,constructor_standings_11298
26161,928,3,48.0,3,0,2015-04-12 06:00:00,constructor_standings_11299
26162,928,15,19.0,4,0,2015-04-12 06:00:00,constructor_standings_11300
26163,928,9,13.0,5,0,2015-04-12 06:00:00,constructor_standings_11301
26164,928,10,7.0,7,0,2015-04-12 06:00:00,constructor_standings_11302
26165,928,5,12.0,6,0,2015-04-12 06:00:00,constructor_standings_11303
26166,928,1,0.0,9,0,2015-04-12 06:00:00,constructor_standings_11304
26167,928,208,6.0,8,0,2015-04-12 06:00:00,constructor_standings_11305
26168,928,209,0.0,10,0,2015-04-12 06:00:00,constructor_standings_11306
26169,929,131,159.0,1,3,2015-04-19 15:00:00,constructor_standings_11307
26170,929,6,107.0,2,1,2015-04-19 15:00:00,constructor_standings_11308
26171,929,3,61.0,3,0,2015-04-19 15:00:00,constructor_standings_11309
26172,929,15,19.0,5,0,2015-04-19 15:00:00,constructor_standings_11310
26173,929,9,23.0,4,0,2015-04-19 15:00:00,constructor_standings_11311
26174,929,10,11.0,8,0,2015-04-19 15:00:00,constructor_standings_11312
26175,929,5,12.0,7,0,2015-04-19 15:00:00,constructor_standings_11313
26176,929,1,0.0,9,0,2015-04-19 15:00:00,constructor_standings_11314
26177,929,208,12.0,6,0,2015-04-19 15:00:00,constructor_standings_11315
26178,929,209,0.0,10,0,2015-04-19 15:00:00,constructor_standings_11316
26179,930,131,202.0,1,4,2015-05-10 12:00:00,constructor_standings_11317
26180,930,6,132.0,2,1,2015-05-10 12:00:00,constructor_standings_11318
26181,930,3,81.0,3,0,2015-05-10 12:00:00,constructor_standings_11319
26182,930,15,19.0,5,0,2015-05-10 12:00:00,constructor_standings_11320
26183,930,9,30.0,4,0,2015-05-10 12:00:00,constructor_standings_11321
26184,930,10,11.0,8,0,2015-05-10 12:00:00,constructor_standings_11322
26185,930,5,14.0,7,0,2015-05-10 12:00:00,constructor_standings_11323
26186,930,1,0.0,9,0,2015-05-10 12:00:00,constructor_standings_11324
26187,930,208,16.0,6,0,2015-05-10 12:00:00,constructor_standings_11325
26188,930,209,0.0,10,0,2015-05-10 12:00:00,constructor_standings_11326
26189,931,131,242.0,1,5,2015-05-24 12:00:00,constructor_standings_11327
26190,931,6,158.0,2,1,2015-05-24 12:00:00,constructor_standings_11328
26191,931,3,81.0,3,0,2015-05-24 12:00:00,constructor_standings_11329
26192,931,15,21.0,5,0,2015-05-24 12:00:00,constructor_standings_11330
26193,931,9,52.0,4,0,2015-05-24 12:00:00,constructor_standings_11331
26194,931,10,17.0,6,0,2015-05-24 12:00:00,constructor_standings_11332
26195,931,5,15.0,8,0,2015-05-24 12:00:00,constructor_standings_11333
26196,931,1,4.0,9,0,2015-05-24 12:00:00,constructor_standings_11334
26197,931,208,16.0,7,0,2015-05-24 12:00:00,constructor_standings_11335
26198,931,209,0.0,10,0,2015-05-24 12:00:00,constructor_standings_11336
26199,932,131,285.0,1,6,2015-06-07 18:00:00,constructor_standings_11337
26200,932,6,180.0,2,1,2015-06-07 18:00:00,constructor_standings_11338
26201,932,3,104.0,3,0,2015-06-07 18:00:00,constructor_standings_11339
26202,932,15,21.0,6,0,2015-06-07 18:00:00,constructor_standings_11340
26203,932,9,54.0,4,0,2015-06-07 18:00:00,constructor_standings_11341
26204,932,10,21.0,7,0,2015-06-07 18:00:00,constructor_standings_11342
26205,932,5,15.0,8,0,2015-06-07 18:00:00,constructor_standings_11343
26206,932,1,4.0,9,0,2015-06-07 18:00:00,constructor_standings_11344
26207,932,208,23.0,5,0,2015-06-07 18:00:00,constructor_standings_11345
26208,932,209,0.0,10,0,2015-06-07 18:00:00,constructor_standings_11346
26209,933,131,328.0,1,7,2015-06-21 12:00:00,constructor_standings_11347
26210,933,6,192.0,2,1,2015-06-21 12:00:00,constructor_standings_11348
26211,933,3,129.0,3,0,2015-06-21 12:00:00,constructor_standings_11349
26212,933,15,21.0,7,0,2015-06-21 12:00:00,constructor_standings_11350
26213,933,9,55.0,4,0,2015-06-21 12:00:00,constructor_standings_11351
26214,933,10,31.0,5,0,2015-06-21 12:00:00,constructor_standings_11352
26215,933,5,19.0,8,0,2015-06-21 12:00:00,constructor_standings_11353
26216,933,1,4.0,9,0,2015-06-21 12:00:00,constructor_standings_11354
26217,933,208,29.0,6,0,2015-06-21 12:00:00,constructor_standings_11355
26218,933,209,0.0,10,0,2015-06-21 12:00:00,constructor_standings_11356
26219,934,131,371.0,1,8,2015-07-05 12:00:00,constructor_standings_11357
26220,934,6,211.0,2,1,2015-07-05 12:00:00,constructor_standings_11358
26221,934,3,151.0,3,0,2015-07-05 12:00:00,constructor_standings_11359
26222,934,15,21.0,7,0,2015-07-05 12:00:00,constructor_standings_11360
26223,934,9,63.0,4,0,2015-07-05 12:00:00,constructor_standings_11361
26224,934,10,39.0,5,0,2015-07-05 12:00:00,constructor_standings_11362
26225,934,5,19.0,8,0,2015-07-05 12:00:00,constructor_standings_11363
26226,934,1,5.0,9,0,2015-07-05 12:00:00,constructor_standings_11364
26227,934,208,29.0,6,0,2015-07-05 12:00:00,constructor_standings_11365
26228,934,209,0.0,10,0,2015-07-05 12:00:00,constructor_standings_11366
26229,936,131,383.0,1,8,2015-07-26 12:00:00,constructor_standings_11367
26230,936,6,236.0,2,2,2015-07-26 12:00:00,constructor_standings_11368
26231,936,3,151.0,3,0,2015-07-26 12:00:00,constructor_standings_11369
26232,936,15,22.0,8,0,2015-07-26 12:00:00,constructor_standings_11370
26233,936,9,96.0,4,0,2015-07-26 12:00:00,constructor_standings_11371
26234,936,10,39.0,5,0,2015-07-26 12:00:00,constructor_standings_11372
26235,936,5,31.0,7,0,2015-07-26 12:00:00,constructor_standings_11373
26236,936,1,17.0,9,0,2015-07-26 12:00:00,constructor_standings_11374
26237,936,208,35.0,6,0,2015-07-26 12:00:00,constructor_standings_11375
26238,936,209,0.0,10,0,2015-07-26 12:00:00,constructor_standings_11376
26260,938,131,451.0,1,10,2015-09-06 12:00:00,constructor_standings_11377
26259,937,209,0.0,10,0,2015-08-23 12:00:00,constructor_standings_11378
26257,937,1,17.0,9,0,2015-08-23 12:00:00,constructor_standings_11379
26256,937,5,35.0,7,0,2015-08-23 12:00:00,constructor_standings_11380
26253,937,15,23.0,8,0,2015-08-23 12:00:00,constructor_standings_11381
26258,937,208,50.0,5,0,2015-08-23 12:00:00,constructor_standings_11382
26252,937,3,161.0,3,0,2015-08-23 12:00:00,constructor_standings_11383
26255,937,10,49.0,6,0,2015-08-23 12:00:00,constructor_standings_11384
26254,937,9,108.0,4,0,2015-08-23 12:00:00,constructor_standings_11385
26251,937,6,242.0,2,2,2015-08-23 12:00:00,constructor_standings_11386
26250,937,131,426.0,1,9,2015-08-23 12:00:00,constructor_standings_11387
26261,938,6,270.0,2,2,2015-09-06 12:00:00,constructor_standings_11388
26262,938,3,188.0,3,0,2015-09-06 12:00:00,constructor_standings_11389
26263,938,15,25.0,8,0,2015-09-06 12:00:00,constructor_standings_11390
26264,938,9,113.0,4,0,2015-09-06 12:00:00,constructor_standings_11391
26265,938,10,63.0,5,0,2015-09-06 12:00:00,constructor_standings_11392
26266,938,5,35.0,7,0,2015-09-06 12:00:00,constructor_standings_11393
26267,938,1,17.0,9,0,2015-09-06 12:00:00,constructor_standings_11394
26268,938,208,50.0,6,0,2015-09-06 12:00:00,constructor_standings_11395
26269,938,209,0.0,10,0,2015-09-06 12:00:00,constructor_standings_11396
26270,939,131,463.0,1,10,2015-09-20 12:00:00,constructor_standings_11397
26271,939,6,310.0,2,3,2015-09-20 12:00:00,constructor_standings_11398
26272,939,3,198.0,3,0,2015-09-20 12:00:00,constructor_standings_11399
26273,939,15,26.0,8,0,2015-09-20 12:00:00,constructor_standings_11400
26274,939,9,139.0,4,0,2015-09-20 12:00:00,constructor_standings_11401
26275,939,10,69.0,5,0,2015-09-20 12:00:00,constructor_standings_11402
26276,939,5,41.0,7,0,2015-09-20 12:00:00,constructor_standings_11403
26277,939,1,17.0,9,0,2015-09-20 12:00:00,constructor_standings_11404
26278,939,208,50.0,6,0,2015-09-20 12:00:00,constructor_standings_11405
26279,939,209,0.0,10,0,2015-09-20 12:00:00,constructor_standings_11406
26297,940,1,17.0,9,0,2015-09-27 05:00:00,constructor_standings_11407
26294,940,9,139.0,4,0,2015-09-27 05:00:00,constructor_standings_11408
26292,940,3,208.0,3,0,2015-09-27 05:00:00,constructor_standings_11409
26299,940,209,0.0,10,0,2015-09-27 05:00:00,constructor_standings_11410
26298,940,208,60.0,6,0,2015-09-27 05:00:00,constructor_standings_11411
26296,940,5,44.0,7,0,2015-09-27 05:00:00,constructor_standings_11412
26295,940,10,77.0,5,0,2015-09-27 05:00:00,constructor_standings_11413
26291,940,6,337.0,2,3,2015-09-27 05:00:00,constructor_standings_11414
26293,940,15,26.0,8,0,2015-09-27 05:00:00,constructor_standings_11415
26290,940,131,506.0,1,11,2015-09-27 05:00:00,constructor_standings_11416
26384,941,209,0.0,10,0,2015-10-11 11:00:00,constructor_standings_11417
26383,941,208,66.0,6,0,2015-10-11 11:00:00,constructor_standings_11418
26382,941,1,19.0,9,0,2015-10-11 11:00:00,constructor_standings_11419
26381,941,5,45.0,7,0,2015-10-11 11:00:00,constructor_standings_11420
26380,941,10,92.0,5,0,2015-10-11 11:00:00,constructor_standings_11421
26379,941,9,149.0,4,0,2015-10-11 11:00:00,constructor_standings_11422
26378,941,15,34.0,8,0,2015-10-11 11:00:00,constructor_standings_11423
26377,941,3,220.0,3,0,2015-10-11 11:00:00,constructor_standings_11424
26376,941,6,359.0,2,3,2015-10-11 11:00:00,constructor_standings_11425
26394,942,209,0.0,10,0,2015-10-25 19:00:00,constructor_standings_11426
26375,941,131,531.0,1,12,2015-10-11 11:00:00,constructor_standings_11427
26393,942,208,70.0,6,0,2015-10-25 19:00:00,constructor_standings_11428
26390,942,10,102.0,5,0,2015-10-25 19:00:00,constructor_standings_11429
26388,942,15,36.0,8,0,2015-10-25 19:00:00,constructor_standings_11430
26392,942,1,27.0,9,0,2015-10-25 19:00:00,constructor_standings_11431
26391,942,5,63.0,7,0,2015-10-25 19:00:00,constructor_standings_11432
26387,942,3,220.0,3,0,2015-10-25 19:00:00,constructor_standings_11433
26389,942,9,150.0,4,0,2015-10-25 19:00:00,constructor_standings_11434
26386,942,6,374.0,2,3,2015-10-25 19:00:00,constructor_standings_11435
26385,942,131,574.0,1,13,2015-10-25 19:00:00,constructor_standings_11436
26403,943,208,71.0,6,0,2015-11-01 19:00:00,constructor_standings_11437
26400,943,10,112.0,5,0,2015-11-01 19:00:00,constructor_standings_11438
26398,943,15,36.0,8,0,2015-11-01 19:00:00,constructor_standings_11439
26404,943,209,0.0,10,0,2015-11-01 19:00:00,constructor_standings_11440
26402,943,1,27.0,9,0,2015-11-01 19:00:00,constructor_standings_11441
26401,943,5,65.0,7,0,2015-11-01 19:00:00,constructor_standings_11442
26397,943,3,243.0,3,0,2015-11-01 19:00:00,constructor_standings_11443
26399,943,9,172.0,4,0,2015-11-01 19:00:00,constructor_standings_11444
26396,943,6,374.0,2,3,2015-11-01 19:00:00,constructor_standings_11445
26395,943,131,617.0,1,14,2015-11-01 19:00:00,constructor_standings_11446
26413,944,208,76.0,6,0,2015-11-15 16:00:00,constructor_standings_11447
26410,944,10,120.0,5,0,2015-11-15 16:00:00,constructor_standings_11448
26408,944,15,36.0,8,0,2015-11-15 16:00:00,constructor_standings_11449
26414,944,209,0.0,10,0,2015-11-15 16:00:00,constructor_standings_11450
26412,944,1,27.0,9,0,2015-11-15 16:00:00,constructor_standings_11451
26411,944,5,67.0,7,0,2015-11-15 16:00:00,constructor_standings_11452
26407,944,3,253.0,3,0,2015-11-15 16:00:00,constructor_standings_11453
26409,944,9,178.0,4,0,2015-11-15 16:00:00,constructor_standings_11454
26406,944,6,401.0,2,3,2015-11-15 16:00:00,constructor_standings_11455
26405,944,131,660.0,1,15,2015-11-15 16:00:00,constructor_standings_11456
26434,945,208,78.0,6,0,2015-11-29 13:00:00,constructor_standings_11457
26431,945,10,136.0,5,0,2015-11-29 13:00:00,constructor_standings_11458
26429,945,15,36.0,8,0,2015-11-29 13:00:00,constructor_standings_11459
26435,945,209,0.0,10,0,2015-11-29 13:00:00,constructor_standings_11460
26433,945,1,27.0,9,0,2015-11-29 13:00:00,constructor_standings_11461
26432,945,5,67.0,7,0,2015-11-29 13:00:00,constructor_standings_11462
26428,945,3,257.0,3,0,2015-11-29 13:00:00,constructor_standings_11463
26430,945,9,187.0,4,0,2015-11-29 13:00:00,constructor_standings_11464
26427,945,6,428.0,2,3,2015-11-29 13:00:00,constructor_standings_11465
26426,945,131,703.0,1,16,2015-11-29 13:00:00,constructor_standings_11466
26524,955,131,258.0,1,7,2016-06-19 13:00:00,constructor_standings_11467
26566,948,15,0.0,10,0,2016-03-20 05:00:00,constructor_standings_11468
26567,948,209,0.0,11,0,2016-03-20 05:00:00,constructor_standings_11469
26557,948,131,43.0,1,1,2016-03-20 05:00:00,constructor_standings_11470
26565,948,1,0.0,9,0,2016-03-20 05:00:00,constructor_standings_11471
26564,948,4,0.0,8,0,2016-03-20 05:00:00,constructor_standings_11472
26563,948,5,3.0,7,0,2016-03-20 05:00:00,constructor_standings_11473
26562,948,10,6.0,6,0,2016-03-20 05:00:00,constructor_standings_11474
26561,948,210,8.0,5,0,2016-03-20 05:00:00,constructor_standings_11475
26560,948,3,14.0,3,0,2016-03-20 05:00:00,constructor_standings_11476
26559,948,9,12.0,4,0,2016-03-20 05:00:00,constructor_standings_11477
26558,948,6,15.0,2,0,2016-03-20 05:00:00,constructor_standings_11478
26447,949,131,83.0,1,2,2016-04-03 15:00:00,constructor_standings_11479
26448,949,6,33.0,2,0,2016-04-03 15:00:00,constructor_standings_11480
26449,949,9,30.0,3,0,2016-04-03 15:00:00,constructor_standings_11481
26450,949,3,20.0,4,0,2016-04-03 15:00:00,constructor_standings_11482
26451,949,210,18.0,5,0,2016-04-03 15:00:00,constructor_standings_11483
26452,949,10,6.0,7,0,2016-04-03 15:00:00,constructor_standings_11484
26453,949,5,11.0,6,0,2016-04-03 15:00:00,constructor_standings_11485
26454,949,4,0.0,9,0,2016-04-03 15:00:00,constructor_standings_11486
26455,949,1,1.0,8,0,2016-04-03 15:00:00,constructor_standings_11487
26456,949,15,0.0,10,0,2016-04-03 15:00:00,constructor_standings_11488
26457,949,209,0.0,11,0,2016-04-03 15:00:00,constructor_standings_11489
26458,950,131,114.0,1,3,2016-04-17 06:00:00,constructor_standings_11490
26459,950,6,61.0,2,0,2016-04-17 06:00:00,constructor_standings_11491
26460,950,9,57.0,3,0,2016-04-17 06:00:00,constructor_standings_11492
26461,950,3,29.0,4,0,2016-04-17 06:00:00,constructor_standings_11493
26462,950,210,18.0,5,0,2016-04-17 06:00:00,constructor_standings_11494
26463,950,10,6.0,7,0,2016-04-17 06:00:00,constructor_standings_11495
26464,950,5,17.0,6,0,2016-04-17 06:00:00,constructor_standings_11496
26465,950,4,0.0,9,0,2016-04-17 06:00:00,constructor_standings_11497
26466,950,1,1.0,8,0,2016-04-17 06:00:00,constructor_standings_11498
26467,950,15,0.0,10,0,2016-04-17 06:00:00,constructor_standings_11499
26468,950,209,0.0,11,0,2016-04-17 06:00:00,constructor_standings_11500
26469,951,131,157.0,1,4,2016-05-01 12:00:00,constructor_standings_11501
26470,951,6,76.0,2,0,2016-05-01 12:00:00,constructor_standings_11502
26471,951,9,57.0,3,0,2016-05-01 12:00:00,constructor_standings_11503
26472,951,3,51.0,4,0,2016-05-01 12:00:00,constructor_standings_11504
26473,951,210,22.0,5,0,2016-05-01 12:00:00,constructor_standings_11505
26474,951,10,8.0,8,0,2016-05-01 12:00:00,constructor_standings_11506
26475,951,5,17.0,6,0,2016-05-01 12:00:00,constructor_standings_11507
26476,951,4,6.0,9,0,2016-05-01 12:00:00,constructor_standings_11508
26477,951,1,10.0,7,0,2016-05-01 12:00:00,constructor_standings_11509
26478,951,15,0.0,10,0,2016-05-01 12:00:00,constructor_standings_11510
26479,951,209,0.0,11,0,2016-05-01 12:00:00,constructor_standings_11511
26480,952,131,157.0,1,4,2016-05-15 12:00:00,constructor_standings_11512
26481,952,6,109.0,2,0,2016-05-15 12:00:00,constructor_standings_11513
26482,952,9,94.0,3,1,2016-05-15 12:00:00,constructor_standings_11514
26483,952,3,65.0,4,0,2016-05-15 12:00:00,constructor_standings_11515
26484,952,210,22.0,6,0,2016-05-15 12:00:00,constructor_standings_11516
26485,952,10,14.0,7,0,2016-05-15 12:00:00,constructor_standings_11517
26486,952,5,26.0,5,0,2016-05-15 12:00:00,constructor_standings_11518
26487,952,4,6.0,9,0,2016-05-15 12:00:00,constructor_standings_11519
26488,952,1,12.0,8,0,2016-05-15 12:00:00,constructor_standings_11520
26489,952,15,0.0,10,0,2016-05-15 12:00:00,constructor_standings_11521
26490,952,209,0.0,11,0,2016-05-15 12:00:00,constructor_standings_11522
26491,953,131,188.0,1,5,2016-05-29 12:00:00,constructor_standings_11523
26492,953,6,121.0,2,0,2016-05-29 12:00:00,constructor_standings_11524
26493,953,9,112.0,3,1,2016-05-29 12:00:00,constructor_standings_11525
26494,953,3,66.0,4,0,2016-05-29 12:00:00,constructor_standings_11526
26495,953,210,22.0,8,0,2016-05-29 12:00:00,constructor_standings_11527
26496,953,10,37.0,5,0,2016-05-29 12:00:00,constructor_standings_11528
26497,953,5,30.0,6,0,2016-05-29 12:00:00,constructor_standings_11529
26498,953,4,6.0,9,0,2016-05-29 12:00:00,constructor_standings_11530
26499,953,1,24.0,7,0,2016-05-29 12:00:00,constructor_standings_11531
26500,953,15,0.0,10,0,2016-05-29 12:00:00,constructor_standings_11532
26501,953,209,0.0,11,0,2016-05-29 12:00:00,constructor_standings_11533
26502,954,131,223.0,1,6,2016-06-12 18:00:00,constructor_standings_11534
26503,954,6,147.0,2,0,2016-06-12 18:00:00,constructor_standings_11535
26504,954,9,130.0,3,1,2016-06-12 18:00:00,constructor_standings_11536
26505,954,3,81.0,4,0,2016-06-12 18:00:00,constructor_standings_11537
26506,954,210,22.0,8,0,2016-06-12 18:00:00,constructor_standings_11538
26507,954,10,42.0,5,0,2016-06-12 18:00:00,constructor_standings_11539
26508,954,5,32.0,6,0,2016-06-12 18:00:00,constructor_standings_11540
26509,954,4,6.0,9,0,2016-06-12 18:00:00,constructor_standings_11541
26510,954,1,24.0,7,0,2016-06-12 18:00:00,constructor_standings_11542
26511,954,15,0.0,10,0,2016-06-12 18:00:00,constructor_standings_11543
26512,954,209,0.0,11,0,2016-06-12 18:00:00,constructor_standings_11544
26525,955,6,177.0,2,0,2016-06-19 13:00:00,constructor_standings_11545
26526,955,9,140.0,3,1,2016-06-19 13:00:00,constructor_standings_11546
26527,955,3,90.0,4,0,2016-06-19 13:00:00,constructor_standings_11547
26528,955,210,22.0,8,0,2016-06-19 13:00:00,constructor_standings_11548
26529,955,10,59.0,5,0,2016-06-19 13:00:00,constructor_standings_11549
26530,955,5,32.0,6,0,2016-06-19 13:00:00,constructor_standings_11550
26531,955,4,6.0,9,0,2016-06-19 13:00:00,constructor_standings_11551
26532,955,1,24.0,7,0,2016-06-19 13:00:00,constructor_standings_11552
26533,955,15,0.0,10,0,2016-06-19 13:00:00,constructor_standings_11553
26534,955,209,0.0,11,0,2016-06-19 13:00:00,constructor_standings_11554
26535,956,131,295.0,1,8,2016-07-03 12:00:00,constructor_standings_11555
26536,956,6,192.0,2,0,2016-07-03 12:00:00,constructor_standings_11556
26537,956,9,168.0,3,1,2016-07-03 12:00:00,constructor_standings_11557
26538,956,3,92.0,4,0,2016-07-03 12:00:00,constructor_standings_11558
26539,956,210,28.0,8,0,2016-07-03 12:00:00,constructor_standings_11559
26540,956,10,59.0,5,0,2016-07-03 12:00:00,constructor_standings_11560
26541,956,5,36.0,6,0,2016-07-03 12:00:00,constructor_standings_11561
26542,956,4,6.0,9,0,2016-07-03 12:00:00,constructor_standings_11562
26543,956,1,32.0,7,0,2016-07-03 12:00:00,constructor_standings_11563
26544,956,15,0.0,11,0,2016-07-03 12:00:00,constructor_standings_11564
26545,956,209,1.0,10,0,2016-07-03 12:00:00,constructor_standings_11565
26546,957,131,335.0,1,9,2016-07-10 12:00:00,constructor_standings_11566
26547,957,6,204.0,2,0,2016-07-10 12:00:00,constructor_standings_11567
26548,957,9,198.0,3,1,2016-07-10 12:00:00,constructor_standings_11568
26549,957,3,92.0,4,0,2016-07-10 12:00:00,constructor_standings_11569
26550,957,210,28.0,8,0,2016-07-10 12:00:00,constructor_standings_11570
26551,957,10,73.0,5,0,2016-07-10 12:00:00,constructor_standings_11571
26552,957,5,41.0,6,0,2016-07-10 12:00:00,constructor_standings_11572
26553,957,4,6.0,9,0,2016-07-10 12:00:00,constructor_standings_11573
26554,957,1,32.0,7,0,2016-07-10 12:00:00,constructor_standings_11574
26555,957,15,0.0,11,0,2016-07-10 12:00:00,constructor_standings_11575
26556,957,209,1.0,10,0,2016-07-10 12:00:00,constructor_standings_11576
26568,958,131,378.0,1,10,2016-07-24 12:00:00,constructor_standings_11577
26569,958,6,224.0,2,0,2016-07-24 12:00:00,constructor_standings_11578
26570,958,9,223.0,3,1,2016-07-24 12:00:00,constructor_standings_11579
26571,958,3,94.0,4,0,2016-07-24 12:00:00,constructor_standings_11580
26572,958,210,28.0,8,0,2016-07-24 12:00:00,constructor_standings_11581
26573,958,10,74.0,5,0,2016-07-24 12:00:00,constructor_standings_11582
26574,958,5,45.0,6,0,2016-07-24 12:00:00,constructor_standings_11583
26575,958,4,6.0,9,0,2016-07-24 12:00:00,constructor_standings_11584
26576,958,1,38.0,7,0,2016-07-24 12:00:00,constructor_standings_11585
26577,958,15,0.0,11,0,2016-07-24 12:00:00,constructor_standings_11586
26578,958,209,1.0,10,0,2016-07-24 12:00:00,constructor_standings_11587
26579,959,131,415.0,1,11,2016-07-31 12:00:00,constructor_standings_11588
26580,959,6,242.0,3,0,2016-07-31 12:00:00,constructor_standings_11589
26581,959,9,256.0,2,1,2016-07-31 12:00:00,constructor_standings_11590
26582,959,3,96.0,4,0,2016-07-31 12:00:00,constructor_standings_11591
26583,959,210,28.0,8,0,2016-07-31 12:00:00,constructor_standings_11592
26584,959,10,81.0,5,0,2016-07-31 12:00:00,constructor_standings_11593
26585,959,5,45.0,6,0,2016-07-31 12:00:00,constructor_standings_11594
26586,959,4,6.0,9,0,2016-07-31 12:00:00,constructor_standings_11595
26587,959,1,42.0,7,0,2016-07-31 12:00:00,constructor_standings_11596
26588,959,15,0.0,11,0,2016-07-31 12:00:00,constructor_standings_11597
26589,959,209,1.0,10,0,2016-07-31 12:00:00,constructor_standings_11598
26590,960,131,455.0,1,12,2016-08-28 12:00:00,constructor_standings_11599
26591,960,6,252.0,3,0,2016-08-28 12:00:00,constructor_standings_11600
26592,960,9,274.0,2,1,2016-08-28 12:00:00,constructor_standings_11601
26593,960,3,101.0,5,0,2016-08-28 12:00:00,constructor_standings_11602
26594,960,210,28.0,8,0,2016-08-28 12:00:00,constructor_standings_11603
26595,960,10,103.0,4,0,2016-08-28 12:00:00,constructor_standings_11604
26596,960,5,45.0,7,0,2016-08-28 12:00:00,constructor_standings_11605
26597,960,4,6.0,9,0,2016-08-28 12:00:00,constructor_standings_11606
26598,960,1,48.0,6,0,2016-08-28 12:00:00,constructor_standings_11607
26599,960,15,0.0,11,0,2016-08-28 12:00:00,constructor_standings_11608
26600,960,209,1.0,10,0,2016-08-28 12:00:00,constructor_standings_11609
26601,961,131,498.0,1,13,2016-09-04 12:00:00,constructor_standings_11610
26602,961,6,279.0,3,0,2016-09-04 12:00:00,constructor_standings_11611
26603,961,9,290.0,2,1,2016-09-04 12:00:00,constructor_standings_11612
26604,961,3,111.0,4,0,2016-09-04 12:00:00,constructor_standings_11613
26605,961,210,28.0,8,0,2016-09-04 12:00:00,constructor_standings_11614
26606,961,10,108.0,5,0,2016-09-04 12:00:00,constructor_standings_11615
26607,961,5,45.0,7,0,2016-09-04 12:00:00,constructor_standings_11616
26608,961,4,6.0,9,0,2016-09-04 12:00:00,constructor_standings_11617
26609,961,1,48.0,6,0,2016-09-04 12:00:00,constructor_standings_11618
26610,961,15,0.0,11,0,2016-09-04 12:00:00,constructor_standings_11619
26611,961,209,1.0,10,0,2016-09-04 12:00:00,constructor_standings_11620
26612,962,131,538.0,1,14,2016-09-18 12:00:00,constructor_standings_11621
26613,962,6,301.0,3,0,2016-09-18 12:00:00,constructor_standings_11622
26614,962,9,316.0,2,1,2016-09-18 12:00:00,constructor_standings_11623
26615,962,3,111.0,5,0,2016-09-18 12:00:00,constructor_standings_11624
26616,962,210,28.0,8,0,2016-09-18 12:00:00,constructor_standings_11625
26617,962,10,112.0,4,0,2016-09-18 12:00:00,constructor_standings_11626
26618,962,5,47.0,7,0,2016-09-18 12:00:00,constructor_standings_11627
26619,962,4,7.0,9,0,2016-09-18 12:00:00,constructor_standings_11628
26620,962,1,54.0,6,0,2016-09-18 12:00:00,constructor_standings_11629
26621,962,15,0.0,11,0,2016-09-18 12:00:00,constructor_standings_11630
26622,962,209,1.0,10,0,2016-09-18 12:00:00,constructor_standings_11631
26623,963,131,553.0,1,14,2016-10-02 07:00:00,constructor_standings_11632
26624,963,6,313.0,3,0,2016-10-02 07:00:00,constructor_standings_11633
26625,963,9,359.0,2,2,2016-10-02 07:00:00,constructor_standings_11634
26626,963,3,121.0,5,0,2016-10-02 07:00:00,constructor_standings_11635
26627,963,210,28.0,8,0,2016-10-02 07:00:00,constructor_standings_11636
26628,963,10,124.0,4,0,2016-10-02 07:00:00,constructor_standings_11637
26629,963,5,47.0,7,0,2016-10-02 07:00:00,constructor_standings_11638
26630,963,4,8.0,9,0,2016-10-02 07:00:00,constructor_standings_11639
26631,963,1,62.0,6,0,2016-10-02 07:00:00,constructor_standings_11640
26632,963,15,0.0,11,0,2016-10-02 07:00:00,constructor_standings_11641
26633,963,209,1.0,10,0,2016-10-02 07:00:00,constructor_standings_11642
26634,964,131,593.0,1,15,2016-10-09 05:00:00,constructor_standings_11643
26635,964,6,335.0,3,0,2016-10-09 05:00:00,constructor_standings_11644
26636,964,9,385.0,2,2,2016-10-09 05:00:00,constructor_standings_11645
26637,964,3,124.0,5,0,2016-10-09 05:00:00,constructor_standings_11646
26638,964,210,28.0,8,0,2016-10-09 05:00:00,constructor_standings_11647
26639,964,10,134.0,4,0,2016-10-09 05:00:00,constructor_standings_11648
26640,964,5,47.0,7,0,2016-10-09 05:00:00,constructor_standings_11649
26641,964,4,8.0,9,0,2016-10-09 05:00:00,constructor_standings_11650
26642,964,1,62.0,6,0,2016-10-09 05:00:00,constructor_standings_11651
26643,964,15,0.0,11,0,2016-10-09 05:00:00,constructor_standings_11652
26644,964,209,1.0,10,0,2016-10-09 05:00:00,constructor_standings_11653
26712,967,6,375.0,3,0,2016-11-13 16:00:00,constructor_standings_11654
26697,965,1,74.0,6,0,2016-10-23 19:00:00,constructor_standings_11655
26711,967,131,722.0,1,18,2016-11-13 16:00:00,constructor_standings_11656
26698,965,15,0.0,11,0,2016-10-23 19:00:00,constructor_standings_11657
26690,965,6,347.0,3,0,2016-10-23 19:00:00,constructor_standings_11658
26696,965,4,8.0,9,0,2016-10-23 19:00:00,constructor_standings_11659
26695,965,5,55.0,7,0,2016-10-23 19:00:00,constructor_standings_11660
26694,965,10,138.0,4,0,2016-10-23 19:00:00,constructor_standings_11661
26692,965,3,130.0,5,0,2016-10-23 19:00:00,constructor_standings_11662
26693,965,210,29.0,8,0,2016-10-23 19:00:00,constructor_standings_11663
26691,965,9,400.0,2,2,2016-10-23 19:00:00,constructor_standings_11664
26689,965,131,636.0,1,16,2016-10-23 19:00:00,constructor_standings_11665
26708,966,1,74.0,6,0,2016-10-30 19:00:00,constructor_standings_11666
26710,966,209,1.0,10,0,2016-10-30 19:00:00,constructor_standings_11667
26709,966,15,0.0,11,0,2016-10-30 19:00:00,constructor_standings_11668
26701,966,6,365.0,3,0,2016-10-30 19:00:00,constructor_standings_11669
26707,966,4,8.0,9,0,2016-10-30 19:00:00,constructor_standings_11670
26706,966,5,55.0,7,0,2016-10-30 19:00:00,constructor_standings_11671
26705,966,10,145.0,4,0,2016-10-30 19:00:00,constructor_standings_11672
26703,966,3,136.0,5,0,2016-10-30 19:00:00,constructor_standings_11673
26704,966,210,29.0,8,0,2016-10-30 19:00:00,constructor_standings_11674
26702,966,9,427.0,2,2,2016-10-30 19:00:00,constructor_standings_11675
26700,966,131,679.0,1,17,2016-10-30 19:00:00,constructor_standings_11676
26699,965,209,1.0,10,0,2016-10-23 19:00:00,constructor_standings_11677
26713,967,9,446.0,2,2,2016-11-13 16:00:00,constructor_standings_11678
26714,967,3,136.0,5,0,2016-11-13 16:00:00,constructor_standings_11679
26715,967,210,29.0,8,0,2016-11-13 16:00:00,constructor_standings_11680
26716,967,10,163.0,4,0,2016-11-13 16:00:00,constructor_standings_11681
26717,967,5,63.0,7,0,2016-11-13 16:00:00,constructor_standings_11682
26718,967,4,8.0,9,0,2016-11-13 16:00:00,constructor_standings_11683
26719,967,1,75.0,6,0,2016-11-13 16:00:00,constructor_standings_11684
26720,967,15,2.0,10,0,2016-11-13 16:00:00,constructor_standings_11685
26721,967,209,1.0,11,0,2016-11-13 16:00:00,constructor_standings_11686
26722,968,131,765.0,1,19,2016-11-27 13:00:00,constructor_standings_11687
26723,968,6,398.0,3,0,2016-11-27 13:00:00,constructor_standings_11688
26724,968,9,468.0,2,2,2016-11-27 13:00:00,constructor_standings_11689
26725,968,3,138.0,5,0,2016-11-27 13:00:00,constructor_standings_11690
26726,968,210,29.0,8,0,2016-11-27 13:00:00,constructor_standings_11691
26727,968,10,173.0,4,0,2016-11-27 13:00:00,constructor_standings_11692
26728,968,5,63.0,7,0,2016-11-27 13:00:00,constructor_standings_11693
26729,968,4,8.0,9,0,2016-11-27 13:00:00,constructor_standings_11694
26730,968,1,76.0,6,0,2016-11-27 13:00:00,constructor_standings_11695
26731,968,15,2.0,10,0,2016-11-27 13:00:00,constructor_standings_11696
26732,968,209,1.0,11,0,2016-11-27 13:00:00,constructor_standings_11697
26734,969,131,33.0,2,0,2017-03-26 05:00:00,constructor_standings_11698
26735,969,9,10.0,3,0,2017-03-26 05:00:00,constructor_standings_11699
26736,969,3,8.0,4,0,2017-03-26 05:00:00,constructor_standings_11700
26737,969,10,7.0,5,0,2017-03-26 05:00:00,constructor_standings_11701
26738,969,5,6.0,6,0,2017-03-26 05:00:00,constructor_standings_11702
26739,969,4,0.0,7,0,2017-03-26 05:00:00,constructor_standings_11703
26740,969,15,0.0,8,0,2017-03-26 05:00:00,constructor_standings_11704
26741,969,1,0.0,9,0,2017-03-26 05:00:00,constructor_standings_11705
26742,969,210,0.0,10,0,2017-03-26 05:00:00,constructor_standings_11706
26743,970,6,65.0,2,1,2017-04-09 06:00:00,constructor_standings_11707
26744,970,131,66.0,1,1,2017-04-09 06:00:00,constructor_standings_11708
26745,970,9,37.0,3,0,2017-04-09 06:00:00,constructor_standings_11709
26746,970,3,8.0,6,0,2017-04-09 06:00:00,constructor_standings_11710
26747,970,10,10.0,5,0,2017-04-09 06:00:00,constructor_standings_11711
26748,970,5,12.0,4,0,2017-04-09 06:00:00,constructor_standings_11712
26749,970,4,0.0,8,0,2017-04-09 06:00:00,constructor_standings_11713
26750,970,15,0.0,9,0,2017-04-09 06:00:00,constructor_standings_11714
26751,970,1,0.0,10,0,2017-04-09 06:00:00,constructor_standings_11715
26752,970,210,4.0,7,0,2017-04-09 06:00:00,constructor_standings_11716
26753,971,6,102.0,1,2,2017-04-16 15:00:00,constructor_standings_11717
26754,971,131,99.0,2,1,2017-04-16 15:00:00,constructor_standings_11718
26755,971,9,47.0,3,0,2017-04-16 15:00:00,constructor_standings_11719
26756,971,3,16.0,5,0,2017-04-16 15:00:00,constructor_standings_11720
26757,971,10,17.0,4,0,2017-04-16 15:00:00,constructor_standings_11721
26758,971,5,12.0,6,0,2017-04-16 15:00:00,constructor_standings_11722
26759,971,4,2.0,8,0,2017-04-16 15:00:00,constructor_standings_11723
26760,971,15,0.0,9,0,2017-04-16 15:00:00,constructor_standings_11724
26761,971,1,0.0,10,0,2017-04-16 15:00:00,constructor_standings_11725
26762,971,210,8.0,7,0,2017-04-16 15:00:00,constructor_standings_11726
26763,972,6,135.0,2,2,2017-04-30 12:00:00,constructor_standings_11727
26764,972,131,136.0,1,2,2017-04-30 12:00:00,constructor_standings_11728
26765,972,9,57.0,3,0,2017-04-30 12:00:00,constructor_standings_11729
26766,972,3,18.0,5,0,2017-04-30 12:00:00,constructor_standings_11730
26767,972,10,31.0,4,0,2017-04-30 12:00:00,constructor_standings_11731
26768,972,5,13.0,6,0,2017-04-30 12:00:00,constructor_standings_11732
26769,972,4,6.0,8,0,2017-04-30 12:00:00,constructor_standings_11733
26770,972,15,0.0,9,0,2017-04-30 12:00:00,constructor_standings_11734
26771,972,1,0.0,10,0,2017-04-30 12:00:00,constructor_standings_11735
26772,972,210,8.0,7,0,2017-04-30 12:00:00,constructor_standings_11736
26773,973,6,153.0,2,2,2017-05-14 12:00:00,constructor_standings_11737
26774,973,131,161.0,1,3,2017-05-14 12:00:00,constructor_standings_11738
26775,973,9,72.0,3,0,2017-05-14 12:00:00,constructor_standings_11739
26776,973,3,18.0,6,0,2017-05-14 12:00:00,constructor_standings_11740
26777,973,10,53.0,4,0,2017-05-14 12:00:00,constructor_standings_11741
26778,973,5,21.0,5,0,2017-05-14 12:00:00,constructor_standings_11742
26779,973,4,14.0,7,0,2017-05-14 12:00:00,constructor_standings_11743
26780,973,15,4.0,9,0,2017-05-14 12:00:00,constructor_standings_11744
26781,973,1,0.0,10,0,2017-05-14 12:00:00,constructor_standings_11745
26782,973,210,9.0,8,0,2017-05-14 12:00:00,constructor_standings_11746
26783,974,6,196.0,1,3,2017-05-28 12:00:00,constructor_standings_11747
26784,974,131,179.0,2,3,2017-05-28 12:00:00,constructor_standings_11748
26785,974,9,97.0,3,0,2017-05-28 12:00:00,constructor_standings_11749
26786,974,3,20.0,6,0,2017-05-28 12:00:00,constructor_standings_11750
26787,974,10,53.0,4,0,2017-05-28 12:00:00,constructor_standings_11751
26788,974,5,29.0,5,0,2017-05-28 12:00:00,constructor_standings_11752
26789,974,4,14.0,7,0,2017-05-28 12:00:00,constructor_standings_11753
26790,974,15,4.0,9,0,2017-05-28 12:00:00,constructor_standings_11754
26791,974,1,0.0,10,0,2017-05-28 12:00:00,constructor_standings_11755
26792,974,210,14.0,8,0,2017-05-28 12:00:00,constructor_standings_11756
26793,975,6,214.0,2,3,2017-06-11 18:00:00,constructor_standings_11757
26794,975,131,222.0,1,4,2017-06-11 18:00:00,constructor_standings_11758
26795,975,9,112.0,3,0,2017-06-11 18:00:00,constructor_standings_11759
26796,975,3,22.0,6,0,2017-06-11 18:00:00,constructor_standings_11760
26797,975,10,71.0,4,0,2017-06-11 18:00:00,constructor_standings_11761
26798,975,5,29.0,5,0,2017-06-11 18:00:00,constructor_standings_11762
26799,975,4,18.0,7,0,2017-06-11 18:00:00,constructor_standings_11763
26800,975,15,4.0,9,0,2017-06-11 18:00:00,constructor_standings_11764
26801,975,1,0.0,10,0,2017-06-11 18:00:00,constructor_standings_11765
26802,975,210,15.0,8,0,2017-06-11 18:00:00,constructor_standings_11766
26803,976,6,226.0,2,3,2017-06-25 13:00:00,constructor_standings_11767
26804,976,131,250.0,1,4,2017-06-25 13:00:00,constructor_standings_11768
26805,976,9,137.0,3,1,2017-06-25 13:00:00,constructor_standings_11769
26806,976,3,37.0,5,0,2017-06-25 13:00:00,constructor_standings_11770
26807,976,10,79.0,4,0,2017-06-25 13:00:00,constructor_standings_11771
26808,976,5,33.0,6,0,2017-06-25 13:00:00,constructor_standings_11772
26809,976,4,18.0,8,0,2017-06-25 13:00:00,constructor_standings_11773
26810,976,15,5.0,9,0,2017-06-25 13:00:00,constructor_standings_11774
26811,976,1,2.0,10,0,2017-06-25 13:00:00,constructor_standings_11775
26812,976,210,21.0,7,0,2017-06-25 13:00:00,constructor_standings_11776
26813,977,6,254.0,2,3,2017-07-09 12:00:00,constructor_standings_11777
26814,977,131,287.0,1,5,2017-07-09 12:00:00,constructor_standings_11778
26815,977,9,152.0,3,1,2017-07-09 12:00:00,constructor_standings_11779
26816,977,3,40.0,5,0,2017-07-09 12:00:00,constructor_standings_11780
26817,977,10,89.0,4,0,2017-07-09 12:00:00,constructor_standings_11781
26818,977,5,33.0,6,0,2017-07-09 12:00:00,constructor_standings_11782
26819,977,4,18.0,8,0,2017-07-09 12:00:00,constructor_standings_11783
26820,977,15,5.0,9,0,2017-07-09 12:00:00,constructor_standings_11784
26821,977,1,2.0,10,0,2017-07-09 12:00:00,constructor_standings_11785
26822,977,210,29.0,7,0,2017-07-09 12:00:00,constructor_standings_11786
26823,978,6,275.0,2,3,2017-07-16 12:00:00,constructor_standings_11787
26824,978,131,330.0,1,6,2017-07-16 12:00:00,constructor_standings_11788
26825,978,9,174.0,3,1,2017-07-16 12:00:00,constructor_standings_11789
26826,978,3,41.0,5,0,2017-07-16 12:00:00,constructor_standings_11790
26827,978,10,95.0,4,0,2017-07-16 12:00:00,constructor_standings_11791
26828,978,5,33.0,6,0,2017-07-16 12:00:00,constructor_standings_11792
26829,978,4,26.0,8,0,2017-07-16 12:00:00,constructor_standings_11793
26830,978,15,5.0,9,0,2017-07-16 12:00:00,constructor_standings_11794
26831,978,1,2.0,10,0,2017-07-16 12:00:00,constructor_standings_11795
26832,978,210,29.0,7,0,2017-07-16 12:00:00,constructor_standings_11796
26833,979,6,318.0,2,4,2017-07-30 12:00:00,constructor_standings_11797
26834,979,131,357.0,1,6,2017-07-30 12:00:00,constructor_standings_11798
26835,979,9,184.0,3,1,2017-07-30 12:00:00,constructor_standings_11799
26836,979,3,41.0,5,0,2017-07-30 12:00:00,constructor_standings_11800
26837,979,10,101.0,4,0,2017-07-30 12:00:00,constructor_standings_11801
26838,979,5,39.0,6,0,2017-07-30 12:00:00,constructor_standings_11802
26839,979,4,26.0,8,0,2017-07-30 12:00:00,constructor_standings_11803
26840,979,15,5.0,10,0,2017-07-30 12:00:00,constructor_standings_11804
26841,979,1,11.0,9,0,2017-07-30 12:00:00,constructor_standings_11805
26842,979,210,29.0,7,0,2017-07-30 12:00:00,constructor_standings_11806
26843,980,6,348.0,2,4,2017-08-27 12:00:00,constructor_standings_11807
26844,980,131,392.0,1,7,2017-08-27 12:00:00,constructor_standings_11808
26845,980,9,199.0,3,1,2017-08-27 12:00:00,constructor_standings_11809
26846,980,3,45.0,5,0,2017-08-27 12:00:00,constructor_standings_11810
26847,980,10,103.0,4,0,2017-08-27 12:00:00,constructor_standings_11811
26848,980,5,40.0,6,0,2017-08-27 12:00:00,constructor_standings_11812
26849,980,4,34.0,8,0,2017-08-27 12:00:00,constructor_standings_11813
26850,980,15,5.0,10,0,2017-08-27 12:00:00,constructor_standings_11814
26851,980,1,11.0,9,0,2017-08-27 12:00:00,constructor_standings_11815
26852,980,210,35.0,7,0,2017-08-27 12:00:00,constructor_standings_11816
26853,981,6,373.0,2,4,2017-09-03 12:00:00,constructor_standings_11817
26854,981,131,435.0,1,8,2017-09-03 12:00:00,constructor_standings_11818
26855,981,9,212.0,3,1,2017-09-03 12:00:00,constructor_standings_11819
26856,981,3,55.0,5,0,2017-09-03 12:00:00,constructor_standings_11820
26857,981,10,113.0,4,0,2017-09-03 12:00:00,constructor_standings_11821
26858,981,5,40.0,6,0,2017-09-03 12:00:00,constructor_standings_11822
26859,981,4,34.0,8,0,2017-09-03 12:00:00,constructor_standings_11823
26860,981,15,5.0,10,0,2017-09-03 12:00:00,constructor_standings_11824
26861,981,1,11.0,9,0,2017-09-03 12:00:00,constructor_standings_11825
26862,981,210,35.0,7,0,2017-09-03 12:00:00,constructor_standings_11826
26863,982,6,373.0,2,4,2017-09-17 12:00:00,constructor_standings_11827
26864,982,131,475.0,1,9,2017-09-17 12:00:00,constructor_standings_11828
26865,982,9,230.0,3,1,2017-09-17 12:00:00,constructor_standings_11829
26866,982,3,59.0,5,0,2017-09-17 12:00:00,constructor_standings_11830
26867,982,10,124.0,4,0,2017-09-17 12:00:00,constructor_standings_11831
26868,982,5,52.0,6,0,2017-09-17 12:00:00,constructor_standings_11832
26869,982,4,42.0,7,0,2017-09-17 12:00:00,constructor_standings_11833
26870,982,15,5.0,10,0,2017-09-17 12:00:00,constructor_standings_11834
26871,982,1,17.0,9,0,2017-09-17 12:00:00,constructor_standings_11835
26872,982,210,37.0,8,0,2017-09-17 12:00:00,constructor_standings_11836
26873,983,6,385.0,2,4,2017-10-01 07:00:00,constructor_standings_11837
26874,983,131,503.0,1,9,2017-10-01 07:00:00,constructor_standings_11838
26875,983,9,270.0,3,2,2017-10-01 07:00:00,constructor_standings_11839
26876,983,3,65.0,5,0,2017-10-01 07:00:00,constructor_standings_11840
26877,983,10,133.0,4,0,2017-10-01 07:00:00,constructor_standings_11841
26878,983,5,52.0,6,0,2017-10-01 07:00:00,constructor_standings_11842
26879,983,4,42.0,7,0,2017-10-01 07:00:00,constructor_standings_11843
26880,983,15,5.0,10,0,2017-10-01 07:00:00,constructor_standings_11844
26881,983,1,23.0,9,0,2017-10-01 07:00:00,constructor_standings_11845
26882,983,210,37.0,8,0,2017-10-01 07:00:00,constructor_standings_11846
26883,984,6,395.0,2,4,2017-10-08 05:00:00,constructor_standings_11847
26884,984,131,540.0,1,10,2017-10-08 05:00:00,constructor_standings_11848
26885,984,9,303.0,3,2,2017-10-08 05:00:00,constructor_standings_11849
26886,984,3,66.0,5,0,2017-10-08 05:00:00,constructor_standings_11850
26887,984,10,147.0,4,0,2017-10-08 05:00:00,constructor_standings_11851
26888,984,5,52.0,6,0,2017-10-08 05:00:00,constructor_standings_11852
26889,984,4,42.0,8,0,2017-10-08 05:00:00,constructor_standings_11853
26890,984,15,5.0,10,0,2017-10-08 05:00:00,constructor_standings_11854
26891,984,1,23.0,9,0,2017-10-08 05:00:00,constructor_standings_11855
26892,984,210,43.0,7,0,2017-10-08 05:00:00,constructor_standings_11856
26893,985,6,428.0,2,4,2017-10-22 19:00:00,constructor_standings_11857
26894,985,131,575.0,1,11,2017-10-22 19:00:00,constructor_standings_11858
26895,985,9,315.0,3,2,2017-10-22 19:00:00,constructor_standings_11859
26896,985,3,68.0,5,0,2017-10-22 19:00:00,constructor_standings_11860
26897,985,10,159.0,4,0,2017-10-22 19:00:00,constructor_standings_11861
26898,985,5,53.0,6,0,2017-10-22 19:00:00,constructor_standings_11862
26899,985,4,48.0,7,0,2017-10-22 19:00:00,constructor_standings_11863
26900,985,15,5.0,10,0,2017-10-22 19:00:00,constructor_standings_11864
26901,985,1,23.0,9,0,2017-10-22 19:00:00,constructor_standings_11865
26902,985,210,43.0,8,0,2017-10-22 19:00:00,constructor_standings_11866
26903,986,6,455.0,2,4,2017-10-29 19:00:00,constructor_standings_11867
26904,986,131,595.0,1,11,2017-10-29 19:00:00,constructor_standings_11868
26905,986,9,340.0,3,3,2017-10-29 19:00:00,constructor_standings_11869
26906,986,3,76.0,5,0,2017-10-29 19:00:00,constructor_standings_11870
26907,986,10,175.0,4,0,2017-10-29 19:00:00,constructor_standings_11871
26908,986,5,53.0,6,0,2017-10-29 19:00:00,constructor_standings_11872
26909,986,4,48.0,7,0,2017-10-29 19:00:00,constructor_standings_11873
26910,986,15,5.0,10,0,2017-10-29 19:00:00,constructor_standings_11874
26911,986,1,24.0,9,0,2017-10-29 19:00:00,constructor_standings_11875
26912,986,210,47.0,8,0,2017-10-29 19:00:00,constructor_standings_11876
26913,987,6,495.0,2,5,2017-11-12 16:00:00,constructor_standings_11877
26914,987,131,625.0,1,11,2017-11-12 16:00:00,constructor_standings_11878
26915,987,9,358.0,3,3,2017-11-12 16:00:00,constructor_standings_11879
26916,987,3,82.0,5,0,2017-11-12 16:00:00,constructor_standings_11880
26917,987,10,177.0,4,0,2017-11-12 16:00:00,constructor_standings_11881
26918,987,5,53.0,6,0,2017-11-12 16:00:00,constructor_standings_11882
26919,987,4,49.0,7,0,2017-11-12 16:00:00,constructor_standings_11883
26920,987,15,5.0,10,0,2017-11-12 16:00:00,constructor_standings_11884
26921,987,1,28.0,9,0,2017-11-12 16:00:00,constructor_standings_11885
26922,987,210,47.0,8,0,2017-11-12 16:00:00,constructor_standings_11886
26923,988,6,522.0,2,5,2017-11-26 13:00:00,constructor_standings_11887
26924,988,131,668.0,1,12,2017-11-26 13:00:00,constructor_standings_11888
26925,988,9,368.0,3,3,2017-11-26 13:00:00,constructor_standings_11889
26926,988,3,83.0,5,0,2017-11-26 13:00:00,constructor_standings_11890
26927,988,10,187.0,4,0,2017-11-26 13:00:00,constructor_standings_11891
26928,988,5,53.0,7,0,2017-11-26 13:00:00,constructor_standings_11892
26929,988,4,57.0,6,0,2017-11-26 13:00:00,constructor_standings_11893
26930,988,15,5.0,10,0,2017-11-26 13:00:00,constructor_standings_11894
26931,988,1,30.0,9,0,2017-11-26 13:00:00,constructor_standings_11895
26932,988,210,47.0,8,0,2017-11-26 13:00:00,constructor_standings_11896
26933,989,6,40.0,1,1,2018-03-25 05:10:00,constructor_standings_11897
26934,989,131,22.0,2,0,2018-03-25 05:10:00,constructor_standings_11898
26935,989,9,20.0,3,0,2018-03-25 05:10:00,constructor_standings_11899
26936,989,1,12.0,4,0,2018-03-25 05:10:00,constructor_standings_11900
26937,989,4,7.0,5,0,2018-03-25 05:10:00,constructor_standings_11901
26938,989,10,0.0,6,0,2018-03-25 05:10:00,constructor_standings_11902
26939,989,15,0.0,7,0,2018-03-25 05:10:00,constructor_standings_11903
26940,989,3,0.0,8,0,2018-03-25 05:10:00,constructor_standings_11904
26941,989,5,0.0,9,0,2018-03-25 05:10:00,constructor_standings_11905
26942,989,210,0.0,10,0,2018-03-25 05:10:00,constructor_standings_11906
26982,990,210,10.0,7,0,2018-04-08 15:10:00,constructor_standings_11907
26979,990,15,2.0,8,0,2018-04-08 15:10:00,constructor_standings_11908
26981,990,5,12.0,6,0,2018-04-08 15:10:00,constructor_standings_11909
26980,990,3,0.0,10,0,2018-04-08 15:10:00,constructor_standings_11910
26975,990,9,20.0,4,0,2018-04-08 15:10:00,constructor_standings_11911
26976,990,1,22.0,3,0,2018-04-08 15:10:00,constructor_standings_11912
26977,990,4,15.0,5,0,2018-04-08 15:10:00,constructor_standings_11913
26978,990,10,1.0,9,0,2018-04-08 15:10:00,constructor_standings_11914
26974,990,131,55.0,2,0,2018-04-08 15:10:00,constructor_standings_11915
26973,990,6,65.0,1,2,2018-04-08 15:10:00,constructor_standings_11916
26963,991,6,84.0,2,2,2018-04-15 06:10:00,constructor_standings_11917
26964,991,131,85.0,1,0,2018-04-15 06:10:00,constructor_standings_11918
26965,991,9,55.0,3,1,2018-04-15 06:10:00,constructor_standings_11919
26966,991,1,28.0,4,0,2018-04-15 06:10:00,constructor_standings_11920
26967,991,4,25.0,5,0,2018-04-15 06:10:00,constructor_standings_11921
26968,991,10,1.0,9,0,2018-04-15 06:10:00,constructor_standings_11922
26969,991,15,2.0,8,0,2018-04-15 06:10:00,constructor_standings_11923
26970,991,3,0.0,10,0,2018-04-15 06:10:00,constructor_standings_11924
26971,991,5,12.0,6,0,2018-04-15 06:10:00,constructor_standings_11925
26972,991,210,11.0,7,0,2018-04-15 06:10:00,constructor_standings_11926
26983,992,6,114.0,1,2,2018-04-29 12:10:00,constructor_standings_11927
26984,992,131,110.0,2,1,2018-04-29 12:10:00,constructor_standings_11928
26985,992,9,55.0,3,1,2018-04-29 12:10:00,constructor_standings_11929
26986,992,1,36.0,4,0,2018-04-29 12:10:00,constructor_standings_11930
26987,992,4,35.0,5,0,2018-04-29 12:10:00,constructor_standings_11931
26988,992,10,16.0,6,0,2018-04-29 12:10:00,constructor_standings_11932
26989,992,15,10.0,9,0,2018-04-29 12:10:00,constructor_standings_11933
26990,992,3,4.0,10,0,2018-04-29 12:10:00,constructor_standings_11934
26991,992,5,13.0,7,0,2018-04-29 12:10:00,constructor_standings_11935
26992,992,210,11.0,8,0,2018-04-29 12:10:00,constructor_standings_11936
26993,993,6,126.0,2,2,2018-05-13 13:10:00,constructor_standings_11937
26994,993,131,153.0,1,2,2018-05-13 13:10:00,constructor_standings_11938
26995,993,9,80.0,3,1,2018-05-13 13:10:00,constructor_standings_11939
26996,993,1,40.0,5,0,2018-05-13 13:10:00,constructor_standings_11940
26997,993,4,41.0,4,0,2018-05-13 13:10:00,constructor_standings_11941
26998,993,10,18.0,7,0,2018-05-13 13:10:00,constructor_standings_11942
26999,993,15,11.0,9,0,2018-05-13 13:10:00,constructor_standings_11943
27000,993,3,4.0,10,0,2018-05-13 13:10:00,constructor_standings_11944
27001,993,5,13.0,8,0,2018-05-13 13:10:00,constructor_standings_11945
27002,993,210,19.0,6,0,2018-05-13 13:10:00,constructor_standings_11946
27003,994,6,156.0,2,2,2018-05-27 13:10:00,constructor_standings_11947
27004,994,131,178.0,1,2,2018-05-27 13:10:00,constructor_standings_11948
27005,994,9,107.0,3,2,2018-05-27 13:10:00,constructor_standings_11949
27006,994,1,40.0,5,0,2018-05-27 13:10:00,constructor_standings_11950
27007,994,4,46.0,4,0,2018-05-27 13:10:00,constructor_standings_11951
27008,994,10,26.0,6,0,2018-05-27 13:10:00,constructor_standings_11952
27009,994,15,11.0,9,0,2018-05-27 13:10:00,constructor_standings_11953
27010,994,3,4.0,10,0,2018-05-27 13:10:00,constructor_standings_11954
27011,994,5,19.0,7,0,2018-05-27 13:10:00,constructor_standings_11955
27012,994,210,19.0,8,0,2018-05-27 13:10:00,constructor_standings_11956
27013,995,6,189.0,2,3,2018-06-10 18:10:00,constructor_standings_11957
27014,995,131,206.0,1,2,2018-06-10 18:10:00,constructor_standings_11958
27015,995,9,134.0,3,2,2018-06-10 18:10:00,constructor_standings_11959
27016,995,1,40.0,5,0,2018-06-10 18:10:00,constructor_standings_11960
27017,995,4,56.0,4,0,2018-06-10 18:10:00,constructor_standings_11961
27018,995,10,28.0,6,0,2018-06-10 18:10:00,constructor_standings_11962
27019,995,15,12.0,9,0,2018-06-10 18:10:00,constructor_standings_11963
27020,995,3,4.0,10,0,2018-06-10 18:10:00,constructor_standings_11964
27021,995,5,19.0,7,0,2018-06-10 18:10:00,constructor_standings_11965
27022,995,210,19.0,8,0,2018-06-10 18:10:00,constructor_standings_11966
27023,996,6,214.0,2,3,2018-06-24 14:10:00,constructor_standings_11967
27024,996,131,237.0,1,3,2018-06-24 14:10:00,constructor_standings_11968
27025,996,9,164.0,3,2,2018-06-24 14:10:00,constructor_standings_11969
27026,996,1,40.0,5,0,2018-06-24 14:10:00,constructor_standings_11970
27027,996,4,62.0,4,0,2018-06-24 14:10:00,constructor_standings_11971
27028,996,10,28.0,6,0,2018-06-24 14:10:00,constructor_standings_11972
27029,996,15,13.0,9,0,2018-06-24 14:10:00,constructor_standings_11973
27030,996,3,4.0,10,0,2018-06-24 14:10:00,constructor_standings_11974
27031,996,5,19.0,8,0,2018-06-24 14:10:00,constructor_standings_11975
27032,996,210,27.0,7,0,2018-06-24 14:10:00,constructor_standings_11976
27033,997,6,247.0,1,3,2018-07-01 13:10:00,constructor_standings_11977
27034,997,131,237.0,2,3,2018-07-01 13:10:00,constructor_standings_11978
27035,997,9,189.0,3,3,2018-07-01 13:10:00,constructor_standings_11979
27036,997,1,44.0,6,0,2018-07-01 13:10:00,constructor_standings_11980
27037,997,4,62.0,4,0,2018-07-01 13:10:00,constructor_standings_11981
27038,997,10,42.0,7,0,2018-07-01 13:10:00,constructor_standings_11982
27039,997,15,16.0,9,0,2018-07-01 13:10:00,constructor_standings_11983
27040,997,3,4.0,10,0,2018-07-01 13:10:00,constructor_standings_11984
27041,997,5,19.0,8,0,2018-07-01 13:10:00,constructor_standings_11985
27042,997,210,49.0,5,0,2018-07-01 13:10:00,constructor_standings_11986
27043,998,6,287.0,1,4,2018-07-08 13:10:00,constructor_standings_11987
27044,998,131,267.0,2,3,2018-07-08 13:10:00,constructor_standings_11988
27045,998,9,199.0,3,3,2018-07-08 13:10:00,constructor_standings_11989
27046,998,1,48.0,7,0,2018-07-08 13:10:00,constructor_standings_11990
27047,998,4,70.0,4,0,2018-07-08 13:10:00,constructor_standings_11991
27048,998,10,49.0,6,0,2018-07-08 13:10:00,constructor_standings_11992
27049,998,15,16.0,9,0,2018-07-08 13:10:00,constructor_standings_11993
27050,998,3,4.0,10,0,2018-07-08 13:10:00,constructor_standings_11994
27051,998,5,19.0,8,0,2018-07-08 13:10:00,constructor_standings_11995
27052,998,210,51.0,5,0,2018-07-08 13:10:00,constructor_standings_11996
27053,999,6,302.0,2,4,2018-07-22 13:10:00,constructor_standings_11997
27054,999,131,310.0,1,4,2018-07-22 13:10:00,constructor_standings_11998
27055,999,9,211.0,3,3,2018-07-22 13:10:00,constructor_standings_11999
27056,999,1,48.0,7,0,2018-07-22 13:10:00,constructor_standings_12000
27057,999,4,80.0,4,0,2018-07-22 13:10:00,constructor_standings_12001
27058,999,10,59.0,5,0,2018-07-22 13:10:00,constructor_standings_12002
27059,999,15,18.0,9,0,2018-07-22 13:10:00,constructor_standings_12003
27060,999,3,4.0,10,0,2018-07-22 13:10:00,constructor_standings_12004
27061,999,5,20.0,8,0,2018-07-22 13:10:00,constructor_standings_12005
27062,999,210,59.0,6,0,2018-07-22 13:10:00,constructor_standings_12006
27063,1000,6,335.0,2,4,2018-07-29 13:10:00,constructor_standings_12007
27064,1000,131,345.0,1,5,2018-07-29 13:10:00,constructor_standings_12008
27065,1000,9,223.0,3,3,2018-07-29 13:10:00,constructor_standings_12009
27066,1000,1,52.0,7,0,2018-07-29 13:10:00,constructor_standings_12010
27067,1000,4,82.0,4,0,2018-07-29 13:10:00,constructor_standings_12011
27068,1000,10,59.0,6,0,2018-07-29 13:10:00,constructor_standings_12012
27069,1000,15,18.0,9,0,2018-07-29 13:10:00,constructor_standings_12013
27070,1000,3,4.0,10,0,2018-07-29 13:10:00,constructor_standings_12014
27071,1000,5,28.0,8,0,2018-07-29 13:10:00,constructor_standings_12015
27072,1000,210,66.0,5,0,2018-07-29 13:10:00,constructor_standings_12016
27073,1001,6,360.0,2,5,2018-08-26 13:10:00,constructor_standings_12017
27074,1001,131,375.0,1,5,2018-08-26 13:10:00,constructor_standings_12018
27075,1001,9,238.0,3,3,2018-08-26 13:10:00,constructor_standings_12019
27076,1001,1,52.0,6,0,2018-08-26 13:10:00,constructor_standings_12020
27077,1001,4,82.0,4,0,2018-08-26 13:10:00,constructor_standings_12021
27078,1001,10,18.0,9,0,2018-08-26 13:10:00,constructor_standings_12022
27079,1001,15,19.0,8,0,2018-08-26 13:10:00,constructor_standings_12023
27080,1001,3,4.0,10,0,2018-08-26 13:10:00,constructor_standings_12024
27081,1001,5,30.0,7,0,2018-08-26 13:10:00,constructor_standings_12025
27082,1001,210,76.0,5,0,2018-08-26 13:10:00,constructor_standings_12026
27101,1002,5,30.0,8,0,2018-09-02 13:10:00,constructor_standings_12027
27100,1002,3,7.0,10,0,2018-09-02 13:10:00,constructor_standings_12028
27098,1002,10,32.0,7,0,2018-09-02 13:10:00,constructor_standings_12029
27096,1002,1,52.0,6,0,2018-09-02 13:10:00,constructor_standings_12030
27094,1002,131,415.0,1,6,2018-09-02 13:10:00,constructor_standings_12031
27102,1002,210,76.0,5,0,2018-09-02 13:10:00,constructor_standings_12032
27099,1002,15,19.0,9,0,2018-09-02 13:10:00,constructor_standings_12033
27093,1002,6,390.0,2,5,2018-09-02 13:10:00,constructor_standings_12034
27095,1002,9,248.0,3,3,2018-09-02 13:10:00,constructor_standings_12035
27097,1002,4,86.0,4,0,2018-09-02 13:10:00,constructor_standings_12036
27103,1003,6,415.0,2,5,2018-09-16 12:10:00,constructor_standings_12037
27104,1003,131,452.0,1,7,2018-09-16 12:10:00,constructor_standings_12038
27105,1003,9,274.0,3,3,2018-09-16 12:10:00,constructor_standings_12039
27106,1003,1,58.0,6,0,2018-09-16 12:10:00,constructor_standings_12040
27107,1003,4,91.0,4,0,2018-09-16 12:10:00,constructor_standings_12041
27108,1003,10,32.0,7,0,2018-09-16 12:10:00,constructor_standings_12042
27109,1003,15,21.0,9,0,2018-09-16 12:10:00,constructor_standings_12043
27110,1003,3,7.0,10,0,2018-09-16 12:10:00,constructor_standings_12044
27111,1003,5,30.0,8,0,2018-09-16 12:10:00,constructor_standings_12045
27112,1003,210,76.0,5,0,2018-09-16 12:10:00,constructor_standings_12046
27113,1004,6,442.0,2,5,2018-09-30 11:10:00,constructor_standings_12047
27114,1004,131,495.0,1,8,2018-09-30 11:10:00,constructor_standings_12048
27115,1004,9,292.0,3,3,2018-09-30 11:10:00,constructor_standings_12049
27116,1004,1,58.0,6,0,2018-09-30 11:10:00,constructor_standings_12050
27117,1004,4,91.0,4,0,2018-09-30 11:10:00,constructor_standings_12051
27118,1004,10,35.0,7,0,2018-09-30 11:10:00,constructor_standings_12052
27119,1004,15,27.0,9,0,2018-09-30 11:10:00,constructor_standings_12053
27120,1004,3,7.0,10,0,2018-09-30 11:10:00,constructor_standings_12054
27121,1004,5,30.0,8,0,2018-09-30 11:10:00,constructor_standings_12055
27122,1004,210,80.0,5,0,2018-09-30 11:10:00,constructor_standings_12056
27123,1005,6,460.0,2,5,2018-10-07 05:10:00,constructor_standings_12057
27124,1005,131,538.0,1,9,2018-10-07 05:10:00,constructor_standings_12058
27125,1005,9,319.0,3,3,2018-10-07 05:10:00,constructor_standings_12059
27126,1005,1,58.0,6,0,2018-10-07 05:10:00,constructor_standings_12060
27127,1005,4,92.0,4,0,2018-10-07 05:10:00,constructor_standings_12061
27128,1005,10,43.0,7,0,2018-10-07 05:10:00,constructor_standings_12062
27129,1005,15,27.0,9,0,2018-10-07 05:10:00,constructor_standings_12063
27130,1005,3,7.0,10,0,2018-10-07 05:10:00,constructor_standings_12064
27131,1005,5,30.0,8,0,2018-10-07 05:10:00,constructor_standings_12065
27132,1005,210,84.0,5,0,2018-10-07 05:10:00,constructor_standings_12066
27152,1006,210,84.0,5,0,2018-10-21 18:10:00,constructor_standings_12067
27151,1006,5,32.0,8,0,2018-10-21 18:10:00,constructor_standings_12068
27150,1006,3,7.0,10,0,2018-10-21 18:10:00,constructor_standings_12069
27148,1006,10,47.0,7,0,2018-10-21 18:10:00,constructor_standings_12070
27146,1006,1,58.0,6,0,2018-10-21 18:10:00,constructor_standings_12071
27144,1006,131,563.0,1,9,2018-10-21 18:10:00,constructor_standings_12072
27149,1006,15,28.0,9,0,2018-10-21 18:10:00,constructor_standings_12073
27143,1006,6,497.0,2,6,2018-10-21 18:10:00,constructor_standings_12074
27145,1006,9,337.0,3,3,2018-10-21 18:10:00,constructor_standings_12075
27147,1006,4,106.0,4,0,2018-10-21 18:10:00,constructor_standings_12076
27153,1007,6,530.0,2,6,2018-10-28 19:10:00,constructor_standings_12077
27154,1007,131,585.0,1,9,2018-10-28 19:10:00,constructor_standings_12078
27155,1007,9,362.0,3,4,2018-10-28 19:10:00,constructor_standings_12079
27156,1007,1,62.0,6,0,2018-10-28 19:10:00,constructor_standings_12080
27157,1007,4,114.0,4,0,2018-10-28 19:10:00,constructor_standings_12081
27158,1007,10,47.0,7,0,2018-10-28 19:10:00,constructor_standings_12082
27159,1007,15,36.0,8,0,2018-10-28 19:10:00,constructor_standings_12083
27160,1007,3,7.0,10,0,2018-10-28 19:10:00,constructor_standings_12084
27161,1007,5,33.0,9,0,2018-10-28 19:10:00,constructor_standings_12085
27162,1007,210,84.0,5,0,2018-10-28 19:10:00,constructor_standings_12086
27163,1008,6,553.0,2,6,2018-11-11 17:10:00,constructor_standings_12087
27164,1008,131,620.0,1,10,2018-11-11 17:10:00,constructor_standings_12088
27165,1008,9,392.0,3,4,2018-11-11 17:10:00,constructor_standings_12089
27166,1008,1,62.0,6,0,2018-11-11 17:10:00,constructor_standings_12090
27167,1008,4,114.0,4,0,2018-11-11 17:10:00,constructor_standings_12091
27168,1008,10,48.0,7,0,2018-11-11 17:10:00,constructor_standings_12092
27169,1008,15,42.0,8,0,2018-11-11 17:10:00,constructor_standings_12093
27170,1008,3,7.0,10,0,2018-11-11 17:10:00,constructor_standings_12094
27171,1008,5,33.0,9,0,2018-11-11 17:10:00,constructor_standings_12095
27172,1008,210,90.0,5,0,2018-11-11 17:10:00,constructor_standings_12096
27173,1009,6,571.0,2,6,2018-11-25 13:10:00,constructor_standings_12097
27174,1009,131,655.0,1,11,2018-11-25 13:10:00,constructor_standings_12098
27175,1009,9,419.0,3,4,2018-11-25 13:10:00,constructor_standings_12099
27176,1009,1,62.0,6,0,2018-11-25 13:10:00,constructor_standings_12100
27177,1009,4,122.0,4,0,2018-11-25 13:10:00,constructor_standings_12101
27178,1009,10,52.0,7,0,2018-11-25 13:10:00,constructor_standings_12102
27179,1009,15,48.0,8,0,2018-11-25 13:10:00,constructor_standings_12103
27180,1009,3,7.0,10,0,2018-11-25 13:10:00,constructor_standings_12104
27181,1009,5,33.0,9,0,2018-11-25 13:10:00,constructor_standings_12105
27182,1009,210,93.0,5,0,2018-11-25 13:10:00,constructor_standings_12106
27197,1010,4,6.0,5,0,2019-03-17 05:10:00,constructor_standings_12107
27196,1010,210,8.0,4,0,2019-03-17 05:10:00,constructor_standings_12108
27195,1010,6,22.0,2,0,2019-03-17 05:10:00,constructor_standings_12109
27194,1010,9,15.0,3,0,2019-03-17 05:10:00,constructor_standings_12110
27193,1010,131,44.0,1,1,2019-03-17 05:10:00,constructor_standings_12111
27198,1010,51,4.0,6,0,2019-03-17 05:10:00,constructor_standings_12112
27199,1010,211,2.0,7,0,2019-03-17 05:10:00,constructor_standings_12113
27200,1010,5,1.0,8,0,2019-03-17 05:10:00,constructor_standings_12114
27201,1010,1,0.0,9,0,2019-03-17 05:10:00,constructor_standings_12115
27202,1010,3,0.0,10,0,2019-03-17 05:10:00,constructor_standings_12116
27223,1012,131,130.0,1,3,2019-04-14 06:10:00,constructor_standings_12117
27222,1011,3,0.0,10,0,2019-03-31 15:10:00,constructor_standings_12118
27220,1011,5,3.0,8,0,2019-03-31 15:10:00,constructor_standings_12119
27215,1011,6,48.0,2,0,2019-03-31 15:10:00,constructor_standings_12120
27221,1011,1,8.0,5,0,2019-03-31 15:10:00,constructor_standings_12121
27218,1011,51,10.0,4,0,2019-03-31 15:10:00,constructor_standings_12122
27214,1011,9,31.0,3,0,2019-03-31 15:10:00,constructor_standings_12123
27219,1011,211,3.0,9,0,2019-03-31 15:10:00,constructor_standings_12124
27217,1011,4,6.0,7,0,2019-03-31 15:10:00,constructor_standings_12125
27216,1011,210,8.0,6,0,2019-03-31 15:10:00,constructor_standings_12126
27213,1011,131,87.0,1,2,2019-03-31 15:10:00,constructor_standings_12127
27224,1012,9,52.0,3,0,2019-04-14 06:10:00,constructor_standings_12128
27225,1012,6,73.0,2,0,2019-04-14 06:10:00,constructor_standings_12129
27226,1012,210,8.0,6,0,2019-04-14 06:10:00,constructor_standings_12130
27227,1012,4,12.0,4,0,2019-04-14 06:10:00,constructor_standings_12131
27228,1012,51,12.0,5,0,2019-04-14 06:10:00,constructor_standings_12132
27229,1012,211,7.0,8,0,2019-04-14 06:10:00,constructor_standings_12133
27230,1012,5,4.0,9,0,2019-04-14 06:10:00,constructor_standings_12134
27231,1012,1,8.0,7,0,2019-04-14 06:10:00,constructor_standings_12135
27232,1012,3,0.0,10,0,2019-04-14 06:10:00,constructor_standings_12136
27233,1013,131,173.0,1,4,2019-04-28 12:10:00,constructor_standings_12137
27234,1013,9,64.0,3,0,2019-04-28 12:10:00,constructor_standings_12138
27235,1013,6,99.0,2,0,2019-04-28 12:10:00,constructor_standings_12139
27236,1013,210,8.0,8,0,2019-04-28 12:10:00,constructor_standings_12140
27237,1013,4,12.0,7,0,2019-04-28 12:10:00,constructor_standings_12141
27238,1013,51,13.0,6,0,2019-04-28 12:10:00,constructor_standings_12142
27239,1013,211,17.0,5,0,2019-04-28 12:10:00,constructor_standings_12143
27240,1013,5,4.0,9,0,2019-04-28 12:10:00,constructor_standings_12144
27241,1013,1,18.0,4,0,2019-04-28 12:10:00,constructor_standings_12145
27242,1013,3,0.0,10,0,2019-04-28 12:10:00,constructor_standings_12146
27243,1014,131,217.0,1,5,2019-05-12 13:10:00,constructor_standings_12147
27244,1014,9,87.0,3,0,2019-05-12 13:10:00,constructor_standings_12148
27245,1014,6,121.0,2,0,2019-05-12 13:10:00,constructor_standings_12149
27246,1014,210,15.0,6,0,2019-05-12 13:10:00,constructor_standings_12150
27247,1014,4,12.0,8,0,2019-05-12 13:10:00,constructor_standings_12151
27248,1014,51,13.0,7,0,2019-05-12 13:10:00,constructor_standings_12152
27249,1014,211,17.0,5,0,2019-05-12 13:10:00,constructor_standings_12153
27250,1014,5,6.0,9,0,2019-05-12 13:10:00,constructor_standings_12154
27251,1014,1,22.0,4,0,2019-05-12 13:10:00,constructor_standings_12155
27252,1014,3,0.0,10,0,2019-05-12 13:10:00,constructor_standings_12156
27253,1015,131,257.0,1,6,2019-05-26 13:10:00,constructor_standings_12157
27254,1015,9,110.0,3,0,2019-05-26 13:10:00,constructor_standings_12158
27255,1015,6,139.0,2,0,2019-05-26 13:10:00,constructor_standings_12159
27256,1015,210,16.0,6,0,2019-05-26 13:10:00,constructor_standings_12160
27257,1015,4,14.0,8,0,2019-05-26 13:10:00,constructor_standings_12161
27258,1015,51,13.0,9,0,2019-05-26 13:10:00,constructor_standings_12162
27259,1015,211,17.0,5,0,2019-05-26 13:10:00,constructor_standings_12163
27260,1015,5,16.0,7,0,2019-05-26 13:10:00,constructor_standings_12164
27261,1015,1,30.0,4,0,2019-05-26 13:10:00,constructor_standings_12165
27262,1015,3,0.0,10,0,2019-05-26 13:10:00,constructor_standings_12166
27263,1016,131,295.0,1,7,2019-06-09 18:10:00,constructor_standings_12167
27264,1016,9,124.0,3,0,2019-06-09 18:10:00,constructor_standings_12168
27265,1016,6,172.0,2,0,2019-06-09 18:10:00,constructor_standings_12169
27266,1016,210,16.0,8,0,2019-06-09 18:10:00,constructor_standings_12170
27267,1016,4,28.0,5,0,2019-06-09 18:10:00,constructor_standings_12171
27268,1016,51,13.0,9,0,2019-06-09 18:10:00,constructor_standings_12172
27269,1016,211,19.0,6,0,2019-06-09 18:10:00,constructor_standings_12173
27270,1016,5,17.0,7,0,2019-06-09 18:10:00,constructor_standings_12174
27271,1016,1,30.0,4,0,2019-06-09 18:10:00,constructor_standings_12175
27272,1016,3,0.0,10,0,2019-06-09 18:10:00,constructor_standings_12176
27302,1017,3,0.0,10,0,2019-06-23 13:10:00,constructor_standings_12177
27300,1017,5,17.0,8,0,2019-06-23 13:10:00,constructor_standings_12178
27304,1018,9,169.0,3,1,2019-06-30 13:10:00,constructor_standings_12179
27303,1018,131,363.0,1,8,2019-06-30 13:10:00,constructor_standings_12180
27301,1017,1,40.0,4,0,2019-06-23 13:10:00,constructor_standings_12181
27299,1017,211,19.0,6,0,2019-06-23 13:10:00,constructor_standings_12182
27297,1017,4,32.0,5,0,2019-06-23 13:10:00,constructor_standings_12183
27298,1017,51,19.0,7,0,2019-06-23 13:10:00,constructor_standings_12184
27296,1017,210,16.0,9,0,2019-06-23 13:10:00,constructor_standings_12185
27295,1017,6,198.0,2,0,2019-06-23 13:10:00,constructor_standings_12186
27294,1017,9,137.0,3,0,2019-06-23 13:10:00,constructor_standings_12187
27293,1017,131,338.0,1,8,2019-06-23 13:10:00,constructor_standings_12188
27305,1018,6,228.0,2,0,2019-06-30 13:10:00,constructor_standings_12189
27306,1018,210,16.0,9,0,2019-06-30 13:10:00,constructor_standings_12190
27307,1018,4,32.0,5,0,2019-06-30 13:10:00,constructor_standings_12191
27308,1018,51,22.0,6,0,2019-06-30 13:10:00,constructor_standings_12192
27309,1018,211,19.0,7,0,2019-06-30 13:10:00,constructor_standings_12193
27310,1018,5,17.0,8,0,2019-06-30 13:10:00,constructor_standings_12194
27311,1018,1,52.0,4,0,2019-06-30 13:10:00,constructor_standings_12195
27312,1018,3,0.0,10,0,2019-06-30 13:10:00,constructor_standings_12196
27313,1019,131,407.0,1,9,2019-07-14 13:10:00,constructor_standings_12197
27314,1019,9,191.0,3,1,2019-07-14 13:10:00,constructor_standings_12198
27315,1019,6,243.0,2,0,2019-07-14 13:10:00,constructor_standings_12199
27316,1019,210,16.0,9,0,2019-07-14 13:10:00,constructor_standings_12200
27317,1019,4,39.0,5,0,2019-07-14 13:10:00,constructor_standings_12201
27318,1019,51,26.0,6,0,2019-07-14 13:10:00,constructor_standings_12202
27319,1019,211,19.0,7,0,2019-07-14 13:10:00,constructor_standings_12203
27320,1019,5,19.0,8,0,2019-07-14 13:10:00,constructor_standings_12204
27321,1019,1,60.0,4,0,2019-07-14 13:10:00,constructor_standings_12205
27322,1019,3,0.0,10,0,2019-07-14 13:10:00,constructor_standings_12206
27341,1020,1,70.0,4,0,2019-07-28 13:10:00,constructor_standings_12207
27340,1020,5,42.0,5,0,2019-07-28 13:10:00,constructor_standings_12208
27338,1020,51,26.0,9,0,2019-07-28 13:10:00,constructor_standings_12209
27336,1020,210,26.0,8,0,2019-07-28 13:10:00,constructor_standings_12210
27335,1020,6,261.0,2,0,2019-07-28 13:10:00,constructor_standings_12211
27342,1020,3,1.0,10,0,2019-07-28 13:10:00,constructor_standings_12212
27334,1020,9,217.0,3,2,2019-07-28 13:10:00,constructor_standings_12213
27339,1020,211,31.0,7,0,2019-07-28 13:10:00,constructor_standings_12214
27337,1020,4,39.0,6,0,2019-07-28 13:10:00,constructor_standings_12215
27333,1020,131,409.0,1,9,2019-07-28 13:10:00,constructor_standings_12216
27343,1021,131,438.0,1,10,2019-08-04 13:10:00,constructor_standings_12217
27344,1021,9,244.0,3,2,2019-08-04 13:10:00,constructor_standings_12218
27345,1021,6,288.0,2,0,2019-08-04 13:10:00,constructor_standings_12219
27346,1021,210,26.0,9,0,2019-08-04 13:10:00,constructor_standings_12220
27347,1021,4,39.0,6,0,2019-08-04 13:10:00,constructor_standings_12221
27348,1021,51,32.0,7,0,2019-08-04 13:10:00,constructor_standings_12222
27349,1021,211,31.0,8,0,2019-08-04 13:10:00,constructor_standings_12223
27350,1021,5,43.0,5,0,2019-08-04 13:10:00,constructor_standings_12224
27351,1021,1,82.0,4,0,2019-08-04 13:10:00,constructor_standings_12225
27352,1021,3,1.0,10,0,2019-08-04 13:10:00,constructor_standings_12226
27353,1022,131,471.0,1,10,2019-09-01 13:10:00,constructor_standings_12227
27354,1022,9,254.0,3,2,2019-09-01 13:10:00,constructor_standings_12228
27355,1022,6,326.0,2,1,2019-09-01 13:10:00,constructor_standings_12229
27356,1022,210,26.0,9,0,2019-09-01 13:10:00,constructor_standings_12230
27357,1022,4,43.0,6,0,2019-09-01 13:10:00,constructor_standings_12231
27358,1022,51,32.0,8,0,2019-09-01 13:10:00,constructor_standings_12232
27359,1022,211,40.0,7,0,2019-09-01 13:10:00,constructor_standings_12233
27360,1022,5,51.0,5,0,2019-09-01 13:10:00,constructor_standings_12234
27361,1022,1,82.0,4,0,2019-09-01 13:10:00,constructor_standings_12235
27362,1022,3,1.0,10,0,2019-09-01 13:10:00,constructor_standings_12236
27363,1023,131,505.0,1,10,2019-09-08 13:10:00,constructor_standings_12237
27364,1023,9,266.0,3,2,2019-09-08 13:10:00,constructor_standings_12238
27365,1023,6,351.0,2,2,2019-09-08 13:10:00,constructor_standings_12239
27366,1023,210,26.0,9,0,2019-09-08 13:10:00,constructor_standings_12240
27367,1023,4,65.0,5,0,2019-09-08 13:10:00,constructor_standings_12241
27368,1023,51,34.0,8,0,2019-09-08 13:10:00,constructor_standings_12242
27369,1023,211,46.0,7,0,2019-09-08 13:10:00,constructor_standings_12243
27370,1023,5,51.0,6,0,2019-09-08 13:10:00,constructor_standings_12244
27371,1023,1,83.0,4,0,2019-09-08 13:10:00,constructor_standings_12245
27372,1023,3,1.0,10,0,2019-09-08 13:10:00,constructor_standings_12246
27373,1024,131,527.0,1,10,2019-09-22 12:10:00,constructor_standings_12247
27374,1024,9,289.0,3,2,2019-09-22 12:10:00,constructor_standings_12248
27375,1024,6,394.0,2,3,2019-09-22 12:10:00,constructor_standings_12249
27376,1024,210,26.0,9,0,2019-09-22 12:10:00,constructor_standings_12250
27377,1024,4,67.0,5,0,2019-09-22 12:10:00,constructor_standings_12251
27378,1024,51,35.0,8,0,2019-09-22 12:10:00,constructor_standings_12252
27379,1024,211,46.0,7,0,2019-09-22 12:10:00,constructor_standings_12253
27380,1024,5,55.0,6,0,2019-09-22 12:10:00,constructor_standings_12254
27381,1024,1,89.0,4,0,2019-09-22 12:10:00,constructor_standings_12255
27382,1024,3,1.0,10,0,2019-09-22 12:10:00,constructor_standings_12256
27383,1025,131,571.0,1,11,2019-09-29 11:10:00,constructor_standings_12257
27384,1025,9,311.0,3,2,2019-09-29 11:10:00,constructor_standings_12258
27385,1025,6,409.0,2,3,2019-09-29 11:10:00,constructor_standings_12259
27386,1025,210,28.0,9,0,2019-09-29 11:10:00,constructor_standings_12260
27387,1025,4,68.0,5,0,2019-09-29 11:10:00,constructor_standings_12261
27388,1025,51,35.0,8,0,2019-09-29 11:10:00,constructor_standings_12262
27389,1025,211,52.0,7,0,2019-09-29 11:10:00,constructor_standings_12263
27390,1025,5,55.0,6,0,2019-09-29 11:10:00,constructor_standings_12264
27391,1025,1,101.0,4,0,2019-09-29 11:10:00,constructor_standings_12265
27392,1025,3,1.0,10,0,2019-09-29 11:10:00,constructor_standings_12266
27422,1026,3,1.0,10,0,2019-10-13 05:10:00,constructor_standings_12267
27421,1026,1,111.0,4,0,2019-10-13 05:10:00,constructor_standings_12268
27420,1026,5,62.0,6,0,2019-10-13 05:10:00,constructor_standings_12269
27419,1026,211,58.0,7,0,2019-10-13 05:10:00,constructor_standings_12270
27418,1026,51,35.0,8,0,2019-10-13 05:10:00,constructor_standings_12271
27415,1026,6,435.0,2,3,2019-10-13 05:10:00,constructor_standings_12272
27414,1026,9,323.0,3,2,2019-10-13 05:10:00,constructor_standings_12273
27416,1026,210,28.0,9,0,2019-10-13 05:10:00,constructor_standings_12274
27417,1026,4,68.0,5,0,2019-10-13 05:10:00,constructor_standings_12275
27413,1026,131,612.0,1,12,2019-10-13 05:10:00,constructor_standings_12276
27432,1027,3,1.0,10,0,2019-10-27 19:10:00,constructor_standings_12277
27431,1027,1,111.0,4,0,2019-10-27 19:10:00,constructor_standings_12278
27430,1027,5,64.0,6,0,2019-10-27 19:10:00,constructor_standings_12279
27429,1027,211,64.0,7,0,2019-10-27 19:10:00,constructor_standings_12280
27428,1027,51,35.0,8,0,2019-10-27 19:10:00,constructor_standings_12281
27425,1027,6,466.0,2,3,2019-10-27 19:10:00,constructor_standings_12282
27424,1027,9,341.0,3,2,2019-10-27 19:10:00,constructor_standings_12283
27426,1027,210,28.0,9,0,2019-10-27 19:10:00,constructor_standings_12284
27427,1027,4,73.0,5,0,2019-10-27 19:10:00,constructor_standings_12285
27423,1027,131,652.0,1,13,2019-10-27 19:10:00,constructor_standings_12286
27433,1028,131,695.0,1,14,2019-11-03 19:10:00,constructor_standings_12287
27434,1028,9,366.0,3,2,2019-11-03 19:10:00,constructor_standings_12288
27435,1028,6,479.0,2,3,2019-11-03 19:10:00,constructor_standings_12289
27436,1028,210,28.0,9,0,2019-11-03 19:10:00,constructor_standings_12290
27437,1028,4,83.0,5,0,2019-11-03 19:10:00,constructor_standings_12291
27438,1028,51,35.0,8,0,2019-11-03 19:10:00,constructor_standings_12292
27439,1028,211,65.0,6,0,2019-11-03 19:10:00,constructor_standings_12293
27440,1028,5,64.0,7,0,2019-11-03 19:10:00,constructor_standings_12294
27441,1028,1,121.0,4,0,2019-11-03 19:10:00,constructor_standings_12295
27442,1028,3,1.0,10,0,2019-11-03 19:10:00,constructor_standings_12296
27443,1029,131,701.0,1,14,2019-11-17 17:10:00,constructor_standings_12297
27444,1029,9,391.0,3,3,2019-11-17 17:10:00,constructor_standings_12298
27445,1029,6,479.0,2,3,2019-11-17 17:10:00,constructor_standings_12299
27446,1029,210,28.0,9,0,2019-11-17 17:10:00,constructor_standings_12300
27447,1029,4,91.0,5,0,2019-11-17 17:10:00,constructor_standings_12301
27448,1029,51,57.0,8,0,2019-11-17 17:10:00,constructor_standings_12302
27449,1029,211,67.0,7,0,2019-11-17 17:10:00,constructor_standings_12303
27450,1029,5,83.0,6,0,2019-11-17 17:10:00,constructor_standings_12304
27451,1029,1,140.0,4,0,2019-11-17 17:10:00,constructor_standings_12305
27452,1029,3,1.0,10,0,2019-11-17 17:10:00,constructor_standings_12306
27453,1030,131,739.0,1,15,2019-12-01 13:10:00,constructor_standings_12307
27454,1030,9,417.0,3,3,2019-12-01 13:10:00,constructor_standings_12308
27455,1030,6,504.0,2,3,2019-12-01 13:10:00,constructor_standings_12309
27456,1030,210,28.0,9,0,2019-12-01 13:10:00,constructor_standings_12310
27457,1030,4,91.0,5,0,2019-12-01 13:10:00,constructor_standings_12311
27458,1030,51,57.0,8,0,2019-12-01 13:10:00,constructor_standings_12312
27459,1030,211,73.0,7,0,2019-12-01 13:10:00,constructor_standings_12313
27460,1030,5,85.0,6,0,2019-12-01 13:10:00,constructor_standings_12314
27461,1030,1,145.0,4,0,2019-12-01 13:10:00,constructor_standings_12315
27462,1030,3,1.0,10,0,2019-12-01 13:10:00,constructor_standings_12316
27522,1034,210,1.0,9,0,2020-08-02 13:10:00,constructor_standings_12317
27521,1034,9,78.0,2,0,2020-08-02 13:10:00,constructor_standings_12318
27520,1034,3,0.0,10,0,2020-08-02 13:10:00,constructor_standings_12319
27519,1034,51,2.0,8,0,2020-08-02 13:10:00,constructor_standings_12320
27518,1034,4,32.0,6,0,2020-08-02 13:10:00,constructor_standings_12321
27517,1034,213,13.0,7,0,2020-08-02 13:10:00,constructor_standings_12322
27516,1034,211,42.0,5,0,2020-08-02 13:10:00,constructor_standings_12323
27515,1034,1,51.0,3,0,2020-08-02 13:10:00,constructor_standings_12324
27514,1034,6,43.0,4,0,2020-08-02 13:10:00,constructor_standings_12325
27513,1034,131,146.0,1,4,2020-08-02 13:10:00,constructor_standings_12326
27583,1040,131,366.0,1,8,2020-09-27 11:10:00,constructor_standings_12327
27582,1031,210,0.0,10,0,2020-07-05 13:10:00,constructor_standings_12328
27581,1031,9,0.0,9,0,2020-07-05 13:10:00,constructor_standings_12329
27580,1031,3,0.0,8,0,2020-07-05 13:10:00,constructor_standings_12330
27579,1031,51,2.0,7,0,2020-07-05 13:10:00,constructor_standings_12331
27578,1031,4,4.0,6,0,2020-07-05 13:10:00,constructor_standings_12332
27577,1031,213,6.0,5,0,2020-07-05 13:10:00,constructor_standings_12333
27576,1031,211,8.0,4,0,2020-07-05 13:10:00,constructor_standings_12334
27575,1031,1,26.0,2,0,2020-07-05 13:10:00,constructor_standings_12335
27574,1031,6,19.0,3,0,2020-07-05 13:10:00,constructor_standings_12336
27573,1031,131,37.0,1,1,2020-07-05 13:10:00,constructor_standings_12337
27483,1032,131,80.0,1,2,2020-07-12 13:10:00,constructor_standings_12338
27484,1032,6,19.0,5,0,2020-07-12 13:10:00,constructor_standings_12339
27485,1032,1,39.0,2,0,2020-07-12 13:10:00,constructor_standings_12340
27486,1032,211,22.0,4,0,2020-07-12 13:10:00,constructor_standings_12341
27487,1032,213,7.0,7,0,2020-07-12 13:10:00,constructor_standings_12342
27488,1032,4,8.0,6,0,2020-07-12 13:10:00,constructor_standings_12343
27489,1032,51,2.0,8,0,2020-07-12 13:10:00,constructor_standings_12344
27490,1032,3,0.0,9,0,2020-07-12 13:10:00,constructor_standings_12345
27491,1032,9,27.0,3,0,2020-07-12 13:10:00,constructor_standings_12346
27492,1032,210,0.0,10,0,2020-07-12 13:10:00,constructor_standings_12347
27511,1033,9,55.0,2,0,2020-07-19 13:10:00,constructor_standings_12348
27510,1033,3,0.0,10,0,2020-07-19 13:10:00,constructor_standings_12349
27508,1033,4,12.0,6,0,2020-07-19 13:10:00,constructor_standings_12350
27507,1033,213,7.0,7,0,2020-07-19 13:10:00,constructor_standings_12351
27506,1033,211,40.0,4,0,2020-07-19 13:10:00,constructor_standings_12352
27504,1033,6,27.0,5,0,2020-07-19 13:10:00,constructor_standings_12353
27505,1033,1,41.0,3,0,2020-07-19 13:10:00,constructor_standings_12354
27512,1033,210,1.0,9,0,2020-07-19 13:10:00,constructor_standings_12355
27509,1033,51,2.0,8,0,2020-07-19 13:10:00,constructor_standings_12356
27503,1033,131,121.0,1,3,2020-07-19 13:10:00,constructor_standings_12357
27523,1035,131,180.0,1,4,2020-08-09 13:10:00,constructor_standings_12358
27524,1035,6,55.0,3,0,2020-08-09 13:10:00,constructor_standings_12359
27525,1035,1,53.0,4,0,2020-08-09 13:10:00,constructor_standings_12360
27526,1035,211,41.0,5,0,2020-08-09 13:10:00,constructor_standings_12361
27527,1035,213,14.0,7,0,2020-08-09 13:10:00,constructor_standings_12362
27528,1035,4,36.0,6,0,2020-08-09 13:10:00,constructor_standings_12363
27529,1035,51,2.0,8,0,2020-08-09 13:10:00,constructor_standings_12364
27530,1035,3,0.0,10,0,2020-08-09 13:10:00,constructor_standings_12365
27531,1035,9,113.0,2,1,2020-08-09 13:10:00,constructor_standings_12366
27532,1035,210,1.0,9,0,2020-08-09 13:10:00,constructor_standings_12367
27533,1036,131,221.0,1,5,2020-08-16 13:10:00,constructor_standings_12368
27534,1036,6,61.0,5,0,2020-08-16 13:10:00,constructor_standings_12369
27535,1036,1,62.0,4,0,2020-08-16 13:10:00,constructor_standings_12370
27536,1036,211,63.0,3,0,2020-08-16 13:10:00,constructor_standings_12371
27537,1036,213,16.0,7,0,2020-08-16 13:10:00,constructor_standings_12372
27538,1036,4,36.0,6,0,2020-08-16 13:10:00,constructor_standings_12373
27539,1036,51,2.0,8,0,2020-08-16 13:10:00,constructor_standings_12374
27540,1036,3,0.0,10,0,2020-08-16 13:10:00,constructor_standings_12375
27541,1036,9,135.0,2,1,2020-08-16 13:10:00,constructor_standings_12376
27542,1036,210,1.0,9,0,2020-08-16 13:10:00,constructor_standings_12377
27543,1037,131,264.0,1,6,2020-08-30 13:10:00,constructor_standings_12378
27544,1037,6,61.0,5,0,2020-08-30 13:10:00,constructor_standings_12379
27545,1037,1,68.0,3,0,2020-08-30 13:10:00,constructor_standings_12380
27546,1037,211,66.0,4,0,2020-08-30 13:10:00,constructor_standings_12381
27547,1037,213,20.0,7,0,2020-08-30 13:10:00,constructor_standings_12382
27548,1037,4,59.0,6,0,2020-08-30 13:10:00,constructor_standings_12383
27549,1037,51,2.0,8,0,2020-08-30 13:10:00,constructor_standings_12384
27550,1037,3,0.0,10,0,2020-08-30 13:10:00,constructor_standings_12385
27551,1037,9,158.0,2,1,2020-08-30 13:10:00,constructor_standings_12386
27552,1037,210,1.0,9,0,2020-08-30 13:10:00,constructor_standings_12387
27553,1038,131,281.0,1,6,2020-09-06 13:10:00,constructor_standings_12388
27554,1038,6,61.0,6,0,2020-09-06 13:10:00,constructor_standings_12389
27555,1038,1,98.0,3,0,2020-09-06 13:10:00,constructor_standings_12390
27556,1038,211,82.0,4,0,2020-09-06 13:10:00,constructor_standings_12391
27557,1038,213,47.0,7,1,2020-09-06 13:10:00,constructor_standings_12392
27558,1038,4,71.0,5,0,2020-09-06 13:10:00,constructor_standings_12393
27559,1038,51,2.0,8,0,2020-09-06 13:10:00,constructor_standings_12394
27560,1038,3,0.0,10,0,2020-09-06 13:10:00,constructor_standings_12395
27561,1038,9,158.0,2,1,2020-09-06 13:10:00,constructor_standings_12396
27562,1038,210,1.0,9,0,2020-09-06 13:10:00,constructor_standings_12397
27563,1039,131,325.0,1,7,2020-09-13 13:10:00,constructor_standings_12398
27564,1039,6,66.0,6,0,2020-09-13 13:10:00,constructor_standings_12399
27565,1039,1,106.0,3,0,2020-09-13 13:10:00,constructor_standings_12400
27566,1039,211,92.0,4,0,2020-09-13 13:10:00,constructor_standings_12401
27567,1039,213,53.0,7,1,2020-09-13 13:10:00,constructor_standings_12402
27568,1039,4,83.0,5,0,2020-09-13 13:10:00,constructor_standings_12403
27569,1039,51,4.0,8,0,2020-09-13 13:10:00,constructor_standings_12404
27570,1039,3,0.0,10,0,2020-09-13 13:10:00,constructor_standings_12405
27571,1039,9,173.0,2,1,2020-09-13 13:10:00,constructor_standings_12406
27572,1039,210,1.0,9,0,2020-09-13 13:10:00,constructor_standings_12407
27584,1040,6,74.0,6,0,2020-09-27 11:10:00,constructor_standings_12408
27585,1040,1,106.0,3,0,2020-09-27 11:10:00,constructor_standings_12409
27586,1040,211,104.0,4,0,2020-09-27 11:10:00,constructor_standings_12410
27587,1040,213,59.0,7,1,2020-09-27 11:10:00,constructor_standings_12411
27588,1040,4,99.0,5,0,2020-09-27 11:10:00,constructor_standings_12412
27589,1040,51,4.0,8,0,2020-09-27 11:10:00,constructor_standings_12413
27590,1040,3,0.0,10,0,2020-09-27 11:10:00,constructor_standings_12414
27591,1040,9,192.0,2,1,2020-09-27 11:10:00,constructor_standings_12415
27592,1040,210,1.0,9,0,2020-09-27 11:10:00,constructor_standings_12416
27593,1041,131,391.0,1,9,2020-10-11 13:10:00,constructor_standings_12417
27594,1041,6,80.0,6,0,2020-10-11 13:10:00,constructor_standings_12418
27595,1041,1,116.0,4,0,2020-10-11 13:10:00,constructor_standings_12419
27596,1041,211,120.0,3,0,2020-10-11 13:10:00,constructor_standings_12420
27597,1041,213,67.0,7,1,2020-10-11 13:10:00,constructor_standings_12421
27598,1041,4,114.0,5,0,2020-10-11 13:10:00,constructor_standings_12422
27599,1041,51,5.0,8,0,2020-10-11 13:10:00,constructor_standings_12423
27600,1041,3,0.0,10,0,2020-10-11 13:10:00,constructor_standings_12424
27601,1041,9,211.0,2,1,2020-10-11 13:10:00,constructor_standings_12425
27602,1041,210,3.0,9,0,2020-10-11 13:10:00,constructor_standings_12426
27603,1042,131,435.0,1,10,2020-10-25 12:10:00,constructor_standings_12427
27604,1042,6,93.0,6,0,2020-10-25 12:10:00,constructor_standings_12428
27605,1042,1,124.0,4,0,2020-10-25 12:10:00,constructor_standings_12429
27606,1042,211,126.0,3,0,2020-10-25 12:10:00,constructor_standings_12430
27607,1042,213,77.0,7,1,2020-10-25 12:10:00,constructor_standings_12431
27608,1042,4,120.0,5,0,2020-10-25 12:10:00,constructor_standings_12432
27609,1042,51,5.0,8,0,2020-10-25 12:10:00,constructor_standings_12433
27610,1042,3,0.0,10,0,2020-10-25 12:10:00,constructor_standings_12434
27611,1042,9,226.0,2,1,2020-10-25 12:10:00,constructor_standings_12435
27612,1042,210,3.0,9,0,2020-10-25 12:10:00,constructor_standings_12436
27613,1043,131,479.0,1,11,2020-11-01 12:10:00,constructor_standings_12437
27614,1043,6,103.0,6,0,2020-11-01 12:10:00,constructor_standings_12438
27615,1043,1,134.0,4,0,2020-11-01 12:10:00,constructor_standings_12439
27616,1043,211,134.0,5,0,2020-11-01 12:10:00,constructor_standings_12440
27617,1043,213,89.0,7,1,2020-11-01 12:10:00,constructor_standings_12441
27618,1043,4,135.0,3,0,2020-11-01 12:10:00,constructor_standings_12442
27619,1043,51,8.0,8,0,2020-11-01 12:10:00,constructor_standings_12443
27620,1043,3,0.0,10,0,2020-11-01 12:10:00,constructor_standings_12444
27621,1043,9,226.0,2,1,2020-11-01 12:10:00,constructor_standings_12445
27622,1043,210,3.0,9,0,2020-11-01 12:10:00,constructor_standings_12446
27623,1044,131,504.0,1,12,2020-11-15 10:10:00,constructor_standings_12447
27624,1044,6,130.0,6,0,2020-11-15 10:10:00,constructor_standings_12448
27625,1044,1,149.0,4,0,2020-11-15 10:10:00,constructor_standings_12449
27626,1044,211,154.0,3,0,2020-11-15 10:10:00,constructor_standings_12450
27627,1044,213,89.0,7,1,2020-11-15 10:10:00,constructor_standings_12451
27628,1044,4,136.0,5,0,2020-11-15 10:10:00,constructor_standings_12452
27629,1044,51,8.0,8,0,2020-11-15 10:10:00,constructor_standings_12453
27630,1044,3,0.0,10,0,2020-11-15 10:10:00,constructor_standings_12454
27631,1044,9,240.0,2,1,2020-11-15 10:10:00,constructor_standings_12455
27632,1044,210,3.0,9,0,2020-11-15 10:10:00,constructor_standings_12456
27633,1045,131,533.0,1,13,2020-11-29 14:10:00,constructor_standings_12457
27634,1045,6,131.0,6,0,2020-11-29 14:10:00,constructor_standings_12458
27635,1045,1,171.0,3,0,2020-11-29 14:10:00,constructor_standings_12459
27636,1045,211,154.0,4,0,2020-11-29 14:10:00,constructor_standings_12460
27637,1045,213,97.0,7,1,2020-11-29 14:10:00,constructor_standings_12461
27638,1045,4,144.0,5,0,2020-11-29 14:10:00,constructor_standings_12462
27639,1045,51,8.0,8,0,2020-11-29 14:10:00,constructor_standings_12463
27640,1045,3,0.0,10,0,2020-11-29 14:10:00,constructor_standings_12464
27641,1045,9,274.0,2,1,2020-11-29 14:10:00,constructor_standings_12465
27642,1045,210,3.0,9,0,2020-11-29 14:10:00,constructor_standings_12466
27643,1046,131,540.0,1,13,2020-12-06 17:10:00,constructor_standings_12467
27644,1046,6,131.0,6,0,2020-12-06 17:10:00,constructor_standings_12468
27645,1046,1,184.0,4,0,2020-12-06 17:10:00,constructor_standings_12469
27646,1046,211,194.0,3,1,2020-12-06 17:10:00,constructor_standings_12470
27647,1046,213,103.0,7,1,2020-12-06 17:10:00,constructor_standings_12471
27648,1046,4,172.0,5,0,2020-12-06 17:10:00,constructor_standings_12472
27649,1046,51,8.0,8,0,2020-12-06 17:10:00,constructor_standings_12473
27650,1046,3,0.0,10,0,2020-12-06 17:10:00,constructor_standings_12474
27651,1046,9,282.0,2,1,2020-12-06 17:10:00,constructor_standings_12475
27652,1046,210,3.0,9,0,2020-12-06 17:10:00,constructor_standings_12476
27653,1047,131,573.0,1,13,2020-12-13 13:10:00,constructor_standings_12477
27654,1047,6,131.0,6,0,2020-12-13 13:10:00,constructor_standings_12478
27655,1047,1,202.0,3,0,2020-12-13 13:10:00,constructor_standings_12479
27656,1047,211,195.0,4,1,2020-12-13 13:10:00,constructor_standings_12480
27657,1047,213,107.0,7,1,2020-12-13 13:10:00,constructor_standings_12481
27658,1047,4,181.0,5,0,2020-12-13 13:10:00,constructor_standings_12482
27659,1047,51,8.0,8,0,2020-12-13 13:10:00,constructor_standings_12483
27660,1047,3,0.0,10,0,2020-12-13 13:10:00,constructor_standings_12484
27661,1047,9,319.0,2,2,2020-12-13 13:10:00,constructor_standings_12485
27662,1047,210,3.0,9,0,2020-12-13 13:10:00,constructor_standings_12486
27912,1051,210,0.0,10,0,2021-11-21 14:00:00,constructor_standings_12487
27911,1051,3,23.0,8,0,2021-11-21 14:00:00,constructor_standings_12488
27910,1051,214,137.0,5,1,2021-11-21 14:00:00,constructor_standings_12489
27909,1051,51,11.0,9,0,2021-11-21 14:00:00,constructor_standings_12490
27908,1051,117,77.0,7,0,2021-11-21 14:00:00,constructor_standings_12491
27907,1051,213,112.0,6,0,2021-11-21 14:00:00,constructor_standings_12492
27906,1051,6,297.5,3,0,2021-11-21 14:00:00,constructor_standings_12493
27905,1051,1,258.0,4,1,2021-11-21 14:00:00,constructor_standings_12494
27904,1051,9,541.5,2,10,2021-11-21 14:00:00,constructor_standings_12495
27903,1051,131,546.5,1,8,2021-11-21 14:00:00,constructor_standings_12496
27673,1052,131,41.0,1,1,2021-03-28 15:00:00,constructor_standings_12497
27674,1052,9,28.0,2,0,2021-03-28 15:00:00,constructor_standings_12498
27675,1052,1,18.0,3,0,2021-03-28 15:00:00,constructor_standings_12499
27676,1052,6,12.0,4,0,2021-03-28 15:00:00,constructor_standings_12500
27677,1052,213,2.0,5,0,2021-03-28 15:00:00,constructor_standings_12501
27678,1052,117,1.0,6,0,2021-03-28 15:00:00,constructor_standings_12502
27679,1052,51,0.0,7,0,2021-03-28 15:00:00,constructor_standings_12503
27680,1052,214,0.0,8,0,2021-03-28 15:00:00,constructor_standings_12504
27681,1052,3,0.0,9,0,2021-03-28 15:00:00,constructor_standings_12505
27682,1052,210,0.0,10,0,2021-03-28 15:00:00,constructor_standings_12506
27711,1053,3,0.0,9,0,2021-04-18 13:00:00,constructor_standings_12507
27709,1053,51,0.0,8,0,2021-04-18 13:00:00,constructor_standings_12508
27712,1053,210,0.0,10,0,2021-04-18 13:00:00,constructor_standings_12509
27704,1053,9,53.0,2,1,2021-04-18 13:00:00,constructor_standings_12510
27705,1053,1,41.0,3,0,2021-04-18 13:00:00,constructor_standings_12511
27710,1053,214,3.0,7,0,2021-04-18 13:00:00,constructor_standings_12512
27708,1053,117,5.0,6,0,2021-04-18 13:00:00,constructor_standings_12513
27707,1053,213,8.0,5,0,2021-04-18 13:00:00,constructor_standings_12514
27706,1053,6,34.0,4,0,2021-04-18 13:00:00,constructor_standings_12515
27703,1053,131,60.0,1,1,2021-04-18 13:00:00,constructor_standings_12516
27713,1054,131,101.0,1,2,2021-05-02 14:00:00,constructor_standings_12517
27714,1054,9,83.0,2,1,2021-05-02 14:00:00,constructor_standings_12518
27715,1054,1,53.0,3,0,2021-05-02 14:00:00,constructor_standings_12519
27716,1054,6,42.0,4,0,2021-05-02 14:00:00,constructor_standings_12520
27717,1054,213,9.0,6,0,2021-05-02 14:00:00,constructor_standings_12521
27718,1054,117,5.0,7,0,2021-05-02 14:00:00,constructor_standings_12522
27719,1054,51,0.0,8,0,2021-05-02 14:00:00,constructor_standings_12523
27720,1054,214,13.0,5,0,2021-05-02 14:00:00,constructor_standings_12524
27721,1054,3,0.0,9,0,2021-05-02 14:00:00,constructor_standings_12525
27722,1054,210,0.0,10,0,2021-05-02 14:00:00,constructor_standings_12526
27723,1055,131,141.0,1,3,2021-05-09 13:00:00,constructor_standings_12527
27724,1055,9,112.0,2,1,2021-05-09 13:00:00,constructor_standings_12528
27725,1055,1,65.0,3,0,2021-05-09 13:00:00,constructor_standings_12529
27726,1055,6,60.0,4,0,2021-05-09 13:00:00,constructor_standings_12530
27727,1055,213,10.0,6,0,2021-05-09 13:00:00,constructor_standings_12531
27728,1055,117,5.0,7,0,2021-05-09 13:00:00,constructor_standings_12532
27729,1055,51,0.0,8,0,2021-05-09 13:00:00,constructor_standings_12533
27730,1055,214,15.0,5,0,2021-05-09 13:00:00,constructor_standings_12534
27731,1055,3,0.0,9,0,2021-05-09 13:00:00,constructor_standings_12535
27732,1055,210,0.0,10,0,2021-05-09 13:00:00,constructor_standings_12536
27733,1056,131,148.0,2,3,2021-05-23 13:00:00,constructor_standings_12537
27734,1056,9,149.0,1,2,2021-05-23 13:00:00,constructor_standings_12538
27735,1056,1,80.0,3,0,2021-05-23 13:00:00,constructor_standings_12539
27736,1056,6,78.0,4,0,2021-05-23 13:00:00,constructor_standings_12540
27737,1056,213,18.0,6,0,2021-05-23 13:00:00,constructor_standings_12541
27738,1056,117,19.0,5,0,2021-05-23 13:00:00,constructor_standings_12542
27739,1056,51,1.0,8,0,2021-05-23 13:00:00,constructor_standings_12543
27740,1056,214,17.0,7,0,2021-05-23 13:00:00,constructor_standings_12544
27741,1056,3,0.0,9,0,2021-05-23 13:00:00,constructor_standings_12545
27742,1056,210,0.0,10,0,2021-05-23 13:00:00,constructor_standings_12546
27743,1057,131,148.0,2,3,2021-06-06 12:00:00,constructor_standings_12547
27744,1057,9,174.0,1,3,2021-06-06 12:00:00,constructor_standings_12548
27745,1057,1,92.0,4,0,2021-06-06 12:00:00,constructor_standings_12549
27746,1057,6,94.0,3,0,2021-06-06 12:00:00,constructor_standings_12550
27747,1057,213,39.0,5,0,2021-06-06 12:00:00,constructor_standings_12551
27748,1057,117,37.0,6,0,2021-06-06 12:00:00,constructor_standings_12552
27749,1057,51,2.0,8,0,2021-06-06 12:00:00,constructor_standings_12553
27750,1057,214,25.0,7,0,2021-06-06 12:00:00,constructor_standings_12554
27751,1057,3,0.0,10,0,2021-06-06 12:00:00,constructor_standings_12555
27752,1057,210,0.0,9,0,2021-06-06 12:00:00,constructor_standings_12556
27753,1059,131,178.0,2,3,2021-06-20 13:00:00,constructor_standings_12557
27754,1059,9,215.0,1,4,2021-06-20 13:00:00,constructor_standings_12558
27755,1059,1,110.0,3,0,2021-06-20 13:00:00,constructor_standings_12559
27756,1059,6,94.0,4,0,2021-06-20 13:00:00,constructor_standings_12560
27757,1059,213,45.0,5,0,2021-06-20 13:00:00,constructor_standings_12561
27758,1059,117,40.0,6,0,2021-06-20 13:00:00,constructor_standings_12562
27759,1059,51,2.0,8,0,2021-06-20 13:00:00,constructor_standings_12563
27760,1059,214,29.0,7,0,2021-06-20 13:00:00,constructor_standings_12564
27761,1059,3,0.0,9,0,2021-06-20 13:00:00,constructor_standings_12565
27762,1059,210,0.0,10,0,2021-06-20 13:00:00,constructor_standings_12566
27763,1058,131,212.0,2,3,2021-06-27 13:00:00,constructor_standings_12567
27764,1058,9,252.0,1,5,2021-06-27 13:00:00,constructor_standings_12568
27765,1058,1,120.0,3,0,2021-06-27 13:00:00,constructor_standings_12569
27766,1058,6,108.0,4,0,2021-06-27 13:00:00,constructor_standings_12570
27767,1058,213,46.0,5,0,2021-06-27 13:00:00,constructor_standings_12571
27768,1058,117,44.0,6,0,2021-06-27 13:00:00,constructor_standings_12572
27769,1058,51,2.0,8,0,2021-06-27 13:00:00,constructor_standings_12573
27770,1058,214,31.0,7,0,2021-06-27 13:00:00,constructor_standings_12574
27771,1058,3,0.0,9,0,2021-06-27 13:00:00,constructor_standings_12575
27772,1058,210,0.0,10,0,2021-06-27 13:00:00,constructor_standings_12576
27792,1060,210,0.0,10,0,2021-07-04 13:00:00,constructor_standings_12577
27787,1060,213,48.0,5,0,2021-07-04 13:00:00,constructor_standings_12578
27786,1060,6,122.0,4,0,2021-07-04 13:00:00,constructor_standings_12579
27791,1060,3,0.0,9,0,2021-07-04 13:00:00,constructor_standings_12580
27790,1060,214,32.0,7,0,2021-07-04 13:00:00,constructor_standings_12581
27789,1060,51,2.0,8,0,2021-07-04 13:00:00,constructor_standings_12582
27788,1060,117,44.0,6,0,2021-07-04 13:00:00,constructor_standings_12583
27785,1060,1,141.0,3,0,2021-07-04 13:00:00,constructor_standings_12584
27784,1060,9,286.0,1,6,2021-07-04 13:00:00,constructor_standings_12585
27783,1060,131,242.0,2,3,2021-07-04 13:00:00,constructor_standings_12586
27793,1061,131,285.0,2,4,2021-07-18 14:00:00,constructor_standings_12587
27794,1061,9,289.0,1,6,2021-07-18 14:00:00,constructor_standings_12588
27795,1061,1,163.0,3,0,2021-07-18 14:00:00,constructor_standings_12589
27796,1061,6,148.0,4,0,2021-07-18 14:00:00,constructor_standings_12590
27797,1061,213,49.0,5,0,2021-07-18 14:00:00,constructor_standings_12591
27798,1061,117,48.0,6,0,2021-07-18 14:00:00,constructor_standings_12592
27799,1061,51,2.0,8,0,2021-07-18 14:00:00,constructor_standings_12593
27800,1061,214,40.0,7,0,2021-07-18 14:00:00,constructor_standings_12594
27801,1061,3,0.0,9,0,2021-07-18 14:00:00,constructor_standings_12595
27802,1061,210,0.0,10,0,2021-07-18 14:00:00,constructor_standings_12596
27820,1062,214,77.0,5,1,2021-08-01 13:00:00,constructor_standings_12597
27819,1062,51,3.0,9,0,2021-08-01 13:00:00,constructor_standings_12598
27818,1062,117,48.0,7,0,2021-08-01 13:00:00,constructor_standings_12599
27817,1062,213,68.0,6,0,2021-08-01 13:00:00,constructor_standings_12600
27815,1062,1,163.0,4,0,2021-08-01 13:00:00,constructor_standings_12601
27822,1062,210,0.0,10,0,2021-08-01 13:00:00,constructor_standings_12602
27821,1062,3,10.0,8,0,2021-08-01 13:00:00,constructor_standings_12603
27816,1062,6,163.0,3,0,2021-08-01 13:00:00,constructor_standings_12604
27814,1062,9,291.0,2,6,2021-08-01 13:00:00,constructor_standings_12605
27813,1062,131,303.0,1,4,2021-08-01 13:00:00,constructor_standings_12606
27823,1063,131,310.5,1,4,2021-08-29 13:00:00,constructor_standings_12607
27824,1063,9,303.5,2,7,2021-08-29 13:00:00,constructor_standings_12608
27825,1063,1,169.0,3,0,2021-08-29 13:00:00,constructor_standings_12609
27826,1063,6,165.5,4,0,2021-08-29 13:00:00,constructor_standings_12610
27827,1063,213,72.0,6,0,2021-08-29 13:00:00,constructor_standings_12611
27828,1063,117,53.0,7,0,2021-08-29 13:00:00,constructor_standings_12612
27829,1063,51,3.0,9,0,2021-08-29 13:00:00,constructor_standings_12613
27830,1063,214,80.0,5,1,2021-08-29 13:00:00,constructor_standings_12614
27831,1063,3,20.0,8,0,2021-08-29 13:00:00,constructor_standings_12615
27832,1063,210,0.0,10,0,2021-08-29 13:00:00,constructor_standings_12616
27833,1064,131,344.5,1,4,2021-09-05 13:00:00,constructor_standings_12617
27834,1064,9,332.5,2,8,2021-09-05 13:00:00,constructor_standings_12618
27835,1064,1,170.0,4,0,2021-09-05 13:00:00,constructor_standings_12619
27836,1064,6,181.5,3,0,2021-09-05 13:00:00,constructor_standings_12620
27837,1064,213,84.0,6,0,2021-09-05 13:00:00,constructor_standings_12621
27838,1064,117,53.0,7,0,2021-09-05 13:00:00,constructor_standings_12622
27839,1064,51,3.0,9,0,2021-09-05 13:00:00,constructor_standings_12623
27840,1064,214,90.0,5,1,2021-09-05 13:00:00,constructor_standings_12624
27841,1064,3,20.0,8,0,2021-09-05 13:00:00,constructor_standings_12625
27842,1064,210,0.0,10,0,2021-09-05 13:00:00,constructor_standings_12626
27843,1065,131,362.5,1,4,2021-09-12 13:00:00,constructor_standings_12627
27844,1065,9,344.5,2,8,2021-09-12 13:00:00,constructor_standings_12628
27845,1065,1,215.0,3,1,2021-09-12 13:00:00,constructor_standings_12629
27846,1065,6,201.5,4,0,2021-09-12 13:00:00,constructor_standings_12630
27847,1065,213,84.0,6,0,2021-09-12 13:00:00,constructor_standings_12631
27848,1065,117,59.0,7,0,2021-09-12 13:00:00,constructor_standings_12632
27849,1065,51,3.0,9,0,2021-09-12 13:00:00,constructor_standings_12633
27850,1065,214,95.0,5,1,2021-09-12 13:00:00,constructor_standings_12634
27851,1065,3,22.0,8,0,2021-09-12 13:00:00,constructor_standings_12635
27852,1065,210,0.0,10,0,2021-09-12 13:00:00,constructor_standings_12636
27853,1066,131,397.5,1,5,2021-09-26 12:00:00,constructor_standings_12637
27854,1066,9,364.5,2,8,2021-09-26 12:00:00,constructor_standings_12638
27855,1066,1,234.0,3,1,2021-09-26 12:00:00,constructor_standings_12639
27856,1066,6,216.5,4,0,2021-09-26 12:00:00,constructor_standings_12640
27857,1066,213,84.0,6,0,2021-09-26 12:00:00,constructor_standings_12641
27858,1066,117,59.0,7,0,2021-09-26 12:00:00,constructor_standings_12642
27859,1066,51,7.0,9,0,2021-09-26 12:00:00,constructor_standings_12643
27860,1066,214,103.0,5,1,2021-09-26 12:00:00,constructor_standings_12644
27861,1066,3,23.0,8,0,2021-09-26 12:00:00,constructor_standings_12645
27862,1066,210,0.0,10,0,2021-09-26 12:00:00,constructor_standings_12646
27863,1067,131,433.5,1,6,2021-10-10 12:00:00,constructor_standings_12647
27864,1067,9,397.5,2,8,2021-10-10 12:00:00,constructor_standings_12648
27865,1067,1,240.0,3,1,2021-10-10 12:00:00,constructor_standings_12649
27866,1067,6,232.5,4,0,2021-10-10 12:00:00,constructor_standings_12650
27867,1067,213,92.0,6,0,2021-10-10 12:00:00,constructor_standings_12651
27868,1067,117,61.0,7,0,2021-10-10 12:00:00,constructor_standings_12652
27869,1067,51,7.0,9,0,2021-10-10 12:00:00,constructor_standings_12653
27870,1067,214,104.0,5,1,2021-10-10 12:00:00,constructor_standings_12654
27871,1067,3,23.0,8,0,2021-10-10 12:00:00,constructor_standings_12655
27872,1067,210,0.0,10,0,2021-10-10 12:00:00,constructor_standings_12656
27873,1069,131,460.5,1,6,2021-10-24 19:00:00,constructor_standings_12657
27874,1069,9,437.5,2,9,2021-10-24 19:00:00,constructor_standings_12658
27875,1069,1,254.0,3,1,2021-10-24 19:00:00,constructor_standings_12659
27876,1069,6,250.5,4,0,2021-10-24 19:00:00,constructor_standings_12660
27877,1069,213,94.0,6,0,2021-10-24 19:00:00,constructor_standings_12661
27878,1069,117,62.0,7,0,2021-10-24 19:00:00,constructor_standings_12662
27879,1069,51,7.0,9,0,2021-10-24 19:00:00,constructor_standings_12663
27880,1069,214,104.0,5,1,2021-10-24 19:00:00,constructor_standings_12664
27881,1069,3,23.0,8,0,2021-10-24 19:00:00,constructor_standings_12665
27882,1069,210,0.0,10,0,2021-10-24 19:00:00,constructor_standings_12666
27883,1070,131,478.5,1,6,2021-11-07 19:00:00,constructor_standings_12667
27884,1070,9,477.5,2,10,2021-11-07 19:00:00,constructor_standings_12668
27885,1070,1,255.0,4,1,2021-11-07 19:00:00,constructor_standings_12669
27886,1070,6,268.5,3,0,2021-11-07 19:00:00,constructor_standings_12670
27887,1070,213,106.0,6,0,2021-11-07 19:00:00,constructor_standings_12671
27888,1070,117,68.0,7,0,2021-11-07 19:00:00,constructor_standings_12672
27889,1070,51,11.0,9,0,2021-11-07 19:00:00,constructor_standings_12673
27890,1070,214,106.0,5,1,2021-11-07 19:00:00,constructor_standings_12674
27891,1070,3,23.0,8,0,2021-11-07 19:00:00,constructor_standings_12675
27892,1070,210,0.0,10,0,2021-11-07 19:00:00,constructor_standings_12676
27893,1071,131,521.5,1,7,2021-11-14 17:00:00,constructor_standings_12677
27894,1071,9,510.5,2,10,2021-11-14 17:00:00,constructor_standings_12678
27895,1071,1,256.0,4,1,2021-11-14 17:00:00,constructor_standings_12679
27896,1071,6,287.5,3,0,2021-11-14 17:00:00,constructor_standings_12680
27897,1071,213,112.0,6,0,2021-11-14 17:00:00,constructor_standings_12681
27898,1071,117,68.0,7,0,2021-11-14 17:00:00,constructor_standings_12682
27899,1071,51,11.0,9,0,2021-11-14 17:00:00,constructor_standings_12683
27900,1071,214,112.0,5,1,2021-11-14 17:00:00,constructor_standings_12684
27901,1071,3,23.0,8,0,2021-11-14 17:00:00,constructor_standings_12685
27902,1071,210,0.0,10,0,2021-11-14 17:00:00,constructor_standings_12686
27913,1072,131,587.5,1,9,2021-12-05 17:30:00,constructor_standings_12687
27914,1072,9,559.5,2,10,2021-12-05 17:30:00,constructor_standings_12688
27915,1072,1,269.0,4,1,2021-12-05 17:30:00,constructor_standings_12689
27916,1072,6,307.5,3,0,2021-12-05 17:30:00,constructor_standings_12690
27917,1072,213,120.0,6,0,2021-12-05 17:30:00,constructor_standings_12691
27918,1072,117,77.0,7,0,2021-12-05 17:30:00,constructor_standings_12692
27919,1072,51,13.0,9,0,2021-12-05 17:30:00,constructor_standings_12693
27920,1072,214,149.0,5,1,2021-12-05 17:30:00,constructor_standings_12694
27921,1072,3,23.0,8,0,2021-12-05 17:30:00,constructor_standings_12695
27922,1072,210,0.0,10,0,2021-12-05 17:30:00,constructor_standings_12696
27923,1073,131,613.5,1,9,2021-12-12 13:00:00,constructor_standings_12697
27924,1073,9,585.5,2,11,2021-12-12 13:00:00,constructor_standings_12698
27925,1073,1,275.0,4,1,2021-12-12 13:00:00,constructor_standings_12699
27926,1073,6,323.5,3,0,2021-12-12 13:00:00,constructor_standings_12700
27927,1073,213,142.0,6,0,2021-12-12 13:00:00,constructor_standings_12701
27928,1073,117,77.0,7,0,2021-12-12 13:00:00,constructor_standings_12702
27929,1073,51,13.0,9,0,2021-12-12 13:00:00,constructor_standings_12703
27930,1073,214,155.0,5,1,2021-12-12 13:00:00,constructor_standings_12704
27931,1073,3,23.0,8,0,2021-12-12 13:00:00,constructor_standings_12705
27932,1073,210,0.0,10,0,2021-12-12 13:00:00,constructor_standings_12706
28142,1074,9,0.0,10,0,2022-03-20 15:00:00,constructor_standings_12707
28141,1074,1,0.0,9,0,2022-03-20 15:00:00,constructor_standings_12708
28140,1074,3,0.0,8,0,2022-03-20 15:00:00,constructor_standings_12709
28139,1074,117,0.0,7,0,2022-03-20 15:00:00,constructor_standings_12710
28138,1074,213,4.0,6,0,2022-03-20 15:00:00,constructor_standings_12711
28137,1074,214,8.0,5,0,2022-03-20 15:00:00,constructor_standings_12712
28136,1074,51,9.0,4,0,2022-03-20 15:00:00,constructor_standings_12713
28135,1074,210,10.0,3,0,2022-03-20 15:00:00,constructor_standings_12714
28134,1074,131,27.0,2,0,2022-03-20 15:00:00,constructor_standings_12715
28133,1074,6,44.0,1,1,2022-03-20 15:00:00,constructor_standings_12716
27952,71,18,0.0,9,0,2005-03-06 14:00:00,constructor_standings_12717
27962,72,18,0.0,9,0,2005-03-20 15:00:00,constructor_standings_12718
27972,73,18,0.0,9,0,2005-04-03 14:30:00,constructor_standings_12719
27982,74,18,0.0,9,0,2005-04-24 14:00:00,constructor_standings_12720
28002,76,18,0.0,9,0,2005-05-22 14:00:00,constructor_standings_12721
28143,1075,6,78.0,1,1,2022-03-27 17:00:00,constructor_standings_12722
28144,1075,131,38.0,2,0,2022-03-27 17:00:00,constructor_standings_12723
28145,1075,210,12.0,5,0,2022-03-27 17:00:00,constructor_standings_12724
28146,1075,51,9.0,6,0,2022-03-27 17:00:00,constructor_standings_12725
28147,1075,214,16.0,4,0,2022-03-27 17:00:00,constructor_standings_12726
28148,1075,213,8.0,7,0,2022-03-27 17:00:00,constructor_standings_12727
28149,1075,117,0.0,9,0,2022-03-27 17:00:00,constructor_standings_12728
28150,1075,3,0.0,10,0,2022-03-27 17:00:00,constructor_standings_12729
28151,1075,1,6.0,8,0,2022-03-27 17:00:00,constructor_standings_12730
28152,1075,9,37.0,3,1,2022-03-27 17:00:00,constructor_standings_12731
28153,1076,6,104.0,1,2,2022-04-10 05:00:00,constructor_standings_12732
28154,1076,131,65.0,2,0,2022-04-10 05:00:00,constructor_standings_12733
28155,1076,210,12.0,7,0,2022-04-10 05:00:00,constructor_standings_12734
28156,1076,51,13.0,6,0,2022-04-10 05:00:00,constructor_standings_12735
28157,1076,214,22.0,5,0,2022-04-10 05:00:00,constructor_standings_12736
28158,1076,213,10.0,8,0,2022-04-10 05:00:00,constructor_standings_12737
28159,1076,117,0.0,10,0,2022-04-10 05:00:00,constructor_standings_12738
28160,1076,3,1.0,9,0,2022-04-10 05:00:00,constructor_standings_12739
28161,1076,1,24.0,4,0,2022-04-10 05:00:00,constructor_standings_12740
28162,1076,9,55.0,3,1,2022-04-10 05:00:00,constructor_standings_12741
28163,1077,6,124.0,1,2,2022-04-24 13:00:00,constructor_standings_12742
28164,1077,131,77.0,3,0,2022-04-24 13:00:00,constructor_standings_12743
28165,1077,210,15.0,8,0,2022-04-24 13:00:00,constructor_standings_12744
28166,1077,51,25.0,5,0,2022-04-24 13:00:00,constructor_standings_12745
28167,1077,214,22.0,6,0,2022-04-24 13:00:00,constructor_standings_12746
28168,1077,213,16.0,7,0,2022-04-24 13:00:00,constructor_standings_12747
28169,1077,117,5.0,9,0,2022-04-24 13:00:00,constructor_standings_12748
28170,1077,3,1.0,10,0,2022-04-24 13:00:00,constructor_standings_12749
28171,1077,1,46.0,4,0,2022-04-24 13:00:00,constructor_standings_12750
28172,1077,9,113.0,2,2,2022-04-24 13:00:00,constructor_standings_12751
28173,1078,6,157.0,1,2,2022-05-08 19:30:00,constructor_standings_12752
28174,1078,131,95.0,3,0,2022-05-08 19:30:00,constructor_standings_12753
28175,1078,210,15.0,8,0,2022-05-08 19:30:00,constructor_standings_12754
28176,1078,51,31.0,5,0,2022-05-08 19:30:00,constructor_standings_12755
28177,1078,214,26.0,6,0,2022-05-08 19:30:00,constructor_standings_12756
28178,1078,213,16.0,7,0,2022-05-08 19:30:00,constructor_standings_12757
28179,1078,117,6.0,9,0,2022-05-08 19:30:00,constructor_standings_12758
28180,1078,3,3.0,10,0,2022-05-08 19:30:00,constructor_standings_12759
28181,1078,1,46.0,4,0,2022-05-08 19:30:00,constructor_standings_12760
28182,1078,9,151.0,2,3,2022-05-08 19:30:00,constructor_standings_12761
28183,1079,6,169.0,2,2,2022-05-22 13:00:00,constructor_standings_12762
28184,1079,131,120.0,3,0,2022-05-22 13:00:00,constructor_standings_12763
28185,1079,210,15.0,8,0,2022-05-22 13:00:00,constructor_standings_12764
28186,1079,51,39.0,5,0,2022-05-22 13:00:00,constructor_standings_12765
28187,1079,214,34.0,6,0,2022-05-22 13:00:00,constructor_standings_12766
28188,1079,213,17.0,7,0,2022-05-22 13:00:00,constructor_standings_12767
28189,1079,117,6.0,9,0,2022-05-22 13:00:00,constructor_standings_12768
28190,1079,3,3.0,10,0,2022-05-22 13:00:00,constructor_standings_12769
28191,1079,1,50.0,4,0,2022-05-22 13:00:00,constructor_standings_12770
28192,1079,9,195.0,1,4,2022-05-22 13:00:00,constructor_standings_12771
28193,1080,6,199.0,2,2,2022-05-29 13:00:00,constructor_standings_12772
28194,1080,131,134.0,3,0,2022-05-29 13:00:00,constructor_standings_12773
28195,1080,210,15.0,8,0,2022-05-29 13:00:00,constructor_standings_12774
28196,1080,51,41.0,5,0,2022-05-29 13:00:00,constructor_standings_12775
28197,1080,214,40.0,6,0,2022-05-29 13:00:00,constructor_standings_12776
28198,1080,213,17.0,7,0,2022-05-29 13:00:00,constructor_standings_12777
28199,1080,117,7.0,9,0,2022-05-29 13:00:00,constructor_standings_12778
28200,1080,3,3.0,10,0,2022-05-29 13:00:00,constructor_standings_12779
28201,1080,1,59.0,4,0,2022-05-29 13:00:00,constructor_standings_12780
28202,1080,9,235.0,1,5,2022-05-29 13:00:00,constructor_standings_12781
28203,1081,6,199.0,2,2,2022-06-12 11:00:00,constructor_standings_12782
28204,1081,131,161.0,3,0,2022-06-12 11:00:00,constructor_standings_12783
28205,1081,210,15.0,8,0,2022-06-12 11:00:00,constructor_standings_12784
28206,1081,51,41.0,6,0,2022-06-12 11:00:00,constructor_standings_12785
28207,1081,214,47.0,5,0,2022-06-12 11:00:00,constructor_standings_12786
28208,1081,213,27.0,7,0,2022-06-12 11:00:00,constructor_standings_12787
28209,1081,117,15.0,9,0,2022-06-12 11:00:00,constructor_standings_12788
28210,1081,3,3.0,10,0,2022-06-12 11:00:00,constructor_standings_12789
28211,1081,1,65.0,4,0,2022-06-12 11:00:00,constructor_standings_12790
28212,1081,9,279.0,1,6,2022-06-12 11:00:00,constructor_standings_12791
28232,1082,9,304.0,1,7,2022-06-19 18:00:00,constructor_standings_12792
28231,1082,1,65.0,4,0,2022-06-19 18:00:00,constructor_standings_12793
28230,1082,3,3.0,10,0,2022-06-19 18:00:00,constructor_standings_12794
28228,1082,213,27.0,7,0,2022-06-19 18:00:00,constructor_standings_12795
28225,1082,210,15.0,9,0,2022-06-19 18:00:00,constructor_standings_12796
28223,1082,6,228.0,2,2,2022-06-19 18:00:00,constructor_standings_12797
28224,1082,131,188.0,3,0,2022-06-19 18:00:00,constructor_standings_12798
28229,1082,117,16.0,8,0,2022-06-19 18:00:00,constructor_standings_12799
28227,1082,214,57.0,5,0,2022-06-19 18:00:00,constructor_standings_12800
28226,1082,51,51.0,6,0,2022-06-19 18:00:00,constructor_standings_12801
28233,1083,6,265.0,2,3,2022-07-03 14:00:00,constructor_standings_12802
28234,1083,131,204.0,3,0,2022-07-03 14:00:00,constructor_standings_12803
28235,1083,210,20.0,8,0,2022-07-03 14:00:00,constructor_standings_12804
28236,1083,51,51.0,6,0,2022-07-03 14:00:00,constructor_standings_12805
28237,1083,214,67.0,5,0,2022-07-03 14:00:00,constructor_standings_12806
28238,1083,213,27.0,7,0,2022-07-03 14:00:00,constructor_standings_12807
28239,1083,117,18.0,9,0,2022-07-03 14:00:00,constructor_standings_12808
28240,1083,3,3.0,10,0,2022-07-03 14:00:00,constructor_standings_12809
28241,1083,1,73.0,4,0,2022-07-03 14:00:00,constructor_standings_12810
28242,1083,9,328.0,1,7,2022-07-03 14:00:00,constructor_standings_12811
28243,1084,6,303.0,2,4,2022-07-10 13:00:00,constructor_standings_12812
28244,1084,131,237.0,3,0,2022-07-10 13:00:00,constructor_standings_12813
28245,1084,210,34.0,7,0,2022-07-10 13:00:00,constructor_standings_12814
28246,1084,51,51.0,6,0,2022-07-10 13:00:00,constructor_standings_12815
28247,1084,214,81.0,5,0,2022-07-10 13:00:00,constructor_standings_12816
28248,1084,213,27.0,8,0,2022-07-10 13:00:00,constructor_standings_12817
28249,1084,117,18.0,9,0,2022-07-10 13:00:00,constructor_standings_12818
28250,1084,3,3.0,10,0,2022-07-10 13:00:00,constructor_standings_12819
28251,1084,1,81.0,4,0,2022-07-10 13:00:00,constructor_standings_12820
28252,1084,9,359.0,1,7,2022-07-10 13:00:00,constructor_standings_12821
28253,1085,6,314.0,2,4,2022-07-24 13:00:00,constructor_standings_12822
28254,1085,131,270.0,3,0,2022-07-24 13:00:00,constructor_standings_12823
28255,1085,210,34.0,7,0,2022-07-24 13:00:00,constructor_standings_12824
28256,1085,51,51.0,6,0,2022-07-24 13:00:00,constructor_standings_12825
28257,1085,214,93.0,4,0,2022-07-24 13:00:00,constructor_standings_12826
28258,1085,213,27.0,8,0,2022-07-24 13:00:00,constructor_standings_12827
28259,1085,117,19.0,9,0,2022-07-24 13:00:00,constructor_standings_12828
28260,1085,3,3.0,10,0,2022-07-24 13:00:00,constructor_standings_12829
28261,1085,1,89.0,5,0,2022-07-24 13:00:00,constructor_standings_12830
28262,1085,9,396.0,1,8,2022-07-24 13:00:00,constructor_standings_12831
28263,1086,6,334.0,2,4,2022-07-31 13:00:00,constructor_standings_12832
28264,1086,131,304.0,3,0,2022-07-31 13:00:00,constructor_standings_12833
28265,1086,210,34.0,7,0,2022-07-31 13:00:00,constructor_standings_12834
28266,1086,51,51.0,6,0,2022-07-31 13:00:00,constructor_standings_12835
28267,1086,214,99.0,4,0,2022-07-31 13:00:00,constructor_standings_12836
28268,1086,213,27.0,8,0,2022-07-31 13:00:00,constructor_standings_12837
28269,1086,117,20.0,9,0,2022-07-31 13:00:00,constructor_standings_12838
28270,1086,3,3.0,10,0,2022-07-31 13:00:00,constructor_standings_12839
28271,1086,1,95.0,5,0,2022-07-31 13:00:00,constructor_standings_12840
28272,1086,9,431.0,1,9,2022-07-31 13:00:00,constructor_standings_12841
28273,1087,6,357.0,2,4,2022-08-28 13:00:00,constructor_standings_12842
28274,1087,131,316.0,3,0,2022-08-28 13:00:00,constructor_standings_12843
28275,1087,210,34.0,7,0,2022-08-28 13:00:00,constructor_standings_12844
28276,1087,51,51.0,6,0,2022-08-28 13:00:00,constructor_standings_12845
28277,1087,214,115.0,4,0,2022-08-28 13:00:00,constructor_standings_12846
28278,1087,213,29.0,8,0,2022-08-28 13:00:00,constructor_standings_12847
28279,1087,117,24.0,9,0,2022-08-28 13:00:00,constructor_standings_12848
28280,1087,3,4.0,10,0,2022-08-28 13:00:00,constructor_standings_12849
28281,1087,1,95.0,5,0,2022-08-28 13:00:00,constructor_standings_12850
28282,1087,9,475.0,1,10,2022-08-28 13:00:00,constructor_standings_12851
28283,1088,6,376.0,2,4,2022-09-04 13:00:00,constructor_standings_12852
28284,1088,131,346.0,3,0,2022-09-04 13:00:00,constructor_standings_12853
28285,1088,210,34.0,7,0,2022-09-04 13:00:00,constructor_standings_12854
28286,1088,51,51.0,6,0,2022-09-04 13:00:00,constructor_standings_12855
28287,1088,214,125.0,4,0,2022-09-04 13:00:00,constructor_standings_12856
28288,1088,213,29.0,8,0,2022-09-04 13:00:00,constructor_standings_12857
28289,1088,117,25.0,9,0,2022-09-04 13:00:00,constructor_standings_12858
28290,1088,3,4.0,10,0,2022-09-04 13:00:00,constructor_standings_12859
28291,1088,1,101.0,5,0,2022-09-04 13:00:00,constructor_standings_12860
28292,1088,9,511.0,1,11,2022-09-04 13:00:00,constructor_standings_12861
28293,1089,6,406.0,2,4,2022-09-11 13:00:00,constructor_standings_12862
28294,1089,131,371.0,3,0,2022-09-11 13:00:00,constructor_standings_12863
28295,1089,210,34.0,7,0,2022-09-11 13:00:00,constructor_standings_12864
28296,1089,51,52.0,6,0,2022-09-11 13:00:00,constructor_standings_12865
28297,1089,214,125.0,4,0,2022-09-11 13:00:00,constructor_standings_12866
28298,1089,213,33.0,8,0,2022-09-11 13:00:00,constructor_standings_12867
28299,1089,117,25.0,9,0,2022-09-11 13:00:00,constructor_standings_12868
28300,1089,3,6.0,10,0,2022-09-11 13:00:00,constructor_standings_12869
28301,1089,1,107.0,5,0,2022-09-11 13:00:00,constructor_standings_12870
28302,1089,9,545.0,1,12,2022-09-11 13:00:00,constructor_standings_12871
28303,1091,6,439.0,2,4,2022-10-02 12:00:00,constructor_standings_12872
28304,1091,131,373.0,3,0,2022-10-02 12:00:00,constructor_standings_12873
28305,1091,210,34.0,8,0,2022-10-02 12:00:00,constructor_standings_12874
28306,1091,51,52.0,6,0,2022-10-02 12:00:00,constructor_standings_12875
28307,1091,214,125.0,5,0,2022-10-02 12:00:00,constructor_standings_12876
28308,1091,213,34.0,9,0,2022-10-02 12:00:00,constructor_standings_12877
28309,1091,117,37.0,7,0,2022-10-02 12:00:00,constructor_standings_12878
28310,1091,3,6.0,10,0,2022-10-02 12:00:00,constructor_standings_12879
28311,1091,1,129.0,4,0,2022-10-02 12:00:00,constructor_standings_12880
28312,1091,9,576.0,1,13,2022-10-02 12:00:00,constructor_standings_12881
28332,1092,9,619.0,1,14,2022-10-09 05:00:00,constructor_standings_12882
28331,1092,1,130.0,5,0,2022-10-09 05:00:00,constructor_standings_12883
28328,1092,213,34.0,9,0,2022-10-09 05:00:00,constructor_standings_12884
28325,1092,210,34.0,8,0,2022-10-09 05:00:00,constructor_standings_12885
28323,1092,6,454.0,2,4,2022-10-09 05:00:00,constructor_standings_12886
28330,1092,3,8.0,10,0,2022-10-09 05:00:00,constructor_standings_12887
28324,1092,131,387.0,3,0,2022-10-09 05:00:00,constructor_standings_12888
28327,1092,214,143.0,4,0,2022-10-09 05:00:00,constructor_standings_12889
28329,1092,117,45.0,7,0,2022-10-09 05:00:00,constructor_standings_12890
28326,1092,51,52.0,6,0,2022-10-09 05:00:00,constructor_standings_12891
28370,1093,3,8.0,10,0,2022-10-23 19:00:00,constructor_standings_12892
28371,1093,1,138.0,5,0,2022-10-23 19:00:00,constructor_standings_12893
28367,1093,214,149.0,4,0,2022-10-23 19:00:00,constructor_standings_12894
28363,1093,6,469.0,2,4,2022-10-23 19:00:00,constructor_standings_12895
28369,1093,117,49.0,7,0,2022-10-23 19:00:00,constructor_standings_12896
28368,1093,213,35.0,9,0,2022-10-23 19:00:00,constructor_standings_12897
28366,1093,51,52.0,6,0,2022-10-23 19:00:00,constructor_standings_12898
28365,1093,210,36.0,8,0,2022-10-23 19:00:00,constructor_standings_12899
28364,1093,131,416.0,3,0,2022-10-23 19:00:00,constructor_standings_12900
28382,1094,9,696.0,1,16,2022-10-30 20:00:00,constructor_standings_12901
28381,1094,1,146.0,5,0,2022-10-30 20:00:00,constructor_standings_12902
28378,1094,213,35.0,9,0,2022-10-30 20:00:00,constructor_standings_12903
28375,1094,210,36.0,8,0,2022-10-30 20:00:00,constructor_standings_12904
28373,1094,6,487.0,2,4,2022-10-30 20:00:00,constructor_standings_12905
28380,1094,3,8.0,10,0,2022-10-30 20:00:00,constructor_standings_12906
28374,1094,131,447.0,3,0,2022-10-30 20:00:00,constructor_standings_12907
28377,1094,214,153.0,4,0,2022-10-30 20:00:00,constructor_standings_12908
28379,1094,117,49.0,7,0,2022-10-30 20:00:00,constructor_standings_12909
28376,1094,51,53.0,6,0,2022-10-30 20:00:00,constructor_standings_12910
28372,1093,9,656.0,1,15,2022-10-23 19:00:00,constructor_standings_12911
28383,1095,6,524.0,2,4,2022-11-13 18:00:00,constructor_standings_12912
28384,1095,131,505.0,3,1,2022-11-13 18:00:00,constructor_standings_12913
28385,1095,210,37.0,8,0,2022-11-13 18:00:00,constructor_standings_12914
28386,1095,51,55.0,6,0,2022-11-13 18:00:00,constructor_standings_12915
28387,1095,214,167.0,4,0,2022-11-13 18:00:00,constructor_standings_12916
28388,1095,213,35.0,9,0,2022-11-13 18:00:00,constructor_standings_12917
28389,1095,117,50.0,7,0,2022-11-13 18:00:00,constructor_standings_12918
28390,1095,3,8.0,10,0,2022-11-13 18:00:00,constructor_standings_12919
28391,1095,1,148.0,5,0,2022-11-13 18:00:00,constructor_standings_12920
28392,1095,9,719.0,1,16,2022-11-13 18:00:00,constructor_standings_12921
28393,1096,6,554.0,2,4,2022-11-20 13:00:00,constructor_standings_12922
28394,1096,131,515.0,3,1,2022-11-20 13:00:00,constructor_standings_12923
28395,1096,210,37.0,8,0,2022-11-20 13:00:00,constructor_standings_12924
28396,1096,51,55.0,6,0,2022-11-20 13:00:00,constructor_standings_12925
28397,1096,214,173.0,4,0,2022-11-20 13:00:00,constructor_standings_12926
28398,1096,213,35.0,9,0,2022-11-20 13:00:00,constructor_standings_12927
28399,1096,117,55.0,7,0,2022-11-20 13:00:00,constructor_standings_12928
28400,1096,3,8.0,10,0,2022-11-20 13:00:00,constructor_standings_12929
28401,1096,1,159.0,5,0,2022-11-20 13:00:00,constructor_standings_12930
28402,1096,9,759.0,1,17,2022-11-20 13:00:00,constructor_standings_12931
28492,1098,1,0.0,10,0,2023-03-05 15:00:00,constructor_standings_12932
28491,1098,210,0.0,9,0,2023-03-05 15:00:00,constructor_standings_12933
28490,1098,213,0.0,8,0,2023-03-05 15:00:00,constructor_standings_12934
28489,1098,3,1.0,7,0,2023-03-05 15:00:00,constructor_standings_12935
28488,1098,214,2.0,6,0,2023-03-05 15:00:00,constructor_standings_12936
28487,1098,51,4.0,5,0,2023-03-05 15:00:00,constructor_standings_12937
28486,1098,131,16.0,3,0,2023-03-05 15:00:00,constructor_standings_12938
28485,1098,6,12.0,4,0,2023-03-05 15:00:00,constructor_standings_12939
28484,1098,117,23.0,2,0,2023-03-05 15:00:00,constructor_standings_12940
28483,1098,9,43.0,1,1,2023-03-05 15:00:00,constructor_standings_12941
28444,1100,117,65.0,2,0,2023-04-02 05:00:00,constructor_standings_12942
28443,1100,9,123.0,1,3,2023-04-02 05:00:00,constructor_standings_12943
28442,1099,1,0.0,10,0,2023-03-19 17:00:00,constructor_standings_12944
28440,1099,213,0.0,9,0,2023-03-19 17:00:00,constructor_standings_12945
28439,1099,3,1.0,8,0,2023-03-19 17:00:00,constructor_standings_12946
28437,1099,51,4.0,6,0,2023-03-19 17:00:00,constructor_standings_12947
28435,1099,6,26.0,4,0,2023-03-19 17:00:00,constructor_standings_12948
28441,1099,210,1.0,7,0,2023-03-19 17:00:00,constructor_standings_12949
28438,1099,214,8.0,5,0,2023-03-19 17:00:00,constructor_standings_12950
28434,1099,117,38.0,2,0,2023-03-19 17:00:00,constructor_standings_12951
28436,1099,131,38.0,3,0,2023-03-19 17:00:00,constructor_standings_12952
28433,1099,9,87.0,1,2,2023-03-19 17:00:00,constructor_standings_12953
28445,1100,6,26.0,4,0,2023-04-02 05:00:00,constructor_standings_12954
28446,1100,131,56.0,3,0,2023-04-02 05:00:00,constructor_standings_12955
28447,1100,51,6.0,8,0,2023-04-02 05:00:00,constructor_standings_12956
28448,1100,214,8.0,6,0,2023-04-02 05:00:00,constructor_standings_12957
28449,1100,3,1.0,10,0,2023-04-02 05:00:00,constructor_standings_12958
28450,1100,213,1.0,9,0,2023-04-02 05:00:00,constructor_standings_12959
28451,1100,210,7.0,7,0,2023-04-02 05:00:00,constructor_standings_12960
28452,1100,1,12.0,5,0,2023-04-02 05:00:00,constructor_standings_12961
28453,1101,9,180.0,1,4,2023-04-30 11:00:00,constructor_standings_12962
28454,1101,117,87.0,2,0,2023-04-30 11:00:00,constructor_standings_12963
28455,1101,6,62.0,4,0,2023-04-30 11:00:00,constructor_standings_12964
28456,1101,131,76.0,3,0,2023-04-30 11:00:00,constructor_standings_12965
28457,1101,51,6.0,8,0,2023-04-30 11:00:00,constructor_standings_12966
28458,1101,214,8.0,6,0,2023-04-30 11:00:00,constructor_standings_12967
28459,1101,3,1.0,10,0,2023-04-30 11:00:00,constructor_standings_12968
28460,1101,213,2.0,9,0,2023-04-30 11:00:00,constructor_standings_12969
28461,1101,210,7.0,7,0,2023-04-30 11:00:00,constructor_standings_12970
28462,1101,1,14.0,5,0,2023-04-30 11:00:00,constructor_standings_12971
28463,1102,9,224.0,1,5,2023-05-07 19:30:00,constructor_standings_12972
28464,1102,117,102.0,2,0,2023-05-07 19:30:00,constructor_standings_12973
28465,1102,6,78.0,4,0,2023-05-07 19:30:00,constructor_standings_12974
28466,1102,131,96.0,3,0,2023-05-07 19:30:00,constructor_standings_12975
28467,1102,51,6.0,8,0,2023-05-07 19:30:00,constructor_standings_12976
28468,1102,214,14.0,6,0,2023-05-07 19:30:00,constructor_standings_12977
28469,1102,3,1.0,10,0,2023-05-07 19:30:00,constructor_standings_12978
28470,1102,213,2.0,9,0,2023-05-07 19:30:00,constructor_standings_12979
28471,1102,210,8.0,7,0,2023-05-07 19:30:00,constructor_standings_12980
28472,1102,1,14.0,5,0,2023-05-07 19:30:00,constructor_standings_12981
28473,1104,9,249.0,1,6,2023-05-28 13:00:00,constructor_standings_12982
28474,1104,117,120.0,2,0,2023-05-28 13:00:00,constructor_standings_12983
28475,1104,6,90.0,4,0,2023-05-28 13:00:00,constructor_standings_12984
28476,1104,131,119.0,3,0,2023-05-28 13:00:00,constructor_standings_12985
28477,1104,51,6.0,8,0,2023-05-28 13:00:00,constructor_standings_12986
28478,1104,214,35.0,5,0,2023-05-28 13:00:00,constructor_standings_12987
28479,1104,3,1.0,10,0,2023-05-28 13:00:00,constructor_standings_12988
28480,1104,213,2.0,9,0,2023-05-28 13:00:00,constructor_standings_12989
28481,1104,210,8.0,7,0,2023-05-28 13:00:00,constructor_standings_12990
28482,1104,1,17.0,6,0,2023-05-28 13:00:00,constructor_standings_12991
28493,1105,9,287.0,1,7,2023-06-04 13:00:00,constructor_standings_12992
28494,1105,117,134.0,3,0,2023-06-04 13:00:00,constructor_standings_12993
28495,1105,6,100.0,4,0,2023-06-04 13:00:00,constructor_standings_12994
28496,1105,131,152.0,2,0,2023-06-04 13:00:00,constructor_standings_12995
28497,1105,51,8.0,8,0,2023-06-04 13:00:00,constructor_standings_12996
28498,1105,214,40.0,5,0,2023-06-04 13:00:00,constructor_standings_12997
28499,1105,3,1.0,10,0,2023-06-04 13:00:00,constructor_standings_12998
28500,1105,213,2.0,9,0,2023-06-04 13:00:00,constructor_standings_12999
28501,1105,210,8.0,7,0,2023-06-04 13:00:00,constructor_standings_13000
28502,1105,1,17.0,6,0,2023-06-04 13:00:00,constructor_standings_13001
28522,1106,1,17.0,6,0,2023-06-18 18:00:00,constructor_standings_13002
28521,1106,210,8.0,8,0,2023-06-18 18:00:00,constructor_standings_13003
28520,1106,213,2.0,10,0,2023-06-18 18:00:00,constructor_standings_13004
28519,1106,3,7.0,9,0,2023-06-18 18:00:00,constructor_standings_13005
28518,1106,214,44.0,5,0,2023-06-18 18:00:00,constructor_standings_13006
28517,1106,51,9.0,7,0,2023-06-18 18:00:00,constructor_standings_13007
28516,1106,131,167.0,2,0,2023-06-18 18:00:00,constructor_standings_13008
28515,1106,6,122.0,4,0,2023-06-18 18:00:00,constructor_standings_13009
28514,1106,117,154.0,3,0,2023-06-18 18:00:00,constructor_standings_13010
28513,1106,9,321.0,1,8,2023-06-18 18:00:00,constructor_standings_13011
28541,1107,210,11.0,7,0,2023-07-02 13:00:00,constructor_standings_13012
28539,1107,3,7.0,9,0,2023-07-02 13:00:00,constructor_standings_13013
28535,1107,6,154.0,4,0,2023-07-02 13:00:00,constructor_standings_13014
28534,1107,117,175.0,3,0,2023-07-02 13:00:00,constructor_standings_13015
28540,1107,213,2.0,10,0,2023-07-02 13:00:00,constructor_standings_13016
28542,1107,1,29.0,6,0,2023-07-02 13:00:00,constructor_standings_13017
28538,1107,214,47.0,5,0,2023-07-02 13:00:00,constructor_standings_13018
28533,1107,9,377.0,1,9,2023-07-02 13:00:00,constructor_standings_13019
28537,1107,51,9.0,8,0,2023-07-02 13:00:00,constructor_standings_13020
28536,1107,131,178.0,2,0,2023-07-02 13:00:00,constructor_standings_13021
28543,1108,9,411.0,1,10,2023-07-09 14:00:00,constructor_standings_13022
28544,1108,117,181.0,3,0,2023-07-09 14:00:00,constructor_standings_13023
28545,1108,6,157.0,4,0,2023-07-09 14:00:00,constructor_standings_13024
28546,1108,131,203.0,2,0,2023-07-09 14:00:00,constructor_standings_13025
28547,1108,51,9.0,9,0,2023-07-09 14:00:00,constructor_standings_13026
28548,1108,214,47.0,6,0,2023-07-09 14:00:00,constructor_standings_13027
28549,1108,3,11.0,7,0,2023-07-09 14:00:00,constructor_standings_13028
28550,1108,213,2.0,10,0,2023-07-09 14:00:00,constructor_standings_13029
28551,1108,210,11.0,8,0,2023-07-09 14:00:00,constructor_standings_13030
28552,1108,1,59.0,5,0,2023-07-09 14:00:00,constructor_standings_13031
28553,1109,9,452.0,1,11,2023-07-23 13:00:00,constructor_standings_13032
28554,1109,117,184.0,3,0,2023-07-23 13:00:00,constructor_standings_13033
28555,1109,6,167.0,4,0,2023-07-23 13:00:00,constructor_standings_13034
28556,1109,131,223.0,2,0,2023-07-23 13:00:00,constructor_standings_13035
28557,1109,51,9.0,9,0,2023-07-23 13:00:00,constructor_standings_13036
28558,1109,214,47.0,6,0,2023-07-23 13:00:00,constructor_standings_13037
28559,1109,3,11.0,7,0,2023-07-23 13:00:00,constructor_standings_13038
28560,1109,213,2.0,10,0,2023-07-23 13:00:00,constructor_standings_13039
28561,1109,210,11.0,8,0,2023-07-23 13:00:00,constructor_standings_13040
28562,1109,1,87.0,5,0,2023-07-23 13:00:00,constructor_standings_13041
28563,1110,9,503.0,1,12,2023-07-30 13:00:00,constructor_standings_13042
28564,1110,117,196.0,3,0,2023-07-30 13:00:00,constructor_standings_13043
28565,1110,6,191.0,4,0,2023-07-30 13:00:00,constructor_standings_13044
28566,1110,131,247.0,2,0,2023-07-30 13:00:00,constructor_standings_13045
28567,1110,51,9.0,9,0,2023-07-30 13:00:00,constructor_standings_13046
28568,1110,214,57.0,6,0,2023-07-30 13:00:00,constructor_standings_13047
28569,1110,3,11.0,7,0,2023-07-30 13:00:00,constructor_standings_13048
28570,1110,213,3.0,10,0,2023-07-30 13:00:00,constructor_standings_13049
28571,1110,210,11.0,8,0,2023-07-30 13:00:00,constructor_standings_13050
28572,1110,1,103.0,5,0,2023-07-30 13:00:00,constructor_standings_13051
