qualifyId,raceId,driverId,constructorId,number,position,date,qualifying_rownum
1,18,1,1,22,1,2008-03-15 04:30:00,qualifying_1
2,18,9,2,4,2,2008-03-15 04:30:00,qualifying_2
3,18,5,1,23,3,2008-03-15 04:30:00,qualifying_3
4,18,13,6,2,4,2008-03-15 04:30:00,qualifying_4
5,18,2,2,3,5,2008-03-15 04:30:00,qualifying_5
6,18,15,7,11,6,2008-03-15 04:30:00,qualifying_6
7,18,3,3,7,7,2008-03-15 04:30:00,qualifying_7
8,18,14,9,9,8,2008-03-15 04:30:00,qualifying_8
9,18,10,7,12,9,2008-03-15 04:30:00,qualifying_9
10,18,20,5,15,10,2008-03-15 04:30:00,qualifying_10
11,18,22,11,17,11,2008-03-15 04:30:00,qualifying_11
12,18,4,4,5,12,2008-03-15 04:30:00,qualifying_12
13,18,18,11,16,13,2008-03-15 04:30:00,qualifying_13
14,18,6,3,8,14,2008-03-15 04:30:00,qualifying_14
15,18,17,9,10,15,2008-03-15 04:30:00,qualifying_15
16,18,8,6,1,16,2008-03-15 04:30:00,qualifying_16
17,18,21,10,21,17,2008-03-15 04:30:00,qualifying_17
18,18,7,5,14,18,2008-03-15 04:30:00,qualifying_18
19,18,16,10,20,19,2008-03-15 04:30:00,qualifying_19
20,18,11,8,18,20,2008-03-15 04:30:00,qualifying_20
21,18,12,4,6,21,2008-03-15 04:30:00,qualifying_21
22,18,19,8,19,22,2008-03-15 04:30:00,qualifying_22
23,19,13,6,2,1,2008-03-22 07:00:00,qualifying_23
24,19,8,6,1,2,2008-03-22 07:00:00,qualifying_24
25,19,5,1,23,3,2008-03-22 07:00:00,qualifying_25
26,19,1,1,22,4,2008-03-22 07:00:00,qualifying_26
27,19,15,7,11,5,2008-03-22 07:00:00,qualifying_27
28,19,9,2,4,6,2008-03-22 07:00:00,qualifying_28
29,19,2,2,3,7,2008-03-22 07:00:00,qualifying_29
30,19,17,9,10,8,2008-03-22 07:00:00,qualifying_30
31,19,4,4,5,9,2008-03-22 07:00:00,qualifying_31
32,19,10,7,12,10,2008-03-22 07:00:00,qualifying_32
33,19,18,11,16,11,2008-03-22 07:00:00,qualifying_33
34,19,14,9,9,12,2008-03-22 07:00:00,qualifying_34
35,19,12,4,6,13,2008-03-22 07:00:00,qualifying_35
36,19,22,11,17,14,2008-03-22 07:00:00,qualifying_36
37,19,20,5,15,15,2008-03-22 07:00:00,qualifying_37
38,19,3,3,7,16,2008-03-22 07:00:00,qualifying_38
39,19,21,10,21,17,2008-03-22 07:00:00,qualifying_39
40,19,6,3,8,18,2008-03-22 07:00:00,qualifying_40
41,19,7,5,14,19,2008-03-22 07:00:00,qualifying_41
42,19,11,8,18,20,2008-03-22 07:00:00,qualifying_42
43,19,16,10,20,21,2008-03-22 07:00:00,qualifying_43
44,19,19,8,19,22,2008-03-22 07:00:00,qualifying_44
45,20,9,2,4,1,2008-04-05 11:30:00,qualifying_45
46,20,13,6,2,2,2008-04-05 11:30:00,qualifying_46
47,20,1,1,22,3,2008-04-05 11:30:00,qualifying_47
48,20,8,6,1,4,2008-04-05 11:30:00,qualifying_48
49,20,5,1,23,5,2008-04-05 11:30:00,qualifying_49
50,20,2,2,3,6,2008-04-05 11:30:00,qualifying_50
51,20,15,7,11,7,2008-04-05 11:30:00,qualifying_51
52,20,3,3,7,8,2008-04-05 11:30:00,qualifying_52
53,20,18,11,16,9,2008-04-05 11:30:00,qualifying_53
54,20,4,4,5,10,2008-04-05 11:30:00,qualifying_54
55,20,17,9,10,11,2008-04-05 11:30:00,qualifying_55
56,20,22,11,17,12,2008-04-05 11:30:00,qualifying_56
57,20,10,7,12,13,2008-04-05 11:30:00,qualifying_57
58,20,12,4,6,14,2008-04-05 11:30:00,qualifying_58
59,20,7,5,14,15,2008-04-05 11:30:00,qualifying_59
60,20,6,3,8,16,2008-04-05 11:30:00,qualifying_60
61,20,14,9,9,17,2008-04-05 11:30:00,qualifying_61
62,20,21,10,21,18,2008-04-05 11:30:00,qualifying_62
63,20,20,5,15,19,2008-04-05 11:30:00,qualifying_63
64,20,16,10,20,20,2008-04-05 11:30:00,qualifying_64
65,20,19,8,19,21,2008-04-05 11:30:00,qualifying_65
66,20,11,8,18,22,2008-04-05 11:30:00,qualifying_66
67,21,8,6,1,1,2008-04-26 12:00:00,qualifying_67
68,21,4,4,5,2,2008-04-26 12:00:00,qualifying_68
69,21,13,6,2,3,2008-04-26 12:00:00,qualifying_69
70,21,9,2,4,4,2008-04-26 12:00:00,qualifying_70
71,21,1,1,22,5,2008-04-26 12:00:00,qualifying_71
72,21,5,1,23,6,2008-04-26 12:00:00,qualifying_72
73,21,17,9,10,7,2008-04-26 12:00:00,qualifying_73
74,21,15,7,11,8,2008-04-26 12:00:00,qualifying_74
75,21,2,2,3,9,2008-04-26 12:00:00,qualifying_75
76,21,12,4,6,10,2008-04-26 12:00:00,qualifying_76
77,21,22,11,17,11,2008-04-26 12:00:00,qualifying_77
78,21,6,3,8,12,2008-04-26 12:00:00,qualifying_78
79,21,18,11,16,13,2008-04-26 12:00:00,qualifying_79
80,21,10,7,12,14,2008-04-26 12:00:00,qualifying_80
81,21,3,3,7,15,2008-04-26 12:00:00,qualifying_81
82,21,7,5,14,16,2008-04-26 12:00:00,qualifying_82
83,21,14,9,9,17,2008-04-26 12:00:00,qualifying_83
84,21,20,5,15,18,2008-04-26 12:00:00,qualifying_84
85,21,21,10,21,19,2008-04-26 12:00:00,qualifying_85
86,21,16,10,20,20,2008-04-26 12:00:00,qualifying_86
87,21,19,8,19,21,2008-04-26 12:00:00,qualifying_87
88,21,11,8,18,22,2008-04-26 12:00:00,qualifying_88
89,22,13,6,2,1,2008-05-10 12:00:00,qualifying_89
90,22,5,1,23,2,2008-05-10 12:00:00,qualifying_90
91,22,1,1,22,3,2008-05-10 12:00:00,qualifying_91
92,22,8,6,1,4,2008-05-10 12:00:00,qualifying_92
93,22,9,2,4,5,2008-05-10 12:00:00,qualifying_93
94,22,17,9,10,6,2008-05-10 12:00:00,qualifying_94
95,22,4,4,5,7,2008-05-10 12:00:00,qualifying_95
96,22,15,7,11,8,2008-05-10 12:00:00,qualifying_96
97,22,2,2,3,9,2008-05-10 12:00:00,qualifying_97
98,22,14,9,9,10,2008-05-10 12:00:00,qualifying_98
99,22,3,3,7,11,2008-05-10 12:00:00,qualifying_99
100,22,22,11,17,12,2008-05-10 12:00:00,qualifying_100
101,22,18,11,16,13,2008-05-10 12:00:00,qualifying_101
102,22,20,5,15,14,2008-05-10 12:00:00,qualifying_102
103,22,10,7,12,15,2008-05-10 12:00:00,qualifying_103
104,22,6,3,8,16,2008-05-10 12:00:00,qualifying_104
105,22,12,4,6,17,2008-05-10 12:00:00,qualifying_105
106,22,7,5,14,18,2008-05-10 12:00:00,qualifying_106
107,22,21,10,21,19,2008-05-10 12:00:00,qualifying_107
108,22,16,10,20,20,2008-05-10 12:00:00,qualifying_108
109,23,13,6,2,1,2008-05-24 12:00:00,qualifying_109
110,23,8,6,1,2,2008-05-24 12:00:00,qualifying_110
111,23,1,1,22,3,2008-05-24 12:00:00,qualifying_111
112,23,5,1,23,4,2008-05-24 12:00:00,qualifying_112
113,23,9,2,4,5,2008-05-24 12:00:00,qualifying_113
114,23,3,3,7,6,2008-05-24 12:00:00,qualifying_114
115,23,4,4,5,7,2008-05-24 12:00:00,qualifying_115
116,23,15,7,11,8,2008-05-24 12:00:00,qualifying_116
117,23,17,9,10,9,2008-05-24 12:00:00,qualifying_117
118,23,14,9,9,10,2008-05-24 12:00:00,qualifying_118
119,23,10,7,12,11,2008-05-24 12:00:00,qualifying_119
120,23,18,11,16,12,2008-05-24 12:00:00,qualifying_120
121,23,2,2,3,13,2008-05-24 12:00:00,qualifying_121
122,23,6,3,8,14,2008-05-24 12:00:00,qualifying_122
123,23,22,11,17,15,2008-05-24 12:00:00,qualifying_123
124,23,7,5,14,16,2008-05-24 12:00:00,qualifying_124
125,23,12,4,6,17,2008-05-24 12:00:00,qualifying_125
126,23,20,5,15,18,2008-05-24 12:00:00,qualifying_126
127,23,16,10,20,19,2008-05-24 12:00:00,qualifying_127
128,23,21,10,21,20,2008-05-24 12:00:00,qualifying_128
129,24,1,1,22,1,2008-06-07 17:00:00,qualifying_129
130,24,9,2,4,2,2008-06-07 17:00:00,qualifying_130
131,24,8,6,1,3,2008-06-07 17:00:00,qualifying_131
132,24,4,4,5,4,2008-06-07 17:00:00,qualifying_132
133,24,3,3,7,5,2008-06-07 17:00:00,qualifying_133
134,24,13,6,2,6,2008-06-07 17:00:00,qualifying_134
135,24,5,1,23,7,2008-06-07 17:00:00,qualifying_135
136,24,2,2,3,8,2008-06-07 17:00:00,qualifying_136
137,24,22,11,17,9,2008-06-07 17:00:00,qualifying_137
138,24,17,9,10,10,2008-06-07 17:00:00,qualifying_138
139,24,10,7,12,11,2008-06-07 17:00:00,qualifying_139
140,24,6,3,8,12,2008-06-07 17:00:00,qualifying_140
141,24,14,9,9,13,2008-06-07 17:00:00,qualifying_141
142,24,15,7,11,14,2008-06-07 17:00:00,qualifying_142
143,24,12,4,6,15,2008-06-07 17:00:00,qualifying_143
144,24,7,5,14,16,2008-06-07 17:00:00,qualifying_144
145,24,16,10,20,17,2008-06-07 17:00:00,qualifying_145
146,24,21,10,21,18,2008-06-07 17:00:00,qualifying_146
147,24,18,11,16,19,2008-06-07 17:00:00,qualifying_147
148,24,20,5,15,20,2008-06-07 17:00:00,qualifying_148
149,25,8,6,1,1,2008-06-21 12:00:00,qualifying_149
150,25,13,6,2,2,2008-06-21 12:00:00,qualifying_150
151,25,1,1,22,3,2008-06-21 12:00:00,qualifying_151
152,25,4,4,5,4,2008-06-21 12:00:00,qualifying_152
153,25,15,7,11,5,2008-06-21 12:00:00,qualifying_153
154,25,5,1,23,6,2008-06-21 12:00:00,qualifying_154
155,25,9,2,4,7,2008-06-21 12:00:00,qualifying_155
156,25,17,9,10,8,2008-06-21 12:00:00,qualifying_156
157,25,14,9,9,9,2008-06-21 12:00:00,qualifying_157
158,25,10,7,12,10,2008-06-21 12:00:00,qualifying_158
159,25,12,4,6,11,2008-06-21 12:00:00,qualifying_159
160,25,2,2,3,12,2008-06-21 12:00:00,qualifying_160
161,25,20,5,15,13,2008-06-21 12:00:00,qualifying_161
162,25,7,5,14,14,2008-06-21 12:00:00,qualifying_162
163,25,3,3,7,15,2008-06-21 12:00:00,qualifying_163
164,25,6,3,8,16,2008-06-21 12:00:00,qualifying_164
165,25,18,11,16,17,2008-06-21 12:00:00,qualifying_165
166,25,22,11,17,18,2008-06-21 12:00:00,qualifying_166
167,25,21,10,21,19,2008-06-21 12:00:00,qualifying_167
168,25,16,10,20,20,2008-06-21 12:00:00,qualifying_168
169,26,5,1,23,1,2008-07-05 12:00:00,qualifying_169
170,26,17,9,10,2,2008-07-05 12:00:00,qualifying_170
171,26,8,6,1,3,2008-07-05 12:00:00,qualifying_171
172,26,1,1,22,4,2008-07-05 12:00:00,qualifying_172
173,26,2,2,3,5,2008-07-05 12:00:00,qualifying_173
174,26,4,4,5,6,2008-07-05 12:00:00,qualifying_174
175,26,12,4,6,7,2008-07-05 12:00:00,qualifying_175
176,26,20,5,15,8,2008-07-05 12:00:00,qualifying_176
177,26,13,6,2,9,2008-07-05 12:00:00,qualifying_177
178,26,9,2,4,10,2008-07-05 12:00:00,qualifying_178
179,26,14,9,9,11,2008-07-05 12:00:00,qualifying_179
180,26,10,7,12,12,2008-07-05 12:00:00,qualifying_180
181,26,7,5,14,13,2008-07-05 12:00:00,qualifying_181
182,26,15,7,11,14,2008-07-05 12:00:00,qualifying_182
183,26,6,3,8,15,2008-07-05 12:00:00,qualifying_183
184,26,22,11,17,16,2008-07-05 12:00:00,qualifying_184
185,26,18,11,16,17,2008-07-05 12:00:00,qualifying_185
186,26,3,3,7,18,2008-07-05 12:00:00,qualifying_186
187,26,16,10,20,19,2008-07-05 12:00:00,qualifying_187
188,26,21,10,21,20,2008-07-05 12:00:00,qualifying_188
189,27,1,1,22,1,2008-07-19 12:00:00,qualifying_189
190,27,13,6,2,2,2008-07-19 12:00:00,qualifying_190
191,27,5,1,23,3,2008-07-19 12:00:00,qualifying_191
192,27,15,7,11,4,2008-07-19 12:00:00,qualifying_192
193,27,4,4,5,5,2008-07-19 12:00:00,qualifying_193
194,27,8,6,1,6,2008-07-19 12:00:00,qualifying_194
195,27,9,2,4,7,2008-07-19 12:00:00,qualifying_195
196,27,17,9,10,8,2008-07-19 12:00:00,qualifying_196
197,27,20,5,15,9,2008-07-19 12:00:00,qualifying_197
198,27,14,9,9,10,2008-07-19 12:00:00,qualifying_198
199,27,10,7,12,11,2008-07-19 12:00:00,qualifying_199
200,27,2,2,3,12,2008-07-19 12:00:00,qualifying_200
201,27,3,3,7,13,2008-07-19 12:00:00,qualifying_201
202,27,18,11,16,14,2008-07-19 12:00:00,qualifying_202
203,27,7,5,14,15,2008-07-19 12:00:00,qualifying_203
204,27,6,3,8,16,2008-07-19 12:00:00,qualifying_204
205,27,12,4,6,17,2008-07-19 12:00:00,qualifying_205
206,27,22,11,17,18,2008-07-19 12:00:00,qualifying_206
207,27,16,10,20,19,2008-07-19 12:00:00,qualifying_207
208,27,21,10,21,20,2008-07-19 12:00:00,qualifying_208
209,28,1,1,22,1,2008-08-02 12:00:00,qualifying_209
210,28,5,1,23,2,2008-08-02 12:00:00,qualifying_210
211,28,13,6,2,3,2008-08-02 12:00:00,qualifying_211
212,28,9,2,4,4,2008-08-02 12:00:00,qualifying_212
213,28,10,7,12,5,2008-08-02 12:00:00,qualifying_213
214,28,8,6,1,6,2008-08-02 12:00:00,qualifying_214
215,28,4,4,5,7,2008-08-02 12:00:00,qualifying_215
216,28,17,9,10,8,2008-08-02 12:00:00,qualifying_216
217,28,15,7,11,9,2008-08-02 12:00:00,qualifying_217
218,28,12,4,6,10,2008-08-02 12:00:00,qualifying_218
219,28,20,5,15,11,2008-08-02 12:00:00,qualifying_219
220,28,18,11,16,12,2008-08-02 12:00:00,qualifying_220
221,28,14,9,9,13,2008-08-02 12:00:00,qualifying_221
222,28,7,5,14,14,2008-08-02 12:00:00,qualifying_222
223,28,3,3,7,15,2008-08-02 12:00:00,qualifying_223
224,28,2,2,3,16,2008-08-02 12:00:00,qualifying_224
225,28,6,3,8,17,2008-08-02 12:00:00,qualifying_225
226,28,22,11,17,18,2008-08-02 12:00:00,qualifying_226
227,28,21,10,21,19,2008-08-02 12:00:00,qualifying_227
228,28,16,10,20,20,2008-08-02 12:00:00,qualifying_228
229,29,13,6,2,1,2008-08-23 12:00:00,qualifying_229
230,29,1,1,22,2,2008-08-23 12:00:00,qualifying_230
231,29,9,2,4,3,2008-08-23 12:00:00,qualifying_231
232,29,8,6,1,4,2008-08-23 12:00:00,qualifying_232
233,29,5,1,23,5,2008-08-23 12:00:00,qualifying_233
234,29,20,5,15,6,2008-08-23 12:00:00,qualifying_234
235,29,15,7,11,7,2008-08-23 12:00:00,qualifying_235
236,29,2,2,3,8,2008-08-23 12:00:00,qualifying_236
237,29,3,3,7,9,2008-08-23 12:00:00,qualifying_237
238,29,7,5,14,10,2008-08-23 12:00:00,qualifying_238
239,29,6,3,8,11,2008-08-23 12:00:00,qualifying_239
240,29,4,4,5,12,2008-08-23 12:00:00,qualifying_240
241,29,10,7,12,13,2008-08-23 12:00:00,qualifying_241
242,29,17,9,10,14,2008-08-23 12:00:00,qualifying_242
243,29,12,4,6,15,2008-08-23 12:00:00,qualifying_243
244,29,18,11,16,16,2008-08-23 12:00:00,qualifying_244
245,29,14,9,9,17,2008-08-23 12:00:00,qualifying_245
246,29,21,10,21,18,2008-08-23 12:00:00,qualifying_246
247,29,22,11,17,19,2008-08-23 12:00:00,qualifying_247
248,29,16,10,20,20,2008-08-23 12:00:00,qualifying_248
249,30,1,1,22,1,2008-09-06 12:00:00,qualifying_249
250,30,13,6,2,2,2008-09-06 12:00:00,qualifying_250
251,30,5,1,23,3,2008-09-06 12:00:00,qualifying_251
252,30,8,6,1,4,2008-09-06 12:00:00,qualifying_252
253,30,2,2,3,5,2008-09-06 12:00:00,qualifying_253
254,30,4,4,5,6,2008-09-06 12:00:00,qualifying_254
255,30,17,9,10,7,2008-09-06 12:00:00,qualifying_255
256,30,9,2,4,8,2008-09-06 12:00:00,qualifying_256
257,30,7,5,14,9,2008-09-06 12:00:00,qualifying_257
258,30,20,5,15,10,2008-09-06 12:00:00,qualifying_258
259,30,15,7,11,11,2008-09-06 12:00:00,qualifying_259
260,30,12,4,6,12,2008-09-06 12:00:00,qualifying_260
261,30,10,7,12,13,2008-09-06 12:00:00,qualifying_261
262,30,14,9,9,14,2008-09-06 12:00:00,qualifying_262
263,30,3,3,7,15,2008-09-06 12:00:00,qualifying_263
264,30,22,11,17,16,2008-09-06 12:00:00,qualifying_264
265,30,18,11,16,17,2008-09-06 12:00:00,qualifying_265
266,30,16,10,20,18,2008-09-06 12:00:00,qualifying_266
267,30,6,3,8,19,2008-09-06 12:00:00,qualifying_267
268,30,21,10,21,20,2008-09-06 12:00:00,qualifying_268
269,31,20,5,15,1,2008-09-13 12:00:00,qualifying_269
270,31,5,1,23,2,2008-09-13 12:00:00,qualifying_270
271,31,17,9,10,3,2008-09-13 12:00:00,qualifying_271
272,31,7,5,14,4,2008-09-13 12:00:00,qualifying_272
273,31,3,3,7,5,2008-09-13 12:00:00,qualifying_273
274,31,13,6,2,6,2008-09-13 12:00:00,qualifying_274
275,31,15,7,11,7,2008-09-13 12:00:00,qualifying_275
276,31,4,4,5,8,2008-09-13 12:00:00,qualifying_276
277,31,10,7,12,9,2008-09-13 12:00:00,qualifying_277
278,31,2,2,3,10,2008-09-13 12:00:00,qualifying_278
279,31,9,2,4,11,2008-09-13 12:00:00,qualifying_279
280,31,21,10,21,12,2008-09-13 12:00:00,qualifying_280
281,31,14,9,9,13,2008-09-13 12:00:00,qualifying_281
282,31,8,6,1,14,2008-09-13 12:00:00,qualifying_282
283,31,1,1,22,15,2008-09-13 12:00:00,qualifying_283
284,31,22,11,17,16,2008-09-13 12:00:00,qualifying_284
285,31,12,4,6,17,2008-09-13 12:00:00,qualifying_285
286,31,6,3,8,18,2008-09-13 12:00:00,qualifying_286
287,31,18,11,16,19,2008-09-13 12:00:00,qualifying_287
288,31,16,10,20,20,2008-09-13 12:00:00,qualifying_288
289,32,13,6,2,1,2008-09-27 12:00:00,qualifying_289
290,32,1,1,22,2,2008-09-27 12:00:00,qualifying_290
291,32,8,6,1,3,2008-09-27 12:00:00,qualifying_291
292,32,9,2,4,4,2008-09-27 12:00:00,qualifying_292
293,32,5,1,23,5,2008-09-27 12:00:00,qualifying_293
294,32,2,2,3,6,2008-09-27 12:00:00,qualifying_294
295,32,20,5,15,7,2008-09-27 12:00:00,qualifying_295
296,32,10,7,12,8,2008-09-27 12:00:00,qualifying_296
297,32,3,3,7,9,2008-09-27 12:00:00,qualifying_297
298,32,6,3,8,10,2008-09-27 12:00:00,qualifying_298
299,32,15,7,11,11,2008-09-27 12:00:00,qualifying_299
300,32,18,11,16,12,2008-09-27 12:00:00,qualifying_300
301,32,17,9,10,13,2008-09-27 12:00:00,qualifying_301
302,32,14,9,9,14,2008-09-27 12:00:00,qualifying_302
303,32,4,4,5,15,2008-09-27 12:00:00,qualifying_303
304,32,12,4,6,16,2008-09-27 12:00:00,qualifying_304
305,32,7,5,14,17,2008-09-27 12:00:00,qualifying_305
306,32,22,11,17,18,2008-09-27 12:00:00,qualifying_306
307,32,16,10,20,19,2008-09-27 12:00:00,qualifying_307
308,32,21,10,21,20,2008-09-27 12:00:00,qualifying_308
309,33,1,1,22,1,2008-10-11 04:30:00,qualifying_309
310,33,8,6,1,2,2008-10-11 04:30:00,qualifying_310
311,33,5,1,23,3,2008-10-11 04:30:00,qualifying_311
312,33,4,4,5,4,2008-10-11 04:30:00,qualifying_312
313,33,13,6,2,5,2008-10-11 04:30:00,qualifying_313
314,33,9,2,4,6,2008-10-11 04:30:00,qualifying_314
315,33,15,7,11,7,2008-10-11 04:30:00,qualifying_315
316,33,10,7,12,8,2008-10-11 04:30:00,qualifying_316
317,33,20,5,15,9,2008-10-11 04:30:00,qualifying_317
318,33,7,5,14,10,2008-10-11 04:30:00,qualifying_318
319,33,14,9,9,11,2008-10-11 04:30:00,qualifying_319
320,33,12,4,6,12,2008-10-11 04:30:00,qualifying_320
321,33,17,9,10,13,2008-10-11 04:30:00,qualifying_321
322,33,6,3,8,14,2008-10-11 04:30:00,qualifying_322
323,33,3,3,7,15,2008-10-11 04:30:00,qualifying_323
324,33,2,2,3,16,2008-10-11 04:30:00,qualifying_324
325,33,22,11,17,17,2008-10-11 04:30:00,qualifying_325
326,33,18,11,16,18,2008-10-11 04:30:00,qualifying_326
327,33,16,10,20,19,2008-10-11 04:30:00,qualifying_327
328,33,21,10,21,20,2008-10-11 04:30:00,qualifying_328
329,34,1,1,22,1,2008-10-18 07:00:00,qualifying_329
330,34,8,6,1,2,2008-10-18 07:00:00,qualifying_330
331,34,13,6,2,3,2008-10-18 07:00:00,qualifying_331
332,34,4,4,5,4,2008-10-18 07:00:00,qualifying_332
333,34,5,1,23,5,2008-10-18 07:00:00,qualifying_333
334,34,17,9,10,6,2008-10-18 07:00:00,qualifying_334
335,34,2,2,3,7,2008-10-18 07:00:00,qualifying_335
336,34,20,5,15,8,2008-10-18 07:00:00,qualifying_336
337,34,15,7,11,9,2008-10-18 07:00:00,qualifying_337
338,34,7,5,14,10,2008-10-18 07:00:00,qualifying_338
339,34,12,4,6,11,2008-10-18 07:00:00,qualifying_339
340,34,9,2,4,12,2008-10-18 07:00:00,qualifying_340
341,34,10,7,12,13,2008-10-18 07:00:00,qualifying_341
342,34,22,11,17,14,2008-10-18 07:00:00,qualifying_342
343,34,3,3,7,15,2008-10-18 07:00:00,qualifying_343
344,34,14,9,9,16,2008-10-18 07:00:00,qualifying_344
345,34,6,3,8,17,2008-10-18 07:00:00,qualifying_345
346,34,18,11,16,18,2008-10-18 07:00:00,qualifying_346
347,34,16,10,20,19,2008-10-18 07:00:00,qualifying_347
348,34,21,10,21,20,2008-10-18 07:00:00,qualifying_348
349,35,13,6,2,1,2008-11-01 17:00:00,qualifying_349
350,35,15,7,11,2,2008-11-01 17:00:00,qualifying_350
351,35,8,6,1,3,2008-11-01 17:00:00,qualifying_351
352,35,1,1,22,4,2008-11-01 17:00:00,qualifying_352
353,35,5,1,23,5,2008-11-01 17:00:00,qualifying_353
354,35,4,4,5,6,2008-11-01 17:00:00,qualifying_354
355,35,20,5,15,7,2008-11-01 17:00:00,qualifying_355
356,35,2,2,3,8,2008-11-01 17:00:00,qualifying_356
357,35,7,5,14,9,2008-11-01 17:00:00,qualifying_357
358,35,10,7,12,10,2008-11-01 17:00:00,qualifying_358
359,35,12,4,6,11,2008-11-01 17:00:00,qualifying_359
360,35,17,9,10,12,2008-11-01 17:00:00,qualifying_360
361,35,9,2,4,13,2008-11-01 17:00:00,qualifying_361
362,35,14,9,9,14,2008-11-01 17:00:00,qualifying_362
363,35,22,11,17,15,2008-11-01 17:00:00,qualifying_363
364,35,6,3,8,16,2008-11-01 17:00:00,qualifying_364
365,35,18,11,16,17,2008-11-01 17:00:00,qualifying_365
366,35,3,3,7,18,2008-11-01 17:00:00,qualifying_366
367,35,21,10,21,19,2008-11-01 17:00:00,qualifying_367
368,35,16,10,20,20,2008-11-01 17:00:00,qualifying_368
369,36,8,6,6,1,2007-03-17 03:00:00,qualifying_369
370,36,4,1,1,2,2007-03-17 03:00:00,qualifying_370
371,36,2,2,9,3,2007-03-17 03:00:00,qualifying_371
372,36,1,1,2,4,2007-03-17 03:00:00,qualifying_372
373,36,9,2,10,5,2007-03-17 03:00:00,qualifying_373
374,36,21,4,3,6,2007-03-17 03:00:00,qualifying_374
375,36,17,9,15,7,2007-03-17 03:00:00,qualifying_375
376,36,15,7,12,8,2007-03-17 03:00:00,qualifying_376
377,36,23,7,11,9,2007-03-17 03:00:00,qualifying_377
378,36,11,8,22,10,2007-03-17 03:00:00,qualifying_378
379,36,19,8,23,11,2007-03-17 03:00:00,qualifying_379
380,36,3,3,16,12,2007-03-17 03:00:00,qualifying_380
381,36,5,4,4,13,2007-03-17 03:00:00,qualifying_381
382,36,18,11,7,14,2007-03-17 03:00:00,qualifying_382
383,36,25,3,17,15,2007-03-17 03:00:00,qualifying_383
384,36,13,6,5,16,2007-03-17 03:00:00,qualifying_384
385,36,22,11,8,17,2007-03-17 03:00:00,qualifying_385
386,36,26,5,19,18,2007-03-17 03:00:00,qualifying_386
387,36,14,9,14,19,2007-03-17 03:00:00,qualifying_387
388,36,24,5,18,20,2007-03-17 03:00:00,qualifying_388
389,36,16,12,20,21,2007-03-17 03:00:00,qualifying_389
390,36,27,12,21,22,2007-03-17 03:00:00,qualifying_390
391,37,13,6,5,1,2007-04-07 07:00:00,qualifying_391
392,37,4,1,1,2,2007-04-07 07:00:00,qualifying_392
393,37,8,6,6,3,2007-04-07 07:00:00,qualifying_393
394,37,1,1,2,4,2007-04-07 07:00:00,qualifying_394
395,37,2,2,9,5,2007-04-07 07:00:00,qualifying_395
396,37,3,3,16,6,2007-04-07 07:00:00,qualifying_396
397,37,9,2,10,7,2007-04-07 07:00:00,qualifying_397
398,37,15,7,12,8,2007-04-07 07:00:00,qualifying_398
399,37,23,7,11,9,2007-04-07 07:00:00,qualifying_399
400,37,17,9,15,10,2007-04-07 07:00:00,qualifying_400
401,37,5,4,4,11,2007-04-07 07:00:00,qualifying_401
402,37,21,4,3,12,2007-04-07 07:00:00,qualifying_402
403,37,14,9,14,13,2007-04-07 07:00:00,qualifying_403
404,37,11,8,22,14,2007-04-07 07:00:00,qualifying_404
405,37,18,11,7,15,2007-04-07 07:00:00,qualifying_405
406,37,24,5,18,16,2007-04-07 07:00:00,qualifying_406
407,37,26,5,19,17,2007-04-07 07:00:00,qualifying_407
408,37,19,8,23,18,2007-04-07 07:00:00,qualifying_408
409,37,22,11,8,19,2007-04-07 07:00:00,qualifying_409
410,37,25,3,17,20,2007-04-07 07:00:00,qualifying_410
411,37,27,12,21,21,2007-04-07 07:00:00,qualifying_411
412,37,16,12,20,22,2007-04-07 07:00:00,qualifying_412
413,38,13,6,5,1,2007-04-14 11:30:00,qualifying_413
414,38,1,1,2,2,2007-04-14 11:30:00,qualifying_414
415,38,8,6,6,3,2007-04-14 11:30:00,qualifying_415
416,38,4,1,1,4,2007-04-14 11:30:00,qualifying_416
417,38,2,2,9,5,2007-04-14 11:30:00,qualifying_417
418,38,9,2,10,6,2007-04-14 11:30:00,qualifying_418
419,38,21,4,3,7,2007-04-14 11:30:00,qualifying_419
420,38,17,9,15,8,2007-04-14 11:30:00,qualifying_420
421,38,15,7,12,9,2007-04-14 11:30:00,qualifying_421
422,38,3,3,16,10,2007-04-14 11:30:00,qualifying_422
423,38,25,3,17,11,2007-04-14 11:30:00,qualifying_423
424,38,5,4,4,12,2007-04-14 11:30:00,qualifying_424
425,38,19,8,23,13,2007-04-14 11:30:00,qualifying_425
426,38,23,7,11,14,2007-04-14 11:30:00,qualifying_426
427,38,22,11,8,15,2007-04-14 11:30:00,qualifying_427
428,38,18,11,7,16,2007-04-14 11:30:00,qualifying_428
429,38,11,8,22,17,2007-04-14 11:30:00,qualifying_429
430,38,24,5,18,18,2007-04-14 11:30:00,qualifying_430
431,38,26,5,19,19,2007-04-14 11:30:00,qualifying_431
432,38,16,12,20,20,2007-04-14 11:30:00,qualifying_432
433,38,14,9,14,21,2007-04-14 11:30:00,qualifying_433
434,38,27,12,12,22,2007-04-14 11:30:00,qualifying_434
435,39,13,6,5,1,2007-05-12 12:00:00,qualifying_435
436,39,4,1,1,2,2007-05-12 12:00:00,qualifying_436
437,39,8,6,6,3,2007-05-12 12:00:00,qualifying_437
438,39,1,1,2,4,2007-05-12 12:00:00,qualifying_438
439,39,9,2,10,5,2007-05-12 12:00:00,qualifying_439
440,39,15,7,12,6,2007-05-12 12:00:00,qualifying_440
441,39,2,2,9,7,2007-05-12 12:00:00,qualifying_441
442,39,5,4,4,8,2007-05-12 12:00:00,qualifying_442
443,39,14,9,14,9,2007-05-12 12:00:00,qualifying_443
444,39,21,4,3,10,2007-05-12 12:00:00,qualifying_444
445,39,3,3,16,11,2007-05-12 12:00:00,qualifying_445
446,39,22,11,8,12,2007-05-12 12:00:00,qualifying_446
447,39,11,8,22,13,2007-05-12 12:00:00,qualifying_447
448,39,18,11,7,14,2007-05-12 12:00:00,qualifying_448
449,39,19,8,23,15,2007-05-12 12:00:00,qualifying_449
450,39,24,5,18,16,2007-05-12 12:00:00,qualifying_450
451,39,23,7,11,17,2007-05-12 12:00:00,qualifying_451
452,39,25,3,17,18,2007-05-12 12:00:00,qualifying_452
453,39,17,9,15,19,2007-05-12 12:00:00,qualifying_453
454,39,16,12,20,20,2007-05-12 12:00:00,qualifying_454
455,39,27,12,21,21,2007-05-12 12:00:00,qualifying_455
456,39,26,5,19,22,2007-05-12 12:00:00,qualifying_456
457,40,4,1,1,1,2007-05-26 12:00:00,qualifying_457
458,40,1,1,2,2,2007-05-26 12:00:00,qualifying_458
459,40,13,6,5,3,2007-05-26 12:00:00,qualifying_459
460,40,21,4,3,4,2007-05-26 12:00:00,qualifying_460
461,40,3,3,16,5,2007-05-26 12:00:00,qualifying_461
462,40,17,9,15,6,2007-05-26 12:00:00,qualifying_462
463,40,2,2,9,7,2007-05-26 12:00:00,qualifying_463
464,40,9,2,10,8,2007-05-26 12:00:00,qualifying_464
465,40,22,11,8,9,2007-05-26 12:00:00,qualifying_465
466,40,18,11,7,10,2007-05-26 12:00:00,qualifying_466
467,40,25,3,17,11,2007-05-26 12:00:00,qualifying_467
468,40,24,5,18,12,2007-05-26 12:00:00,qualifying_468
469,40,14,9,14,13,2007-05-26 12:00:00,qualifying_469
470,40,15,7,12,14,2007-05-26 12:00:00,qualifying_470
471,40,5,4,4,15,2007-05-26 12:00:00,qualifying_471
472,40,8,6,6,16,2007-05-26 12:00:00,qualifying_472
473,40,19,8,23,17,2007-05-26 12:00:00,qualifying_473
474,40,26,5,19,18,2007-05-26 12:00:00,qualifying_474
475,40,16,12,20,19,2007-05-26 12:00:00,qualifying_475
476,40,23,7,11,20,2007-05-26 12:00:00,qualifying_476
477,40,11,8,22,21,2007-05-26 12:00:00,qualifying_477
478,40,27,12,21,22,2007-05-26 12:00:00,qualifying_478
479,41,1,1,2,1,2007-06-09 17:00:00,qualifying_479
480,41,4,1,1,2,2007-06-09 17:00:00,qualifying_480
481,41,2,2,9,3,2007-06-09 17:00:00,qualifying_481
482,41,8,6,6,4,2007-06-09 17:00:00,qualifying_482
483,41,13,6,5,5,2007-06-09 17:00:00,qualifying_483
484,41,17,9,15,6,2007-06-09 17:00:00,qualifying_484
485,41,3,3,16,7,2007-06-09 17:00:00,qualifying_485
486,41,9,2,10,8,2007-06-09 17:00:00,qualifying_486
487,41,21,4,3,9,2007-06-09 17:00:00,qualifying_487
488,41,15,7,12,10,2007-06-09 17:00:00,qualifying_488
489,41,11,8,22,11,2007-06-09 17:00:00,qualifying_489
490,41,24,5,18,12,2007-06-09 17:00:00,qualifying_490
491,41,22,11,8,13,2007-06-09 17:00:00,qualifying_491
492,41,14,9,14,14,2007-06-09 17:00:00,qualifying_492
493,41,18,11,7,15,2007-06-09 17:00:00,qualifying_493
494,41,26,5,19,16,2007-06-09 17:00:00,qualifying_494
495,41,19,8,23,17,2007-06-09 17:00:00,qualifying_495
496,41,23,7,11,18,2007-06-09 17:00:00,qualifying_496
497,41,25,3,17,19,2007-06-09 17:00:00,qualifying_497
498,41,16,12,20,20,2007-06-09 17:00:00,qualifying_498
499,41,27,12,21,21,2007-06-09 17:00:00,qualifying_499
500,41,5,4,4,22,2007-06-09 17:00:00,qualifying_500
501,42,1,1,2,1,2007-06-16 17:00:00,qualifying_501
502,42,4,1,1,2,2007-06-16 17:00:00,qualifying_502
503,42,13,6,5,3,2007-06-16 17:00:00,qualifying_503
504,42,8,6,6,4,2007-06-16 17:00:00,qualifying_504
505,42,2,2,9,5,2007-06-16 17:00:00,qualifying_505
506,42,5,4,4,6,2007-06-16 17:00:00,qualifying_506
507,42,20,2,10,7,2007-06-16 17:00:00,qualifying_507
508,42,15,7,12,8,2007-06-16 17:00:00,qualifying_508
509,42,17,9,15,9,2007-06-16 17:00:00,qualifying_509
510,42,21,4,3,10,2007-06-16 17:00:00,qualifying_510
511,42,14,9,14,11,2007-06-16 17:00:00,qualifying_511
512,42,23,7,11,12,2007-06-16 17:00:00,qualifying_512
513,42,18,11,7,13,2007-06-16 17:00:00,qualifying_513
514,42,3,3,16,14,2007-06-16 17:00:00,qualifying_514
515,42,22,11,8,15,2007-06-16 17:00:00,qualifying_515
516,42,19,8,23,16,2007-06-16 17:00:00,qualifying_516
517,42,25,3,17,17,2007-06-16 17:00:00,qualifying_517
518,42,11,8,22,18,2007-06-16 17:00:00,qualifying_518
519,42,24,5,18,19,2007-06-16 17:00:00,qualifying_519
520,42,26,5,19,20,2007-06-16 17:00:00,qualifying_520
521,42,16,12,20,21,2007-06-16 17:00:00,qualifying_521
522,42,27,12,21,22,2007-06-16 17:00:00,qualifying_522
523,43,13,6,5,1,2007-06-30 12:00:00,qualifying_523
524,43,1,1,2,2,2007-06-30 12:00:00,qualifying_524
525,43,8,6,6,3,2007-06-30 12:00:00,qualifying_525
526,43,9,2,10,4,2007-06-30 12:00:00,qualifying_526
527,43,21,4,3,5,2007-06-30 12:00:00,qualifying_527
528,43,5,4,4,6,2007-06-30 12:00:00,qualifying_528
529,43,2,2,9,7,2007-06-30 12:00:00,qualifying_529
530,43,15,7,12,8,2007-06-30 12:00:00,qualifying_530
531,43,3,3,16,9,2007-06-30 12:00:00,qualifying_531
532,43,4,1,1,10,2007-06-30 12:00:00,qualifying_532
533,43,23,7,11,11,2007-06-30 12:00:00,qualifying_533
534,43,18,11,7,12,2007-06-30 12:00:00,qualifying_534
535,43,22,11,8,13,2007-06-30 12:00:00,qualifying_535
536,43,17,9,15,14,2007-06-30 12:00:00,qualifying_536
537,43,26,5,19,15,2007-06-30 12:00:00,qualifying_537
538,43,14,9,14,16,2007-06-30 12:00:00,qualifying_538
539,43,24,5,18,17,2007-06-30 12:00:00,qualifying_539
540,43,25,3,17,18,2007-06-30 12:00:00,qualifying_540
541,43,19,8,23,19,2007-06-30 12:00:00,qualifying_541
542,43,27,12,21,20,2007-06-30 12:00:00,qualifying_542
543,43,16,12,20,21,2007-06-30 12:00:00,qualifying_543
544,43,11,8,22,22,2007-06-30 12:00:00,qualifying_544
545,44,1,1,2,1,2007-07-07 12:00:00,qualifying_545
546,44,8,6,6,2,2007-07-07 12:00:00,qualifying_546
547,44,4,1,1,3,2007-07-07 12:00:00,qualifying_547
548,44,13,6,5,4,2007-07-07 12:00:00,qualifying_548
549,44,9,2,10,5,2007-07-07 12:00:00,qualifying_549
550,44,23,7,11,6,2007-07-07 12:00:00,qualifying_550
551,44,5,4,4,7,2007-07-07 12:00:00,qualifying_551
552,44,21,4,3,8,2007-07-07 12:00:00,qualifying_552
553,44,2,2,9,9,2007-07-07 12:00:00,qualifying_553
554,44,15,7,12,10,2007-07-07 12:00:00,qualifying_554
555,44,17,9,15,11,2007-07-07 12:00:00,qualifying_555
556,44,14,9,14,12,2007-07-07 12:00:00,qualifying_556
557,44,25,3,17,13,2007-07-07 12:00:00,qualifying_557
558,44,22,11,8,14,2007-07-07 12:00:00,qualifying_558
559,44,26,5,19,15,2007-07-07 12:00:00,qualifying_559
560,44,24,5,18,16,2007-07-07 12:00:00,qualifying_560
561,44,3,3,16,17,2007-07-07 12:00:00,qualifying_561
562,44,18,11,7,18,2007-07-07 12:00:00,qualifying_562
563,44,19,8,23,19,2007-07-07 12:00:00,qualifying_563
564,44,16,12,20,20,2007-07-07 12:00:00,qualifying_564
565,44,11,8,22,21,2007-07-07 12:00:00,qualifying_565
566,44,27,12,21,22,2007-07-07 12:00:00,qualifying_566
567,45,8,6,6,1,2007-07-21 12:00:00,qualifying_567
568,45,4,1,1,2,2007-07-21 12:00:00,qualifying_568
569,45,13,6,5,3,2007-07-21 12:00:00,qualifying_569
570,45,2,2,9,4,2007-07-21 12:00:00,qualifying_570
571,45,9,2,10,5,2007-07-21 12:00:00,qualifying_571
572,45,17,9,15,6,2007-07-21 12:00:00,qualifying_572
573,45,5,4,4,7,2007-07-21 12:00:00,qualifying_573
574,45,15,7,12,8,2007-07-21 12:00:00,qualifying_574
575,45,23,7,11,9,2007-07-21 12:00:00,qualifying_575
576,45,1,1,2,10,2007-07-21 12:00:00,qualifying_576
577,45,3,3,16,11,2007-07-21 12:00:00,qualifying_577
578,45,25,3,17,12,2007-07-21 12:00:00,qualifying_578
579,45,21,4,3,13,2007-07-21 12:00:00,qualifying_579
580,45,22,11,8,14,2007-07-21 12:00:00,qualifying_580
581,45,19,8,23,15,2007-07-21 12:00:00,qualifying_581
582,45,11,8,22,16,2007-07-21 12:00:00,qualifying_582
583,45,18,11,7,17,2007-07-21 12:00:00,qualifying_583
584,45,26,5,19,18,2007-07-21 12:00:00,qualifying_584
585,45,24,5,18,19,2007-07-21 12:00:00,qualifying_585
586,45,14,9,14,20,2007-07-21 12:00:00,qualifying_586
587,45,16,12,20,21,2007-07-21 12:00:00,qualifying_587
588,45,28,12,21,22,2007-07-21 12:00:00,qualifying_588
589,46,4,1,1,1,2007-08-04 12:00:00,qualifying_589
590,46,1,1,2,2,2007-08-04 12:00:00,qualifying_590
591,46,2,2,9,3,2007-08-04 12:00:00,qualifying_591
592,46,8,6,6,4,2007-08-04 12:00:00,qualifying_592
593,46,3,3,16,5,2007-08-04 12:00:00,qualifying_593
594,46,23,7,11,6,2007-08-04 12:00:00,qualifying_594
595,46,9,2,10,7,2007-08-04 12:00:00,qualifying_595
596,46,21,4,3,8,2007-08-04 12:00:00,qualifying_596
597,46,15,7,12,9,2007-08-04 12:00:00,qualifying_597
598,46,17,9,15,10,2007-08-04 12:00:00,qualifying_598
599,46,14,9,14,11,2007-08-04 12:00:00,qualifying_599
600,46,5,4,4,12,2007-08-04 12:00:00,qualifying_600
601,46,25,3,17,13,2007-08-04 12:00:00,qualifying_601
602,46,13,6,5,14,2007-08-04 12:00:00,qualifying_602
603,46,19,8,23,15,2007-08-04 12:00:00,qualifying_603
604,46,24,5,18,16,2007-08-04 12:00:00,qualifying_604
605,46,18,11,7,17,2007-08-04 12:00:00,qualifying_605
606,46,22,11,8,18,2007-08-04 12:00:00,qualifying_606
607,46,11,8,22,19,2007-08-04 12:00:00,qualifying_607
608,46,20,5,19,20,2007-08-04 12:00:00,qualifying_608
609,46,16,12,20,21,2007-08-04 12:00:00,qualifying_609
610,46,29,12,21,22,2007-08-04 12:00:00,qualifying_610
611,47,13,6,5,1,2007-08-25 12:00:00,qualifying_611
612,47,1,1,2,2,2007-08-25 12:00:00,qualifying_612
613,47,8,6,6,3,2007-08-25 12:00:00,qualifying_613
614,47,4,1,1,4,2007-08-25 12:00:00,qualifying_614
615,47,9,2,10,5,2007-08-25 12:00:00,qualifying_615
616,47,2,2,9,6,2007-08-25 12:00:00,qualifying_616
617,47,5,4,4,7,2007-08-25 12:00:00,qualifying_617
618,47,3,3,16,8,2007-08-25 12:00:00,qualifying_618
619,47,15,7,12,9,2007-08-25 12:00:00,qualifying_619
620,47,21,4,3,10,2007-08-25 12:00:00,qualifying_620
621,47,19,8,23,11,2007-08-25 12:00:00,qualifying_621
622,47,17,9,15,12,2007-08-25 12:00:00,qualifying_622
623,47,14,9,14,13,2007-08-25 12:00:00,qualifying_623
624,47,25,3,17,14,2007-08-25 12:00:00,qualifying_624
625,47,24,5,18,15,2007-08-25 12:00:00,qualifying_625
626,47,23,7,11,16,2007-08-25 12:00:00,qualifying_626
627,47,11,8,22,17,2007-08-25 12:00:00,qualifying_627
628,47,20,5,19,18,2007-08-25 12:00:00,qualifying_628
629,47,16,12,20,19,2007-08-25 12:00:00,qualifying_629
630,47,29,12,21,20,2007-08-25 12:00:00,qualifying_630
631,47,18,11,7,21,2007-08-25 12:00:00,qualifying_631
632,47,22,11,8,22,2007-08-25 12:00:00,qualifying_632
633,48,4,1,1,1,2007-09-08 12:00:00,qualifying_633
634,48,1,1,2,2,2007-09-08 12:00:00,qualifying_634
635,48,13,6,5,3,2007-09-08 12:00:00,qualifying_635
636,48,2,2,9,4,2007-09-08 12:00:00,qualifying_636
637,48,8,6,6,5,2007-09-08 12:00:00,qualifying_637
638,48,9,2,10,6,2007-09-08 12:00:00,qualifying_638
639,48,5,4,4,7,2007-09-08 12:00:00,qualifying_639
640,48,3,3,16,8,2007-09-08 12:00:00,qualifying_640
641,48,15,7,12,9,2007-09-08 12:00:00,qualifying_641
642,48,18,11,7,10,2007-09-08 12:00:00,qualifying_642
643,48,17,9,15,11,2007-09-08 12:00:00,qualifying_643
644,48,22,11,8,12,2007-09-08 12:00:00,qualifying_644
645,48,25,3,17,13,2007-09-08 12:00:00,qualifying_645
646,48,19,8,23,14,2007-09-08 12:00:00,qualifying_646
647,48,21,4,3,15,2007-09-08 12:00:00,qualifying_647
648,48,20,5,19,16,2007-09-08 12:00:00,qualifying_648
649,48,11,8,22,17,2007-09-08 12:00:00,qualifying_649
650,48,23,7,11,18,2007-09-08 12:00:00,qualifying_650
651,48,24,5,18,19,2007-09-08 12:00:00,qualifying_651
652,48,14,9,14,20,2007-09-08 12:00:00,qualifying_652
653,48,16,12,20,21,2007-09-08 12:00:00,qualifying_653
654,48,29,12,21,22,2007-09-08 12:00:00,qualifying_654
655,49,8,6,6,1,2007-09-15 12:00:00,qualifying_655
656,49,13,6,5,2,2007-09-15 12:00:00,qualifying_656
657,49,4,1,1,3,2007-09-15 12:00:00,qualifying_657
658,49,1,1,2,4,2007-09-15 12:00:00,qualifying_658
659,49,3,3,16,5,2007-09-15 12:00:00,qualifying_659
660,49,2,2,9,6,2007-09-15 12:00:00,qualifying_660
661,49,17,9,15,7,2007-09-15 12:00:00,qualifying_661
662,49,15,7,12,8,2007-09-15 12:00:00,qualifying_662
663,49,5,4,4,9,2007-09-15 12:00:00,qualifying_663
664,49,23,7,11,10,2007-09-15 12:00:00,qualifying_664
665,49,14,9,14,11,2007-09-15 12:00:00,qualifying_665
666,49,18,11,7,12,2007-09-15 12:00:00,qualifying_666
667,49,24,5,18,13,2007-09-15 12:00:00,qualifying_667
668,49,9,2,10,14,2007-09-15 12:00:00,qualifying_668
669,49,25,3,17,15,2007-09-15 12:00:00,qualifying_669
670,49,20,5,19,16,2007-09-15 12:00:00,qualifying_670
671,49,22,11,8,17,2007-09-15 12:00:00,qualifying_671
672,49,11,8,22,18,2007-09-15 12:00:00,qualifying_672
673,49,16,12,20,19,2007-09-15 12:00:00,qualifying_673
674,49,19,8,23,20,2007-09-15 12:00:00,qualifying_674
675,49,29,12,21,21,2007-09-15 12:00:00,qualifying_675
676,49,21,4,3,22,2007-09-15 12:00:00,qualifying_676
677,50,1,1,2,1,2007-09-29 04:30:00,qualifying_677
678,50,4,1,1,2,2007-09-29 04:30:00,qualifying_678
679,50,8,6,6,3,2007-09-29 04:30:00,qualifying_679
680,50,13,6,5,4,2007-09-29 04:30:00,qualifying_680
681,50,2,2,9,5,2007-09-29 04:30:00,qualifying_681
682,50,18,11,7,6,2007-09-29 04:30:00,qualifying_682
683,50,17,9,15,7,2007-09-29 04:30:00,qualifying_683
684,50,20,5,19,8,2007-09-29 04:30:00,qualifying_684
685,50,9,2,10,9,2007-09-29 04:30:00,qualifying_685
686,50,21,4,3,10,2007-09-29 04:30:00,qualifying_686
687,50,5,4,4,11,2007-09-29 04:30:00,qualifying_687
688,50,14,9,14,12,2007-09-29 04:30:00,qualifying_688
689,50,15,7,12,13,2007-09-29 04:30:00,qualifying_689
690,50,24,5,18,14,2007-09-29 04:30:00,qualifying_690
691,50,23,7,11,15,2007-09-29 04:30:00,qualifying_691
692,50,3,3,16,16,2007-09-29 04:30:00,qualifying_692
693,50,22,11,8,17,2007-09-29 04:30:00,qualifying_693
694,50,25,3,17,18,2007-09-29 04:30:00,qualifying_694
695,50,19,8,23,19,2007-09-29 04:30:00,qualifying_695
696,50,16,12,20,20,2007-09-29 04:30:00,qualifying_696
697,50,11,8,22,21,2007-09-29 04:30:00,qualifying_697
698,50,29,12,21,22,2007-09-29 04:30:00,qualifying_698
699,51,1,1,2,1,2007-10-06 06:00:00,qualifying_699
700,51,8,6,6,2,2007-10-06 06:00:00,qualifying_700
701,51,13,6,5,3,2007-10-06 06:00:00,qualifying_701
702,51,4,1,1,4,2007-10-06 06:00:00,qualifying_702
703,51,14,9,14,5,2007-10-06 06:00:00,qualifying_703
704,51,23,7,11,6,2007-10-06 06:00:00,qualifying_704
705,51,17,9,15,7,2007-10-06 06:00:00,qualifying_705
706,51,2,2,9,8,2007-10-06 06:00:00,qualifying_706
707,51,9,2,10,9,2007-10-06 06:00:00,qualifying_707
708,51,18,11,7,10,2007-10-06 06:00:00,qualifying_708
709,51,24,5,18,11,2007-10-06 06:00:00,qualifying_709
710,51,15,7,12,12,2007-10-06 06:00:00,qualifying_710
711,51,5,4,4,13,2007-10-06 06:00:00,qualifying_711
712,51,19,8,23,14,2007-10-06 06:00:00,qualifying_712
713,51,3,3,16,15,2007-10-06 06:00:00,qualifying_713
714,51,22,11,8,16,2007-10-06 06:00:00,qualifying_714
715,51,20,5,19,17,2007-10-06 06:00:00,qualifying_715
716,51,21,4,3,18,2007-10-06 06:00:00,qualifying_716
717,51,25,3,17,19,2007-10-06 06:00:00,qualifying_717
718,51,11,8,22,20,2007-10-06 06:00:00,qualifying_718
719,51,16,12,20,21,2007-10-06 06:00:00,qualifying_719
720,51,29,12,21,22,2007-10-06 06:00:00,qualifying_720
721,52,13,6,5,1,2007-10-20 16:00:00,qualifying_721
722,52,1,1,2,2,2007-10-20 16:00:00,qualifying_722
723,52,8,6,6,3,2007-10-20 16:00:00,qualifying_723
724,52,4,1,1,4,2007-10-20 16:00:00,qualifying_724
725,52,17,9,15,5,2007-10-20 16:00:00,qualifying_725
726,52,2,2,9,6,2007-10-20 16:00:00,qualifying_726
727,52,9,2,10,7,2007-10-20 16:00:00,qualifying_727
728,52,15,7,12,8,2007-10-20 16:00:00,qualifying_728
729,52,14,9,14,9,2007-10-20 16:00:00,qualifying_729
730,52,3,3,16,10,2007-10-20 16:00:00,qualifying_730
731,52,22,11,8,11,2007-10-20 16:00:00,qualifying_731
732,52,21,4,3,12,2007-10-20 16:00:00,qualifying_732
733,52,20,5,19,13,2007-10-20 16:00:00,qualifying_733
734,52,24,5,18,14,2007-10-20 16:00:00,qualifying_734
735,52,23,7,11,15,2007-10-20 16:00:00,qualifying_735
736,52,18,11,7,16,2007-10-20 16:00:00,qualifying_736
737,52,5,4,4,17,2007-10-20 16:00:00,qualifying_737
738,52,11,8,22,18,2007-10-20 16:00:00,qualifying_738
739,52,6,3,17,19,2007-10-20 16:00:00,qualifying_739
740,52,19,8,23,20,2007-10-20 16:00:00,qualifying_740
741,52,16,12,20,21,2007-10-20 16:00:00,qualifying_741
742,52,29,12,21,22,2007-10-20 16:00:00,qualifying_742
743,53,30,6,5,1,2006-03-11 14:30:00,qualifying_743
744,53,13,6,6,2,2006-03-11 14:30:00,qualifying_744
745,53,18,11,12,3,2006-03-11 14:30:00,qualifying_745
746,53,4,4,1,4,2006-03-11 14:30:00,qualifying_746
747,53,31,1,4,5,2006-03-11 14:30:00,qualifying_747
748,53,22,11,11,6,2006-03-11 14:30:00,qualifying_748
749,53,17,3,9,7,2006-03-11 14:30:00,qualifying_749
750,53,32,9,15,8,2006-03-11 14:30:00,qualifying_750
751,53,21,4,2,9,2006-03-11 14:30:00,qualifying_751
752,53,2,2,16,10,2006-03-11 14:30:00,qualifying_752
753,53,35,2,17,11,2006-03-11 14:30:00,qualifying_753
754,53,3,3,10,12,2006-03-11 14:30:00,qualifying_754
755,53,14,9,14,13,2006-03-11 14:30:00,qualifying_755
756,53,15,7,8,14,2006-03-11 14:30:00,qualifying_756
757,53,24,5,20,15,2006-03-11 14:30:00,qualifying_757
758,53,26,5,21,16,2006-03-11 14:30:00,qualifying_758
759,53,23,7,7,17,2006-03-11 14:30:00,qualifying_759
760,53,27,13,19,18,2006-03-11 14:30:00,qualifying_760
761,53,33,13,18,19,2006-03-11 14:30:00,qualifying_761
762,53,11,8,22,20,2006-03-11 14:30:00,qualifying_762
763,53,34,8,23,21,2006-03-11 14:30:00,qualifying_763
764,53,8,1,3,22,2006-03-11 14:30:00,qualifying_764
765,54,21,4,2,1,2006-03-18 15:00:00,qualifying_765
766,54,18,11,12,2,2006-03-18 15:00:00,qualifying_766
767,54,3,3,10,3,2006-03-18 15:00:00,qualifying_767
768,54,30,6,5,4,2006-03-18 15:00:00,qualifying_768
769,54,17,3,9,5,2006-03-18 15:00:00,qualifying_769
770,54,31,1,4,6,2006-03-18 15:00:00,qualifying_770
771,54,8,1,3,7,2006-03-18 15:00:00,qualifying_771
772,54,4,4,1,8,2006-03-18 15:00:00,qualifying_772
773,54,32,9,15,9,2006-03-18 15:00:00,qualifying_773
774,54,23,7,7,10,2006-03-18 15:00:00,qualifying_774
775,54,14,9,14,11,2006-03-18 15:00:00,qualifying_775
776,54,22,11,11,12,2006-03-18 15:00:00,qualifying_776
777,54,15,7,8,13,2006-03-18 15:00:00,qualifying_777
778,54,35,2,17,14,2006-03-18 15:00:00,qualifying_778
779,54,2,2,16,15,2006-03-18 15:00:00,qualifying_779
780,54,13,6,6,16,2006-03-18 15:00:00,qualifying_780
781,54,26,5,21,17,2006-03-18 15:00:00,qualifying_781
782,54,24,5,20,18,2006-03-18 15:00:00,qualifying_782
783,54,27,13,19,19,2006-03-18 15:00:00,qualifying_783
784,54,33,13,18,20,2006-03-18 15:00:00,qualifying_784
785,54,11,8,22,21,2006-03-18 15:00:00,qualifying_785
786,54,34,8,23,22,2006-03-18 15:00:00,qualifying_786
787,55,18,11,12,1,2006-04-01 14:00:00,qualifying_787
788,55,21,4,2,2,2006-04-01 14:00:00,qualifying_788
789,55,4,4,1,3,2006-04-01 14:00:00,qualifying_789
790,55,8,1,3,4,2006-04-01 14:00:00,qualifying_790
791,55,31,1,4,5,2006-04-01 14:00:00,qualifying_791
792,55,23,7,7,6,2006-04-01 14:00:00,qualifying_792
793,55,17,3,9,7,2006-04-01 14:00:00,qualifying_793
794,55,2,2,16,8,2006-04-01 14:00:00,qualifying_794
795,55,35,2,17,9,2006-04-01 14:00:00,qualifying_795
796,55,15,7,8,10,2006-04-01 14:00:00,qualifying_796
797,55,30,6,5,11,2006-04-01 14:00:00,qualifying_797
798,55,14,9,14,12,2006-04-01 14:00:00,qualifying_798
799,55,24,5,20,13,2006-04-01 14:00:00,qualifying_799
800,55,32,9,15,14,2006-04-01 14:00:00,qualifying_800
801,55,3,3,10,15,2006-04-01 14:00:00,qualifying_801
802,55,13,6,6,16,2006-04-01 14:00:00,qualifying_802
803,55,22,11,11,17,2006-04-01 14:00:00,qualifying_803
804,55,27,13,19,18,2006-04-01 14:00:00,qualifying_804
805,55,26,5,21,19,2006-04-01 14:00:00,qualifying_805
806,55,33,13,18,20,2006-04-01 14:00:00,qualifying_806
807,55,11,8,22,21,2006-04-01 14:00:00,qualifying_807
808,55,34,8,23,22,2006-04-01 14:00:00,qualifying_808
809,56,30,6,5,1,2006-04-22 14:00:00,qualifying_809
810,56,18,11,12,2,2006-04-22 14:00:00,qualifying_810
811,56,22,11,11,3,2006-04-22 14:00:00,qualifying_811
812,56,13,6,6,4,2006-04-22 14:00:00,qualifying_812
813,56,4,4,1,5,2006-04-22 14:00:00,qualifying_813
814,56,23,7,7,6,2006-04-22 14:00:00,qualifying_814
815,56,31,1,4,7,2006-04-22 14:00:00,qualifying_815
816,56,8,1,3,8,2006-04-22 14:00:00,qualifying_816
817,56,15,7,8,9,2006-04-22 14:00:00,qualifying_817
818,56,17,3,9,10,2006-04-22 14:00:00,qualifying_818
819,56,21,4,2,11,2006-04-22 14:00:00,qualifying_819
820,56,35,2,17,12,2006-04-22 14:00:00,qualifying_820
821,56,3,3,10,13,2006-04-22 14:00:00,qualifying_821
822,56,14,9,14,14,2006-04-22 14:00:00,qualifying_822
823,56,2,2,16,15,2006-04-22 14:00:00,qualifying_823
824,56,24,5,20,16,2006-04-22 14:00:00,qualifying_824
825,56,32,9,15,17,2006-04-22 14:00:00,qualifying_825
826,56,26,5,21,18,2006-04-22 14:00:00,qualifying_826
827,56,33,13,18,19,2006-04-22 14:00:00,qualifying_827
828,56,27,13,19,20,2006-04-22 14:00:00,qualifying_828
829,56,11,8,22,21,2006-04-22 14:00:00,qualifying_829
830,56,34,8,23,22,2006-04-22 14:00:00,qualifying_830
831,57,4,4,1,1,2006-05-06 14:00:00,qualifying_831
832,57,30,6,5,2,2006-05-06 14:00:00,qualifying_832
833,57,13,6,6,3,2006-05-06 14:00:00,qualifying_833
834,57,22,11,11,4,2006-05-06 14:00:00,qualifying_834
835,57,8,1,3,5,2006-05-06 14:00:00,qualifying_835
836,57,18,11,12,6,2006-05-06 14:00:00,qualifying_836
837,57,15,7,8,7,2006-05-06 14:00:00,qualifying_837
838,57,35,2,17,8,2006-05-06 14:00:00,qualifying_838
839,57,31,1,4,9,2006-05-06 14:00:00,qualifying_839
840,57,17,3,9,10,2006-05-06 14:00:00,qualifying_840
841,57,23,7,7,11,2006-05-06 14:00:00,qualifying_841
842,57,3,3,10,12,2006-05-06 14:00:00,qualifying_842
843,57,21,4,2,13,2006-05-06 14:00:00,qualifying_843
844,57,14,9,14,14,2006-05-06 14:00:00,qualifying_844
845,57,2,2,16,15,2006-05-06 14:00:00,qualifying_845
846,57,24,5,20,16,2006-05-06 14:00:00,qualifying_846
847,57,32,9,15,17,2006-05-06 14:00:00,qualifying_847
848,57,27,13,19,18,2006-05-06 14:00:00,qualifying_848
849,57,26,5,21,19,2006-05-06 14:00:00,qualifying_849
850,57,33,13,18,20,2006-05-06 14:00:00,qualifying_850
851,57,11,8,22,21,2006-05-06 14:00:00,qualifying_851
852,57,36,8,23,22,2006-05-06 14:00:00,qualifying_852
853,58,4,4,1,1,2006-05-13 14:00:00,qualifying_853
854,58,21,4,2,2,2006-05-13 14:00:00,qualifying_854
855,58,30,6,5,3,2006-05-13 14:00:00,qualifying_855
856,58,13,6,6,4,2006-05-13 14:00:00,qualifying_856
857,58,22,11,11,5,2006-05-13 14:00:00,qualifying_857
858,58,23,7,7,6,2006-05-13 14:00:00,qualifying_858
859,58,15,7,8,7,2006-05-13 14:00:00,qualifying_859
860,58,18,11,12,8,2006-05-13 14:00:00,qualifying_860
861,58,8,1,3,9,2006-05-13 14:00:00,qualifying_861
862,58,2,2,16,10,2006-05-13 14:00:00,qualifying_862
863,58,17,3,9,11,2006-05-13 14:00:00,qualifying_863
864,58,31,1,4,12,2006-05-13 14:00:00,qualifying_864
865,58,3,3,10,13,2006-05-13 14:00:00,qualifying_865
866,58,35,2,17,14,2006-05-13 14:00:00,qualifying_866
867,58,32,9,15,15,2006-05-13 14:00:00,qualifying_867
868,58,24,5,20,16,2006-05-13 14:00:00,qualifying_868
869,58,26,5,21,17,2006-05-13 14:00:00,qualifying_869
870,58,33,13,18,18,2006-05-13 14:00:00,qualifying_870
871,58,27,13,19,19,2006-05-13 14:00:00,qualifying_871
872,58,11,8,22,20,2006-05-13 14:00:00,qualifying_872
873,58,36,8,23,21,2006-05-13 14:00:00,qualifying_873
874,58,14,9,14,22,2006-05-13 14:00:00,qualifying_874
875,59,4,4,1,1,2006-05-27 14:00:00,qualifying_875
876,59,17,3,9,2,2006-05-27 14:00:00,qualifying_876
877,59,8,1,3,3,2006-05-27 14:00:00,qualifying_877
878,59,31,1,4,4,2006-05-27 14:00:00,qualifying_878
879,59,22,11,11,5,2006-05-27 14:00:00,qualifying_879
880,59,15,7,8,6,2006-05-27 14:00:00,qualifying_880
881,59,14,9,14,7,2006-05-27 14:00:00,qualifying_881
882,59,3,3,10,8,2006-05-27 14:00:00,qualifying_882
883,59,21,4,2,9,2006-05-27 14:00:00,qualifying_883
884,59,23,7,7,10,2006-05-27 14:00:00,qualifying_884
885,59,32,9,15,11,2006-05-27 14:00:00,qualifying_885
886,59,24,5,20,12,2006-05-27 14:00:00,qualifying_886
887,59,18,11,12,13,2006-05-27 14:00:00,qualifying_887
888,59,35,2,17,14,2006-05-27 14:00:00,qualifying_888
889,59,2,2,16,15,2006-05-27 14:00:00,qualifying_889
890,59,27,13,19,16,2006-05-27 14:00:00,qualifying_890
891,59,33,13,18,17,2006-05-27 14:00:00,qualifying_891
892,59,26,5,21,18,2006-05-27 14:00:00,qualifying_892
893,59,11,8,22,19,2006-05-27 14:00:00,qualifying_893
894,59,36,8,23,20,2006-05-27 14:00:00,qualifying_894
895,59,13,6,6,21,2006-05-27 14:00:00,qualifying_895
896,59,30,6,5,22,2006-05-27 14:00:00,qualifying_896
897,60,4,4,1,1,2006-06-10 12:00:00,qualifying_897
898,60,8,1,3,2,2006-06-10 12:00:00,qualifying_898
899,60,30,6,5,3,2006-06-10 12:00:00,qualifying_899
900,60,13,6,6,4,2006-06-10 12:00:00,qualifying_900
901,60,21,4,2,5,2006-06-10 12:00:00,qualifying_901
902,60,22,11,11,6,2006-06-10 12:00:00,qualifying_902
903,60,23,7,7,7,2006-06-10 12:00:00,qualifying_903
904,60,31,1,4,8,2006-06-10 12:00:00,qualifying_904
905,60,2,2,16,9,2006-06-10 12:00:00,qualifying_905
906,60,35,2,17,10,2006-06-10 12:00:00,qualifying_906
907,60,14,9,14,11,2006-06-10 12:00:00,qualifying_907
908,60,3,3,10,12,2006-06-10 12:00:00,qualifying_908
909,60,24,5,20,13,2006-06-10 12:00:00,qualifying_909
910,60,32,9,15,14,2006-06-10 12:00:00,qualifying_910
911,60,26,5,21,15,2006-06-10 12:00:00,qualifying_911
912,60,33,13,18,16,2006-06-10 12:00:00,qualifying_912
913,60,17,3,9,17,2006-06-10 12:00:00,qualifying_913
914,60,27,13,19,18,2006-06-10 12:00:00,qualifying_914
915,60,18,11,12,19,2006-06-10 12:00:00,qualifying_915
916,60,11,8,22,20,2006-06-10 12:00:00,qualifying_916
917,60,36,8,23,21,2006-06-10 12:00:00,qualifying_917
918,60,15,7,8,22,2006-06-10 12:00:00,qualifying_918
919,61,4,4,1,1,2006-06-24 13:00:00,qualifying_919
920,61,21,4,2,2,2006-06-24 13:00:00,qualifying_920
921,61,8,1,3,3,2006-06-24 13:00:00,qualifying_921
922,61,15,7,8,4,2006-06-24 13:00:00,qualifying_922
923,61,30,6,5,5,2006-06-24 13:00:00,qualifying_923
924,61,3,3,10,6,2006-06-24 13:00:00,qualifying_924
925,61,31,1,4,7,2006-06-24 13:00:00,qualifying_925
926,61,18,11,12,8,2006-06-24 13:00:00,qualifying_926
927,61,22,11,11,9,2006-06-24 13:00:00,qualifying_927
928,61,13,6,6,10,2006-06-24 13:00:00,qualifying_928
929,61,35,2,17,11,2006-06-24 13:00:00,qualifying_929
930,61,32,9,15,12,2006-06-24 13:00:00,qualifying_930
931,61,2,2,16,13,2006-06-24 13:00:00,qualifying_931
932,61,23,7,7,14,2006-06-24 13:00:00,qualifying_932
933,61,24,5,20,15,2006-06-24 13:00:00,qualifying_933
934,61,14,9,14,16,2006-06-24 13:00:00,qualifying_934
935,61,17,3,9,17,2006-06-24 13:00:00,qualifying_935
936,61,26,5,21,18,2006-06-24 13:00:00,qualifying_936
937,61,33,13,18,19,2006-06-24 13:00:00,qualifying_937
938,61,27,13,19,20,2006-06-24 13:00:00,qualifying_938
939,61,11,8,22,21,2006-06-24 13:00:00,qualifying_939
940,61,36,8,23,22,2006-06-24 13:00:00,qualifying_940
941,62,30,6,5,1,2006-07-01 14:00:00,qualifying_941
942,62,13,6,6,2,2006-07-01 14:00:00,qualifying_942
943,62,21,4,2,3,2006-07-01 14:00:00,qualifying_943
944,62,22,11,11,4,2006-07-01 14:00:00,qualifying_944
945,62,4,4,1,5,2006-07-01 14:00:00,qualifying_945
946,62,35,2,17,6,2006-07-01 14:00:00,qualifying_946
947,62,18,11,12,7,2006-07-01 14:00:00,qualifying_947
948,62,23,7,7,8,2006-07-01 14:00:00,qualifying_948
949,62,8,1,3,9,2006-07-01 14:00:00,qualifying_949
950,62,2,2,16,10,2006-07-01 14:00:00,qualifying_950
951,62,31,1,4,11,2006-07-01 14:00:00,qualifying_951
952,62,17,3,9,12,2006-07-01 14:00:00,qualifying_952
953,62,26,5,21,13,2006-07-01 14:00:00,qualifying_953
954,62,27,13,19,14,2006-07-01 14:00:00,qualifying_954
955,62,33,13,18,15,2006-07-01 14:00:00,qualifying_955
956,62,32,9,15,16,2006-07-01 14:00:00,qualifying_956
957,62,14,9,14,17,2006-07-01 14:00:00,qualifying_957
958,62,11,8,22,18,2006-07-01 14:00:00,qualifying_958
959,62,3,3,10,19,2006-07-01 14:00:00,qualifying_959
960,62,15,7,8,20,2006-07-01 14:00:00,qualifying_960
961,62,24,5,20,21,2006-07-01 14:00:00,qualifying_961
962,62,36,8,23,22,2006-07-01 14:00:00,qualifying_962
963,63,30,6,5,1,2006-07-15 14:00:00,qualifying_963
964,63,13,6,6,2,2006-07-15 14:00:00,qualifying_964
965,63,4,4,1,3,2006-07-15 14:00:00,qualifying_965
966,63,15,7,8,4,2006-07-15 14:00:00,qualifying_966
967,63,23,7,7,5,2006-07-15 14:00:00,qualifying_967
968,63,8,1,3,6,2006-07-15 14:00:00,qualifying_968
969,63,21,4,2,7,2006-07-15 14:00:00,qualifying_969
970,63,37,1,4,8,2006-07-15 14:00:00,qualifying_970
971,63,3,3,10,9,2006-07-15 14:00:00,qualifying_971
972,63,14,9,14,10,2006-07-15 14:00:00,qualifying_972
973,63,17,3,9,11,2006-07-15 14:00:00,qualifying_973
974,63,2,2,16,12,2006-07-15 14:00:00,qualifying_974
975,63,32,9,15,13,2006-07-15 14:00:00,qualifying_975
976,63,22,11,11,14,2006-07-15 14:00:00,qualifying_976
977,63,26,5,21,15,2006-07-15 14:00:00,qualifying_977
978,63,27,13,19,16,2006-07-15 14:00:00,qualifying_978
979,63,24,5,20,17,2006-07-15 14:00:00,qualifying_979
980,63,35,2,17,18,2006-07-15 14:00:00,qualifying_980
981,63,18,11,12,19,2006-07-15 14:00:00,qualifying_981
982,63,33,13,18,20,2006-07-15 14:00:00,qualifying_982
983,63,36,8,23,21,2006-07-15 14:00:00,qualifying_983
984,63,11,8,22,22,2006-07-15 14:00:00,qualifying_984
985,64,8,1,3,1,2006-07-29 14:00:00,qualifying_985
986,64,30,6,5,2,2006-07-29 14:00:00,qualifying_986
987,64,13,6,6,3,2006-07-29 14:00:00,qualifying_987
988,64,18,11,12,4,2006-07-29 14:00:00,qualifying_988
989,64,21,4,2,5,2006-07-29 14:00:00,qualifying_989
990,64,22,11,11,6,2006-07-29 14:00:00,qualifying_990
991,64,4,4,1,7,2006-07-29 14:00:00,qualifying_991
992,64,23,7,7,8,2006-07-29 14:00:00,qualifying_992
993,64,37,1,4,9,2006-07-29 14:00:00,qualifying_993
994,64,14,9,14,10,2006-07-29 14:00:00,qualifying_994
995,64,17,3,9,11,2006-07-29 14:00:00,qualifying_995
996,64,32,9,15,12,2006-07-29 14:00:00,qualifying_996
997,64,15,7,8,13,2006-07-29 14:00:00,qualifying_997
998,64,35,2,17,14,2006-07-29 14:00:00,qualifying_998
999,64,3,3,10,15,2006-07-29 14:00:00,qualifying_999
1000,64,2,2,16,16,2006-07-29 14:00:00,qualifying_1000
1001,64,24,5,20,17,2006-07-29 14:00:00,qualifying_1001
1002,64,27,13,19,18,2006-07-29 14:00:00,qualifying_1002
1003,64,11,8,22,19,2006-07-29 14:00:00,qualifying_1003
1004,64,33,13,18,20,2006-07-29 14:00:00,qualifying_1004
1005,64,29,8,23,21,2006-07-29 14:00:00,qualifying_1005
1006,64,26,5,21,22,2006-07-29 14:00:00,qualifying_1006
1007,65,8,1,3,1,2006-08-05 14:00:00,qualifying_1007
1008,65,13,6,6,2,2006-08-05 14:00:00,qualifying_1008
1009,65,22,11,11,3,2006-08-05 14:00:00,qualifying_1009
1010,65,18,11,12,4,2006-08-05 14:00:00,qualifying_1010
1011,65,37,1,4,5,2006-08-05 14:00:00,qualifying_1011
1012,65,17,3,9,6,2006-08-05 14:00:00,qualifying_1012
1013,65,23,7,7,7,2006-08-05 14:00:00,qualifying_1013
1014,65,21,4,2,8,2006-08-05 14:00:00,qualifying_1014
1015,65,15,7,8,9,2006-08-05 14:00:00,qualifying_1015
1016,65,9,2,17,10,2006-08-05 14:00:00,qualifying_1016
1017,65,2,2,16,11,2006-08-05 14:00:00,qualifying_1017
1018,65,30,6,5,12,2006-08-05 14:00:00,qualifying_1018
1019,65,14,9,14,13,2006-08-05 14:00:00,qualifying_1019
1020,65,32,9,15,14,2006-08-05 14:00:00,qualifying_1020
1021,65,4,4,1,15,2006-08-05 14:00:00,qualifying_1021
1022,65,33,13,18,16,2006-08-05 14:00:00,qualifying_1022
1023,65,24,5,20,17,2006-08-05 14:00:00,qualifying_1023
1024,65,3,3,10,18,2006-08-05 14:00:00,qualifying_1024
1025,65,26,5,21,19,2006-08-05 14:00:00,qualifying_1025
1026,65,11,8,22,20,2006-08-05 14:00:00,qualifying_1026
1027,65,27,13,19,21,2006-08-05 14:00:00,qualifying_1027
1028,65,29,8,23,22,2006-08-05 14:00:00,qualifying_1028
1029,66,13,6,6,1,2006-08-26 15:00:00,qualifying_1029
1030,66,30,6,5,2,2006-08-26 15:00:00,qualifying_1030
1031,66,4,4,1,3,2006-08-26 15:00:00,qualifying_1031
1032,66,21,4,2,4,2006-08-26 15:00:00,qualifying_1032
1033,66,23,7,7,5,2006-08-26 15:00:00,qualifying_1033
1034,66,2,2,16,6,2006-08-26 15:00:00,qualifying_1034
1035,66,18,11,12,7,2006-08-26 15:00:00,qualifying_1035
1036,66,8,1,3,8,2006-08-26 15:00:00,qualifying_1036
1037,66,9,2,17,9,2006-08-26 15:00:00,qualifying_1037
1038,66,17,3,9,10,2006-08-26 15:00:00,qualifying_1038
1039,66,32,9,15,11,2006-08-26 15:00:00,qualifying_1039
1040,66,37,1,4,12,2006-08-26 15:00:00,qualifying_1040
1041,66,15,7,8,13,2006-08-26 15:00:00,qualifying_1041
1042,66,22,11,11,14,2006-08-26 15:00:00,qualifying_1042
1043,66,3,3,10,15,2006-08-26 15:00:00,qualifying_1043
1044,66,27,13,19,16,2006-08-26 15:00:00,qualifying_1044
1045,66,14,9,14,17,2006-08-26 15:00:00,qualifying_1045
1046,66,26,5,21,18,2006-08-26 15:00:00,qualifying_1046
1047,66,24,5,20,19,2006-08-26 15:00:00,qualifying_1047
1048,66,33,13,18,20,2006-08-26 15:00:00,qualifying_1048
1049,66,29,8,23,21,2006-08-26 15:00:00,qualifying_1049
1050,66,11,8,22,22,2006-08-26 15:00:00,qualifying_1050
1051,67,8,1,3,1,2006-09-09 14:00:00,qualifying_1051
1052,67,30,6,5,2,2006-09-09 14:00:00,qualifying_1052
1053,67,2,2,16,3,2006-09-09 14:00:00,qualifying_1053
1054,67,13,6,6,4,2006-09-09 14:00:00,qualifying_1054
1055,67,18,11,12,5,2006-09-09 14:00:00,qualifying_1055
1056,67,9,2,17,6,2006-09-09 14:00:00,qualifying_1056
1057,67,37,1,4,7,2006-09-09 14:00:00,qualifying_1057
1058,67,22,11,11,8,2006-09-09 14:00:00,qualifying_1058
1059,67,21,4,2,9,2006-09-09 14:00:00,qualifying_1059
1060,67,4,4,1,10,2006-09-09 14:00:00,qualifying_1060
1061,67,15,7,8,11,2006-09-09 14:00:00,qualifying_1061
1062,67,3,3,10,12,2006-09-09 14:00:00,qualifying_1062
1063,67,23,7,7,13,2006-09-09 14:00:00,qualifying_1063
1064,67,14,9,14,14,2006-09-09 14:00:00,qualifying_1064
1065,67,26,5,21,15,2006-09-09 14:00:00,qualifying_1065
1066,67,32,9,15,16,2006-09-09 14:00:00,qualifying_1066
1067,67,24,5,20,17,2006-09-09 14:00:00,qualifying_1067
1068,67,27,14,19,18,2006-09-09 14:00:00,qualifying_1068
1069,67,17,3,9,19,2006-09-09 14:00:00,qualifying_1069
1070,67,33,14,18,20,2006-09-09 14:00:00,qualifying_1070
1071,67,11,8,22,21,2006-09-09 14:00:00,qualifying_1071
1072,67,29,8,23,22,2006-09-09 14:00:00,qualifying_1072
1073,68,4,4,1,1,2006-09-30 14:00:00,qualifying_1073
1074,68,21,4,2,2,2006-09-30 14:00:00,qualifying_1074
1075,68,22,11,11,3,2006-09-30 14:00:00,qualifying_1075
1076,68,18,11,12,4,2006-09-30 14:00:00,qualifying_1076
1077,68,8,1,3,5,2006-09-30 14:00:00,qualifying_1077
1078,68,30,6,5,6,2006-09-30 14:00:00,qualifying_1078
1079,68,37,1,4,7,2006-09-30 14:00:00,qualifying_1079
1080,68,2,2,16,8,2006-09-30 14:00:00,qualifying_1080
1081,68,9,2,17,9,2006-09-30 14:00:00,qualifying_1081
1082,68,38,9,15,10,2006-09-30 14:00:00,qualifying_1082
1083,68,26,5,21,11,2006-09-30 14:00:00,qualifying_1083
1084,68,14,9,14,12,2006-09-30 14:00:00,qualifying_1084
1085,68,24,5,20,13,2006-09-30 14:00:00,qualifying_1085
1086,68,17,3,9,14,2006-09-30 14:00:00,qualifying_1086
1087,68,3,3,10,15,2006-09-30 14:00:00,qualifying_1087
1088,68,23,7,7,16,2006-09-30 14:00:00,qualifying_1088
1089,68,15,7,8,17,2006-09-30 14:00:00,qualifying_1089
1090,68,33,14,18,18,2006-09-30 14:00:00,qualifying_1090
1091,68,29,8,23,19,2006-09-30 14:00:00,qualifying_1091
1092,68,13,6,6,20,2006-09-30 14:00:00,qualifying_1092
1093,68,11,8,22,21,2006-09-30 14:00:00,qualifying_1093
1094,68,27,14,19,22,2006-09-30 14:00:00,qualifying_1094
1095,69,13,6,6,1,2006-10-07 14:00:00,qualifying_1095
1096,69,30,6,5,2,2006-10-07 14:00:00,qualifying_1096
1097,69,23,7,7,3,2006-10-07 14:00:00,qualifying_1097
1098,69,15,7,8,4,2006-10-07 14:00:00,qualifying_1098
1099,69,4,4,1,5,2006-10-07 14:00:00,qualifying_1099
1100,69,21,4,2,6,2006-10-07 14:00:00,qualifying_1100
1101,69,18,11,12,7,2006-10-07 14:00:00,qualifying_1101
1102,69,22,11,11,8,2006-10-07 14:00:00,qualifying_1102
1103,69,2,2,16,9,2006-10-07 14:00:00,qualifying_1103
1104,69,3,3,10,10,2006-10-07 14:00:00,qualifying_1104
1105,69,8,1,3,11,2006-10-07 14:00:00,qualifying_1105
1106,69,9,2,17,12,2006-10-07 14:00:00,qualifying_1106
1107,69,37,1,4,13,2006-10-07 14:00:00,qualifying_1107
1108,69,17,3,9,14,2006-10-07 14:00:00,qualifying_1108
1109,69,24,5,20,15,2006-10-07 14:00:00,qualifying_1109
1110,69,27,14,19,16,2006-10-07 14:00:00,qualifying_1110
1111,69,14,9,14,17,2006-10-07 14:00:00,qualifying_1111
1112,69,38,9,15,18,2006-10-07 14:00:00,qualifying_1112
1113,69,26,5,21,19,2006-10-07 14:00:00,qualifying_1113
1114,69,11,8,22,20,2006-10-07 14:00:00,qualifying_1114
1115,69,33,14,18,21,2006-10-07 14:00:00,qualifying_1115
1116,69,29,8,23,22,2006-10-07 14:00:00,qualifying_1116
1117,70,13,6,6,1,2006-10-21 14:00:00,qualifying_1117
1118,70,8,1,3,2,2006-10-21 14:00:00,qualifying_1118
1119,70,15,7,8,3,2006-10-21 14:00:00,qualifying_1119
1120,70,4,4,1,4,2006-10-21 14:00:00,qualifying_1120
1121,70,22,11,11,5,2006-10-21 14:00:00,qualifying_1121
1122,70,21,4,2,6,2006-10-21 14:00:00,qualifying_1122
1123,70,23,7,7,7,2006-10-21 14:00:00,qualifying_1123
1124,70,2,2,16,8,2006-10-21 14:00:00,qualifying_1124
1125,70,9,2,17,9,2006-10-21 14:00:00,qualifying_1125
1126,70,30,6,5,10,2006-10-21 14:00:00,qualifying_1126
1127,70,17,3,9,11,2006-10-21 14:00:00,qualifying_1127
1128,70,37,1,4,12,2006-10-21 14:00:00,qualifying_1128
1129,70,3,3,10,13,2006-10-21 14:00:00,qualifying_1129
1130,70,18,11,12,14,2006-10-21 14:00:00,qualifying_1130
1131,70,38,9,15,15,2006-10-21 14:00:00,qualifying_1131
1132,70,24,5,20,16,2006-10-21 14:00:00,qualifying_1132
1133,70,26,5,21,17,2006-10-21 14:00:00,qualifying_1133
1134,70,27,14,19,18,2006-10-21 14:00:00,qualifying_1134
1135,70,14,9,14,19,2006-10-21 14:00:00,qualifying_1135
1136,70,11,8,22,20,2006-10-21 14:00:00,qualifying_1136
1137,70,29,8,23,21,2006-10-21 14:00:00,qualifying_1137
1138,70,33,14,18,22,2006-10-21 14:00:00,qualifying_1138
1139,77,2,3,8,1,2005-05-28 14:00:00,qualifying_1139
1140,77,8,1,9,2,2005-05-28 14:00:00,qualifying_1140
1141,77,17,3,7,3,2005-05-28 14:00:00,qualifying_1141
1142,77,15,7,16,4,2005-05-28 14:00:00,qualifying_1142
1143,77,31,1,10,5,2005-05-28 14:00:00,qualifying_1143
1144,77,4,4,5,6,2005-05-28 14:00:00,qualifying_1144
1145,77,22,6,2,7,2005-05-28 14:00:00,qualifying_1145
1146,77,23,7,17,8,2005-05-28 14:00:00,qualifying_1146
1147,77,21,4,6,9,2005-05-28 14:00:00,qualifying_1147
1148,77,30,6,1,10,2005-05-28 14:00:00,qualifying_1148
1149,77,13,15,12,11,2005-05-28 14:00:00,qualifying_1149
1150,77,14,9,14,12,2005-05-28 14:00:00,qualifying_1150
1151,77,18,16,3,13,2005-05-28 14:00:00,qualifying_1151
1152,77,24,9,15,14,2005-05-28 14:00:00,qualifying_1152
1153,77,35,15,11,15,2005-05-28 14:00:00,qualifying_1153
1154,77,11,16,4,16,2005-05-28 14:00:00,qualifying_1154
1155,77,33,17,18,17,2005-05-28 14:00:00,qualifying_1155
1156,77,40,18,20,18,2005-05-28 14:00:00,qualifying_1156
1157,77,39,17,19,19,2005-05-28 14:00:00,qualifying_1157
1158,77,27,18,21,20,2005-05-28 14:00:00,qualifying_1158
1159,78,18,16,3,1,2005-06-11 13:00:00,qualifying_1159
1160,78,30,6,1,2,2005-06-11 13:00:00,qualifying_1160
1161,78,4,4,5,3,2005-06-11 13:00:00,qualifying_1161
1162,78,21,4,6,4,2005-06-11 13:00:00,qualifying_1162
1163,78,31,1,10,5,2005-06-11 13:00:00,qualifying_1163
1164,78,11,16,4,6,2005-06-11 13:00:00,qualifying_1164
1165,78,8,1,9,7,2005-06-11 13:00:00,qualifying_1165
1166,78,35,15,11,8,2005-06-11 13:00:00,qualifying_1166
1167,78,15,7,16,9,2005-06-11 13:00:00,qualifying_1167
1168,78,23,7,17,10,2005-06-11 13:00:00,qualifying_1168
1169,78,13,15,12,11,2005-06-11 13:00:00,qualifying_1169
1170,78,14,9,14,12,2005-06-11 13:00:00,qualifying_1170
1171,78,2,3,8,13,2005-06-11 13:00:00,qualifying_1171
1172,78,17,3,7,14,2005-06-11 13:00:00,qualifying_1172
1173,78,27,18,21,15,2005-06-11 13:00:00,qualifying_1173
1174,78,32,9,15,16,2005-06-11 13:00:00,qualifying_1174
1175,78,39,17,19,17,2005-06-11 13:00:00,qualifying_1175
1176,78,33,17,18,18,2005-06-11 13:00:00,qualifying_1176
1177,78,40,18,20,19,2005-06-11 13:00:00,qualifying_1177
1178,78,22,6,2,20,2005-06-11 13:00:00,qualifying_1178
1179,79,15,7,16,1,2005-06-18 14:00:00,qualifying_1179
1180,79,8,1,9,2,2005-06-18 14:00:00,qualifying_1180
1181,79,18,16,3,3,2005-06-18 14:00:00,qualifying_1181
1182,79,21,4,6,4,2005-06-18 14:00:00,qualifying_1182
1183,79,30,6,1,5,2005-06-18 14:00:00,qualifying_1183
1184,79,4,4,5,6,2005-06-18 14:00:00,qualifying_1184
1185,79,22,6,2,7,2005-06-18 14:00:00,qualifying_1185
1186,79,11,16,4,8,2005-06-18 14:00:00,qualifying_1186
1187,79,17,3,7,9,2005-06-18 14:00:00,qualifying_1187
1188,79,13,15,12,10,2005-06-18 14:00:00,qualifying_1188
1189,79,31,1,10,11,2005-06-18 14:00:00,qualifying_1189
1190,79,35,15,11,12,2005-06-18 14:00:00,qualifying_1190
1191,79,41,7,17,13,2005-06-18 14:00:00,qualifying_1191
1192,79,32,9,15,14,2005-06-18 14:00:00,qualifying_1192
1193,79,2,3,8,15,2005-06-18 14:00:00,qualifying_1193
1194,79,14,9,14,16,2005-06-18 14:00:00,qualifying_1194
1195,79,33,17,18,17,2005-06-18 14:00:00,qualifying_1195
1196,79,27,18,21,18,2005-06-18 14:00:00,qualifying_1196
1197,79,39,17,19,19,2005-06-18 14:00:00,qualifying_1197
1198,79,40,18,20,20,2005-06-18 14:00:00,qualifying_1198
1199,80,4,4,5,1,2005-07-02 14:00:00,qualifying_1199
1200,80,15,7,16,2,2005-07-02 14:00:00,qualifying_1200
1201,80,8,1,9,3,2005-07-02 14:00:00,qualifying_1201
1202,80,30,6,1,4,2005-07-02 14:00:00,qualifying_1202
1203,80,11,16,4,5,2005-07-02 14:00:00,qualifying_1203
1204,80,22,6,2,6,2005-07-02 14:00:00,qualifying_1204
1205,80,21,4,6,7,2005-07-02 14:00:00,qualifying_1205
1206,80,18,16,3,8,2005-07-02 14:00:00,qualifying_1206
1207,80,31,1,10,9,2005-07-02 14:00:00,qualifying_1207
1208,80,13,15,12,10,2005-07-02 14:00:00,qualifying_1208
1209,80,35,15,11,11,2005-07-02 14:00:00,qualifying_1209
1210,80,23,7,17,12,2005-07-02 14:00:00,qualifying_1210
1211,80,17,3,7,13,2005-07-02 14:00:00,qualifying_1211
1212,80,2,3,8,14,2005-07-02 14:00:00,qualifying_1212
1213,80,14,9,14,15,2005-07-02 14:00:00,qualifying_1213
1214,80,32,9,15,16,2005-07-02 14:00:00,qualifying_1214
1215,80,39,17,19,17,2005-07-02 14:00:00,qualifying_1215
1216,80,40,18,20,18,2005-07-02 14:00:00,qualifying_1216
1217,80,33,17,18,19,2005-07-02 14:00:00,qualifying_1217
1218,80,27,18,21,20,2005-07-02 14:00:00,qualifying_1218
1219,81,4,4,5,1,2005-07-09 14:00:00,qualifying_1219
1220,81,8,1,9,2,2005-07-09 14:00:00,qualifying_1220
1221,81,18,16,3,3,2005-07-09 14:00:00,qualifying_1221
1222,81,31,1,10,4,2005-07-09 14:00:00,qualifying_1222
1223,81,15,7,16,5,2005-07-09 14:00:00,qualifying_1223
1224,81,22,6,2,6,2005-07-09 14:00:00,qualifying_1224
1225,81,21,4,6,7,2005-07-09 14:00:00,qualifying_1225
1226,81,11,16,4,8,2005-07-09 14:00:00,qualifying_1226
1227,81,23,7,17,9,2005-07-09 14:00:00,qualifying_1227
1228,81,30,6,1,10,2005-07-09 14:00:00,qualifying_1228
1229,81,35,15,11,11,2005-07-09 14:00:00,qualifying_1229
1230,81,17,3,7,12,2005-07-09 14:00:00,qualifying_1230
1231,81,14,9,14,13,2005-07-09 14:00:00,qualifying_1231
1232,81,2,3,8,14,2005-07-09 14:00:00,qualifying_1232
1233,81,32,9,15,15,2005-07-09 14:00:00,qualifying_1233
1234,81,13,15,12,16,2005-07-09 14:00:00,qualifying_1234
1235,81,39,17,19,17,2005-07-09 14:00:00,qualifying_1235
1236,81,27,18,21,18,2005-07-09 14:00:00,qualifying_1236
1237,81,40,18,20,19,2005-07-09 14:00:00,qualifying_1237
1238,81,33,17,18,20,2005-07-09 14:00:00,qualifying_1238
1239,82,8,1,9,1,2005-07-23 14:00:00,qualifying_1239
1240,82,18,16,3,2,2005-07-23 14:00:00,qualifying_1240
1241,82,4,4,5,3,2005-07-23 14:00:00,qualifying_1241
1242,82,21,4,6,4,2005-07-23 14:00:00,qualifying_1242
1243,82,30,6,1,5,2005-07-23 14:00:00,qualifying_1243
1244,82,17,3,7,6,2005-07-23 14:00:00,qualifying_1244
1245,82,2,3,8,7,2005-07-23 14:00:00,qualifying_1245
1246,82,11,16,4,8,2005-07-23 14:00:00,qualifying_1246
1247,82,15,7,16,9,2005-07-23 14:00:00,qualifying_1247
1248,82,32,9,15,10,2005-07-23 14:00:00,qualifying_1248
1249,82,14,9,14,11,2005-07-23 14:00:00,qualifying_1249
1250,82,23,7,17,12,2005-07-23 14:00:00,qualifying_1250
1251,82,13,15,12,13,2005-07-23 14:00:00,qualifying_1251
1252,82,35,15,11,14,2005-07-23 14:00:00,qualifying_1252
1253,82,22,6,2,15,2005-07-23 14:00:00,qualifying_1253
1254,82,27,18,21,16,2005-07-23 14:00:00,qualifying_1254
1255,82,38,18,20,17,2005-07-23 14:00:00,qualifying_1255
1256,82,33,17,18,18,2005-07-23 14:00:00,qualifying_1256
1257,82,31,1,10,19,2005-07-23 14:00:00,qualifying_1257
1258,82,39,17,19,20,2005-07-23 14:00:00,qualifying_1258
1259,83,30,6,1,1,2005-07-30 14:00:00,qualifying_1259
1260,83,31,1,10,2,2005-07-30 14:00:00,qualifying_1260
1261,83,15,7,16,3,2005-07-30 14:00:00,qualifying_1261
1262,83,8,1,9,4,2005-07-30 14:00:00,qualifying_1262
1263,83,23,7,17,5,2005-07-30 14:00:00,qualifying_1263
1264,83,4,4,5,6,2005-07-30 14:00:00,qualifying_1264
1265,83,22,6,2,7,2005-07-30 14:00:00,qualifying_1265
1266,83,18,16,3,8,2005-07-30 14:00:00,qualifying_1266
1267,83,21,4,6,9,2005-07-30 14:00:00,qualifying_1267
1268,83,11,16,4,10,2005-07-30 14:00:00,qualifying_1268
1269,83,32,9,15,11,2005-07-30 14:00:00,qualifying_1269
1270,83,2,3,8,12,2005-07-30 14:00:00,qualifying_1270
1271,83,14,9,14,13,2005-07-30 14:00:00,qualifying_1271
1272,83,13,15,12,14,2005-07-30 14:00:00,qualifying_1272
1273,83,35,15,11,15,2005-07-30 14:00:00,qualifying_1273
1274,83,17,3,7,16,2005-07-30 14:00:00,qualifying_1274
1275,83,27,18,21,17,2005-07-30 14:00:00,qualifying_1275
1276,83,39,17,19,18,2005-07-30 14:00:00,qualifying_1276
1277,83,38,18,20,19,2005-07-30 14:00:00,qualifying_1277
1278,83,33,17,18,20,2005-07-30 14:00:00,qualifying_1278
1279,84,8,1,9,1,2005-08-20 15:00:00,qualifying_1279
1280,84,21,4,6,2,2005-08-20 15:00:00,qualifying_1280
1281,84,4,4,5,3,2005-08-20 15:00:00,qualifying_1281
1282,84,31,1,10,4,2005-08-20 15:00:00,qualifying_1282
1283,84,15,7,16,5,2005-08-20 15:00:00,qualifying_1283
1284,84,2,3,8,6,2005-08-20 15:00:00,qualifying_1284
1285,84,17,3,7,7,2005-08-20 15:00:00,qualifying_1285
1286,84,13,15,12,8,2005-08-20 15:00:00,qualifying_1286
1287,84,23,7,17,9,2005-08-20 15:00:00,qualifying_1287
1288,84,32,9,15,10,2005-08-20 15:00:00,qualifying_1288
1289,84,22,6,2,11,2005-08-20 15:00:00,qualifying_1289
1290,84,14,9,14,12,2005-08-20 15:00:00,qualifying_1290
1291,84,18,16,3,13,2005-08-20 15:00:00,qualifying_1291
1292,84,11,16,4,14,2005-08-20 15:00:00,qualifying_1292
1293,84,33,17,18,15,2005-08-20 15:00:00,qualifying_1293
1294,84,27,18,21,16,2005-08-20 15:00:00,qualifying_1294
1295,84,38,18,20,17,2005-08-20 15:00:00,qualifying_1295
1296,84,35,15,11,18,2005-08-20 15:00:00,qualifying_1296
1297,84,39,17,19,19,2005-08-20 15:00:00,qualifying_1297
1298,84,30,6,1,20,2005-08-20 15:00:00,qualifying_1298
1299,85,8,1,9,1,2005-09-03 14:00:00,qualifying_1299
1300,85,31,1,10,2,2005-09-03 14:00:00,qualifying_1300
1301,85,4,4,5,3,2005-09-03 14:00:00,qualifying_1301
1302,85,18,16,3,4,2005-09-03 14:00:00,qualifying_1302
1303,85,11,16,4,5,2005-09-03 14:00:00,qualifying_1303
1304,85,15,7,16,6,2005-09-03 14:00:00,qualifying_1304
1305,85,30,6,1,7,2005-09-03 14:00:00,qualifying_1305
1306,85,22,6,2,8,2005-09-03 14:00:00,qualifying_1306
1307,85,21,4,6,9,2005-09-03 14:00:00,qualifying_1307
1308,85,23,7,17,10,2005-09-03 14:00:00,qualifying_1308
1309,85,14,9,14,11,2005-09-03 14:00:00,qualifying_1309
1310,85,35,15,11,12,2005-09-03 14:00:00,qualifying_1310
1311,85,32,9,15,13,2005-09-03 14:00:00,qualifying_1311
1312,85,17,3,7,14,2005-09-03 14:00:00,qualifying_1312
1313,85,13,15,12,15,2005-09-03 14:00:00,qualifying_1313
1314,85,42,3,8,16,2005-09-03 14:00:00,qualifying_1314
1315,85,33,17,18,17,2005-09-03 14:00:00,qualifying_1315
1316,85,38,18,20,18,2005-09-03 14:00:00,qualifying_1316
1317,85,39,17,19,19,2005-09-03 14:00:00,qualifying_1317
1318,85,27,18,21,20,2005-09-03 14:00:00,qualifying_1318
1319,86,31,1,10,1,2005-09-10 14:00:00,qualifying_1319
1320,86,8,1,9,2,2005-09-10 14:00:00,qualifying_1320
1321,86,21,4,6,3,2005-09-10 14:00:00,qualifying_1321
1322,86,15,7,16,4,2005-09-10 14:00:00,qualifying_1322
1323,86,4,4,5,5,2005-09-10 14:00:00,qualifying_1323
1324,86,23,7,17,6,2005-09-10 14:00:00,qualifying_1324
1325,86,30,6,1,7,2005-09-10 14:00:00,qualifying_1325
1326,86,13,15,12,8,2005-09-10 14:00:00,qualifying_1326
1327,86,18,16,3,9,2005-09-10 14:00:00,qualifying_1327
1328,86,17,3,7,10,2005-09-10 14:00:00,qualifying_1328
1329,86,11,16,4,11,2005-09-10 14:00:00,qualifying_1329
1330,86,14,9,14,12,2005-09-10 14:00:00,qualifying_1330
1331,86,22,6,2,13,2005-09-10 14:00:00,qualifying_1331
1332,86,35,15,11,14,2005-09-10 14:00:00,qualifying_1332
1333,86,42,3,8,15,2005-09-10 14:00:00,qualifying_1333
1334,86,32,9,15,16,2005-09-10 14:00:00,qualifying_1334
1335,86,38,18,20,17,2005-09-10 14:00:00,qualifying_1335
1336,86,27,18,21,18,2005-09-10 14:00:00,qualifying_1336
1337,86,33,17,18,19,2005-09-10 14:00:00,qualifying_1337
1338,86,39,17,19,20,2005-09-10 14:00:00,qualifying_1338
1339,87,4,4,5,1,2005-09-24 14:00:00,qualifying_1339
1340,87,31,1,10,2,2005-09-24 14:00:00,qualifying_1340
1341,87,21,4,6,3,2005-09-24 14:00:00,qualifying_1341
1342,87,18,16,3,4,2005-09-24 14:00:00,qualifying_1342
1343,87,8,1,9,5,2005-09-24 14:00:00,qualifying_1343
1344,87,32,9,15,6,2005-09-24 14:00:00,qualifying_1344
1345,87,30,6,1,7,2005-09-24 14:00:00,qualifying_1345
1346,87,15,7,16,8,2005-09-24 14:00:00,qualifying_1346
1347,87,13,15,12,9,2005-09-24 14:00:00,qualifying_1347
1348,87,22,6,2,10,2005-09-24 14:00:00,qualifying_1348
1349,87,23,7,17,11,2005-09-24 14:00:00,qualifying_1349
1350,87,35,15,11,12,2005-09-24 14:00:00,qualifying_1350
1351,87,33,17,18,13,2005-09-24 14:00:00,qualifying_1351
1352,87,17,3,7,14,2005-09-24 14:00:00,qualifying_1352
1353,87,42,3,8,15,2005-09-24 14:00:00,qualifying_1353
1354,87,14,9,14,16,2005-09-24 14:00:00,qualifying_1354
1355,87,39,17,19,17,2005-09-24 14:00:00,qualifying_1355
1356,87,27,18,21,18,2005-09-24 14:00:00,qualifying_1356
1357,87,11,16,4,19,2005-09-24 14:00:00,qualifying_1357
1358,87,38,18,20,20,2005-09-24 14:00:00,qualifying_1358
1359,88,23,7,17,1,2005-10-08 14:00:00,qualifying_1359
1360,88,18,16,3,2,2005-10-08 14:00:00,qualifying_1360
1361,88,21,4,6,3,2005-10-08 14:00:00,qualifying_1361
1362,88,32,9,15,4,2005-10-08 14:00:00,qualifying_1362
1363,88,11,16,4,5,2005-10-08 14:00:00,qualifying_1363
1364,88,14,9,14,6,2005-10-08 14:00:00,qualifying_1364
1365,88,17,3,7,7,2005-10-08 14:00:00,qualifying_1365
1366,88,35,15,11,8,2005-10-08 14:00:00,qualifying_1366
1367,88,22,6,2,9,2005-10-08 14:00:00,qualifying_1367
1368,88,13,15,12,10,2005-10-08 14:00:00,qualifying_1368
1369,88,39,17,19,11,2005-10-08 14:00:00,qualifying_1369
1370,88,42,3,8,12,2005-10-08 14:00:00,qualifying_1370
1371,88,27,18,21,13,2005-10-08 14:00:00,qualifying_1371
1372,88,30,6,1,14,2005-10-08 14:00:00,qualifying_1372
1373,88,38,18,20,15,2005-10-08 14:00:00,qualifying_1373
1374,88,4,4,5,16,2005-10-08 14:00:00,qualifying_1374
1375,88,8,1,9,17,2005-10-08 14:00:00,qualifying_1375
1376,88,31,1,10,18,2005-10-08 14:00:00,qualifying_1376
1377,88,15,7,16,19,2005-10-08 14:00:00,qualifying_1377
1378,88,33,17,18,20,2005-10-08 14:00:00,qualifying_1378
1379,89,4,4,5,1,2005-10-15 14:00:00,qualifying_1379
1380,89,21,4,6,2,2005-10-15 14:00:00,qualifying_1380
1381,89,8,1,9,3,2005-10-15 14:00:00,qualifying_1381
1382,89,18,16,3,4,2005-10-15 14:00:00,qualifying_1382
1383,89,31,1,10,5,2005-10-15 14:00:00,qualifying_1383
1384,89,30,6,1,6,2005-10-15 14:00:00,qualifying_1384
1385,89,14,9,14,7,2005-10-15 14:00:00,qualifying_1385
1386,89,22,6,2,8,2005-10-15 14:00:00,qualifying_1386
1387,89,23,7,17,9,2005-10-15 14:00:00,qualifying_1387
1388,89,17,3,7,10,2005-10-15 14:00:00,qualifying_1388
1389,89,13,15,12,11,2005-10-15 14:00:00,qualifying_1389
1390,89,15,7,16,12,2005-10-15 14:00:00,qualifying_1390
1391,89,42,3,8,13,2005-10-15 14:00:00,qualifying_1391
1392,89,32,9,15,14,2005-10-15 14:00:00,qualifying_1392
1393,89,39,17,19,15,2005-10-15 14:00:00,qualifying_1393
1394,89,35,15,11,16,2005-10-15 14:00:00,qualifying_1394
1395,89,11,16,4,17,2005-10-15 14:00:00,qualifying_1395
1396,89,27,18,21,18,2005-10-15 14:00:00,qualifying_1396
1397,89,33,17,18,19,2005-10-15 14:00:00,qualifying_1397
1398,89,38,18,20,20,2005-10-15 14:00:00,qualifying_1398
1399,104,22,6,2,1,2004-09-11 00:00:00,qualifying_1399
1400,104,31,3,3,2,2004-09-11 00:00:00,qualifying_1400
1401,104,30,6,1,3,2004-09-11 00:00:00,qualifying_1401
1402,104,4,4,8,4,2004-09-11 00:00:00,qualifying_1402
1403,104,11,16,10,5,2004-09-11 00:00:00,qualifying_1403
1404,104,18,16,9,6,2004-09-11 00:00:00,qualifying_1404
1405,104,8,1,6,7,2004-09-11 00:00:00,qualifying_1405
1406,104,42,3,4,8,2004-09-11 00:00:00,qualifying_1406
1407,104,15,4,7,9,2004-09-11 00:00:00,qualifying_1407
1408,104,14,1,5,10,2004-09-11 00:00:00,qualifying_1408
1409,104,41,7,16,11,2004-09-11 00:00:00,qualifying_1409
1410,104,17,19,14,12,2004-09-11 00:00:00,qualifying_1410
1411,104,44,7,17,13,2004-09-11 00:00:00,qualifying_1411
1412,104,32,19,15,14,2004-09-11 00:00:00,qualifying_1412
1413,104,21,15,11,15,2004-09-11 00:00:00,qualifying_1413
1414,104,13,15,12,16,2004-09-11 00:00:00,qualifying_1414
1415,104,2,17,18,17,2004-09-11 00:00:00,qualifying_1415
1416,104,45,17,19,18,2004-09-11 00:00:00,qualifying_1416
1417,104,47,18,20,19,2004-09-11 00:00:00,qualifying_1417
1418,104,46,18,21,20,2004-09-11 00:00:00,qualifying_1418
1419,109,4,4,8,1,2003-03-22 00:00:00,qualifying_1419
1420,109,15,4,7,2,2003-03-22 00:00:00,qualifying_1420
1421,109,30,6,1,3,2003-03-22 00:00:00,qualifying_1421
1422,109,14,1,5,4,2003-03-22 00:00:00,qualifying_1422
1423,109,22,6,2,5,2003-03-22 00:00:00,qualifying_1423
1424,109,2,15,9,6,2003-03-22 00:00:00,qualifying_1424
1425,109,8,1,6,7,2003-03-22 00:00:00,qualifying_1425
1426,109,31,3,3,8,2003-03-22 00:00:00,qualifying_1426
1427,109,18,16,17,9,2003-03-22 00:00:00,qualifying_1427
1428,109,44,7,20,10,2003-03-22 00:00:00,qualifying_1428
1429,109,43,7,21,11,2003-03-22 00:00:00,qualifying_1429
1430,109,35,16,16,12,2003-03-22 00:00:00,qualifying_1430
1431,109,49,15,10,13,2003-03-22 00:00:00,qualifying_1431
1432,109,21,17,11,14,2003-03-22 00:00:00,qualifying_1432
1433,109,42,19,15,15,2003-03-22 00:00:00,qualifying_1433
1434,109,17,19,14,16,2003-03-22 00:00:00,qualifying_1434
1435,109,23,3,4,17,2003-03-22 00:00:00,qualifying_1435
1436,109,50,18,19,18,2003-03-22 00:00:00,qualifying_1436
1437,109,51,18,18,19,2003-03-22 00:00:00,qualifying_1437
1438,109,52,17,12,20,2003-03-22 00:00:00,qualifying_1438
1439,125,30,6,1,1,2002-03-16 00:00:00,qualifying_1439
1440,125,31,3,6,2,2002-03-16 00:00:00,qualifying_1440
1441,125,22,6,2,3,2002-03-16 00:00:00,qualifying_1441
1442,125,23,3,3,4,2002-03-16 00:00:00,qualifying_1442
1443,125,8,1,4,5,2002-03-16 00:00:00,qualifying_1443
1444,125,14,1,3,6,2002-03-16 00:00:00,qualifying_1444
1445,125,2,15,7,7,2002-03-16 00:00:00,qualifying_1445
1446,125,18,4,15,8,2002-03-16 00:00:00,qualifying_1446
1447,125,21,17,9,9,2002-03-16 00:00:00,qualifying_1447
1448,125,63,7,24,10,2002-03-16 00:00:00,qualifying_1448
1449,125,49,21,20,11,2002-03-16 00:00:00,qualifying_1449
1450,125,15,4,14,12,2002-03-16 00:00:00,qualifying_1450
1451,125,35,16,11,13,2002-03-16 00:00:00,qualifying_1451
1452,125,13,15,8,14,2002-03-16 00:00:00,qualifying_1452
1453,125,11,17,10,15,2002-03-16 00:00:00,qualifying_1453
1454,125,59,21,21,16,2002-03-16 00:00:00,qualifying_1454
1455,125,37,19,17,17,2002-03-16 00:00:00,qualifying_1455
1456,125,44,16,12,18,2002-03-16 00:00:00,qualifying_1456
1457,125,66,7,25,19,2002-03-16 00:00:00,qualifying_1457
1458,125,56,19,16,20,2002-03-16 00:00:00,qualifying_1458
1459,125,17,18,23,21,2002-03-16 00:00:00,qualifying_1459
1460,125,62,18,22,22,2002-03-16 00:00:00,qualifying_1460
1461,140,30,6,1,1,2002-10-12 00:00:00,qualifying_1461
1462,140,22,6,2,2,2002-10-12 00:00:00,qualifying_1462
1463,140,14,1,3,3,2002-10-12 00:00:00,qualifying_1463
1464,140,8,1,4,4,2002-10-12 00:00:00,qualifying_1464
1465,140,23,3,5,5,2002-10-12 00:00:00,qualifying_1465
1466,140,31,3,6,6,2002-10-12 00:00:00,qualifying_1466
1467,140,11,17,10,7,2002-10-12 00:00:00,qualifying_1467
1468,140,21,17,9,8,2002-10-12 00:00:00,qualifying_1468
1469,140,35,16,11,9,2002-10-12 00:00:00,qualifying_1469
1470,140,18,4,15,10,2002-10-12 00:00:00,qualifying_1470
1471,140,15,4,14,11,2002-10-12 00:00:00,qualifying_1471
1472,140,2,15,7,12,2002-10-12 00:00:00,qualifying_1472
1473,140,63,7,24,13,2002-10-12 00:00:00,qualifying_1473
1474,140,56,19,16,14,2002-10-12 00:00:00,qualifying_1474
1475,140,13,15,8,15,2002-10-12 00:00:00,qualifying_1475
1476,140,44,16,12,16,2002-10-12 00:00:00,qualifying_1476
1477,140,37,19,17,17,2002-10-12 00:00:00,qualifying_1477
1478,140,66,7,25,18,2002-10-12 00:00:00,qualifying_1478
1479,140,17,18,23,19,2002-10-12 00:00:00,qualifying_1479
1480,140,62,18,22,20,2002-10-12 00:00:00,qualifying_1480
1481,156,30,6,1,1,2001-09-29 00:00:00,qualifying_1481
1482,156,23,3,5,2,2001-09-29 00:00:00,qualifying_1482
1483,156,31,3,6,3,2001-09-29 00:00:00,qualifying_1483
1484,156,57,1,3,4,2001-09-29 00:00:00,qualifying_1484
1485,156,22,6,2,5,2001-09-29 00:00:00,qualifying_1485
1486,156,2,15,16,6,2001-09-29 00:00:00,qualifying_1486
1487,156,14,1,4,7,2001-09-29 00:00:00,qualifying_1487
1488,156,15,17,11,8,2001-09-29 00:00:00,qualifying_1488
1489,156,55,17,12,9,2001-09-29 00:00:00,qualifying_1489
1490,156,18,22,8,10,2001-09-29 00:00:00,qualifying_1490
1491,156,8,15,17,11,2001-09-29 00:00:00,qualifying_1491
1492,156,21,22,7,12,2001-09-29 00:00:00,qualifying_1492
1493,156,44,16,9,13,2001-09-29 00:00:00,qualifying_1493
1494,156,56,19,18,14,2001-09-29 00:00:00,qualifying_1494
1495,156,49,20,22,15,2001-09-29 00:00:00,qualifying_1495
1496,156,37,19,19,16,2001-09-29 00:00:00,qualifying_1496
1497,156,4,18,21,17,2001-09-29 00:00:00,qualifying_1497
1498,156,35,16,10,18,2001-09-29 00:00:00,qualifying_1498
1499,156,59,21,15,19,2001-09-29 00:00:00,qualifying_1499
1500,156,50,21,14,20,2001-09-29 00:00:00,qualifying_1500
1501,156,61,20,23,21,2001-09-29 00:00:00,qualifying_1501
1502,156,62,18,20,22,2001-09-29 00:00:00,qualifying_1502
1503,158,57,1,1,1,2000-03-11 00:00:00,qualifying_1503
1504,158,14,1,2,2,2000-03-11 00:00:00,qualifying_1504
1505,158,30,6,3,3,2000-03-11 00:00:00,qualifying_1505
1506,158,22,6,4,4,2000-03-11 00:00:00,qualifying_1506
1507,158,49,17,5,5,2000-03-11 00:00:00,qualifying_1507
1508,158,15,17,6,6,2000-03-11 00:00:00,qualifying_1508
1509,158,56,19,7,7,2000-03-11 00:00:00,qualifying_1509
1510,158,35,16,22,8,2000-03-11 00:00:00,qualifying_1510
1511,158,21,22,11,9,2000-03-11 00:00:00,qualifying_1511
1512,158,63,15,17,10,2000-03-11 00:00:00,qualifying_1512
1513,158,23,3,9,11,2000-03-11 00:00:00,qualifying_1513
1514,158,37,21,18,12,2000-03-11 00:00:00,qualifying_1514
1515,158,50,21,19,13,2000-03-11 00:00:00,qualifying_1515
1516,158,25,22,12,14,2000-03-11 00:00:00,qualifying_1516
1517,158,2,20,15,15,2000-03-11 00:00:00,qualifying_1517
1518,158,41,16,23,16,2000-03-11 00:00:00,qualifying_1518
1519,158,55,20,14,17,2000-03-11 00:00:00,qualifying_1519
1520,158,48,18,20,18,2000-03-11 00:00:00,qualifying_1520
1521,158,64,15,16,19,2000-03-11 00:00:00,qualifying_1521
1522,158,65,19,8,20,2000-03-11 00:00:00,qualifying_1522
1523,158,18,3,10,21,2000-03-11 00:00:00,qualifying_1523
1524,158,60,18,21,22,2000-03-11 00:00:00,qualifying_1524
1525,160,57,1,1,1,2000-04-08 00:00:00,qualifying_1525
1526,160,30,6,3,2,2000-04-08 00:00:00,qualifying_1526
1527,160,14,1,2,3,2000-04-08 00:00:00,qualifying_1527
1528,160,22,6,4,4,2000-04-08 00:00:00,qualifying_1528
1529,160,23,3,9,5,2000-04-08 00:00:00,qualifying_1529
1530,160,49,17,5,6,2000-04-08 00:00:00,qualifying_1530
1531,160,56,19,7,7,2000-04-08 00:00:00,qualifying_1531
1532,160,15,17,6,8,2000-04-08 00:00:00,qualifying_1532
1533,160,35,16,22,9,2000-04-08 00:00:00,qualifying_1533
1534,160,64,15,16,10,2000-04-08 00:00:00,qualifying_1534
1535,160,25,22,12,11,2000-04-08 00:00:00,qualifying_1535
1536,160,63,15,17,12,2000-04-08 00:00:00,qualifying_1536
1537,160,37,21,18,13,2000-04-08 00:00:00,qualifying_1537
1538,160,41,16,23,14,2000-04-08 00:00:00,qualifying_1538
1539,160,55,20,14,15,2000-04-08 00:00:00,qualifying_1539
1540,160,50,21,19,16,2000-04-08 00:00:00,qualifying_1540
1541,160,65,19,8,17,2000-04-08 00:00:00,qualifying_1541
1542,160,18,3,10,18,2000-04-08 00:00:00,qualifying_1542
1543,160,21,22,11,19,2000-04-08 00:00:00,qualifying_1543
1544,160,60,18,21,20,2000-04-08 00:00:00,qualifying_1544
1545,160,48,18,20,21,2000-04-08 00:00:00,qualifying_1545
1546,160,2,20,15,22,2000-04-08 00:00:00,qualifying_1546
1547,161,22,6,4,1,2000-04-22 00:00:00,qualifying_1547
1548,161,49,17,5,2,2000-04-22 00:00:00,qualifying_1548
1549,161,57,1,1,3,2000-04-22 00:00:00,qualifying_1549
1550,161,14,1,2,4,2000-04-22 00:00:00,qualifying_1550
1551,161,30,6,3,5,2000-04-22 00:00:00,qualifying_1551
1552,161,18,3,10,6,2000-04-22 00:00:00,qualifying_1552
1553,161,23,3,9,7,2000-04-22 00:00:00,qualifying_1553
1554,161,50,21,19,8,2000-04-22 00:00:00,qualifying_1554
1555,161,56,19,7,9,2000-04-22 00:00:00,qualifying_1555
1556,161,35,16,22,10,2000-04-22 00:00:00,qualifying_1556
1557,161,15,17,6,11,2000-04-22 00:00:00,qualifying_1557
1558,161,21,22,11,12,2000-04-22 00:00:00,qualifying_1558
1559,161,64,15,16,13,2000-04-22 00:00:00,qualifying_1559
1560,161,65,19,8,14,2000-04-22 00:00:00,qualifying_1560
1561,161,55,20,14,15,2000-04-22 00:00:00,qualifying_1561
1562,161,41,16,23,16,2000-04-22 00:00:00,qualifying_1562
1563,161,2,20,15,17,2000-04-22 00:00:00,qualifying_1563
1564,161,63,15,17,18,2000-04-22 00:00:00,qualifying_1564
1565,161,37,21,18,19,2000-04-22 00:00:00,qualifying_1565
1566,161,25,22,12,20,2000-04-22 00:00:00,qualifying_1566
1567,161,48,18,20,21,2000-04-22 00:00:00,qualifying_1567
1568,161,60,18,21,22,2000-04-22 00:00:00,qualifying_1568
1569,173,30,6,3,1,2000-10-07 00:00:00,qualifying_1569
1570,173,57,1,1,2,2000-10-07 00:00:00,qualifying_1570
1571,173,14,1,2,3,2000-10-07 00:00:00,qualifying_1571
1572,173,22,6,4,4,2000-10-07 00:00:00,qualifying_1572
1573,173,18,3,10,5,2000-10-07 00:00:00,qualifying_1573
1574,173,23,3,9,6,2000-10-07 00:00:00,qualifying_1574
1575,173,56,19,7,7,2000-10-07 00:00:00,qualifying_1575
1576,173,49,17,5,8,2000-10-07 00:00:00,qualifying_1576
1577,173,35,16,22,9,2000-10-07 00:00:00,qualifying_1577
1578,173,65,19,8,10,2000-10-07 00:00:00,qualifying_1578
1579,173,25,22,12,11,2000-10-07 00:00:00,qualifying_1579
1580,173,21,22,11,12,2000-10-07 00:00:00,qualifying_1580
1581,173,37,21,18,13,2000-10-07 00:00:00,qualifying_1581
1582,173,50,21,19,14,2000-10-07 00:00:00,qualifying_1582
1583,173,15,17,6,15,2000-10-07 00:00:00,qualifying_1583
1584,173,2,20,15,16,2000-10-07 00:00:00,qualifying_1584
1585,173,55,20,14,17,2000-10-07 00:00:00,qualifying_1585
1586,173,41,16,23,18,2000-10-07 00:00:00,qualifying_1586
1587,173,63,15,17,19,2000-10-07 00:00:00,qualifying_1587
1588,173,64,15,16,20,2000-10-07 00:00:00,qualifying_1588
1589,173,48,18,20,21,2000-10-07 00:00:00,qualifying_1589
1590,173,60,18,21,22,2000-10-07 00:00:00,qualifying_1590
1591,175,57,1,1,1,1999-03-06 00:00:00,qualifying_1591
1592,175,14,1,2,2,1999-03-06 00:00:00,qualifying_1592
1593,175,30,6,3,3,1999-03-06 00:00:00,qualifying_1593
1594,175,22,24,16,4,1999-03-06 00:00:00,qualifying_1594
1595,175,49,17,8,5,1999-03-06 00:00:00,qualifying_1595
1596,175,56,6,4,6,1999-03-06 00:00:00,qualifying_1596
1597,175,21,22,9,7,1999-03-06 00:00:00,qualifying_1597
1598,175,23,3,6,8,1999-03-06 00:00:00,qualifying_1598
1599,175,71,17,7,9,1999-03-06 00:00:00,qualifying_1599
1600,175,25,22,10,10,1999-03-06 00:00:00,qualifying_1600
1601,175,35,16,22,11,1999-03-06 00:00:00,qualifying_1601
1602,175,15,20,19,12,1999-03-06 00:00:00,qualifying_1602
1603,175,65,24,17,13,1999-03-06 00:00:00,qualifying_1603
1604,175,64,15,12,14,1999-03-06 00:00:00,qualifying_1604
1605,175,70,3,5,15,1999-03-06 00:00:00,qualifying_1605
1606,175,55,15,11,16,1999-03-06 00:00:00,qualifying_1606
1607,175,68,21,15,17,1999-03-06 00:00:00,qualifying_1607
1608,175,37,21,14,18,1999-03-06 00:00:00,qualifying_1608
1609,175,41,16,23,19,1999-03-06 00:00:00,qualifying_1609
1610,175,44,20,18,20,1999-03-06 00:00:00,qualifying_1610
1611,175,69,18,20,21,1999-03-06 00:00:00,qualifying_1611
1612,175,48,18,21,22,1999-03-06 00:00:00,qualifying_1612
1613,176,57,1,1,1,1999-04-10 00:00:00,qualifying_1613
1614,176,14,1,2,2,1999-04-10 00:00:00,qualifying_1614
1615,176,22,24,16,3,1999-04-10 00:00:00,qualifying_1615
1616,176,30,6,3,4,1999-04-10 00:00:00,qualifying_1616
1617,176,21,22,9,5,1999-04-10 00:00:00,qualifying_1617
1618,176,56,6,4,6,1999-04-10 00:00:00,qualifying_1618
1619,176,71,17,7,7,1999-04-10 00:00:00,qualifying_1619
1620,176,49,17,8,8,1999-04-10 00:00:00,qualifying_1620
1621,176,25,22,10,9,1999-04-10 00:00:00,qualifying_1621
1622,176,65,24,17,10,1999-04-10 00:00:00,qualifying_1622
1623,176,23,3,6,11,1999-04-10 00:00:00,qualifying_1623
1624,176,44,20,18,12,1999-04-10 00:00:00,qualifying_1624
1625,176,15,20,19,13,1999-04-10 00:00:00,qualifying_1625
1626,176,55,15,11,14,1999-04-10 00:00:00,qualifying_1626
1627,176,64,15,12,15,1999-04-10 00:00:00,qualifying_1627
1628,176,70,3,5,16,1999-04-10 00:00:00,qualifying_1628
1629,176,72,18,20,17,1999-04-10 00:00:00,qualifying_1629
1630,176,37,21,14,18,1999-04-10 00:00:00,qualifying_1630
1631,176,68,21,15,19,1999-04-10 00:00:00,qualifying_1631
1632,176,48,18,21,20,1999-04-10 00:00:00,qualifying_1632
1633,176,35,16,22,21,1999-04-10 00:00:00,qualifying_1633
1634,177,57,1,1,1,1999-05-01 00:00:00,qualifying_1634
1635,177,14,1,2,2,1999-05-01 00:00:00,qualifying_1635
1636,177,30,6,3,3,1999-05-01 00:00:00,qualifying_1636
1637,177,56,6,4,4,1999-05-01 00:00:00,qualifying_1637
1638,177,35,16,22,5,1999-05-01 00:00:00,qualifying_1638
1639,177,22,24,16,6,1999-05-01 00:00:00,qualifying_1639
1640,177,49,17,8,7,1999-05-01 00:00:00,qualifying_1640
1641,177,71,17,7,8,1999-05-01 00:00:00,qualifying_1641
1642,177,23,3,6,9,1999-05-01 00:00:00,qualifying_1642
1643,177,70,3,5,10,1999-05-01 00:00:00,qualifying_1643
1644,177,44,20,18,11,1999-05-01 00:00:00,qualifying_1644
1645,177,65,24,17,12,1999-05-01 00:00:00,qualifying_1645
1646,177,55,15,11,13,1999-05-01 00:00:00,qualifying_1646
1647,177,15,20,19,14,1999-05-01 00:00:00,qualifying_1647
1648,177,64,15,12,15,1999-05-01 00:00:00,qualifying_1648
1649,177,21,22,9,16,1999-05-01 00:00:00,qualifying_1649
1650,177,25,22,10,17,1999-05-01 00:00:00,qualifying_1650
1651,177,37,21,14,18,1999-05-01 00:00:00,qualifying_1651
1652,177,63,16,23,19,1999-05-01 00:00:00,qualifying_1652
1653,177,68,21,15,20,1999-05-01 00:00:00,qualifying_1653
1654,177,48,18,21,21,1999-05-01 00:00:00,qualifying_1654
1655,177,69,18,22,22,1999-05-01 00:00:00,qualifying_1655
1656,191,57,1,8,1,1998-03-07 00:00:00,qualifying_1656
1657,191,14,1,7,2,1998-03-07 00:00:00,qualifying_1657
1658,191,30,6,3,3,1998-03-07 00:00:00,qualifying_1658
1659,191,35,3,1,4,1998-03-07 00:00:00,qualifying_1659
1660,191,65,15,15,5,1998-03-07 00:00:00,qualifying_1660
1661,191,49,3,2,6,1998-03-07 00:00:00,qualifying_1661
1662,191,21,22,5,7,1998-03-07 00:00:00,qualifying_1662
1663,191,56,6,4,8,1998-03-07 00:00:00,qualifying_1663
1664,191,23,17,10,9,1998-03-07 00:00:00,qualifying_1664
1665,191,71,17,9,10,1998-03-07 00:00:00,qualifying_1665
1666,191,25,22,6,11,1998-03-07 00:00:00,qualifying_1666
1667,191,55,15,14,12,1998-03-07 00:00:00,qualifying_1667
1668,191,68,25,20,13,1998-03-07 00:00:00,qualifying_1668
1669,191,22,24,18,14,1998-03-07 00:00:00,qualifying_1669
1670,191,15,20,12,15,1998-03-07 00:00:00,qualifying_1670
1671,191,63,21,17,16,1998-03-07 00:00:00,qualifying_1671
1672,191,74,18,23,17,1998-03-07 00:00:00,qualifying_1672
1673,191,76,24,19,18,1998-03-07 00:00:00,qualifying_1673
1674,191,73,25,20,19,1998-03-07 00:00:00,qualifying_1674
1675,191,64,21,16,20,1998-03-07 00:00:00,qualifying_1675
1676,191,44,20,14,21,1998-03-07 00:00:00,qualifying_1676
1677,191,75,18,22,22,1998-03-07 00:00:00,qualifying_1677
1678,192,57,1,8,1,1998-03-28 00:00:00,qualifying_1678
1679,192,14,1,7,2,1998-03-28 00:00:00,qualifying_1679
1680,192,49,3,2,3,1998-03-28 00:00:00,qualifying_1680
1681,192,30,6,3,4,1998-03-28 00:00:00,qualifying_1681
1682,192,25,22,6,5,1998-03-28 00:00:00,qualifying_1682
1683,192,56,6,4,6,1998-03-28 00:00:00,qualifying_1683
1684,192,21,22,5,7,1998-03-28 00:00:00,qualifying_1684
1685,192,23,17,10,8,1998-03-28 00:00:00,qualifying_1685
1686,192,44,20,14,9,1998-03-28 00:00:00,qualifying_1686
1687,192,35,3,1,10,1998-03-28 00:00:00,qualifying_1687
1688,192,71,17,9,11,1998-03-28 00:00:00,qualifying_1688
1689,192,15,20,12,12,1998-03-28 00:00:00,qualifying_1689
1690,192,22,24,18,13,1998-03-28 00:00:00,qualifying_1690
1691,192,65,15,15,14,1998-03-28 00:00:00,qualifying_1691
1692,192,55,15,14,15,1998-03-28 00:00:00,qualifying_1692
1693,192,76,24,19,16,1998-03-28 00:00:00,qualifying_1693
1694,192,68,25,21,17,1998-03-28 00:00:00,qualifying_1694
1695,192,75,18,22,18,1998-03-28 00:00:00,qualifying_1695
1696,192,74,18,23,19,1998-03-28 00:00:00,qualifying_1696
1697,192,63,21,17,20,1998-03-28 00:00:00,qualifying_1697
1698,192,73,25,20,21,1998-03-28 00:00:00,qualifying_1698
1699,192,64,21,16,22,1998-03-28 00:00:00,qualifying_1699
1700,193,14,1,7,1,1998-04-11 00:00:00,qualifying_1700
1701,193,30,6,3,2,1998-04-11 00:00:00,qualifying_1701
1702,193,57,1,8,3,1998-04-11 00:00:00,qualifying_1702
1703,193,56,6,4,4,1998-04-11 00:00:00,qualifying_1703
1704,193,23,17,10,5,1998-04-11 00:00:00,qualifying_1704
1705,193,49,3,2,6,1998-04-11 00:00:00,qualifying_1705
1706,193,35,3,1,7,1998-04-11 00:00:00,qualifying_1706
1707,193,25,22,6,8,1998-04-11 00:00:00,qualifying_1707
1708,193,71,17,9,9,1998-04-11 00:00:00,qualifying_1708
1709,193,21,22,5,10,1998-04-11 00:00:00,qualifying_1709
1710,193,55,15,14,11,1998-04-11 00:00:00,qualifying_1710
1711,193,65,15,15,12,1998-04-11 00:00:00,qualifying_1711
1712,193,68,25,18,13,1998-04-11 00:00:00,qualifying_1712
1713,193,22,24,18,14,1998-04-11 00:00:00,qualifying_1713
1714,193,44,20,11,15,1998-04-11 00:00:00,qualifying_1714
1715,193,15,20,12,16,1998-04-11 00:00:00,qualifying_1715
1716,193,63,21,17,17,1998-04-11 00:00:00,qualifying_1716
1717,193,64,21,16,18,1998-04-11 00:00:00,qualifying_1717
1718,193,75,18,22,19,1998-04-11 00:00:00,qualifying_1718
1719,193,74,18,23,20,1998-04-11 00:00:00,qualifying_1719
1720,193,73,25,20,21,1998-04-11 00:00:00,qualifying_1720
1721,193,76,24,19,22,1998-04-11 00:00:00,qualifying_1721
1722,199,57,1,8,1,1998-07-11 00:00:00,qualifying_1722
1723,199,30,6,3,2,1998-07-11 00:00:00,qualifying_1723
1724,199,35,3,1,3,1998-07-11 00:00:00,qualifying_1724
1725,199,14,1,7,4,1998-07-11 00:00:00,qualifying_1725
1726,199,56,6,4,5,1998-07-11 00:00:00,qualifying_1726
1727,199,49,3,2,6,1998-07-11 00:00:00,qualifying_1727
1728,199,71,17,9,7,1998-07-11 00:00:00,qualifying_1728
1729,199,55,15,14,8,1998-07-11 00:00:00,qualifying_1729
1730,199,65,15,15,9,1998-07-11 00:00:00,qualifying_1730
1731,199,21,22,5,10,1998-07-11 00:00:00,qualifying_1731
1732,199,25,22,6,11,1998-07-11 00:00:00,qualifying_1732
1733,199,64,21,16,12,1998-07-11 00:00:00,qualifying_1733
1734,199,63,21,17,13,1998-07-11 00:00:00,qualifying_1734
1735,199,15,20,12,14,1998-07-11 00:00:00,qualifying_1735
1736,199,50,24,19,15,1998-07-11 00:00:00,qualifying_1736
1737,199,22,24,18,16,1998-07-11 00:00:00,qualifying_1737
1738,199,68,25,21,17,1998-07-11 00:00:00,qualifying_1738
1739,199,74,18,23,18,1998-07-11 00:00:00,qualifying_1739
1740,199,75,18,22,19,1998-07-11 00:00:00,qualifying_1740
1741,199,73,25,20,20,1998-07-11 00:00:00,qualifying_1741
1742,199,23,17,9,21,1998-07-11 00:00:00,qualifying_1742
1743,199,44,20,11,22,1998-07-11 00:00:00,qualifying_1743
1744,200,21,22,5,1,1998-07-25 00:00:00,qualifying_1744
1745,200,55,15,14,2,1998-07-25 00:00:00,qualifying_1745
1746,200,57,1,8,3,1998-07-25 00:00:00,qualifying_1746
1747,200,30,6,3,4,1998-07-25 00:00:00,qualifying_1747
1748,200,22,24,18,5,1998-07-25 00:00:00,qualifying_1748
1749,200,63,21,17,6,1998-07-25 00:00:00,qualifying_1749
1750,200,49,3,2,7,1998-07-25 00:00:00,qualifying_1750
1751,200,56,6,4,8,1998-07-25 00:00:00,qualifying_1751
1752,200,23,17,10,9,1998-07-25 00:00:00,qualifying_1752
1753,200,44,20,11,10,1998-07-25 00:00:00,qualifying_1753
1754,200,35,3,1,11,1998-07-25 00:00:00,qualifying_1754
1755,200,50,24,19,12,1998-07-25 00:00:00,qualifying_1755
1756,200,64,21,16,13,1998-07-25 00:00:00,qualifying_1756
1757,200,14,1,7,14,1998-07-25 00:00:00,qualifying_1757
1758,200,71,17,9,15,1998-07-25 00:00:00,qualifying_1758
1759,200,15,20,12,16,1998-07-25 00:00:00,qualifying_1759
1760,200,25,22,6,17,1998-07-25 00:00:00,qualifying_1760
1761,200,65,15,15,18,1998-07-25 00:00:00,qualifying_1761
1762,200,74,18,23,19,1998-07-25 00:00:00,qualifying_1762
1763,200,68,25,21,20,1998-07-25 00:00:00,qualifying_1763
1764,200,75,18,22,21,1998-07-25 00:00:00,qualifying_1764
1765,200,73,25,20,22,1998-07-25 00:00:00,qualifying_1765
1766,201,57,1,8,1,1998-08-01 00:00:00,qualifying_1766
1767,201,14,1,7,2,1998-08-01 00:00:00,qualifying_1767
1768,201,35,3,1,3,1998-08-01 00:00:00,qualifying_1768
1769,201,23,17,10,4,1998-08-01 00:00:00,qualifying_1769
1770,201,71,17,9,5,1998-08-01 00:00:00,qualifying_1770
1771,201,56,6,4,6,1998-08-01 00:00:00,qualifying_1771
1772,201,25,22,6,7,1998-08-01 00:00:00,qualifying_1772
1773,201,21,22,5,8,1998-08-01 00:00:00,qualifying_1773
1774,201,30,6,3,9,1998-08-01 00:00:00,qualifying_1774
1775,201,49,3,2,10,1998-08-01 00:00:00,qualifying_1775
1776,201,55,15,14,11,1998-08-01 00:00:00,qualifying_1776
1777,201,65,15,15,12,1998-08-01 00:00:00,qualifying_1777
1778,201,22,24,16,13,1998-08-01 00:00:00,qualifying_1778
1779,201,15,20,12,14,1998-08-01 00:00:00,qualifying_1779
1780,201,68,25,21,15,1998-08-01 00:00:00,qualifying_1780
1781,201,44,20,11,16,1998-08-01 00:00:00,qualifying_1781
1782,201,63,21,17,17,1998-08-01 00:00:00,qualifying_1782
1783,201,64,21,16,18,1998-08-01 00:00:00,qualifying_1783
1784,201,50,24,19,19,1998-08-01 00:00:00,qualifying_1784
1785,201,75,18,22,20,1998-08-01 00:00:00,qualifying_1785
1786,201,74,18,23,21,1998-08-01 00:00:00,qualifying_1786
1787,203,57,1,8,1,1998-08-29 00:00:00,qualifying_1787
1788,203,14,1,7,2,1998-08-29 00:00:00,qualifying_1788
1789,203,71,17,9,3,1998-08-29 00:00:00,qualifying_1789
1790,203,30,6,3,4,1998-08-29 00:00:00,qualifying_1790
1791,203,56,6,4,5,1998-08-29 00:00:00,qualifying_1791
1792,203,35,3,1,6,1998-08-29 00:00:00,qualifying_1792
1793,203,21,22,5,7,1998-08-29 00:00:00,qualifying_1793
1794,203,23,17,10,8,1998-08-29 00:00:00,qualifying_1794
1795,203,49,3,2,9,1998-08-29 00:00:00,qualifying_1795
1796,203,55,15,14,10,1998-08-29 00:00:00,qualifying_1796
1797,203,25,22,6,11,1998-08-29 00:00:00,qualifying_1797
1798,203,65,15,15,12,1998-08-29 00:00:00,qualifying_1798
1799,203,15,20,12,13,1998-08-29 00:00:00,qualifying_1799
1800,203,22,24,18,14,1998-08-29 00:00:00,qualifying_1800
1801,203,44,20,11,15,1998-08-29 00:00:00,qualifying_1801
1802,203,64,21,16,16,1998-08-29 00:00:00,qualifying_1802
1803,203,50,24,19,17,1998-08-29 00:00:00,qualifying_1803
1804,203,63,21,17,18,1998-08-29 00:00:00,qualifying_1804
1805,203,68,25,21,19,1998-08-29 00:00:00,qualifying_1805
1806,203,73,25,20,20,1998-08-29 00:00:00,qualifying_1806
1807,203,75,18,22,21,1998-08-29 00:00:00,qualifying_1807
1808,203,74,18,23,22,1998-08-29 00:00:00,qualifying_1808
1809,207,35,3,3,1,1997-03-08 00:00:00,qualifying_1809
1810,207,49,3,4,2,1997-03-08 00:00:00,qualifying_1810
1811,207,30,6,5,3,1997-03-08 00:00:00,qualifying_1811
1812,207,14,1,10,4,1997-03-08 00:00:00,qualifying_1812
1813,207,56,6,6,5,1997-03-08 00:00:00,qualifying_1813
1814,207,57,1,9,6,1997-03-08 00:00:00,qualifying_1814
1815,207,65,15,16,7,1997-03-08 00:00:00,qualifying_1815
1816,207,55,22,7,8,1997-03-08 00:00:00,qualifying_1816
1817,207,44,20,14,9,1997-03-08 00:00:00,qualifying_1817
1818,207,77,22,8,10,1997-03-08 00:00:00,qualifying_1818
1819,207,22,24,22,11,1997-03-08 00:00:00,qualifying_1819
1820,207,23,17,11,12,1997-03-08 00:00:00,qualifying_1820
1821,207,78,15,17,13,1997-03-08 00:00:00,qualifying_1821
1822,207,21,17,12,14,1997-03-08 00:00:00,qualifying_1822
1823,207,79,18,20,15,1997-03-08 00:00:00,qualifying_1823
1824,207,75,20,15,16,1997-03-08 00:00:00,qualifying_1824
1825,207,15,18,21,17,1997-03-08 00:00:00,qualifying_1825
1826,207,63,25,19,18,1997-03-08 00:00:00,qualifying_1826
1827,207,76,24,23,19,1997-03-08 00:00:00,qualifying_1827
1828,207,71,21,1,20,1997-03-08 00:00:00,qualifying_1828
1829,207,50,25,18,21,1997-03-08 00:00:00,qualifying_1829
1830,207,64,21,2,22,1997-03-08 00:00:00,qualifying_1830
1831,208,35,3,3,1,1997-03-29 00:00:00,qualifying_1831
1832,208,30,6,5,2,1997-03-29 00:00:00,qualifying_1832
1833,208,77,22,8,3,1997-03-29 00:00:00,qualifying_1833
1834,208,57,1,9,4,1997-03-29 00:00:00,qualifying_1834
1835,208,44,20,14,5,1997-03-29 00:00:00,qualifying_1835
1836,208,55,22,7,6,1997-03-29 00:00:00,qualifying_1836
1837,208,21,17,12,7,1997-03-29 00:00:00,qualifying_1837
1838,208,49,3,4,8,1997-03-29 00:00:00,qualifying_1838
1839,208,71,21,1,9,1997-03-29 00:00:00,qualifying_1839
1840,208,23,17,11,10,1997-03-29 00:00:00,qualifying_1840
1841,208,22,24,22,11,1997-03-29 00:00:00,qualifying_1841
1842,208,14,1,10,12,1997-03-29 00:00:00,qualifying_1842
1843,208,65,15,16,13,1997-03-29 00:00:00,qualifying_1843
1844,208,56,6,6,14,1997-03-29 00:00:00,qualifying_1844
1845,208,75,20,15,15,1997-03-29 00:00:00,qualifying_1845
1846,208,64,21,2,16,1997-03-29 00:00:00,qualifying_1846
1847,208,15,18,21,17,1997-03-29 00:00:00,qualifying_1847
1848,208,79,18,20,18,1997-03-29 00:00:00,qualifying_1848
1849,208,78,15,17,19,1997-03-29 00:00:00,qualifying_1849
1850,208,76,24,23,20,1997-03-29 00:00:00,qualifying_1850
1851,208,50,25,18,21,1997-03-29 00:00:00,qualifying_1851
1852,208,63,25,19,22,1997-03-29 00:00:00,qualifying_1852
1853,209,35,3,3,1,1997-04-12 00:00:00,qualifying_1853
1854,209,49,3,4,2,1997-04-12 00:00:00,qualifying_1854
1855,209,44,20,14,3,1997-04-12 00:00:00,qualifying_1855
1856,209,30,6,5,4,1997-04-12 00:00:00,qualifying_1856
1857,209,22,24,22,5,1997-04-12 00:00:00,qualifying_1857
1858,209,23,17,11,6,1997-04-12 00:00:00,qualifying_1858
1859,209,56,6,6,7,1997-04-12 00:00:00,qualifying_1859
1860,209,65,15,16,8,1997-04-12 00:00:00,qualifying_1860
1861,209,21,17,12,9,1997-04-12 00:00:00,qualifying_1861
1862,209,14,1,10,10,1997-04-12 00:00:00,qualifying_1862
1863,209,55,22,7,11,1997-04-12 00:00:00,qualifying_1863
1864,209,77,22,8,12,1997-04-12 00:00:00,qualifying_1864
1865,209,71,21,1,13,1997-04-12 00:00:00,qualifying_1865
1866,209,78,15,17,14,1997-04-12 00:00:00,qualifying_1866
1867,209,76,24,23,15,1997-04-12 00:00:00,qualifying_1867
1868,209,50,25,18,16,1997-04-12 00:00:00,qualifying_1868
1869,209,57,1,9,17,1997-04-12 00:00:00,qualifying_1869
1870,209,15,18,21,18,1997-04-12 00:00:00,qualifying_1870
1871,209,63,25,19,19,1997-04-12 00:00:00,qualifying_1871
1872,209,75,20,15,20,1997-04-12 00:00:00,qualifying_1872
1873,209,79,18,20,21,1997-04-12 00:00:00,qualifying_1873
1874,209,64,21,2,22,1997-04-12 00:00:00,qualifying_1874
1875,210,35,3,3,1,1997-04-26 00:00:00,qualifying_1875
1876,210,49,3,4,2,1997-04-26 00:00:00,qualifying_1876
1877,210,30,6,5,3,1997-04-26 00:00:00,qualifying_1877
1878,210,44,20,14,4,1997-04-26 00:00:00,qualifying_1878
1879,210,23,17,11,5,1997-04-26 00:00:00,qualifying_1879
1880,210,21,17,12,6,1997-04-26 00:00:00,qualifying_1880
1881,210,65,15,16,7,1997-04-26 00:00:00,qualifying_1881
1882,210,57,1,9,8,1997-04-26 00:00:00,qualifying_1882
1883,210,56,6,6,9,1997-04-26 00:00:00,qualifying_1883
1884,210,14,1,10,10,1997-04-26 00:00:00,qualifying_1884
1885,210,77,22,8,11,1997-04-26 00:00:00,qualifying_1885
1886,210,78,15,17,12,1997-04-26 00:00:00,qualifying_1886
1887,210,22,24,22,13,1997-04-26 00:00:00,qualifying_1887
1888,210,55,22,7,14,1997-04-26 00:00:00,qualifying_1888
1889,210,71,21,1,15,1997-04-26 00:00:00,qualifying_1889
1890,210,76,24,23,16,1997-04-26 00:00:00,qualifying_1890
1891,210,64,21,2,17,1997-04-26 00:00:00,qualifying_1891
1892,210,75,20,15,18,1997-04-26 00:00:00,qualifying_1892
1893,210,63,25,19,19,1997-04-26 00:00:00,qualifying_1893
1894,210,15,18,21,20,1997-04-26 00:00:00,qualifying_1894
1895,210,50,25,18,21,1997-04-26 00:00:00,qualifying_1895
1896,210,79,18,20,22,1997-04-26 00:00:00,qualifying_1896
1897,211,49,3,4,1,1997-05-10 00:00:00,qualifying_1897
1898,211,30,6,5,2,1997-05-10 00:00:00,qualifying_1898
1899,211,35,3,3,3,1997-05-10 00:00:00,qualifying_1899
1900,211,21,17,12,4,1997-05-10 00:00:00,qualifying_1900
1901,211,14,1,10,5,1997-05-10 00:00:00,qualifying_1901
1902,211,23,17,11,6,1997-05-10 00:00:00,qualifying_1902
1903,211,65,15,16,7,1997-05-10 00:00:00,qualifying_1903
1904,211,57,1,9,8,1997-05-10 00:00:00,qualifying_1904
1905,211,55,22,7,9,1997-05-10 00:00:00,qualifying_1905
1906,211,22,24,22,10,1997-05-10 00:00:00,qualifying_1906
1907,211,78,15,17,11,1997-05-10 00:00:00,qualifying_1907
1908,211,44,20,14,12,1997-05-10 00:00:00,qualifying_1908
1909,211,71,21,1,13,1997-05-10 00:00:00,qualifying_1909
1910,211,63,25,18,14,1997-05-10 00:00:00,qualifying_1910
1911,211,56,6,6,15,1997-05-10 00:00:00,qualifying_1911
1912,211,64,21,2,16,1997-05-10 00:00:00,qualifying_1912
1913,211,77,22,8,17,1997-05-10 00:00:00,qualifying_1913
1914,211,15,18,21,18,1997-05-10 00:00:00,qualifying_1914
1915,211,76,24,23,19,1997-05-10 00:00:00,qualifying_1915
1916,211,79,18,20,20,1997-05-10 00:00:00,qualifying_1916
1917,211,75,20,15,21,1997-05-10 00:00:00,qualifying_1917
1918,211,50,25,19,22,1997-05-10 00:00:00,qualifying_1918
1919,212,35,3,3,1,1997-05-24 00:00:00,qualifying_1919
1920,212,49,3,4,2,1997-05-24 00:00:00,qualifying_1920
1921,212,14,1,10,3,1997-05-24 00:00:00,qualifying_1921
1922,212,55,22,7,4,1997-05-24 00:00:00,qualifying_1922
1923,212,57,1,10,5,1997-05-24 00:00:00,qualifying_1923
1924,212,77,22,8,6,1997-05-24 00:00:00,qualifying_1924
1925,212,30,6,5,7,1997-05-24 00:00:00,qualifying_1925
1926,212,21,17,12,8,1997-05-24 00:00:00,qualifying_1926
1927,212,23,17,11,9,1997-05-24 00:00:00,qualifying_1927
1928,212,65,15,16,10,1997-05-24 00:00:00,qualifying_1928
1929,212,56,6,6,11,1997-05-24 00:00:00,qualifying_1929
1930,212,44,20,14,12,1997-05-24 00:00:00,qualifying_1930
1931,212,81,15,17,13,1997-05-24 00:00:00,qualifying_1931
1932,212,63,25,18,14,1997-05-24 00:00:00,qualifying_1932
1933,212,71,21,1,15,1997-05-24 00:00:00,qualifying_1933
1934,212,75,20,15,16,1997-05-24 00:00:00,qualifying_1934
1935,212,22,24,22,17,1997-05-24 00:00:00,qualifying_1935
1936,212,15,18,21,18,1997-05-24 00:00:00,qualifying_1936
1937,212,50,25,19,19,1997-05-24 00:00:00,qualifying_1937
1938,212,79,18,20,20,1997-05-24 00:00:00,qualifying_1938
1939,212,64,21,2,21,1997-05-24 00:00:00,qualifying_1939
1940,212,76,24,23,22,1997-05-24 00:00:00,qualifying_1940
1941,213,30,6,5,1,1997-06-14 00:00:00,qualifying_1941
1942,213,35,3,3,2,1997-06-14 00:00:00,qualifying_1942
1943,213,22,24,22,3,1997-06-14 00:00:00,qualifying_1943
1944,213,49,3,4,4,1997-06-14 00:00:00,qualifying_1944
1945,213,14,1,10,5,1997-06-14 00:00:00,qualifying_1945
1946,213,21,17,12,6,1997-06-14 00:00:00,qualifying_1946
1947,213,23,17,11,7,1997-06-14 00:00:00,qualifying_1947
1948,213,55,22,7,8,1997-06-14 00:00:00,qualifying_1948
1949,213,57,1,9,9,1997-06-14 00:00:00,qualifying_1949
1950,213,44,20,14,10,1997-06-14 00:00:00,qualifying_1950
1951,213,25,22,8,11,1997-06-14 00:00:00,qualifying_1951
1952,213,56,6,6,12,1997-06-14 00:00:00,qualifying_1952
1953,213,65,15,16,13,1997-06-14 00:00:00,qualifying_1953
1954,213,50,25,19,14,1997-06-14 00:00:00,qualifying_1954
1955,213,71,21,1,15,1997-06-14 00:00:00,qualifying_1955
1956,213,64,21,2,16,1997-06-14 00:00:00,qualifying_1956
1957,213,63,25,18,17,1997-06-14 00:00:00,qualifying_1957
1958,213,81,15,17,18,1997-06-14 00:00:00,qualifying_1958
1959,213,75,20,15,19,1997-06-14 00:00:00,qualifying_1959
1960,213,15,18,21,20,1997-06-14 00:00:00,qualifying_1960
1961,213,76,24,23,21,1997-06-14 00:00:00,qualifying_1961
1962,213,79,18,20,22,1997-06-14 00:00:00,qualifying_1962
1963,214,30,6,5,1,1997-06-28 00:00:00,qualifying_1963
1964,214,49,3,4,2,1997-06-28 00:00:00,qualifying_1964
1965,214,23,17,11,3,1997-06-28 00:00:00,qualifying_1965
1966,214,35,3,3,4,1997-06-28 00:00:00,qualifying_1966
1967,214,56,6,6,5,1997-06-28 00:00:00,qualifying_1967
1968,214,15,20,14,6,1997-06-28 00:00:00,qualifying_1968
1969,214,25,22,8,7,1997-06-28 00:00:00,qualifying_1969
1970,214,55,22,7,8,1997-06-28 00:00:00,qualifying_1970
1971,214,14,1,10,9,1997-06-28 00:00:00,qualifying_1971
1972,214,57,1,9,10,1997-06-28 00:00:00,qualifying_1972
1973,214,21,17,12,11,1997-06-28 00:00:00,qualifying_1973
1974,214,22,24,22,12,1997-06-28 00:00:00,qualifying_1974
1975,214,75,20,15,13,1997-06-28 00:00:00,qualifying_1975
1976,214,65,15,16,14,1997-06-28 00:00:00,qualifying_1976
1977,214,76,24,23,15,1997-06-28 00:00:00,qualifying_1977
1978,214,64,21,2,16,1997-06-28 00:00:00,qualifying_1978
1979,214,71,21,1,17,1997-06-28 00:00:00,qualifying_1979
1980,214,50,25,19,18,1997-06-28 00:00:00,qualifying_1980
1981,214,63,25,18,19,1997-06-28 00:00:00,qualifying_1981
1982,214,82,15,17,20,1997-06-28 00:00:00,qualifying_1982
1983,214,79,18,20,21,1997-06-28 00:00:00,qualifying_1983
1984,214,58,18,21,22,1997-06-28 00:00:00,qualifying_1984
1985,215,35,3,3,1,1997-07-12 00:00:00,qualifying_1985
1986,215,49,3,4,2,1997-07-12 00:00:00,qualifying_1986
1987,215,57,1,9,3,1997-07-12 00:00:00,qualifying_1987
1988,215,30,6,5,4,1997-07-12 00:00:00,qualifying_1988
1989,215,23,17,11,5,1997-07-12 00:00:00,qualifying_1989
1990,215,14,1,10,6,1997-07-12 00:00:00,qualifying_1990
1991,215,56,6,6,7,1997-07-12 00:00:00,qualifying_1991
1992,215,25,22,8,8,1997-07-12 00:00:00,qualifying_1992
1993,215,65,15,16,9,1997-07-12 00:00:00,qualifying_1993
1994,215,21,17,12,10,1997-07-12 00:00:00,qualifying_1994
1995,215,55,22,17,11,1997-07-12 00:00:00,qualifying_1995
1996,215,71,21,1,12,1997-07-12 00:00:00,qualifying_1996
1997,215,15,20,14,13,1997-07-12 00:00:00,qualifying_1997
1998,215,75,20,15,14,1997-07-12 00:00:00,qualifying_1998
1999,215,76,24,23,15,1997-07-12 00:00:00,qualifying_1999
2000,215,64,21,2,16,1997-07-12 00:00:00,qualifying_2000
2001,215,63,25,19,17,1997-07-12 00:00:00,qualifying_2001
2002,215,79,18,20,18,1997-07-12 00:00:00,qualifying_2002
2003,215,50,25,18,19,1997-07-12 00:00:00,qualifying_2003
2004,215,58,18,21,20,1997-07-12 00:00:00,qualifying_2004
2005,215,22,24,22,21,1997-07-12 00:00:00,qualifying_2005
2006,215,82,15,17,22,1997-07-12 00:00:00,qualifying_2006
2007,216,77,22,8,1,1997-07-26 00:00:00,qualifying_2007
2008,216,21,17,12,2,1997-07-26 00:00:00,qualifying_2008
2009,216,57,1,9,3,1997-07-26 00:00:00,qualifying_2009
2010,216,30,6,5,4,1997-07-26 00:00:00,qualifying_2010
2011,216,49,3,4,5,1997-07-26 00:00:00,qualifying_2011
2012,216,55,22,7,6,1997-07-26 00:00:00,qualifying_2012
2013,216,23,17,11,7,1997-07-26 00:00:00,qualifying_2013
2014,216,14,1,10,8,1997-07-26 00:00:00,qualifying_2014
2015,216,35,3,3,9,1997-07-26 00:00:00,qualifying_2015
2016,216,56,6,6,10,1997-07-26 00:00:00,qualifying_2016
2017,216,15,20,14,11,1997-07-26 00:00:00,qualifying_2017
2018,216,22,24,22,12,1997-07-26 00:00:00,qualifying_2018
2019,216,71,21,1,13,1997-07-26 00:00:00,qualifying_2019
2020,216,65,15,16,14,1997-07-26 00:00:00,qualifying_2020
2021,216,76,24,23,15,1997-07-26 00:00:00,qualifying_2021
2022,216,64,21,2,16,1997-07-26 00:00:00,qualifying_2022
2023,216,75,20,15,17,1997-07-26 00:00:00,qualifying_2023
2024,216,82,15,17,18,1997-07-26 00:00:00,qualifying_2024
2025,216,63,25,18,19,1997-07-26 00:00:00,qualifying_2025
2026,216,50,25,19,20,1997-07-26 00:00:00,qualifying_2026
2027,216,58,18,21,21,1997-07-26 00:00:00,qualifying_2027
2028,216,79,18,20,22,1997-07-26 00:00:00,qualifying_2028
2029,224,35,3,6,1,1996-03-09 00:00:00,qualifying_2029
2030,224,71,3,5,2,1996-03-09 00:00:00,qualifying_2030
2031,224,56,6,2,3,1996-03-09 00:00:00,qualifying_2031
2032,224,30,6,1,4,1996-03-09 00:00:00,qualifying_2032
2033,224,57,1,7,5,1996-03-09 00:00:00,qualifying_2033
2034,224,55,22,3,6,1996-03-09 00:00:00,qualifying_2034
2035,224,77,22,4,7,1996-03-09 00:00:00,qualifying_2035
2036,224,22,17,11,8,1996-03-09 00:00:00,qualifying_2036
2037,224,49,15,15,9,1996-03-09 00:00:00,qualifying_2037
2038,224,63,25,19,10,1996-03-09 00:00:00,qualifying_2038
2039,224,44,27,9,11,1996-03-09 00:00:00,qualifying_2039
2040,224,50,29,17,12,1996-03-09 00:00:00,qualifying_2040
2041,224,14,1,8,13,1996-03-09 00:00:00,qualifying_2041
2042,224,65,15,14,14,1996-03-09 00:00:00,qualifying_2042
2043,224,79,25,18,15,1996-03-09 00:00:00,qualifying_2043
2044,224,21,18,21,16,1996-03-09 00:00:00,qualifying_2044
2045,224,83,18,20,17,1996-03-09 00:00:00,qualifying_2045
2046,224,73,29,16,18,1996-03-09 00:00:00,qualifying_2046
2047,224,84,17,12,19,1996-03-09 00:00:00,qualifying_2047
2048,224,64,27,10,20,1996-03-09 00:00:00,qualifying_2048
2049,225,71,3,5,1,1996-03-30 00:00:00,qualifying_2049
2050,225,22,17,11,2,1996-03-30 00:00:00,qualifying_2050
2051,225,35,3,6,3,1996-03-30 00:00:00,qualifying_2051
2052,225,30,6,1,4,1996-03-30 00:00:00,qualifying_2052
2053,225,55,22,3,5,1996-03-30 00:00:00,qualifying_2053
2054,225,84,17,12,6,1996-03-30 00:00:00,qualifying_2054
2055,225,57,1,7,7,1996-03-30 00:00:00,qualifying_2055
2056,225,77,22,4,8,1996-03-30 00:00:00,qualifying_2056
2057,225,49,15,15,9,1996-03-30 00:00:00,qualifying_2057
2058,225,56,6,2,10,1996-03-30 00:00:00,qualifying_2058
2059,225,63,25,19,11,1996-03-30 00:00:00,qualifying_2059
2060,225,65,15,14,12,1996-03-30 00:00:00,qualifying_2060
2061,225,50,29,17,13,1996-03-30 00:00:00,qualifying_2061
2062,225,14,1,8,14,1996-03-30 00:00:00,qualifying_2062
2063,225,44,27,9,15,1996-03-30 00:00:00,qualifying_2063
2064,225,79,25,18,16,1996-03-30 00:00:00,qualifying_2064
2065,225,73,29,16,17,1996-03-30 00:00:00,qualifying_2065
2066,225,83,18,20,18,1996-03-30 00:00:00,qualifying_2066
2067,225,69,28,22,19,1996-03-30 00:00:00,qualifying_2067
2068,225,85,28,23,20,1996-03-30 00:00:00,qualifying_2068
2069,225,58,18,21,21,1996-03-30 00:00:00,qualifying_2069
2070,225,64,27,10,22,1996-03-30 00:00:00,qualifying_2070
2071,226,71,3,5,1,1996-04-06 00:00:00,qualifying_2071
2072,226,30,6,1,2,1996-04-06 00:00:00,qualifying_2072
2073,226,35,3,6,3,1996-04-06 00:00:00,qualifying_2073
2074,226,55,22,3,4,1996-04-06 00:00:00,qualifying_2074
2075,226,77,22,4,5,1996-04-06 00:00:00,qualifying_2075
2076,226,22,17,11,6,1996-04-06 00:00:00,qualifying_2076
2077,226,50,29,17,7,1996-04-06 00:00:00,qualifying_2077
2078,226,57,1,7,8,1996-04-06 00:00:00,qualifying_2078
2079,226,14,1,8,9,1996-04-06 00:00:00,qualifying_2079
2080,226,56,6,2,10,1996-04-06 00:00:00,qualifying_2080
2081,226,49,15,15,11,1996-04-06 00:00:00,qualifying_2081
2082,226,44,27,9,12,1996-04-06 00:00:00,qualifying_2082
2083,226,79,25,18,13,1996-04-06 00:00:00,qualifying_2083
2084,226,58,18,21,14,1996-04-06 00:00:00,qualifying_2084
2085,226,84,17,12,15,1996-04-06 00:00:00,qualifying_2085
2086,226,63,25,19,16,1996-04-06 00:00:00,qualifying_2086
2087,226,65,15,14,17,1996-04-06 00:00:00,qualifying_2087
2088,226,64,27,10,18,1996-04-06 00:00:00,qualifying_2088
2089,226,83,18,20,19,1996-04-06 00:00:00,qualifying_2089
2090,226,73,29,16,20,1996-04-06 00:00:00,qualifying_2090
2091,226,69,28,22,21,1996-04-06 00:00:00,qualifying_2091
2092,226,85,28,23,22,1996-04-06 00:00:00,qualifying_2092
2093,227,71,3,5,1,1996-04-27 00:00:00,qualifying_2093
2094,227,35,3,6,2,1996-04-27 00:00:00,qualifying_2094
2095,227,30,6,1,3,1996-04-27 00:00:00,qualifying_2095
2096,227,55,22,3,4,1996-04-27 00:00:00,qualifying_2096
2097,227,22,17,11,5,1996-04-27 00:00:00,qualifying_2097
2098,227,14,1,8,6,1996-04-27 00:00:00,qualifying_2098
2099,227,56,6,2,7,1996-04-27 00:00:00,qualifying_2099
2100,227,77,22,4,8,1996-04-27 00:00:00,qualifying_2100
2101,227,57,1,7,9,1996-04-27 00:00:00,qualifying_2101
2102,227,49,15,15,10,1996-04-27 00:00:00,qualifying_2102
2103,227,84,17,12,11,1996-04-27 00:00:00,qualifying_2103
2104,227,65,15,14,12,1996-04-27 00:00:00,qualifying_2104
2105,227,50,29,17,13,1996-04-27 00:00:00,qualifying_2105
2106,227,63,25,19,14,1996-04-27 00:00:00,qualifying_2106
2107,227,44,27,9,15,1996-04-27 00:00:00,qualifying_2107
2108,227,79,25,18,16,1996-04-27 00:00:00,qualifying_2108
2109,227,64,27,10,17,1996-04-27 00:00:00,qualifying_2109
2110,227,21,18,21,18,1996-04-27 00:00:00,qualifying_2110
2111,227,83,18,20,19,1996-04-27 00:00:00,qualifying_2111
2112,227,73,29,16,20,1996-04-27 00:00:00,qualifying_2112
2113,228,30,6,1,1,1996-05-04 00:00:00,qualifying_2113
2114,228,71,3,5,2,1996-05-04 00:00:00,qualifying_2114
2115,228,35,3,6,3,1996-05-04 00:00:00,qualifying_2115
2116,228,14,1,8,4,1996-05-04 00:00:00,qualifying_2116
2117,228,55,22,3,5,1996-05-04 00:00:00,qualifying_2117
2118,228,56,6,2,6,1996-05-04 00:00:00,qualifying_2118
2119,228,77,22,4,7,1996-05-04 00:00:00,qualifying_2119
2120,228,63,25,19,8,1996-05-04 00:00:00,qualifying_2120
2121,228,22,17,11,9,1996-05-04 00:00:00,qualifying_2121
2122,228,49,15,15,10,1996-05-04 00:00:00,qualifying_2122
2123,228,57,1,7,11,1996-05-04 00:00:00,qualifying_2123
2125,228,44,27,9,13,1996-05-04 00:00:00,qualifying_2124
2126,228,50,29,17,14,1996-05-04 00:00:00,qualifying_2125
2127,228,65,15,14,15,1996-05-04 00:00:00,qualifying_2126
2128,228,79,25,18,16,1996-05-04 00:00:00,qualifying_2127
2129,228,64,27,10,17,1996-05-04 00:00:00,qualifying_2128
2130,228,83,18,20,18,1996-05-04 00:00:00,qualifying_2129
2131,228,21,18,21,19,1996-05-04 00:00:00,qualifying_2130
2132,228,73,29,16,20,1996-05-04 00:00:00,qualifying_2131
2133,228,69,28,22,21,1996-05-04 00:00:00,qualifying_2132
2134,229,30,6,1,1,1996-05-18 00:00:00,qualifying_2133
2135,229,71,3,5,2,1996-05-18 00:00:00,qualifying_2134
2136,229,55,22,3,3,1996-05-18 00:00:00,qualifying_2135
2137,229,77,22,4,4,1996-05-18 00:00:00,qualifying_2136
2138,229,14,1,8,5,1996-05-18 00:00:00,qualifying_2137
2139,229,22,17,11,6,1996-05-18 00:00:00,qualifying_2138
2140,229,56,6,2,7,1996-05-18 00:00:00,qualifying_2139
2141,229,57,1,7,8,1996-05-18 00:00:00,qualifying_2140
2142,229,49,15,15,9,1996-05-18 00:00:00,qualifying_2141
2143,229,35,3,6,10,1996-05-18 00:00:00,qualifying_2142
2144,229,63,25,19,11,1996-05-18 00:00:00,qualifying_2143
2145,229,50,29,17,12,1996-05-18 00:00:00,qualifying_2144
2146,229,65,15,14,13,1996-05-18 00:00:00,qualifying_2145
2147,229,44,27,9,14,1996-05-18 00:00:00,qualifying_2146
2148,229,79,25,18,15,1996-05-18 00:00:00,qualifying_2147
2149,229,84,17,12,16,1996-05-18 00:00:00,qualifying_2148
2150,229,64,27,10,17,1996-05-18 00:00:00,qualifying_2149
2151,229,21,18,21,18,1996-05-18 00:00:00,qualifying_2150
2152,229,83,18,20,19,1996-05-18 00:00:00,qualifying_2151
2153,229,73,29,16,20,1996-05-18 00:00:00,qualifying_2152
2154,229,69,28,22,21,1996-05-18 00:00:00,qualifying_2153
2155,229,85,28,23,22,1996-05-18 00:00:00,qualifying_2154
2156,230,71,3,5,1,1996-06-01 00:00:00,qualifying_2155
2157,230,35,3,6,2,1996-06-01 00:00:00,qualifying_2156
2158,230,30,6,1,3,1996-06-01 00:00:00,qualifying_2157
2159,230,55,22,3,4,1996-06-01 00:00:00,qualifying_2158
2160,230,77,22,4,5,1996-06-01 00:00:00,qualifying_2159
2161,230,56,6,2,6,1996-06-01 00:00:00,qualifying_2160
2162,230,22,17,11,7,1996-06-01 00:00:00,qualifying_2161
2163,230,44,27,9,8,1996-06-01 00:00:00,qualifying_2162
2164,230,65,15,14,9,1996-06-01 00:00:00,qualifying_2163
2165,230,57,1,7,10,1996-06-01 00:00:00,qualifying_2164
2166,230,49,15,15,11,1996-06-01 00:00:00,qualifying_2165
2167,230,63,25,19,12,1996-06-01 00:00:00,qualifying_2166
2168,230,50,29,17,13,1996-06-01 00:00:00,qualifying_2167
2169,230,14,1,8,14,1996-06-01 00:00:00,qualifying_2168
2170,230,84,17,12,15,1996-06-01 00:00:00,qualifying_2169
2171,230,79,25,18,16,1996-06-01 00:00:00,qualifying_2170
2172,230,64,27,10,17,1996-06-01 00:00:00,qualifying_2171
2173,230,83,18,20,18,1996-06-01 00:00:00,qualifying_2172
2174,230,21,18,21,19,1996-06-01 00:00:00,qualifying_2173
2175,230,73,29,16,20,1996-06-01 00:00:00,qualifying_2174
2176,240,71,3,5,1,1995-03-25 00:00:00,qualifying_2175
2177,240,30,22,1,2,1995-03-25 00:00:00,qualifying_2176
2178,240,14,3,6,3,1995-03-25 00:00:00,qualifying_2177
2179,240,65,22,2,4,1995-03-25 00:00:00,qualifying_2178
2180,240,77,6,28,5,1995-03-25 00:00:00,qualifying_2179
2181,240,55,6,27,6,1995-03-25 00:00:00,qualifying_2180
2182,240,57,1,8,7,1995-03-25 00:00:00,qualifying_2181
2183,240,56,17,15,8,1995-03-25 00:00:00,qualifying_2182
2184,240,87,1,7,9,1995-03-25 00:00:00,qualifying_2183
2185,240,44,27,26,10,1995-03-25 00:00:00,qualifying_2184
2186,240,79,25,3,11,1995-03-25 00:00:00,qualifying_2185
2187,240,63,25,4,12,1995-03-25 00:00:00,qualifying_2186
2188,240,81,29,9,13,1995-03-25 00:00:00,qualifying_2187
2189,240,49,15,30,14,1995-03-25 00:00:00,qualifying_2188
2190,240,88,27,25,15,1995-03-25 00:00:00,qualifying_2189
2191,240,22,17,14,16,1995-03-25 00:00:00,qualifying_2190
2192,240,94,18,23,17,1995-03-25 00:00:00,qualifying_2191
2193,240,69,18,24,18,1995-03-25 00:00:00,qualifying_2192
2194,240,91,15,29,19,1995-03-25 00:00:00,qualifying_2193
2195,240,92,30,16,20,1995-03-25 00:00:00,qualifying_2194
2196,240,89,29,10,21,1995-03-25 00:00:00,qualifying_2195
2197,240,85,30,17,22,1995-03-25 00:00:00,qualifying_2196
2198,240,90,28,22,23,1995-03-25 00:00:00,qualifying_2197
2199,240,50,31,12,24,1995-03-25 00:00:00,qualifying_2198
2200,240,64,28,21,25,1995-03-25 00:00:00,qualifying_2199
2201,240,93,31,11,26,1995-03-25 00:00:00,qualifying_2200
2202,241,14,3,6,1,1995-04-08 00:00:00,qualifying_2201
2203,241,71,3,5,2,1995-04-08 00:00:00,qualifying_2202
2204,241,30,22,1,3,1995-04-08 00:00:00,qualifying_2203
2205,241,56,17,15,4,1995-04-08 00:00:00,qualifying_2204
2206,241,57,1,8,5,1995-04-08 00:00:00,qualifying_2205
2207,241,55,6,27,6,1995-04-08 00:00:00,qualifying_2206
2208,241,63,25,4,7,1995-04-08 00:00:00,qualifying_2207
2209,241,77,6,28,8,1995-04-08 00:00:00,qualifying_2208
2210,241,49,15,30,9,1995-04-08 00:00:00,qualifying_2209
2211,241,22,17,14,10,1995-04-08 00:00:00,qualifying_2210
2212,241,65,22,6,11,1995-04-08 00:00:00,qualifying_2211
2213,241,81,29,9,12,1995-04-08 00:00:00,qualifying_2212
2214,241,69,18,24,13,1995-04-08 00:00:00,qualifying_2213
2215,241,50,31,12,14,1995-04-08 00:00:00,qualifying_2214
2216,241,79,25,3,15,1995-04-08 00:00:00,qualifying_2215
2217,241,94,18,23,16,1995-04-08 00:00:00,qualifying_2216
2218,241,87,1,7,17,1995-04-08 00:00:00,qualifying_2217
2219,241,44,27,26,18,1995-04-08 00:00:00,qualifying_2218
2220,241,88,27,25,19,1995-04-08 00:00:00,qualifying_2219
2221,241,93,31,11,20,1995-04-08 00:00:00,qualifying_2220
2222,241,91,15,29,21,1995-04-08 00:00:00,qualifying_2221
2223,241,85,30,17,22,1995-04-08 00:00:00,qualifying_2222
2224,241,92,30,16,23,1995-04-08 00:00:00,qualifying_2223
2225,241,90,28,22,24,1995-04-08 00:00:00,qualifying_2224
2226,241,64,28,21,25,1995-04-08 00:00:00,qualifying_2225
2227,241,89,29,10,26,1995-04-08 00:00:00,qualifying_2226
2228,242,30,22,1,1,1995-04-29 00:00:00,qualifying_2227
2229,242,77,6,28,2,1995-04-29 00:00:00,qualifying_2228
2230,242,14,3,6,3,1995-04-29 00:00:00,qualifying_2229
2231,242,71,3,5,4,1995-04-29 00:00:00,qualifying_2230
2232,242,55,6,27,5,1995-04-29 00:00:00,qualifying_2231
2233,242,57,1,8,6,1995-04-29 00:00:00,qualifying_2232
2234,242,56,17,15,7,1995-04-29 00:00:00,qualifying_2233
2235,242,65,22,6,8,1995-04-29 00:00:00,qualifying_2234
2236,242,95,1,7,9,1995-04-29 00:00:00,qualifying_2235
2237,242,22,17,14,10,1995-04-29 00:00:00,qualifying_2236
2238,242,81,29,9,11,1995-04-29 00:00:00,qualifying_2237
2239,242,44,27,26,12,1995-04-29 00:00:00,qualifying_2238
2240,242,63,25,4,13,1995-04-29 00:00:00,qualifying_2239
2241,242,49,15,30,14,1995-04-29 00:00:00,qualifying_2240
2242,242,79,25,3,15,1995-04-29 00:00:00,qualifying_2241
2243,242,88,27,25,16,1995-04-29 00:00:00,qualifying_2242
2244,242,50,31,12,17,1995-04-29 00:00:00,qualifying_2243
2245,242,94,18,23,18,1995-04-29 00:00:00,qualifying_2244
2246,242,89,29,10,19,1995-04-29 00:00:00,qualifying_2245
2247,242,69,18,24,20,1995-04-29 00:00:00,qualifying_2246
2248,242,91,15,29,21,1995-04-29 00:00:00,qualifying_2247
2249,242,92,30,16,22,1995-04-29 00:00:00,qualifying_2248
2250,242,93,31,11,23,1995-04-29 00:00:00,qualifying_2249
2251,242,85,30,17,24,1995-04-29 00:00:00,qualifying_2250
2252,242,90,28,22,25,1995-04-29 00:00:00,qualifying_2251
2253,242,64,28,21,26,1995-04-29 00:00:00,qualifying_2252
2254,243,30,22,1,1,1995-05-13 00:00:00,qualifying_2253
2255,243,55,6,27,2,1995-05-13 00:00:00,qualifying_2254
2256,243,77,6,28,3,1995-05-13 00:00:00,qualifying_2255
2257,243,14,3,6,4,1995-05-13 00:00:00,qualifying_2256
2258,243,71,3,5,5,1995-05-13 00:00:00,qualifying_2257
2259,243,56,17,15,6,1995-05-13 00:00:00,qualifying_2258
2260,243,65,22,2,7,1995-05-13 00:00:00,qualifying_2259
2261,243,22,17,14,8,1995-05-13 00:00:00,qualifying_2260
2262,243,57,1,8,9,1995-05-13 00:00:00,qualifying_2261
2263,243,95,1,7,10,1995-05-13 00:00:00,qualifying_2262
2264,243,84,27,25,11,1995-05-13 00:00:00,qualifying_2263
2265,243,49,15,30,12,1995-05-13 00:00:00,qualifying_2264
2266,243,63,25,4,13,1995-05-13 00:00:00,qualifying_2265
2267,243,81,29,9,14,1995-05-13 00:00:00,qualifying_2266
2268,243,44,27,26,15,1995-05-13 00:00:00,qualifying_2267
2269,243,50,31,12,16,1995-05-13 00:00:00,qualifying_2268
2270,243,79,25,3,17,1995-05-13 00:00:00,qualifying_2269
2271,243,89,29,10,18,1995-05-13 00:00:00,qualifying_2270
2272,243,94,18,23,19,1995-05-13 00:00:00,qualifying_2271
2273,243,91,15,29,20,1995-05-13 00:00:00,qualifying_2272
2274,243,69,18,24,21,1995-05-13 00:00:00,qualifying_2273
2275,243,93,31,11,22,1995-05-13 00:00:00,qualifying_2274
2276,243,85,30,17,23,1995-05-13 00:00:00,qualifying_2275
2277,243,92,30,16,24,1995-05-13 00:00:00,qualifying_2276
2278,243,90,28,22,25,1995-05-13 00:00:00,qualifying_2277
2279,243,64,28,21,26,1995-05-13 00:00:00,qualifying_2278
2280,244,71,3,5,1,1995-05-27 00:00:00,qualifying_2279
2281,244,30,22,1,2,1995-05-27 00:00:00,qualifying_2280
2282,244,14,3,6,3,1995-05-27 00:00:00,qualifying_2281
2283,244,77,6,28,4,1995-05-27 00:00:00,qualifying_2282
2284,244,55,6,27,5,1995-05-27 00:00:00,qualifying_2283
2285,244,57,1,8,6,1995-05-27 00:00:00,qualifying_2284
2286,244,65,22,2,7,1995-05-27 00:00:00,qualifying_2285
2287,244,84,27,26,8,1995-05-27 00:00:00,qualifying_2286
2288,244,56,17,15,9,1995-05-27 00:00:00,qualifying_2287
2289,244,87,1,7,10,1995-05-27 00:00:00,qualifying_2288
2290,244,22,17,14,11,1995-05-27 00:00:00,qualifying_2289
2291,244,44,27,26,12,1995-05-27 00:00:00,qualifying_2290
2292,244,81,29,9,13,1995-05-27 00:00:00,qualifying_2291
2293,244,49,15,30,14,1995-05-27 00:00:00,qualifying_2292
2294,244,79,25,3,15,1995-05-27 00:00:00,qualifying_2293
2295,244,69,18,24,16,1995-05-27 00:00:00,qualifying_2294
2296,244,63,25,4,17,1995-05-27 00:00:00,qualifying_2295
2297,244,94,18,23,18,1995-05-27 00:00:00,qualifying_2296
2298,244,96,15,29,19,1995-05-27 00:00:00,qualifying_2297
2299,244,93,31,11,20,1995-05-27 00:00:00,qualifying_2298
2300,244,92,30,16,21,1995-05-27 00:00:00,qualifying_2299
2301,244,64,28,21,22,1995-05-27 00:00:00,qualifying_2300
2302,244,50,31,12,23,1995-05-27 00:00:00,qualifying_2301
2303,244,90,28,22,24,1995-05-27 00:00:00,qualifying_2302
2304,244,85,30,17,25,1995-05-27 00:00:00,qualifying_2303
2305,244,89,29,10,26,1995-05-27 00:00:00,qualifying_2304
2306,245,30,22,1,1,1995-06-10 00:00:00,qualifying_2305
2307,245,71,3,5,2,1995-06-10 00:00:00,qualifying_2306
2308,245,14,3,6,3,1995-06-10 00:00:00,qualifying_2307
2309,245,77,6,28,4,1995-06-10 00:00:00,qualifying_2308
2310,245,55,6,27,5,1995-06-10 00:00:00,qualifying_2309
2311,245,65,22,2,6,1995-06-10 00:00:00,qualifying_2310
2312,245,57,1,8,7,1995-06-10 00:00:00,qualifying_2311
2313,245,56,17,15,8,1995-06-10 00:00:00,qualifying_2312
2314,245,22,17,14,9,1995-06-10 00:00:00,qualifying_2313
2315,245,87,1,7,10,1995-06-10 00:00:00,qualifying_2314
2316,245,44,27,26,11,1995-06-10 00:00:00,qualifying_2315
2317,245,49,15,30,12,1995-06-10 00:00:00,qualifying_2316
2318,245,81,29,9,13,1995-06-10 00:00:00,qualifying_2317
2319,245,84,27,25,14,1995-06-10 00:00:00,qualifying_2318
2320,245,63,25,4,15,1995-06-10 00:00:00,qualifying_2319
2321,245,79,25,3,16,1995-06-10 00:00:00,qualifying_2320
2322,245,94,18,23,17,1995-06-10 00:00:00,qualifying_2321
2323,245,96,15,29,18,1995-06-10 00:00:00,qualifying_2322
2324,245,69,18,24,19,1995-06-10 00:00:00,qualifying_2323
2325,245,92,30,16,20,1995-06-10 00:00:00,qualifying_2324
2326,245,85,30,17,21,1995-06-10 00:00:00,qualifying_2325
2327,245,89,29,10,22,1995-06-10 00:00:00,qualifying_2326
2328,245,90,28,22,23,1995-06-10 00:00:00,qualifying_2327
2329,245,64,28,21,24,1995-06-10 00:00:00,qualifying_2328
2330,246,71,3,5,1,1995-07-01 00:00:00,qualifying_2329
2331,246,30,22,1,2,1995-07-01 00:00:00,qualifying_2330
2332,246,14,3,6,3,1995-07-01 00:00:00,qualifying_2331
2333,246,55,6,27,4,1995-07-01 00:00:00,qualifying_2332
2334,246,22,17,14,5,1995-07-01 00:00:00,qualifying_2333
2335,246,44,27,26,6,1995-07-01 00:00:00,qualifying_2334
2336,246,77,6,28,7,1995-07-01 00:00:00,qualifying_2335
2337,246,57,1,8,8,1995-07-01 00:00:00,qualifying_2336
2338,246,84,27,25,9,1995-07-01 00:00:00,qualifying_2337
2339,246,65,22,2,10,1995-07-01 00:00:00,qualifying_2338
2340,246,56,17,15,11,1995-07-01 00:00:00,qualifying_2339
2341,246,49,15,30,12,1995-07-01 00:00:00,qualifying_2340
2342,246,87,1,7,13,1995-07-01 00:00:00,qualifying_2341
2343,246,63,25,4,14,1995-07-01 00:00:00,qualifying_2342
2344,246,96,15,29,15,1995-07-01 00:00:00,qualifying_2343
2345,246,81,29,9,16,1995-07-01 00:00:00,qualifying_2344
2346,246,69,18,24,17,1995-07-01 00:00:00,qualifying_2345
2347,246,89,29,10,18,1995-07-01 00:00:00,qualifying_2346
2348,246,79,25,3,19,1995-07-01 00:00:00,qualifying_2347
2349,246,94,18,23,20,1995-07-01 00:00:00,qualifying_2348
2350,246,85,30,17,21,1995-07-01 00:00:00,qualifying_2349
2351,246,92,30,16,22,1995-07-01 00:00:00,qualifying_2350
2352,246,64,28,21,23,1995-07-01 00:00:00,qualifying_2351
2353,246,90,28,22,24,1995-07-01 00:00:00,qualifying_2352
2354,247,71,3,5,1,1995-07-15 00:00:00,qualifying_2353
2355,247,30,22,1,2,1995-07-15 00:00:00,qualifying_2354
2356,247,14,3,6,3,1995-07-15 00:00:00,qualifying_2355
2357,247,77,6,28,4,1995-07-15 00:00:00,qualifying_2356
2358,247,65,22,2,5,1995-07-15 00:00:00,qualifying_2357
2359,247,55,6,27,6,1995-07-15 00:00:00,qualifying_2358
2360,247,56,17,15,7,1995-07-15 00:00:00,qualifying_2359
2361,247,57,1,8,8,1995-07-15 00:00:00,qualifying_2360
2362,247,22,17,14,9,1995-07-15 00:00:00,qualifying_2361
2363,247,87,1,7,10,1995-07-15 00:00:00,qualifying_2362
2364,247,84,27,25,11,1995-07-15 00:00:00,qualifying_2363
2365,247,49,15,30,12,1995-07-15 00:00:00,qualifying_2364
2366,247,44,27,26,13,1995-07-15 00:00:00,qualifying_2365
2367,247,79,25,3,14,1995-07-15 00:00:00,qualifying_2366
2368,247,94,18,23,15,1995-07-15 00:00:00,qualifying_2367
2369,247,96,15,29,16,1995-07-15 00:00:00,qualifying_2368
2370,247,97,29,9,17,1995-07-15 00:00:00,qualifying_2369
2371,247,69,18,24,18,1995-07-15 00:00:00,qualifying_2370
2372,247,89,29,10,19,1995-07-15 00:00:00,qualifying_2371
2373,247,64,28,21,20,1995-07-15 00:00:00,qualifying_2372
2374,247,92,30,16,21,1995-07-15 00:00:00,qualifying_2373
2375,247,90,28,22,22,1995-07-15 00:00:00,qualifying_2374
2376,247,63,25,3,23,1995-07-15 00:00:00,qualifying_2375
2377,247,85,30,17,24,1995-07-15 00:00:00,qualifying_2376
2378,248,71,3,5,1,1995-07-29 00:00:00,qualifying_2377
2379,248,30,22,1,2,1995-07-29 00:00:00,qualifying_2378
2380,248,14,3,6,3,1995-07-29 00:00:00,qualifying_2379
2381,248,77,6,28,4,1995-07-29 00:00:00,qualifying_2380
2382,248,22,17,14,5,1995-07-29 00:00:00,qualifying_2381
2383,248,56,17,15,6,1995-07-29 00:00:00,qualifying_2382
2384,248,57,1,8,7,1995-07-29 00:00:00,qualifying_2383
2385,248,87,1,7,8,1995-07-29 00:00:00,qualifying_2384
2386,248,65,22,2,9,1995-07-29 00:00:00,qualifying_2385
2387,248,55,6,27,10,1995-07-29 00:00:00,qualifying_2386
2388,248,49,15,30,11,1995-07-29 00:00:00,qualifying_2387
2389,248,44,27,26,12,1995-07-29 00:00:00,qualifying_2388
2390,248,63,25,4,13,1995-07-29 00:00:00,qualifying_2389
2391,248,96,15,29,14,1995-07-29 00:00:00,qualifying_2390
2392,248,97,29,9,15,1995-07-29 00:00:00,qualifying_2391
2393,248,69,18,24,16,1995-07-29 00:00:00,qualifying_2392
2394,248,79,25,3,17,1995-07-29 00:00:00,qualifying_2393
2395,248,88,27,25,18,1995-07-29 00:00:00,qualifying_2394
2396,248,89,29,10,19,1995-07-29 00:00:00,qualifying_2395
2397,248,94,18,23,20,1995-07-29 00:00:00,qualifying_2396
2398,248,64,28,21,21,1995-07-29 00:00:00,qualifying_2397
2399,248,90,28,22,22,1995-07-29 00:00:00,qualifying_2398
2400,248,85,30,17,23,1995-07-29 00:00:00,qualifying_2399
2401,248,86,30,16,24,1995-07-29 00:00:00,qualifying_2400
2402,249,71,3,5,1,1995-08-12 00:00:00,qualifying_2401
2403,249,14,3,6,2,1995-08-12 00:00:00,qualifying_2402
2404,249,30,22,1,3,1995-08-12 00:00:00,qualifying_2403
2405,249,77,6,28,4,1995-08-12 00:00:00,qualifying_2404
2406,249,57,1,8,5,1995-08-12 00:00:00,qualifying_2405
2407,249,55,6,27,6,1995-08-12 00:00:00,qualifying_2406
2408,249,56,17,15,7,1995-08-12 00:00:00,qualifying_2407
2409,249,84,27,25,8,1995-08-12 00:00:00,qualifying_2408
2410,249,65,22,2,9,1995-08-12 00:00:00,qualifying_2409
2411,249,44,27,26,10,1995-08-12 00:00:00,qualifying_2410
2412,249,49,15,30,11,1995-08-12 00:00:00,qualifying_2411
2413,249,69,18,24,12,1995-08-12 00:00:00,qualifying_2412
2414,249,87,1,7,13,1995-08-12 00:00:00,qualifying_2413
2415,249,22,17,14,14,1995-08-12 00:00:00,qualifying_2414
2416,249,83,18,23,15,1995-08-12 00:00:00,qualifying_2415
2417,249,63,25,4,16,1995-08-12 00:00:00,qualifying_2416
2418,249,79,25,3,17,1995-08-12 00:00:00,qualifying_2417
2419,249,89,29,10,18,1995-08-12 00:00:00,qualifying_2418
2420,249,96,15,29,19,1995-08-12 00:00:00,qualifying_2419
2421,249,97,29,9,20,1995-08-12 00:00:00,qualifying_2420
2422,249,90,28,22,21,1995-08-12 00:00:00,qualifying_2421
2423,249,85,30,17,22,1995-08-12 00:00:00,qualifying_2422
2424,249,64,28,21,23,1995-08-12 00:00:00,qualifying_2423
2425,249,86,30,16,24,1995-08-12 00:00:00,qualifying_2424
2426,250,77,6,28,1,1995-08-26 00:00:00,qualifying_2425
2427,250,55,6,27,2,1995-08-26 00:00:00,qualifying_2426
2428,250,57,1,8,3,1995-08-26 00:00:00,qualifying_2427
2429,250,65,22,2,4,1995-08-26 00:00:00,qualifying_2428
2430,250,14,3,6,5,1995-08-26 00:00:00,qualifying_2429
2431,250,87,1,7,6,1995-08-26 00:00:00,qualifying_2430
2432,250,56,17,15,7,1995-08-26 00:00:00,qualifying_2431
2433,250,71,3,5,8,1995-08-26 00:00:00,qualifying_2432
2434,250,44,27,26,9,1995-08-26 00:00:00,qualifying_2433
2435,250,49,15,30,10,1995-08-26 00:00:00,qualifying_2434
2436,250,63,25,4,11,1995-08-26 00:00:00,qualifying_2435
2437,250,22,17,14,12,1995-08-26 00:00:00,qualifying_2436
2438,250,84,27,26,13,1995-08-26 00:00:00,qualifying_2437
2439,250,96,15,29,14,1995-08-26 00:00:00,qualifying_2438
2440,250,79,25,3,15,1995-08-26 00:00:00,qualifying_2439
2441,250,30,22,1,16,1995-08-26 00:00:00,qualifying_2440
2442,250,83,18,23,17,1995-08-26 00:00:00,qualifying_2441
2443,250,89,29,10,18,1995-08-26 00:00:00,qualifying_2442
2444,250,69,18,24,19,1995-08-26 00:00:00,qualifying_2443
2445,250,97,29,9,20,1995-08-26 00:00:00,qualifying_2444
2446,250,85,30,17,21,1995-08-26 00:00:00,qualifying_2445
2447,250,90,28,22,22,1995-08-26 00:00:00,qualifying_2446
2448,250,86,30,16,23,1995-08-26 00:00:00,qualifying_2447
2449,250,64,28,21,24,1995-08-26 00:00:00,qualifying_2448
2450,251,14,3,6,1,1995-09-09 00:00:00,qualifying_2449
2451,251,30,22,1,2,1995-09-09 00:00:00,qualifying_2450
2452,251,77,6,28,3,1995-09-09 00:00:00,qualifying_2451
2453,251,71,3,5,4,1995-09-09 00:00:00,qualifying_2452
2454,251,55,6,27,5,1995-09-09 00:00:00,qualifying_2453
2455,251,22,17,14,6,1995-09-09 00:00:00,qualifying_2454
2456,251,57,1,8,7,1995-09-09 00:00:00,qualifying_2455
2457,251,65,22,2,8,1995-09-09 00:00:00,qualifying_2456
2458,251,87,1,7,9,1995-09-09 00:00:00,qualifying_2457
2459,251,49,15,30,10,1995-09-09 00:00:00,qualifying_2458
2460,251,84,27,26,11,1995-09-09 00:00:00,qualifying_2459
2461,251,56,17,15,12,1995-09-09 00:00:00,qualifying_2460
2462,251,44,27,26,13,1995-09-09 00:00:00,qualifying_2461
2463,251,96,15,29,14,1995-09-09 00:00:00,qualifying_2462
2464,251,97,29,9,15,1995-09-09 00:00:00,qualifying_2463
2465,251,63,25,4,16,1995-09-09 00:00:00,qualifying_2464
2466,251,79,25,3,17,1995-09-09 00:00:00,qualifying_2465
2467,251,69,18,24,18,1995-09-09 00:00:00,qualifying_2466
2468,251,83,18,23,19,1995-09-09 00:00:00,qualifying_2467
2469,251,89,29,10,20,1995-09-09 00:00:00,qualifying_2468
2470,251,85,30,17,21,1995-09-09 00:00:00,qualifying_2469
2471,251,90,28,22,22,1995-09-09 00:00:00,qualifying_2470
2472,251,64,28,21,23,1995-09-09 00:00:00,qualifying_2471
2473,251,86,30,16,24,1995-09-09 00:00:00,qualifying_2472
2474,252,14,3,6,1,1995-09-23 00:00:00,qualifying_2473
2475,252,71,3,5,2,1995-09-23 00:00:00,qualifying_2474
2476,252,30,22,1,3,1995-09-23 00:00:00,qualifying_2475
2477,252,77,6,28,4,1995-09-23 00:00:00,qualifying_2476
2478,252,49,15,30,5,1995-09-23 00:00:00,qualifying_2477
2479,252,65,22,2,6,1995-09-23 00:00:00,qualifying_2478
2480,252,55,6,27,7,1995-09-23 00:00:00,qualifying_2479
2481,252,22,17,14,8,1995-09-23 00:00:00,qualifying_2480
2482,252,84,27,25,9,1995-09-23 00:00:00,qualifying_2481
2483,252,56,17,15,10,1995-09-23 00:00:00,qualifying_2482
2484,252,44,27,26,11,1995-09-23 00:00:00,qualifying_2483
2485,252,87,1,7,12,1995-09-23 00:00:00,qualifying_2484
2486,252,57,1,8,13,1995-09-23 00:00:00,qualifying_2485
2487,252,96,15,29,14,1995-09-23 00:00:00,qualifying_2486
2488,252,63,25,4,15,1995-09-23 00:00:00,qualifying_2487
2489,252,79,25,3,16,1995-09-23 00:00:00,qualifying_2488
2490,252,83,18,23,17,1995-09-23 00:00:00,qualifying_2489
2491,252,69,18,24,18,1995-09-23 00:00:00,qualifying_2490
2492,252,89,29,10,19,1995-09-23 00:00:00,qualifying_2491
2493,252,97,29,9,20,1995-09-23 00:00:00,qualifying_2492
2494,252,85,30,17,21,1995-09-23 00:00:00,qualifying_2493
2495,252,64,28,21,22,1995-09-23 00:00:00,qualifying_2494
2496,252,90,28,22,23,1995-09-23 00:00:00,qualifying_2495
2497,252,98,30,16,24,1995-09-23 00:00:00,qualifying_2496
2498,253,14,3,6,1,1995-09-30 00:00:00,qualifying_2497
2499,253,71,3,5,2,1995-09-30 00:00:00,qualifying_2498
2500,253,30,22,1,3,1995-09-30 00:00:00,qualifying_2499
2501,253,77,6,28,4,1995-09-30 00:00:00,qualifying_2500
2502,253,56,17,15,5,1995-09-30 00:00:00,qualifying_2501
2503,253,55,6,27,6,1995-09-30 00:00:00,qualifying_2502
2504,253,65,22,2,7,1995-09-30 00:00:00,qualifying_2503
2505,253,49,15,30,8,1995-09-30 00:00:00,qualifying_2504
2506,253,57,1,8,9,1995-09-30 00:00:00,qualifying_2505
2507,253,87,1,7,10,1995-09-30 00:00:00,qualifying_2506
2508,253,22,17,14,11,1995-09-30 00:00:00,qualifying_2507
2509,253,84,27,25,12,1995-09-30 00:00:00,qualifying_2508
2510,253,96,15,29,13,1995-09-30 00:00:00,qualifying_2509
2511,253,44,27,26,14,1995-09-30 00:00:00,qualifying_2510
2512,253,63,25,4,15,1995-09-30 00:00:00,qualifying_2511
2513,253,83,18,23,16,1995-09-30 00:00:00,qualifying_2512
2514,253,97,29,9,17,1995-09-30 00:00:00,qualifying_2513
2515,253,69,18,24,18,1995-09-30 00:00:00,qualifying_2514
2516,253,99,25,3,19,1995-09-30 00:00:00,qualifying_2515
2517,253,85,30,17,20,1995-09-30 00:00:00,qualifying_2516
2518,253,89,29,10,21,1995-09-30 00:00:00,qualifying_2517
2519,253,64,28,21,22,1995-09-30 00:00:00,qualifying_2518
2520,253,90,28,22,23,1995-09-30 00:00:00,qualifying_2519
2521,253,98,30,16,24,1995-09-30 00:00:00,qualifying_2520
2522,254,14,3,6,1,1995-10-21 00:00:00,qualifying_2521
2523,254,71,3,5,2,1995-10-21 00:00:00,qualifying_2522
2524,254,30,22,1,3,1995-10-21 00:00:00,qualifying_2523
2525,254,55,6,27,4,1995-10-21 00:00:00,qualifying_2524
2526,254,77,6,28,5,1995-10-21 00:00:00,qualifying_2525
2527,254,56,17,15,6,1995-10-21 00:00:00,qualifying_2526
2528,254,65,22,2,7,1995-10-21 00:00:00,qualifying_2527
2529,254,49,15,30,8,1995-10-21 00:00:00,qualifying_2528
2530,254,44,27,26,9,1995-10-21 00:00:00,qualifying_2529
2531,254,87,1,7,10,1995-10-21 00:00:00,qualifying_2530
2532,254,22,17,14,11,1995-10-21 00:00:00,qualifying_2531
2533,254,76,1,8,12,1995-10-21 00:00:00,qualifying_2532
2534,254,88,27,25,13,1995-10-21 00:00:00,qualifying_2533
2535,254,83,18,23,14,1995-10-21 00:00:00,qualifying_2534
2536,254,96,15,29,15,1995-10-21 00:00:00,qualifying_2535
2537,254,69,18,24,16,1995-10-21 00:00:00,qualifying_2536
2538,254,79,25,3,17,1995-10-21 00:00:00,qualifying_2537
2539,254,63,25,4,18,1995-10-21 00:00:00,qualifying_2538
2540,254,81,29,9,19,1995-10-21 00:00:00,qualifying_2539
2541,254,89,29,10,20,1995-10-21 00:00:00,qualifying_2540
2542,254,64,28,21,21,1995-10-21 00:00:00,qualifying_2541
2543,254,90,28,22,22,1995-10-21 00:00:00,qualifying_2542
2544,254,85,30,17,23,1995-10-21 00:00:00,qualifying_2543
2545,254,92,30,16,24,1995-10-21 00:00:00,qualifying_2544
2546,255,30,22,1,1,1995-10-28 00:00:00,qualifying_2545
2547,255,55,6,27,2,1995-10-28 00:00:00,qualifying_2546
2548,255,57,1,8,3,1995-10-28 00:00:00,qualifying_2547
2549,255,71,3,5,4,1995-10-28 00:00:00,qualifying_2548
2550,255,77,6,28,5,1995-10-28 00:00:00,qualifying_2549
2551,255,14,3,6,6,1995-10-28 00:00:00,qualifying_2550
2552,255,56,17,15,7,1995-10-28 00:00:00,qualifying_2551
2553,255,49,15,30,8,1995-10-28 00:00:00,qualifying_2552
2554,255,65,22,2,9,1995-10-28 00:00:00,qualifying_2553
2555,255,22,17,14,10,1995-10-28 00:00:00,qualifying_2554
2556,255,44,27,26,11,1995-10-28 00:00:00,qualifying_2555
2557,255,63,25,4,12,1995-10-28 00:00:00,qualifying_2556
2558,255,88,27,25,13,1995-10-28 00:00:00,qualifying_2557
2559,255,79,25,3,14,1995-10-28 00:00:00,qualifying_2558
2560,255,81,29,9,15,1995-10-28 00:00:00,qualifying_2559
2561,255,91,15,29,16,1995-10-28 00:00:00,qualifying_2560
2562,255,83,18,23,17,1995-10-28 00:00:00,qualifying_2561
2563,255,69,18,24,18,1995-10-28 00:00:00,qualifying_2562
2564,255,89,29,10,19,1995-10-28 00:00:00,qualifying_2563
2565,255,85,30,17,20,1995-10-28 00:00:00,qualifying_2564
2566,255,64,28,21,21,1995-10-28 00:00:00,qualifying_2565
2567,255,90,28,22,22,1995-10-28 00:00:00,qualifying_2566
2568,255,92,30,16,23,1995-10-28 00:00:00,qualifying_2567
2569,255,87,1,7,24,1995-10-28 00:00:00,qualifying_2568
2570,256,71,3,5,1,1995-11-11 00:00:00,qualifying_2569
2571,256,14,3,6,2,1995-11-11 00:00:00,qualifying_2570
2572,256,30,22,1,3,1995-11-11 00:00:00,qualifying_2571
2573,256,77,6,28,4,1995-11-11 00:00:00,qualifying_2572
2574,256,55,6,27,5,1995-11-11 00:00:00,qualifying_2573
2575,256,49,15,30,6,1995-11-11 00:00:00,qualifying_2574
2576,256,22,17,14,7,1995-11-11 00:00:00,qualifying_2575
2577,256,65,22,2,8,1995-11-11 00:00:00,qualifying_2576
2578,256,56,17,15,9,1995-11-11 00:00:00,qualifying_2577
2579,256,87,1,7,10,1995-11-11 00:00:00,qualifying_2578
2580,256,84,27,25,11,1995-11-11 00:00:00,qualifying_2579
2581,256,44,27,26,12,1995-11-11 00:00:00,qualifying_2580
2582,256,81,29,9,13,1995-11-11 00:00:00,qualifying_2581
2583,256,63,25,4,14,1995-11-11 00:00:00,qualifying_2582
2584,256,69,18,24,15,1995-11-11 00:00:00,qualifying_2583
2585,256,79,25,3,16,1995-11-11 00:00:00,qualifying_2584
2586,256,83,18,23,17,1995-11-11 00:00:00,qualifying_2585
2587,256,91,15,29,18,1995-11-11 00:00:00,qualifying_2586
2588,256,89,29,10,19,1995-11-11 00:00:00,qualifying_2587
2589,256,90,28,22,20,1995-11-11 00:00:00,qualifying_2588
2590,256,64,28,21,21,1995-11-11 00:00:00,qualifying_2589
2591,256,85,30,16,22,1995-11-11 00:00:00,qualifying_2590
2592,256,92,30,16,23,1995-11-11 00:00:00,qualifying_2591
2593,256,57,1,8,24,1995-11-11 00:00:00,qualifying_2592
2594,257,102,3,2,1,1994-03-26 00:00:00,qualifying_2593
2595,257,30,22,5,2,1994-03-26 00:00:00,qualifying_2594
2596,257,55,6,27,3,1994-03-26 00:00:00,qualifying_2595
2597,257,71,3,0,4,1994-03-26 00:00:00,qualifying_2596
2598,257,49,15,30,5,1994-03-26 00:00:00,qualifying_2597
2599,257,81,29,10,6,1994-03-26 00:00:00,qualifying_2598
2600,257,91,15,29,7,1994-03-26 00:00:00,qualifying_2599
2601,257,57,1,7,8,1994-03-26 00:00:00,qualifying_2600
2602,257,50,22,6,9,1994-03-26 00:00:00,qualifying_2601
2603,257,79,25,3,10,1994-03-26 00:00:00,qualifying_2602
2604,257,104,29,9,11,1994-03-26 00:00:00,qualifying_2603
2605,257,87,25,4,12,1994-03-26 00:00:00,qualifying_2604
2606,257,100,33,20,13,1994-03-26 00:00:00,qualifying_2605
2607,257,22,17,14,14,1994-03-26 00:00:00,qualifying_2606
2608,257,94,18,23,15,1994-03-26 00:00:00,qualifying_2607
2609,257,56,17,15,16,1994-03-26 00:00:00,qualifying_2608
2610,257,77,6,28,17,1994-03-26 00:00:00,qualifying_2609
2611,257,84,1,8,18,1994-03-26 00:00:00,qualifying_2610
2612,257,44,27,26,19,1994-03-26 00:00:00,qualifying_2611
2613,257,103,27,25,20,1994-03-26 00:00:00,qualifying_2612
2614,257,65,32,12,21,1994-03-26 00:00:00,qualifying_2613
2615,257,105,18,24,22,1994-03-26 00:00:00,qualifying_2614
2616,257,106,33,19,23,1994-03-26 00:00:00,qualifying_2615
2617,257,83,32,11,24,1994-03-26 00:00:00,qualifying_2616
2618,257,92,30,34,25,1994-03-26 00:00:00,qualifying_2617
2619,257,101,31,31,26,1994-03-26 00:00:00,qualifying_2618
2620,258,102,3,2,1,1994-04-16 00:00:00,qualifying_2619
2621,258,30,22,5,2,1994-04-16 00:00:00,qualifying_2620
2622,258,71,3,0,3,1994-04-16 00:00:00,qualifying_2621
2623,258,57,1,7,4,1994-04-16 00:00:00,qualifying_2622
2624,258,77,6,28,5,1994-04-16 00:00:00,qualifying_2623
2625,258,84,1,8,6,1994-04-16 00:00:00,qualifying_2624
2626,258,78,6,27,7,1994-04-16 00:00:00,qualifying_2625
2627,258,22,17,14,8,1994-04-16 00:00:00,qualifying_2626
2628,258,104,29,9,9,1994-04-16 00:00:00,qualifying_2627
2629,258,50,22,6,10,1994-04-16 00:00:00,qualifying_2628
2630,258,49,15,30,11,1994-04-16 00:00:00,qualifying_2629
2631,258,87,25,4,12,1994-04-16 00:00:00,qualifying_2630
2632,258,81,29,10,13,1994-04-16 00:00:00,qualifying_2631
2633,258,79,25,3,14,1994-04-16 00:00:00,qualifying_2632
2634,258,105,18,24,15,1994-04-16 00:00:00,qualifying_2633
2635,258,100,33,20,16,1994-04-16 00:00:00,qualifying_2634
2636,258,94,18,23,17,1994-04-16 00:00:00,qualifying_2635
2637,258,103,27,25,18,1994-04-16 00:00:00,qualifying_2636
2638,258,91,15,29,19,1994-04-16 00:00:00,qualifying_2637
2639,258,88,17,15,20,1994-04-16 00:00:00,qualifying_2638
2640,258,106,33,19,21,1994-04-16 00:00:00,qualifying_2639
2641,258,44,27,26,22,1994-04-16 00:00:00,qualifying_2640
2642,258,65,32,12,23,1994-04-16 00:00:00,qualifying_2641
2643,258,83,32,11,24,1994-04-16 00:00:00,qualifying_2642
2644,258,101,31,31,25,1994-04-16 00:00:00,qualifying_2643
2645,258,107,31,32,26,1994-04-16 00:00:00,qualifying_2644
2646,259,102,3,2,1,1994-04-30 00:00:00,qualifying_2645
2647,259,30,22,5,2,1994-04-30 00:00:00,qualifying_2646
2648,259,77,6,28,3,1994-04-30 00:00:00,qualifying_2647
2649,259,71,3,0,4,1994-04-30 00:00:00,qualifying_2648
2650,259,109,22,6,5,1994-04-30 00:00:00,qualifying_2649
2651,259,78,6,27,6,1994-04-30 00:00:00,qualifying_2650
2652,259,49,15,30,7,1994-04-30 00:00:00,qualifying_2651
2653,259,57,1,7,8,1994-04-30 00:00:00,qualifying_2652
2654,259,79,25,3,9,1994-04-30 00:00:00,qualifying_2653
2655,259,91,15,29,10,1994-04-30 00:00:00,qualifying_2654
2656,259,81,29,10,11,1994-04-30 00:00:00,qualifying_2655
2657,259,87,25,4,12,1994-04-30 00:00:00,qualifying_2656
2658,259,84,1,8,13,1994-04-30 00:00:00,qualifying_2657
2659,259,94,18,23,14,1994-04-30 00:00:00,qualifying_2658
2660,259,105,18,24,15,1994-04-30 00:00:00,qualifying_2659
2661,259,104,29,9,16,1994-04-30 00:00:00,qualifying_2660
2662,259,103,27,25,17,1994-04-30 00:00:00,qualifying_2661
2663,259,100,33,20,18,1994-04-30 00:00:00,qualifying_2662
2664,259,44,27,26,19,1994-04-30 00:00:00,qualifying_2663
2665,259,65,32,12,20,1994-04-30 00:00:00,qualifying_2664
2666,259,110,17,15,21,1994-04-30 00:00:00,qualifying_2665
2667,259,83,32,11,22,1994-04-30 00:00:00,qualifying_2666
2668,259,106,33,19,23,1994-04-30 00:00:00,qualifying_2667
2669,259,101,31,31,24,1994-04-30 00:00:00,qualifying_2668
2670,259,92,30,34,25,1994-04-30 00:00:00,qualifying_2669
2671,259,107,31,32,26,1994-04-30 00:00:00,qualifying_2670
2672,259,108,30,33,27,1994-04-30 00:00:00,qualifying_2671
2673,259,22,17,14,28,1994-04-30 00:00:00,qualifying_2672
2674,261,30,22,5,1,1994-05-28 00:00:00,qualifying_2673
2675,261,71,3,0,2,1994-05-28 00:00:00,qualifying_2674
2676,261,57,1,7,3,1994-05-28 00:00:00,qualifying_2675
2677,261,109,22,6,4,1994-05-28 00:00:00,qualifying_2676
2678,261,22,17,14,5,1994-05-28 00:00:00,qualifying_2677
2679,261,55,6,27,6,1994-05-28 00:00:00,qualifying_2678
2680,261,77,6,28,7,1994-05-28 00:00:00,qualifying_2679
2681,261,84,1,8,8,1994-05-28 00:00:00,qualifying_2680
2682,261,14,3,2,9,1994-05-28 00:00:00,qualifying_2681
2683,261,79,25,3,10,1994-05-28 00:00:00,qualifying_2682
2684,261,87,25,4,11,1994-05-28 00:00:00,qualifying_2683
2685,261,49,15,30,12,1994-05-28 00:00:00,qualifying_2684
2686,261,56,17,15,13,1994-05-28 00:00:00,qualifying_2685
2687,261,105,18,24,14,1994-05-28 00:00:00,qualifying_2686
2688,261,81,29,10,15,1994-05-28 00:00:00,qualifying_2687
2689,261,100,33,20,16,1994-05-28 00:00:00,qualifying_2688
2690,261,106,33,19,17,1994-05-28 00:00:00,qualifying_2689
2691,261,94,18,23,18,1994-05-28 00:00:00,qualifying_2690
2692,261,44,27,26,19,1994-05-28 00:00:00,qualifying_2691
2693,261,103,27,25,20,1994-05-28 00:00:00,qualifying_2692
2694,261,104,29,9,21,1994-05-28 00:00:00,qualifying_2693
2695,261,65,32,12,22,1994-05-28 00:00:00,qualifying_2694
2696,261,70,32,11,23,1994-05-28 00:00:00,qualifying_2695
2697,261,101,31,31,24,1994-05-28 00:00:00,qualifying_2696
2698,261,92,30,34,25,1994-05-28 00:00:00,qualifying_2697
2699,261,108,30,33,26,1994-05-28 00:00:00,qualifying_2698
2700,262,30,22,5,1,1994-06-11 00:00:00,qualifying_2699
2701,262,55,6,27,2,1994-06-11 00:00:00,qualifying_2700
2702,262,77,6,28,3,1994-06-11 00:00:00,qualifying_2701
2703,262,71,3,0,4,1994-06-11 00:00:00,qualifying_2702
2704,262,14,3,2,5,1994-06-11 00:00:00,qualifying_2703
2705,262,22,17,14,6,1994-06-11 00:00:00,qualifying_2704
2706,262,57,1,7,7,1994-06-11 00:00:00,qualifying_2705
2707,262,56,17,15,8,1994-06-11 00:00:00,qualifying_2706
2708,262,79,25,3,9,1994-06-11 00:00:00,qualifying_2707
2709,262,49,15,30,10,1994-06-11 00:00:00,qualifying_2708
2710,262,81,29,10,11,1994-06-11 00:00:00,qualifying_2709
2711,262,84,1,8,12,1994-06-11 00:00:00,qualifying_2710
2712,262,87,25,4,13,1994-06-11 00:00:00,qualifying_2711
2713,262,110,15,29,14,1994-06-11 00:00:00,qualifying_2712
2714,262,94,18,23,15,1994-06-11 00:00:00,qualifying_2713
2715,262,104,29,9,16,1994-06-11 00:00:00,qualifying_2714
2716,262,65,32,12,17,1994-06-11 00:00:00,qualifying_2715
2717,262,105,18,24,18,1994-06-11 00:00:00,qualifying_2716
2718,262,44,27,26,19,1994-06-11 00:00:00,qualifying_2717
2719,262,109,22,6,20,1994-06-11 00:00:00,qualifying_2718
2720,262,100,33,20,21,1994-06-11 00:00:00,qualifying_2719
2721,262,106,33,19,22,1994-06-11 00:00:00,qualifying_2720
2722,262,70,32,11,23,1994-06-11 00:00:00,qualifying_2721
2723,262,103,27,25,24,1994-06-11 00:00:00,qualifying_2722
2724,262,101,31,31,25,1994-06-11 00:00:00,qualifying_2723
2725,262,92,30,34,26,1994-06-11 00:00:00,qualifying_2724
2726,263,71,3,0,1,1994-07-02 00:00:00,qualifying_2725
2727,263,95,3,2,2,1994-07-02 00:00:00,qualifying_2726
2728,263,30,22,5,3,1994-07-02 00:00:00,qualifying_2727
2729,263,55,6,27,4,1994-07-02 00:00:00,qualifying_2728
2730,263,77,6,28,5,1994-07-02 00:00:00,qualifying_2729
2731,263,56,17,15,6,1994-07-02 00:00:00,qualifying_2730
2732,263,22,17,14,7,1994-07-02 00:00:00,qualifying_2731
2733,263,50,22,6,8,1994-07-02 00:00:00,qualifying_2732
2734,263,57,1,7,9,1994-07-02 00:00:00,qualifying_2733
2735,263,49,15,30,10,1994-07-02 00:00:00,qualifying_2734
2736,263,110,15,29,11,1994-07-02 00:00:00,qualifying_2735
2737,263,84,1,8,12,1994-07-02 00:00:00,qualifying_2736
2738,263,44,27,26,13,1994-07-02 00:00:00,qualifying_2737
2739,263,79,25,3,14,1994-07-02 00:00:00,qualifying_2738
2740,263,103,27,25,15,1994-07-02 00:00:00,qualifying_2739
2741,263,94,18,23,16,1994-07-02 00:00:00,qualifying_2740
2742,263,87,25,4,17,1994-07-02 00:00:00,qualifying_2741
2743,263,104,29,9,18,1994-07-02 00:00:00,qualifying_2742
2744,263,65,32,12,19,1994-07-02 00:00:00,qualifying_2743
2745,263,100,33,20,20,1994-07-02 00:00:00,qualifying_2744
2746,263,105,18,24,21,1994-07-02 00:00:00,qualifying_2745
2747,263,81,29,10,22,1994-07-02 00:00:00,qualifying_2746
2748,263,70,32,11,23,1994-07-02 00:00:00,qualifying_2747
2749,263,101,31,31,24,1994-07-02 00:00:00,qualifying_2748
2750,263,106,33,19,25,1994-07-02 00:00:00,qualifying_2749
2751,263,111,31,32,26,1994-07-02 00:00:00,qualifying_2750
2752,264,71,3,0,1,1994-07-09 00:00:00,qualifying_2751
2753,264,30,22,5,2,1994-07-09 00:00:00,qualifying_2752
2754,264,77,6,28,3,1994-07-09 00:00:00,qualifying_2753
2755,264,55,6,27,4,1994-07-09 00:00:00,qualifying_2754
2756,264,57,1,7,5,1994-07-09 00:00:00,qualifying_2755
2757,264,22,17,14,6,1994-07-09 00:00:00,qualifying_2756
2758,264,14,3,2,7,1994-07-09 00:00:00,qualifying_2757
2759,264,79,25,3,8,1994-07-09 00:00:00,qualifying_2758
2760,264,84,1,8,9,1994-07-09 00:00:00,qualifying_2759
2761,264,50,22,6,10,1994-07-09 00:00:00,qualifying_2760
2762,264,87,25,4,11,1994-07-09 00:00:00,qualifying_2761
2763,264,56,17,15,12,1994-07-09 00:00:00,qualifying_2762
2764,264,49,15,30,13,1994-07-09 00:00:00,qualifying_2763
2765,264,94,18,23,14,1994-07-09 00:00:00,qualifying_2764
2766,264,44,27,26,15,1994-07-09 00:00:00,qualifying_2765
2767,264,81,29,10,16,1994-07-09 00:00:00,qualifying_2766
2768,264,105,18,24,17,1994-07-09 00:00:00,qualifying_2767
2769,264,110,15,29,18,1994-07-09 00:00:00,qualifying_2768
2770,264,70,32,11,19,1994-07-09 00:00:00,qualifying_2769
2771,264,104,29,9,20,1994-07-09 00:00:00,qualifying_2770
2772,264,65,32,12,21,1994-07-09 00:00:00,qualifying_2771
2773,264,100,33,20,22,1994-07-09 00:00:00,qualifying_2772
2774,264,103,27,25,23,1994-07-09 00:00:00,qualifying_2773
2775,264,106,33,19,24,1994-07-09 00:00:00,qualifying_2774
2776,264,101,31,31,25,1994-07-09 00:00:00,qualifying_2775
2777,264,111,31,32,26,1994-07-09 00:00:00,qualifying_2776
2778,265,77,6,28,1,1994-07-30 00:00:00,qualifying_2777
2779,265,55,6,27,2,1994-07-30 00:00:00,qualifying_2778
2780,265,71,3,0,3,1994-07-30 00:00:00,qualifying_2779
2781,265,30,22,5,4,1994-07-30 00:00:00,qualifying_2780
2782,265,79,25,3,5,1994-07-30 00:00:00,qualifying_2781
2783,265,14,3,2,6,1994-07-30 00:00:00,qualifying_2782
2784,265,87,25,4,7,1994-07-30 00:00:00,qualifying_2783
2785,265,57,1,7,8,1994-07-30 00:00:00,qualifying_2784
2786,265,49,15,30,9,1994-07-30 00:00:00,qualifying_2785
2787,265,56,17,15,10,1994-07-30 00:00:00,qualifying_2786
2788,265,22,17,14,11,1994-07-30 00:00:00,qualifying_2787
2789,265,44,27,26,12,1994-07-30 00:00:00,qualifying_2788
2790,265,84,1,8,13,1994-07-30 00:00:00,qualifying_2789
2791,265,103,27,25,14,1994-07-30 00:00:00,qualifying_2790
2792,265,65,32,12,15,1994-07-30 00:00:00,qualifying_2791
2793,265,81,29,10,16,1994-07-30 00:00:00,qualifying_2792
2794,265,104,29,9,17,1994-07-30 00:00:00,qualifying_2793
2795,265,110,15,29,18,1994-07-30 00:00:00,qualifying_2794
2796,265,50,22,6,19,1994-07-30 00:00:00,qualifying_2795
2797,265,94,18,23,20,1994-07-30 00:00:00,qualifying_2796
2798,265,70,32,11,21,1994-07-30 00:00:00,qualifying_2797
2799,265,100,33,20,22,1994-07-30 00:00:00,qualifying_2798
2800,265,105,18,24,23,1994-07-30 00:00:00,qualifying_2799
2801,265,106,33,19,24,1994-07-30 00:00:00,qualifying_2800
2802,265,101,31,31,25,1994-07-30 00:00:00,qualifying_2801
2803,265,111,31,32,26,1994-07-30 00:00:00,qualifying_2802
2804,266,30,22,5,1,1994-08-13 00:00:00,qualifying_2803
2805,266,71,3,0,2,1994-08-13 00:00:00,qualifying_2804
2806,266,14,3,2,3,1994-08-13 00:00:00,qualifying_2805
2807,266,77,6,28,4,1994-08-13 00:00:00,qualifying_2806
2808,266,79,25,3,5,1994-08-13 00:00:00,qualifying_2807
2809,266,84,1,8,6,1994-08-13 00:00:00,qualifying_2808
2810,266,56,17,15,7,1994-08-13 00:00:00,qualifying_2809
2811,266,49,15,30,8,1994-08-13 00:00:00,qualifying_2810
2812,266,44,27,26,9,1994-08-13 00:00:00,qualifying_2811
2813,266,22,17,14,10,1994-08-13 00:00:00,qualifying_2812
2814,266,87,25,4,11,1994-08-13 00:00:00,qualifying_2813
2815,266,50,22,6,12,1994-08-13 00:00:00,qualifying_2814
2816,266,55,6,27,13,1994-08-13 00:00:00,qualifying_2815
2817,266,112,1,7,14,1994-08-13 00:00:00,qualifying_2816
2818,266,94,18,23,15,1994-08-13 00:00:00,qualifying_2817
2819,266,104,29,9,16,1994-08-13 00:00:00,qualifying_2818
2820,266,110,15,29,17,1994-08-13 00:00:00,qualifying_2819
2821,266,103,27,25,18,1994-08-13 00:00:00,qualifying_2820
2822,266,81,29,10,19,1994-08-13 00:00:00,qualifying_2821
2823,266,105,18,24,20,1994-08-13 00:00:00,qualifying_2822
2824,266,100,33,20,21,1994-08-13 00:00:00,qualifying_2823
2825,266,70,32,11,22,1994-08-13 00:00:00,qualifying_2824
2826,266,101,31,31,23,1994-08-13 00:00:00,qualifying_2825
2827,266,65,32,12,24,1994-08-13 00:00:00,qualifying_2826
2828,266,106,33,19,25,1994-08-13 00:00:00,qualifying_2827
2829,266,111,31,32,26,1994-08-13 00:00:00,qualifying_2828
2830,267,22,17,14,1,1994-08-27 00:00:00,qualifying_2829
2831,267,30,22,5,2,1994-08-27 00:00:00,qualifying_2830
2832,267,71,3,0,3,1994-08-27 00:00:00,qualifying_2831
2833,267,56,17,15,4,1994-08-27 00:00:00,qualifying_2832
2834,267,55,6,27,5,1994-08-27 00:00:00,qualifying_2833
2835,267,50,22,6,6,1994-08-27 00:00:00,qualifying_2834
2836,267,14,3,2,7,1994-08-27 00:00:00,qualifying_2835
2837,267,57,1,7,8,1994-08-27 00:00:00,qualifying_2836
2838,267,49,15,30,9,1994-08-27 00:00:00,qualifying_2837
2839,267,94,18,23,10,1994-08-27 00:00:00,qualifying_2838
2840,267,77,6,28,11,1994-08-27 00:00:00,qualifying_2839
2841,267,87,25,4,12,1994-08-27 00:00:00,qualifying_2840
2842,267,84,1,8,13,1994-08-27 00:00:00,qualifying_2841
2843,267,81,29,10,14,1994-08-27 00:00:00,qualifying_2842
2844,267,110,15,29,15,1994-08-27 00:00:00,qualifying_2843
2845,267,103,27,25,16,1994-08-27 00:00:00,qualifying_2844
2846,267,44,27,26,17,1994-08-27 00:00:00,qualifying_2845
2847,267,105,18,24,18,1994-08-27 00:00:00,qualifying_2846
2848,267,112,33,19,19,1994-08-27 00:00:00,qualifying_2847
2849,267,65,32,12,20,1994-08-27 00:00:00,qualifying_2848
2850,267,101,31,31,21,1994-08-27 00:00:00,qualifying_2849
2851,267,100,33,20,22,1994-08-27 00:00:00,qualifying_2850
2852,267,79,25,3,23,1994-08-27 00:00:00,qualifying_2851
2853,267,104,29,9,24,1994-08-27 00:00:00,qualifying_2852
2854,267,111,31,32,25,1994-08-27 00:00:00,qualifying_2853
2855,267,113,32,11,26,1994-08-27 00:00:00,qualifying_2854
2856,268,55,6,27,1,1994-09-10 00:00:00,qualifying_2855
2857,268,77,6,28,2,1994-09-10 00:00:00,qualifying_2856
2858,268,71,3,0,3,1994-09-10 00:00:00,qualifying_2857
2859,268,65,32,12,4,1994-09-10 00:00:00,qualifying_2858
2860,268,14,3,2,5,1994-09-10 00:00:00,qualifying_2859
2861,268,44,27,26,6,1994-09-10 00:00:00,qualifying_2860
2862,268,57,1,7,7,1994-09-10 00:00:00,qualifying_2861
2863,268,110,15,29,8,1994-09-10 00:00:00,qualifying_2862
2864,268,56,17,15,9,1994-09-10 00:00:00,qualifying_2863
2865,268,50,22,6,10,1994-09-10 00:00:00,qualifying_2864
2866,268,49,15,30,11,1994-09-10 00:00:00,qualifying_2865
2867,268,103,27,25,12,1994-09-10 00:00:00,qualifying_2866
2868,268,70,32,11,13,1994-09-10 00:00:00,qualifying_2867
2869,268,79,25,3,14,1994-09-10 00:00:00,qualifying_2868
2870,268,84,1,8,15,1994-09-10 00:00:00,qualifying_2869
2871,268,22,17,14,16,1994-09-10 00:00:00,qualifying_2870
2872,268,81,29,10,17,1994-09-10 00:00:00,qualifying_2871
2873,268,94,18,23,18,1994-09-10 00:00:00,qualifying_2872
2874,268,104,29,9,19,1994-09-10 00:00:00,qualifying_2873
2875,268,109,22,5,20,1994-09-10 00:00:00,qualifying_2874
2876,268,87,25,4,21,1994-09-10 00:00:00,qualifying_2875
2877,268,105,18,24,22,1994-09-10 00:00:00,qualifying_2876
2878,268,114,33,19,23,1994-09-10 00:00:00,qualifying_2877
2879,268,100,33,20,24,1994-09-10 00:00:00,qualifying_2878
2880,268,111,31,32,25,1994-09-10 00:00:00,qualifying_2879
2881,268,101,31,31,26,1994-09-10 00:00:00,qualifying_2880
2882,269,77,6,28,1,1994-09-24 00:00:00,qualifying_2881
2883,269,71,3,0,2,1994-09-24 00:00:00,qualifying_2882
2884,269,14,3,2,3,1994-09-24 00:00:00,qualifying_2883
2885,269,57,1,7,4,1994-09-24 00:00:00,qualifying_2884
2886,269,55,6,27,5,1994-09-24 00:00:00,qualifying_2885
2887,269,79,25,3,6,1994-09-24 00:00:00,qualifying_2886
2888,269,84,1,8,7,1994-09-24 00:00:00,qualifying_2887
2889,269,22,17,14,8,1994-09-24 00:00:00,qualifying_2888
2890,269,49,15,30,9,1994-09-24 00:00:00,qualifying_2889
2891,269,50,22,6,10,1994-09-24 00:00:00,qualifying_2890
2892,269,104,29,9,11,1994-09-24 00:00:00,qualifying_2891
2893,269,87,25,4,12,1994-09-24 00:00:00,qualifying_2892
2894,269,56,17,15,13,1994-09-24 00:00:00,qualifying_2893
2895,269,109,22,5,14,1994-09-24 00:00:00,qualifying_2894
2896,269,44,27,26,15,1994-09-24 00:00:00,qualifying_2895
2897,269,81,29,10,16,1994-09-24 00:00:00,qualifying_2896
2898,269,110,15,29,17,1994-09-24 00:00:00,qualifying_2897
2899,269,94,18,23,18,1994-09-24 00:00:00,qualifying_2898
2900,269,105,18,24,19,1994-09-24 00:00:00,qualifying_2899
2901,269,65,32,12,20,1994-09-24 00:00:00,qualifying_2900
2902,269,103,27,25,21,1994-09-24 00:00:00,qualifying_2901
2903,269,100,33,20,22,1994-09-24 00:00:00,qualifying_2902
2904,269,114,33,19,23,1994-09-24 00:00:00,qualifying_2903
2905,269,101,31,31,24,1994-09-24 00:00:00,qualifying_2904
2906,269,113,32,11,25,1994-09-24 00:00:00,qualifying_2905
2907,269,111,31,32,26,1994-09-24 00:00:00,qualifying_2906
2908,270,30,22,5,1,1994-10-15 00:00:00,qualifying_2907
2909,270,71,3,0,2,1994-10-15 00:00:00,qualifying_2908
2910,270,95,3,2,3,1994-10-15 00:00:00,qualifying_2909
2911,270,49,15,30,4,1994-10-15 00:00:00,qualifying_2910
2912,270,22,17,14,5,1994-10-15 00:00:00,qualifying_2911
2913,270,77,6,28,6,1994-10-15 00:00:00,qualifying_2912
2914,270,65,27,25,7,1994-10-15 00:00:00,qualifying_2913
2915,270,81,29,10,8,1994-10-15 00:00:00,qualifying_2914
2916,270,57,1,7,9,1994-10-15 00:00:00,qualifying_2915
2917,270,56,17,15,10,1994-10-15 00:00:00,qualifying_2916
2918,270,44,27,26,11,1994-10-15 00:00:00,qualifying_2917
2919,270,50,22,6,12,1994-10-15 00:00:00,qualifying_2918
2920,270,79,25,3,13,1994-10-15 00:00:00,qualifying_2919
2921,270,87,25,4,14,1994-10-15 00:00:00,qualifying_2920
2922,270,84,1,8,15,1994-10-15 00:00:00,qualifying_2921
2923,270,55,6,27,16,1994-10-15 00:00:00,qualifying_2922
2924,270,94,18,23,17,1994-10-15 00:00:00,qualifying_2923
2925,270,110,15,29,18,1994-10-15 00:00:00,qualifying_2924
2926,270,104,29,9,19,1994-10-15 00:00:00,qualifying_2925
2927,270,105,18,24,20,1994-10-15 00:00:00,qualifying_2926
2928,270,70,32,12,21,1994-10-15 00:00:00,qualifying_2927
2929,270,103,32,11,22,1994-10-15 00:00:00,qualifying_2928
2930,270,100,33,20,23,1994-10-15 00:00:00,qualifying_2929
2931,270,115,33,19,24,1994-10-15 00:00:00,qualifying_2930
2932,270,101,31,31,25,1994-10-15 00:00:00,qualifying_2931
2933,270,93,31,32,26,1994-10-15 00:00:00,qualifying_2932
2934,271,30,22,5,1,1994-11-05 00:00:00,qualifying_2933
2935,271,71,3,0,2,1994-11-05 00:00:00,qualifying_2934
2936,271,49,15,30,3,1994-11-05 00:00:00,qualifying_2935
2937,271,95,3,2,4,1994-11-05 00:00:00,qualifying_2936
2938,271,65,22,6,5,1994-11-05 00:00:00,qualifying_2937
2939,271,56,17,15,6,1994-11-05 00:00:00,qualifying_2938
2940,271,55,6,27,7,1994-11-05 00:00:00,qualifying_2939
2941,271,57,1,7,8,1994-11-05 00:00:00,qualifying_2940
2942,271,84,1,8,9,1994-11-05 00:00:00,qualifying_2941
2943,271,22,17,14,10,1994-11-05 00:00:00,qualifying_2942
2944,271,77,6,28,11,1994-11-05 00:00:00,qualifying_2943
2945,271,81,29,10,12,1994-11-05 00:00:00,qualifying_2944
2946,271,87,25,4,13,1994-11-05 00:00:00,qualifying_2945
2947,271,79,25,3,14,1994-11-05 00:00:00,qualifying_2946
2948,271,109,15,29,15,1994-11-05 00:00:00,qualifying_2947
2949,271,94,18,23,16,1994-11-05 00:00:00,qualifying_2948
2950,271,70,32,12,17,1994-11-05 00:00:00,qualifying_2949
2951,271,104,29,9,18,1994-11-05 00:00:00,qualifying_2950
2952,271,44,27,26,19,1994-11-05 00:00:00,qualifying_2951
2953,271,116,27,25,20,1994-11-05 00:00:00,qualifying_2952
2954,271,105,18,24,21,1994-11-05 00:00:00,qualifying_2953
2955,271,100,33,20,22,1994-11-05 00:00:00,qualifying_2954
2956,271,115,33,19,23,1994-11-05 00:00:00,qualifying_2955
2957,271,101,31,31,24,1994-11-05 00:00:00,qualifying_2956
2958,271,63,32,11,25,1994-11-05 00:00:00,qualifying_2957
2959,271,89,31,32,26,1994-11-05 00:00:00,qualifying_2958
2960,272,95,3,2,1,1994-11-12 00:00:00,qualifying_2959
2961,272,30,22,5,2,1994-11-12 00:00:00,qualifying_2960
2962,272,71,3,0,3,1994-11-12 00:00:00,qualifying_2961
2963,272,57,1,7,4,1994-11-12 00:00:00,qualifying_2962
2964,272,22,17,14,5,1994-11-12 00:00:00,qualifying_2963
2965,272,56,17,15,6,1994-11-12 00:00:00,qualifying_2964
2966,272,65,22,6,7,1994-11-12 00:00:00,qualifying_2965
2967,272,55,6,27,8,1994-11-12 00:00:00,qualifying_2966
2968,272,84,1,8,9,1994-11-12 00:00:00,qualifying_2967
2969,272,49,15,30,10,1994-11-12 00:00:00,qualifying_2968
2970,272,77,6,28,11,1994-11-12 00:00:00,qualifying_2969
2971,272,44,27,26,12,1994-11-12 00:00:00,qualifying_2970
2972,272,87,25,4,13,1994-11-12 00:00:00,qualifying_2971
2973,272,70,32,12,14,1994-11-12 00:00:00,qualifying_2972
2974,272,79,25,3,15,1994-11-12 00:00:00,qualifying_2973
2975,272,105,18,24,16,1994-11-12 00:00:00,qualifying_2974
2976,272,109,15,29,17,1994-11-12 00:00:00,qualifying_2975
2977,272,94,18,23,18,1994-11-12 00:00:00,qualifying_2976
2978,272,104,29,9,19,1994-11-12 00:00:00,qualifying_2977
2979,272,116,27,25,20,1994-11-12 00:00:00,qualifying_2978
2980,272,81,29,10,21,1994-11-12 00:00:00,qualifying_2979
2981,272,63,32,11,22,1994-11-12 00:00:00,qualifying_2980
2982,272,115,33,19,23,1994-11-12 00:00:00,qualifying_2981
2983,272,101,31,31,24,1994-11-12 00:00:00,qualifying_2982
2984,272,98,33,20,25,1994-11-12 00:00:00,qualifying_2983
2985,272,93,31,32,26,1994-11-12 00:00:00,qualifying_2984
2986,1,18,23,22,1,2009-03-28 06:00:00,qualifying_2985
2987,1,22,23,23,2,2009-03-28 06:00:00,qualifying_2986
2988,1,20,9,15,3,2009-03-28 06:00:00,qualifying_2987
2989,1,9,2,5,4,2009-03-28 06:00:00,qualifying_2988
2990,1,3,3,16,5,2009-03-28 06:00:00,qualifying_2989
2991,1,10,7,10,6,2009-03-28 06:00:00,qualifying_2990
2992,1,13,6,3,7,2009-03-28 06:00:00,qualifying_2991
2993,1,15,7,9,8,2009-03-28 06:00:00,qualifying_2992
2994,1,8,6,4,9,2009-03-28 06:00:00,qualifying_2993
2995,1,17,9,14,10,2009-03-28 06:00:00,qualifying_2994
2996,1,2,2,6,11,2009-03-28 06:00:00,qualifying_2995
2997,1,4,4,7,12,2009-03-28 06:00:00,qualifying_2996
2998,1,6,3,17,13,2009-03-28 06:00:00,qualifying_2997
2999,1,5,1,2,14,2009-03-28 06:00:00,qualifying_2998
3000,1,1,1,1,15,2009-03-28 06:00:00,qualifying_2999
3001,1,67,5,12,16,2009-03-28 06:00:00,qualifying_3000
3002,1,12,4,8,17,2009-03-28 06:00:00,qualifying_3001
3003,1,21,10,21,18,2009-03-28 06:00:00,qualifying_3002
3004,1,16,10,20,19,2009-03-28 06:00:00,qualifying_3003
3005,1,7,5,11,20,2009-03-28 06:00:00,qualifying_3004
3006,2,18,23,22,1,2009-04-04 09:00:00,qualifying_3005
3007,2,15,7,9,2,2009-04-04 09:00:00,qualifying_3006
3008,2,20,9,15,3,2009-04-04 09:00:00,qualifying_3007
3009,2,22,23,23,4,2009-04-04 09:00:00,qualifying_3008
3010,2,10,7,10,5,2009-04-04 09:00:00,qualifying_3009
3011,2,3,3,16,6,2009-04-04 09:00:00,qualifying_3010
3012,2,17,9,14,7,2009-04-04 09:00:00,qualifying_3011
3013,2,9,2,5,8,2009-04-04 09:00:00,qualifying_3012
3014,2,8,6,4,9,2009-04-04 09:00:00,qualifying_3013
3015,2,4,4,7,10,2009-04-04 09:00:00,qualifying_3014
3016,2,2,2,5,11,2009-04-04 09:00:00,qualifying_3015
3017,2,6,3,17,12,2009-04-04 09:00:00,qualifying_3016
3018,2,1,1,1,13,2009-04-04 09:00:00,qualifying_3017
3019,2,5,1,2,14,2009-04-04 09:00:00,qualifying_3018
3020,2,7,5,11,15,2009-04-04 09:00:00,qualifying_3019
3021,2,13,6,3,16,2009-04-04 09:00:00,qualifying_3020
3022,2,12,4,8,17,2009-04-04 09:00:00,qualifying_3021
3023,2,21,10,21,18,2009-04-04 09:00:00,qualifying_3022
3024,2,16,10,20,19,2009-04-04 09:00:00,qualifying_3023
3025,2,67,5,12,20,2009-04-04 09:00:00,qualifying_3024
3026,3,20,9,15,1,2009-04-18 07:00:00,qualifying_3025
3027,3,4,4,7,2,2009-04-18 07:00:00,qualifying_3026
3028,3,17,9,14,3,2009-04-18 07:00:00,qualifying_3027
3029,3,22,23,23,4,2009-04-18 07:00:00,qualifying_3028
3030,3,18,23,22,5,2009-04-18 07:00:00,qualifying_3029
3031,3,15,7,9,6,2009-04-18 07:00:00,qualifying_3030
3032,3,3,3,16,7,2009-04-18 07:00:00,qualifying_3031
3033,3,8,6,4,8,2009-04-18 07:00:00,qualifying_3032
3034,3,1,1,1,9,2009-04-18 07:00:00,qualifying_3033
3035,3,67,5,12,10,2009-04-18 07:00:00,qualifying_3034
3036,3,2,2,6,11,2009-04-18 07:00:00,qualifying_3035
3037,3,5,1,2,12,2009-04-18 07:00:00,qualifying_3036
3038,3,13,6,3,13,2009-04-18 07:00:00,qualifying_3037
3039,3,10,7,10,14,2009-04-18 07:00:00,qualifying_3038
3040,3,6,3,17,15,2009-04-18 07:00:00,qualifying_3039
3041,3,7,5,11,16,2009-04-18 07:00:00,qualifying_3040
3042,3,12,4,8,17,2009-04-18 07:00:00,qualifying_3041
3043,3,9,2,5,18,2009-04-18 07:00:00,qualifying_3042
3044,3,16,10,20,19,2009-04-18 07:00:00,qualifying_3043
3045,3,21,10,11,20,2009-04-18 07:00:00,qualifying_3044
3046,4,15,7,9,1,2009-04-25 12:00:00,qualifying_3045
3047,4,10,7,10,2,2009-04-25 12:00:00,qualifying_3046
3048,4,20,9,15,3,2009-04-25 12:00:00,qualifying_3047
3049,4,18,23,22,4,2009-04-25 12:00:00,qualifying_3048
3050,4,1,1,1,5,2009-04-25 12:00:00,qualifying_3049
3051,4,22,23,23,6,2009-04-25 12:00:00,qualifying_3050
3052,4,4,4,7,7,2009-04-25 12:00:00,qualifying_3051
3053,4,13,6,3,8,2009-04-25 12:00:00,qualifying_3052
3054,4,3,3,16,9,2009-04-25 12:00:00,qualifying_3053
3055,4,8,6,4,10,2009-04-25 12:00:00,qualifying_3054
3056,4,5,1,2,11,2009-04-25 12:00:00,qualifying_3055
3057,4,6,3,17,12,2009-04-25 12:00:00,qualifying_3056
3058,4,9,2,5,13,2009-04-25 12:00:00,qualifying_3057
3059,4,2,2,6,14,2009-04-25 12:00:00,qualifying_3058
3060,4,12,4,8,15,2009-04-25 12:00:00,qualifying_3059
3061,4,16,10,20,16,2009-04-25 12:00:00,qualifying_3060
3062,4,67,5,12,17,2009-04-25 12:00:00,qualifying_3061
3063,4,21,10,21,18,2009-04-25 12:00:00,qualifying_3062
3064,4,17,9,14,19,2009-04-25 12:00:00,qualifying_3063
3065,4,7,5,11,20,2009-04-25 12:00:00,qualifying_3064
3066,5,18,23,22,1,2009-05-09 12:00:00,qualifying_3065
3067,5,20,9,15,2,2009-05-09 12:00:00,qualifying_3066
3068,5,22,23,23,3,2009-05-09 12:00:00,qualifying_3067
3069,5,13,6,3,4,2009-05-09 12:00:00,qualifying_3068
3070,5,17,9,14,5,2009-05-09 12:00:00,qualifying_3069
3071,5,10,7,10,6,2009-05-09 12:00:00,qualifying_3070
3072,5,15,7,9,7,2009-05-09 12:00:00,qualifying_3071
3073,5,4,4,7,8,2009-05-09 12:00:00,qualifying_3072
3074,5,3,3,16,9,2009-05-09 12:00:00,qualifying_3073
3075,5,9,2,5,10,2009-05-09 12:00:00,qualifying_3074
3076,5,6,3,17,11,2009-05-09 12:00:00,qualifying_3075
3077,5,12,4,8,12,2009-05-09 12:00:00,qualifying_3076
3078,5,2,2,6,13,2009-05-09 12:00:00,qualifying_3077
3079,5,1,1,1,14,2009-05-09 12:00:00,qualifying_3078
3080,5,67,5,12,15,2009-05-09 12:00:00,qualifying_3079
3081,5,8,6,4,16,2009-05-09 12:00:00,qualifying_3080
3082,5,7,5,11,17,2009-05-09 12:00:00,qualifying_3081
3083,5,5,1,2,18,2009-05-09 12:00:00,qualifying_3082
3084,5,16,10,20,19,2009-05-09 12:00:00,qualifying_3083
3085,5,21,10,21,20,2009-05-09 12:00:00,qualifying_3084
3086,6,18,23,22,1,2009-05-23 12:00:00,qualifying_3085
3087,6,8,6,4,2,2009-05-23 12:00:00,qualifying_3086
3088,6,22,23,23,3,2009-05-23 12:00:00,qualifying_3087
3089,6,20,9,15,4,2009-05-23 12:00:00,qualifying_3088
3090,6,13,6,3,5,2009-05-23 12:00:00,qualifying_3089
3091,6,3,3,16,6,2009-05-23 12:00:00,qualifying_3090
3092,6,5,1,2,7,2009-05-23 12:00:00,qualifying_3091
3093,6,17,9,14,8,2009-05-23 12:00:00,qualifying_3092
3094,6,4,4,7,9,2009-05-23 12:00:00,qualifying_3093
3095,6,6,3,17,10,2009-05-23 12:00:00,qualifying_3094
3096,6,67,5,12,11,2009-05-23 12:00:00,qualifying_3095
3097,6,12,4,8,12,2009-05-23 12:00:00,qualifying_3096
3098,6,21,10,21,13,2009-05-23 12:00:00,qualifying_3097
3099,6,7,5,11,14,2009-05-23 12:00:00,qualifying_3098
3100,6,16,10,20,15,2009-05-23 12:00:00,qualifying_3099
3101,6,1,1,1,16,2009-05-23 12:00:00,qualifying_3100
3102,6,2,2,6,17,2009-05-23 12:00:00,qualifying_3101
3103,6,9,2,5,18,2009-05-23 12:00:00,qualifying_3102
3104,6,15,7,9,19,2009-05-23 12:00:00,qualifying_3103
3105,6,10,7,10,20,2009-05-23 12:00:00,qualifying_3104
3106,7,20,9,15,1,2009-06-06 12:00:00,qualifying_3105
3107,7,18,23,22,2,2009-06-06 12:00:00,qualifying_3106
3108,7,22,23,23,3,2009-06-06 12:00:00,qualifying_3107
3109,7,17,9,14,4,2009-06-06 12:00:00,qualifying_3108
3110,7,15,7,9,5,2009-06-06 12:00:00,qualifying_3109
3111,7,8,6,4,6,2009-06-06 12:00:00,qualifying_3110
3112,7,13,6,3,7,2009-06-06 12:00:00,qualifying_3111
3113,7,4,4,7,8,2009-06-06 12:00:00,qualifying_3112
3114,7,3,3,16,9,2009-06-06 12:00:00,qualifying_3113
3115,7,9,2,5,10,2009-06-06 12:00:00,qualifying_3114
3116,7,2,2,6,11,2009-06-06 12:00:00,qualifying_3115
3117,7,6,3,17,12,2009-06-06 12:00:00,qualifying_3116
3118,7,10,7,10,13,2009-06-06 12:00:00,qualifying_3117
3119,7,5,1,2,14,2009-06-06 12:00:00,qualifying_3118
3120,7,16,10,20,15,2009-06-06 12:00:00,qualifying_3119
3121,7,1,1,1,16,2009-06-06 12:00:00,qualifying_3120
3122,7,12,4,8,17,2009-06-06 12:00:00,qualifying_3121
3123,7,67,5,12,18,2009-06-06 12:00:00,qualifying_3122
3124,7,21,10,21,19,2009-06-06 12:00:00,qualifying_3123
3125,7,7,5,11,20,2009-06-06 12:00:00,qualifying_3124
3126,8,20,9,15,1,2009-06-20 12:00:00,qualifying_3125
3127,8,22,23,23,2,2009-06-20 12:00:00,qualifying_3126
3128,8,17,9,14,3,2009-06-20 12:00:00,qualifying_3127
3129,8,15,7,9,4,2009-06-20 12:00:00,qualifying_3128
3130,8,6,3,17,5,2009-06-20 12:00:00,qualifying_3129
3131,8,18,23,22,6,2009-06-20 12:00:00,qualifying_3130
3132,8,3,3,16,7,2009-06-20 12:00:00,qualifying_3131
3133,8,10,7,10,8,2009-06-20 12:00:00,qualifying_3132
3134,8,8,6,4,9,2009-06-20 12:00:00,qualifying_3133
3135,8,4,4,7,10,2009-06-20 12:00:00,qualifying_3134
3136,8,13,6,3,11,2009-06-20 12:00:00,qualifying_3135
3137,8,9,2,5,12,2009-06-20 12:00:00,qualifying_3136
3138,8,5,1,2,13,2009-06-20 12:00:00,qualifying_3137
3139,8,12,4,8,14,2009-06-20 12:00:00,qualifying_3138
3140,8,2,2,6,15,2009-06-20 12:00:00,qualifying_3139
3141,8,21,10,21,16,2009-06-20 12:00:00,qualifying_3140
3142,8,7,5,11,17,2009-06-20 12:00:00,qualifying_3141
3143,8,16,10,20,18,2009-06-20 12:00:00,qualifying_3142
3144,8,1,1,1,19,2009-06-20 12:00:00,qualifying_3143
3145,8,67,5,12,20,2009-06-20 12:00:00,qualifying_3144
3146,9,17,9,14,1,2009-07-11 12:00:00,qualifying_3145
3147,9,22,23,23,2,2009-07-11 12:00:00,qualifying_3146
3148,9,18,23,22,3,2009-07-11 12:00:00,qualifying_3147
3149,9,20,9,15,4,2009-07-11 12:00:00,qualifying_3148
3150,9,1,1,1,5,2009-07-11 12:00:00,qualifying_3149
3151,9,5,1,2,6,2009-07-11 12:00:00,qualifying_3150
3152,9,16,10,20,7,2009-07-11 12:00:00,qualifying_3151
3153,9,13,6,3,8,2009-07-11 12:00:00,qualifying_3152
3154,9,8,6,4,9,2009-07-11 12:00:00,qualifying_3153
3155,9,12,4,8,10,2009-07-11 12:00:00,qualifying_3154
3156,9,2,2,6,11,2009-07-11 12:00:00,qualifying_3155
3157,9,4,4,7,12,2009-07-11 12:00:00,qualifying_3156
3158,9,6,3,17,13,2009-07-11 12:00:00,qualifying_3157
3159,9,15,7,9,14,2009-07-11 12:00:00,qualifying_3158
3160,9,3,3,16,15,2009-07-11 12:00:00,qualifying_3159
3161,9,9,2,5,16,2009-07-11 12:00:00,qualifying_3160
3162,9,67,5,12,17,2009-07-11 12:00:00,qualifying_3161
3163,9,21,10,21,18,2009-07-11 12:00:00,qualifying_3162
3164,9,10,7,10,19,2009-07-11 12:00:00,qualifying_3163
3165,9,7,5,11,20,2009-07-11 12:00:00,qualifying_3164
3166,10,4,4,7,1,2009-07-25 12:00:00,qualifying_3165
3167,10,20,9,15,2,2009-07-25 12:00:00,qualifying_3166
3168,10,17,9,14,3,2009-07-25 12:00:00,qualifying_3167
3169,10,1,1,1,4,2009-07-25 12:00:00,qualifying_3168
3170,10,3,3,16,5,2009-07-25 12:00:00,qualifying_3169
3171,10,5,1,2,6,2009-07-25 12:00:00,qualifying_3170
3172,10,8,6,4,7,2009-07-25 12:00:00,qualifying_3171
3173,10,18,23,22,8,2009-07-25 12:00:00,qualifying_3172
3174,10,6,3,17,9,2009-07-25 12:00:00,qualifying_3173
3175,10,13,6,3,10,2009-07-25 12:00:00,qualifying_3174
3176,10,67,5,12,11,2009-07-25 12:00:00,qualifying_3175
3177,10,15,7,9,12,2009-07-25 12:00:00,qualifying_3176
3178,10,22,23,23,13,2009-07-25 12:00:00,qualifying_3177
3179,10,10,7,10,14,2009-07-25 12:00:00,qualifying_3178
3180,10,12,4,8,15,2009-07-25 12:00:00,qualifying_3179
3181,10,2,2,6,16,2009-07-25 12:00:00,qualifying_3180
3182,10,21,10,21,17,2009-07-25 12:00:00,qualifying_3181
3183,10,16,10,20,18,2009-07-25 12:00:00,qualifying_3182
3184,10,9,2,5,19,2009-07-25 12:00:00,qualifying_3183
3185,10,153,5,11,20,2009-07-25 12:00:00,qualifying_3184
3186,11,1,1,1,1,2009-08-22 12:00:00,qualifying_3185
3187,11,5,1,2,2,2009-08-22 12:00:00,qualifying_3186
3188,11,22,23,23,3,2009-08-22 12:00:00,qualifying_3187
3189,11,20,9,15,4,2009-08-22 12:00:00,qualifying_3188
3190,11,18,23,22,5,2009-08-22 12:00:00,qualifying_3189
3191,11,8,6,4,6,2009-08-22 12:00:00,qualifying_3190
3192,11,3,3,16,7,2009-08-22 12:00:00,qualifying_3191
3193,11,4,4,7,8,2009-08-22 12:00:00,qualifying_3192
3194,11,17,9,14,9,2009-08-22 12:00:00,qualifying_3193
3195,11,9,2,5,10,2009-08-22 12:00:00,qualifying_3194
3196,11,2,2,6,11,2009-08-22 12:00:00,qualifying_3195
3197,11,16,10,20,12,2009-08-22 12:00:00,qualifying_3196
3198,11,10,7,10,13,2009-08-22 12:00:00,qualifying_3197
3199,11,154,4,8,14,2009-08-22 12:00:00,qualifying_3198
3200,11,67,5,12,15,2009-08-22 12:00:00,qualifying_3199
3201,11,21,10,21,16,2009-08-22 12:00:00,qualifying_3200
3202,11,6,3,17,17,2009-08-22 12:00:00,qualifying_3201
3203,11,15,7,9,18,2009-08-22 12:00:00,qualifying_3202
3204,11,153,5,11,19,2009-08-22 12:00:00,qualifying_3203
3205,11,69,6,3,20,2009-08-22 12:00:00,qualifying_3204
3206,12,21,10,21,1,2009-08-29 12:00:00,qualifying_3205
3207,12,15,7,9,2,2009-08-29 12:00:00,qualifying_3206
3208,12,2,2,6,3,2009-08-29 12:00:00,qualifying_3207
3209,12,22,23,23,4,2009-08-29 12:00:00,qualifying_3208
3210,12,9,2,5,5,2009-08-29 12:00:00,qualifying_3209
3211,12,8,6,4,6,2009-08-29 12:00:00,qualifying_3210
3212,12,10,7,10,7,2009-08-29 12:00:00,qualifying_3211
3213,12,20,9,15,8,2009-08-29 12:00:00,qualifying_3212
3214,12,17,9,14,9,2009-08-29 12:00:00,qualifying_3213
3215,12,3,3,16,10,2009-08-29 12:00:00,qualifying_3214
3216,12,16,10,20,11,2009-08-29 12:00:00,qualifying_3215
3217,12,1,1,1,12,2009-08-29 12:00:00,qualifying_3216
3218,12,4,4,7,13,2009-08-29 12:00:00,qualifying_3217
3219,12,18,23,22,14,2009-08-29 12:00:00,qualifying_3218
3220,12,5,1,2,15,2009-08-29 12:00:00,qualifying_3219
3221,12,67,5,12,16,2009-08-29 12:00:00,qualifying_3220
3222,12,153,5,11,17,2009-08-29 12:00:00,qualifying_3221
3223,12,6,3,17,18,2009-08-29 12:00:00,qualifying_3222
3224,12,154,4,8,19,2009-08-29 12:00:00,qualifying_3223
3225,12,69,6,3,20,2009-08-29 12:00:00,qualifying_3224
3226,13,1,1,1,1,2009-09-12 12:00:00,qualifying_3225
3227,13,16,10,20,2,2009-09-12 12:00:00,qualifying_3226
3228,13,8,6,4,3,2009-09-12 12:00:00,qualifying_3227
3229,13,5,1,2,4,2009-09-12 12:00:00,qualifying_3228
3230,13,22,23,23,5,2009-09-12 12:00:00,qualifying_3229
3231,13,18,23,22,6,2009-09-12 12:00:00,qualifying_3230
3232,13,24,10,21,7,2009-09-12 12:00:00,qualifying_3231
3233,13,4,4,7,8,2009-09-12 12:00:00,qualifying_3232
3234,13,20,9,15,9,2009-09-12 12:00:00,qualifying_3233
3235,13,17,9,14,10,2009-09-12 12:00:00,qualifying_3234
3236,13,15,7,9,11,2009-09-12 12:00:00,qualifying_3235
3237,13,154,4,8,12,2009-09-12 12:00:00,qualifying_3236
3238,13,9,2,5,13,2009-09-12 12:00:00,qualifying_3237
3239,13,21,6,3,14,2009-09-12 12:00:00,qualifying_3238
3240,13,2,2,6,15,2009-09-12 12:00:00,qualifying_3239
3241,13,10,7,10,16,2009-09-12 12:00:00,qualifying_3240
3242,13,6,3,17,17,2009-09-12 12:00:00,qualifying_3241
3243,13,3,3,16,18,2009-09-12 12:00:00,qualifying_3242
3244,13,67,5,12,19,2009-09-12 12:00:00,qualifying_3243
3245,13,153,5,11,20,2009-09-12 12:00:00,qualifying_3244
3246,14,1,1,1,1,2009-09-26 12:00:00,qualifying_3245
3247,14,20,9,15,2,2009-09-26 12:00:00,qualifying_3246
3248,14,3,3,16,3,2009-09-26 12:00:00,qualifying_3247
3249,14,17,9,14,4,2009-09-26 12:00:00,qualifying_3248
3250,14,22,23,23,5,2009-09-26 12:00:00,qualifying_3249
3251,14,4,4,7,6,2009-09-26 12:00:00,qualifying_3250
3252,14,10,7,10,7,2009-09-26 12:00:00,qualifying_3251
3253,14,2,2,6,8,2009-09-26 12:00:00,qualifying_3252
3254,14,9,2,5,9,2009-09-26 12:00:00,qualifying_3253
3255,14,5,1,2,10,2009-09-26 12:00:00,qualifying_3254
3256,14,6,3,17,11,2009-09-26 12:00:00,qualifying_3255
3257,14,18,23,22,12,2009-09-26 12:00:00,qualifying_3256
3258,14,8,6,4,13,2009-09-26 12:00:00,qualifying_3257
3259,14,67,5,12,14,2009-09-26 12:00:00,qualifying_3258
3260,14,15,7,9,15,2009-09-26 12:00:00,qualifying_3259
3261,14,16,10,20,16,2009-09-26 12:00:00,qualifying_3260
3262,14,153,5,11,17,2009-09-26 12:00:00,qualifying_3261
3263,14,21,6,3,18,2009-09-26 12:00:00,qualifying_3262
3264,14,154,4,8,19,2009-09-26 12:00:00,qualifying_3263
3265,14,24,10,21,20,2009-09-26 12:00:00,qualifying_3264
3266,15,20,9,15,1,2009-10-03 05:00:00,qualifying_3265
3267,15,15,7,9,2,2009-10-03 05:00:00,qualifying_3266
3268,15,1,1,1,3,2009-10-03 05:00:00,qualifying_3267
3269,15,16,10,20,4,2009-10-03 05:00:00,qualifying_3268
3270,15,22,23,23,5,2009-10-03 05:00:00,qualifying_3269
3271,15,2,2,6,6,2009-10-03 05:00:00,qualifying_3270
3272,15,18,23,22,7,2009-10-03 05:00:00,qualifying_3271
3273,15,8,6,4,8,2009-10-03 05:00:00,qualifying_3272
3274,15,5,1,2,9,2009-10-03 05:00:00,qualifying_3273
3275,15,67,5,12,10,2009-10-03 05:00:00,qualifying_3274
3276,15,3,3,16,11,2009-10-03 05:00:00,qualifying_3275
3277,15,4,4,7,12,2009-10-03 05:00:00,qualifying_3276
3278,15,9,2,5,13,2009-10-03 05:00:00,qualifying_3277
3279,15,10,7,10,14,2009-10-03 05:00:00,qualifying_3278
3280,15,153,5,11,15,2009-10-03 05:00:00,qualifying_3279
3281,15,21,6,3,16,2009-10-03 05:00:00,qualifying_3280
3282,15,6,3,17,17,2009-10-03 05:00:00,qualifying_3281
3283,15,154,4,8,18,2009-10-03 05:00:00,qualifying_3282
3284,15,24,10,21,19,2009-10-03 05:00:00,qualifying_3283
3285,15,17,9,14,20,2009-10-03 05:00:00,qualifying_3284
3286,16,22,23,23,1,2009-10-17 16:00:00,qualifying_3285
3287,16,17,9,14,2,2009-10-17 16:00:00,qualifying_3286
3288,16,16,10,20,3,2009-10-17 16:00:00,qualifying_3287
3289,16,15,7,9,4,2009-10-17 16:00:00,qualifying_3288
3290,16,8,6,4,5,2009-10-17 16:00:00,qualifying_3289
3291,16,67,5,12,6,2009-10-17 16:00:00,qualifying_3290
3292,16,3,3,16,7,2009-10-17 16:00:00,qualifying_3291
3293,16,9,2,5,8,2009-10-17 16:00:00,qualifying_3292
3294,16,6,3,17,9,2009-10-17 16:00:00,qualifying_3293
3295,16,4,4,7,10,2009-10-17 16:00:00,qualifying_3294
3296,16,155,7,10,11,2009-10-17 16:00:00,qualifying_3295
3297,16,153,5,11,12,2009-10-17 16:00:00,qualifying_3296
3298,16,154,4,8,13,2009-10-17 16:00:00,qualifying_3297
3299,16,18,23,22,14,2009-10-17 16:00:00,qualifying_3298
3300,16,24,10,21,15,2009-10-17 16:00:00,qualifying_3299
3301,16,20,9,15,16,2009-10-17 16:00:00,qualifying_3300
3302,16,5,1,2,17,2009-10-17 16:00:00,qualifying_3301
3303,16,1,1,1,18,2009-10-17 16:00:00,qualifying_3302
3304,16,2,2,6,19,2009-10-17 16:00:00,qualifying_3303
3305,16,21,6,3,20,2009-10-17 16:00:00,qualifying_3304
3306,17,1,1,1,1,2009-10-31 11:00:00,qualifying_3305
3307,17,20,9,15,2,2009-10-31 11:00:00,qualifying_3306
3308,17,17,9,14,3,2009-10-31 11:00:00,qualifying_3307
3309,17,22,23,23,4,2009-10-31 11:00:00,qualifying_3308
3310,17,18,23,22,5,2009-10-31 11:00:00,qualifying_3309
3311,17,15,7,9,6,2009-10-31 11:00:00,qualifying_3310
3312,17,9,2,5,7,2009-10-31 11:00:00,qualifying_3311
3313,17,2,2,6,8,2009-10-31 11:00:00,qualifying_3312
3314,17,3,3,16,9,2009-10-31 11:00:00,qualifying_3313
3315,17,67,5,12,10,2009-10-31 11:00:00,qualifying_3314
3316,17,8,6,4,11,2009-10-31 11:00:00,qualifying_3315
3317,17,155,7,10,12,2009-10-31 11:00:00,qualifying_3316
3318,17,5,1,2,13,2009-10-31 11:00:00,qualifying_3317
3319,17,6,3,17,14,2009-10-31 11:00:00,qualifying_3318
3320,17,153,5,11,15,2009-10-31 11:00:00,qualifying_3319
3321,17,4,4,7,16,2009-10-31 11:00:00,qualifying_3320
3322,17,24,10,21,17,2009-10-31 11:00:00,qualifying_3321
3323,17,16,10,20,18,2009-10-31 11:00:00,qualifying_3322
3324,17,154,4,8,19,2009-10-31 11:00:00,qualifying_3323
3325,17,21,6,3,20,2009-10-31 11:00:00,qualifying_3324
3326,337,20,9,5,1,2010-03-13 12:00:00,qualifying_3325
3327,337,13,6,7,2,2010-03-13 12:00:00,qualifying_3326
3328,337,4,6,8,3,2010-03-13 12:00:00,qualifying_3327
3329,337,1,1,2,4,2010-03-13 12:00:00,qualifying_3328
3330,337,3,131,4,5,2010-03-13 12:00:00,qualifying_3329
3331,337,17,9,6,6,2010-03-13 12:00:00,qualifying_3330
3332,337,30,131,3,7,2010-03-13 12:00:00,qualifying_3331
3333,337,18,1,1,8,2010-03-13 12:00:00,qualifying_3332
3334,337,9,4,11,9,2010-03-13 12:00:00,qualifying_3333
3335,337,16,10,14,10,2010-03-13 12:00:00,qualifying_3334
3336,337,22,3,9,11,2010-03-13 12:00:00,qualifying_3335
3337,337,24,10,15,12,2010-03-13 12:00:00,qualifying_3336
3338,337,807,3,10,13,2010-03-13 12:00:00,qualifying_3337
3339,337,37,15,22,14,2010-03-13 12:00:00,qualifying_3338
3340,337,67,5,16,15,2010-03-13 12:00:00,qualifying_3339
3341,337,155,15,23,16,2010-03-13 12:00:00,qualifying_3340
3342,337,808,4,12,17,2010-03-13 12:00:00,qualifying_3341
3343,337,153,5,17,18,2010-03-13 12:00:00,qualifying_3342
3344,337,10,166,24,19,2010-03-13 12:00:00,qualifying_3343
3345,337,15,205,18,20,2010-03-13 12:00:00,qualifying_3344
3346,337,5,205,19,21,2010-03-13 12:00:00,qualifying_3345
3347,337,810,166,25,22,2010-03-13 12:00:00,qualifying_3346
3348,337,811,164,21,23,2010-03-13 12:00:00,qualifying_3347
3349,337,812,164,20,24,2010-03-13 12:00:00,qualifying_3348
3350,338,20,9,5,1,2010-03-27 06:00:00,qualifying_3349
3351,338,17,9,6,2,2010-03-27 06:00:00,qualifying_3350
3352,338,4,6,8,3,2010-03-27 06:00:00,qualifying_3351
3353,338,18,1,1,4,2010-03-27 06:00:00,qualifying_3352
3354,338,13,6,7,5,2010-03-27 06:00:00,qualifying_3353
3355,338,3,131,4,6,2010-03-27 06:00:00,qualifying_3354
3356,338,30,131,3,7,2010-03-27 06:00:00,qualifying_3355
3357,338,22,3,9,8,2010-03-27 06:00:00,qualifying_3356
3358,338,9,4,11,9,2010-03-27 06:00:00,qualifying_3357
3359,338,16,10,14,10,2010-03-27 06:00:00,qualifying_3358
3360,338,1,1,2,11,2010-03-27 06:00:00,qualifying_3359
3361,338,67,5,16,12,2010-03-27 06:00:00,qualifying_3360
3362,338,24,10,15,13,2010-03-27 06:00:00,qualifying_3361
3363,338,37,15,22,14,2010-03-27 06:00:00,qualifying_3362
3364,338,807,3,10,15,2010-03-27 06:00:00,qualifying_3363
3365,338,155,15,23,16,2010-03-27 06:00:00,qualifying_3364
3366,338,153,5,17,17,2010-03-27 06:00:00,qualifying_3365
3367,338,808,4,12,18,2010-03-27 06:00:00,qualifying_3366
3368,338,5,205,19,19,2010-03-27 06:00:00,qualifying_3367
3369,338,15,205,18,20,2010-03-27 06:00:00,qualifying_3368
3370,338,10,166,24,21,2010-03-27 06:00:00,qualifying_3369
3371,338,810,166,25,22,2010-03-27 06:00:00,qualifying_3370
3372,338,811,164,21,23,2010-03-27 06:00:00,qualifying_3371
3373,338,812,164,20,24,2010-03-27 06:00:00,qualifying_3372
3374,339,17,9,6,1,2010-04-03 08:00:00,qualifying_3373
3375,339,3,131,4,2,2010-04-03 08:00:00,qualifying_3374
3376,339,20,9,5,3,2010-04-03 08:00:00,qualifying_3375
3377,339,16,10,14,4,2010-04-03 08:00:00,qualifying_3376
3378,339,807,3,10,5,2010-04-03 08:00:00,qualifying_3377
3379,339,9,4,11,6,2010-04-03 08:00:00,qualifying_3378
3380,339,22,3,9,7,2010-04-03 08:00:00,qualifying_3379
3381,339,30,131,3,8,2010-04-03 08:00:00,qualifying_3380
3382,339,155,15,23,9,2010-04-03 08:00:00,qualifying_3381
3383,339,24,10,15,10,2010-04-03 08:00:00,qualifying_3382
3384,339,808,4,12,11,2010-04-03 08:00:00,qualifying_3383
3385,339,37,15,22,12,2010-04-03 08:00:00,qualifying_3384
3386,339,67,5,16,13,2010-04-03 08:00:00,qualifying_3385
3387,339,153,5,17,14,2010-04-03 08:00:00,qualifying_3386
3388,339,5,205,19,15,2010-04-03 08:00:00,qualifying_3387
3389,339,10,166,24,16,2010-04-03 08:00:00,qualifying_3388
3390,339,18,1,1,17,2010-04-03 08:00:00,qualifying_3389
3391,339,15,205,18,18,2010-04-03 08:00:00,qualifying_3390
3392,339,4,6,8,19,2010-04-03 08:00:00,qualifying_3391
3393,339,1,1,2,20,2010-04-03 08:00:00,qualifying_3392
3394,339,13,6,7,21,2010-04-03 08:00:00,qualifying_3393
3395,339,812,164,20,22,2010-04-03 08:00:00,qualifying_3394
3396,339,811,164,21,23,2010-04-03 08:00:00,qualifying_3395
3397,339,810,166,25,24,2010-04-03 08:00:00,qualifying_3396
3398,340,20,9,5,1,2010-04-17 06:00:00,qualifying_3397
3399,340,17,9,6,2,2010-04-17 06:00:00,qualifying_3398
3400,340,4,6,8,3,2010-04-17 06:00:00,qualifying_3399
3401,340,3,131,4,4,2010-04-17 06:00:00,qualifying_3400
3402,340,18,1,1,5,2010-04-17 06:00:00,qualifying_3401
3403,340,1,1,2,6,2010-04-17 06:00:00,qualifying_3402
3404,340,13,6,7,7,2010-04-17 06:00:00,qualifying_3403
3405,340,9,4,11,8,2010-04-17 06:00:00,qualifying_3404
3406,340,30,131,3,9,2010-04-17 06:00:00,qualifying_3405
3407,340,16,10,14,10,2010-04-17 06:00:00,qualifying_3406
3408,340,22,3,9,11,2010-04-17 06:00:00,qualifying_3407
3409,340,153,5,17,12,2010-04-17 06:00:00,qualifying_3408
3410,340,67,5,16,13,2010-04-17 06:00:00,qualifying_3409
3411,340,808,4,12,14,2010-04-17 06:00:00,qualifying_3410
3412,340,155,15,23,15,2010-04-17 06:00:00,qualifying_3411
3413,340,807,3,10,16,2010-04-17 06:00:00,qualifying_3412
3414,340,37,15,22,17,2010-04-17 06:00:00,qualifying_3413
3415,340,24,10,15,18,2010-04-17 06:00:00,qualifying_3414
3416,340,10,166,24,19,2010-04-17 06:00:00,qualifying_3415
3417,340,15,205,18,20,2010-04-17 06:00:00,qualifying_3416
3418,340,5,205,19,21,2010-04-17 06:00:00,qualifying_3417
3419,340,810,166,25,22,2010-04-17 06:00:00,qualifying_3418
3420,340,811,164,21,23,2010-04-17 06:00:00,qualifying_3419
3421,340,812,164,20,24,2010-04-17 06:00:00,qualifying_3420
3422,341,17,9,6,1,2010-05-08 12:00:00,qualifying_3421
3423,341,20,9,5,2,2010-05-08 12:00:00,qualifying_3422
3424,341,1,1,2,3,2010-05-08 12:00:00,qualifying_3423
3425,341,4,6,8,4,2010-05-08 12:00:00,qualifying_3424
3426,341,18,1,1,5,2010-05-08 12:00:00,qualifying_3425
3427,341,30,131,3,6,2010-05-08 12:00:00,qualifying_3426
3428,341,9,4,11,7,2010-05-08 12:00:00,qualifying_3427
3429,341,3,131,4,8,2010-05-08 12:00:00,qualifying_3428
3430,341,13,6,7,9,2010-05-08 12:00:00,qualifying_3429
3431,341,155,15,23,10,2010-05-08 12:00:00,qualifying_3430
3432,341,16,10,14,11,2010-05-08 12:00:00,qualifying_3431
3433,341,37,15,22,12,2010-05-08 12:00:00,qualifying_3432
3434,341,807,3,10,13,2010-05-08 12:00:00,qualifying_3433
3435,341,808,4,12,14,2010-05-08 12:00:00,qualifying_3434
3436,341,67,5,16,15,2010-05-08 12:00:00,qualifying_3435
3437,341,153,5,17,16,2010-05-08 12:00:00,qualifying_3436
3438,341,24,10,15,17,2010-05-08 12:00:00,qualifying_3437
3439,341,22,3,9,18,2010-05-08 12:00:00,qualifying_3438
3440,341,15,205,18,19,2010-05-08 12:00:00,qualifying_3439
3441,341,5,205,19,20,2010-05-08 12:00:00,qualifying_3440
3442,341,10,166,24,21,2010-05-08 12:00:00,qualifying_3441
3443,341,810,166,25,22,2010-05-08 12:00:00,qualifying_3442
3444,341,812,164,20,23,2010-05-08 12:00:00,qualifying_3443
3445,341,811,164,21,24,2010-05-08 12:00:00,qualifying_3444
3446,342,17,9,6,1,2010-05-15 12:00:00,qualifying_3445
3447,342,9,4,11,2,2010-05-15 12:00:00,qualifying_3446
3448,342,20,9,5,3,2010-05-15 12:00:00,qualifying_3447
3449,342,13,6,7,4,2010-05-15 12:00:00,qualifying_3448
3450,342,1,1,2,5,2010-05-15 12:00:00,qualifying_3449
3451,342,3,131,4,6,2010-05-15 12:00:00,qualifying_3450
3452,342,30,131,3,7,2010-05-15 12:00:00,qualifying_3451
3453,342,18,1,1,8,2010-05-15 12:00:00,qualifying_3452
3454,342,22,3,9,9,2010-05-15 12:00:00,qualifying_3453
3455,342,24,10,15,10,2010-05-15 12:00:00,qualifying_3454
3456,342,807,3,10,11,2010-05-15 12:00:00,qualifying_3455
3457,342,16,10,14,12,2010-05-15 12:00:00,qualifying_3456
3458,342,67,5,16,13,2010-05-15 12:00:00,qualifying_3457
3459,342,808,4,12,14,2010-05-15 12:00:00,qualifying_3458
3460,342,37,15,22,15,2010-05-15 12:00:00,qualifying_3459
3461,342,155,15,23,16,2010-05-15 12:00:00,qualifying_3460
3462,342,153,5,17,17,2010-05-15 12:00:00,qualifying_3461
3463,342,5,205,19,18,2010-05-15 12:00:00,qualifying_3462
3464,342,15,205,18,19,2010-05-15 12:00:00,qualifying_3463
3465,342,10,166,24,20,2010-05-15 12:00:00,qualifying_3464
3466,342,810,166,25,21,2010-05-15 12:00:00,qualifying_3465
3467,342,811,164,21,22,2010-05-15 12:00:00,qualifying_3466
3468,342,812,164,20,23,2010-05-15 12:00:00,qualifying_3467
3469,342,4,6,8,24,2010-05-15 12:00:00,qualifying_3468
3470,343,17,9,6,1,2010-05-29 11:00:00,qualifying_3469
3471,343,1,1,2,2,2010-05-29 11:00:00,qualifying_3470
3472,343,20,9,5,3,2010-05-29 11:00:00,qualifying_3471
3473,343,18,1,1,4,2010-05-29 11:00:00,qualifying_3472
3474,343,30,131,3,5,2010-05-29 11:00:00,qualifying_3473
3475,343,3,131,4,6,2010-05-29 11:00:00,qualifying_3474
3476,343,9,4,11,7,2010-05-29 11:00:00,qualifying_3475
3477,343,13,6,7,8,2010-05-29 11:00:00,qualifying_3476
3478,343,808,4,12,9,2010-05-29 11:00:00,qualifying_3477
3479,343,155,15,23,10,2010-05-29 11:00:00,qualifying_3478
3480,343,16,10,14,11,2010-05-29 11:00:00,qualifying_3479
3481,343,4,6,8,12,2010-05-29 11:00:00,qualifying_3480
3482,343,37,15,22,13,2010-05-29 11:00:00,qualifying_3481
3483,343,67,5,16,14,2010-05-29 11:00:00,qualifying_3482
3484,343,22,3,9,15,2010-05-29 11:00:00,qualifying_3483
3485,343,153,5,17,16,2010-05-29 11:00:00,qualifying_3484
3486,343,807,3,10,17,2010-05-29 11:00:00,qualifying_3485
3487,343,24,10,15,18,2010-05-29 11:00:00,qualifying_3486
3488,343,15,205,18,19,2010-05-29 11:00:00,qualifying_3487
3489,343,5,205,19,20,2010-05-29 11:00:00,qualifying_3488
3490,343,10,166,24,21,2010-05-29 11:00:00,qualifying_3489
3491,343,811,164,21,22,2010-05-29 11:00:00,qualifying_3490
3492,343,810,166,25,23,2010-05-29 11:00:00,qualifying_3491
3493,343,812,164,20,24,2010-05-29 11:00:00,qualifying_3492
3494,344,1,1,2,1,2010-06-12 16:00:00,qualifying_3493
3495,344,17,9,6,2,2010-06-12 16:00:00,qualifying_3494
3496,344,20,9,5,3,2010-06-12 16:00:00,qualifying_3495
3497,344,4,6,8,4,2010-06-12 16:00:00,qualifying_3496
3498,344,18,1,1,5,2010-06-12 16:00:00,qualifying_3497
3499,344,24,10,15,6,2010-06-12 16:00:00,qualifying_3498
3500,344,13,6,7,7,2010-06-12 16:00:00,qualifying_3499
3501,344,9,4,11,8,2010-06-12 16:00:00,qualifying_3500
3502,344,16,10,14,9,2010-06-12 16:00:00,qualifying_3501
3503,344,3,131,4,10,2010-06-12 16:00:00,qualifying_3502
3504,344,22,3,9,11,2010-06-12 16:00:00,qualifying_3503
3505,344,807,3,10,12,2010-06-12 16:00:00,qualifying_3504
3506,344,30,131,3,13,2010-06-12 16:00:00,qualifying_3505
3507,344,808,4,12,14,2010-06-12 16:00:00,qualifying_3506
3508,344,67,5,16,15,2010-06-12 16:00:00,qualifying_3507
3509,344,153,5,17,16,2010-06-12 16:00:00,qualifying_3508
3510,344,37,15,22,17,2010-06-12 16:00:00,qualifying_3509
3511,344,155,15,23,18,2010-06-12 16:00:00,qualifying_3510
3512,344,5,205,19,19,2010-06-12 16:00:00,qualifying_3511
3513,344,15,205,18,20,2010-06-12 16:00:00,qualifying_3512
3514,344,10,166,24,21,2010-06-12 16:00:00,qualifying_3513
3515,344,811,164,21,22,2010-06-12 16:00:00,qualifying_3514
3516,344,810,166,25,23,2010-06-12 16:00:00,qualifying_3515
3517,344,812,164,20,24,2010-06-12 16:00:00,qualifying_3516
3518,345,20,9,5,1,2010-06-26 12:00:00,qualifying_3517
3519,345,17,9,6,2,2010-06-26 12:00:00,qualifying_3518
3520,345,1,1,2,3,2010-06-26 12:00:00,qualifying_3519
3521,345,4,6,8,4,2010-06-26 12:00:00,qualifying_3520
3522,345,13,6,7,5,2010-06-26 12:00:00,qualifying_3521
3523,345,9,4,11,6,2010-06-26 12:00:00,qualifying_3522
3524,345,18,1,1,7,2010-06-26 12:00:00,qualifying_3523
3525,345,807,3,10,8,2010-06-26 12:00:00,qualifying_3524
3526,345,22,3,9,9,2010-06-26 12:00:00,qualifying_3525
3527,345,808,4,12,10,2010-06-26 12:00:00,qualifying_3526
3528,345,67,5,16,11,2010-06-26 12:00:00,qualifying_3527
3529,345,3,131,4,12,2010-06-26 12:00:00,qualifying_3528
3530,345,16,10,14,13,2010-06-26 12:00:00,qualifying_3529
3531,345,24,10,15,14,2010-06-26 12:00:00,qualifying_3530
3532,345,30,131,3,15,2010-06-26 12:00:00,qualifying_3531
3533,345,37,15,22,16,2010-06-26 12:00:00,qualifying_3532
3534,345,153,5,17,17,2010-06-26 12:00:00,qualifying_3533
3535,345,155,15,23,18,2010-06-26 12:00:00,qualifying_3534
3536,345,15,205,18,19,2010-06-26 12:00:00,qualifying_3535
3537,345,5,205,19,20,2010-06-26 12:00:00,qualifying_3536
3538,345,810,166,25,21,2010-06-26 12:00:00,qualifying_3537
3539,345,10,166,24,22,2010-06-26 12:00:00,qualifying_3538
3540,345,812,164,20,23,2010-06-26 12:00:00,qualifying_3539
3541,345,811,164,21,24,2010-06-26 12:00:00,qualifying_3540
3542,346,20,9,5,1,2010-07-10 12:00:00,qualifying_3541
3543,346,17,9,6,2,2010-07-10 12:00:00,qualifying_3542
3544,346,4,6,8,3,2010-07-10 12:00:00,qualifying_3543
3545,346,1,1,2,4,2010-07-10 12:00:00,qualifying_3544
3546,346,3,131,4,5,2010-07-10 12:00:00,qualifying_3545
3547,346,9,4,11,6,2010-07-10 12:00:00,qualifying_3546
3548,346,13,6,7,7,2010-07-10 12:00:00,qualifying_3547
3549,346,22,3,9,8,2010-07-10 12:00:00,qualifying_3548
3550,346,37,15,22,9,2010-07-10 12:00:00,qualifying_3549
3551,346,30,131,3,10,2010-07-10 12:00:00,qualifying_3550
3552,346,16,10,14,11,2010-07-10 12:00:00,qualifying_3551
3553,346,155,15,23,12,2010-07-10 12:00:00,qualifying_3552
3554,346,807,3,10,13,2010-07-10 12:00:00,qualifying_3553
3555,346,18,1,1,14,2010-07-10 12:00:00,qualifying_3554
3556,346,24,10,15,15,2010-07-10 12:00:00,qualifying_3555
3557,346,808,4,12,16,2010-07-10 12:00:00,qualifying_3556
3558,346,67,5,16,17,2010-07-10 12:00:00,qualifying_3557
3559,346,153,5,17,18,2010-07-10 12:00:00,qualifying_3558
3560,346,5,205,19,19,2010-07-10 12:00:00,qualifying_3559
3561,346,10,166,24,20,2010-07-10 12:00:00,qualifying_3560
3562,346,15,205,18,21,2010-07-10 12:00:00,qualifying_3561
3563,346,810,166,25,22,2010-07-10 12:00:00,qualifying_3562
3564,346,812,164,20,23,2010-07-10 12:00:00,qualifying_3563
3565,346,29,164,21,24,2010-07-10 12:00:00,qualifying_3564
3566,347,20,9,5,1,2010-07-24 12:00:00,qualifying_3565
3567,347,4,6,8,2,2010-07-24 12:00:00,qualifying_3566
3568,347,13,6,7,3,2010-07-24 12:00:00,qualifying_3567
3569,347,17,9,6,4,2010-07-24 12:00:00,qualifying_3568
3570,347,18,1,1,5,2010-07-24 12:00:00,qualifying_3569
3571,347,1,1,2,6,2010-07-24 12:00:00,qualifying_3570
3572,347,9,4,11,7,2010-07-24 12:00:00,qualifying_3571
3573,347,22,3,9,8,2010-07-24 12:00:00,qualifying_3572
3574,347,3,131,4,9,2010-07-24 12:00:00,qualifying_3573
3575,347,807,3,10,10,2010-07-24 12:00:00,qualifying_3574
3576,347,30,131,3,11,2010-07-24 12:00:00,qualifying_3575
3577,347,155,15,23,12,2010-07-24 12:00:00,qualifying_3576
3578,347,808,4,12,13,2010-07-24 12:00:00,qualifying_3577
3579,347,16,10,14,14,2010-07-24 12:00:00,qualifying_3578
3580,347,37,15,22,15,2010-07-24 12:00:00,qualifying_3579
3581,347,153,5,17,16,2010-07-24 12:00:00,qualifying_3580
3582,347,67,5,16,17,2010-07-24 12:00:00,qualifying_3581
3583,347,15,205,18,18,2010-07-24 12:00:00,qualifying_3582
3584,347,5,205,19,19,2010-07-24 12:00:00,qualifying_3583
3585,347,10,166,24,20,2010-07-24 12:00:00,qualifying_3584
3586,347,811,164,21,21,2010-07-24 12:00:00,qualifying_3585
3587,347,24,10,15,22,2010-07-24 12:00:00,qualifying_3586
3588,347,29,164,20,23,2010-07-24 12:00:00,qualifying_3587
3589,347,810,166,25,24,2010-07-24 12:00:00,qualifying_3588
3590,348,20,9,5,1,2010-07-31 12:00:00,qualifying_3589
3591,348,17,9,6,2,2010-07-31 12:00:00,qualifying_3590
3592,348,4,6,8,3,2010-07-31 12:00:00,qualifying_3591
3593,348,13,6,7,4,2010-07-31 12:00:00,qualifying_3592
3594,348,1,1,2,5,2010-07-31 12:00:00,qualifying_3593
3595,348,3,131,4,6,2010-07-31 12:00:00,qualifying_3594
3596,348,808,4,12,7,2010-07-31 12:00:00,qualifying_3595
3597,348,9,4,11,8,2010-07-31 12:00:00,qualifying_3596
3598,348,37,15,22,9,2010-07-31 12:00:00,qualifying_3597
3599,348,807,3,10,10,2010-07-31 12:00:00,qualifying_3598
3600,348,18,1,1,11,2010-07-31 12:00:00,qualifying_3599
3601,348,22,3,9,12,2010-07-31 12:00:00,qualifying_3600
3602,348,16,10,14,13,2010-07-31 12:00:00,qualifying_3601
3603,348,30,131,3,14,2010-07-31 12:00:00,qualifying_3602
3604,348,67,5,16,15,2010-07-31 12:00:00,qualifying_3603
3605,348,24,10,15,16,2010-07-31 12:00:00,qualifying_3604
3606,348,153,5,17,17,2010-07-31 12:00:00,qualifying_3605
3607,348,155,15,23,18,2010-07-31 12:00:00,qualifying_3606
3608,348,10,166,24,19,2010-07-31 12:00:00,qualifying_3607
3609,348,5,205,19,20,2010-07-31 12:00:00,qualifying_3608
3610,348,15,205,18,21,2010-07-31 12:00:00,qualifying_3609
3611,348,810,166,25,22,2010-07-31 12:00:00,qualifying_3610
3612,348,811,164,21,23,2010-07-31 12:00:00,qualifying_3611
3613,348,29,164,20,24,2010-07-31 12:00:00,qualifying_3612
3614,349,17,9,6,1,2010-08-28 12:00:00,qualifying_3613
3615,349,1,1,2,2,2010-08-28 12:00:00,qualifying_3614
3616,349,9,4,11,3,2010-08-28 12:00:00,qualifying_3615
3617,349,20,9,5,4,2010-08-28 12:00:00,qualifying_3616
3618,349,18,1,1,5,2010-08-28 12:00:00,qualifying_3617
3619,349,13,6,7,6,2010-08-28 12:00:00,qualifying_3618
3620,349,22,3,9,7,2010-08-28 12:00:00,qualifying_3619
3621,349,16,10,14,8,2010-08-28 12:00:00,qualifying_3620
3622,349,807,3,10,9,2010-08-28 12:00:00,qualifying_3621
3623,349,4,6,8,10,2010-08-28 12:00:00,qualifying_3622
3624,349,30,131,3,11,2010-08-28 12:00:00,qualifying_3623
3625,349,3,131,4,12,2010-08-28 12:00:00,qualifying_3624
3626,349,153,5,17,13,2010-08-28 12:00:00,qualifying_3625
3627,349,24,10,15,14,2010-08-28 12:00:00,qualifying_3626
3628,349,67,5,16,15,2010-08-28 12:00:00,qualifying_3627
3629,349,5,205,19,16,2010-08-28 12:00:00,qualifying_3628
3630,349,10,166,24,17,2010-08-28 12:00:00,qualifying_3629
3631,349,15,205,18,18,2010-08-28 12:00:00,qualifying_3630
3632,349,155,15,23,19,2010-08-28 12:00:00,qualifying_3631
3633,349,811,164,21,20,2010-08-28 12:00:00,qualifying_3632
3634,349,29,164,20,21,2010-08-28 12:00:00,qualifying_3633
3635,349,37,15,22,22,2010-08-28 12:00:00,qualifying_3634
3636,349,810,166,25,23,2010-08-28 12:00:00,qualifying_3635
3637,349,808,4,12,24,2010-08-28 12:00:00,qualifying_3636
3638,350,4,6,8,1,2010-09-11 12:00:00,qualifying_3637
3639,350,18,1,1,2,2010-09-11 12:00:00,qualifying_3638
3640,350,13,6,7,3,2010-09-11 12:00:00,qualifying_3639
3641,350,17,9,6,4,2010-09-11 12:00:00,qualifying_3640
3642,350,1,1,2,5,2010-09-11 12:00:00,qualifying_3641
3643,350,20,9,5,6,2010-09-11 12:00:00,qualifying_3642
3644,350,3,131,4,7,2010-09-11 12:00:00,qualifying_3643
3645,350,807,3,10,8,2010-09-11 12:00:00,qualifying_3644
3646,350,9,4,11,9,2010-09-11 12:00:00,qualifying_3645
3647,350,22,3,9,10,2010-09-11 12:00:00,qualifying_3646
3648,350,16,10,14,11,2010-09-11 12:00:00,qualifying_3647
3649,350,30,131,3,12,2010-09-11 12:00:00,qualifying_3648
3650,350,155,15,23,13,2010-09-11 12:00:00,qualifying_3649
3651,350,67,5,16,14,2010-09-11 12:00:00,qualifying_3650
3652,350,808,4,12,15,2010-09-11 12:00:00,qualifying_3651
3653,350,153,5,17,16,2010-09-11 12:00:00,qualifying_3652
3654,350,37,15,22,17,2010-09-11 12:00:00,qualifying_3653
3655,350,15,205,18,18,2010-09-11 12:00:00,qualifying_3654
3656,350,5,205,19,19,2010-09-11 12:00:00,qualifying_3655
3657,350,24,10,15,20,2010-09-11 12:00:00,qualifying_3656
3658,350,10,166,24,21,2010-09-11 12:00:00,qualifying_3657
3659,350,810,166,25,22,2010-09-11 12:00:00,qualifying_3658
3660,350,811,164,21,23,2010-09-11 12:00:00,qualifying_3659
3661,350,29,164,20,24,2010-09-11 12:00:00,qualifying_3660
3662,351,4,6,8,1,2010-09-25 12:00:00,qualifying_3661
3663,351,20,9,5,2,2010-09-25 12:00:00,qualifying_3662
3664,351,1,1,2,3,2010-09-25 12:00:00,qualifying_3663
3665,351,18,1,1,4,2010-09-25 12:00:00,qualifying_3664
3666,351,17,9,6,5,2010-09-25 12:00:00,qualifying_3665
3667,351,22,3,9,6,2010-09-25 12:00:00,qualifying_3666
3668,351,3,131,4,7,2010-09-25 12:00:00,qualifying_3667
3669,351,9,4,11,8,2010-09-25 12:00:00,qualifying_3668
3670,351,30,131,3,9,2010-09-25 12:00:00,qualifying_3669
3671,351,155,15,23,10,2010-09-25 12:00:00,qualifying_3670
3672,351,153,5,17,11,2010-09-25 12:00:00,qualifying_3671
3673,351,807,3,10,12,2010-09-25 12:00:00,qualifying_3672
3674,351,808,4,12,13,2010-09-25 12:00:00,qualifying_3673
3675,351,67,5,16,14,2010-09-25 12:00:00,qualifying_3674
3676,351,2,15,22,15,2010-09-25 12:00:00,qualifying_3675
3677,351,16,10,14,16,2010-09-25 12:00:00,qualifying_3676
3678,351,24,10,15,17,2010-09-25 12:00:00,qualifying_3677
3679,351,10,166,24,18,2010-09-25 12:00:00,qualifying_3678
3680,351,5,205,19,19,2010-09-25 12:00:00,qualifying_3679
3681,351,810,166,25,20,2010-09-25 12:00:00,qualifying_3680
3682,351,15,205,18,21,2010-09-25 12:00:00,qualifying_3681
3683,351,32,164,20,22,2010-09-25 12:00:00,qualifying_3682
3684,351,811,164,21,23,2010-09-25 12:00:00,qualifying_3683
3685,351,13,6,7,24,2010-09-25 12:00:00,qualifying_3684
3686,352,20,9,5,1,2010-10-09 06:00:00,qualifying_3685
3687,352,17,9,6,2,2010-10-09 06:00:00,qualifying_3686
3688,352,1,1,2,3,2010-10-09 06:00:00,qualifying_3687
3689,352,9,4,11,4,2010-10-09 06:00:00,qualifying_3688
3690,352,4,6,8,5,2010-10-09 06:00:00,qualifying_3689
3691,352,18,1,1,6,2010-10-09 06:00:00,qualifying_3690
3692,352,3,131,4,7,2010-10-09 06:00:00,qualifying_3691
3693,352,22,3,9,8,2010-10-09 06:00:00,qualifying_3692
3694,352,807,3,10,9,2010-10-09 06:00:00,qualifying_3693
3695,352,30,131,3,10,2010-10-09 06:00:00,qualifying_3694
3696,352,2,15,22,11,2010-10-09 06:00:00,qualifying_3695
3697,352,13,6,7,12,2010-10-09 06:00:00,qualifying_3696
3698,352,808,4,12,13,2010-10-09 06:00:00,qualifying_3697
3699,352,155,15,23,14,2010-10-09 06:00:00,qualifying_3698
3700,352,16,10,14,15,2010-10-09 06:00:00,qualifying_3699
3701,352,153,5,17,16,2010-10-09 06:00:00,qualifying_3700
3702,352,24,10,15,17,2010-10-09 06:00:00,qualifying_3701
3703,352,67,5,16,18,2010-10-09 06:00:00,qualifying_3702
3704,352,15,205,18,19,2010-10-09 06:00:00,qualifying_3703
3705,352,5,205,19,20,2010-10-09 06:00:00,qualifying_3704
3706,352,810,166,25,21,2010-10-09 06:00:00,qualifying_3705
3707,352,10,166,24,22,2010-10-09 06:00:00,qualifying_3706
3708,352,811,164,21,23,2010-10-09 06:00:00,qualifying_3707
3709,352,29,164,20,24,2010-10-09 06:00:00,qualifying_3708
3710,353,20,9,5,1,2010-10-23 05:00:00,qualifying_3709
3711,353,17,9,6,2,2010-10-23 05:00:00,qualifying_3710
3712,353,4,6,8,3,2010-10-23 05:00:00,qualifying_3711
3713,353,1,1,2,4,2010-10-23 05:00:00,qualifying_3712
3714,353,3,131,4,5,2010-10-23 05:00:00,qualifying_3713
3715,353,13,6,7,6,2010-10-23 05:00:00,qualifying_3714
3716,353,18,1,1,7,2010-10-23 05:00:00,qualifying_3715
3717,353,9,4,11,8,2010-10-23 05:00:00,qualifying_3716
3718,353,30,131,3,9,2010-10-23 05:00:00,qualifying_3717
3719,353,22,3,9,10,2010-10-23 05:00:00,qualifying_3718
3720,353,807,3,10,11,2010-10-23 05:00:00,qualifying_3719
3721,353,155,15,23,12,2010-10-23 05:00:00,qualifying_3720
3722,353,2,15,22,13,2010-10-23 05:00:00,qualifying_3721
3723,353,16,10,14,14,2010-10-23 05:00:00,qualifying_3722
3724,353,808,4,12,15,2010-10-23 05:00:00,qualifying_3723
3725,353,153,5,17,16,2010-10-23 05:00:00,qualifying_3724
3726,353,67,5,16,17,2010-10-23 05:00:00,qualifying_3725
3727,353,24,10,15,18,2010-10-23 05:00:00,qualifying_3726
3728,353,15,205,18,19,2010-10-23 05:00:00,qualifying_3727
3729,353,10,166,24,20,2010-10-23 05:00:00,qualifying_3728
3730,353,5,205,19,21,2010-10-23 05:00:00,qualifying_3729
3731,353,810,166,25,22,2010-10-23 05:00:00,qualifying_3730
3732,353,29,164,20,23,2010-10-23 05:00:00,qualifying_3731
3733,353,811,164,21,24,2010-10-23 05:00:00,qualifying_3732
3734,354,807,3,10,1,2010-11-06 16:00:00,qualifying_3733
3735,354,20,9,5,2,2010-11-06 16:00:00,qualifying_3734
3736,354,17,9,6,3,2010-11-06 16:00:00,qualifying_3735
3737,354,1,1,2,4,2010-11-06 16:00:00,qualifying_3736
3738,354,4,6,8,5,2010-11-06 16:00:00,qualifying_3737
3739,354,22,3,9,6,2010-11-06 16:00:00,qualifying_3738
3740,354,9,4,11,7,2010-11-06 16:00:00,qualifying_3739
3741,354,30,131,3,8,2010-11-06 16:00:00,qualifying_3740
3742,354,13,6,7,9,2010-11-06 16:00:00,qualifying_3741
3743,354,808,4,12,10,2010-11-06 16:00:00,qualifying_3742
3744,354,18,1,1,11,2010-11-06 16:00:00,qualifying_3743
3745,354,155,15,23,12,2010-11-06 16:00:00,qualifying_3744
3746,354,3,131,4,13,2010-11-06 16:00:00,qualifying_3745
3747,354,153,5,17,14,2010-11-06 16:00:00,qualifying_3746
3748,354,67,5,16,15,2010-11-06 16:00:00,qualifying_3747
3749,354,2,15,22,16,2010-11-06 16:00:00,qualifying_3748
3750,354,24,10,15,17,2010-11-06 16:00:00,qualifying_3749
3751,354,16,10,14,18,2010-11-06 16:00:00,qualifying_3750
3752,354,10,166,24,19,2010-11-06 16:00:00,qualifying_3751
3753,354,15,205,18,20,2010-11-06 16:00:00,qualifying_3752
3754,354,5,205,19,21,2010-11-06 16:00:00,qualifying_3753
3755,354,810,166,25,22,2010-11-06 16:00:00,qualifying_3754
3756,354,32,164,20,23,2010-11-06 16:00:00,qualifying_3755
3757,354,811,164,21,24,2010-11-06 16:00:00,qualifying_3756
3758,355,20,9,5,1,2010-11-13 13:00:00,qualifying_3757
3759,355,1,1,2,2,2010-11-13 13:00:00,qualifying_3758
3760,355,4,6,8,3,2010-11-13 13:00:00,qualifying_3759
3761,355,18,1,1,4,2010-11-13 13:00:00,qualifying_3760
3762,355,17,9,6,5,2010-11-13 13:00:00,qualifying_3761
3763,355,13,6,7,6,2010-11-13 13:00:00,qualifying_3762
3764,355,22,3,9,7,2010-11-13 13:00:00,qualifying_3763
3765,355,30,131,3,8,2010-11-13 13:00:00,qualifying_3764
3766,355,3,131,4,9,2010-11-13 13:00:00,qualifying_3765
3767,355,808,4,12,10,2010-11-13 13:00:00,qualifying_3766
3768,355,9,4,11,11,2010-11-13 13:00:00,qualifying_3767
3769,355,155,15,23,12,2010-11-13 13:00:00,qualifying_3768
3770,355,16,10,14,13,2010-11-13 13:00:00,qualifying_3769
3771,355,2,15,22,14,2010-11-13 13:00:00,qualifying_3770
3772,355,807,3,10,15,2010-11-13 13:00:00,qualifying_3771
3773,355,24,10,15,16,2010-11-13 13:00:00,qualifying_3772
3774,355,153,5,17,17,2010-11-13 13:00:00,qualifying_3773
3775,355,67,5,16,18,2010-11-13 13:00:00,qualifying_3774
3776,355,15,205,18,19,2010-11-13 13:00:00,qualifying_3775
3777,355,5,205,19,20,2010-11-13 13:00:00,qualifying_3776
3778,355,10,166,24,21,2010-11-13 13:00:00,qualifying_3777
3779,355,810,166,25,22,2010-11-13 13:00:00,qualifying_3778
3780,355,811,164,21,23,2010-11-13 13:00:00,qualifying_3779
3781,355,32,164,20,24,2010-11-13 13:00:00,qualifying_3780
3782,108,30,6,1,1,2003-03-08 00:00:00,qualifying_3781
3783,108,22,6,2,2,2003-03-08 00:00:00,qualifying_3782
3784,108,31,3,3,3,2003-03-08 00:00:00,qualifying_3783
3785,108,49,15,10,4,2003-03-08 00:00:00,qualifying_3784
3786,108,44,7,20,5,2003-03-08 00:00:00,qualifying_3785
3787,108,35,16,16,6,2003-03-08 00:00:00,qualifying_3786
3788,108,2,15,9,7,2003-03-08 00:00:00,qualifying_3787
3789,108,18,16,17,8,2003-03-08 00:00:00,qualifying_3788
3790,108,23,3,4,9,2003-03-08 00:00:00,qualifying_3789
3791,108,4,4,8,10,2003-03-08 00:00:00,qualifying_3790
3792,108,14,1,5,11,2003-03-08 00:00:00,qualifying_3791
3793,108,15,4,7,12,2003-03-08 00:00:00,qualifying_3792
3794,108,21,17,11,13,2003-03-08 00:00:00,qualifying_3793
3795,108,17,19,14,14,2003-03-08 00:00:00,qualifying_3794
3796,108,8,1,6,15,2003-03-08 00:00:00,qualifying_3795
3797,108,43,7,21,16,2003-03-08 00:00:00,qualifying_3796
3798,108,52,17,12,17,2003-03-08 00:00:00,qualifying_3797
3799,108,42,19,15,18,2003-03-08 00:00:00,qualifying_3798
3800,108,51,18,18,19,2003-03-08 00:00:00,qualifying_3799
3801,108,50,18,19,20,2003-03-08 00:00:00,qualifying_3800
3802,110,22,6,2,1,2003-04-05 00:00:00,qualifying_3801
3803,110,14,1,5,2,2003-04-05 00:00:00,qualifying_3802
3804,110,17,19,14,3,2003-04-05 00:00:00,qualifying_3803
3805,110,8,1,6,4,2003-04-05 00:00:00,qualifying_3804
3806,110,15,4,7,5,2003-04-05 00:00:00,qualifying_3805
3807,110,23,3,4,6,2003-04-05 00:00:00,qualifying_3806
3808,110,30,6,1,7,2003-04-05 00:00:00,qualifying_3807
3809,110,21,17,11,8,2003-04-05 00:00:00,qualifying_3808
3810,110,31,3,3,9,2003-04-05 00:00:00,qualifying_3809
3811,110,4,4,8,10,2003-04-05 00:00:00,qualifying_3810
3812,110,18,16,17,11,2003-04-05 00:00:00,qualifying_3811
3813,110,2,15,9,12,2003-04-05 00:00:00,qualifying_3812
3814,110,35,16,16,13,2003-04-05 00:00:00,qualifying_3813
3815,110,49,15,10,14,2003-04-05 00:00:00,qualifying_3814
3816,110,44,7,20,15,2003-04-05 00:00:00,qualifying_3815
3817,110,52,17,12,16,2003-04-05 00:00:00,qualifying_3816
3818,110,42,19,15,17,2003-04-05 00:00:00,qualifying_3817
3819,110,43,7,21,18,2003-04-05 00:00:00,qualifying_3818
3820,110,50,18,19,19,2003-04-05 00:00:00,qualifying_3819
3821,110,51,18,18,20,2003-04-05 00:00:00,qualifying_3820
3822,111,30,6,1,1,2003-04-19 00:00:00,qualifying_3821
3823,111,23,3,4,2,2003-04-19 00:00:00,qualifying_3822
3824,111,22,6,2,3,2003-04-19 00:00:00,qualifying_3823
3825,111,31,3,3,4,2003-04-19 00:00:00,qualifying_3824
3826,111,17,19,14,5,2003-04-19 00:00:00,qualifying_3825
3827,111,8,1,6,6,2003-04-19 00:00:00,qualifying_3826
3828,111,35,16,16,7,2003-04-19 00:00:00,qualifying_3827
3829,111,4,4,8,8,2003-04-19 00:00:00,qualifying_3828
3830,111,18,16,17,9,2003-04-19 00:00:00,qualifying_3829
3831,111,44,7,20,10,2003-04-19 00:00:00,qualifying_3830
3832,111,2,15,9,11,2003-04-19 00:00:00,qualifying_3831
3833,111,14,1,5,12,2003-04-19 00:00:00,qualifying_3832
3834,111,43,7,21,13,2003-04-19 00:00:00,qualifying_3833
3835,111,49,15,10,14,2003-04-19 00:00:00,qualifying_3834
3836,111,42,19,15,15,2003-04-19 00:00:00,qualifying_3835
3837,111,15,4,7,16,2003-04-19 00:00:00,qualifying_3836
3838,111,21,17,11,17,2003-04-19 00:00:00,qualifying_3837
3839,111,51,18,18,18,2003-04-19 00:00:00,qualifying_3838
3840,111,52,17,12,19,2003-04-19 00:00:00,qualifying_3839
3841,111,50,18,19,20,2003-04-19 00:00:00,qualifying_3840
3842,112,30,6,1,1,2003-05-03 00:00:00,qualifying_3841
3843,112,22,6,2,2,2003-05-03 00:00:00,qualifying_3842
3844,112,4,4,8,3,2003-05-03 00:00:00,qualifying_3843
3845,112,15,4,7,4,2003-05-03 00:00:00,qualifying_3844
3846,112,18,16,17,5,2003-05-03 00:00:00,qualifying_3845
3847,112,44,7,20,6,2003-05-03 00:00:00,qualifying_3846
3848,112,23,3,4,7,2003-05-03 00:00:00,qualifying_3847
3849,112,14,1,5,8,2003-05-03 00:00:00,qualifying_3848
3850,112,31,3,3,9,2003-05-03 00:00:00,qualifying_3849
3851,112,49,15,10,10,2003-05-03 00:00:00,qualifying_3850
3852,112,35,16,16,11,2003-05-03 00:00:00,qualifying_3851
3853,112,17,19,14,12,2003-05-03 00:00:00,qualifying_3852
3854,112,43,7,21,13,2003-05-03 00:00:00,qualifying_3853
3855,112,2,15,9,14,2003-05-03 00:00:00,qualifying_3854
3856,112,52,17,12,15,2003-05-03 00:00:00,qualifying_3855
3857,112,42,19,15,16,2003-05-03 00:00:00,qualifying_3856
3858,112,21,17,11,17,2003-05-03 00:00:00,qualifying_3857
3859,112,51,18,18,18,2003-05-03 00:00:00,qualifying_3858
3860,112,50,18,19,19,2003-05-03 00:00:00,qualifying_3859
3861,112,8,1,6,20,2003-05-03 00:00:00,qualifying_3860
3862,113,30,6,1,1,2003-05-17 00:00:00,qualifying_3861
3863,113,8,1,6,2,2003-05-17 00:00:00,qualifying_3862
3864,113,31,3,3,3,2003-05-17 00:00:00,qualifying_3863
3865,113,2,15,9,4,2003-05-17 00:00:00,qualifying_3864
3866,113,22,6,2,5,2003-05-17 00:00:00,qualifying_3865
3867,113,15,4,7,6,2003-05-17 00:00:00,qualifying_3866
3868,113,18,16,17,7,2003-05-17 00:00:00,qualifying_3867
3869,113,42,19,15,8,2003-05-17 00:00:00,qualifying_3868
3870,113,21,17,11,9,2003-05-17 00:00:00,qualifying_3869
3871,113,23,3,4,10,2003-05-17 00:00:00,qualifying_3870
3872,113,44,7,20,11,2003-05-17 00:00:00,qualifying_3871
3873,113,35,16,16,12,2003-05-17 00:00:00,qualifying_3872
3874,113,43,7,21,13,2003-05-17 00:00:00,qualifying_3873
3875,113,14,1,5,14,2003-05-17 00:00:00,qualifying_3874
3876,113,49,15,10,15,2003-05-17 00:00:00,qualifying_3875
3877,113,52,17,12,16,2003-05-17 00:00:00,qualifying_3876
3878,113,17,19,14,17,2003-05-17 00:00:00,qualifying_3877
3879,113,51,18,18,18,2003-05-17 00:00:00,qualifying_3878
3880,113,4,4,8,19,2003-05-17 00:00:00,qualifying_3879
3881,113,50,18,19,20,2003-05-17 00:00:00,qualifying_3880
3882,114,23,3,4,1,2003-05-31 00:00:00,qualifying_3881
3883,114,8,1,6,2,2003-05-31 00:00:00,qualifying_3882
3884,114,31,3,3,3,2003-05-31 00:00:00,qualifying_3883
3885,114,15,4,7,4,2003-05-31 00:00:00,qualifying_3884
3886,114,30,6,1,5,2003-05-31 00:00:00,qualifying_3885
3887,114,14,1,5,6,2003-05-31 00:00:00,qualifying_3886
3888,114,22,6,2,7,2003-05-31 00:00:00,qualifying_3887
3889,114,4,4,8,8,2003-05-31 00:00:00,qualifying_3888
3890,114,17,19,14,9,2003-05-31 00:00:00,qualifying_3889
3891,114,43,7,21,10,2003-05-31 00:00:00,qualifying_3890
3892,114,35,16,16,11,2003-05-31 00:00:00,qualifying_3891
3893,114,21,17,11,12,2003-05-31 00:00:00,qualifying_3892
3894,114,42,19,15,13,2003-05-31 00:00:00,qualifying_3893
3895,114,2,15,9,14,2003-05-31 00:00:00,qualifying_3894
3896,114,49,15,10,15,2003-05-31 00:00:00,qualifying_3895
3897,114,52,17,12,16,2003-05-31 00:00:00,qualifying_3896
3898,114,44,7,20,17,2003-05-31 00:00:00,qualifying_3897
3899,114,50,18,19,18,2003-05-31 00:00:00,qualifying_3898
3900,114,51,18,18,19,2003-05-31 00:00:00,qualifying_3899
3901,115,23,3,4,1,2003-06-14 00:00:00,qualifying_3900
3902,115,31,3,3,2,2003-06-14 00:00:00,qualifying_3901
3903,115,30,6,1,3,2003-06-14 00:00:00,qualifying_3902
3904,115,4,4,8,4,2003-06-14 00:00:00,qualifying_3903
3905,115,22,6,2,5,2003-06-14 00:00:00,qualifying_3904
3906,115,17,19,14,6,2003-06-14 00:00:00,qualifying_3905
3907,115,44,7,20,7,2003-06-14 00:00:00,qualifying_3906
3908,115,15,4,7,8,2003-06-14 00:00:00,qualifying_3907
3909,115,43,7,21,9,2003-06-14 00:00:00,qualifying_3908
3910,115,49,15,10,10,2003-06-14 00:00:00,qualifying_3909
3911,115,14,1,5,11,2003-06-14 00:00:00,qualifying_3910
3912,115,2,15,9,12,2003-06-14 00:00:00,qualifying_3911
3913,115,42,19,15,13,2003-06-14 00:00:00,qualifying_3912
3914,115,35,16,16,14,2003-06-14 00:00:00,qualifying_3913
3915,115,50,18,19,15,2003-06-14 00:00:00,qualifying_3914
3916,115,21,17,11,16,2003-06-14 00:00:00,qualifying_3915
3917,115,18,16,17,17,2003-06-14 00:00:00,qualifying_3916
3918,115,51,18,18,18,2003-06-14 00:00:00,qualifying_3917
3919,115,52,17,12,19,2003-06-14 00:00:00,qualifying_3918
3920,115,8,1,6,20,2003-06-14 00:00:00,qualifying_3919
3921,116,8,1,6,1,2003-06-28 00:00:00,qualifying_3920
3922,116,30,6,1,2,2003-06-28 00:00:00,qualifying_3921
3923,116,23,3,4,3,2003-06-28 00:00:00,qualifying_3922
3924,116,31,3,3,4,2003-06-28 00:00:00,qualifying_3923
3925,116,22,6,2,5,2003-06-28 00:00:00,qualifying_3924
3926,116,15,4,7,6,2003-06-28 00:00:00,qualifying_3925
3927,116,44,7,20,7,2003-06-28 00:00:00,qualifying_3926
3928,116,4,4,8,8,2003-06-28 00:00:00,qualifying_3927
3929,116,14,1,5,9,2003-06-28 00:00:00,qualifying_3928
3930,116,43,7,21,10,2003-06-28 00:00:00,qualifying_3929
3931,116,17,19,14,11,2003-06-28 00:00:00,qualifying_3930
3932,116,18,16,17,12,2003-06-28 00:00:00,qualifying_3931
3933,116,21,17,11,13,2003-06-28 00:00:00,qualifying_3932
3934,116,52,17,12,14,2003-06-28 00:00:00,qualifying_3933
3935,116,49,15,10,15,2003-06-28 00:00:00,qualifying_3934
3936,116,42,19,15,16,2003-06-28 00:00:00,qualifying_3935
3937,116,35,16,16,17,2003-06-28 00:00:00,qualifying_3936
3938,116,50,18,19,18,2003-06-28 00:00:00,qualifying_3937
3939,116,51,18,18,19,2003-06-28 00:00:00,qualifying_3938
3940,116,2,15,9,20,2003-06-28 00:00:00,qualifying_3939
3941,117,23,3,4,1,2003-07-05 00:00:00,qualifying_3940
3942,117,31,3,3,2,2003-07-05 00:00:00,qualifying_3941
3943,117,30,6,1,3,2003-07-05 00:00:00,qualifying_3942
3944,117,8,1,6,4,2003-07-05 00:00:00,qualifying_3943
3945,117,14,1,5,5,2003-07-05 00:00:00,qualifying_3944
3946,117,15,4,7,6,2003-07-05 00:00:00,qualifying_3945
3947,117,4,4,8,7,2003-07-05 00:00:00,qualifying_3946
3948,117,22,6,2,8,2003-07-05 00:00:00,qualifying_3947
3949,117,17,19,14,9,2003-07-05 00:00:00,qualifying_3948
3950,117,44,7,20,10,2003-07-05 00:00:00,qualifying_3949
3951,117,42,19,15,11,2003-07-05 00:00:00,qualifying_3950
3952,117,35,16,16,12,2003-07-05 00:00:00,qualifying_3951
3953,117,43,7,21,13,2003-07-05 00:00:00,qualifying_3952
3954,117,18,16,17,14,2003-07-05 00:00:00,qualifying_3953
3955,117,2,15,9,15,2003-07-05 00:00:00,qualifying_3954
3956,117,49,15,10,16,2003-07-05 00:00:00,qualifying_3955
3957,117,21,17,11,17,2003-07-05 00:00:00,qualifying_3956
3958,117,52,17,12,18,2003-07-05 00:00:00,qualifying_3957
3959,117,50,18,19,19,2003-07-05 00:00:00,qualifying_3958
3960,117,51,18,18,20,2003-07-05 00:00:00,qualifying_3959
3961,118,22,6,2,1,2003-07-19 00:00:00,qualifying_3960
3962,118,15,4,7,2,2003-07-19 00:00:00,qualifying_3961
3963,118,8,1,6,3,2003-07-19 00:00:00,qualifying_3962
3964,118,23,3,4,4,2003-07-19 00:00:00,qualifying_3963
3965,118,30,6,1,5,2003-07-19 00:00:00,qualifying_3964
3966,118,43,7,21,6,2003-07-19 00:00:00,qualifying_3965
3967,118,31,3,3,7,2003-07-19 00:00:00,qualifying_3966
3968,118,4,4,8,8,2003-07-19 00:00:00,qualifying_3967
3969,118,35,16,16,9,2003-07-19 00:00:00,qualifying_3968
3970,118,42,19,15,10,2003-07-19 00:00:00,qualifying_3969
3971,118,17,19,14,11,2003-07-19 00:00:00,qualifying_3970
3972,118,14,1,5,12,2003-07-19 00:00:00,qualifying_3971
3973,118,44,7,20,13,2003-07-19 00:00:00,qualifying_3972
3974,118,49,15,10,14,2003-07-19 00:00:00,qualifying_3973
3975,118,21,17,11,15,2003-07-19 00:00:00,qualifying_3974
3976,118,2,15,9,16,2003-07-19 00:00:00,qualifying_3975
3977,118,52,17,12,17,2003-07-19 00:00:00,qualifying_3976
3978,118,51,18,18,18,2003-07-19 00:00:00,qualifying_3977
3979,118,50,18,19,19,2003-07-19 00:00:00,qualifying_3978
3980,118,18,16,17,20,2003-07-19 00:00:00,qualifying_3979
3981,119,31,3,3,1,2003-08-02 00:00:00,qualifying_3980
3982,119,23,3,4,2,2003-08-02 00:00:00,qualifying_3981
3983,119,22,6,2,3,2003-08-02 00:00:00,qualifying_3982
3984,119,15,4,7,4,2003-08-02 00:00:00,qualifying_3983
3985,119,8,1,6,5,2003-08-02 00:00:00,qualifying_3984
3986,119,30,6,1,6,2003-08-02 00:00:00,qualifying_3985
3987,119,44,7,20,7,2003-08-02 00:00:00,qualifying_3986
3988,119,4,4,8,8,2003-08-02 00:00:00,qualifying_3987
3989,119,43,7,21,9,2003-08-02 00:00:00,qualifying_3988
3990,119,14,1,5,10,2003-08-02 00:00:00,qualifying_3989
3991,119,17,19,14,11,2003-08-02 00:00:00,qualifying_3990
3992,119,21,17,11,12,2003-08-02 00:00:00,qualifying_3991
3993,119,35,16,16,13,2003-08-02 00:00:00,qualifying_3992
3994,119,49,15,10,14,2003-08-02 00:00:00,qualifying_3993
3995,119,2,15,9,15,2003-08-02 00:00:00,qualifying_3994
3996,119,51,19,15,16,2003-08-02 00:00:00,qualifying_3995
3997,119,18,16,17,17,2003-08-02 00:00:00,qualifying_3996
3998,119,52,17,12,18,2003-08-02 00:00:00,qualifying_3997
3999,119,50,18,19,19,2003-08-02 00:00:00,qualifying_3998
4000,119,53,18,18,20,2003-08-02 00:00:00,qualifying_3999
4001,120,4,4,8,1,2003-08-23 00:00:00,qualifying_4000
4002,120,23,3,4,2,2003-08-23 00:00:00,qualifying_4001
4003,120,17,19,14,3,2003-08-23 00:00:00,qualifying_4002
4004,120,31,3,3,4,2003-08-23 00:00:00,qualifying_4003
4005,120,22,6,2,5,2003-08-23 00:00:00,qualifying_4004
4006,120,15,4,7,6,2003-08-23 00:00:00,qualifying_4005
4007,120,8,1,6,7,2003-08-23 00:00:00,qualifying_4006
4008,120,30,6,1,8,2003-08-23 00:00:00,qualifying_4007
4009,120,14,1,5,9,2003-08-23 00:00:00,qualifying_4008
4010,120,44,7,20,10,2003-08-23 00:00:00,qualifying_4009
4011,120,2,15,9,11,2003-08-23 00:00:00,qualifying_4010
4012,120,51,19,15,12,2003-08-23 00:00:00,qualifying_4011
4013,120,21,17,11,13,2003-08-23 00:00:00,qualifying_4012
4014,120,18,16,17,14,2003-08-23 00:00:00,qualifying_4013
4015,120,43,7,21,15,2003-08-23 00:00:00,qualifying_4014
4016,120,35,16,16,16,2003-08-23 00:00:00,qualifying_4015
4017,120,49,15,10,17,2003-08-23 00:00:00,qualifying_4016
4018,120,50,18,19,18,2003-08-23 00:00:00,qualifying_4017
4019,120,47,17,12,19,2003-08-23 00:00:00,qualifying_4018
4020,120,53,18,18,20,2003-08-23 00:00:00,qualifying_4019
4021,121,30,6,1,1,2003-09-13 00:00:00,qualifying_4020
4022,121,31,3,3,2,2003-09-13 00:00:00,qualifying_4021
4023,121,22,6,2,3,2003-09-13 00:00:00,qualifying_4022
4024,121,8,1,6,4,2003-09-13 00:00:00,qualifying_4023
4025,121,48,3,4,5,2003-09-13 00:00:00,qualifying_4024
4026,121,15,4,7,6,2003-09-13 00:00:00,qualifying_4025
4027,121,18,16,17,7,2003-09-13 00:00:00,qualifying_4026
4028,121,14,1,5,8,2003-09-13 00:00:00,qualifying_4027
4029,121,44,7,20,9,2003-09-13 00:00:00,qualifying_4028
4030,121,35,16,16,10,2003-09-13 00:00:00,qualifying_4029
4031,121,17,19,14,11,2003-09-13 00:00:00,qualifying_4030
4032,121,43,7,21,12,2003-09-13 00:00:00,qualifying_4031
4033,121,21,17,11,13,2003-09-13 00:00:00,qualifying_4032
4034,121,49,15,10,14,2003-09-13 00:00:00,qualifying_4033
4035,121,51,19,15,15,2003-09-13 00:00:00,qualifying_4034
4036,121,2,15,9,16,2003-09-13 00:00:00,qualifying_4035
4037,121,50,18,19,17,2003-09-13 00:00:00,qualifying_4036
4038,121,47,17,12,18,2003-09-13 00:00:00,qualifying_4037
4039,121,53,18,18,19,2003-09-13 00:00:00,qualifying_4038
4040,121,4,4,8,20,2003-09-13 00:00:00,qualifying_4039
4041,122,8,1,6,1,2003-09-27 00:00:00,qualifying_4040
4042,122,22,6,2,2,2003-09-27 00:00:00,qualifying_4041
4043,122,44,7,20,3,2003-09-27 00:00:00,qualifying_4042
4044,122,31,3,3,4,2003-09-27 00:00:00,qualifying_4043
4045,122,23,3,4,5,2003-09-27 00:00:00,qualifying_4044
4046,122,4,4,8,6,2003-09-27 00:00:00,qualifying_4045
4047,122,30,6,1,7,2003-09-27 00:00:00,qualifying_4046
4048,122,14,1,5,8,2003-09-27 00:00:00,qualifying_4047
4049,122,43,7,21,9,2003-09-27 00:00:00,qualifying_4048
4050,122,15,4,7,10,2003-09-27 00:00:00,qualifying_4049
4051,122,18,16,17,11,2003-09-27 00:00:00,qualifying_4050
4052,122,35,16,16,12,2003-09-27 00:00:00,qualifying_4051
4053,122,2,15,9,13,2003-09-27 00:00:00,qualifying_4052
4054,122,17,19,14,14,2003-09-27 00:00:00,qualifying_4053
4055,122,49,15,10,15,2003-09-27 00:00:00,qualifying_4054
4056,122,51,19,15,16,2003-09-27 00:00:00,qualifying_4055
4057,122,21,17,11,17,2003-09-27 00:00:00,qualifying_4056
4058,122,52,17,12,18,2003-09-27 00:00:00,qualifying_4057
4059,122,50,18,19,19,2003-09-27 00:00:00,qualifying_4058
4060,122,53,18,18,20,2003-09-27 00:00:00,qualifying_4059
4061,123,22,6,2,1,2003-10-11 00:00:00,qualifying_4060
4062,123,31,3,3,2,2003-10-11 00:00:00,qualifying_4061
4063,123,43,7,21,3,2003-10-11 00:00:00,qualifying_4062
4064,123,44,7,20,4,2003-10-11 00:00:00,qualifying_4063
4065,123,4,4,8,5,2003-10-11 00:00:00,qualifying_4064
4066,123,17,19,14,6,2003-10-11 00:00:00,qualifying_4065
4067,123,14,1,5,7,2003-10-11 00:00:00,qualifying_4066
4068,123,8,1,6,8,2003-10-11 00:00:00,qualifying_4067
4069,123,18,16,17,9,2003-10-11 00:00:00,qualifying_4068
4070,123,51,19,15,10,2003-10-11 00:00:00,qualifying_4069
4071,123,2,15,9,11,2003-10-11 00:00:00,qualifying_4070
4072,123,49,15,10,12,2003-10-11 00:00:00,qualifying_4071
4073,123,11,16,16,13,2003-10-11 00:00:00,qualifying_4072
4074,123,30,6,1,14,2003-10-11 00:00:00,qualifying_4073
4075,123,52,17,12,15,2003-10-11 00:00:00,qualifying_4074
4076,123,21,17,11,16,2003-10-11 00:00:00,qualifying_4075
4077,123,50,18,19,17,2003-10-11 00:00:00,qualifying_4076
4078,123,53,18,18,18,2003-10-11 00:00:00,qualifying_4077
4079,123,23,3,4,19,2003-10-11 00:00:00,qualifying_4078
4080,123,15,4,7,20,2003-10-11 00:00:00,qualifying_4079
4081,90,30,6,1,1,2004-03-06 00:00:00,qualifying_4080
4082,90,22,6,2,2,2004-03-06 00:00:00,qualifying_4081
4083,90,31,3,3,3,2004-03-06 00:00:00,qualifying_4082
4084,90,18,16,9,4,2004-03-06 00:00:00,qualifying_4083
4085,90,4,4,8,5,2004-03-06 00:00:00,qualifying_4084
4086,90,17,19,14,6,2004-03-06 00:00:00,qualifying_4085
4087,90,11,16,10,7,2004-03-06 00:00:00,qualifying_4086
4088,90,23,3,4,8,2004-03-06 00:00:00,qualifying_4087
4089,90,15,4,7,9,2004-03-06 00:00:00,qualifying_4088
4090,90,8,1,6,10,2004-03-06 00:00:00,qualifying_4089
4091,90,13,15,12,11,2004-03-06 00:00:00,qualifying_4090
4092,90,14,1,5,12,2004-03-06 00:00:00,qualifying_4091
4093,90,43,7,16,13,2004-03-06 00:00:00,qualifying_4092
4094,90,21,15,11,14,2004-03-06 00:00:00,qualifying_4093
4095,90,2,17,18,15,2004-03-06 00:00:00,qualifying_4094
4096,90,45,17,19,16,2004-03-06 00:00:00,qualifying_4095
4097,90,47,18,21,17,2004-03-06 00:00:00,qualifying_4096
4098,90,44,7,17,18,2004-03-06 00:00:00,qualifying_4097
4099,90,32,19,15,19,2004-03-06 00:00:00,qualifying_4098
4100,90,46,18,20,20,2004-03-06 00:00:00,qualifying_4099
4101,91,30,6,1,1,2004-03-20 00:00:00,qualifying_4100
4102,91,17,19,14,2,2004-03-20 00:00:00,qualifying_4101
4103,91,22,6,2,3,2004-03-20 00:00:00,qualifying_4102
4104,91,31,3,3,4,2004-03-20 00:00:00,qualifying_4103
4105,91,8,1,6,5,2004-03-20 00:00:00,qualifying_4104
4106,91,18,16,9,6,2004-03-20 00:00:00,qualifying_4105
4107,91,23,3,4,7,2004-03-20 00:00:00,qualifying_4106
4108,91,15,4,7,8,2004-03-20 00:00:00,qualifying_4107
4109,91,14,1,5,9,2004-03-20 00:00:00,qualifying_4108
4110,91,43,7,16,10,2004-03-20 00:00:00,qualifying_4109
4111,91,13,15,12,11,2004-03-20 00:00:00,qualifying_4110
4112,91,21,15,11,12,2004-03-20 00:00:00,qualifying_4111
4113,91,32,19,15,13,2004-03-20 00:00:00,qualifying_4112
4114,91,44,7,17,14,2004-03-20 00:00:00,qualifying_4113
4115,91,2,17,18,15,2004-03-20 00:00:00,qualifying_4114
4116,91,46,18,20,16,2004-03-20 00:00:00,qualifying_4115
4117,91,47,18,21,17,2004-03-20 00:00:00,qualifying_4116
4118,91,45,17,19,18,2004-03-20 00:00:00,qualifying_4117
4119,91,4,4,8,19,2004-03-20 00:00:00,qualifying_4118
4120,91,11,16,10,20,2004-03-20 00:00:00,qualifying_4119
4121,92,30,6,1,1,2004-04-03 00:00:00,qualifying_4120
4122,92,22,6,2,2,2004-04-03 00:00:00,qualifying_4121
4123,92,31,3,3,3,2004-04-03 00:00:00,qualifying_4122
4124,92,23,3,4,4,2004-04-03 00:00:00,qualifying_4123
4125,92,11,16,10,5,2004-04-03 00:00:00,qualifying_4124
4126,92,18,16,9,6,2004-04-03 00:00:00,qualifying_4125
4127,92,15,4,7,7,2004-04-03 00:00:00,qualifying_4126
4128,92,44,7,17,8,2004-04-03 00:00:00,qualifying_4127
4129,92,43,7,16,9,2004-04-03 00:00:00,qualifying_4128
4130,92,14,1,5,10,2004-04-03 00:00:00,qualifying_4129
4131,92,21,15,11,11,2004-04-03 00:00:00,qualifying_4130
4132,92,32,19,15,12,2004-04-03 00:00:00,qualifying_4131
4133,92,13,15,12,13,2004-04-03 00:00:00,qualifying_4132
4134,92,17,19,14,14,2004-04-03 00:00:00,qualifying_4133
4135,92,2,17,18,15,2004-04-03 00:00:00,qualifying_4134
4136,92,45,17,19,16,2004-04-03 00:00:00,qualifying_4135
4137,92,4,4,8,17,2004-04-03 00:00:00,qualifying_4136
4138,92,46,18,20,18,2004-04-03 00:00:00,qualifying_4137
4139,92,47,18,21,19,2004-04-03 00:00:00,qualifying_4138
4140,92,8,1,6,20,2004-04-03 00:00:00,qualifying_4139
4141,93,18,16,9,1,2004-04-24 00:00:00,qualifying_4140
4142,93,30,6,1,2,2004-04-24 00:00:00,qualifying_4141
4143,93,31,3,3,3,2004-04-24 00:00:00,qualifying_4142
4144,93,22,6,2,4,2004-04-24 00:00:00,qualifying_4143
4145,93,23,3,4,5,2004-04-24 00:00:00,qualifying_4144
4146,93,4,4,8,6,2004-04-24 00:00:00,qualifying_4145
4147,93,11,16,10,7,2004-04-24 00:00:00,qualifying_4146
4148,93,17,19,14,8,2004-04-24 00:00:00,qualifying_4147
4149,93,15,4,7,9,2004-04-24 00:00:00,qualifying_4148
4150,93,43,7,16,10,2004-04-24 00:00:00,qualifying_4149
4151,93,14,1,5,11,2004-04-24 00:00:00,qualifying_4150
4152,93,13,15,12,12,2004-04-24 00:00:00,qualifying_4151
4153,93,44,7,17,13,2004-04-24 00:00:00,qualifying_4152
4154,93,32,19,15,14,2004-04-24 00:00:00,qualifying_4153
4155,93,45,17,19,15,2004-04-24 00:00:00,qualifying_4154
4156,93,2,17,18,16,2004-04-24 00:00:00,qualifying_4155
4157,93,46,18,20,17,2004-04-24 00:00:00,qualifying_4156
4158,93,47,18,21,18,2004-04-24 00:00:00,qualifying_4157
4159,93,21,15,11,19,2004-04-24 00:00:00,qualifying_4158
4160,93,8,1,6,20,2004-04-24 00:00:00,qualifying_4159
4161,94,30,6,1,1,2004-05-08 00:00:00,qualifying_4160
4162,94,31,3,3,2,2004-05-08 00:00:00,qualifying_4161
4163,94,11,16,10,3,2004-05-08 00:00:00,qualifying_4162
4164,94,15,4,7,4,2004-05-08 00:00:00,qualifying_4163
4165,94,22,6,2,5,2004-05-08 00:00:00,qualifying_4164
4166,94,23,3,4,6,2004-05-08 00:00:00,qualifying_4165
4167,94,44,7,17,7,2004-05-08 00:00:00,qualifying_4166
4168,94,4,4,8,8,2004-05-08 00:00:00,qualifying_4167
4169,94,17,19,14,9,2004-05-08 00:00:00,qualifying_4168
4170,94,14,1,5,10,2004-05-08 00:00:00,qualifying_4169
4171,94,43,7,16,11,2004-05-08 00:00:00,qualifying_4170
4172,94,21,15,11,12,2004-05-08 00:00:00,qualifying_4171
4173,94,8,1,6,13,2004-05-08 00:00:00,qualifying_4172
4174,94,18,16,9,14,2004-05-08 00:00:00,qualifying_4173
4175,94,2,17,18,15,2004-05-08 00:00:00,qualifying_4174
4176,94,32,19,15,16,2004-05-08 00:00:00,qualifying_4175
4177,94,13,15,12,17,2004-05-08 00:00:00,qualifying_4176
4178,94,46,18,20,18,2004-05-08 00:00:00,qualifying_4177
4179,94,45,17,19,19,2004-05-08 00:00:00,qualifying_4178
4180,94,47,18,21,20,2004-05-08 00:00:00,qualifying_4179
4181,95,15,4,7,1,2004-05-22 00:00:00,qualifying_4180
4182,95,23,3,4,2,2004-05-22 00:00:00,qualifying_4181
4183,95,18,16,9,3,2004-05-22 00:00:00,qualifying_4182
4184,95,4,4,8,4,2004-05-22 00:00:00,qualifying_4183
4185,95,30,6,1,5,2004-05-22 00:00:00,qualifying_4184
4186,95,8,1,6,6,2004-05-22 00:00:00,qualifying_4185
4187,95,22,6,2,7,2004-05-22 00:00:00,qualifying_4186
4188,95,11,16,10,8,2004-05-22 00:00:00,qualifying_4187
4189,95,14,1,5,9,2004-05-22 00:00:00,qualifying_4188
4190,95,31,3,3,10,2004-05-22 00:00:00,qualifying_4189
4191,95,21,15,11,11,2004-05-22 00:00:00,qualifying_4190
4192,95,17,19,14,12,2004-05-22 00:00:00,qualifying_4191
4193,95,44,7,17,13,2004-05-22 00:00:00,qualifying_4192
4194,95,32,19,15,14,2004-05-22 00:00:00,qualifying_4193
4195,95,43,7,16,15,2004-05-22 00:00:00,qualifying_4194
4196,95,13,15,12,16,2004-05-22 00:00:00,qualifying_4195
4197,95,2,17,18,17,2004-05-22 00:00:00,qualifying_4196
4198,95,45,17,19,18,2004-05-22 00:00:00,qualifying_4197
4199,95,47,18,21,19,2004-05-22 00:00:00,qualifying_4198
4200,95,46,18,20,20,2004-05-22 00:00:00,qualifying_4199
4201,96,30,6,1,1,2004-05-29 00:00:00,qualifying_4200
4202,96,11,16,10,2,2004-05-29 00:00:00,qualifying_4201
4203,96,15,4,7,3,2004-05-29 00:00:00,qualifying_4202
4204,96,8,1,6,4,2004-05-29 00:00:00,qualifying_4203
4205,96,18,16,9,5,2004-05-29 00:00:00,qualifying_4204
4206,96,4,4,8,6,2004-05-29 00:00:00,qualifying_4205
4207,96,22,6,2,7,2004-05-29 00:00:00,qualifying_4206
4208,96,31,3,3,8,2004-05-29 00:00:00,qualifying_4207
4209,96,23,3,4,9,2004-05-29 00:00:00,qualifying_4208
4210,96,44,7,17,10,2004-05-29 00:00:00,qualifying_4209
4211,96,43,7,16,11,2004-05-29 00:00:00,qualifying_4210
4212,96,32,19,15,12,2004-05-29 00:00:00,qualifying_4211
4213,96,2,17,18,13,2004-05-29 00:00:00,qualifying_4212
4214,96,17,19,14,14,2004-05-29 00:00:00,qualifying_4213
4215,96,45,17,19,15,2004-05-29 00:00:00,qualifying_4214
4216,96,13,15,12,16,2004-05-29 00:00:00,qualifying_4215
4217,96,47,18,21,17,2004-05-29 00:00:00,qualifying_4216
4218,96,14,1,5,18,2004-05-29 00:00:00,qualifying_4217
4219,96,21,15,11,19,2004-05-29 00:00:00,qualifying_4218
4220,96,46,18,20,20,2004-05-29 00:00:00,qualifying_4219
4221,97,23,3,4,1,2004-06-12 00:00:00,qualifying_4220
4222,97,18,16,9,2,2004-06-12 00:00:00,qualifying_4221
4223,97,15,4,7,3,2004-06-12 00:00:00,qualifying_4222
4224,97,31,3,3,4,2004-06-12 00:00:00,qualifying_4223
4225,97,4,4,8,5,2004-06-12 00:00:00,qualifying_4224
4226,97,30,6,1,6,2004-06-12 00:00:00,qualifying_4225
4227,97,22,6,2,7,2004-06-12 00:00:00,qualifying_4226
4228,97,8,1,6,8,2004-06-12 00:00:00,qualifying_4227
4229,97,14,1,5,9,2004-06-12 00:00:00,qualifying_4228
4230,97,32,19,15,10,2004-06-12 00:00:00,qualifying_4229
4231,97,21,15,11,11,2004-06-12 00:00:00,qualifying_4230
4232,97,43,7,16,12,2004-06-12 00:00:00,qualifying_4231
4233,97,44,7,17,13,2004-06-12 00:00:00,qualifying_4232
4234,97,17,19,14,14,2004-06-12 00:00:00,qualifying_4233
4235,97,2,17,18,15,2004-06-12 00:00:00,qualifying_4234
4236,97,10,17,19,16,2004-06-12 00:00:00,qualifying_4235
4237,97,11,16,10,17,2004-06-12 00:00:00,qualifying_4236
4238,97,47,18,21,18,2004-06-12 00:00:00,qualifying_4237
4239,97,13,15,12,19,2004-06-12 00:00:00,qualifying_4238
4240,97,46,18,20,20,2004-06-12 00:00:00,qualifying_4239
4241,98,22,6,2,1,2004-06-19 00:00:00,qualifying_4240
4242,98,30,6,1,2,2004-06-19 00:00:00,qualifying_4241
4243,98,11,16,10,3,2004-06-19 00:00:00,qualifying_4242
4244,98,18,16,9,4,2004-06-19 00:00:00,qualifying_4243
4245,98,31,3,3,5,2004-06-19 00:00:00,qualifying_4244
4246,98,23,3,4,6,2004-06-19 00:00:00,qualifying_4245
4247,98,8,1,6,7,2004-06-19 00:00:00,qualifying_4246
4248,98,44,7,17,8,2004-06-19 00:00:00,qualifying_4247
4249,98,4,4,8,9,2004-06-19 00:00:00,qualifying_4248
4250,98,17,19,14,10,2004-06-19 00:00:00,qualifying_4249
4251,98,43,7,16,11,2004-06-19 00:00:00,qualifying_4250
4252,98,14,1,5,12,2004-06-19 00:00:00,qualifying_4251
4253,98,32,19,15,13,2004-06-19 00:00:00,qualifying_4252
4254,98,21,15,11,14,2004-06-19 00:00:00,qualifying_4253
4255,98,13,15,12,15,2004-06-19 00:00:00,qualifying_4254
4256,98,2,17,18,16,2004-06-19 00:00:00,qualifying_4255
4257,98,45,17,19,17,2004-06-19 00:00:00,qualifying_4256
4258,98,46,18,20,18,2004-06-19 00:00:00,qualifying_4257
4259,98,47,18,21,19,2004-06-19 00:00:00,qualifying_4258
4260,98,15,4,7,20,2004-06-19 00:00:00,qualifying_4259
4261,99,4,4,8,1,2004-07-03 00:00:00,qualifying_4260
4262,99,30,6,1,2,2004-07-03 00:00:00,qualifying_4261
4263,99,14,1,5,3,2004-07-03 00:00:00,qualifying_4262
4264,99,18,16,9,4,2004-07-03 00:00:00,qualifying_4263
4265,99,15,4,7,5,2004-07-03 00:00:00,qualifying_4264
4266,99,31,3,3,6,2004-07-03 00:00:00,qualifying_4265
4267,99,11,16,10,7,2004-07-03 00:00:00,qualifying_4266
4268,99,48,3,4,8,2004-07-03 00:00:00,qualifying_4267
4269,99,8,1,6,9,2004-07-03 00:00:00,qualifying_4268
4270,99,22,6,2,10,2004-07-03 00:00:00,qualifying_4269
4271,99,43,7,16,11,2004-07-03 00:00:00,qualifying_4270
4272,99,17,19,14,12,2004-07-03 00:00:00,qualifying_4271
4273,99,32,19,15,13,2004-07-03 00:00:00,qualifying_4272
4274,99,44,7,17,14,2004-07-03 00:00:00,qualifying_4273
4275,99,21,15,11,15,2004-07-03 00:00:00,qualifying_4274
4276,99,13,15,12,16,2004-07-03 00:00:00,qualifying_4275
4277,99,2,17,18,17,2004-07-03 00:00:00,qualifying_4276
4278,99,45,17,19,18,2004-07-03 00:00:00,qualifying_4277
4279,99,46,18,20,19,2004-07-03 00:00:00,qualifying_4278
4280,99,47,18,21,20,2004-07-03 00:00:00,qualifying_4279
4281,100,8,1,6,1,2004-07-10 00:00:00,qualifying_4280
4282,100,22,6,2,2,2004-07-10 00:00:00,qualifying_4281
4283,100,18,16,9,3,2004-07-10 00:00:00,qualifying_4282
4284,100,30,6,1,4,2004-07-10 00:00:00,qualifying_4283
4285,100,15,4,7,5,2004-07-10 00:00:00,qualifying_4284
4286,100,4,4,8,6,2004-07-10 00:00:00,qualifying_4285
4287,100,14,1,5,7,2004-07-10 00:00:00,qualifying_4286
4288,100,31,3,3,8,2004-07-10 00:00:00,qualifying_4287
4289,100,11,16,10,9,2004-07-10 00:00:00,qualifying_4288
4290,100,17,19,14,10,2004-07-10 00:00:00,qualifying_4289
4291,100,13,15,12,11,2004-07-10 00:00:00,qualifying_4290
4292,100,44,7,17,12,2004-07-10 00:00:00,qualifying_4291
4293,100,48,3,4,13,2004-07-10 00:00:00,qualifying_4292
4294,100,43,7,16,14,2004-07-10 00:00:00,qualifying_4293
4295,100,32,19,15,15,2004-07-10 00:00:00,qualifying_4294
4296,100,45,17,19,16,2004-07-10 00:00:00,qualifying_4295
4297,100,2,17,18,17,2004-07-10 00:00:00,qualifying_4296
4298,100,46,18,20,18,2004-07-10 00:00:00,qualifying_4297
4299,100,47,18,21,19,2004-07-10 00:00:00,qualifying_4298
4300,100,21,15,11,20,2004-07-10 00:00:00,qualifying_4299
4301,101,30,6,1,1,2004-07-24 00:00:00,qualifying_4300
4302,101,31,3,3,2,2004-07-24 00:00:00,qualifying_4301
4303,101,18,16,9,3,2004-07-24 00:00:00,qualifying_4302
4304,101,8,1,6,4,2004-07-24 00:00:00,qualifying_4303
4305,101,14,1,5,5,2004-07-24 00:00:00,qualifying_4304
4306,101,4,4,8,6,2004-07-24 00:00:00,qualifying_4305
4307,101,15,4,7,7,2004-07-24 00:00:00,qualifying_4306
4308,101,22,6,2,8,2004-07-24 00:00:00,qualifying_4307
4309,101,11,16,10,9,2004-07-24 00:00:00,qualifying_4308
4310,101,44,7,17,10,2004-07-24 00:00:00,qualifying_4309
4311,101,42,3,4,11,2004-07-24 00:00:00,qualifying_4310
4312,101,17,19,14,12,2004-07-24 00:00:00,qualifying_4311
4313,101,32,19,15,13,2004-07-24 00:00:00,qualifying_4312
4314,101,21,15,11,14,2004-07-24 00:00:00,qualifying_4313
4315,101,43,7,16,15,2004-07-24 00:00:00,qualifying_4314
4316,101,13,15,12,16,2004-07-24 00:00:00,qualifying_4315
4317,101,45,17,19,17,2004-07-24 00:00:00,qualifying_4316
4318,101,2,17,18,18,2004-07-24 00:00:00,qualifying_4317
4319,101,46,18,20,19,2004-07-24 00:00:00,qualifying_4318
4320,101,47,18,21,20,2004-07-24 00:00:00,qualifying_4319
4321,102,30,6,1,1,2004-08-14 00:00:00,qualifying_4320
4322,102,22,6,2,2,2004-08-14 00:00:00,qualifying_4321
4323,102,11,16,10,3,2004-08-14 00:00:00,qualifying_4322
4324,102,18,16,9,4,2004-08-14 00:00:00,qualifying_4323
4325,102,4,4,8,5,2004-08-14 00:00:00,qualifying_4324
4326,102,42,3,4,6,2004-08-14 00:00:00,qualifying_4325
4327,102,31,3,3,7,2004-08-14 00:00:00,qualifying_4326
4328,102,21,15,11,8,2004-08-14 00:00:00,qualifying_4327
4329,102,15,4,7,9,2004-08-14 00:00:00,qualifying_4328
4330,102,8,1,6,10,2004-08-14 00:00:00,qualifying_4329
4331,102,17,19,14,11,2004-08-14 00:00:00,qualifying_4330
4332,102,14,1,5,12,2004-08-14 00:00:00,qualifying_4331
4333,102,44,7,17,13,2004-08-14 00:00:00,qualifying_4332
4334,102,32,19,15,14,2004-08-14 00:00:00,qualifying_4333
4335,102,41,7,16,15,2004-08-14 00:00:00,qualifying_4334
4336,102,2,17,18,16,2004-08-14 00:00:00,qualifying_4335
4337,102,45,17,19,17,2004-08-14 00:00:00,qualifying_4336
4338,102,47,18,21,18,2004-08-14 00:00:00,qualifying_4337
4339,102,46,18,20,19,2004-08-14 00:00:00,qualifying_4338
4340,102,13,15,12,20,2004-08-14 00:00:00,qualifying_4339
4341,103,15,4,7,1,2004-08-28 00:00:00,qualifying_4340
4342,103,30,6,1,2,2004-08-28 00:00:00,qualifying_4341
4343,103,4,4,8,3,2004-08-28 00:00:00,qualifying_4342
4344,103,14,1,5,4,2004-08-28 00:00:00,qualifying_4343
4345,103,21,15,11,5,2004-08-28 00:00:00,qualifying_4344
4346,103,22,6,2,6,2004-08-28 00:00:00,qualifying_4345
4347,103,17,19,14,7,2004-08-28 00:00:00,qualifying_4346
4348,103,13,15,12,8,2004-08-28 00:00:00,qualifying_4347
4349,103,44,7,17,9,2004-08-28 00:00:00,qualifying_4348
4350,103,8,1,6,10,2004-08-28 00:00:00,qualifying_4349
4351,103,31,3,3,11,2004-08-28 00:00:00,qualifying_4350
4352,103,18,16,9,12,2004-08-28 00:00:00,qualifying_4351
4353,103,32,19,15,13,2004-08-28 00:00:00,qualifying_4352
4354,103,42,3,4,14,2004-08-28 00:00:00,qualifying_4353
4355,103,11,16,10,15,2004-08-28 00:00:00,qualifying_4354
4356,103,2,17,18,16,2004-08-28 00:00:00,qualifying_4355
4357,103,46,18,20,17,2004-08-28 00:00:00,qualifying_4356
4358,103,47,18,21,18,2004-08-28 00:00:00,qualifying_4357
4359,103,45,17,19,19,2004-08-28 00:00:00,qualifying_4358
4360,103,41,7,16,20,2004-08-28 00:00:00,qualifying_4359
4361,105,22,6,2,1,2004-09-25 00:00:00,qualifying_4360
4362,105,8,1,6,2,2004-09-25 00:00:00,qualifying_4361
4363,105,18,16,9,3,2004-09-25 00:00:00,qualifying_4362
4364,105,13,15,12,4,2004-09-25 00:00:00,qualifying_4363
4365,105,23,3,4,5,2004-09-25 00:00:00,qualifying_4364
4366,105,4,4,8,6,2004-09-25 00:00:00,qualifying_4365
4367,105,21,15,11,7,2004-09-25 00:00:00,qualifying_4366
4368,105,44,7,17,8,2004-09-25 00:00:00,qualifying_4367
4369,105,11,16,10,9,2004-09-25 00:00:00,qualifying_4368
4370,105,14,1,5,10,2004-09-25 00:00:00,qualifying_4369
4371,105,31,3,3,11,2004-09-25 00:00:00,qualifying_4370
4372,105,17,19,14,12,2004-09-25 00:00:00,qualifying_4371
4373,105,35,4,7,13,2004-09-25 00:00:00,qualifying_4372
4374,105,41,7,16,14,2004-09-25 00:00:00,qualifying_4373
4375,105,2,17,18,15,2004-09-25 00:00:00,qualifying_4374
4376,105,32,19,15,16,2004-09-25 00:00:00,qualifying_4375
4377,105,10,17,19,17,2004-09-25 00:00:00,qualifying_4376
4378,105,47,18,21,18,2004-09-25 00:00:00,qualifying_4377
4379,105,46,18,20,19,2004-09-25 00:00:00,qualifying_4378
4380,105,30,6,1,20,2004-09-25 00:00:00,qualifying_4379
4381,106,30,6,1,1,2004-10-09 00:00:00,qualifying_4380
4382,106,23,3,4,2,2004-10-09 00:00:00,qualifying_4381
4383,106,17,19,14,3,2004-10-09 00:00:00,qualifying_4382
4384,106,11,16,10,4,2004-10-09 00:00:00,qualifying_4383
4385,106,18,16,9,5,2004-10-09 00:00:00,qualifying_4384
4386,106,15,7,16,6,2004-10-09 00:00:00,qualifying_4385
4387,106,21,15,11,7,2004-10-09 00:00:00,qualifying_4386
4388,106,14,1,5,8,2004-10-09 00:00:00,qualifying_4387
4389,106,35,4,7,9,2004-10-09 00:00:00,qualifying_4388
4390,106,44,7,17,10,2004-10-09 00:00:00,qualifying_4389
4391,106,4,4,8,11,2004-10-09 00:00:00,qualifying_4390
4392,106,8,1,6,12,2004-10-09 00:00:00,qualifying_4391
4393,106,31,3,3,13,2004-10-09 00:00:00,qualifying_4392
4394,106,32,19,15,14,2004-10-09 00:00:00,qualifying_4393
4395,106,22,6,2,15,2004-10-09 00:00:00,qualifying_4394
4396,106,2,17,18,16,2004-10-09 00:00:00,qualifying_4395
4397,106,10,17,19,17,2004-10-09 00:00:00,qualifying_4396
4398,106,46,18,20,18,2004-10-09 00:00:00,qualifying_4397
4399,106,47,18,21,19,2004-10-09 00:00:00,qualifying_4398
4400,106,13,15,12,20,2004-10-09 00:00:00,qualifying_4399
4401,107,22,6,2,1,2004-10-23 00:00:00,qualifying_4400
4402,107,31,3,3,2,2004-10-23 00:00:00,qualifying_4401
4403,107,8,1,6,3,2004-10-23 00:00:00,qualifying_4402
4404,107,13,15,12,4,2004-10-23 00:00:00,qualifying_4403
4405,107,18,16,9,5,2004-10-23 00:00:00,qualifying_4404
4406,107,11,16,10,6,2004-10-23 00:00:00,qualifying_4405
4407,107,23,3,4,7,2004-10-23 00:00:00,qualifying_4406
4408,107,30,6,1,8,2004-10-23 00:00:00,qualifying_4407
4409,107,4,4,8,9,2004-10-23 00:00:00,qualifying_4408
4410,107,15,7,16,10,2004-10-23 00:00:00,qualifying_4409
4411,107,21,15,11,11,2004-10-23 00:00:00,qualifying_4410
4412,107,17,19,14,12,2004-10-23 00:00:00,qualifying_4411
4413,107,14,1,5,13,2004-10-23 00:00:00,qualifying_4412
4414,107,35,4,7,14,2004-10-23 00:00:00,qualifying_4413
4415,107,41,7,17,15,2004-10-23 00:00:00,qualifying_4414
4416,107,32,19,15,16,2004-10-23 00:00:00,qualifying_4415
4417,107,2,17,18,17,2004-10-23 00:00:00,qualifying_4416
4418,107,10,17,19,18,2004-10-23 00:00:00,qualifying_4417
4419,107,47,18,21,19,2004-10-23 00:00:00,qualifying_4418
4420,107,46,18,20,20,2004-10-23 00:00:00,qualifying_4419
4421,71,21,4,6,1,2005-03-05 14:00:00,qualifying_4420
4422,71,15,7,16,2,2005-03-05 14:00:00,qualifying_4421
4423,71,17,3,7,3,2005-03-05 14:00:00,qualifying_4422
4424,71,35,15,11,4,2005-03-05 14:00:00,qualifying_4423
4425,71,14,9,14,5,2005-03-05 14:00:00,qualifying_4424
4426,71,32,9,15,6,2005-03-05 14:00:00,qualifying_4425
4427,71,2,3,8,7,2005-03-05 14:00:00,qualifying_4426
4428,71,18,16,3,8,2005-03-05 14:00:00,qualifying_4427
4429,71,31,1,10,9,2005-03-05 14:00:00,qualifying_4428
4430,71,8,1,9,10,2005-03-05 14:00:00,qualifying_4429
4431,71,22,6,2,11,2005-03-05 14:00:00,qualifying_4430
4432,71,39,17,19,12,2005-03-05 14:00:00,qualifying_4431
4433,71,4,4,5,13,2005-03-05 14:00:00,qualifying_4432
4434,71,33,17,18,14,2005-03-05 14:00:00,qualifying_4433
4435,71,23,7,17,15,2005-03-05 14:00:00,qualifying_4434
4436,71,40,18,20,16,2005-03-05 14:00:00,qualifying_4435
4437,71,27,18,21,17,2005-03-05 14:00:00,qualifying_4436
4438,71,30,6,1,18,2005-03-05 14:00:00,qualifying_4437
4439,71,11,16,4,19,2005-03-05 14:00:00,qualifying_4438
4440,71,13,15,12,20,2005-03-05 14:00:00,qualifying_4439
4441,72,4,4,5,1,2005-03-19 15:00:00,qualifying_4440
4442,72,15,7,16,2,2005-03-19 15:00:00,qualifying_4441
4443,72,21,4,6,3,2005-03-19 15:00:00,qualifying_4442
4444,72,17,3,7,4,2005-03-19 15:00:00,qualifying_4443
4445,72,23,7,17,5,2005-03-19 15:00:00,qualifying_4444
4446,72,8,1,9,6,2005-03-19 15:00:00,qualifying_4445
4447,72,32,9,15,7,2005-03-19 15:00:00,qualifying_4446
4448,72,14,9,14,8,2005-03-19 15:00:00,qualifying_4447
4449,72,18,16,3,9,2005-03-19 15:00:00,qualifying_4448
4450,72,2,3,8,10,2005-03-19 15:00:00,qualifying_4449
4451,72,31,1,10,11,2005-03-19 15:00:00,qualifying_4450
4452,72,22,6,2,12,2005-03-19 15:00:00,qualifying_4451
4453,72,30,6,1,13,2005-03-19 15:00:00,qualifying_4452
4454,72,13,15,12,14,2005-03-19 15:00:00,qualifying_4453
4455,72,19,16,4,15,2005-03-19 15:00:00,qualifying_4454
4456,72,35,15,11,16,2005-03-19 15:00:00,qualifying_4455
4457,72,39,17,19,17,2005-03-19 15:00:00,qualifying_4456
4458,72,33,17,18,18,2005-03-19 15:00:00,qualifying_4457
4459,72,40,18,20,19,2005-03-19 15:00:00,qualifying_4458
4460,72,27,18,21,20,2005-03-19 15:00:00,qualifying_4459
4461,73,4,4,5,1,2005-04-02 14:30:00,qualifying_4460
4462,73,30,6,1,2,2005-04-02 14:30:00,qualifying_4461
4463,73,15,7,16,3,2005-04-02 14:30:00,qualifying_4462
4464,73,2,3,8,4,2005-04-02 14:30:00,qualifying_4463
4465,73,17,3,7,5,2005-04-02 14:30:00,qualifying_4464
4466,73,23,7,17,6,2005-04-02 14:30:00,qualifying_4465
4467,73,32,9,15,7,2005-04-02 14:30:00,qualifying_4466
4468,73,37,1,10,8,2005-04-02 14:30:00,qualifying_4467
4469,73,8,1,9,9,2005-04-02 14:30:00,qualifying_4468
4470,73,21,4,6,10,2005-04-02 14:30:00,qualifying_4469
4471,73,18,16,3,11,2005-04-02 14:30:00,qualifying_4470
4472,73,13,15,12,12,2005-04-02 14:30:00,qualifying_4471
4473,73,11,16,4,13,2005-04-02 14:30:00,qualifying_4472
4474,73,14,9,14,14,2005-04-02 14:30:00,qualifying_4473
4475,73,22,6,2,15,2005-04-02 14:30:00,qualifying_4474
4476,73,35,15,11,16,2005-04-02 14:30:00,qualifying_4475
4477,73,33,17,18,17,2005-04-02 14:30:00,qualifying_4476
4478,73,39,17,19,18,2005-04-02 14:30:00,qualifying_4477
4479,73,27,18,21,19,2005-04-02 14:30:00,qualifying_4478
4480,73,40,18,20,20,2005-04-02 14:30:00,qualifying_4479
4481,74,8,1,9,1,2005-04-23 14:00:00,qualifying_4480
4482,74,4,4,5,2,2005-04-23 14:00:00,qualifying_4481
4483,74,18,16,3,3,2005-04-23 14:00:00,qualifying_4482
4484,74,17,3,7,4,2005-04-23 14:00:00,qualifying_4483
4485,74,15,7,16,5,2005-04-23 14:00:00,qualifying_4484
4486,74,11,16,4,6,2005-04-23 14:00:00,qualifying_4485
4487,74,25,1,10,7,2005-04-23 14:00:00,qualifying_4486
4488,74,13,15,12,8,2005-04-23 14:00:00,qualifying_4487
4489,74,2,3,8,9,2005-04-23 14:00:00,qualifying_4488
4490,74,22,6,2,10,2005-04-23 14:00:00,qualifying_4489
4491,74,23,7,17,11,2005-04-23 14:00:00,qualifying_4490
4492,74,35,15,11,12,2005-04-23 14:00:00,qualifying_4491
4493,74,21,4,6,13,2005-04-23 14:00:00,qualifying_4492
4494,74,30,6,1,14,2005-04-23 14:00:00,qualifying_4493
4495,74,14,9,14,15,2005-04-23 14:00:00,qualifying_4494
4496,74,24,9,15,16,2005-04-23 14:00:00,qualifying_4495
4497,74,39,17,19,17,2005-04-23 14:00:00,qualifying_4496
4498,74,33,17,18,18,2005-04-23 14:00:00,qualifying_4497
4499,74,40,18,20,19,2005-04-23 14:00:00,qualifying_4498
4500,74,27,18,21,20,2005-04-23 14:00:00,qualifying_4499
4501,75,8,1,9,1,2005-05-07 14:00:00,qualifying_4500
4502,75,17,3,7,2,2005-05-07 14:00:00,qualifying_4501
4503,75,4,4,5,3,2005-05-07 14:00:00,qualifying_4502
4504,75,23,7,17,4,2005-05-07 14:00:00,qualifying_4503
4505,75,15,7,16,5,2005-05-07 14:00:00,qualifying_4504
4506,75,21,4,6,6,2005-05-07 14:00:00,qualifying_4505
4507,75,31,1,10,7,2005-05-07 14:00:00,qualifying_4506
4508,75,30,6,1,8,2005-05-07 14:00:00,qualifying_4507
4509,75,14,9,14,9,2005-05-07 14:00:00,qualifying_4508
4510,75,13,15,12,10,2005-05-07 14:00:00,qualifying_4509
4511,75,24,9,15,11,2005-05-07 14:00:00,qualifying_4510
4512,75,35,15,11,12,2005-05-07 14:00:00,qualifying_4511
4513,75,39,17,19,13,2005-05-07 14:00:00,qualifying_4512
4514,75,33,17,18,14,2005-05-07 14:00:00,qualifying_4513
4515,75,27,18,21,15,2005-05-07 14:00:00,qualifying_4514
4516,75,40,18,20,16,2005-05-07 14:00:00,qualifying_4515
4517,75,2,3,8,17,2005-05-07 14:00:00,qualifying_4516
4518,75,22,6,2,18,2005-05-07 14:00:00,qualifying_4517
4519,76,8,1,9,1,2005-05-21 14:00:00,qualifying_4518
4520,76,4,4,5,2,2005-05-21 14:00:00,qualifying_4519
4521,76,17,3,7,3,2005-05-21 14:00:00,qualifying_4520
4522,76,21,4,6,4,2005-05-21 14:00:00,qualifying_4521
4523,76,15,7,16,5,2005-05-21 14:00:00,qualifying_4522
4524,76,2,3,8,6,2005-05-21 14:00:00,qualifying_4523
4525,76,14,9,14,7,2005-05-21 14:00:00,qualifying_4524
4526,76,30,6,1,8,2005-05-21 14:00:00,qualifying_4525
4527,76,35,15,11,9,2005-05-21 14:00:00,qualifying_4526
4528,76,22,6,2,10,2005-05-21 14:00:00,qualifying_4527
4529,76,13,15,12,11,2005-05-21 14:00:00,qualifying_4528
4530,76,24,9,15,12,2005-05-21 14:00:00,qualifying_4529
4531,76,40,18,20,13,2005-05-21 14:00:00,qualifying_4530
4532,76,27,18,21,14,2005-05-21 14:00:00,qualifying_4531
4533,76,33,17,18,15,2005-05-21 14:00:00,qualifying_4532
4534,76,31,1,10,16,2005-05-21 14:00:00,qualifying_4533
4535,76,39,17,19,17,2005-05-21 14:00:00,qualifying_4534
4536,76,23,7,17,18,2005-05-21 14:00:00,qualifying_4535
4537,841,20,9,1,1,2011-03-26 06:00:00,qualifying_4536
4538,841,1,1,3,2,2011-03-26 06:00:00,qualifying_4537
4539,841,17,9,2,3,2011-03-26 06:00:00,qualifying_4538
4540,841,18,1,4,4,2011-03-26 06:00:00,qualifying_4539
4541,841,4,6,5,5,2011-03-26 06:00:00,qualifying_4540
4542,841,808,4,10,6,2011-03-26 06:00:00,qualifying_4541
4543,841,3,131,8,7,2011-03-26 06:00:00,qualifying_4542
4544,841,13,6,6,8,2011-03-26 06:00:00,qualifying_4543
4545,841,155,15,16,9,2011-03-26 06:00:00,qualifying_4544
4546,841,67,5,18,10,2011-03-26 06:00:00,qualifying_4545
4547,841,30,131,7,11,2011-03-26 06:00:00,qualifying_4546
4548,841,153,5,19,12,2011-03-26 06:00:00,qualifying_4547
4549,841,815,15,17,13,2011-03-26 06:00:00,qualifying_4548
4550,841,814,10,15,14,2011-03-26 06:00:00,qualifying_4549
4551,841,813,3,12,15,2011-03-26 06:00:00,qualifying_4550
4552,841,16,10,14,16,2011-03-26 06:00:00,qualifying_4551
4553,841,22,3,11,17,2011-03-26 06:00:00,qualifying_4552
4554,841,2,4,9,18,2011-03-26 06:00:00,qualifying_4553
4555,841,5,205,20,19,2011-03-26 06:00:00,qualifying_4554
4556,841,15,205,21,20,2011-03-26 06:00:00,qualifying_4555
4557,841,10,166,24,21,2011-03-26 06:00:00,qualifying_4556
4558,841,816,166,25,22,2011-03-26 06:00:00,qualifying_4557
4562,842,20,9,1,1,2011-04-09 08:00:00,qualifying_4558
4560,841,24,164,23,23,2011-03-26 06:00:00,qualifying_4559
4561,841,39,164,22,24,2011-03-26 06:00:00,qualifying_4560
4563,842,1,1,3,2,2011-04-09 08:00:00,qualifying_4561
4564,842,17,9,2,3,2011-04-09 08:00:00,qualifying_4562
4565,842,18,1,4,4,2011-04-09 08:00:00,qualifying_4563
4566,842,4,6,5,5,2011-04-09 08:00:00,qualifying_4564
4567,842,2,4,9,6,2011-04-09 08:00:00,qualifying_4565
4568,842,13,6,6,7,2011-04-09 08:00:00,qualifying_4566
4569,842,808,4,10,8,2011-04-09 08:00:00,qualifying_4567
4570,842,3,131,8,9,2011-04-09 08:00:00,qualifying_4568
4571,842,155,15,16,10,2011-04-09 08:00:00,qualifying_4569
4572,842,30,131,7,11,2011-04-09 08:00:00,qualifying_4570
4573,842,67,5,18,12,2011-04-09 08:00:00,qualifying_4571
4574,842,153,5,19,13,2011-04-09 08:00:00,qualifying_4572
4575,842,814,10,15,14,2011-04-09 08:00:00,qualifying_4573
4576,842,22,3,11,15,2011-04-09 08:00:00,qualifying_4574
4577,842,815,15,17,16,2011-04-09 08:00:00,qualifying_4575
4578,842,16,10,14,17,2011-04-09 08:00:00,qualifying_4576
4579,842,813,3,12,18,2011-04-09 08:00:00,qualifying_4577
4580,842,5,205,20,19,2011-04-09 08:00:00,qualifying_4578
4581,842,15,205,21,20,2011-04-09 08:00:00,qualifying_4579
4582,842,10,166,24,21,2011-04-09 08:00:00,qualifying_4580
4583,842,816,166,25,22,2011-04-09 08:00:00,qualifying_4581
4584,842,24,164,23,23,2011-04-09 08:00:00,qualifying_4582
4585,842,39,164,22,24,2011-04-09 08:00:00,qualifying_4583
4586,843,20,9,1,1,2011-04-16 07:00:00,qualifying_4584
4587,843,18,1,4,2,2011-04-16 07:00:00,qualifying_4585
4588,843,1,1,3,3,2011-04-16 07:00:00,qualifying_4586
4589,843,3,131,8,4,2011-04-16 07:00:00,qualifying_4587
4590,843,4,6,5,5,2011-04-16 07:00:00,qualifying_4588
4591,843,13,6,6,6,2011-04-16 07:00:00,qualifying_4589
4592,843,153,5,19,7,2011-04-16 07:00:00,qualifying_4590
4593,843,814,10,15,8,2011-04-16 07:00:00,qualifying_4591
4594,843,67,5,18,9,2011-04-16 07:00:00,qualifying_4592
4595,843,808,4,10,10,2011-04-16 07:00:00,qualifying_4593
4596,843,16,10,14,11,2011-04-16 07:00:00,qualifying_4594
4597,843,815,15,17,12,2011-04-16 07:00:00,qualifying_4595
4598,843,155,15,16,13,2011-04-16 07:00:00,qualifying_4596
4599,843,30,131,7,14,2011-04-16 07:00:00,qualifying_4597
4600,843,22,3,11,15,2011-04-16 07:00:00,qualifying_4598
4601,843,2,4,9,16,2011-04-16 07:00:00,qualifying_4599
4602,843,813,3,12,17,2011-04-16 07:00:00,qualifying_4600
4603,843,17,9,2,18,2011-04-16 07:00:00,qualifying_4601
4604,843,5,205,20,19,2011-04-16 07:00:00,qualifying_4602
4605,843,15,205,21,20,2011-04-16 07:00:00,qualifying_4603
4606,843,816,166,25,21,2011-04-16 07:00:00,qualifying_4604
4607,843,10,166,24,22,2011-04-16 07:00:00,qualifying_4605
4608,843,24,164,23,23,2011-04-16 07:00:00,qualifying_4606
4609,843,39,164,22,24,2011-04-16 07:00:00,qualifying_4607
4610,844,20,9,1,1,2011-05-07 12:00:00,qualifying_4608
4611,844,17,9,2,2,2011-05-07 12:00:00,qualifying_4609
4612,844,3,131,8,3,2011-05-07 12:00:00,qualifying_4610
4613,844,1,1,3,4,2011-05-07 12:00:00,qualifying_4611
4614,844,4,6,5,5,2011-05-07 12:00:00,qualifying_4612
4615,844,18,1,4,6,2011-05-07 12:00:00,qualifying_4613
4616,844,808,4,10,7,2011-05-07 12:00:00,qualifying_4614
4617,844,30,131,7,8,2011-05-07 12:00:00,qualifying_4615
4618,844,2,4,9,9,2011-05-07 12:00:00,qualifying_4616
4619,844,13,6,6,10,2011-05-07 12:00:00,qualifying_4617
4620,844,22,3,11,11,2011-05-07 12:00:00,qualifying_4618
4621,844,16,10,14,12,2011-05-07 12:00:00,qualifying_4619
4622,844,814,10,15,13,2011-05-07 12:00:00,qualifying_4620
4623,844,813,3,12,14,2011-05-07 12:00:00,qualifying_4621
4624,844,815,15,17,15,2011-05-07 12:00:00,qualifying_4622
4625,844,67,5,18,16,2011-05-07 12:00:00,qualifying_4623
4626,844,153,5,19,17,2011-05-07 12:00:00,qualifying_4624
4627,844,5,205,20,18,2011-05-07 12:00:00,qualifying_4625
4628,844,15,205,21,19,2011-05-07 12:00:00,qualifying_4626
4629,844,816,166,25,20,2011-05-07 12:00:00,qualifying_4627
4630,844,24,164,23,21,2011-05-07 12:00:00,qualifying_4628
4631,844,10,166,24,22,2011-05-07 12:00:00,qualifying_4629
4632,844,39,164,22,23,2011-05-07 12:00:00,qualifying_4630
4633,845,17,9,2,1,2011-05-21 12:00:00,qualifying_4631
4634,845,20,9,1,2,2011-05-21 12:00:00,qualifying_4632
4635,845,1,1,3,3,2011-05-21 12:00:00,qualifying_4633
4636,845,4,6,5,4,2011-05-21 12:00:00,qualifying_4634
4637,845,18,1,4,5,2011-05-21 12:00:00,qualifying_4635
4638,845,808,4,10,6,2011-05-21 12:00:00,qualifying_4636
4639,845,3,131,8,7,2011-05-21 12:00:00,qualifying_4637
4640,845,13,6,6,8,2011-05-21 12:00:00,qualifying_4638
4641,845,813,3,12,9,2011-05-21 12:00:00,qualifying_4639
4642,845,30,131,7,10,2011-05-21 12:00:00,qualifying_4640
4643,845,67,5,18,11,2011-05-21 12:00:00,qualifying_4641
4644,845,815,15,17,12,2011-05-21 12:00:00,qualifying_4642
4645,845,153,5,19,13,2011-05-21 12:00:00,qualifying_4643
4646,845,155,15,16,14,2011-05-21 12:00:00,qualifying_4644
4647,845,5,205,20,15,2011-05-21 12:00:00,qualifying_4645
4648,845,814,10,15,16,2011-05-21 12:00:00,qualifying_4646
4649,845,16,10,14,17,2011-05-21 12:00:00,qualifying_4647
4650,845,15,205,21,18,2011-05-21 12:00:00,qualifying_4648
4651,845,22,3,11,19,2011-05-21 12:00:00,qualifying_4649
4652,845,10,166,24,20,2011-05-21 12:00:00,qualifying_4650
4653,845,24,164,23,21,2011-05-21 12:00:00,qualifying_4651
4654,845,39,164,22,22,2011-05-21 12:00:00,qualifying_4652
4655,845,816,166,25,23,2011-05-21 12:00:00,qualifying_4653
4656,846,20,9,1,1,2011-05-28 12:00:00,qualifying_4654
4657,846,18,1,4,2,2011-05-28 12:00:00,qualifying_4655
4658,846,17,9,2,3,2011-05-28 12:00:00,qualifying_4656
4659,846,4,6,5,4,2011-05-28 12:00:00,qualifying_4657
4660,846,30,131,7,5,2011-05-28 12:00:00,qualifying_4658
4661,846,13,6,6,6,2011-05-28 12:00:00,qualifying_4659
4662,846,1,1,3,7,2011-05-28 12:00:00,qualifying_4660
4663,846,3,131,8,8,2011-05-28 12:00:00,qualifying_4661
4664,846,813,3,12,9,2011-05-28 12:00:00,qualifying_4662
4665,846,815,15,17,10,2011-05-28 12:00:00,qualifying_4663
4666,846,808,4,10,11,2011-05-28 12:00:00,qualifying_4664
4667,846,22,3,11,12,2011-05-28 12:00:00,qualifying_4665
4668,846,155,15,16,13,2011-05-28 12:00:00,qualifying_4666
4669,846,814,10,15,14,2011-05-28 12:00:00,qualifying_4667
4670,846,16,10,14,15,2011-05-28 12:00:00,qualifying_4668
4671,846,2,4,9,16,2011-05-28 12:00:00,qualifying_4669
4672,846,67,5,18,17,2011-05-28 12:00:00,qualifying_4670
4673,846,5,205,20,18,2011-05-28 12:00:00,qualifying_4671
4674,846,15,205,21,19,2011-05-28 12:00:00,qualifying_4672
4675,846,153,5,19,20,2011-05-28 12:00:00,qualifying_4673
4676,846,10,166,24,21,2011-05-28 12:00:00,qualifying_4674
4677,846,816,166,25,22,2011-05-28 12:00:00,qualifying_4675
4678,846,39,164,22,23,2011-05-28 12:00:00,qualifying_4676
4679,846,24,164,23,24,2011-05-28 12:00:00,qualifying_4677
4680,847,20,9,1,1,2011-06-11 17:00:00,qualifying_4678
4681,847,4,6,5,2,2011-06-11 17:00:00,qualifying_4679
4682,847,13,6,6,3,2011-06-11 17:00:00,qualifying_4680
4683,847,17,9,2,4,2011-06-11 17:00:00,qualifying_4681
4684,847,1,1,3,5,2011-06-11 17:00:00,qualifying_4682
4685,847,3,131,8,6,2011-06-11 17:00:00,qualifying_4683
4686,847,18,1,4,7,2011-06-11 17:00:00,qualifying_4684
4687,847,30,131,7,8,2011-06-11 17:00:00,qualifying_4685
4688,847,2,4,9,9,2011-06-11 17:00:00,qualifying_4686
4689,847,808,4,10,10,2011-06-11 17:00:00,qualifying_4687
4690,847,814,10,15,11,2011-06-11 17:00:00,qualifying_4688
4691,847,813,3,12,12,2011-06-11 17:00:00,qualifying_4689
4692,847,155,15,16,13,2011-06-11 17:00:00,qualifying_4690
4693,847,16,10,14,14,2011-06-11 17:00:00,qualifying_4691
4694,847,67,5,18,15,2011-06-11 17:00:00,qualifying_4692
4695,847,22,3,11,16,2011-06-11 17:00:00,qualifying_4693
4696,847,37,15,17,17,2011-06-11 17:00:00,qualifying_4694
4697,847,153,5,19,18,2011-06-11 17:00:00,qualifying_4695
4698,847,15,205,21,19,2011-06-11 17:00:00,qualifying_4696
4699,847,5,205,20,20,2011-06-11 17:00:00,qualifying_4697
4700,847,24,164,23,21,2011-06-11 17:00:00,qualifying_4698
4701,847,10,166,24,22,2011-06-11 17:00:00,qualifying_4699
4702,847,39,164,22,23,2011-06-11 17:00:00,qualifying_4700
4703,847,816,166,25,24,2011-06-11 17:00:00,qualifying_4701
4704,848,20,9,1,1,2011-06-25 12:00:00,qualifying_4702
4705,848,17,9,2,2,2011-06-25 12:00:00,qualifying_4703
4706,848,1,1,3,3,2011-06-25 12:00:00,qualifying_4704
4707,848,4,6,5,4,2011-06-25 12:00:00,qualifying_4705
4708,848,13,6,6,5,2011-06-25 12:00:00,qualifying_4706
4709,848,18,1,4,6,2011-06-25 12:00:00,qualifying_4707
4710,848,3,131,8,7,2011-06-25 12:00:00,qualifying_4708
4711,848,30,131,7,8,2011-06-25 12:00:00,qualifying_4709
4712,848,2,4,9,9,2011-06-25 12:00:00,qualifying_4710
4713,848,16,10,14,10,2011-06-25 12:00:00,qualifying_4711
4714,848,808,4,10,11,2011-06-25 12:00:00,qualifying_4712
4715,848,814,10,15,12,2011-06-25 12:00:00,qualifying_4713
4716,848,22,3,11,13,2011-06-25 12:00:00,qualifying_4714
4717,848,155,15,16,14,2011-06-25 12:00:00,qualifying_4715
4718,848,813,3,12,15,2011-06-25 12:00:00,qualifying_4716
4719,848,815,15,17,16,2011-06-25 12:00:00,qualifying_4717
4720,848,67,5,18,17,2011-06-25 12:00:00,qualifying_4718
4721,848,153,5,19,18,2011-06-25 12:00:00,qualifying_4719
4722,848,5,205,20,19,2011-06-25 12:00:00,qualifying_4720
4723,848,15,205,21,20,2011-06-25 12:00:00,qualifying_4721
4724,848,10,166,24,21,2011-06-25 12:00:00,qualifying_4722
4725,848,24,164,23,22,2011-06-25 12:00:00,qualifying_4723
4726,848,816,166,25,23,2011-06-25 12:00:00,qualifying_4724
4727,848,39,164,22,24,2011-06-25 12:00:00,qualifying_4725
4728,849,17,9,2,1,2011-07-09 12:00:00,qualifying_4726
4729,849,20,9,1,2,2011-07-09 12:00:00,qualifying_4727
4730,849,4,6,5,3,2011-07-09 12:00:00,qualifying_4728
4731,849,13,6,6,4,2011-07-09 12:00:00,qualifying_4729
4732,849,18,1,4,5,2011-07-09 12:00:00,qualifying_4730
4733,849,814,10,15,6,2011-07-09 12:00:00,qualifying_4731
4734,849,813,3,12,7,2011-07-09 12:00:00,qualifying_4732
4735,849,155,15,16,8,2011-07-09 12:00:00,qualifying_4733
4736,849,3,131,8,9,2011-07-09 12:00:00,qualifying_4734
4737,849,1,1,3,10,2011-07-09 12:00:00,qualifying_4735
4738,849,16,10,14,11,2011-07-09 12:00:00,qualifying_4736
4739,849,815,15,17,12,2011-07-09 12:00:00,qualifying_4737
4740,849,30,131,7,13,2011-07-09 12:00:00,qualifying_4738
4741,849,808,4,10,14,2011-07-09 12:00:00,qualifying_4739
4742,849,22,3,11,15,2011-07-09 12:00:00,qualifying_4740
4743,849,2,4,9,16,2011-07-09 12:00:00,qualifying_4741
4744,849,5,205,20,17,2011-07-09 12:00:00,qualifying_4742
4745,849,153,5,19,18,2011-07-09 12:00:00,qualifying_4743
4746,849,67,5,18,19,2011-07-09 12:00:00,qualifying_4744
4747,849,10,166,24,20,2011-07-09 12:00:00,qualifying_4745
4748,849,15,205,21,21,2011-07-09 12:00:00,qualifying_4746
4749,849,816,166,25,22,2011-07-09 12:00:00,qualifying_4747
4750,849,24,164,23,23,2011-07-09 12:00:00,qualifying_4748
4751,849,817,164,22,24,2011-07-09 12:00:00,qualifying_4749
4752,850,17,9,2,1,2011-07-23 12:00:00,qualifying_4750
4753,850,1,1,3,2,2011-07-23 12:00:00,qualifying_4751
4754,850,20,9,1,3,2011-07-23 12:00:00,qualifying_4752
4755,850,4,6,5,4,2011-07-23 12:00:00,qualifying_4753
4756,850,13,6,6,5,2011-07-23 12:00:00,qualifying_4754
4757,850,3,131,8,6,2011-07-23 12:00:00,qualifying_4755
4758,850,18,1,4,7,2011-07-23 12:00:00,qualifying_4756
4759,850,16,10,14,8,2011-07-23 12:00:00,qualifying_4757
4760,850,808,4,10,9,2011-07-23 12:00:00,qualifying_4758
4761,850,30,131,7,10,2011-07-23 12:00:00,qualifying_4759
4762,850,2,4,9,11,2011-07-23 12:00:00,qualifying_4760
4763,850,814,10,15,12,2011-07-23 12:00:00,qualifying_4761
4764,850,813,3,12,13,2011-07-23 12:00:00,qualifying_4762
4765,850,22,3,11,14,2011-07-23 12:00:00,qualifying_4763
4766,850,815,15,17,15,2011-07-23 12:00:00,qualifying_4764
4767,850,67,5,18,16,2011-07-23 12:00:00,qualifying_4765
4768,850,153,5,19,17,2011-07-23 12:00:00,qualifying_4766
4769,850,155,15,16,18,2011-07-23 12:00:00,qualifying_4767
4770,850,5,205,20,19,2011-07-23 12:00:00,qualifying_4768
4771,850,10,166,24,20,2011-07-23 12:00:00,qualifying_4769
4772,850,812,205,21,21,2011-07-23 12:00:00,qualifying_4770
4773,850,816,166,25,22,2011-07-23 12:00:00,qualifying_4771
4774,850,24,164,23,23,2011-07-23 12:00:00,qualifying_4772
4775,850,817,164,22,24,2011-07-23 12:00:00,qualifying_4773
4776,851,20,9,1,1,2011-07-30 12:00:00,qualifying_4774
4777,851,1,1,3,2,2011-07-30 12:00:00,qualifying_4775
4778,851,18,1,4,3,2011-07-30 12:00:00,qualifying_4776
4779,851,13,6,6,4,2011-07-30 12:00:00,qualifying_4777
4780,851,4,6,5,5,2011-07-30 12:00:00,qualifying_4778
4781,851,17,9,2,6,2011-07-30 12:00:00,qualifying_4779
4782,851,3,131,8,7,2011-07-30 12:00:00,qualifying_4780
4783,851,16,10,14,8,2011-07-30 12:00:00,qualifying_4781
4784,851,30,131,7,9,2011-07-30 12:00:00,qualifying_4782
4785,851,815,15,17,10,2011-07-30 12:00:00,qualifying_4783
4786,851,814,10,15,11,2011-07-30 12:00:00,qualifying_4784
4787,851,808,4,10,12,2011-07-30 12:00:00,qualifying_4785
4788,851,155,15,16,13,2011-07-30 12:00:00,qualifying_4786
4789,851,2,4,9,14,2011-07-30 12:00:00,qualifying_4787
4790,851,22,3,11,15,2011-07-30 12:00:00,qualifying_4788
4791,851,153,5,19,16,2011-07-30 12:00:00,qualifying_4789
4792,851,813,3,12,17,2011-07-30 12:00:00,qualifying_4790
4793,851,67,5,18,18,2011-07-30 12:00:00,qualifying_4791
4794,851,5,205,20,19,2011-07-30 12:00:00,qualifying_4792
4795,851,15,205,21,20,2011-07-30 12:00:00,qualifying_4793
4796,851,10,166,24,21,2011-07-30 12:00:00,qualifying_4794
4797,851,24,164,23,22,2011-07-30 12:00:00,qualifying_4795
4798,851,817,164,22,23,2011-07-30 12:00:00,qualifying_4796
4799,851,816,166,25,24,2011-07-30 12:00:00,qualifying_4797
4800,852,20,9,1,1,2011-08-27 12:00:00,qualifying_4798
4801,852,1,1,3,2,2011-08-27 12:00:00,qualifying_4799
4802,852,17,9,2,3,2011-08-27 12:00:00,qualifying_4800
4803,852,13,6,6,4,2011-08-27 12:00:00,qualifying_4801
4804,852,3,131,8,5,2011-08-27 12:00:00,qualifying_4802
4805,852,153,5,19,6,2011-08-27 12:00:00,qualifying_4803
4806,852,811,4,9,7,2011-08-27 12:00:00,qualifying_4804
4807,852,4,6,5,8,2011-08-27 12:00:00,qualifying_4805
4808,852,815,15,17,9,2011-08-27 12:00:00,qualifying_4806
4809,852,808,4,10,10,2011-08-27 12:00:00,qualifying_4807
4810,852,67,5,18,11,2011-08-27 12:00:00,qualifying_4808
4811,852,155,15,16,12,2011-08-27 12:00:00,qualifying_4809
4812,852,18,1,4,13,2011-08-27 12:00:00,qualifying_4810
4813,852,22,3,11,14,2011-08-27 12:00:00,qualifying_4811
4814,852,16,10,14,15,2011-08-27 12:00:00,qualifying_4812
4815,852,813,3,12,16,2011-08-27 12:00:00,qualifying_4813
4816,852,5,205,20,17,2011-08-27 12:00:00,qualifying_4814
4817,852,814,10,15,18,2011-08-27 12:00:00,qualifying_4815
4818,852,15,205,21,19,2011-08-27 12:00:00,qualifying_4816
4819,852,10,166,24,20,2011-08-27 12:00:00,qualifying_4817
4820,852,816,166,25,21,2011-08-27 12:00:00,qualifying_4818
4821,852,24,164,23,22,2011-08-27 12:00:00,qualifying_4819
4822,852,817,164,22,23,2011-08-27 12:00:00,qualifying_4820
4823,854,20,9,1,1,2011-09-24 12:00:00,qualifying_4821
4824,854,17,9,2,2,2011-09-24 12:00:00,qualifying_4822
4825,854,18,1,4,3,2011-09-24 12:00:00,qualifying_4823
4826,854,1,1,3,4,2011-09-24 12:00:00,qualifying_4824
4827,854,4,6,5,5,2011-09-24 12:00:00,qualifying_4825
4828,854,13,6,6,6,2011-09-24 12:00:00,qualifying_4826
4829,854,3,131,8,7,2011-09-24 12:00:00,qualifying_4827
4830,854,30,131,7,8,2011-09-24 12:00:00,qualifying_4828
4831,854,16,10,14,9,2011-09-24 12:00:00,qualifying_4829
4832,854,814,10,15,10,2011-09-24 12:00:00,qualifying_4830
4833,854,815,15,17,11,2011-09-24 12:00:00,qualifying_4831
4834,854,22,3,11,12,2011-09-24 12:00:00,qualifying_4832
4835,854,813,3,12,13,2011-09-24 12:00:00,qualifying_4833
4836,854,67,5,18,14,2011-09-24 12:00:00,qualifying_4834
4837,854,811,4,9,15,2011-09-24 12:00:00,qualifying_4835
4838,854,153,5,19,16,2011-09-24 12:00:00,qualifying_4836
4839,854,155,15,16,17,2011-09-24 12:00:00,qualifying_4837
4840,854,808,4,10,18,2011-09-24 12:00:00,qualifying_4838
4841,854,5,205,20,19,2011-09-24 12:00:00,qualifying_4839
4842,854,15,205,21,20,2011-09-24 12:00:00,qualifying_4840
4843,854,10,166,24,21,2011-09-24 12:00:00,qualifying_4841
4844,854,816,166,25,22,2011-09-24 12:00:00,qualifying_4842
4845,854,817,164,22,23,2011-09-24 12:00:00,qualifying_4843
4846,854,24,164,23,24,2011-09-24 12:00:00,qualifying_4844
4847,855,20,9,1,1,2011-10-08 06:00:00,qualifying_4845
4848,855,18,1,4,2,2011-10-08 06:00:00,qualifying_4846
4849,855,1,1,3,3,2011-10-08 06:00:00,qualifying_4847
4850,855,13,6,6,4,2011-10-08 06:00:00,qualifying_4848
4851,855,4,6,5,5,2011-10-08 06:00:00,qualifying_4849
4852,855,17,9,2,6,2011-10-08 06:00:00,qualifying_4850
4853,855,155,15,16,10,2011-10-08 06:00:00,qualifying_4851
4854,855,30,131,7,7,2011-10-08 06:00:00,qualifying_4852
4855,855,811,4,9,8,2011-10-08 06:00:00,qualifying_4853
4856,855,808,4,10,9,2011-10-08 06:00:00,qualifying_4854
4857,855,16,10,14,11,2011-10-08 06:00:00,qualifying_4855
4858,855,814,10,15,12,2011-10-08 06:00:00,qualifying_4856
4859,855,22,3,11,13,2011-10-08 06:00:00,qualifying_4857
4860,855,813,3,12,14,2011-10-08 06:00:00,qualifying_4858
4861,855,67,5,18,15,2011-10-08 06:00:00,qualifying_4859
4862,855,153,5,19,16,2011-10-08 06:00:00,qualifying_4860
4863,855,815,15,17,17,2011-10-08 06:00:00,qualifying_4861
4864,855,5,205,20,18,2011-10-08 06:00:00,qualifying_4862
4865,855,15,205,21,19,2011-10-08 06:00:00,qualifying_4863
4866,855,816,166,25,20,2011-10-08 06:00:00,qualifying_4864
4867,855,10,166,24,21,2011-10-08 06:00:00,qualifying_4865
4868,855,817,164,22,22,2011-10-08 06:00:00,qualifying_4866
4869,855,3,131,8,23,2011-10-08 06:00:00,qualifying_4867
4870,855,24,164,23,24,2011-10-08 06:00:00,qualifying_4868
4871,856,1,1,3,1,2011-10-15 06:00:00,qualifying_4869
4872,856,20,9,1,2,2011-10-15 06:00:00,qualifying_4870
4873,856,18,1,4,3,2011-10-15 06:00:00,qualifying_4871
4874,856,17,9,2,4,2011-10-15 06:00:00,qualifying_4872
4875,856,13,6,6,5,2011-10-15 06:00:00,qualifying_4873
4876,856,4,6,5,6,2011-10-15 06:00:00,qualifying_4874
4877,856,3,131,8,7,2011-10-15 06:00:00,qualifying_4875
4878,856,808,4,10,8,2011-10-15 06:00:00,qualifying_4876
4879,856,814,10,15,9,2011-10-15 06:00:00,qualifying_4877
4880,856,16,10,14,10,2011-10-15 06:00:00,qualifying_4878
4881,856,153,5,19,11,2011-10-15 06:00:00,qualifying_4879
4882,856,30,131,7,12,2011-10-15 06:00:00,qualifying_4880
4883,856,67,5,18,13,2011-10-15 06:00:00,qualifying_4881
4884,856,155,15,16,14,2011-10-15 06:00:00,qualifying_4882
4885,856,811,4,9,15,2011-10-15 06:00:00,qualifying_4883
4886,856,813,3,12,16,2011-10-15 06:00:00,qualifying_4884
4887,856,815,15,17,17,2011-10-15 06:00:00,qualifying_4885
4888,856,22,3,11,18,2011-10-15 06:00:00,qualifying_4886
4889,856,5,205,20,19,2011-10-15 06:00:00,qualifying_4887
4890,856,15,205,21,20,2011-10-15 06:00:00,qualifying_4888
4891,856,10,166,24,21,2011-10-15 06:00:00,qualifying_4889
4892,856,816,166,25,22,2011-10-15 06:00:00,qualifying_4890
4893,856,24,164,23,23,2011-10-15 06:00:00,qualifying_4891
4894,856,817,164,22,24,2011-10-15 06:00:00,qualifying_4892
4895,857,20,9,1,1,2011-10-29 09:30:00,qualifying_4893
4896,857,1,1,3,2,2011-10-29 09:30:00,qualifying_4894
4897,857,17,9,2,3,2011-10-29 09:30:00,qualifying_4895
4898,857,4,6,5,4,2011-10-29 09:30:00,qualifying_4896
4899,857,18,1,4,5,2011-10-29 09:30:00,qualifying_4897
4900,857,13,6,6,6,2011-10-29 09:30:00,qualifying_4898
4901,857,3,131,8,7,2011-10-29 09:30:00,qualifying_4899
4902,857,16,10,14,8,2011-10-29 09:30:00,qualifying_4900
4903,857,67,5,18,9,2011-10-29 09:30:00,qualifying_4901
4904,857,153,5,19,10,2011-10-29 09:30:00,qualifying_4902
4905,857,808,4,10,11,2011-10-29 09:30:00,qualifying_4903
4906,857,30,131,7,12,2011-10-29 09:30:00,qualifying_4904
4907,857,814,10,15,13,2011-10-29 09:30:00,qualifying_4905
4908,857,813,3,12,14,2011-10-29 09:30:00,qualifying_4906
4909,857,811,4,9,15,2011-10-29 09:30:00,qualifying_4907
4910,857,22,3,11,16,2011-10-29 09:30:00,qualifying_4908
4911,857,815,15,17,17,2011-10-29 09:30:00,qualifying_4909
4912,857,155,15,16,18,2011-10-29 09:30:00,qualifying_4910
4913,857,5,205,20,19,2011-10-29 09:30:00,qualifying_4911
4914,857,15,205,21,20,2011-10-29 09:30:00,qualifying_4912
4915,857,817,164,23,21,2011-10-29 09:30:00,qualifying_4913
4916,857,39,164,22,22,2011-10-29 09:30:00,qualifying_4914
4917,857,816,166,25,23,2011-10-29 09:30:00,qualifying_4915
4918,857,10,166,24,24,2011-10-29 09:30:00,qualifying_4916
4919,858,20,9,1,1,2011-11-12 13:00:00,qualifying_4917
4920,858,1,1,3,2,2011-11-12 13:00:00,qualifying_4918
4921,858,18,1,4,3,2011-11-12 13:00:00,qualifying_4919
4922,858,17,9,2,4,2011-11-12 13:00:00,qualifying_4920
4923,858,4,6,5,5,2011-11-12 13:00:00,qualifying_4921
4924,858,13,6,6,6,2011-11-12 13:00:00,qualifying_4922
4925,858,3,131,8,7,2011-11-12 13:00:00,qualifying_4923
4926,858,30,131,7,8,2011-11-12 13:00:00,qualifying_4924
4927,858,16,10,14,9,2011-11-12 13:00:00,qualifying_4925
4928,858,814,10,15,10,2011-11-12 13:00:00,qualifying_4926
4929,858,815,15,17,11,2011-11-12 13:00:00,qualifying_4927
4930,858,808,4,10,12,2011-11-12 13:00:00,qualifying_4928
4931,858,67,5,18,13,2011-11-12 13:00:00,qualifying_4929
4932,858,811,4,9,14,2011-11-12 13:00:00,qualifying_4930
4933,858,153,5,19,15,2011-11-12 13:00:00,qualifying_4931
4934,858,155,15,16,16,2011-11-12 13:00:00,qualifying_4932
4935,858,813,3,12,17,2011-11-12 13:00:00,qualifying_4933
4936,858,5,205,20,18,2011-11-12 13:00:00,qualifying_4934
4937,858,15,205,21,19,2011-11-12 13:00:00,qualifying_4935
4938,858,10,166,24,20,2011-11-12 13:00:00,qualifying_4936
4939,858,817,164,22,21,2011-11-12 13:00:00,qualifying_4937
4940,858,816,166,25,22,2011-11-12 13:00:00,qualifying_4938
4941,858,24,164,23,23,2011-11-12 13:00:00,qualifying_4939
4942,859,20,9,1,1,2011-11-26 16:00:00,qualifying_4940
4943,859,17,9,2,2,2011-11-26 16:00:00,qualifying_4941
4944,859,18,1,4,3,2011-11-26 16:00:00,qualifying_4942
4945,859,1,1,3,4,2011-11-26 16:00:00,qualifying_4943
4946,859,4,6,5,5,2011-11-26 16:00:00,qualifying_4944
4947,859,3,131,8,6,2011-11-26 16:00:00,qualifying_4945
4948,859,13,6,6,7,2011-11-26 16:00:00,qualifying_4946
4949,859,16,10,14,8,2011-11-26 16:00:00,qualifying_4947
4950,859,811,4,9,9,2011-11-26 16:00:00,qualifying_4948
4951,859,30,131,7,10,2011-11-26 16:00:00,qualifying_4949
4952,859,814,10,15,11,2011-11-26 16:00:00,qualifying_4950
4953,859,22,3,11,12,2011-11-26 16:00:00,qualifying_4951
4954,859,153,5,19,13,2011-11-26 16:00:00,qualifying_4952
4955,859,67,5,18,14,2011-11-26 16:00:00,qualifying_4953
4956,859,808,4,10,15,2011-11-26 16:00:00,qualifying_4954
4957,859,155,15,16,16,2011-11-26 16:00:00,qualifying_4955
4958,859,815,15,17,17,2011-11-26 16:00:00,qualifying_4956
4959,859,813,3,12,18,2011-11-26 16:00:00,qualifying_4957
4960,859,5,205,20,19,2011-11-26 16:00:00,qualifying_4958
4961,859,15,205,21,20,2011-11-26 16:00:00,qualifying_4959
4962,859,24,164,23,21,2011-11-26 16:00:00,qualifying_4960
4963,859,817,164,22,22,2011-11-26 16:00:00,qualifying_4961
4964,859,816,166,25,23,2011-11-26 16:00:00,qualifying_4962
4965,859,10,166,24,24,2011-11-26 16:00:00,qualifying_4963
4966,860,1,1,4,1,2012-03-17 06:00:00,qualifying_4964
4967,860,18,1,3,2,2012-03-17 06:00:00,qualifying_4965
4968,860,154,208,10,3,2012-03-17 06:00:00,qualifying_4966
4969,860,30,131,7,4,2012-03-17 06:00:00,qualifying_4967
4970,860,17,9,2,5,2012-03-17 06:00:00,qualifying_4968
4971,860,20,9,1,6,2012-03-17 06:00:00,qualifying_4969
4972,860,3,131,8,7,2012-03-17 06:00:00,qualifying_4970
4973,860,813,3,18,8,2012-03-17 06:00:00,qualifying_4971
4974,860,807,10,12,9,2012-03-17 06:00:00,qualifying_4972
4975,860,817,5,16,10,2012-03-17 06:00:00,qualifying_4973
4976,860,818,5,17,11,2012-03-17 06:00:00,qualifying_4974
4977,860,4,6,5,12,2012-03-17 06:00:00,qualifying_4975
4978,860,155,15,14,13,2012-03-17 06:00:00,qualifying_4976
4979,860,811,3,19,14,2012-03-17 06:00:00,qualifying_4977
4980,860,814,10,11,15,2012-03-17 06:00:00,qualifying_4978
4981,860,13,6,6,16,2012-03-17 06:00:00,qualifying_4979
4982,860,815,15,15,17,2012-03-17 06:00:00,qualifying_4980
4983,860,8,208,9,18,2012-03-17 06:00:00,qualifying_4981
4984,860,5,207,20,19,2012-03-17 06:00:00,qualifying_4982
4985,860,808,207,21,20,2012-03-17 06:00:00,qualifying_4983
4986,860,10,206,24,21,2012-03-17 06:00:00,qualifying_4984
4987,860,819,206,25,22,2012-03-17 06:00:00,qualifying_4985
4988,860,37,164,22,23,2012-03-17 06:00:00,qualifying_4986
4989,860,39,164,23,24,2012-03-17 06:00:00,qualifying_4987
4990,861,1,1,4,1,2012-03-24 08:00:00,qualifying_4988
4991,861,18,1,3,2,2012-03-24 08:00:00,qualifying_4989
4992,861,30,131,7,3,2012-03-24 08:00:00,qualifying_4990
4993,861,17,9,2,4,2012-03-24 08:00:00,qualifying_4991
4994,861,8,208,9,5,2012-03-24 08:00:00,qualifying_4992
4995,861,20,9,1,6,2012-03-24 08:00:00,qualifying_4993
4996,861,154,208,10,7,2012-03-24 08:00:00,qualifying_4994
4997,861,3,131,8,8,2012-03-24 08:00:00,qualifying_4995
4998,861,4,6,5,9,2012-03-24 08:00:00,qualifying_4996
4999,861,815,15,15,10,2012-03-24 08:00:00,qualifying_4997
5000,861,813,3,18,11,2012-03-24 08:00:00,qualifying_4998
5001,861,13,6,6,12,2012-03-24 08:00:00,qualifying_4999
5002,861,811,3,19,13,2012-03-24 08:00:00,qualifying_5000
5003,861,814,10,11,14,2012-03-24 08:00:00,qualifying_5001
5004,861,817,5,16,15,2012-03-24 08:00:00,qualifying_5002
5005,861,807,10,12,16,2012-03-24 08:00:00,qualifying_5003
5006,861,155,15,14,17,2012-03-24 08:00:00,qualifying_5004
5007,861,818,5,17,18,2012-03-24 08:00:00,qualifying_5005
5008,861,5,207,20,19,2012-03-24 08:00:00,qualifying_5006
5009,861,808,207,21,20,2012-03-24 08:00:00,qualifying_5007
5010,861,10,206,24,21,2012-03-24 08:00:00,qualifying_5008
5011,861,819,206,25,22,2012-03-24 08:00:00,qualifying_5009
5012,861,37,164,22,23,2012-03-24 08:00:00,qualifying_5010
5013,861,39,164,23,24,2012-03-24 08:00:00,qualifying_5011
5014,862,3,131,8,1,2012-04-14 07:00:00,qualifying_5012
5015,862,1,1,4,2,2012-04-14 07:00:00,qualifying_5013
5016,862,30,131,7,3,2012-04-14 07:00:00,qualifying_5014
5017,862,155,15,14,4,2012-04-14 07:00:00,qualifying_5015
5018,862,8,208,9,5,2012-04-14 07:00:00,qualifying_5016
5019,862,18,1,3,6,2012-04-14 07:00:00,qualifying_5017
5020,862,17,9,2,7,2012-04-14 07:00:00,qualifying_5018
5021,862,815,15,15,8,2012-04-14 07:00:00,qualifying_5019
5022,862,4,6,5,9,2012-04-14 07:00:00,qualifying_5020
5023,862,154,208,10,10,2012-04-14 07:00:00,qualifying_5021
5024,862,20,9,1,11,2012-04-14 07:00:00,qualifying_5022
5025,862,13,6,6,12,2012-04-14 07:00:00,qualifying_5023
5026,862,813,3,18,13,2012-04-14 07:00:00,qualifying_5024
5027,862,811,3,19,14,2012-04-14 07:00:00,qualifying_5025
5028,862,814,10,11,15,2012-04-14 07:00:00,qualifying_5026
5029,862,807,10,12,16,2012-04-14 07:00:00,qualifying_5027
5030,862,817,5,16,17,2012-04-14 07:00:00,qualifying_5028
5031,862,818,5,17,18,2012-04-14 07:00:00,qualifying_5029
5032,862,5,207,20,19,2012-04-14 07:00:00,qualifying_5030
5033,862,808,207,21,20,2012-04-14 07:00:00,qualifying_5031
5034,862,10,206,24,21,2012-04-14 07:00:00,qualifying_5032
5035,862,819,206,25,22,2012-04-14 07:00:00,qualifying_5033
5036,862,37,164,22,23,2012-04-14 07:00:00,qualifying_5034
5037,862,39,164,23,24,2012-04-14 07:00:00,qualifying_5035
5038,863,20,9,1,1,2012-04-21 12:00:00,qualifying_5036
5039,863,1,1,4,2,2012-04-21 12:00:00,qualifying_5037
5040,863,17,9,2,3,2012-04-21 12:00:00,qualifying_5038
5041,863,18,1,3,4,2012-04-21 12:00:00,qualifying_5039
5042,863,3,131,8,5,2012-04-21 12:00:00,qualifying_5040
5043,863,817,5,16,6,2012-04-21 12:00:00,qualifying_5041
5044,863,154,208,10,7,2012-04-21 12:00:00,qualifying_5042
5045,863,815,15,15,8,2012-04-21 12:00:00,qualifying_5043
5046,863,4,6,5,9,2012-04-21 12:00:00,qualifying_5044
5047,863,814,10,11,10,2012-04-21 12:00:00,qualifying_5045
5048,863,8,208,9,11,2012-04-21 12:00:00,qualifying_5046
5049,863,155,15,14,12,2012-04-21 12:00:00,qualifying_5047
5050,863,807,10,12,13,2012-04-21 12:00:00,qualifying_5048
5051,863,13,6,6,14,2012-04-21 12:00:00,qualifying_5049
5052,863,811,3,19,15,2012-04-21 12:00:00,qualifying_5050
5053,863,5,207,20,16,2012-04-21 12:00:00,qualifying_5051
5054,863,813,3,18,17,2012-04-21 12:00:00,qualifying_5052
5055,863,30,131,7,18,2012-04-21 12:00:00,qualifying_5053
5056,863,818,5,17,19,2012-04-21 12:00:00,qualifying_5054
5057,863,808,207,21,20,2012-04-21 12:00:00,qualifying_5055
5058,863,819,206,25,21,2012-04-21 12:00:00,qualifying_5056
5059,863,37,164,22,22,2012-04-21 12:00:00,qualifying_5057
5060,863,10,206,24,23,2012-04-21 12:00:00,qualifying_5058
5061,863,39,164,23,24,2012-04-21 12:00:00,qualifying_5059
5062,864,1,1,4,1,2012-05-12 12:00:00,qualifying_5060
5063,864,813,3,18,2,2012-05-12 12:00:00,qualifying_5061
5064,864,4,6,5,3,2012-05-12 12:00:00,qualifying_5062
5065,864,154,208,10,4,2012-05-12 12:00:00,qualifying_5063
5066,864,8,208,9,5,2012-05-12 12:00:00,qualifying_5064
5067,864,815,15,15,6,2012-05-12 12:00:00,qualifying_5065
5068,864,3,131,8,7,2012-05-12 12:00:00,qualifying_5066
5069,864,20,9,1,8,2012-05-12 12:00:00,qualifying_5067
5070,864,30,131,7,9,2012-05-12 12:00:00,qualifying_5068
5071,864,155,15,14,10,2012-05-12 12:00:00,qualifying_5069
5072,864,18,1,3,11,2012-05-12 12:00:00,qualifying_5070
5073,864,17,9,2,12,2012-05-12 12:00:00,qualifying_5071
5074,864,814,10,11,13,2012-05-12 12:00:00,qualifying_5072
5075,864,807,10,12,14,2012-05-12 12:00:00,qualifying_5073
5076,864,818,5,17,15,2012-05-12 12:00:00,qualifying_5074
5077,864,817,5,16,16,2012-05-12 12:00:00,qualifying_5075
5078,864,13,6,6,17,2012-05-12 12:00:00,qualifying_5076
5079,864,811,3,19,18,2012-05-12 12:00:00,qualifying_5077
5080,864,808,207,21,19,2012-05-12 12:00:00,qualifying_5078
5081,864,5,207,20,20,2012-05-12 12:00:00,qualifying_5079
5082,864,819,206,25,21,2012-05-12 12:00:00,qualifying_5080
5083,864,10,206,24,22,2012-05-12 12:00:00,qualifying_5081
5084,864,37,164,22,23,2012-05-12 12:00:00,qualifying_5082
5085,864,39,164,23,24,2012-05-12 12:00:00,qualifying_5083
5086,865,30,131,7,1,2012-05-26 12:00:00,qualifying_5084
5087,865,17,9,2,2,2012-05-26 12:00:00,qualifying_5085
5088,865,3,131,8,3,2012-05-26 12:00:00,qualifying_5086
5089,865,1,1,4,4,2012-05-26 12:00:00,qualifying_5087
5090,865,154,208,10,5,2012-05-26 12:00:00,qualifying_5088
5091,865,4,6,5,6,2012-05-26 12:00:00,qualifying_5089
5092,865,13,6,6,7,2012-05-26 12:00:00,qualifying_5090
5093,865,8,208,9,8,2012-05-26 12:00:00,qualifying_5091
5094,865,813,3,18,9,2012-05-26 12:00:00,qualifying_5092
5095,865,20,9,1,10,2012-05-26 12:00:00,qualifying_5093
5096,865,807,10,12,11,2012-05-26 12:00:00,qualifying_5094
5097,865,155,15,14,12,2012-05-26 12:00:00,qualifying_5095
5098,865,18,1,3,13,2012-05-26 12:00:00,qualifying_5096
5099,865,811,3,19,14,2012-05-26 12:00:00,qualifying_5097
5100,865,814,10,11,15,2012-05-26 12:00:00,qualifying_5098
5101,865,817,5,16,16,2012-05-26 12:00:00,qualifying_5099
5102,865,818,5,17,17,2012-05-26 12:00:00,qualifying_5100
5103,865,5,207,20,18,2012-05-26 12:00:00,qualifying_5101
5104,865,808,207,21,19,2012-05-26 12:00:00,qualifying_5102
5105,865,10,206,24,20,2012-05-26 12:00:00,qualifying_5103
5106,865,37,164,22,21,2012-05-26 12:00:00,qualifying_5104
5107,865,819,206,25,22,2012-05-26 12:00:00,qualifying_5105
5108,865,39,164,23,23,2012-05-26 12:00:00,qualifying_5106
5109,866,20,9,1,1,2012-06-09 18:00:00,qualifying_5107
5110,866,1,1,4,2,2012-06-09 18:00:00,qualifying_5108
5111,866,4,6,5,3,2012-06-09 18:00:00,qualifying_5109
5112,866,17,9,2,4,2012-06-09 18:00:00,qualifying_5110
5113,866,3,131,8,5,2012-06-09 18:00:00,qualifying_5111
5114,866,13,6,6,6,2012-06-09 18:00:00,qualifying_5112
5115,866,154,208,10,7,2012-06-09 18:00:00,qualifying_5113
5116,866,814,10,11,8,2012-06-09 18:00:00,qualifying_5114
5117,866,30,131,7,9,2012-06-09 18:00:00,qualifying_5115
5118,866,18,1,3,10,2012-06-09 18:00:00,qualifying_5116
5119,866,155,15,14,11,2012-06-09 18:00:00,qualifying_5117
5120,866,8,208,9,12,2012-06-09 18:00:00,qualifying_5118
5121,866,807,10,12,13,2012-06-09 18:00:00,qualifying_5119
5122,866,817,5,16,14,2012-06-09 18:00:00,qualifying_5120
5123,866,815,15,15,15,2012-06-09 18:00:00,qualifying_5121
5124,866,811,3,19,16,2012-06-09 18:00:00,qualifying_5122
5125,866,813,3,18,17,2012-06-09 18:00:00,qualifying_5123
5126,866,5,207,20,18,2012-06-09 18:00:00,qualifying_5124
5127,866,808,207,21,19,2012-06-09 18:00:00,qualifying_5125
5128,866,818,5,17,20,2012-06-09 18:00:00,qualifying_5126
5129,866,37,164,22,21,2012-06-09 18:00:00,qualifying_5127
5130,866,10,206,24,22,2012-06-09 18:00:00,qualifying_5128
5131,866,819,206,25,23,2012-06-09 18:00:00,qualifying_5129
5132,866,39,164,23,24,2012-06-09 18:00:00,qualifying_5130
5133,867,20,9,1,1,2012-06-23 12:00:00,qualifying_5131
5134,867,1,1,4,2,2012-06-23 12:00:00,qualifying_5132
5135,867,813,3,18,3,2012-06-23 12:00:00,qualifying_5133
5136,867,154,208,10,4,2012-06-23 12:00:00,qualifying_5134
5137,867,8,208,9,5,2012-06-23 12:00:00,qualifying_5135
5138,867,3,131,8,6,2012-06-23 12:00:00,qualifying_5136
5139,867,155,15,14,7,2012-06-23 12:00:00,qualifying_5137
5140,867,807,10,12,8,2012-06-23 12:00:00,qualifying_5138
5141,867,18,1,3,9,2012-06-23 12:00:00,qualifying_5139
5142,867,814,10,11,10,2012-06-23 12:00:00,qualifying_5140
5143,867,4,6,5,11,2012-06-23 12:00:00,qualifying_5141
5144,867,30,131,7,12,2012-06-23 12:00:00,qualifying_5142
5145,867,13,6,6,13,2012-06-23 12:00:00,qualifying_5143
5146,867,811,3,19,14,2012-06-23 12:00:00,qualifying_5144
5147,867,815,15,15,15,2012-06-23 12:00:00,qualifying_5145
5148,867,5,207,20,16,2012-06-23 12:00:00,qualifying_5146
5149,867,817,5,16,17,2012-06-23 12:00:00,qualifying_5147
5150,867,818,5,17,18,2012-06-23 12:00:00,qualifying_5148
5151,867,17,9,2,19,2012-06-23 12:00:00,qualifying_5149
5152,867,808,207,21,20,2012-06-23 12:00:00,qualifying_5150
5153,867,37,164,22,21,2012-06-23 12:00:00,qualifying_5151
5154,867,39,164,23,22,2012-06-23 12:00:00,qualifying_5152
5155,867,819,206,25,23,2012-06-23 12:00:00,qualifying_5153
5156,868,4,6,5,1,2012-07-07 12:00:00,qualifying_5154
5157,868,17,9,2,2,2012-07-07 12:00:00,qualifying_5155
5158,868,30,131,7,3,2012-07-07 12:00:00,qualifying_5156
5159,868,20,9,1,4,2012-07-07 12:00:00,qualifying_5157
5160,868,13,6,6,5,2012-07-07 12:00:00,qualifying_5158
5161,868,8,208,9,6,2012-07-07 12:00:00,qualifying_5159
5162,868,813,3,18,7,2012-07-07 12:00:00,qualifying_5160
5163,868,1,1,4,8,2012-07-07 12:00:00,qualifying_5161
5164,868,807,10,12,9,2012-07-07 12:00:00,qualifying_5162
5165,868,154,208,10,10,2012-07-07 12:00:00,qualifying_5163
5166,868,814,10,11,11,2012-07-07 12:00:00,qualifying_5164
5167,868,155,15,14,12,2012-07-07 12:00:00,qualifying_5165
5168,868,3,131,8,13,2012-07-07 12:00:00,qualifying_5166
5169,868,817,5,16,14,2012-07-07 12:00:00,qualifying_5167
5170,868,811,3,19,15,2012-07-07 12:00:00,qualifying_5168
5171,868,818,5,17,16,2012-07-07 12:00:00,qualifying_5169
5172,868,815,15,15,17,2012-07-07 12:00:00,qualifying_5170
5173,868,18,1,3,18,2012-07-07 12:00:00,qualifying_5171
5174,868,808,207,21,19,2012-07-07 12:00:00,qualifying_5172
5175,868,5,207,20,20,2012-07-07 12:00:00,qualifying_5173
5176,868,10,206,24,21,2012-07-07 12:00:00,qualifying_5174
5177,868,37,164,22,22,2012-07-07 12:00:00,qualifying_5175
5178,868,39,164,23,23,2012-07-07 12:00:00,qualifying_5176
5179,868,819,206,25,24,2012-07-07 12:00:00,qualifying_5177
5180,869,4,6,5,1,2012-07-21 12:00:00,qualifying_5178
5181,869,20,9,1,2,2012-07-21 12:00:00,qualifying_5179
5182,869,17,9,2,3,2012-07-21 12:00:00,qualifying_5180
5183,869,30,131,7,4,2012-07-21 12:00:00,qualifying_5181
5184,869,807,10,12,5,2012-07-21 12:00:00,qualifying_5182
5185,869,813,3,18,6,2012-07-21 12:00:00,qualifying_5183
5186,869,18,1,3,7,2012-07-21 12:00:00,qualifying_5184
5187,869,1,1,4,8,2012-07-21 12:00:00,qualifying_5185
5188,869,814,10,11,9,2012-07-21 12:00:00,qualifying_5186
5189,869,8,208,9,10,2012-07-21 12:00:00,qualifying_5187
5190,869,817,5,16,11,2012-07-21 12:00:00,qualifying_5188
5191,869,815,15,15,12,2012-07-21 12:00:00,qualifying_5189
5192,869,155,15,14,13,2012-07-21 12:00:00,qualifying_5190
5193,869,13,6,6,14,2012-07-21 12:00:00,qualifying_5191
5194,869,154,208,10,15,2012-07-21 12:00:00,qualifying_5192
5195,869,811,3,19,16,2012-07-21 12:00:00,qualifying_5193
5196,869,3,131,8,17,2012-07-21 12:00:00,qualifying_5194
5197,869,818,5,17,18,2012-07-21 12:00:00,qualifying_5195
5198,869,5,207,20,19,2012-07-21 12:00:00,qualifying_5196
5199,869,808,207,21,20,2012-07-21 12:00:00,qualifying_5197
5200,869,819,206,25,21,2012-07-21 12:00:00,qualifying_5198
5201,869,10,206,24,22,2012-07-21 12:00:00,qualifying_5199
5202,869,37,164,22,23,2012-07-21 12:00:00,qualifying_5200
5203,869,39,164,23,24,2012-07-21 12:00:00,qualifying_5201
5204,870,1,1,4,1,2012-07-28 12:00:00,qualifying_5202
5205,870,154,208,10,2,2012-07-28 12:00:00,qualifying_5203
5206,870,20,9,1,3,2012-07-28 12:00:00,qualifying_5204
5207,870,18,1,3,4,2012-07-28 12:00:00,qualifying_5205
5208,870,8,208,9,5,2012-07-28 12:00:00,qualifying_5206
5209,870,4,6,5,6,2012-07-28 12:00:00,qualifying_5207
5210,870,13,6,6,7,2012-07-28 12:00:00,qualifying_5208
5211,870,813,3,18,8,2012-07-28 12:00:00,qualifying_5209
5212,870,811,3,19,9,2012-07-28 12:00:00,qualifying_5210
5213,870,807,10,12,10,2012-07-28 12:00:00,qualifying_5211
5214,870,17,9,2,11,2012-07-28 12:00:00,qualifying_5212
5215,870,814,10,11,12,2012-07-28 12:00:00,qualifying_5213
5216,870,3,131,8,13,2012-07-28 12:00:00,qualifying_5214
5217,870,815,15,15,14,2012-07-28 12:00:00,qualifying_5215
5218,870,155,15,14,15,2012-07-28 12:00:00,qualifying_5216
5219,870,818,5,17,16,2012-07-28 12:00:00,qualifying_5217
5220,870,30,131,7,17,2012-07-28 12:00:00,qualifying_5218
5221,870,817,5,16,18,2012-07-28 12:00:00,qualifying_5219
5222,870,5,207,20,19,2012-07-28 12:00:00,qualifying_5220
5223,870,808,207,21,20,2012-07-28 12:00:00,qualifying_5221
5224,870,819,206,25,21,2012-07-28 12:00:00,qualifying_5222
5225,870,10,206,24,22,2012-07-28 12:00:00,qualifying_5223
5226,870,37,164,22,23,2012-07-28 12:00:00,qualifying_5224
5227,870,39,164,23,24,2012-07-28 12:00:00,qualifying_5225
5228,871,18,1,3,1,2012-09-01 12:00:00,qualifying_5226
5229,871,155,15,14,2,2012-09-01 12:00:00,qualifying_5227
5230,871,813,3,18,3,2012-09-01 12:00:00,qualifying_5228
5231,871,8,208,9,4,2012-09-01 12:00:00,qualifying_5229
5232,871,815,15,15,5,2012-09-01 12:00:00,qualifying_5230
5233,871,4,6,5,6,2012-09-01 12:00:00,qualifying_5231
5234,871,17,9,2,7,2012-09-01 12:00:00,qualifying_5232
5235,871,1,1,4,8,2012-09-01 12:00:00,qualifying_5233
5236,871,154,208,10,9,2012-09-01 12:00:00,qualifying_5234
5237,871,814,10,11,10,2012-09-01 12:00:00,qualifying_5235
5238,871,20,9,1,11,2012-09-01 12:00:00,qualifying_5236
5239,871,807,10,12,12,2012-09-01 12:00:00,qualifying_5237
5240,871,30,131,7,13,2012-09-01 12:00:00,qualifying_5238
5241,871,13,6,6,14,2012-09-01 12:00:00,qualifying_5239
5242,871,818,5,17,15,2012-09-01 12:00:00,qualifying_5240
5243,871,817,5,16,16,2012-09-01 12:00:00,qualifying_5241
5244,871,811,3,19,17,2012-09-01 12:00:00,qualifying_5242
5245,871,3,131,8,18,2012-09-01 12:00:00,qualifying_5243
5246,871,5,207,20,19,2012-09-01 12:00:00,qualifying_5244
5247,871,808,207,21,20,2012-09-01 12:00:00,qualifying_5245
5248,871,10,206,24,21,2012-09-01 12:00:00,qualifying_5246
5249,871,37,164,22,22,2012-09-01 12:00:00,qualifying_5247
5250,871,819,206,25,23,2012-09-01 12:00:00,qualifying_5248
5251,871,39,164,23,24,2012-09-01 12:00:00,qualifying_5249
5252,872,1,1,4,1,2012-09-08 12:00:00,qualifying_5250
5253,872,18,1,3,2,2012-09-08 12:00:00,qualifying_5251
5254,872,13,6,6,3,2012-09-08 12:00:00,qualifying_5252
5255,872,814,10,11,4,2012-09-08 12:00:00,qualifying_5253
5256,872,30,131,7,5,2012-09-08 12:00:00,qualifying_5254
5257,872,20,9,1,6,2012-09-08 12:00:00,qualifying_5255
5258,872,3,131,8,7,2012-09-08 12:00:00,qualifying_5256
5259,872,8,208,9,8,2012-09-08 12:00:00,qualifying_5257
5260,872,155,15,14,9,2012-09-08 12:00:00,qualifying_5258
5261,872,4,6,5,10,2012-09-08 12:00:00,qualifying_5259
5262,872,17,9,2,11,2012-09-08 12:00:00,qualifying_5260
5263,872,813,3,18,12,2012-09-08 12:00:00,qualifying_5261
5264,872,815,15,15,13,2012-09-08 12:00:00,qualifying_5262
5265,872,811,3,19,14,2012-09-08 12:00:00,qualifying_5263
5266,872,817,5,16,15,2012-09-08 12:00:00,qualifying_5264
5267,872,816,208,10,16,2012-09-08 12:00:00,qualifying_5265
5268,872,818,5,17,17,2012-09-08 12:00:00,qualifying_5266
5269,872,5,207,20,18,2012-09-08 12:00:00,qualifying_5267
5270,872,808,207,21,19,2012-09-08 12:00:00,qualifying_5268
5271,872,10,206,24,20,2012-09-08 12:00:00,qualifying_5269
5272,872,819,206,25,21,2012-09-08 12:00:00,qualifying_5270
5273,872,39,164,23,22,2012-09-08 12:00:00,qualifying_5271
5274,872,37,164,22,23,2012-09-08 12:00:00,qualifying_5272
5275,873,1,1,4,1,2012-09-22 12:00:00,qualifying_5273
5276,873,813,3,18,2,2012-09-22 12:00:00,qualifying_5274
5277,873,20,9,1,3,2012-09-22 12:00:00,qualifying_5275
5278,873,18,1,3,4,2012-09-22 12:00:00,qualifying_5276
5279,873,4,6,5,5,2012-09-22 12:00:00,qualifying_5277
5280,873,814,10,11,6,2012-09-22 12:00:00,qualifying_5278
5281,873,17,9,2,7,2012-09-22 12:00:00,qualifying_5279
5282,873,154,208,10,8,2012-09-22 12:00:00,qualifying_5280
5283,873,30,131,7,9,2012-09-22 12:00:00,qualifying_5281
5284,873,3,131,8,10,2012-09-22 12:00:00,qualifying_5282
5285,873,807,10,12,11,2012-09-22 12:00:00,qualifying_5283
5286,873,8,208,9,12,2012-09-22 12:00:00,qualifying_5284
5287,873,13,6,6,13,2012-09-22 12:00:00,qualifying_5285
5288,873,815,15,15,14,2012-09-22 12:00:00,qualifying_5286
5289,873,817,5,16,15,2012-09-22 12:00:00,qualifying_5287
5290,873,818,5,17,16,2012-09-22 12:00:00,qualifying_5288
5291,873,811,3,19,17,2012-09-22 12:00:00,qualifying_5289
5292,873,155,15,14,18,2012-09-22 12:00:00,qualifying_5290
5293,873,808,207,21,19,2012-09-22 12:00:00,qualifying_5291
5294,873,5,207,20,20,2012-09-22 12:00:00,qualifying_5292
5295,873,10,206,24,21,2012-09-22 12:00:00,qualifying_5293
5296,873,819,206,25,22,2012-09-22 12:00:00,qualifying_5294
5297,873,39,164,23,23,2012-09-22 12:00:00,qualifying_5295
5298,873,37,164,22,24,2012-09-22 12:00:00,qualifying_5296
5299,874,20,9,1,1,2012-10-06 06:00:00,qualifying_5297
5300,874,17,9,2,2,2012-10-06 06:00:00,qualifying_5298
5301,874,18,1,3,3,2012-10-06 06:00:00,qualifying_5299
5302,874,155,15,14,4,2012-10-06 06:00:00,qualifying_5300
5303,874,154,208,10,5,2012-10-06 06:00:00,qualifying_5301
5304,874,815,15,15,6,2012-10-06 06:00:00,qualifying_5302
5305,874,4,6,5,7,2012-10-06 06:00:00,qualifying_5303
5306,874,8,208,9,8,2012-10-06 06:00:00,qualifying_5304
5307,874,1,1,4,9,2012-10-06 06:00:00,qualifying_5305
5308,874,807,10,12,10,2012-10-06 06:00:00,qualifying_5306
5309,874,13,6,6,11,2012-10-06 06:00:00,qualifying_5307
5310,874,814,10,11,12,2012-10-06 06:00:00,qualifying_5308
5311,874,30,131,7,13,2012-10-06 06:00:00,qualifying_5309
5312,874,813,3,18,14,2012-10-06 06:00:00,qualifying_5310
5313,874,3,131,8,15,2012-10-06 06:00:00,qualifying_5311
5314,874,817,5,16,16,2012-10-06 06:00:00,qualifying_5312
5315,874,818,5,17,17,2012-10-06 06:00:00,qualifying_5313
5316,874,811,3,19,18,2012-10-06 06:00:00,qualifying_5314
5317,874,5,207,20,19,2012-10-06 06:00:00,qualifying_5315
5318,874,10,206,24,20,2012-10-06 06:00:00,qualifying_5316
5319,874,37,164,22,21,2012-10-06 06:00:00,qualifying_5317
5320,874,819,206,25,22,2012-10-06 06:00:00,qualifying_5318
5321,874,808,207,21,23,2012-10-06 06:00:00,qualifying_5319
5322,874,39,164,23,24,2012-10-06 06:00:00,qualifying_5320
5323,875,17,9,2,1,2012-10-13 06:00:00,qualifying_5321
5324,875,20,9,1,2,2012-10-13 06:00:00,qualifying_5322
5325,875,1,1,4,3,2012-10-13 06:00:00,qualifying_5323
5326,875,4,6,5,4,2012-10-13 06:00:00,qualifying_5324
5327,875,8,208,9,5,2012-10-13 06:00:00,qualifying_5325
5328,875,13,6,6,6,2012-10-13 06:00:00,qualifying_5326
5329,875,154,208,10,7,2012-10-13 06:00:00,qualifying_5327
5330,875,807,10,12,8,2012-10-13 06:00:00,qualifying_5328
5331,875,3,131,8,9,2012-10-13 06:00:00,qualifying_5329
5332,875,30,131,7,10,2012-10-13 06:00:00,qualifying_5330
5333,875,18,1,3,11,2012-10-13 06:00:00,qualifying_5331
5334,875,815,15,15,12,2012-10-13 06:00:00,qualifying_5332
5335,875,155,15,14,13,2012-10-13 06:00:00,qualifying_5333
5336,875,814,10,11,14,2012-10-13 06:00:00,qualifying_5334
5337,875,813,3,18,15,2012-10-13 06:00:00,qualifying_5335
5338,875,817,5,16,16,2012-10-13 06:00:00,qualifying_5336
5339,875,818,5,17,17,2012-10-13 06:00:00,qualifying_5337
5340,875,811,3,19,18,2012-10-13 06:00:00,qualifying_5338
5341,875,808,207,21,19,2012-10-13 06:00:00,qualifying_5339
5342,875,5,207,20,20,2012-10-13 06:00:00,qualifying_5340
5343,875,819,206,25,21,2012-10-13 06:00:00,qualifying_5341
5344,875,10,206,24,22,2012-10-13 06:00:00,qualifying_5342
5345,875,37,164,22,23,2012-10-13 06:00:00,qualifying_5343
5346,876,20,9,1,1,2012-10-27 09:30:00,qualifying_5344
5347,876,17,9,2,2,2012-10-27 09:30:00,qualifying_5345
5348,876,1,1,4,3,2012-10-27 09:30:00,qualifying_5346
5349,876,18,1,3,4,2012-10-27 09:30:00,qualifying_5347
5350,876,4,6,5,5,2012-10-27 09:30:00,qualifying_5348
5351,876,13,6,6,6,2012-10-27 09:30:00,qualifying_5349
5352,876,8,208,9,7,2012-10-27 09:30:00,qualifying_5350
5353,876,815,15,15,8,2012-10-27 09:30:00,qualifying_5351
5354,876,813,3,18,9,2012-10-27 09:30:00,qualifying_5352
5355,876,3,131,8,10,2012-10-27 09:30:00,qualifying_5353
5356,876,154,208,10,11,2012-10-27 09:30:00,qualifying_5354
5357,876,807,10,12,12,2012-10-27 09:30:00,qualifying_5355
5358,876,811,3,19,13,2012-10-27 09:30:00,qualifying_5356
5359,876,30,131,7,14,2012-10-27 09:30:00,qualifying_5357
5360,876,817,5,16,15,2012-10-27 09:30:00,qualifying_5358
5361,876,814,10,11,16,2012-10-27 09:30:00,qualifying_5359
5362,876,155,15,14,17,2012-10-27 09:30:00,qualifying_5360
5363,876,818,5,17,18,2012-10-27 09:30:00,qualifying_5361
5364,876,808,207,21,19,2012-10-27 09:30:00,qualifying_5362
5365,876,5,207,20,20,2012-10-27 09:30:00,qualifying_5363
5366,876,10,206,24,21,2012-10-27 09:30:00,qualifying_5364
5367,876,37,164,22,22,2012-10-27 09:30:00,qualifying_5365
5368,876,39,164,23,23,2012-10-27 09:30:00,qualifying_5366
5369,876,819,206,25,24,2012-10-27 09:30:00,qualifying_5367
5370,877,1,1,4,1,2012-11-03 13:00:00,qualifying_5368
5371,877,17,9,2,2,2012-11-03 13:00:00,qualifying_5369
5372,877,20,9,1,3,2012-11-03 13:00:00,qualifying_5370
5373,877,813,3,18,4,2012-11-03 13:00:00,qualifying_5371
5374,877,8,208,9,5,2012-11-03 13:00:00,qualifying_5372
5375,877,18,1,3,6,2012-11-03 13:00:00,qualifying_5373
5376,877,4,6,5,7,2012-11-03 13:00:00,qualifying_5374
5377,877,3,131,8,8,2012-11-03 13:00:00,qualifying_5375
5378,877,13,6,6,9,2012-11-03 13:00:00,qualifying_5376
5379,877,154,208,10,10,2012-11-03 13:00:00,qualifying_5377
5380,877,807,10,12,11,2012-11-03 13:00:00,qualifying_5378
5381,877,815,15,15,12,2012-11-03 13:00:00,qualifying_5379
5382,877,814,10,11,13,2012-11-03 13:00:00,qualifying_5380
5383,877,30,131,7,14,2012-11-03 13:00:00,qualifying_5381
5384,877,811,3,19,15,2012-11-03 13:00:00,qualifying_5382
5385,877,155,15,14,16,2012-11-03 13:00:00,qualifying_5383
5386,877,817,5,16,17,2012-11-03 13:00:00,qualifying_5384
5387,877,818,5,17,18,2012-11-03 13:00:00,qualifying_5385
5388,877,5,207,20,19,2012-11-03 13:00:00,qualifying_5386
5389,877,819,206,25,20,2012-11-03 13:00:00,qualifying_5387
5390,877,808,207,21,21,2012-11-03 13:00:00,qualifying_5388
5391,877,10,206,24,22,2012-11-03 13:00:00,qualifying_5389
5392,877,37,164,22,23,2012-11-03 13:00:00,qualifying_5390
5393,877,39,164,23,24,2012-11-03 13:00:00,qualifying_5391
5394,878,20,9,1,1,2012-11-17 19:00:00,qualifying_5392
5395,878,1,1,4,2,2012-11-17 19:00:00,qualifying_5393
5396,878,17,9,2,3,2012-11-17 19:00:00,qualifying_5394
5397,878,154,208,10,4,2012-11-17 19:00:00,qualifying_5395
5398,878,8,208,9,5,2012-11-17 19:00:00,qualifying_5396
5399,878,30,131,7,6,2012-11-17 19:00:00,qualifying_5397
5400,878,13,6,6,7,2012-11-17 19:00:00,qualifying_5398
5401,878,807,10,12,8,2012-11-17 19:00:00,qualifying_5399
5402,878,4,6,5,9,2012-11-17 19:00:00,qualifying_5400
5403,878,813,3,18,10,2012-11-17 19:00:00,qualifying_5401
5404,878,811,3,19,11,2012-11-17 19:00:00,qualifying_5402
5405,878,18,1,3,12,2012-11-17 19:00:00,qualifying_5403
5406,878,814,10,11,13,2012-11-17 19:00:00,qualifying_5404
5407,878,818,5,17,14,2012-11-17 19:00:00,qualifying_5405
5408,878,815,15,15,15,2012-11-17 19:00:00,qualifying_5406
5409,878,155,15,14,16,2012-11-17 19:00:00,qualifying_5407
5410,878,3,131,8,17,2012-11-17 19:00:00,qualifying_5408
5411,878,817,5,16,18,2012-11-17 19:00:00,qualifying_5409
5412,878,10,206,24,19,2012-11-17 19:00:00,qualifying_5410
5413,878,819,206,25,20,2012-11-17 19:00:00,qualifying_5411
5414,878,808,207,21,21,2012-11-17 19:00:00,qualifying_5412
5415,878,5,207,20,22,2012-11-17 19:00:00,qualifying_5413
5416,878,37,164,22,23,2012-11-17 19:00:00,qualifying_5414
5417,878,39,164,23,24,2012-11-17 19:00:00,qualifying_5415
5418,879,1,1,4,1,2012-11-24 16:00:00,qualifying_5416
5419,879,18,1,3,2,2012-11-24 16:00:00,qualifying_5417
5420,879,17,9,2,3,2012-11-24 16:00:00,qualifying_5418
5421,879,20,9,1,4,2012-11-24 16:00:00,qualifying_5419
5422,879,13,6,6,5,2012-11-24 16:00:00,qualifying_5420
5423,879,813,3,18,6,2012-11-24 16:00:00,qualifying_5421
5424,879,807,10,12,7,2012-11-24 16:00:00,qualifying_5422
5425,879,4,6,5,8,2012-11-24 16:00:00,qualifying_5423
5426,879,8,208,9,9,2012-11-24 16:00:00,qualifying_5424
5427,879,3,131,8,10,2012-11-24 16:00:00,qualifying_5425
5428,879,814,10,11,11,2012-11-24 16:00:00,qualifying_5426
5429,879,811,3,19,12,2012-11-24 16:00:00,qualifying_5427
5430,879,815,15,15,13,2012-11-24 16:00:00,qualifying_5428
5431,879,30,131,7,14,2012-11-24 16:00:00,qualifying_5429
5432,879,155,15,14,15,2012-11-24 16:00:00,qualifying_5430
5433,879,817,5,16,16,2012-11-24 16:00:00,qualifying_5431
5434,879,818,5,17,17,2012-11-24 16:00:00,qualifying_5432
5435,879,154,208,10,18,2012-11-24 16:00:00,qualifying_5433
5436,879,808,207,21,19,2012-11-24 16:00:00,qualifying_5434
5437,879,5,207,20,20,2012-11-24 16:00:00,qualifying_5435
5438,879,10,206,24,21,2012-11-24 16:00:00,qualifying_5436
5439,879,819,206,25,22,2012-11-24 16:00:00,qualifying_5437
5440,879,39,164,23,23,2012-11-24 16:00:00,qualifying_5438
5441,879,37,164,22,24,2012-11-24 16:00:00,qualifying_5439
5442,880,20,9,1,1,2013-03-16 06:00:00,qualifying_5440
5443,880,17,9,2,2,2013-03-16 06:00:00,qualifying_5441
5444,880,1,131,10,3,2013-03-16 06:00:00,qualifying_5442
5445,880,13,6,4,4,2013-03-16 06:00:00,qualifying_5443
5446,880,4,6,3,5,2013-03-16 06:00:00,qualifying_5444
5447,880,3,131,9,6,2013-03-16 06:00:00,qualifying_5445
5448,880,8,208,7,7,2013-03-16 06:00:00,qualifying_5446
5449,880,154,208,8,8,2013-03-16 06:00:00,qualifying_5447
5450,880,814,10,14,9,2013-03-16 06:00:00,qualifying_5448
5451,880,18,1,5,10,2013-03-16 06:00:00,qualifying_5449
5452,880,807,15,11,11,2013-03-16 06:00:00,qualifying_5450
5453,880,16,10,15,12,2013-03-16 06:00:00,qualifying_5451
5454,880,818,5,18,13,2013-03-16 06:00:00,qualifying_5452
5455,880,817,5,19,14,2013-03-16 06:00:00,qualifying_5453
5456,880,815,1,6,15,2013-03-16 06:00:00,qualifying_5454
5457,880,822,3,17,16,2013-03-16 06:00:00,qualifying_5455
5458,880,813,3,16,17,2013-03-16 06:00:00,qualifying_5456
5459,880,821,15,12,18,2013-03-16 06:00:00,qualifying_5457
5460,880,824,206,22,19,2013-03-16 06:00:00,qualifying_5458
5461,880,820,206,23,20,2013-03-16 06:00:00,qualifying_5459
5462,880,823,207,21,21,2013-03-16 06:00:00,qualifying_5460
5463,880,819,207,20,22,2013-03-16 06:00:00,qualifying_5461
5464,881,20,9,1,1,2013-03-23 08:00:00,qualifying_5462
5465,881,13,6,4,2,2013-03-23 08:00:00,qualifying_5463
5466,881,4,6,3,3,2013-03-23 08:00:00,qualifying_5464
5467,881,1,131,10,4,2013-03-23 08:00:00,qualifying_5465
5468,881,17,9,2,5,2013-03-23 08:00:00,qualifying_5466
5469,881,3,131,9,6,2013-03-23 08:00:00,qualifying_5467
5470,881,8,208,7,7,2013-03-23 08:00:00,qualifying_5468
5471,881,18,1,5,8,2013-03-23 08:00:00,qualifying_5469
5472,881,16,10,15,9,2013-03-23 08:00:00,qualifying_5470
5473,881,815,1,6,10,2013-03-23 08:00:00,qualifying_5471
5474,881,154,208,8,11,2013-03-23 08:00:00,qualifying_5472
5475,881,807,15,11,12,2013-03-23 08:00:00,qualifying_5473
5476,881,817,5,19,13,2013-03-23 08:00:00,qualifying_5474
5477,881,821,15,12,14,2013-03-23 08:00:00,qualifying_5475
5478,881,814,10,14,15,2013-03-23 08:00:00,qualifying_5476
5479,881,813,3,16,16,2013-03-23 08:00:00,qualifying_5477
5480,881,818,5,18,17,2013-03-23 08:00:00,qualifying_5478
5481,881,822,3,17,18,2013-03-23 08:00:00,qualifying_5479
5482,881,824,206,22,19,2013-03-23 08:00:00,qualifying_5480
5483,881,819,207,20,20,2013-03-23 08:00:00,qualifying_5481
5484,881,820,206,23,21,2013-03-23 08:00:00,qualifying_5482
5485,881,823,207,21,22,2013-03-23 08:00:00,qualifying_5483
5486,882,1,131,10,1,2013-04-13 07:00:00,qualifying_5484
5487,882,8,208,7,2,2013-04-13 07:00:00,qualifying_5485
5488,882,4,6,3,3,2013-04-13 07:00:00,qualifying_5486
5489,882,3,131,9,4,2013-04-13 07:00:00,qualifying_5487
5490,882,13,6,4,5,2013-04-13 07:00:00,qualifying_5488
5491,882,154,208,8,6,2013-04-13 07:00:00,qualifying_5489
5492,882,817,5,19,7,2013-04-13 07:00:00,qualifying_5490
5493,882,18,1,5,8,2013-04-13 07:00:00,qualifying_5491
5494,882,20,9,1,9,2013-04-13 07:00:00,qualifying_5492
5495,882,807,15,11,10,2013-04-13 07:00:00,qualifying_5493
5496,882,814,10,14,11,2013-04-13 07:00:00,qualifying_5494
5497,882,815,1,6,12,2013-04-13 07:00:00,qualifying_5495
5498,882,16,10,15,13,2013-04-13 07:00:00,qualifying_5496
5499,882,17,9,2,14,2013-04-13 07:00:00,qualifying_5497
5500,882,813,3,16,15,2013-04-13 07:00:00,qualifying_5498
5501,882,818,5,18,16,2013-04-13 07:00:00,qualifying_5499
5502,882,822,3,17,17,2013-04-13 07:00:00,qualifying_5500
5503,882,821,15,12,18,2013-04-13 07:00:00,qualifying_5501
5504,882,824,206,22,19,2013-04-13 07:00:00,qualifying_5502
5505,882,820,206,23,20,2013-04-13 07:00:00,qualifying_5503
5506,882,819,207,20,21,2013-04-13 07:00:00,qualifying_5504
5507,882,823,207,21,22,2013-04-13 07:00:00,qualifying_5505
5508,883,3,131,9,1,2013-04-20 12:00:00,qualifying_5506
5509,883,20,9,1,2,2013-04-20 12:00:00,qualifying_5507
5510,883,4,6,3,3,2013-04-20 12:00:00,qualifying_5508
5511,883,1,131,10,4,2013-04-20 12:00:00,qualifying_5509
5512,883,17,9,2,5,2013-04-20 12:00:00,qualifying_5510
5513,883,13,6,4,6,2013-04-20 12:00:00,qualifying_5511
5514,883,814,10,14,7,2013-04-20 12:00:00,qualifying_5512
5515,883,16,10,15,8,2013-04-20 12:00:00,qualifying_5513
5516,883,8,208,7,9,2013-04-20 12:00:00,qualifying_5514
5517,883,18,1,5,10,2013-04-20 12:00:00,qualifying_5515
5518,883,154,208,8,11,2013-04-20 12:00:00,qualifying_5516
5519,883,815,1,6,12,2013-04-20 12:00:00,qualifying_5517
5520,883,817,5,19,13,2013-04-20 12:00:00,qualifying_5518
5521,883,807,15,11,14,2013-04-20 12:00:00,qualifying_5519
5522,883,822,3,17,15,2013-04-20 12:00:00,qualifying_5520
5523,883,818,5,18,16,2013-04-20 12:00:00,qualifying_5521
5524,883,813,3,16,17,2013-04-20 12:00:00,qualifying_5522
5525,883,821,15,12,18,2013-04-20 12:00:00,qualifying_5523
5526,883,819,207,20,19,2013-04-20 12:00:00,qualifying_5524
5527,883,824,206,22,20,2013-04-20 12:00:00,qualifying_5525
5528,883,823,207,21,21,2013-04-20 12:00:00,qualifying_5526
5529,883,820,206,23,22,2013-04-20 12:00:00,qualifying_5527
5530,884,3,131,9,1,2013-05-11 12:00:00,qualifying_5528
5531,884,1,131,10,2,2013-05-11 12:00:00,qualifying_5529
5532,884,20,9,1,3,2013-05-11 12:00:00,qualifying_5530
5533,884,8,208,7,4,2013-05-11 12:00:00,qualifying_5531
5534,884,4,6,3,5,2013-05-11 12:00:00,qualifying_5532
5535,884,13,6,4,6,2013-05-11 12:00:00,qualifying_5533
5536,884,154,208,8,7,2013-05-11 12:00:00,qualifying_5534
5537,884,17,9,2,8,2013-05-11 12:00:00,qualifying_5535
5538,884,815,1,6,9,2013-05-11 12:00:00,qualifying_5536
5539,884,814,10,14,10,2013-05-11 12:00:00,qualifying_5537
5540,884,817,5,19,11,2013-05-11 12:00:00,qualifying_5538
5541,884,818,5,18,12,2013-05-11 12:00:00,qualifying_5539
5542,884,16,10,15,13,2013-05-11 12:00:00,qualifying_5540
5543,884,18,1,5,14,2013-05-11 12:00:00,qualifying_5541
5544,884,807,15,11,15,2013-05-11 12:00:00,qualifying_5542
5545,884,821,15,12,16,2013-05-11 12:00:00,qualifying_5543
5546,884,822,3,17,17,2013-05-11 12:00:00,qualifying_5544
5547,884,813,3,16,18,2013-05-11 12:00:00,qualifying_5545
5548,884,823,207,21,19,2013-05-11 12:00:00,qualifying_5546
5549,884,824,206,22,20,2013-05-11 12:00:00,qualifying_5547
5550,884,820,206,23,21,2013-05-11 12:00:00,qualifying_5548
5551,884,819,207,20,22,2013-05-11 12:00:00,qualifying_5549
5552,885,3,131,9,1,2013-05-25 12:00:00,qualifying_5550
5553,885,1,131,10,2,2013-05-25 12:00:00,qualifying_5551
5554,885,20,9,1,3,2013-05-25 12:00:00,qualifying_5552
5555,885,17,9,2,4,2013-05-25 12:00:00,qualifying_5553
5556,885,8,208,7,5,2013-05-25 12:00:00,qualifying_5554
5557,885,4,6,3,6,2013-05-25 12:00:00,qualifying_5555
5558,885,815,1,6,7,2013-05-25 12:00:00,qualifying_5556
5559,885,16,10,15,8,2013-05-25 12:00:00,qualifying_5557
5560,885,18,1,5,9,2013-05-25 12:00:00,qualifying_5558
5561,885,818,5,18,10,2013-05-25 12:00:00,qualifying_5559
5562,885,807,15,11,11,2013-05-25 12:00:00,qualifying_5560
5563,885,817,5,19,12,2013-05-25 12:00:00,qualifying_5561
5564,885,154,208,8,13,2013-05-25 12:00:00,qualifying_5562
5565,885,822,3,17,14,2013-05-25 12:00:00,qualifying_5563
5566,885,823,207,21,15,2013-05-25 12:00:00,qualifying_5564
5567,885,813,3,16,16,2013-05-25 12:00:00,qualifying_5565
5568,885,814,10,14,17,2013-05-25 12:00:00,qualifying_5566
5569,885,819,207,20,18,2013-05-25 12:00:00,qualifying_5567
5570,885,821,15,12,19,2013-05-25 12:00:00,qualifying_5568
5571,885,820,206,23,20,2013-05-25 12:00:00,qualifying_5569
5572,885,824,206,22,21,2013-05-25 12:00:00,qualifying_5570
5573,885,13,6,4,22,2013-05-25 12:00:00,qualifying_5571
5574,886,20,9,1,1,2013-06-08 18:00:00,qualifying_5572
5575,886,1,131,10,2,2013-06-08 18:00:00,qualifying_5573
5576,886,822,3,17,3,2013-06-08 18:00:00,qualifying_5574
5577,886,3,131,9,4,2013-06-08 18:00:00,qualifying_5575
5578,886,17,9,2,5,2013-06-08 18:00:00,qualifying_5576
5579,886,4,6,3,6,2013-06-08 18:00:00,qualifying_5577
5580,886,818,5,18,7,2013-06-08 18:00:00,qualifying_5578
5581,886,16,10,15,8,2013-06-08 18:00:00,qualifying_5579
5582,886,8,208,7,9,2013-06-08 18:00:00,qualifying_5580
5583,886,817,5,19,10,2013-06-08 18:00:00,qualifying_5581
5584,886,807,15,11,11,2013-06-08 18:00:00,qualifying_5582
5585,886,815,1,6,12,2013-06-08 18:00:00,qualifying_5583
5586,886,813,3,16,13,2013-06-08 18:00:00,qualifying_5584
5587,886,18,1,5,14,2013-06-08 18:00:00,qualifying_5585
5588,886,821,15,12,15,2013-06-08 18:00:00,qualifying_5586
5589,886,13,6,4,16,2013-06-08 18:00:00,qualifying_5587
5590,886,814,10,14,17,2013-06-08 18:00:00,qualifying_5588
5591,886,819,207,20,18,2013-06-08 18:00:00,qualifying_5589
5592,886,154,208,8,19,2013-06-08 18:00:00,qualifying_5590
5593,886,824,206,22,20,2013-06-08 18:00:00,qualifying_5591
5594,886,820,206,23,21,2013-06-08 18:00:00,qualifying_5592
5595,886,823,207,21,22,2013-06-08 18:00:00,qualifying_5593
5596,887,1,131,10,1,2013-06-29 12:00:00,qualifying_5594
5597,887,3,131,9,2,2013-06-29 12:00:00,qualifying_5595
5598,887,20,9,1,3,2013-06-29 12:00:00,qualifying_5596
5599,887,17,9,2,4,2013-06-29 12:00:00,qualifying_5597
5600,887,814,10,14,5,2013-06-29 12:00:00,qualifying_5598
5601,887,817,5,19,6,2013-06-29 12:00:00,qualifying_5599
5602,887,16,10,15,7,2013-06-29 12:00:00,qualifying_5600
5603,887,154,208,8,8,2013-06-29 12:00:00,qualifying_5601
5604,887,8,208,7,9,2013-06-29 12:00:00,qualifying_5602
5605,887,4,6,3,10,2013-06-29 12:00:00,qualifying_5603
5606,887,18,1,5,11,2013-06-29 12:00:00,qualifying_5604
5607,887,13,6,4,12,2013-06-29 12:00:00,qualifying_5605
5608,887,818,5,18,13,2013-06-29 12:00:00,qualifying_5606
5609,887,815,1,6,14,2013-06-29 12:00:00,qualifying_5607
5610,887,807,15,11,15,2013-06-29 12:00:00,qualifying_5608
5611,887,813,3,16,16,2013-06-29 12:00:00,qualifying_5609
5612,887,822,3,17,17,2013-06-29 12:00:00,qualifying_5610
5613,887,821,15,12,18,2013-06-29 12:00:00,qualifying_5611
5614,887,819,207,20,19,2013-06-29 12:00:00,qualifying_5612
5615,887,824,206,22,20,2013-06-29 12:00:00,qualifying_5613
5616,887,823,207,21,21,2013-06-29 12:00:00,qualifying_5614
5617,887,820,206,23,22,2013-06-29 12:00:00,qualifying_5615
5618,888,1,131,10,1,2013-07-06 12:00:00,qualifying_5616
5619,888,20,9,1,2,2013-07-06 12:00:00,qualifying_5617
5620,888,17,9,2,3,2013-07-06 12:00:00,qualifying_5618
5621,888,8,208,7,4,2013-07-06 12:00:00,qualifying_5619
5622,888,154,208,8,5,2013-07-06 12:00:00,qualifying_5620
5623,888,817,5,19,6,2013-07-06 12:00:00,qualifying_5621
5624,888,13,6,4,7,2013-07-06 12:00:00,qualifying_5622
5625,888,4,6,3,8,2013-07-06 12:00:00,qualifying_5623
5626,888,18,1,5,9,2013-07-06 12:00:00,qualifying_5624
5627,888,807,15,11,10,2013-07-06 12:00:00,qualifying_5625
5628,888,3,131,9,11,2013-07-06 12:00:00,qualifying_5626
5629,888,814,10,14,12,2013-07-06 12:00:00,qualifying_5627
5630,888,815,1,6,13,2013-07-06 12:00:00,qualifying_5628
5631,888,821,15,12,14,2013-07-06 12:00:00,qualifying_5629
5632,888,16,10,15,15,2013-07-06 12:00:00,qualifying_5630
5633,888,818,5,18,16,2013-07-06 12:00:00,qualifying_5631
5634,888,822,3,17,17,2013-07-06 12:00:00,qualifying_5632
5635,888,813,3,16,18,2013-07-06 12:00:00,qualifying_5633
5636,888,819,207,20,19,2013-07-06 12:00:00,qualifying_5634
5637,888,824,206,22,20,2013-07-06 12:00:00,qualifying_5635
5638,888,823,207,21,21,2013-07-06 12:00:00,qualifying_5636
5639,888,820,206,23,22,2013-07-06 12:00:00,qualifying_5637
5640,890,1,131,10,1,2013-07-27 12:00:00,qualifying_5638
5641,890,20,9,1,2,2013-07-27 12:00:00,qualifying_5639
5642,890,154,208,8,3,2013-07-27 12:00:00,qualifying_5640
5643,890,3,131,9,4,2013-07-27 12:00:00,qualifying_5641
5644,890,4,6,3,5,2013-07-27 12:00:00,qualifying_5642
5645,890,8,208,7,6,2013-07-27 12:00:00,qualifying_5643
5646,890,13,6,4,7,2013-07-27 12:00:00,qualifying_5644
5647,890,817,5,19,8,2013-07-27 12:00:00,qualifying_5645
5648,890,815,1,6,9,2013-07-27 12:00:00,qualifying_5646
5649,890,17,9,2,10,2013-07-27 12:00:00,qualifying_5647
5650,890,16,10,15,11,2013-07-27 12:00:00,qualifying_5648
5651,890,807,15,11,12,2013-07-27 12:00:00,qualifying_5649
5652,890,18,1,5,13,2013-07-27 12:00:00,qualifying_5650
5653,890,818,5,18,14,2013-07-27 12:00:00,qualifying_5651
5654,890,813,3,16,15,2013-07-27 12:00:00,qualifying_5652
5655,890,822,3,17,16,2013-07-27 12:00:00,qualifying_5653
5656,890,821,15,12,17,2013-07-27 12:00:00,qualifying_5654
5657,890,814,10,14,18,2013-07-27 12:00:00,qualifying_5655
5658,890,819,207,20,19,2013-07-27 12:00:00,qualifying_5656
5659,890,823,207,21,20,2013-07-27 12:00:00,qualifying_5657
5660,890,824,206,22,21,2013-07-27 12:00:00,qualifying_5658
5661,890,820,206,23,22,2013-07-27 12:00:00,qualifying_5659
5662,891,1,131,10,1,2013-08-24 12:00:00,qualifying_5660
5663,891,20,9,1,2,2013-08-24 12:00:00,qualifying_5661
5664,891,17,9,2,3,2013-08-24 12:00:00,qualifying_5662
5665,891,3,131,9,4,2013-08-24 12:00:00,qualifying_5663
5666,891,814,10,14,5,2013-08-24 12:00:00,qualifying_5664
5667,891,18,1,5,6,2013-08-24 12:00:00,qualifying_5665
5668,891,154,208,8,7,2013-08-24 12:00:00,qualifying_5666
5669,891,8,208,7,8,2013-08-24 12:00:00,qualifying_5667
5670,891,4,6,3,9,2013-08-24 12:00:00,qualifying_5668
5671,891,13,6,4,10,2013-08-24 12:00:00,qualifying_5669
5672,891,807,15,11,11,2013-08-24 12:00:00,qualifying_5670
5673,891,16,10,15,12,2013-08-24 12:00:00,qualifying_5671
5674,891,815,1,6,13,2013-08-24 12:00:00,qualifying_5672
5675,891,823,207,21,14,2013-08-24 12:00:00,qualifying_5673
5676,891,824,206,22,15,2013-08-24 12:00:00,qualifying_5674
5677,891,820,206,23,16,2013-08-24 12:00:00,qualifying_5675
5678,891,813,3,16,17,2013-08-24 12:00:00,qualifying_5676
5679,891,818,5,18,18,2013-08-24 12:00:00,qualifying_5677
5680,891,817,5,19,19,2013-08-24 12:00:00,qualifying_5678
5681,891,822,3,17,20,2013-08-24 12:00:00,qualifying_5679
5682,891,821,15,12,21,2013-08-24 12:00:00,qualifying_5680
5683,891,819,207,20,22,2013-08-24 12:00:00,qualifying_5681
5684,892,20,9,1,1,2013-09-07 12:00:00,qualifying_5682
5685,892,17,9,2,2,2013-09-07 12:00:00,qualifying_5683
5686,892,807,15,11,3,2013-09-07 12:00:00,qualifying_5684
5687,892,13,6,4,4,2013-09-07 12:00:00,qualifying_5685
5688,892,4,6,3,5,2013-09-07 12:00:00,qualifying_5686
5689,892,3,131,9,6,2013-09-07 12:00:00,qualifying_5687
5690,892,817,5,19,7,2013-09-07 12:00:00,qualifying_5688
5691,892,815,1,6,8,2013-09-07 12:00:00,qualifying_5689
5692,892,18,1,5,9,2013-09-07 12:00:00,qualifying_5690
5693,892,818,5,18,10,2013-09-07 12:00:00,qualifying_5691
5694,892,8,208,7,11,2013-09-07 12:00:00,qualifying_5692
5695,892,1,131,10,12,2013-09-07 12:00:00,qualifying_5693
5696,892,154,208,8,13,2013-09-07 12:00:00,qualifying_5694
5697,892,16,10,15,14,2013-09-07 12:00:00,qualifying_5695
5698,892,813,3,16,15,2013-09-07 12:00:00,qualifying_5696
5699,892,814,10,14,16,2013-09-07 12:00:00,qualifying_5697
5700,892,821,15,12,17,2013-09-07 12:00:00,qualifying_5698
5701,892,822,3,17,18,2013-09-07 12:00:00,qualifying_5699
5702,892,823,207,21,19,2013-09-07 12:00:00,qualifying_5700
5703,892,819,207,20,20,2013-09-07 12:00:00,qualifying_5701
5704,892,824,206,22,21,2013-09-07 12:00:00,qualifying_5702
5705,892,820,206,23,22,2013-09-07 12:00:00,qualifying_5703
5706,893,20,9,1,1,2013-09-21 12:00:00,qualifying_5704
5707,893,3,131,9,2,2013-09-21 12:00:00,qualifying_5705
5708,893,154,208,8,3,2013-09-21 12:00:00,qualifying_5706
5709,893,17,9,2,4,2013-09-21 12:00:00,qualifying_5707
5710,893,1,131,10,5,2013-09-21 12:00:00,qualifying_5708
5711,893,13,6,4,6,2013-09-21 12:00:00,qualifying_5709
5712,893,4,6,3,7,2013-09-21 12:00:00,qualifying_5710
5713,893,18,1,5,8,2013-09-21 12:00:00,qualifying_5711
5714,893,817,5,19,9,2013-09-21 12:00:00,qualifying_5712
5715,893,821,15,12,10,2013-09-21 12:00:00,qualifying_5713
5716,893,807,15,11,11,2013-09-21 12:00:00,qualifying_5714
5717,893,818,5,18,12,2013-09-21 12:00:00,qualifying_5715
5718,893,8,208,7,13,2013-09-21 12:00:00,qualifying_5716
5719,893,815,1,6,14,2013-09-21 12:00:00,qualifying_5717
5720,893,16,10,15,15,2013-09-21 12:00:00,qualifying_5718
5721,893,822,3,17,16,2013-09-21 12:00:00,qualifying_5719
5722,893,814,10,14,17,2013-09-21 12:00:00,qualifying_5720
5723,893,813,3,16,18,2013-09-21 12:00:00,qualifying_5721
5724,893,819,207,20,19,2013-09-21 12:00:00,qualifying_5722
5725,893,823,207,21,20,2013-09-21 12:00:00,qualifying_5723
5726,893,824,206,22,21,2013-09-21 12:00:00,qualifying_5724
5727,893,820,206,23,22,2013-09-21 12:00:00,qualifying_5725
5728,894,20,9,1,1,2013-10-05 06:00:00,qualifying_5726
5729,894,1,131,10,2,2013-10-05 06:00:00,qualifying_5727
5730,894,17,9,2,3,2013-10-05 06:00:00,qualifying_5728
5731,894,154,208,8,4,2013-10-05 06:00:00,qualifying_5729
5732,894,3,131,9,5,2013-10-05 06:00:00,qualifying_5730
5733,894,4,6,3,6,2013-10-05 06:00:00,qualifying_5731
5734,894,13,6,4,7,2013-10-05 06:00:00,qualifying_5732
5735,894,807,15,11,8,2013-10-05 06:00:00,qualifying_5733
5736,894,821,15,12,9,2013-10-05 06:00:00,qualifying_5734
5737,894,8,208,7,10,2013-10-05 06:00:00,qualifying_5735
5738,894,815,1,6,11,2013-10-05 06:00:00,qualifying_5736
5739,894,18,1,5,12,2013-10-05 06:00:00,qualifying_5737
5740,894,817,5,19,13,2013-10-05 06:00:00,qualifying_5738
5741,894,16,10,15,14,2013-10-05 06:00:00,qualifying_5739
5742,894,814,10,14,15,2013-10-05 06:00:00,qualifying_5740
5743,894,818,5,18,16,2013-10-05 06:00:00,qualifying_5741
5744,894,822,3,17,17,2013-10-05 06:00:00,qualifying_5742
5745,894,813,3,16,18,2013-10-05 06:00:00,qualifying_5743
5746,894,819,207,20,19,2013-10-05 06:00:00,qualifying_5744
5747,894,823,207,21,20,2013-10-05 06:00:00,qualifying_5745
5748,894,824,206,22,21,2013-10-05 06:00:00,qualifying_5746
5749,894,820,206,23,22,2013-10-05 06:00:00,qualifying_5747
5750,895,17,9,2,1,2013-10-12 06:00:00,qualifying_5748
5751,895,20,9,1,2,2013-10-12 06:00:00,qualifying_5749
5752,895,1,131,10,3,2013-10-12 06:00:00,qualifying_5750
5753,895,154,208,8,4,2013-10-12 06:00:00,qualifying_5751
5754,895,13,6,4,5,2013-10-12 06:00:00,qualifying_5752
5755,895,3,131,9,6,2013-10-12 06:00:00,qualifying_5753
5756,895,807,15,11,7,2013-10-12 06:00:00,qualifying_5754
5757,895,4,6,3,8,2013-10-12 06:00:00,qualifying_5755
5758,895,8,208,7,9,2013-10-12 06:00:00,qualifying_5756
5759,895,18,1,5,10,2013-10-12 06:00:00,qualifying_5757
5760,895,815,1,6,11,2013-10-12 06:00:00,qualifying_5758
5761,895,814,10,14,12,2013-10-12 06:00:00,qualifying_5759
5762,895,822,3,17,13,2013-10-12 06:00:00,qualifying_5760
5763,895,821,15,12,14,2013-10-12 06:00:00,qualifying_5761
5764,895,813,3,16,15,2013-10-12 06:00:00,qualifying_5762
5765,895,817,5,19,16,2013-10-12 06:00:00,qualifying_5763
5766,895,16,10,15,17,2013-10-12 06:00:00,qualifying_5764
5767,895,818,5,18,18,2013-10-12 06:00:00,qualifying_5765
5768,895,820,206,23,19,2013-10-12 06:00:00,qualifying_5766
5769,895,819,207,20,20,2013-10-12 06:00:00,qualifying_5767
5770,895,823,207,21,21,2013-10-12 06:00:00,qualifying_5768
5771,895,824,206,22,22,2013-10-12 06:00:00,qualifying_5769
5772,896,20,9,1,1,2013-10-26 09:30:00,qualifying_5770
5773,896,3,131,9,2,2013-10-26 09:30:00,qualifying_5771
5774,896,1,131,10,3,2013-10-26 09:30:00,qualifying_5772
5775,896,17,9,2,4,2013-10-26 09:30:00,qualifying_5773
5776,896,13,6,4,5,2013-10-26 09:30:00,qualifying_5774
5777,896,8,208,7,6,2013-10-26 09:30:00,qualifying_5775
5778,896,807,15,11,7,2013-10-26 09:30:00,qualifying_5776
5779,896,4,6,3,8,2013-10-26 09:30:00,qualifying_5777
5780,896,815,1,6,9,2013-10-26 09:30:00,qualifying_5778
5781,896,18,1,5,10,2013-10-26 09:30:00,qualifying_5779
5782,896,817,5,19,11,2013-10-26 09:30:00,qualifying_5780
5783,896,814,10,14,12,2013-10-26 09:30:00,qualifying_5781
5784,896,16,10,15,13,2013-10-26 09:30:00,qualifying_5782
5785,896,818,5,18,14,2013-10-26 09:30:00,qualifying_5783
5786,896,822,3,17,15,2013-10-26 09:30:00,qualifying_5784
5787,896,821,15,12,16,2013-10-26 09:30:00,qualifying_5785
5788,896,154,208,8,17,2013-10-26 09:30:00,qualifying_5786
5789,896,813,3,16,18,2013-10-26 09:30:00,qualifying_5787
5790,896,824,206,22,19,2013-10-26 09:30:00,qualifying_5788
5791,896,823,207,21,20,2013-10-26 09:30:00,qualifying_5789
5792,896,819,207,20,21,2013-10-26 09:30:00,qualifying_5790
5793,896,820,206,23,22,2013-10-26 09:30:00,qualifying_5791
5794,897,17,9,2,1,2013-11-02 13:00:00,qualifying_5792
5795,897,20,9,1,2,2013-11-02 13:00:00,qualifying_5793
5796,897,3,131,9,3,2013-11-02 13:00:00,qualifying_5794
5797,897,1,131,10,4,2013-11-02 13:00:00,qualifying_5795
5798,897,8,208,7,5,2013-11-02 13:00:00,qualifying_5796
5799,897,807,15,11,6,2013-11-02 13:00:00,qualifying_5797
5800,897,154,208,8,7,2013-11-02 13:00:00,qualifying_5798
5801,897,13,6,4,8,2013-11-02 13:00:00,qualifying_5799
5802,897,815,1,6,9,2013-11-02 13:00:00,qualifying_5800
5803,897,817,5,19,10,2013-11-02 13:00:00,qualifying_5801
5804,897,4,6,3,11,2013-11-02 13:00:00,qualifying_5802
5805,897,814,10,14,12,2013-11-02 13:00:00,qualifying_5803
5806,897,18,1,5,13,2013-11-02 13:00:00,qualifying_5804
5807,897,818,5,18,14,2013-11-02 13:00:00,qualifying_5805
5808,897,813,3,16,15,2013-11-02 13:00:00,qualifying_5806
5809,897,822,3,17,16,2013-11-02 13:00:00,qualifying_5807
5810,897,821,15,12,17,2013-11-02 13:00:00,qualifying_5808
5811,897,16,10,15,18,2013-11-02 13:00:00,qualifying_5809
5812,897,823,207,21,19,2013-11-02 13:00:00,qualifying_5810
5813,897,824,206,22,20,2013-11-02 13:00:00,qualifying_5811
5814,897,819,207,20,21,2013-11-02 13:00:00,qualifying_5812
5815,897,820,206,23,22,2013-11-02 13:00:00,qualifying_5813
5816,898,20,9,1,1,2013-11-16 19:00:00,qualifying_5814
5817,898,17,9,2,2,2013-11-16 19:00:00,qualifying_5815
5818,898,154,208,8,3,2013-11-16 19:00:00,qualifying_5816
5819,898,807,15,11,4,2013-11-16 19:00:00,qualifying_5817
5820,898,1,131,10,5,2013-11-16 19:00:00,qualifying_5818
5821,898,4,6,3,6,2013-11-16 19:00:00,qualifying_5819
5822,898,815,1,6,7,2013-11-16 19:00:00,qualifying_5820
5823,898,5,208,7,8,2013-11-16 19:00:00,qualifying_5821
5824,898,822,3,17,9,2013-11-16 19:00:00,qualifying_5822
5825,898,821,15,12,10,2013-11-16 19:00:00,qualifying_5823
5826,898,817,5,19,11,2013-11-16 19:00:00,qualifying_5824
5827,898,814,10,14,12,2013-11-16 19:00:00,qualifying_5825
5828,898,18,1,5,13,2013-11-16 19:00:00,qualifying_5826
5829,898,3,131,9,14,2013-11-16 19:00:00,qualifying_5827
5830,898,13,6,4,15,2013-11-16 19:00:00,qualifying_5828
5831,898,818,5,18,16,2013-11-16 19:00:00,qualifying_5829
5832,898,16,10,15,17,2013-11-16 19:00:00,qualifying_5830
5833,898,813,3,16,18,2013-11-16 19:00:00,qualifying_5831
5834,898,823,207,21,19,2013-11-16 19:00:00,qualifying_5832
5835,898,824,206,22,20,2013-11-16 19:00:00,qualifying_5833
5836,898,819,207,20,21,2013-11-16 19:00:00,qualifying_5834
5837,898,820,206,23,22,2013-11-16 19:00:00,qualifying_5835
5838,899,20,9,1,1,2013-11-23 16:00:00,qualifying_5836
5839,899,3,131,9,2,2013-11-23 16:00:00,qualifying_5837
5840,899,4,6,3,3,2013-11-23 16:00:00,qualifying_5838
5841,899,17,9,2,4,2013-11-23 16:00:00,qualifying_5839
5842,899,1,131,10,5,2013-11-23 16:00:00,qualifying_5840
5843,899,154,208,8,6,2013-11-23 16:00:00,qualifying_5841
5844,899,817,5,19,7,2013-11-23 16:00:00,qualifying_5842
5845,899,818,5,18,8,2013-11-23 16:00:00,qualifying_5843
5846,899,13,6,4,9,2013-11-23 16:00:00,qualifying_5844
5847,899,807,15,11,10,2013-11-23 16:00:00,qualifying_5845
5848,899,5,208,7,11,2013-11-23 16:00:00,qualifying_5846
5849,899,814,10,14,12,2013-11-23 16:00:00,qualifying_5847
5850,899,822,3,17,13,2013-11-23 16:00:00,qualifying_5848
5851,899,815,1,6,14,2013-11-23 16:00:00,qualifying_5849
5852,899,18,1,5,15,2013-11-23 16:00:00,qualifying_5850
5853,899,16,10,15,16,2013-11-23 16:00:00,qualifying_5851
5854,899,813,3,16,17,2013-11-23 16:00:00,qualifying_5852
5855,899,821,15,12,18,2013-11-23 16:00:00,qualifying_5853
5856,899,819,207,20,19,2013-11-23 16:00:00,qualifying_5854
5857,899,823,207,21,20,2013-11-23 16:00:00,qualifying_5855
5858,899,824,206,22,21,2013-11-23 16:00:00,qualifying_5856
5859,899,820,206,23,22,2013-11-23 16:00:00,qualifying_5857
5860,900,1,131,44,1,2014-03-15 06:00:00,qualifying_5858
5861,900,817,9,3,2,2014-03-15 06:00:00,qualifying_5859
5862,900,3,131,6,3,2014-03-15 06:00:00,qualifying_5860
5863,900,825,1,20,4,2014-03-15 06:00:00,qualifying_5861
5864,900,4,6,14,5,2014-03-15 06:00:00,qualifying_5862
5865,900,818,5,25,6,2014-03-15 06:00:00,qualifying_5863
5866,900,807,10,27,7,2014-03-15 06:00:00,qualifying_5864
5867,900,826,5,26,8,2014-03-15 06:00:00,qualifying_5865
5868,900,13,3,19,9,2014-03-15 06:00:00,qualifying_5866
5869,900,822,3,77,10,2014-03-15 06:00:00,qualifying_5867
5870,900,18,1,22,11,2014-03-15 06:00:00,qualifying_5868
5871,900,8,6,7,12,2014-03-15 06:00:00,qualifying_5869
5872,900,20,9,1,13,2014-03-15 06:00:00,qualifying_5870
5873,900,16,15,99,14,2014-03-15 06:00:00,qualifying_5871
5874,900,155,207,10,15,2014-03-15 06:00:00,qualifying_5872
5875,900,815,10,11,16,2014-03-15 06:00:00,qualifying_5873
5876,900,820,206,4,17,2014-03-15 06:00:00,qualifying_5874
5877,900,824,206,17,18,2014-03-15 06:00:00,qualifying_5875
5878,900,821,15,21,19,2014-03-15 06:00:00,qualifying_5876
5879,900,828,207,9,20,2014-03-15 06:00:00,qualifying_5877
5880,900,154,208,8,21,2014-03-15 06:00:00,qualifying_5878
5881,900,813,208,13,22,2014-03-15 06:00:00,qualifying_5879
5882,901,1,131,44,1,2014-03-29 08:00:00,qualifying_5880
5883,901,20,9,1,2,2014-03-29 08:00:00,qualifying_5881
5884,901,3,131,6,3,2014-03-29 08:00:00,qualifying_5882
5885,901,4,6,14,4,2014-03-29 08:00:00,qualifying_5883
5886,901,817,9,3,5,2014-03-29 08:00:00,qualifying_5884
5887,901,8,6,7,6,2014-03-29 08:00:00,qualifying_5885
5888,901,807,10,27,7,2014-03-29 08:00:00,qualifying_5886
5889,901,825,1,20,8,2014-03-29 08:00:00,qualifying_5887
5890,901,818,5,25,9,2014-03-29 08:00:00,qualifying_5888
5891,901,18,1,22,10,2014-03-29 08:00:00,qualifying_5889
5892,901,826,5,26,11,2014-03-29 08:00:00,qualifying_5890
5893,901,821,15,21,12,2014-03-29 08:00:00,qualifying_5891
5894,901,13,3,19,13,2014-03-29 08:00:00,qualifying_5892
5895,901,815,10,11,14,2014-03-29 08:00:00,qualifying_5893
5896,901,822,3,77,15,2014-03-29 08:00:00,qualifying_5894
5897,901,154,208,8,16,2014-03-29 08:00:00,qualifying_5895
5898,901,813,208,13,17,2014-03-29 08:00:00,qualifying_5896
5899,901,16,15,99,18,2014-03-29 08:00:00,qualifying_5897
5900,901,824,206,17,19,2014-03-29 08:00:00,qualifying_5898
5901,901,155,207,10,20,2014-03-29 08:00:00,qualifying_5899
5902,901,820,206,4,21,2014-03-29 08:00:00,qualifying_5900
5903,901,828,207,9,22,2014-03-29 08:00:00,qualifying_5901
5904,902,3,131,6,1,2014-04-05 15:00:00,qualifying_5902
5905,902,1,131,44,2,2014-04-05 15:00:00,qualifying_5903
5906,902,817,9,3,3,2014-04-05 15:00:00,qualifying_5904
5907,902,822,3,77,4,2014-04-05 15:00:00,qualifying_5905
5908,902,815,10,11,5,2014-04-05 15:00:00,qualifying_5906
5909,902,8,6,7,6,2014-04-05 15:00:00,qualifying_5907
5910,902,18,1,22,7,2014-04-05 15:00:00,qualifying_5908
5911,902,13,3,19,8,2014-04-05 15:00:00,qualifying_5909
5912,902,825,1,20,9,2014-04-05 15:00:00,qualifying_5910
5913,902,4,6,14,10,2014-04-05 15:00:00,qualifying_5911
5914,902,20,9,1,11,2014-04-05 15:00:00,qualifying_5912
5915,902,807,10,27,12,2014-04-05 15:00:00,qualifying_5913
5916,902,826,5,26,13,2014-04-05 15:00:00,qualifying_5914
5917,902,818,5,25,14,2014-04-05 15:00:00,qualifying_5915
5918,902,821,15,21,15,2014-04-05 15:00:00,qualifying_5916
5919,902,154,208,8,16,2014-04-05 15:00:00,qualifying_5917
5920,902,813,208,13,17,2014-04-05 15:00:00,qualifying_5918
5921,902,16,15,99,18,2014-04-05 15:00:00,qualifying_5919
5922,902,155,207,10,19,2014-04-05 15:00:00,qualifying_5920
5923,902,824,206,17,20,2014-04-05 15:00:00,qualifying_5921
5924,902,828,207,9,21,2014-04-05 15:00:00,qualifying_5922
5925,902,820,206,4,22,2014-04-05 15:00:00,qualifying_5923
5926,853,20,9,1,1,2011-09-10 12:00:00,qualifying_5924
5927,853,1,1,3,2,2011-09-10 12:00:00,qualifying_5925
5928,853,18,1,4,3,2011-09-10 12:00:00,qualifying_5926
5929,853,4,6,5,4,2011-09-10 12:00:00,qualifying_5927
5930,853,17,9,2,5,2011-09-10 12:00:00,qualifying_5928
5931,853,13,6,6,6,2011-09-10 12:00:00,qualifying_5929
5932,853,808,4,10,7,2011-09-10 12:00:00,qualifying_5930
5933,853,30,131,7,8,2011-09-10 12:00:00,qualifying_5931
5934,853,3,131,8,9,2011-09-10 12:00:00,qualifying_5932
5935,853,811,4,9,10,2011-09-10 12:00:00,qualifying_5933
5936,853,814,10,15,11,2011-09-10 12:00:00,qualifying_5934
5937,853,16,10,14,12,2011-09-10 12:00:00,qualifying_5935
5938,853,22,3,11,13,2011-09-10 12:00:00,qualifying_5936
5939,853,813,3,12,14,2011-09-10 12:00:00,qualifying_5937
5940,853,815,15,17,15,2011-09-10 12:00:00,qualifying_5938
5941,853,67,5,18,16,2011-09-10 12:00:00,qualifying_5939
5942,853,155,15,16,17,2011-09-10 12:00:00,qualifying_5940
5943,853,153,5,19,18,2011-09-10 12:00:00,qualifying_5941
5944,853,15,205,21,19,2011-09-10 12:00:00,qualifying_5942
5945,853,5,205,20,20,2011-09-10 12:00:00,qualifying_5943
5946,853,10,166,24,21,2011-09-10 12:00:00,qualifying_5944
5947,853,816,166,25,22,2011-09-10 12:00:00,qualifying_5945
5948,853,817,164,22,23,2011-09-10 12:00:00,qualifying_5946
5949,853,24,164,23,24,2011-09-10 12:00:00,qualifying_5947
5950,903,1,131,44,1,2014-04-19 07:00:00,qualifying_5948
5951,903,817,9,3,2,2014-04-19 07:00:00,qualifying_5949
5952,903,20,9,1,3,2014-04-19 07:00:00,qualifying_5950
5953,903,3,131,6,4,2014-04-19 07:00:00,qualifying_5951
5954,903,4,6,14,5,2014-04-19 07:00:00,qualifying_5952
5955,903,13,3,19,6,2014-04-19 07:00:00,qualifying_5953
5956,903,822,3,77,7,2014-04-19 07:00:00,qualifying_5954
5957,903,807,10,27,8,2014-04-19 07:00:00,qualifying_5955
5958,903,818,5,25,9,2014-04-19 07:00:00,qualifying_5956
5959,903,154,208,8,10,2014-04-19 07:00:00,qualifying_5957
5960,903,8,6,7,11,2014-04-19 07:00:00,qualifying_5958
5961,903,18,1,22,12,2014-04-19 07:00:00,qualifying_5959
5962,903,826,5,26,13,2014-04-19 07:00:00,qualifying_5960
5963,903,16,15,99,14,2014-04-19 07:00:00,qualifying_5961
5964,903,825,1,20,15,2014-04-19 07:00:00,qualifying_5962
5965,903,815,10,11,16,2014-04-19 07:00:00,qualifying_5963
5966,903,821,15,21,17,2014-04-19 07:00:00,qualifying_5964
5967,903,155,207,10,18,2014-04-19 07:00:00,qualifying_5965
5968,903,824,206,17,19,2014-04-19 07:00:00,qualifying_5966
5969,903,828,207,9,20,2014-04-19 07:00:00,qualifying_5967
5970,903,820,206,4,21,2014-04-19 07:00:00,qualifying_5968
5971,903,813,208,13,22,2014-04-19 07:00:00,qualifying_5969
5972,904,1,131,44,1,2014-05-10 12:00:00,qualifying_5970
5973,904,3,131,6,2,2014-05-10 12:00:00,qualifying_5971
5974,904,817,9,3,3,2014-05-10 12:00:00,qualifying_5972
5975,904,822,3,77,4,2014-05-10 12:00:00,qualifying_5973
5976,904,154,208,8,5,2014-05-10 12:00:00,qualifying_5974
5977,904,8,6,7,6,2014-05-10 12:00:00,qualifying_5975
5978,904,4,6,14,7,2014-05-10 12:00:00,qualifying_5976
5979,904,18,1,22,8,2014-05-10 12:00:00,qualifying_5977
5980,904,13,3,19,9,2014-05-10 12:00:00,qualifying_5978
5981,904,20,9,1,10,2014-05-10 12:00:00,qualifying_5979
5982,904,807,10,27,11,2014-05-10 12:00:00,qualifying_5980
5983,904,815,10,11,12,2014-05-10 12:00:00,qualifying_5981
5984,904,826,5,26,13,2014-05-10 12:00:00,qualifying_5982
5985,904,821,15,21,14,2014-05-10 12:00:00,qualifying_5983
5986,904,825,1,20,15,2014-05-10 12:00:00,qualifying_5984
5987,904,818,5,25,16,2014-05-10 12:00:00,qualifying_5985
5988,904,16,15,99,17,2014-05-10 12:00:00,qualifying_5986
5989,904,820,206,4,18,2014-05-10 12:00:00,qualifying_5987
5990,904,824,206,17,19,2014-05-10 12:00:00,qualifying_5988
5991,904,828,207,9,20,2014-05-10 12:00:00,qualifying_5989
5992,904,155,207,10,21,2014-05-10 12:00:00,qualifying_5990
5993,904,813,208,13,22,2014-05-10 12:00:00,qualifying_5991
5994,905,3,131,6,1,2014-05-24 12:00:00,qualifying_5992
5995,905,1,131,44,2,2014-05-24 12:00:00,qualifying_5993
5996,905,817,9,3,3,2014-05-24 12:00:00,qualifying_5994
5997,905,20,9,1,4,2014-05-24 12:00:00,qualifying_5995
5998,905,4,6,14,5,2014-05-24 12:00:00,qualifying_5996
5999,905,8,6,7,6,2014-05-24 12:00:00,qualifying_5997
6000,905,818,5,25,7,2014-05-24 12:00:00,qualifying_5998
6001,905,825,1,20,8,2014-05-24 12:00:00,qualifying_5999
6002,905,826,5,26,9,2014-05-24 12:00:00,qualifying_6000
6003,905,815,10,11,10,2014-05-24 12:00:00,qualifying_6001
6004,905,807,10,27,11,2014-05-24 12:00:00,qualifying_6002
6005,905,18,1,22,12,2014-05-24 12:00:00,qualifying_6003
6006,905,822,3,77,13,2014-05-24 12:00:00,qualifying_6004
6007,905,154,208,8,14,2014-05-24 12:00:00,qualifying_6005
6008,905,813,208,13,15,2014-05-24 12:00:00,qualifying_6006
6009,905,13,3,19,16,2014-05-24 12:00:00,qualifying_6007
6010,905,821,15,21,17,2014-05-24 12:00:00,qualifying_6008
6011,905,16,15,99,18,2014-05-24 12:00:00,qualifying_6009
6012,905,824,206,17,19,2014-05-24 12:00:00,qualifying_6010
6013,905,820,206,4,20,2014-05-24 12:00:00,qualifying_6011
6014,905,155,207,10,21,2014-05-24 12:00:00,qualifying_6012
6015,905,828,207,9,22,2014-05-24 12:00:00,qualifying_6013
6016,906,3,131,6,1,2014-06-07 18:00:00,qualifying_6014
6017,906,1,131,44,2,2014-06-07 18:00:00,qualifying_6015
6018,906,20,9,1,3,2014-06-07 18:00:00,qualifying_6016
6019,906,822,3,77,4,2014-06-07 18:00:00,qualifying_6017
6020,906,13,3,19,5,2014-06-07 18:00:00,qualifying_6018
6021,906,817,9,3,6,2014-06-07 18:00:00,qualifying_6019
6022,906,4,6,14,7,2014-06-07 18:00:00,qualifying_6020
6023,906,818,5,25,8,2014-06-07 18:00:00,qualifying_6021
6024,906,18,1,22,9,2014-06-07 18:00:00,qualifying_6022
6025,906,8,6,7,10,2014-06-07 18:00:00,qualifying_6023
6026,906,807,10,27,11,2014-06-07 18:00:00,qualifying_6024
6027,906,825,1,20,12,2014-06-07 18:00:00,qualifying_6025
6028,906,815,10,11,13,2014-06-07 18:00:00,qualifying_6026
6029,906,154,208,8,14,2014-06-07 18:00:00,qualifying_6027
6030,906,826,5,26,15,2014-06-07 18:00:00,qualifying_6028
6031,906,16,15,99,16,2014-06-07 18:00:00,qualifying_6029
6032,906,813,208,13,17,2014-06-07 18:00:00,qualifying_6030
6033,906,820,206,4,18,2014-06-07 18:00:00,qualifying_6031
6034,906,824,206,17,19,2014-06-07 18:00:00,qualifying_6032
6035,906,155,207,10,20,2014-06-07 18:00:00,qualifying_6033
6036,906,828,207,9,21,2014-06-07 18:00:00,qualifying_6034
6037,906,821,15,21,22,2014-06-07 18:00:00,qualifying_6035
6038,907,13,3,19,1,2014-06-21 12:00:00,qualifying_6036
6039,907,822,3,77,2,2014-06-21 12:00:00,qualifying_6037
6040,907,3,131,6,3,2014-06-21 12:00:00,qualifying_6038
6041,907,4,6,14,4,2014-06-21 12:00:00,qualifying_6039
6042,907,817,9,3,5,2014-06-21 12:00:00,qualifying_6040
6043,907,825,1,20,6,2014-06-21 12:00:00,qualifying_6041
6044,907,826,5,26,7,2014-06-21 12:00:00,qualifying_6042
6045,907,8,6,7,8,2014-06-21 12:00:00,qualifying_6043
6046,907,1,131,44,9,2014-06-21 12:00:00,qualifying_6044
6047,907,807,10,27,10,2014-06-21 12:00:00,qualifying_6045
6048,907,815,10,11,11,2014-06-21 12:00:00,qualifying_6046
6049,907,18,1,22,12,2014-06-21 12:00:00,qualifying_6047
6050,907,20,9,1,13,2014-06-21 12:00:00,qualifying_6048
6051,907,813,208,13,14,2014-06-21 12:00:00,qualifying_6049
6052,907,818,5,25,15,2014-06-21 12:00:00,qualifying_6050
6053,907,154,208,8,16,2014-06-21 12:00:00,qualifying_6051
6054,907,16,15,99,17,2014-06-21 12:00:00,qualifying_6052
6055,907,821,15,21,18,2014-06-21 12:00:00,qualifying_6053
6056,907,824,206,17,19,2014-06-21 12:00:00,qualifying_6054
6057,907,155,207,10,20,2014-06-21 12:00:00,qualifying_6055
6058,907,820,206,4,21,2014-06-21 12:00:00,qualifying_6056
6059,907,828,207,9,22,2014-06-21 12:00:00,qualifying_6057
6060,908,3,131,6,1,2014-07-05 12:00:00,qualifying_6058
6061,908,20,9,1,2,2014-07-05 12:00:00,qualifying_6059
6062,908,18,1,22,3,2014-07-05 12:00:00,qualifying_6060
6063,908,807,10,27,4,2014-07-05 12:00:00,qualifying_6061
6064,908,825,1,20,5,2014-07-05 12:00:00,qualifying_6062
6065,908,1,131,44,6,2014-07-05 12:00:00,qualifying_6063
6066,908,815,10,11,7,2014-07-05 12:00:00,qualifying_6064
6067,908,817,9,3,8,2014-07-05 12:00:00,qualifying_6065
6068,908,826,5,26,9,2014-07-05 12:00:00,qualifying_6066
6069,908,818,5,25,10,2014-07-05 12:00:00,qualifying_6067
6070,908,154,208,8,11,2014-07-05 12:00:00,qualifying_6068
6071,908,824,206,17,12,2014-07-05 12:00:00,qualifying_6069
6072,908,820,206,4,13,2014-07-05 12:00:00,qualifying_6070
6073,908,821,15,21,14,2014-07-05 12:00:00,qualifying_6071
6074,908,813,208,13,15,2014-07-05 12:00:00,qualifying_6072
6075,908,16,15,99,16,2014-07-05 12:00:00,qualifying_6073
6076,908,822,3,77,17,2014-07-05 12:00:00,qualifying_6074
6077,908,13,3,19,18,2014-07-05 12:00:00,qualifying_6075
6078,908,4,6,14,19,2014-07-05 12:00:00,qualifying_6076
6079,908,8,6,7,20,2014-07-05 12:00:00,qualifying_6077
6080,908,828,207,9,21,2014-07-05 12:00:00,qualifying_6078
6081,908,155,207,10,22,2014-07-05 12:00:00,qualifying_6079
6082,909,3,131,6,1,2014-07-19 12:00:00,qualifying_6080
6083,909,822,3,77,2,2014-07-19 12:00:00,qualifying_6081
6084,909,13,3,19,3,2014-07-19 12:00:00,qualifying_6082
6085,909,825,1,20,4,2014-07-19 12:00:00,qualifying_6083
6086,909,817,9,3,5,2014-07-19 12:00:00,qualifying_6084
6087,909,20,9,1,6,2014-07-19 12:00:00,qualifying_6085
6088,909,4,6,14,7,2014-07-19 12:00:00,qualifying_6086
6089,909,826,5,26,8,2014-07-19 12:00:00,qualifying_6087
6090,909,807,10,27,9,2014-07-19 12:00:00,qualifying_6088
6091,909,815,10,11,10,2014-07-19 12:00:00,qualifying_6089
6092,909,18,1,22,11,2014-07-19 12:00:00,qualifying_6090
6093,909,8,6,7,12,2014-07-19 12:00:00,qualifying_6091
6094,909,818,5,25,13,2014-07-19 12:00:00,qualifying_6092
6095,909,821,15,21,14,2014-07-19 12:00:00,qualifying_6093
6096,909,154,208,8,15,2014-07-19 12:00:00,qualifying_6094
6097,909,1,131,44,16,2014-07-19 12:00:00,qualifying_6095
6098,909,16,15,99,17,2014-07-19 12:00:00,qualifying_6096
6099,909,824,206,17,18,2014-07-19 12:00:00,qualifying_6097
6100,909,813,208,13,19,2014-07-19 12:00:00,qualifying_6098
6101,909,155,207,10,20,2014-07-19 12:00:00,qualifying_6099
6102,909,820,206,4,21,2014-07-19 12:00:00,qualifying_6100
6103,909,828,207,9,22,2014-07-19 12:00:00,qualifying_6101
6104,910,3,131,6,1,2014-07-26 12:00:00,qualifying_6102
6105,910,20,9,1,2,2014-07-26 12:00:00,qualifying_6103
6106,910,822,3,77,3,2014-07-26 12:00:00,qualifying_6104
6107,910,817,9,3,4,2014-07-26 12:00:00,qualifying_6105
6108,910,4,6,14,5,2014-07-26 12:00:00,qualifying_6106
6109,910,13,3,19,6,2014-07-26 12:00:00,qualifying_6107
6110,910,18,1,22,7,2014-07-26 12:00:00,qualifying_6108
6111,910,818,5,25,8,2014-07-26 12:00:00,qualifying_6109
6112,910,807,10,27,9,2014-07-26 12:00:00,qualifying_6110
6113,910,825,1,20,10,2014-07-26 12:00:00,qualifying_6111
6114,910,826,5,26,11,2014-07-26 12:00:00,qualifying_6112
6115,910,16,15,99,12,2014-07-26 12:00:00,qualifying_6113
6116,910,815,10,11,13,2014-07-26 12:00:00,qualifying_6114
6117,910,821,15,21,14,2014-07-26 12:00:00,qualifying_6115
6118,910,154,208,8,15,2014-07-26 12:00:00,qualifying_6116
6119,910,824,206,17,16,2014-07-26 12:00:00,qualifying_6117
6120,910,8,6,7,17,2014-07-26 12:00:00,qualifying_6118
6121,910,155,207,10,18,2014-07-26 12:00:00,qualifying_6119
6122,910,820,206,4,19,2014-07-26 12:00:00,qualifying_6120
6123,910,828,207,9,20,2014-07-26 12:00:00,qualifying_6121
6124,910,1,131,44,21,2014-07-26 12:00:00,qualifying_6122
6125,910,813,208,13,22,2014-07-26 12:00:00,qualifying_6123
6126,911,3,131,6,1,2014-08-23 12:00:00,qualifying_6124
6127,911,1,131,44,2,2014-08-23 12:00:00,qualifying_6125
6128,911,20,9,1,3,2014-08-23 12:00:00,qualifying_6126
6129,911,4,6,14,4,2014-08-23 12:00:00,qualifying_6127
6130,911,817,9,3,5,2014-08-23 12:00:00,qualifying_6128
6131,911,822,3,77,6,2014-08-23 12:00:00,qualifying_6129
6132,911,825,1,20,7,2014-08-23 12:00:00,qualifying_6130
6133,911,8,6,7,8,2014-08-23 12:00:00,qualifying_6131
6134,911,13,3,19,9,2014-08-23 12:00:00,qualifying_6132
6135,911,18,1,22,10,2014-08-23 12:00:00,qualifying_6133
6136,911,826,5,26,11,2014-08-23 12:00:00,qualifying_6134
6137,911,818,5,25,12,2014-08-23 12:00:00,qualifying_6135
6138,911,815,10,11,13,2014-08-23 12:00:00,qualifying_6136
6139,911,16,15,99,14,2014-08-23 12:00:00,qualifying_6137
6140,911,154,208,8,15,2014-08-23 12:00:00,qualifying_6138
6141,911,824,206,17,16,2014-08-23 12:00:00,qualifying_6139
6142,911,813,208,13,17,2014-08-23 12:00:00,qualifying_6140
6143,911,807,10,27,18,2014-08-23 12:00:00,qualifying_6141
6144,911,820,206,4,19,2014-08-23 12:00:00,qualifying_6142
6145,911,821,15,21,20,2014-08-23 12:00:00,qualifying_6143
6146,911,827,207,45,21,2014-08-23 12:00:00,qualifying_6144
6147,911,828,207,9,22,2014-08-23 12:00:00,qualifying_6145
6148,912,1,131,44,1,2014-09-06 12:00:00,qualifying_6146
6149,912,3,131,6,2,2014-09-06 12:00:00,qualifying_6147
6150,912,822,3,77,3,2014-09-06 12:00:00,qualifying_6148
6151,912,13,3,19,4,2014-09-06 12:00:00,qualifying_6149
6152,912,825,1,20,5,2014-09-06 12:00:00,qualifying_6150
6153,912,18,1,22,6,2014-09-06 12:00:00,qualifying_6151
6154,912,4,6,14,7,2014-09-06 12:00:00,qualifying_6152
6155,912,20,9,1,8,2014-09-06 12:00:00,qualifying_6153
6156,912,817,9,3,9,2014-09-06 12:00:00,qualifying_6154
6157,912,815,10,11,10,2014-09-06 12:00:00,qualifying_6155
6158,912,826,5,26,11,2014-09-06 12:00:00,qualifying_6156
6159,912,8,6,7,12,2014-09-06 12:00:00,qualifying_6157
6160,912,818,5,25,13,2014-09-06 12:00:00,qualifying_6158
6161,912,807,10,27,14,2014-09-06 12:00:00,qualifying_6159
6162,912,16,15,99,15,2014-09-06 12:00:00,qualifying_6160
6163,912,821,15,21,16,2014-09-06 12:00:00,qualifying_6161
6164,912,813,208,13,17,2014-09-06 12:00:00,qualifying_6162
6165,912,154,208,8,18,2014-09-06 12:00:00,qualifying_6163
6166,912,155,207,10,19,2014-09-06 12:00:00,qualifying_6164
6167,912,824,206,17,20,2014-09-06 12:00:00,qualifying_6165
6168,912,820,206,4,21,2014-09-06 12:00:00,qualifying_6166
6169,912,828,207,9,22,2014-09-06 12:00:00,qualifying_6167
6170,913,1,131,44,1,2014-09-20 12:00:00,qualifying_6168
6171,913,3,131,6,2,2014-09-20 12:00:00,qualifying_6169
6172,913,817,9,3,3,2014-09-20 12:00:00,qualifying_6170
6173,913,20,9,1,4,2014-09-20 12:00:00,qualifying_6171
6174,913,4,6,14,5,2014-09-20 12:00:00,qualifying_6172
6175,913,13,3,19,6,2014-09-20 12:00:00,qualifying_6173
6176,913,8,6,7,7,2014-09-20 12:00:00,qualifying_6174
6177,913,822,3,77,8,2014-09-20 12:00:00,qualifying_6175
6178,913,825,1,20,9,2014-09-20 12:00:00,qualifying_6176
6179,913,826,5,26,10,2014-09-20 12:00:00,qualifying_6177
6180,913,18,1,22,11,2014-09-20 12:00:00,qualifying_6178
6181,913,818,5,25,12,2014-09-20 12:00:00,qualifying_6179
6182,913,807,10,27,13,2014-09-20 12:00:00,qualifying_6180
6183,913,821,15,21,14,2014-09-20 12:00:00,qualifying_6181
6184,913,815,10,11,15,2014-09-20 12:00:00,qualifying_6182
6185,913,154,208,8,16,2014-09-20 12:00:00,qualifying_6183
6186,913,16,15,99,17,2014-09-20 12:00:00,qualifying_6184
6187,913,813,208,13,18,2014-09-20 12:00:00,qualifying_6185
6188,913,824,206,17,19,2014-09-20 12:00:00,qualifying_6186
6189,913,155,207,10,20,2014-09-20 12:00:00,qualifying_6187
6190,913,820,206,4,21,2014-09-20 12:00:00,qualifying_6188
6191,913,828,207,9,22,2014-09-20 12:00:00,qualifying_6189
6192,914,3,131,6,1,2014-10-04 06:00:00,qualifying_6190
6193,914,1,131,44,2,2014-10-04 06:00:00,qualifying_6191
6194,914,822,3,77,3,2014-10-04 06:00:00,qualifying_6192
6195,914,13,3,19,4,2014-10-04 06:00:00,qualifying_6193
6196,914,4,6,14,5,2014-10-04 06:00:00,qualifying_6194
6197,914,817,9,3,6,2014-10-04 06:00:00,qualifying_6195
6198,914,825,1,20,7,2014-10-04 06:00:00,qualifying_6196
6199,914,18,1,22,8,2014-10-04 06:00:00,qualifying_6197
6200,914,20,9,1,9,2014-10-04 06:00:00,qualifying_6198
6201,914,8,6,7,10,2014-10-04 06:00:00,qualifying_6199
6202,914,818,5,25,11,2014-10-04 06:00:00,qualifying_6200
6203,914,815,10,11,12,2014-10-04 06:00:00,qualifying_6201
6204,914,826,5,26,13,2014-10-04 06:00:00,qualifying_6202
6205,914,807,10,27,14,2014-10-04 06:00:00,qualifying_6203
6206,914,16,15,99,15,2014-10-04 06:00:00,qualifying_6204
6207,914,821,15,21,16,2014-10-04 06:00:00,qualifying_6205
6208,914,813,208,13,17,2014-10-04 06:00:00,qualifying_6206
6209,914,154,208,8,18,2014-10-04 06:00:00,qualifying_6207
6210,914,828,207,9,19,2014-10-04 06:00:00,qualifying_6208
6211,914,824,206,17,20,2014-10-04 06:00:00,qualifying_6209
6212,914,155,207,10,21,2014-10-04 06:00:00,qualifying_6210
6213,914,820,206,4,22,2014-10-04 06:00:00,qualifying_6211
6214,915,1,131,44,1,2014-10-11 11:00:00,qualifying_6212
6215,915,3,131,6,2,2014-10-11 11:00:00,qualifying_6213
6216,915,822,3,77,3,2014-10-11 11:00:00,qualifying_6214
6217,915,18,1,22,4,2014-10-11 11:00:00,qualifying_6215
6218,915,826,5,26,5,2014-10-11 11:00:00,qualifying_6216
6219,915,825,1,20,6,2014-10-11 11:00:00,qualifying_6217
6220,915,817,9,3,7,2014-10-11 11:00:00,qualifying_6218
6221,915,4,6,14,8,2014-10-11 11:00:00,qualifying_6219
6222,915,8,6,7,9,2014-10-11 11:00:00,qualifying_6220
6223,915,818,5,25,10,2014-10-11 11:00:00,qualifying_6221
6224,915,20,9,1,11,2014-10-11 11:00:00,qualifying_6222
6225,915,807,10,27,12,2014-10-11 11:00:00,qualifying_6223
6226,915,815,10,11,13,2014-10-11 11:00:00,qualifying_6224
6227,915,821,15,21,14,2014-10-11 11:00:00,qualifying_6225
6228,915,16,15,99,15,2014-10-11 11:00:00,qualifying_6226
6229,915,154,208,8,16,2014-10-11 11:00:00,qualifying_6227
6230,915,828,207,9,17,2014-10-11 11:00:00,qualifying_6228
6231,915,13,3,19,18,2014-10-11 11:00:00,qualifying_6229
6232,915,155,207,10,19,2014-10-11 11:00:00,qualifying_6230
6233,915,813,208,13,20,2014-10-11 11:00:00,qualifying_6231
6234,915,820,206,4,21,2014-10-11 11:00:00,qualifying_6232
6235,916,3,131,6,1,2014-11-01 20:00:00,qualifying_6233
6236,916,1,131,44,2,2014-11-01 20:00:00,qualifying_6234
6237,916,822,3,77,3,2014-11-01 20:00:00,qualifying_6235
6238,916,13,3,19,4,2014-11-01 20:00:00,qualifying_6236
6239,916,817,9,3,5,2014-11-01 20:00:00,qualifying_6237
6240,916,4,6,14,6,2014-11-01 20:00:00,qualifying_6238
6241,916,18,1,22,7,2014-11-01 20:00:00,qualifying_6239
6242,916,825,1,20,8,2014-11-01 20:00:00,qualifying_6240
6243,916,8,6,7,9,2014-11-01 20:00:00,qualifying_6241
6244,916,16,15,99,10,2014-11-01 20:00:00,qualifying_6242
6245,916,813,208,13,11,2014-11-01 20:00:00,qualifying_6243
6246,916,815,10,11,12,2014-11-01 20:00:00,qualifying_6244
6247,916,807,10,27,13,2014-11-01 20:00:00,qualifying_6245
6248,916,826,5,26,14,2014-11-01 20:00:00,qualifying_6246
6249,916,818,5,25,15,2014-11-01 20:00:00,qualifying_6247
6250,916,821,15,21,16,2014-11-01 20:00:00,qualifying_6248
6251,916,20,9,1,17,2014-11-01 20:00:00,qualifying_6249
6252,916,154,208,8,18,2014-11-01 20:00:00,qualifying_6250
6253,917,3,131,6,1,2014-11-08 16:00:00,qualifying_6251
6254,917,1,131,44,2,2014-11-08 16:00:00,qualifying_6252
6255,917,13,3,19,3,2014-11-08 16:00:00,qualifying_6253
6256,917,822,3,77,4,2014-11-08 16:00:00,qualifying_6254
6257,917,18,1,22,5,2014-11-08 16:00:00,qualifying_6255
6258,917,20,9,1,6,2014-11-08 16:00:00,qualifying_6256
6259,917,825,1,20,7,2014-11-08 16:00:00,qualifying_6257
6260,917,4,6,14,8,2014-11-08 16:00:00,qualifying_6258
6261,917,817,9,3,9,2014-11-08 16:00:00,qualifying_6259
6262,917,8,6,7,10,2014-11-08 16:00:00,qualifying_6260
6263,917,821,15,21,11,2014-11-08 16:00:00,qualifying_6261
6264,917,807,10,27,12,2014-11-08 16:00:00,qualifying_6262
6265,917,16,15,99,13,2014-11-08 16:00:00,qualifying_6263
6266,917,826,5,26,14,2014-11-08 16:00:00,qualifying_6264
6267,917,154,208,8,15,2014-11-08 16:00:00,qualifying_6265
6268,917,818,5,25,16,2014-11-08 16:00:00,qualifying_6266
6269,917,815,10,11,17,2014-11-08 16:00:00,qualifying_6267
6270,917,813,208,13,18,2014-11-08 16:00:00,qualifying_6268
6305,918,821,15,21,15,2014-11-22 13:00:00,qualifying_6269
6304,918,154,208,8,14,2014-11-22 13:00:00,qualifying_6270
6303,918,16,15,99,13,2014-11-22 13:00:00,qualifying_6271
6302,918,807,10,27,12,2014-11-22 13:00:00,qualifying_6272
6301,918,815,10,11,11,2014-11-22 13:00:00,qualifying_6273
6300,918,818,5,25,10,2014-11-22 13:00:00,qualifying_6274
6299,918,825,1,20,9,2014-11-22 13:00:00,qualifying_6275
6298,918,4,6,14,8,2014-11-22 13:00:00,qualifying_6276
6297,918,8,6,7,7,2014-11-22 13:00:00,qualifying_6277
6296,918,18,1,22,6,2014-11-22 13:00:00,qualifying_6278
6295,918,826,5,26,5,2014-11-22 13:00:00,qualifying_6279
6294,918,13,3,19,4,2014-11-22 13:00:00,qualifying_6280
6293,918,822,3,77,3,2014-11-22 13:00:00,qualifying_6281
6292,918,1,131,44,2,2014-11-22 13:00:00,qualifying_6282
6291,918,3,131,6,1,2014-11-22 13:00:00,qualifying_6283
6306,918,813,208,13,16,2014-11-22 13:00:00,qualifying_6284
6307,918,155,207,10,17,2014-11-22 13:00:00,qualifying_6285
6308,918,829,207,46,18,2014-11-22 13:00:00,qualifying_6286
6309,926,1,131,44,1,2015-03-14 05:00:00,qualifying_6287
6310,926,3,131,6,2,2015-03-14 05:00:00,qualifying_6288
6311,926,13,3,19,3,2015-03-14 05:00:00,qualifying_6289
6312,926,20,6,5,4,2015-03-14 05:00:00,qualifying_6290
6313,926,8,6,7,5,2015-03-14 05:00:00,qualifying_6291
6314,926,822,3,77,6,2015-03-14 05:00:00,qualifying_6292
6315,926,817,9,3,7,2015-03-14 05:00:00,qualifying_6293
6316,926,832,5,55,8,2015-03-14 05:00:00,qualifying_6294
6317,926,154,208,8,9,2015-03-14 05:00:00,qualifying_6295
6318,926,813,208,13,10,2015-03-14 05:00:00,qualifying_6296
6319,926,831,15,12,11,2015-03-14 05:00:00,qualifying_6297
6320,926,830,5,33,12,2015-03-14 05:00:00,qualifying_6298
6321,926,826,9,26,13,2015-03-14 05:00:00,qualifying_6299
6322,926,807,10,27,14,2015-03-14 05:00:00,qualifying_6300
6323,926,815,10,11,15,2015-03-14 05:00:00,qualifying_6301
6324,926,828,15,9,16,2015-03-14 05:00:00,qualifying_6302
6325,926,18,1,22,17,2015-03-14 05:00:00,qualifying_6303
6326,926,825,1,20,18,2015-03-14 05:00:00,qualifying_6304
6327,927,1,131,44,1,2015-03-28 07:00:00,qualifying_6305
6328,927,20,6,5,2,2015-03-28 07:00:00,qualifying_6306
6329,927,3,131,6,3,2015-03-28 07:00:00,qualifying_6307
6330,927,817,9,3,4,2015-03-28 07:00:00,qualifying_6308
6331,927,826,9,26,5,2015-03-28 07:00:00,qualifying_6309
6332,927,830,5,33,6,2015-03-28 07:00:00,qualifying_6310
6333,927,13,3,19,7,2015-03-28 07:00:00,qualifying_6311
6334,927,154,208,8,8,2015-03-28 07:00:00,qualifying_6312
6335,927,822,3,77,9,2015-03-28 07:00:00,qualifying_6313
6336,927,828,15,9,10,2015-03-28 07:00:00,qualifying_6314
6337,927,8,6,7,11,2015-03-28 07:00:00,qualifying_6315
6338,927,813,208,13,12,2015-03-28 07:00:00,qualifying_6316
6339,927,807,10,27,13,2015-03-28 07:00:00,qualifying_6317
6340,927,815,10,11,14,2015-03-28 07:00:00,qualifying_6318
6341,927,832,5,55,15,2015-03-28 07:00:00,qualifying_6319
6342,927,831,15,12,16,2015-03-28 07:00:00,qualifying_6320
6343,927,18,1,22,17,2015-03-28 07:00:00,qualifying_6321
6344,927,4,1,14,18,2015-03-28 07:00:00,qualifying_6322
6345,927,833,209,98,19,2015-03-28 07:00:00,qualifying_6323
6346,928,1,131,44,1,2015-04-11 06:00:00,qualifying_6324
6347,928,3,131,6,2,2015-04-11 06:00:00,qualifying_6325
6348,928,20,6,5,3,2015-04-11 06:00:00,qualifying_6326
6349,928,13,3,19,4,2015-04-11 06:00:00,qualifying_6327
6350,928,822,3,77,5,2015-04-11 06:00:00,qualifying_6328
6351,928,8,6,7,6,2015-04-11 06:00:00,qualifying_6329
6352,928,817,9,3,7,2015-04-11 06:00:00,qualifying_6330
6353,928,154,208,8,8,2015-04-11 06:00:00,qualifying_6331
6354,928,831,15,12,9,2015-04-11 06:00:00,qualifying_6332
6355,928,828,15,9,10,2015-04-11 06:00:00,qualifying_6333
6356,928,813,208,13,11,2015-04-11 06:00:00,qualifying_6334
6357,928,826,9,26,12,2015-04-11 06:00:00,qualifying_6335
6358,928,830,5,33,13,2015-04-11 06:00:00,qualifying_6336
6359,928,832,5,55,14,2015-04-11 06:00:00,qualifying_6337
6360,928,815,10,11,15,2015-04-11 06:00:00,qualifying_6338
6361,928,807,10,27,16,2015-04-11 06:00:00,qualifying_6339
6362,928,18,1,22,17,2015-04-11 06:00:00,qualifying_6340
6363,928,4,1,14,18,2015-04-11 06:00:00,qualifying_6341
6364,928,829,209,28,19,2015-04-11 06:00:00,qualifying_6342
6365,928,833,209,98,20,2015-04-11 06:00:00,qualifying_6343
6366,929,1,131,44,1,2015-04-18 15:00:00,qualifying_6344
6367,929,20,6,5,2,2015-04-18 15:00:00,qualifying_6345
6368,929,3,131,6,3,2015-04-18 15:00:00,qualifying_6346
6369,929,8,6,7,4,2015-04-18 15:00:00,qualifying_6347
6370,929,822,3,77,5,2015-04-18 15:00:00,qualifying_6348
6371,929,13,3,19,6,2015-04-18 15:00:00,qualifying_6349
6372,929,817,9,3,7,2015-04-18 15:00:00,qualifying_6350
6373,929,807,10,27,8,2015-04-18 15:00:00,qualifying_6351
6374,929,832,5,55,9,2015-04-18 15:00:00,qualifying_6352
6375,929,154,208,8,10,2015-04-18 15:00:00,qualifying_6353
6376,929,815,10,11,11,2015-04-18 15:00:00,qualifying_6354
6377,929,831,15,12,12,2015-04-18 15:00:00,qualifying_6355
6378,929,828,15,9,13,2015-04-18 15:00:00,qualifying_6356
6379,929,4,1,14,14,2015-04-18 15:00:00,qualifying_6357
6380,929,830,5,33,15,2015-04-18 15:00:00,qualifying_6358
6381,929,813,208,13,16,2015-04-18 15:00:00,qualifying_6359
6382,929,826,9,26,17,2015-04-18 15:00:00,qualifying_6360
6383,929,829,209,28,18,2015-04-18 15:00:00,qualifying_6361
6384,929,833,209,98,19,2015-04-18 15:00:00,qualifying_6362
6385,930,3,131,6,1,2015-05-09 12:00:00,qualifying_6363
6386,930,1,131,44,2,2015-05-09 12:00:00,qualifying_6364
6387,930,20,6,5,3,2015-05-09 12:00:00,qualifying_6365
6388,930,822,3,77,4,2015-05-09 12:00:00,qualifying_6366
6389,930,832,5,55,5,2015-05-09 12:00:00,qualifying_6367
6390,930,830,5,33,6,2015-05-09 12:00:00,qualifying_6368
6391,930,8,6,7,7,2015-05-09 12:00:00,qualifying_6369
6392,930,826,9,26,8,2015-05-09 12:00:00,qualifying_6370
6393,930,13,3,19,9,2015-05-09 12:00:00,qualifying_6371
6394,930,817,9,3,10,2015-05-09 12:00:00,qualifying_6372
6395,930,154,208,8,11,2015-05-09 12:00:00,qualifying_6373
6396,930,813,208,13,12,2015-05-09 12:00:00,qualifying_6374
6397,930,4,1,14,13,2015-05-09 12:00:00,qualifying_6375
6398,930,18,1,22,14,2015-05-09 12:00:00,qualifying_6376
6399,930,831,15,12,15,2015-05-09 12:00:00,qualifying_6377
6400,930,828,15,9,16,2015-05-09 12:00:00,qualifying_6378
6401,930,807,10,27,17,2015-05-09 12:00:00,qualifying_6379
6402,930,815,10,11,18,2015-05-09 12:00:00,qualifying_6380
6403,930,829,209,28,19,2015-05-09 12:00:00,qualifying_6381
6404,930,833,209,98,20,2015-05-09 12:00:00,qualifying_6382
6405,931,1,131,44,1,2015-05-23 12:00:00,qualifying_6383
6406,931,3,131,6,2,2015-05-23 12:00:00,qualifying_6384
6407,931,20,6,5,3,2015-05-23 12:00:00,qualifying_6385
6408,931,817,9,3,4,2015-05-23 12:00:00,qualifying_6386
6409,931,826,9,26,5,2015-05-23 12:00:00,qualifying_6387
6410,931,8,6,7,6,2015-05-23 12:00:00,qualifying_6388
6411,931,815,10,11,7,2015-05-23 12:00:00,qualifying_6389
6412,931,832,5,55,8,2015-05-23 12:00:00,qualifying_6390
6413,931,813,208,13,9,2015-05-23 12:00:00,qualifying_6391
6414,931,830,5,33,10,2015-05-23 12:00:00,qualifying_6392
6415,931,154,208,8,11,2015-05-23 12:00:00,qualifying_6393
6416,931,18,1,22,12,2015-05-23 12:00:00,qualifying_6394
6417,931,807,10,27,13,2015-05-23 12:00:00,qualifying_6395
6418,931,13,3,19,14,2015-05-23 12:00:00,qualifying_6396
6419,931,4,1,14,15,2015-05-23 12:00:00,qualifying_6397
6420,931,831,15,12,16,2015-05-23 12:00:00,qualifying_6398
6421,931,822,3,77,17,2015-05-23 12:00:00,qualifying_6399
6422,931,828,15,9,18,2015-05-23 12:00:00,qualifying_6400
6423,931,829,209,28,19,2015-05-23 12:00:00,qualifying_6401
6424,931,833,209,98,20,2015-05-23 12:00:00,qualifying_6402
6425,932,1,131,44,1,2015-06-06 18:00:00,qualifying_6403
6426,932,3,131,6,2,2015-06-06 18:00:00,qualifying_6404
6427,932,8,6,7,3,2015-06-06 18:00:00,qualifying_6405
6428,932,822,3,77,4,2015-06-06 18:00:00,qualifying_6406
6429,932,154,208,8,5,2015-06-06 18:00:00,qualifying_6407
6430,932,813,208,13,6,2015-06-06 18:00:00,qualifying_6408
6431,932,807,10,27,7,2015-06-06 18:00:00,qualifying_6409
6432,932,826,9,26,8,2015-06-06 18:00:00,qualifying_6410
6433,932,817,9,3,9,2015-06-06 18:00:00,qualifying_6411
6434,932,815,10,11,10,2015-06-06 18:00:00,qualifying_6412
6435,932,832,5,55,11,2015-06-06 18:00:00,qualifying_6413
6436,932,830,5,33,12,2015-06-06 18:00:00,qualifying_6414
6437,932,828,15,9,13,2015-06-06 18:00:00,qualifying_6415
6438,932,4,1,14,14,2015-06-06 18:00:00,qualifying_6416
6439,932,831,15,12,15,2015-06-06 18:00:00,qualifying_6417
6440,932,20,6,5,16,2015-06-06 18:00:00,qualifying_6418
6441,932,13,3,19,17,2015-06-06 18:00:00,qualifying_6419
6442,932,833,209,98,18,2015-06-06 18:00:00,qualifying_6420
6443,932,829,209,28,19,2015-06-06 18:00:00,qualifying_6421
6444,933,1,131,44,1,2015-06-20 12:00:00,qualifying_6422
6445,933,3,131,6,2,2015-06-20 12:00:00,qualifying_6423
6446,933,20,6,5,3,2015-06-20 12:00:00,qualifying_6424
6447,933,13,3,19,4,2015-06-20 12:00:00,qualifying_6425
6448,933,807,10,27,5,2015-06-20 12:00:00,qualifying_6426
6449,933,822,3,77,6,2015-06-20 12:00:00,qualifying_6427
6450,933,830,5,33,7,2015-06-20 12:00:00,qualifying_6428
6451,933,826,9,26,8,2015-06-20 12:00:00,qualifying_6429
6452,933,831,15,12,9,2015-06-20 12:00:00,qualifying_6430
6453,933,154,208,8,10,2015-06-20 12:00:00,qualifying_6431
6454,933,813,208,13,11,2015-06-20 12:00:00,qualifying_6432
6455,933,828,15,9,12,2015-06-20 12:00:00,qualifying_6433
6456,933,832,5,55,13,2015-06-20 12:00:00,qualifying_6434
6457,933,817,9,3,14,2015-06-20 12:00:00,qualifying_6435
6458,933,4,1,14,15,2015-06-20 12:00:00,qualifying_6436
6459,933,815,10,11,16,2015-06-20 12:00:00,qualifying_6437
6460,933,18,1,22,17,2015-06-20 12:00:00,qualifying_6438
6461,933,8,6,7,18,2015-06-20 12:00:00,qualifying_6439
6462,933,833,209,98,19,2015-06-20 12:00:00,qualifying_6440
6463,933,829,209,28,20,2015-06-20 12:00:00,qualifying_6441
6464,934,1,131,44,1,2015-07-04 12:00:00,qualifying_6442
6465,934,3,131,6,2,2015-07-04 12:00:00,qualifying_6443
6466,934,13,3,19,3,2015-07-04 12:00:00,qualifying_6444
6467,934,822,3,77,4,2015-07-04 12:00:00,qualifying_6445
6468,934,8,6,7,5,2015-07-04 12:00:00,qualifying_6446
6469,934,20,6,5,6,2015-07-04 12:00:00,qualifying_6447
6470,934,826,9,26,7,2015-07-04 12:00:00,qualifying_6448
6471,934,832,5,55,8,2015-07-04 12:00:00,qualifying_6449
6472,934,807,10,27,9,2015-07-04 12:00:00,qualifying_6450
6473,934,817,9,3,10,2015-07-04 12:00:00,qualifying_6451
6474,934,815,10,11,11,2015-07-04 12:00:00,qualifying_6452
6475,934,154,208,8,12,2015-07-04 12:00:00,qualifying_6453
6476,934,830,5,33,13,2015-07-04 12:00:00,qualifying_6454
6477,934,813,208,13,14,2015-07-04 12:00:00,qualifying_6455
6478,934,828,15,9,15,2015-07-04 12:00:00,qualifying_6456
6479,934,831,15,12,16,2015-07-04 12:00:00,qualifying_6457
6480,934,4,1,14,17,2015-07-04 12:00:00,qualifying_6458
6481,934,18,1,22,18,2015-07-04 12:00:00,qualifying_6459
6482,934,829,209,28,19,2015-07-04 12:00:00,qualifying_6460
6483,934,833,209,98,20,2015-07-04 12:00:00,qualifying_6461
6484,936,1,131,44,1,2015-07-25 12:00:00,qualifying_6462
6485,936,3,131,6,2,2015-07-25 12:00:00,qualifying_6463
6486,936,20,6,5,3,2015-07-25 12:00:00,qualifying_6464
6487,936,817,9,3,4,2015-07-25 12:00:00,qualifying_6465
6488,936,8,6,7,5,2015-07-25 12:00:00,qualifying_6466
6489,936,822,3,77,6,2015-07-25 12:00:00,qualifying_6467
6490,936,826,9,26,7,2015-07-25 12:00:00,qualifying_6468
6491,936,13,3,19,8,2015-07-25 12:00:00,qualifying_6469
6492,936,830,5,33,9,2015-07-25 12:00:00,qualifying_6470
6493,936,154,208,8,10,2015-07-25 12:00:00,qualifying_6471
6494,936,807,10,27,11,2015-07-25 12:00:00,qualifying_6472
6495,936,832,5,55,12,2015-07-25 12:00:00,qualifying_6473
6496,936,815,10,11,13,2015-07-25 12:00:00,qualifying_6474
6497,936,813,208,13,14,2015-07-25 12:00:00,qualifying_6475
6498,936,4,1,14,15,2015-07-25 12:00:00,qualifying_6476
6499,936,18,1,22,16,2015-07-25 12:00:00,qualifying_6477
6500,936,828,15,9,17,2015-07-25 12:00:00,qualifying_6478
6501,936,831,15,12,18,2015-07-25 12:00:00,qualifying_6479
6502,936,833,209,98,19,2015-07-25 12:00:00,qualifying_6480
6503,936,829,209,28,20,2015-07-25 12:00:00,qualifying_6481
6504,937,1,131,44,1,2015-08-22 12:00:00,qualifying_6482
6505,937,3,131,6,2,2015-08-22 12:00:00,qualifying_6483
6506,937,822,3,77,3,2015-08-22 12:00:00,qualifying_6484
6507,937,154,208,8,4,2015-08-22 12:00:00,qualifying_6485
6508,937,815,10,11,5,2015-08-22 12:00:00,qualifying_6486
6509,937,817,9,3,6,2015-08-22 12:00:00,qualifying_6487
6510,937,13,3,19,7,2015-08-22 12:00:00,qualifying_6488
6511,937,813,208,13,8,2015-08-22 12:00:00,qualifying_6489
6512,937,20,6,5,9,2015-08-22 12:00:00,qualifying_6490
6513,937,832,5,55,10,2015-08-22 12:00:00,qualifying_6491
6514,937,807,10,27,11,2015-08-22 12:00:00,qualifying_6492
6515,937,826,9,26,12,2015-08-22 12:00:00,qualifying_6493
6516,937,828,15,9,13,2015-08-22 12:00:00,qualifying_6494
6517,937,8,6,7,14,2015-08-22 12:00:00,qualifying_6495
6518,937,830,5,33,15,2015-08-22 12:00:00,qualifying_6496
6519,937,831,15,12,16,2015-08-22 12:00:00,qualifying_6497
6520,937,18,1,22,17,2015-08-22 12:00:00,qualifying_6498
6521,937,4,1,14,18,2015-08-22 12:00:00,qualifying_6499
6522,937,829,206,28,19,2015-08-22 12:00:00,qualifying_6500
6523,937,833,206,98,20,2015-08-22 12:00:00,qualifying_6501
6524,938,1,131,44,1,2015-09-05 12:00:00,qualifying_6502
6525,938,8,6,7,2,2015-09-05 12:00:00,qualifying_6503
6526,938,20,6,5,3,2015-09-05 12:00:00,qualifying_6504
6527,938,3,131,6,4,2015-09-05 12:00:00,qualifying_6505
6528,938,13,3,19,5,2015-09-05 12:00:00,qualifying_6506
6529,938,822,3,77,6,2015-09-05 12:00:00,qualifying_6507
6530,938,815,10,11,7,2015-09-05 12:00:00,qualifying_6508
6531,938,154,208,8,8,2015-09-05 12:00:00,qualifying_6509
6532,938,807,10,27,9,2015-09-05 12:00:00,qualifying_6510
6533,938,828,15,9,10,2015-09-05 12:00:00,qualifying_6511
6534,938,813,208,13,11,2015-09-05 12:00:00,qualifying_6512
6535,938,831,15,12,12,2015-09-05 12:00:00,qualifying_6513
6536,938,832,5,55,13,2015-09-05 12:00:00,qualifying_6514
6537,938,826,9,26,14,2015-09-05 12:00:00,qualifying_6515
6538,938,817,9,3,15,2015-09-05 12:00:00,qualifying_6516
6539,938,18,1,22,16,2015-09-05 12:00:00,qualifying_6517
6540,938,4,1,14,17,2015-09-05 12:00:00,qualifying_6518
6541,938,829,209,28,18,2015-09-05 12:00:00,qualifying_6519
6542,938,833,209,98,19,2015-09-05 12:00:00,qualifying_6520
6543,938,830,5,33,20,2015-09-05 12:00:00,qualifying_6521
6544,939,20,6,5,1,2015-09-19 12:00:00,qualifying_6522
6545,939,817,9,3,2,2015-09-19 12:00:00,qualifying_6523
6546,939,8,6,7,3,2015-09-19 12:00:00,qualifying_6524
6547,939,826,9,26,4,2015-09-19 12:00:00,qualifying_6525
6548,939,1,131,44,5,2015-09-19 12:00:00,qualifying_6526
6549,939,3,131,6,6,2015-09-19 12:00:00,qualifying_6527
6550,939,822,3,77,7,2015-09-19 12:00:00,qualifying_6528
6551,939,830,5,33,8,2015-09-19 12:00:00,qualifying_6529
6552,939,13,3,19,9,2015-09-19 12:00:00,qualifying_6530
6553,939,154,208,8,10,2015-09-19 12:00:00,qualifying_6531
6554,939,807,10,27,11,2015-09-19 12:00:00,qualifying_6532
6555,939,4,1,14,12,2015-09-19 12:00:00,qualifying_6533
6556,939,815,10,11,13,2015-09-19 12:00:00,qualifying_6534
6557,939,832,5,55,14,2015-09-19 12:00:00,qualifying_6535
6558,939,18,1,22,15,2015-09-19 12:00:00,qualifying_6536
6559,939,831,15,12,16,2015-09-19 12:00:00,qualifying_6537
6560,939,828,15,9,17,2015-09-19 12:00:00,qualifying_6538
6561,939,813,208,13,18,2015-09-19 12:00:00,qualifying_6539
6562,939,829,209,28,19,2015-09-19 12:00:00,qualifying_6540
6563,939,834,209,53,20,2015-09-19 12:00:00,qualifying_6541
6564,940,3,131,6,1,2015-09-26 05:00:00,qualifying_6542
6565,940,1,131,44,2,2015-09-26 05:00:00,qualifying_6543
6566,940,822,3,77,3,2015-09-26 05:00:00,qualifying_6544
6567,940,20,6,5,4,2015-09-26 05:00:00,qualifying_6545
6568,940,13,3,19,5,2015-09-26 05:00:00,qualifying_6546
6569,940,8,6,7,6,2015-09-26 05:00:00,qualifying_6547
6570,940,817,9,3,7,2015-09-26 05:00:00,qualifying_6548
6571,940,154,208,8,8,2015-09-26 05:00:00,qualifying_6549
6572,940,815,10,11,9,2015-09-26 05:00:00,qualifying_6550
6573,940,826,9,26,10,2015-09-26 05:00:00,qualifying_6551
6574,940,807,10,27,11,2015-09-26 05:00:00,qualifying_6552
6575,940,832,5,55,12,2015-09-26 05:00:00,qualifying_6553
6576,940,813,208,13,13,2015-09-26 05:00:00,qualifying_6554
6577,940,4,1,14,14,2015-09-26 05:00:00,qualifying_6555
6578,940,830,5,33,15,2015-09-26 05:00:00,qualifying_6556
6579,940,18,1,22,16,2015-09-26 05:00:00,qualifying_6557
6580,940,828,15,9,17,2015-09-26 05:00:00,qualifying_6558
6581,940,831,15,12,18,2015-09-26 05:00:00,qualifying_6559
6582,940,829,209,28,19,2015-09-26 05:00:00,qualifying_6560
6583,940,834,209,53,20,2015-09-26 05:00:00,qualifying_6561
6584,941,3,131,6,1,2015-10-10 11:00:00,qualifying_6562
6585,941,1,131,44,2,2015-10-10 11:00:00,qualifying_6563
6586,941,822,3,77,3,2015-10-10 11:00:00,qualifying_6564
6587,941,20,6,5,4,2015-10-10 11:00:00,qualifying_6565
6588,941,8,6,7,5,2015-10-10 11:00:00,qualifying_6566
6589,941,807,10,27,6,2015-10-10 11:00:00,qualifying_6567
6590,941,815,10,11,7,2015-10-10 11:00:00,qualifying_6568
6591,941,154,208,8,8,2015-10-10 11:00:00,qualifying_6569
6592,941,830,5,33,9,2015-10-10 11:00:00,qualifying_6570
6593,941,817,9,3,10,2015-10-10 11:00:00,qualifying_6571
6594,941,826,9,26,11,2015-10-10 11:00:00,qualifying_6572
6595,941,831,15,12,12,2015-10-10 11:00:00,qualifying_6573
6596,941,18,1,22,13,2015-10-10 11:00:00,qualifying_6574
6597,941,813,208,13,14,2015-10-10 11:00:00,qualifying_6575
6598,941,13,3,19,15,2015-10-10 11:00:00,qualifying_6576
6599,941,4,1,14,16,2015-10-10 11:00:00,qualifying_6577
6600,941,828,15,9,17,2015-10-10 11:00:00,qualifying_6578
6601,941,829,206,28,18,2015-10-10 11:00:00,qualifying_6579
6602,941,833,206,98,19,2015-10-10 11:00:00,qualifying_6580
6603,942,3,131,6,1,2015-10-24 19:00:00,qualifying_6581
6604,942,1,131,44,2,2015-10-24 19:00:00,qualifying_6582
6605,942,817,9,3,3,2015-10-24 19:00:00,qualifying_6583
6606,942,826,9,26,4,2015-10-24 19:00:00,qualifying_6584
6607,942,20,6,5,5,2015-10-24 19:00:00,qualifying_6585
6608,942,815,10,11,6,2015-10-24 19:00:00,qualifying_6586
6609,942,807,10,27,7,2015-10-24 19:00:00,qualifying_6587
6610,942,8,6,7,8,2015-10-24 19:00:00,qualifying_6588
6611,942,13,3,19,9,2015-10-24 19:00:00,qualifying_6589
6612,942,830,5,33,10,2015-10-24 19:00:00,qualifying_6590
6613,942,4,1,14,11,2015-10-24 19:00:00,qualifying_6591
6614,942,822,3,77,12,2015-10-24 19:00:00,qualifying_6592
6615,942,154,208,8,13,2015-10-24 19:00:00,qualifying_6593
6616,942,18,1,22,14,2015-10-24 19:00:00,qualifying_6594
6617,942,813,208,13,15,2015-10-24 19:00:00,qualifying_6595
6618,942,828,15,9,16,2015-10-24 19:00:00,qualifying_6596
6619,942,831,15,12,17,2015-10-24 19:00:00,qualifying_6597
6620,942,834,206,53,18,2015-10-24 19:00:00,qualifying_6598
6621,942,829,206,28,19,2015-10-24 19:00:00,qualifying_6599
6622,942,832,5,55,20,2015-10-24 19:00:00,qualifying_6600
6623,943,3,131,6,1,2015-10-31 19:00:00,qualifying_6601
6624,943,1,131,44,2,2015-10-31 19:00:00,qualifying_6602
6625,943,20,6,5,3,2015-10-31 19:00:00,qualifying_6603
6626,943,826,9,26,4,2015-10-31 19:00:00,qualifying_6604
6627,943,817,9,3,5,2015-10-31 19:00:00,qualifying_6605
6628,943,822,3,77,6,2015-10-31 19:00:00,qualifying_6606
6629,943,13,3,19,7,2015-10-31 19:00:00,qualifying_6607
6630,943,830,5,33,8,2015-10-31 19:00:00,qualifying_6608
6631,943,815,10,11,9,2015-10-31 19:00:00,qualifying_6609
6632,943,807,10,27,10,2015-10-31 19:00:00,qualifying_6610
6633,943,832,5,55,11,2015-10-31 19:00:00,qualifying_6611
6634,943,154,208,8,12,2015-10-31 19:00:00,qualifying_6612
6635,943,813,208,13,13,2015-10-31 19:00:00,qualifying_6613
6636,943,828,15,9,14,2015-10-31 19:00:00,qualifying_6614
6637,943,8,6,7,15,2015-10-31 19:00:00,qualifying_6615
6638,943,4,1,14,16,2015-10-31 19:00:00,qualifying_6616
6639,943,831,15,12,17,2015-10-31 19:00:00,qualifying_6617
6640,943,834,206,53,18,2015-10-31 19:00:00,qualifying_6618
6641,943,829,206,28,19,2015-10-31 19:00:00,qualifying_6619
6642,943,18,1,22,20,2015-10-31 19:00:00,qualifying_6620
6643,944,3,131,6,1,2015-11-14 16:00:00,qualifying_6621
6644,944,1,131,44,2,2015-11-14 16:00:00,qualifying_6622
6645,944,20,6,5,3,2015-11-14 16:00:00,qualifying_6623
6646,944,822,3,77,4,2015-11-14 16:00:00,qualifying_6624
6647,944,8,6,7,5,2015-11-14 16:00:00,qualifying_6625
6648,944,807,10,27,6,2015-11-14 16:00:00,qualifying_6626
6649,944,826,9,26,7,2015-11-14 16:00:00,qualifying_6627
6650,944,13,3,19,8,2015-11-14 16:00:00,qualifying_6628
6651,944,817,9,3,9,2015-11-14 16:00:00,qualifying_6629
6652,944,830,5,33,10,2015-11-14 16:00:00,qualifying_6630
6653,944,831,15,12,11,2015-11-14 16:00:00,qualifying_6631
6654,944,832,5,55,12,2015-11-14 16:00:00,qualifying_6632
6655,944,815,10,11,13,2015-11-14 16:00:00,qualifying_6633
6656,944,828,15,9,14,2015-11-14 16:00:00,qualifying_6634
6657,944,154,208,8,15,2015-11-14 16:00:00,qualifying_6635
6658,944,813,208,13,16,2015-11-14 16:00:00,qualifying_6636
6659,944,18,1,22,17,2015-11-14 16:00:00,qualifying_6637
6660,944,834,206,53,18,2015-11-14 16:00:00,qualifying_6638
6661,944,829,206,28,19,2015-11-14 16:00:00,qualifying_6639
6662,944,4,1,14,20,2015-11-14 16:00:00,qualifying_6640
6663,945,3,131,6,1,2015-11-28 13:00:00,qualifying_6641
6664,945,1,131,44,2,2015-11-28 13:00:00,qualifying_6642
6665,945,8,6,7,3,2015-11-28 13:00:00,qualifying_6643
6666,945,815,10,11,4,2015-11-28 13:00:00,qualifying_6644
6667,945,817,9,3,5,2015-11-28 13:00:00,qualifying_6645
6668,945,822,3,77,6,2015-11-28 13:00:00,qualifying_6646
6669,945,807,10,27,7,2015-11-28 13:00:00,qualifying_6647
6670,945,13,3,19,8,2015-11-28 13:00:00,qualifying_6648
6671,945,826,9,26,9,2015-11-28 13:00:00,qualifying_6649
6672,945,832,5,55,10,2015-11-28 13:00:00,qualifying_6650
6673,945,830,5,33,11,2015-11-28 13:00:00,qualifying_6651
6674,945,18,1,22,12,2015-11-28 13:00:00,qualifying_6652
6675,945,813,208,13,13,2015-11-28 13:00:00,qualifying_6653
6676,945,831,15,12,14,2015-11-28 13:00:00,qualifying_6654
6677,945,154,208,8,15,2015-11-28 13:00:00,qualifying_6655
6678,945,20,6,5,16,2015-11-28 13:00:00,qualifying_6656
6679,945,4,1,14,17,2015-11-28 13:00:00,qualifying_6657
6680,945,828,15,9,18,2015-11-28 13:00:00,qualifying_6658
6681,945,829,209,28,19,2015-11-28 13:00:00,qualifying_6659
6682,945,833,209,98,20,2015-11-28 13:00:00,qualifying_6660
6683,948,1,131,44,1,2016-03-19 05:00:00,qualifying_6661
6684,948,3,131,6,2,2016-03-19 05:00:00,qualifying_6662
6685,948,20,6,5,3,2016-03-19 05:00:00,qualifying_6663
6686,948,8,6,7,4,2016-03-19 05:00:00,qualifying_6664
6687,948,830,5,33,5,2016-03-19 05:00:00,qualifying_6665
6688,948,13,3,19,6,2016-03-19 05:00:00,qualifying_6666
6689,948,832,5,55,7,2016-03-19 05:00:00,qualifying_6667
6690,948,817,9,3,8,2016-03-19 05:00:00,qualifying_6668
6691,948,815,10,11,9,2016-03-19 05:00:00,qualifying_6669
6692,948,807,10,27,10,2016-03-19 05:00:00,qualifying_6670
6693,948,822,3,77,11,2016-03-19 05:00:00,qualifying_6671
6694,948,4,1,14,12,2016-03-19 05:00:00,qualifying_6672
6695,948,18,1,22,13,2016-03-19 05:00:00,qualifying_6673
6696,948,835,4,30,14,2016-03-19 05:00:00,qualifying_6674
6697,948,825,4,20,15,2016-03-19 05:00:00,qualifying_6675
6698,948,828,15,9,16,2016-03-19 05:00:00,qualifying_6676
6699,948,831,15,12,17,2016-03-19 05:00:00,qualifying_6677
6700,948,826,9,26,18,2016-03-19 05:00:00,qualifying_6678
6701,948,154,210,8,19,2016-03-19 05:00:00,qualifying_6679
6702,948,821,210,21,20,2016-03-19 05:00:00,qualifying_6680
6703,948,837,209,88,21,2016-03-19 05:00:00,qualifying_6681
6704,948,836,209,94,22,2016-03-19 05:00:00,qualifying_6682
6705,949,1,131,44,1,2016-04-02 15:00:00,qualifying_6683
6706,949,3,131,6,2,2016-04-02 15:00:00,qualifying_6684
6707,949,20,6,5,3,2016-04-02 15:00:00,qualifying_6685
6708,949,8,6,7,4,2016-04-02 15:00:00,qualifying_6686
6709,949,817,9,3,5,2016-04-02 15:00:00,qualifying_6687
6710,949,822,3,77,6,2016-04-02 15:00:00,qualifying_6688
6711,949,13,3,19,7,2016-04-02 15:00:00,qualifying_6689
6712,949,807,10,27,8,2016-04-02 15:00:00,qualifying_6690
6713,949,154,210,8,9,2016-04-02 15:00:00,qualifying_6691
6714,949,830,5,33,10,2016-04-02 15:00:00,qualifying_6692
6715,949,832,5,55,11,2016-04-02 15:00:00,qualifying_6693
6716,949,838,1,47,12,2016-04-02 15:00:00,qualifying_6694
6717,949,821,210,21,13,2016-04-02 15:00:00,qualifying_6695
6718,949,18,1,22,14,2016-04-02 15:00:00,qualifying_6696
6719,949,826,9,26,15,2016-04-02 15:00:00,qualifying_6697
6720,949,836,209,94,16,2016-04-02 15:00:00,qualifying_6698
6721,949,828,15,9,17,2016-04-02 15:00:00,qualifying_6699
6722,949,815,10,11,18,2016-04-02 15:00:00,qualifying_6700
6723,949,825,4,20,19,2016-04-02 15:00:00,qualifying_6701
6724,949,835,4,30,20,2016-04-02 15:00:00,qualifying_6702
6725,949,837,209,88,21,2016-04-02 15:00:00,qualifying_6703
6726,949,831,15,12,22,2016-04-02 15:00:00,qualifying_6704
6727,950,3,131,6,1,2016-04-16 06:00:00,qualifying_6705
6728,950,817,9,3,2,2016-04-16 06:00:00,qualifying_6706
6729,950,8,6,7,3,2016-04-16 06:00:00,qualifying_6707
6730,950,20,6,5,4,2016-04-16 06:00:00,qualifying_6708
6731,950,822,3,77,5,2016-04-16 06:00:00,qualifying_6709
6732,950,826,9,26,6,2016-04-16 06:00:00,qualifying_6710
6733,950,815,10,11,7,2016-04-16 06:00:00,qualifying_6711
6734,950,832,5,55,8,2016-04-16 06:00:00,qualifying_6712
6735,950,830,5,33,9,2016-04-16 06:00:00,qualifying_6713
6736,950,807,10,27,10,2016-04-16 06:00:00,qualifying_6714
6737,950,13,3,19,11,2016-04-16 06:00:00,qualifying_6715
6738,950,4,1,14,12,2016-04-16 06:00:00,qualifying_6716
6739,950,18,1,22,13,2016-04-16 06:00:00,qualifying_6717
6740,950,154,210,8,14,2016-04-16 06:00:00,qualifying_6718
6741,950,828,15,9,15,2016-04-16 06:00:00,qualifying_6719
6742,950,831,15,12,16,2016-04-16 06:00:00,qualifying_6720
6743,950,825,4,20,17,2016-04-16 06:00:00,qualifying_6721
6744,950,821,210,21,18,2016-04-16 06:00:00,qualifying_6722
6745,950,835,4,30,19,2016-04-16 06:00:00,qualifying_6723
6746,950,837,209,88,20,2016-04-16 06:00:00,qualifying_6724
6747,950,836,209,94,21,2016-04-16 06:00:00,qualifying_6725
6748,950,1,131,44,22,2016-04-16 06:00:00,qualifying_6726
6749,951,3,131,6,1,2016-04-30 12:00:00,qualifying_6727
6750,951,20,6,5,2,2016-04-30 12:00:00,qualifying_6728
6751,951,822,3,77,3,2016-04-30 12:00:00,qualifying_6729
6752,951,8,6,7,4,2016-04-30 12:00:00,qualifying_6730
6753,951,13,3,19,5,2016-04-30 12:00:00,qualifying_6731
6754,951,817,9,3,6,2016-04-30 12:00:00,qualifying_6732
6755,951,815,10,11,7,2016-04-30 12:00:00,qualifying_6733
6756,951,826,9,26,8,2016-04-30 12:00:00,qualifying_6734
6757,951,830,5,33,9,2016-04-30 12:00:00,qualifying_6735
6758,951,1,131,44,10,2016-04-30 12:00:00,qualifying_6736
6759,951,832,5,55,11,2016-04-30 12:00:00,qualifying_6737
6760,951,18,1,22,12,2016-04-30 12:00:00,qualifying_6738
6761,951,807,10,27,13,2016-04-30 12:00:00,qualifying_6739
6762,951,4,1,14,14,2016-04-30 12:00:00,qualifying_6740
6763,951,154,210,8,15,2016-04-30 12:00:00,qualifying_6741
6764,951,821,210,21,16,2016-04-30 12:00:00,qualifying_6742
6765,951,825,4,20,17,2016-04-30 12:00:00,qualifying_6743
6766,951,835,4,30,18,2016-04-30 12:00:00,qualifying_6744
6767,951,831,15,12,19,2016-04-30 12:00:00,qualifying_6745
6768,951,836,209,94,20,2016-04-30 12:00:00,qualifying_6746
6769,951,837,209,88,21,2016-04-30 12:00:00,qualifying_6747
6770,951,828,15,9,22,2016-04-30 12:00:00,qualifying_6748
6771,952,1,131,44,1,2016-05-14 12:00:00,qualifying_6749
6772,952,3,131,6,2,2016-05-14 12:00:00,qualifying_6750
6773,952,817,9,3,3,2016-05-14 12:00:00,qualifying_6751
6774,952,830,9,33,4,2016-05-14 12:00:00,qualifying_6752
6775,952,8,6,7,5,2016-05-14 12:00:00,qualifying_6753
6776,952,20,6,5,6,2016-05-14 12:00:00,qualifying_6754
6777,952,822,3,77,7,2016-05-14 12:00:00,qualifying_6755
6778,952,832,5,55,8,2016-05-14 12:00:00,qualifying_6756
6779,952,815,10,11,9,2016-05-14 12:00:00,qualifying_6757
6780,952,4,1,14,10,2016-05-14 12:00:00,qualifying_6758
6781,952,807,10,27,11,2016-05-14 12:00:00,qualifying_6759
6782,952,18,1,22,12,2016-05-14 12:00:00,qualifying_6760
6783,952,826,5,26,13,2016-05-14 12:00:00,qualifying_6761
6784,952,154,210,8,14,2016-05-14 12:00:00,qualifying_6762
6785,952,825,4,20,15,2016-05-14 12:00:00,qualifying_6763
6786,952,821,210,21,16,2016-05-14 12:00:00,qualifying_6764
6787,952,835,4,30,17,2016-05-14 12:00:00,qualifying_6765
6788,952,13,3,19,18,2016-05-14 12:00:00,qualifying_6766
6789,952,828,15,9,19,2016-05-14 12:00:00,qualifying_6767
6790,952,831,15,12,20,2016-05-14 12:00:00,qualifying_6768
6791,952,836,209,94,21,2016-05-14 12:00:00,qualifying_6769
6792,952,837,209,88,22,2016-05-14 12:00:00,qualifying_6770
6793,953,817,9,3,1,2016-05-28 12:00:00,qualifying_6771
6794,953,3,131,6,2,2016-05-28 12:00:00,qualifying_6772
6795,953,1,131,44,3,2016-05-28 12:00:00,qualifying_6773
6796,953,20,6,5,4,2016-05-28 12:00:00,qualifying_6774
6797,953,807,10,27,5,2016-05-28 12:00:00,qualifying_6775
6798,953,8,6,7,6,2016-05-28 12:00:00,qualifying_6776
6799,953,832,5,55,7,2016-05-28 12:00:00,qualifying_6777
6800,953,815,10,11,8,2016-05-28 12:00:00,qualifying_6778
6801,953,826,5,26,9,2016-05-28 12:00:00,qualifying_6779
6802,953,4,1,14,10,2016-05-28 12:00:00,qualifying_6780
6803,953,822,3,77,11,2016-05-28 12:00:00,qualifying_6781
6804,953,821,210,21,12,2016-05-28 12:00:00,qualifying_6782
6805,953,18,1,22,13,2016-05-28 12:00:00,qualifying_6783
6806,953,13,3,19,14,2016-05-28 12:00:00,qualifying_6784
6807,953,154,210,8,15,2016-05-28 12:00:00,qualifying_6785
6808,953,825,4,20,16,2016-05-28 12:00:00,qualifying_6786
6809,953,828,15,9,17,2016-05-28 12:00:00,qualifying_6787
6810,953,835,4,30,18,2016-05-28 12:00:00,qualifying_6788
6811,953,837,209,88,19,2016-05-28 12:00:00,qualifying_6789
6812,953,836,209,94,20,2016-05-28 12:00:00,qualifying_6790
6813,953,830,9,33,21,2016-05-28 12:00:00,qualifying_6791
6814,953,831,15,12,22,2016-05-28 12:00:00,qualifying_6792
6815,954,1,131,44,1,2016-06-11 18:00:00,qualifying_6793
6816,954,3,131,6,2,2016-06-11 18:00:00,qualifying_6794
6817,954,20,6,5,3,2016-06-11 18:00:00,qualifying_6795
6818,954,817,9,3,4,2016-06-11 18:00:00,qualifying_6796
6819,954,830,9,33,5,2016-06-11 18:00:00,qualifying_6797
6820,954,8,6,7,6,2016-06-11 18:00:00,qualifying_6798
6821,954,822,3,77,7,2016-06-11 18:00:00,qualifying_6799
6822,954,13,3,19,8,2016-06-11 18:00:00,qualifying_6800
6823,954,807,10,27,9,2016-06-11 18:00:00,qualifying_6801
6824,954,4,1,14,10,2016-06-11 18:00:00,qualifying_6802
6825,954,815,10,11,11,2016-06-11 18:00:00,qualifying_6803
6826,954,18,1,22,12,2016-06-11 18:00:00,qualifying_6804
6827,954,826,5,26,13,2016-06-11 18:00:00,qualifying_6805
6828,954,821,210,21,14,2016-06-11 18:00:00,qualifying_6806
6829,954,154,210,8,15,2016-06-11 18:00:00,qualifying_6807
6830,954,832,5,55,16,2016-06-11 18:00:00,qualifying_6808
6831,954,835,4,30,17,2016-06-11 18:00:00,qualifying_6809
6832,954,836,209,94,18,2016-06-11 18:00:00,qualifying_6810
6833,954,828,15,9,19,2016-06-11 18:00:00,qualifying_6811
6834,954,831,15,12,20,2016-06-11 18:00:00,qualifying_6812
6835,954,837,209,88,21,2016-06-11 18:00:00,qualifying_6813
6836,955,3,131,6,1,2016-06-18 13:00:00,qualifying_6814
6837,955,815,10,11,2,2016-06-18 13:00:00,qualifying_6815
6838,955,817,9,3,3,2016-06-18 13:00:00,qualifying_6816
6839,955,20,6,5,4,2016-06-18 13:00:00,qualifying_6817
6840,955,8,6,7,5,2016-06-18 13:00:00,qualifying_6818
6841,955,13,3,19,6,2016-06-18 13:00:00,qualifying_6819
6842,955,826,5,26,7,2016-06-18 13:00:00,qualifying_6820
6843,955,822,3,77,8,2016-06-18 13:00:00,qualifying_6821
6844,955,830,9,33,9,2016-06-18 13:00:00,qualifying_6822
6845,955,1,131,44,10,2016-06-18 13:00:00,qualifying_6823
6846,955,154,210,8,11,2016-06-18 13:00:00,qualifying_6824
6847,955,807,10,27,12,2016-06-18 13:00:00,qualifying_6825
6848,955,832,5,55,13,2016-06-18 13:00:00,qualifying_6826
6849,955,4,1,14,14,2016-06-18 13:00:00,qualifying_6827
6850,955,821,210,21,15,2016-06-18 13:00:00,qualifying_6828
6851,955,831,15,12,16,2016-06-18 13:00:00,qualifying_6829
6852,955,837,209,88,17,2016-06-18 13:00:00,qualifying_6830
6853,955,836,209,94,18,2016-06-18 13:00:00,qualifying_6831
6854,955,18,1,22,19,2016-06-18 13:00:00,qualifying_6832
6855,955,828,15,9,20,2016-06-18 13:00:00,qualifying_6833
6856,955,825,4,20,21,2016-06-18 13:00:00,qualifying_6834
6857,955,835,4,30,22,2016-06-18 13:00:00,qualifying_6835
6858,956,1,131,44,1,2016-07-02 12:00:00,qualifying_6836
6859,956,3,131,6,2,2016-07-02 12:00:00,qualifying_6837
6860,956,807,10,27,3,2016-07-02 12:00:00,qualifying_6838
6861,956,20,6,5,4,2016-07-02 12:00:00,qualifying_6839
6862,956,18,1,22,5,2016-07-02 12:00:00,qualifying_6840
6863,956,8,6,7,6,2016-07-02 12:00:00,qualifying_6841
6864,956,817,9,3,7,2016-07-02 12:00:00,qualifying_6842
6865,956,822,3,77,8,2016-07-02 12:00:00,qualifying_6843
6866,956,830,9,33,9,2016-07-02 12:00:00,qualifying_6844
6867,956,13,3,19,10,2016-07-02 12:00:00,qualifying_6845
6868,956,821,210,21,11,2016-07-02 12:00:00,qualifying_6846
6869,956,836,209,94,12,2016-07-02 12:00:00,qualifying_6847
6870,956,154,210,8,13,2016-07-02 12:00:00,qualifying_6848
6871,956,4,1,14,14,2016-07-02 12:00:00,qualifying_6849
6872,956,832,5,55,15,2016-07-02 12:00:00,qualifying_6850
6873,956,815,10,11,16,2016-07-02 12:00:00,qualifying_6851
6874,956,825,4,20,17,2016-07-02 12:00:00,qualifying_6852
6875,956,835,4,30,18,2016-07-02 12:00:00,qualifying_6853
6876,956,837,209,88,19,2016-07-02 12:00:00,qualifying_6854
6877,956,826,5,26,20,2016-07-02 12:00:00,qualifying_6855
6878,956,828,15,9,21,2016-07-02 12:00:00,qualifying_6856
6879,956,831,15,12,22,2016-07-02 12:00:00,qualifying_6857
6880,957,1,131,44,1,2016-07-09 12:00:00,qualifying_6858
6881,957,3,131,6,2,2016-07-09 12:00:00,qualifying_6859
6882,957,830,9,33,3,2016-07-09 12:00:00,qualifying_6860
6883,957,817,9,3,4,2016-07-09 12:00:00,qualifying_6861
6884,957,8,6,7,5,2016-07-09 12:00:00,qualifying_6862
6885,957,20,6,5,6,2016-07-09 12:00:00,qualifying_6863
6886,957,822,3,77,7,2016-07-09 12:00:00,qualifying_6864
6887,957,832,5,55,8,2016-07-09 12:00:00,qualifying_6865
6888,957,807,10,27,9,2016-07-09 12:00:00,qualifying_6866
6889,957,4,1,14,10,2016-07-09 12:00:00,qualifying_6867
6890,957,815,10,11,11,2016-07-09 12:00:00,qualifying_6868
6891,957,13,3,19,12,2016-07-09 12:00:00,qualifying_6869
6892,957,154,210,8,13,2016-07-09 12:00:00,qualifying_6870
6893,957,821,210,21,14,2016-07-09 12:00:00,qualifying_6871
6894,957,826,5,26,15,2016-07-09 12:00:00,qualifying_6872
6895,957,825,4,20,16,2016-07-09 12:00:00,qualifying_6873
6896,957,18,1,22,17,2016-07-09 12:00:00,qualifying_6874
6897,957,835,4,30,18,2016-07-09 12:00:00,qualifying_6875
6898,957,837,209,88,19,2016-07-09 12:00:00,qualifying_6876
6899,957,836,209,94,20,2016-07-09 12:00:00,qualifying_6877
6900,957,831,15,12,21,2016-07-09 12:00:00,qualifying_6878
6901,958,3,131,6,1,2016-07-23 12:00:00,qualifying_6879
6902,958,1,131,44,2,2016-07-23 12:00:00,qualifying_6880
6903,958,817,9,3,3,2016-07-23 12:00:00,qualifying_6881
6904,958,830,9,33,4,2016-07-23 12:00:00,qualifying_6882
6905,958,20,6,5,5,2016-07-23 12:00:00,qualifying_6883
6906,958,832,5,55,6,2016-07-23 12:00:00,qualifying_6884
6907,958,4,1,14,7,2016-07-23 12:00:00,qualifying_6885
6908,958,18,1,22,8,2016-07-23 12:00:00,qualifying_6886
6909,958,807,10,27,9,2016-07-23 12:00:00,qualifying_6887
6910,958,822,3,77,10,2016-07-23 12:00:00,qualifying_6888
6911,958,154,210,8,11,2016-07-23 12:00:00,qualifying_6889
6912,958,826,5,26,12,2016-07-23 12:00:00,qualifying_6890
6913,958,815,10,11,13,2016-07-23 12:00:00,qualifying_6891
6914,958,8,6,7,14,2016-07-23 12:00:00,qualifying_6892
6915,958,821,210,21,15,2016-07-23 12:00:00,qualifying_6893
6916,958,831,15,12,16,2016-07-23 12:00:00,qualifying_6894
6917,958,835,4,30,17,2016-07-23 12:00:00,qualifying_6895
6918,958,13,3,19,18,2016-07-23 12:00:00,qualifying_6896
6919,958,825,4,20,19,2016-07-23 12:00:00,qualifying_6897
6920,958,828,15,9,20,2016-07-23 12:00:00,qualifying_6898
6921,958,836,209,94,21,2016-07-23 12:00:00,qualifying_6899
6922,958,837,209,88,22,2016-07-23 12:00:00,qualifying_6900
6923,959,3,131,6,1,2016-07-30 12:00:00,qualifying_6901
6924,959,1,131,44,2,2016-07-30 12:00:00,qualifying_6902
6925,959,817,9,3,3,2016-07-30 12:00:00,qualifying_6903
6926,959,830,9,33,4,2016-07-30 12:00:00,qualifying_6904
6927,959,8,6,7,5,2016-07-30 12:00:00,qualifying_6905
6928,959,20,6,5,6,2016-07-30 12:00:00,qualifying_6906
6929,959,807,10,27,7,2016-07-30 12:00:00,qualifying_6907
6930,959,822,3,77,8,2016-07-30 12:00:00,qualifying_6908
6931,959,815,10,11,9,2016-07-30 12:00:00,qualifying_6909
6932,959,13,3,19,10,2016-07-30 12:00:00,qualifying_6910
6933,959,821,210,21,11,2016-07-30 12:00:00,qualifying_6911
6934,959,18,1,22,12,2016-07-30 12:00:00,qualifying_6912
6935,959,832,5,55,13,2016-07-30 12:00:00,qualifying_6913
6936,959,4,1,14,14,2016-07-30 12:00:00,qualifying_6914
6937,959,154,210,8,15,2016-07-30 12:00:00,qualifying_6915
6938,959,835,4,30,16,2016-07-30 12:00:00,qualifying_6916
6939,959,825,4,20,17,2016-07-30 12:00:00,qualifying_6917
6940,959,836,209,94,18,2016-07-30 12:00:00,qualifying_6918
6941,959,826,5,26,19,2016-07-30 12:00:00,qualifying_6919
6942,959,837,209,88,20,2016-07-30 12:00:00,qualifying_6920
6943,959,831,15,12,21,2016-07-30 12:00:00,qualifying_6921
6944,959,828,15,9,22,2016-07-30 12:00:00,qualifying_6922
6945,960,3,131,6,1,2016-08-27 12:00:00,qualifying_6923
6946,960,830,9,33,2,2016-08-27 12:00:00,qualifying_6924
6947,960,8,6,7,3,2016-08-27 12:00:00,qualifying_6925
6948,960,20,6,5,4,2016-08-27 12:00:00,qualifying_6926
6949,960,817,9,3,5,2016-08-27 12:00:00,qualifying_6927
6950,960,815,10,11,6,2016-08-27 12:00:00,qualifying_6928
6951,960,807,10,27,7,2016-08-27 12:00:00,qualifying_6929
6952,960,822,3,77,8,2016-08-27 12:00:00,qualifying_6930
6953,960,18,1,22,9,2016-08-27 12:00:00,qualifying_6931
6954,960,13,3,19,10,2016-08-27 12:00:00,qualifying_6932
6955,960,154,210,8,11,2016-08-27 12:00:00,qualifying_6933
6956,960,825,4,20,12,2016-08-27 12:00:00,qualifying_6934
6957,960,821,210,21,13,2016-08-27 12:00:00,qualifying_6935
6958,960,835,4,30,14,2016-08-27 12:00:00,qualifying_6936
6959,960,832,5,55,15,2016-08-27 12:00:00,qualifying_6937
6960,960,836,209,94,16,2016-08-27 12:00:00,qualifying_6938
6961,960,831,15,12,17,2016-08-27 12:00:00,qualifying_6939
6962,960,839,209,31,18,2016-08-27 12:00:00,qualifying_6940
6963,960,826,5,26,19,2016-08-27 12:00:00,qualifying_6941
6964,960,828,15,9,20,2016-08-27 12:00:00,qualifying_6942
6965,960,1,131,44,21,2016-08-27 12:00:00,qualifying_6943
6966,961,1,131,44,1,2016-09-03 12:00:00,qualifying_6944
6967,961,3,131,6,2,2016-09-03 12:00:00,qualifying_6945
6968,961,20,6,5,3,2016-09-03 12:00:00,qualifying_6946
6969,961,8,6,7,4,2016-09-03 12:00:00,qualifying_6947
6970,961,822,3,77,5,2016-09-03 12:00:00,qualifying_6948
6971,961,817,9,3,6,2016-09-03 12:00:00,qualifying_6949
6972,961,830,9,33,7,2016-09-03 12:00:00,qualifying_6950
6973,961,815,10,11,8,2016-09-03 12:00:00,qualifying_6951
6974,961,807,10,27,9,2016-09-03 12:00:00,qualifying_6952
6975,961,821,210,21,10,2016-09-03 12:00:00,qualifying_6953
6976,961,13,3,19,11,2016-09-03 12:00:00,qualifying_6954
6977,961,154,210,8,12,2016-09-03 12:00:00,qualifying_6955
6978,961,4,1,14,13,2016-09-03 12:00:00,qualifying_6956
6979,961,836,209,94,14,2016-09-03 12:00:00,qualifying_6957
6980,961,18,1,22,15,2016-09-03 12:00:00,qualifying_6958
6981,961,832,5,55,16,2016-09-03 12:00:00,qualifying_6959
6982,961,826,5,26,17,2016-09-03 12:00:00,qualifying_6960
6983,961,831,15,12,18,2016-09-03 12:00:00,qualifying_6961
6984,961,828,15,9,19,2016-09-03 12:00:00,qualifying_6962
6985,961,835,4,30,20,2016-09-03 12:00:00,qualifying_6963
6986,961,825,4,20,21,2016-09-03 12:00:00,qualifying_6964
6987,962,3,131,6,1,2016-09-17 12:00:00,qualifying_6965
6988,962,817,9,3,2,2016-09-17 12:00:00,qualifying_6966
6989,962,1,131,44,3,2016-09-17 12:00:00,qualifying_6967
6990,962,830,9,33,4,2016-09-17 12:00:00,qualifying_6968
6991,962,8,6,7,5,2016-09-17 12:00:00,qualifying_6969
6992,962,832,5,55,6,2016-09-17 12:00:00,qualifying_6970
6993,962,826,5,26,7,2016-09-17 12:00:00,qualifying_6971
6994,962,807,10,27,8,2016-09-17 12:00:00,qualifying_6972
6995,962,4,1,14,9,2016-09-17 12:00:00,qualifying_6973
6996,962,815,10,11,10,2016-09-17 12:00:00,qualifying_6974
6997,962,822,3,77,11,2016-09-17 12:00:00,qualifying_6975
6998,962,13,3,19,12,2016-09-17 12:00:00,qualifying_6976
6999,962,18,1,22,13,2016-09-17 12:00:00,qualifying_6977
7000,962,821,210,21,14,2016-09-17 12:00:00,qualifying_6978
7001,962,154,210,8,15,2016-09-17 12:00:00,qualifying_6979
7002,962,828,15,9,16,2016-09-17 12:00:00,qualifying_6980
7003,962,825,4,20,17,2016-09-17 12:00:00,qualifying_6981
7004,962,831,15,12,18,2016-09-17 12:00:00,qualifying_6982
7005,962,835,4,30,19,2016-09-17 12:00:00,qualifying_6983
7006,962,836,209,94,20,2016-09-17 12:00:00,qualifying_6984
7007,962,839,209,31,21,2016-09-17 12:00:00,qualifying_6985
7008,962,20,6,5,22,2016-09-17 12:00:00,qualifying_6986
7009,963,1,131,44,1,2016-10-01 07:00:00,qualifying_6987
7010,963,3,131,6,2,2016-10-01 07:00:00,qualifying_6988
7011,963,830,9,33,3,2016-10-01 07:00:00,qualifying_6989
7012,963,817,9,3,4,2016-10-01 07:00:00,qualifying_6990
7013,963,20,6,5,5,2016-10-01 07:00:00,qualifying_6991
7014,963,8,6,7,6,2016-10-01 07:00:00,qualifying_6992
7015,963,815,10,11,7,2016-10-01 07:00:00,qualifying_6993
7016,963,807,10,27,8,2016-10-01 07:00:00,qualifying_6994
7017,963,18,1,22,9,2016-10-01 07:00:00,qualifying_6995
7018,963,13,3,19,10,2016-10-01 07:00:00,qualifying_6996
7019,963,822,3,77,11,2016-10-01 07:00:00,qualifying_6997
7020,963,154,210,8,12,2016-10-01 07:00:00,qualifying_6998
7021,963,821,210,21,13,2016-10-01 07:00:00,qualifying_6999
7022,963,825,4,20,14,2016-10-01 07:00:00,qualifying_7000
7023,963,826,5,26,15,2016-10-01 07:00:00,qualifying_7001
7024,963,832,5,55,16,2016-10-01 07:00:00,qualifying_7002
7025,963,828,15,9,17,2016-10-01 07:00:00,qualifying_7003
7026,963,831,15,12,18,2016-10-01 07:00:00,qualifying_7004
7027,963,835,4,30,19,2016-10-01 07:00:00,qualifying_7005
7028,963,839,209,31,20,2016-10-01 07:00:00,qualifying_7006
7029,963,836,209,94,21,2016-10-01 07:00:00,qualifying_7007
7030,963,4,1,14,22,2016-10-01 07:00:00,qualifying_7008
7031,964,3,131,6,1,2016-10-08 05:00:00,qualifying_7009
7032,964,1,131,44,2,2016-10-08 05:00:00,qualifying_7010
7033,964,8,6,7,3,2016-10-08 05:00:00,qualifying_7011
7034,964,20,6,5,4,2016-10-08 05:00:00,qualifying_7012
7035,964,830,9,33,5,2016-10-08 05:00:00,qualifying_7013
7036,964,817,9,3,6,2016-10-08 05:00:00,qualifying_7014
7037,964,815,10,11,7,2016-10-08 05:00:00,qualifying_7015
7038,964,154,210,8,8,2016-10-08 05:00:00,qualifying_7016
7039,964,807,10,27,9,2016-10-08 05:00:00,qualifying_7017
7040,964,821,210,21,10,2016-10-08 05:00:00,qualifying_7018
7041,964,822,3,77,11,2016-10-08 05:00:00,qualifying_7019
7042,964,13,3,19,12,2016-10-08 05:00:00,qualifying_7020
7043,964,826,5,26,13,2016-10-08 05:00:00,qualifying_7021
7044,964,832,5,55,14,2016-10-08 05:00:00,qualifying_7022
7045,964,4,1,14,15,2016-10-08 05:00:00,qualifying_7023
7046,964,835,4,30,16,2016-10-08 05:00:00,qualifying_7024
7047,964,18,1,22,17,2016-10-08 05:00:00,qualifying_7025
7048,964,825,4,20,18,2016-10-08 05:00:00,qualifying_7026
7049,964,828,15,9,19,2016-10-08 05:00:00,qualifying_7027
7050,964,831,15,12,20,2016-10-08 05:00:00,qualifying_7028
7051,964,839,209,31,21,2016-10-08 05:00:00,qualifying_7029
7052,964,836,209,94,22,2016-10-08 05:00:00,qualifying_7030
7053,965,1,131,44,1,2016-10-22 19:00:00,qualifying_7031
7054,965,3,131,6,2,2016-10-22 19:00:00,qualifying_7032
7055,965,817,9,3,3,2016-10-22 19:00:00,qualifying_7033
7056,965,830,9,33,4,2016-10-22 19:00:00,qualifying_7034
7057,965,8,6,7,5,2016-10-22 19:00:00,qualifying_7035
7058,965,20,6,5,6,2016-10-22 19:00:00,qualifying_7036
7059,965,807,10,27,7,2016-10-22 19:00:00,qualifying_7037
7060,965,822,3,77,8,2016-10-22 19:00:00,qualifying_7038
7061,965,13,3,19,9,2016-10-22 19:00:00,qualifying_7039
7062,965,832,5,55,10,2016-10-22 19:00:00,qualifying_7040
7063,965,815,10,11,11,2016-10-22 19:00:00,qualifying_7041
7064,965,4,1,14,12,2016-10-22 19:00:00,qualifying_7042
7065,965,826,5,26,13,2016-10-22 19:00:00,qualifying_7043
7066,965,821,210,21,14,2016-10-22 19:00:00,qualifying_7044
7067,965,835,4,30,15,2016-10-22 19:00:00,qualifying_7045
7068,965,828,15,9,16,2016-10-22 19:00:00,qualifying_7046
7069,965,154,210,8,17,2016-10-22 19:00:00,qualifying_7047
7070,965,825,4,20,18,2016-10-22 19:00:00,qualifying_7048
7071,965,18,1,22,19,2016-10-22 19:00:00,qualifying_7049
7072,965,836,209,94,20,2016-10-22 19:00:00,qualifying_7050
7073,965,831,15,12,21,2016-10-22 19:00:00,qualifying_7051
7074,965,839,209,31,22,2016-10-22 19:00:00,qualifying_7052
7075,966,1,131,44,1,2016-10-29 19:00:00,qualifying_7053
7076,966,3,131,6,2,2016-10-29 19:00:00,qualifying_7054
7077,966,830,9,33,3,2016-10-29 19:00:00,qualifying_7055
7078,966,817,9,3,4,2016-10-29 19:00:00,qualifying_7056
7079,966,807,10,27,5,2016-10-29 19:00:00,qualifying_7057
7080,966,8,6,7,6,2016-10-29 19:00:00,qualifying_7058
7081,966,20,6,5,7,2016-10-29 19:00:00,qualifying_7059
7082,966,822,3,77,8,2016-10-29 19:00:00,qualifying_7060
7083,966,13,3,19,9,2016-10-29 19:00:00,qualifying_7061
7084,966,832,5,55,10,2016-10-29 19:00:00,qualifying_7062
7085,966,4,1,14,11,2016-10-29 19:00:00,qualifying_7063
7086,966,815,10,11,12,2016-10-29 19:00:00,qualifying_7064
7087,966,18,1,22,13,2016-10-29 19:00:00,qualifying_7065
7088,966,825,4,20,14,2016-10-29 19:00:00,qualifying_7066
7089,966,828,15,9,15,2016-10-29 19:00:00,qualifying_7067
7090,966,836,209,94,16,2016-10-29 19:00:00,qualifying_7068
7091,966,821,210,21,17,2016-10-29 19:00:00,qualifying_7069
7092,966,826,5,26,18,2016-10-29 19:00:00,qualifying_7070
7093,966,831,15,12,19,2016-10-29 19:00:00,qualifying_7071
7094,966,839,209,31,20,2016-10-29 19:00:00,qualifying_7072
7095,966,154,210,8,21,2016-10-29 19:00:00,qualifying_7073
7096,967,1,131,44,1,2016-11-12 16:00:00,qualifying_7074
7097,967,3,131,6,2,2016-11-12 16:00:00,qualifying_7075
7098,967,8,6,7,3,2016-11-12 16:00:00,qualifying_7076
7099,967,830,9,33,4,2016-11-12 16:00:00,qualifying_7077
7100,967,20,6,5,5,2016-11-12 16:00:00,qualifying_7078
7101,967,817,9,3,6,2016-11-12 16:00:00,qualifying_7079
7102,967,154,210,8,7,2016-11-12 16:00:00,qualifying_7080
7103,967,807,10,27,8,2016-11-12 16:00:00,qualifying_7081
7104,967,815,10,11,9,2016-11-12 16:00:00,qualifying_7082
7105,967,4,1,14,10,2016-11-12 16:00:00,qualifying_7083
7106,967,822,3,77,11,2016-11-12 16:00:00,qualifying_7084
7107,967,821,210,21,12,2016-11-12 16:00:00,qualifying_7085
7108,967,13,3,19,13,2016-11-12 16:00:00,qualifying_7086
7109,967,826,5,26,14,2016-11-12 16:00:00,qualifying_7087
7110,967,832,5,55,15,2016-11-12 16:00:00,qualifying_7088
7111,967,835,4,30,16,2016-11-12 16:00:00,qualifying_7089
7112,967,18,1,22,17,2016-11-12 16:00:00,qualifying_7090
7113,967,825,4,20,18,2016-11-12 16:00:00,qualifying_7091
7114,967,836,209,94,19,2016-11-12 16:00:00,qualifying_7092
7115,967,839,209,31,20,2016-11-12 16:00:00,qualifying_7093
7116,967,828,15,9,21,2016-11-12 16:00:00,qualifying_7094
7117,967,831,15,12,22,2016-11-12 16:00:00,qualifying_7095
7118,968,1,131,44,1,2016-11-26 13:00:00,qualifying_7096
7119,968,3,131,6,2,2016-11-26 13:00:00,qualifying_7097
7120,968,817,9,3,3,2016-11-26 13:00:00,qualifying_7098
7121,968,8,6,7,4,2016-11-26 13:00:00,qualifying_7099
7122,968,20,6,5,5,2016-11-26 13:00:00,qualifying_7100
7123,968,830,9,33,6,2016-11-26 13:00:00,qualifying_7101
7124,968,807,10,27,7,2016-11-26 13:00:00,qualifying_7102
7125,968,815,10,11,8,2016-11-26 13:00:00,qualifying_7103
7126,968,4,1,14,9,2016-11-26 13:00:00,qualifying_7104
7127,968,13,3,19,10,2016-11-26 13:00:00,qualifying_7105
7128,968,822,3,77,11,2016-11-26 13:00:00,qualifying_7106
7129,968,18,1,22,12,2016-11-26 13:00:00,qualifying_7107
7130,968,821,210,21,13,2016-11-26 13:00:00,qualifying_7108
7131,968,154,210,8,14,2016-11-26 13:00:00,qualifying_7109
7132,968,835,4,30,15,2016-11-26 13:00:00,qualifying_7110
7133,968,836,209,94,16,2016-11-26 13:00:00,qualifying_7111
7134,968,826,5,26,17,2016-11-26 13:00:00,qualifying_7112
7135,968,825,4,20,18,2016-11-26 13:00:00,qualifying_7113
7136,968,831,15,12,19,2016-11-26 13:00:00,qualifying_7114
7137,968,839,209,31,20,2016-11-26 13:00:00,qualifying_7115
7138,968,832,5,55,21,2016-11-26 13:00:00,qualifying_7116
7139,968,828,15,9,22,2016-11-26 13:00:00,qualifying_7117
7140,969,1,131,44,1,2017-03-25 05:00:00,qualifying_7118
7141,969,20,6,5,2,2017-03-25 05:00:00,qualifying_7119
7142,969,822,131,77,3,2017-03-25 05:00:00,qualifying_7120
7143,969,8,6,7,4,2017-03-25 05:00:00,qualifying_7121
7144,969,830,9,33,5,2017-03-25 05:00:00,qualifying_7122
7145,969,154,210,8,6,2017-03-25 05:00:00,qualifying_7123
7146,969,13,3,19,7,2017-03-25 05:00:00,qualifying_7124
7147,969,832,5,55,8,2017-03-25 05:00:00,qualifying_7125
7148,969,826,5,26,9,2017-03-25 05:00:00,qualifying_7126
7149,969,817,9,3,10,2017-03-25 05:00:00,qualifying_7127
7150,969,815,10,11,11,2017-03-25 05:00:00,qualifying_7128
7151,969,807,4,27,12,2017-03-25 05:00:00,qualifying_7129
7152,969,4,1,14,13,2017-03-25 05:00:00,qualifying_7130
7153,969,839,10,31,14,2017-03-25 05:00:00,qualifying_7131
7154,969,828,15,9,15,2017-03-25 05:00:00,qualifying_7132
7155,969,841,15,36,16,2017-03-25 05:00:00,qualifying_7133
7156,969,825,210,20,17,2017-03-25 05:00:00,qualifying_7134
7157,969,838,1,2,18,2017-03-25 05:00:00,qualifying_7135
7158,969,840,3,18,19,2017-03-25 05:00:00,qualifying_7136
7159,969,835,4,30,20,2017-03-25 05:00:00,qualifying_7137
7160,970,1,131,44,1,2017-04-08 06:00:00,qualifying_7138
7161,970,20,6,5,2,2017-04-08 06:00:00,qualifying_7139
7162,970,822,131,77,3,2017-04-08 06:00:00,qualifying_7140
7163,970,8,6,7,4,2017-04-08 06:00:00,qualifying_7141
7164,970,817,9,3,5,2017-04-08 06:00:00,qualifying_7142
7165,970,13,3,19,6,2017-04-08 06:00:00,qualifying_7143
7166,970,807,4,27,7,2017-04-08 06:00:00,qualifying_7144
7167,970,815,10,11,8,2017-04-08 06:00:00,qualifying_7145
7168,970,826,5,26,9,2017-04-08 06:00:00,qualifying_7146
7169,970,840,3,18,10,2017-04-08 06:00:00,qualifying_7147
7170,970,832,5,55,11,2017-04-08 06:00:00,qualifying_7148
7171,970,825,210,20,12,2017-04-08 06:00:00,qualifying_7149
7172,970,4,1,14,13,2017-04-08 06:00:00,qualifying_7150
7173,970,828,15,9,14,2017-04-08 06:00:00,qualifying_7151
7174,970,841,15,36,15,2017-04-08 06:00:00,qualifying_7152
7175,970,838,1,2,16,2017-04-08 06:00:00,qualifying_7153
7176,970,154,210,8,17,2017-04-08 06:00:00,qualifying_7154
7177,970,835,4,30,18,2017-04-08 06:00:00,qualifying_7155
7178,970,830,9,33,19,2017-04-08 06:00:00,qualifying_7156
7179,970,839,10,31,20,2017-04-08 06:00:00,qualifying_7157
7180,971,822,131,77,1,2017-04-15 15:00:00,qualifying_7158
7181,971,1,131,44,2,2017-04-15 15:00:00,qualifying_7159
7182,971,20,6,5,3,2017-04-15 15:00:00,qualifying_7160
7183,971,817,9,3,4,2017-04-15 15:00:00,qualifying_7161
7184,971,8,6,7,5,2017-04-15 15:00:00,qualifying_7162
7185,971,830,9,33,6,2017-04-15 15:00:00,qualifying_7163
7186,971,807,4,27,7,2017-04-15 15:00:00,qualifying_7164
7187,971,13,3,19,8,2017-04-15 15:00:00,qualifying_7165
7188,971,154,210,8,9,2017-04-15 15:00:00,qualifying_7166
7189,971,835,4,30,10,2017-04-15 15:00:00,qualifying_7167
7190,971,826,5,26,11,2017-04-15 15:00:00,qualifying_7168
7191,971,840,3,18,12,2017-04-15 15:00:00,qualifying_7169
7192,971,836,15,94,13,2017-04-15 15:00:00,qualifying_7170
7193,971,839,10,31,14,2017-04-15 15:00:00,qualifying_7171
7194,971,4,1,14,15,2017-04-15 15:00:00,qualifying_7172
7195,971,832,5,55,16,2017-04-15 15:00:00,qualifying_7173
7196,971,838,1,2,17,2017-04-15 15:00:00,qualifying_7174
7197,971,815,10,11,18,2017-04-15 15:00:00,qualifying_7175
7198,971,828,15,9,19,2017-04-15 15:00:00,qualifying_7176
7199,971,825,210,20,20,2017-04-15 15:00:00,qualifying_7177
7200,972,20,6,5,1,2017-04-29 12:00:00,qualifying_7178
7201,972,8,6,7,2,2017-04-29 12:00:00,qualifying_7179
7202,972,822,131,77,3,2017-04-29 12:00:00,qualifying_7180
7203,972,1,131,44,4,2017-04-29 12:00:00,qualifying_7181
7204,972,817,9,3,5,2017-04-29 12:00:00,qualifying_7182
7205,972,13,3,19,6,2017-04-29 12:00:00,qualifying_7183
7206,972,830,9,33,7,2017-04-29 12:00:00,qualifying_7184
7207,972,807,4,27,8,2017-04-29 12:00:00,qualifying_7185
7208,972,815,10,11,9,2017-04-29 12:00:00,qualifying_7186
7209,972,839,10,31,10,2017-04-29 12:00:00,qualifying_7187
7210,972,832,5,55,11,2017-04-29 12:00:00,qualifying_7188
7211,972,840,3,18,12,2017-04-29 12:00:00,qualifying_7189
7212,972,826,5,26,13,2017-04-29 12:00:00,qualifying_7190
7213,972,825,210,20,14,2017-04-29 12:00:00,qualifying_7191
7214,972,4,1,14,15,2017-04-29 12:00:00,qualifying_7192
7215,972,835,4,30,16,2017-04-29 12:00:00,qualifying_7193
7216,972,838,1,2,17,2017-04-29 12:00:00,qualifying_7194
7217,972,836,15,94,18,2017-04-29 12:00:00,qualifying_7195
7218,972,828,15,9,19,2017-04-29 12:00:00,qualifying_7196
7219,972,154,210,8,20,2017-04-29 12:00:00,qualifying_7197
7220,973,1,131,44,1,2017-05-13 12:00:00,qualifying_7198
7221,973,20,6,5,2,2017-05-13 12:00:00,qualifying_7199
7222,973,822,131,77,3,2017-05-13 12:00:00,qualifying_7200
7223,973,8,6,7,4,2017-05-13 12:00:00,qualifying_7201
7224,973,830,9,33,5,2017-05-13 12:00:00,qualifying_7202
7225,973,817,9,3,6,2017-05-13 12:00:00,qualifying_7203
7226,973,4,1,14,7,2017-05-13 12:00:00,qualifying_7204
7227,973,815,10,11,8,2017-05-13 12:00:00,qualifying_7205
7228,973,13,3,19,9,2017-05-13 12:00:00,qualifying_7206
7229,973,839,10,31,10,2017-05-13 12:00:00,qualifying_7207
7230,973,825,210,20,11,2017-05-13 12:00:00,qualifying_7208
7231,973,832,5,55,12,2017-05-13 12:00:00,qualifying_7209
7232,973,807,4,27,13,2017-05-13 12:00:00,qualifying_7210
7233,973,154,210,8,14,2017-05-13 12:00:00,qualifying_7211
7234,973,836,15,94,15,2017-05-13 12:00:00,qualifying_7212
7235,973,828,15,9,16,2017-05-13 12:00:00,qualifying_7213
7236,973,835,4,30,17,2017-05-13 12:00:00,qualifying_7214
7237,973,840,3,18,18,2017-05-13 12:00:00,qualifying_7215
7238,973,838,1,2,19,2017-05-13 12:00:00,qualifying_7216
7239,973,826,5,26,20,2017-05-13 12:00:00,qualifying_7217
7240,974,8,6,7,1,2017-05-27 12:00:00,qualifying_7218
7241,974,20,6,5,2,2017-05-27 12:00:00,qualifying_7219
7242,974,822,131,77,3,2017-05-27 12:00:00,qualifying_7220
7243,974,830,9,33,4,2017-05-27 12:00:00,qualifying_7221
7244,974,817,9,3,5,2017-05-27 12:00:00,qualifying_7222
7245,974,832,5,55,6,2017-05-27 12:00:00,qualifying_7223
7246,974,815,10,11,7,2017-05-27 12:00:00,qualifying_7224
7247,974,154,210,8,8,2017-05-27 12:00:00,qualifying_7225
7248,974,18,1,22,9,2017-05-27 12:00:00,qualifying_7226
7249,974,838,1,2,10,2017-05-27 12:00:00,qualifying_7227
7250,974,826,5,26,11,2017-05-27 12:00:00,qualifying_7228
7251,974,807,4,27,12,2017-05-27 12:00:00,qualifying_7229
7252,974,825,210,20,13,2017-05-27 12:00:00,qualifying_7230
7253,974,1,131,44,14,2017-05-27 12:00:00,qualifying_7231
7254,974,13,3,19,15,2017-05-27 12:00:00,qualifying_7232
7255,974,839,10,31,16,2017-05-27 12:00:00,qualifying_7233
7256,974,835,4,30,17,2017-05-27 12:00:00,qualifying_7234
7257,974,840,3,18,18,2017-05-27 12:00:00,qualifying_7235
7258,974,836,15,94,19,2017-05-27 12:00:00,qualifying_7236
7259,974,828,15,9,20,2017-05-27 12:00:00,qualifying_7237
7260,975,1,131,44,1,2017-06-10 18:00:00,qualifying_7238
7261,975,20,6,5,2,2017-06-10 18:00:00,qualifying_7239
7262,975,822,131,77,3,2017-06-10 18:00:00,qualifying_7240
7263,975,8,6,7,4,2017-06-10 18:00:00,qualifying_7241
7264,975,830,9,33,5,2017-06-10 18:00:00,qualifying_7242
7265,975,817,9,3,6,2017-06-10 18:00:00,qualifying_7243
7266,975,13,3,19,7,2017-06-10 18:00:00,qualifying_7244
7267,975,815,10,11,8,2017-06-10 18:00:00,qualifying_7245
7268,975,839,10,31,9,2017-06-10 18:00:00,qualifying_7246
7269,975,807,4,27,10,2017-06-10 18:00:00,qualifying_7247
7270,975,826,5,26,11,2017-06-10 18:00:00,qualifying_7248
7271,975,4,1,14,12,2017-06-10 18:00:00,qualifying_7249
7272,975,832,5,55,13,2017-06-10 18:00:00,qualifying_7250
7273,975,154,210,8,14,2017-06-10 18:00:00,qualifying_7251
7274,975,835,4,30,15,2017-06-10 18:00:00,qualifying_7252
7275,975,838,1,2,16,2017-06-10 18:00:00,qualifying_7253
7276,975,840,3,18,17,2017-06-10 18:00:00,qualifying_7254
7277,975,825,210,20,18,2017-06-10 18:00:00,qualifying_7255
7278,975,828,15,9,19,2017-06-10 18:00:00,qualifying_7256
7279,975,836,15,94,20,2017-06-10 18:00:00,qualifying_7257
7280,976,1,131,44,1,2017-06-24 13:00:00,qualifying_7258
7281,976,822,131,77,2,2017-06-24 13:00:00,qualifying_7259
7282,976,8,6,7,3,2017-06-24 13:00:00,qualifying_7260
7283,976,20,6,5,4,2017-06-24 13:00:00,qualifying_7261
7284,976,830,9,33,5,2017-06-24 13:00:00,qualifying_7262
7285,976,815,10,11,6,2017-06-24 13:00:00,qualifying_7263
7286,976,839,10,31,7,2017-06-24 13:00:00,qualifying_7264
7287,976,840,3,18,8,2017-06-24 13:00:00,qualifying_7265
7288,976,13,3,19,9,2017-06-24 13:00:00,qualifying_7266
7289,976,817,9,3,10,2017-06-24 13:00:00,qualifying_7267
7290,976,826,5,26,11,2017-06-24 13:00:00,qualifying_7268
7291,976,832,5,55,12,2017-06-24 13:00:00,qualifying_7269
7292,976,825,210,20,13,2017-06-24 13:00:00,qualifying_7270
7293,976,807,4,27,14,2017-06-24 13:00:00,qualifying_7271
7294,976,836,15,94,15,2017-06-24 13:00:00,qualifying_7272
7295,976,4,1,14,16,2017-06-24 13:00:00,qualifying_7273
7296,976,154,210,8,17,2017-06-24 13:00:00,qualifying_7274
7297,976,828,15,9,18,2017-06-24 13:00:00,qualifying_7275
7298,976,838,1,2,19,2017-06-24 13:00:00,qualifying_7276
7299,114,18,16,17,20,2003-05-31 00:00:00,qualifying_7277
7300,977,822,131,77,1,2017-07-08 12:00:00,qualifying_7278
7301,977,20,6,5,2,2017-07-08 12:00:00,qualifying_7279
7302,977,1,131,44,3,2017-07-08 12:00:00,qualifying_7280
7303,977,8,6,7,4,2017-07-08 12:00:00,qualifying_7281
7304,977,817,9,3,5,2017-07-08 12:00:00,qualifying_7282
7305,977,830,9,33,6,2017-07-08 12:00:00,qualifying_7283
7306,977,154,210,8,7,2017-07-08 12:00:00,qualifying_7284
7307,977,815,10,11,8,2017-07-08 12:00:00,qualifying_7285
7308,977,839,10,31,9,2017-07-08 12:00:00,qualifying_7286
7309,977,832,5,55,10,2017-07-08 12:00:00,qualifying_7287
7310,977,807,4,27,11,2017-07-08 12:00:00,qualifying_7288
7311,977,4,1,14,12,2017-07-08 12:00:00,qualifying_7289
7312,977,838,1,2,13,2017-07-08 12:00:00,qualifying_7290
7313,977,826,5,26,14,2017-07-08 12:00:00,qualifying_7291
7314,977,825,210,20,15,2017-07-08 12:00:00,qualifying_7292
7315,977,835,4,30,16,2017-07-08 12:00:00,qualifying_7293
7316,977,13,3,19,17,2017-07-08 12:00:00,qualifying_7294
7317,977,840,3,18,18,2017-07-08 12:00:00,qualifying_7295
7318,977,828,15,9,19,2017-07-08 12:00:00,qualifying_7296
7319,977,836,15,94,20,2017-07-08 12:00:00,qualifying_7297
7320,978,1,131,44,1,2017-07-15 12:00:00,qualifying_7298
7321,978,8,6,7,2,2017-07-15 12:00:00,qualifying_7299
7322,978,20,6,5,3,2017-07-15 12:00:00,qualifying_7300
7323,978,822,131,77,4,2017-07-15 12:00:00,qualifying_7301
7324,978,830,9,33,5,2017-07-15 12:00:00,qualifying_7302
7325,978,807,4,27,6,2017-07-15 12:00:00,qualifying_7303
7326,978,815,10,11,7,2017-07-15 12:00:00,qualifying_7304
7327,978,839,10,31,8,2017-07-15 12:00:00,qualifying_7305
7328,978,838,1,2,9,2017-07-15 12:00:00,qualifying_7306
7329,978,154,210,8,10,2017-07-15 12:00:00,qualifying_7307
7330,978,835,4,30,11,2017-07-15 12:00:00,qualifying_7308
7331,978,826,5,26,12,2017-07-15 12:00:00,qualifying_7309
7332,978,4,1,14,13,2017-07-15 12:00:00,qualifying_7310
7333,978,832,5,55,14,2017-07-15 12:00:00,qualifying_7311
7334,978,13,3,19,15,2017-07-15 12:00:00,qualifying_7312
7335,978,840,3,18,16,2017-07-15 12:00:00,qualifying_7313
7336,978,825,210,20,17,2017-07-15 12:00:00,qualifying_7314
7337,978,836,15,94,18,2017-07-15 12:00:00,qualifying_7315
7338,978,828,15,9,19,2017-07-15 12:00:00,qualifying_7316
7339,978,817,9,3,20,2017-07-15 12:00:00,qualifying_7317
7340,979,20,6,5,1,2017-07-29 12:00:00,qualifying_7318
7341,979,8,6,7,2,2017-07-29 12:00:00,qualifying_7319
7342,979,822,131,77,3,2017-07-29 12:00:00,qualifying_7320
7343,979,1,131,44,4,2017-07-29 12:00:00,qualifying_7321
7344,979,830,9,33,5,2017-07-29 12:00:00,qualifying_7322
7345,979,817,9,3,6,2017-07-29 12:00:00,qualifying_7323
7346,979,807,4,27,7,2017-07-29 12:00:00,qualifying_7324
7347,979,4,1,14,8,2017-07-29 12:00:00,qualifying_7325
7348,979,838,1,2,9,2017-07-29 12:00:00,qualifying_7326
7349,979,832,5,55,10,2017-07-29 12:00:00,qualifying_7327
7350,979,835,4,30,11,2017-07-29 12:00:00,qualifying_7328
7351,979,839,10,31,12,2017-07-29 12:00:00,qualifying_7329
7352,979,826,5,26,13,2017-07-29 12:00:00,qualifying_7330
7353,979,815,10,11,14,2017-07-29 12:00:00,qualifying_7331
7354,979,154,210,8,15,2017-07-29 12:00:00,qualifying_7332
7355,979,825,210,20,16,2017-07-29 12:00:00,qualifying_7333
7356,979,840,3,18,17,2017-07-29 12:00:00,qualifying_7334
7357,979,836,15,94,18,2017-07-29 12:00:00,qualifying_7335
7358,979,814,3,40,19,2017-07-29 12:00:00,qualifying_7336
7359,979,828,15,9,20,2017-07-29 12:00:00,qualifying_7337
7360,980,1,131,44,1,2017-08-26 12:00:00,qualifying_7338
7361,980,20,6,5,2,2017-08-26 12:00:00,qualifying_7339
7362,980,822,131,77,3,2017-08-26 12:00:00,qualifying_7340
7363,980,8,6,7,4,2017-08-26 12:00:00,qualifying_7341
7364,980,830,9,33,5,2017-08-26 12:00:00,qualifying_7342
7365,980,817,9,3,6,2017-08-26 12:00:00,qualifying_7343
7366,980,807,4,27,7,2017-08-26 12:00:00,qualifying_7344
7367,980,815,10,11,8,2017-08-26 12:00:00,qualifying_7345
7368,980,839,10,31,9,2017-08-26 12:00:00,qualifying_7346
7369,980,835,4,30,10,2017-08-26 12:00:00,qualifying_7347
7370,980,4,1,14,11,2017-08-26 12:00:00,qualifying_7348
7371,980,154,210,8,12,2017-08-26 12:00:00,qualifying_7349
7372,980,825,210,20,13,2017-08-26 12:00:00,qualifying_7350
7373,980,832,5,55,14,2017-08-26 12:00:00,qualifying_7351
7374,980,838,1,2,15,2017-08-26 12:00:00,qualifying_7352
7375,980,13,3,19,16,2017-08-26 12:00:00,qualifying_7353
7376,980,826,5,26,17,2017-08-26 12:00:00,qualifying_7354
7377,980,840,3,18,18,2017-08-26 12:00:00,qualifying_7355
7378,980,828,15,9,19,2017-08-26 12:00:00,qualifying_7356
7379,980,836,15,94,20,2017-08-26 12:00:00,qualifying_7357
7380,981,1,131,44,1,2017-09-02 12:00:00,qualifying_7358
7381,981,830,9,33,2,2017-09-02 12:00:00,qualifying_7359
7382,981,817,9,3,3,2017-09-02 12:00:00,qualifying_7360
7383,981,840,3,18,4,2017-09-02 12:00:00,qualifying_7361
7384,981,839,10,31,5,2017-09-02 12:00:00,qualifying_7362
7385,981,822,131,77,6,2017-09-02 12:00:00,qualifying_7363
7386,981,8,6,7,7,2017-09-02 12:00:00,qualifying_7364
7387,981,20,6,5,8,2017-09-02 12:00:00,qualifying_7365
7388,981,13,3,19,9,2017-09-02 12:00:00,qualifying_7366
7389,981,838,1,2,10,2017-09-02 12:00:00,qualifying_7367
7390,981,815,10,11,11,2017-09-02 12:00:00,qualifying_7368
7391,981,807,4,27,12,2017-09-02 12:00:00,qualifying_7369
7392,981,4,1,14,13,2017-09-02 12:00:00,qualifying_7370
7393,981,826,5,26,14,2017-09-02 12:00:00,qualifying_7371
7394,981,832,5,55,15,2017-09-02 12:00:00,qualifying_7372
7395,981,825,210,20,16,2017-09-02 12:00:00,qualifying_7373
7396,981,835,4,30,17,2017-09-02 12:00:00,qualifying_7374
7397,981,828,15,9,18,2017-09-02 12:00:00,qualifying_7375
7398,981,836,15,94,19,2017-09-02 12:00:00,qualifying_7376
7399,981,154,210,8,20,2017-09-02 12:00:00,qualifying_7377
7400,982,20,6,5,1,2017-09-16 12:00:00,qualifying_7378
7401,982,830,9,33,2,2017-09-16 12:00:00,qualifying_7379
7402,982,817,9,3,3,2017-09-16 12:00:00,qualifying_7380
7403,982,8,6,7,4,2017-09-16 12:00:00,qualifying_7381
7404,982,1,131,44,5,2017-09-16 12:00:00,qualifying_7382
7405,982,822,131,77,6,2017-09-16 12:00:00,qualifying_7383
7406,982,807,4,27,7,2017-09-16 12:00:00,qualifying_7384
7407,982,4,1,14,8,2017-09-16 12:00:00,qualifying_7385
7408,982,838,1,2,9,2017-09-16 12:00:00,qualifying_7386
7409,982,832,5,55,10,2017-09-16 12:00:00,qualifying_7387
7410,982,835,4,30,11,2017-09-16 12:00:00,qualifying_7388
7411,982,815,10,11,12,2017-09-16 12:00:00,qualifying_7389
7412,982,826,5,26,13,2017-09-16 12:00:00,qualifying_7390
7413,982,839,10,31,14,2017-09-16 12:00:00,qualifying_7391
7414,982,154,210,8,15,2017-09-16 12:00:00,qualifying_7392
7415,982,825,210,20,16,2017-09-16 12:00:00,qualifying_7393
7416,982,13,3,19,17,2017-09-16 12:00:00,qualifying_7394
7417,982,840,3,18,18,2017-09-16 12:00:00,qualifying_7395
7418,982,836,15,94,19,2017-09-16 12:00:00,qualifying_7396
7419,982,828,15,9,20,2017-09-16 12:00:00,qualifying_7397
7420,983,1,131,44,1,2017-09-30 07:00:00,qualifying_7398
7421,983,8,6,7,2,2017-09-30 07:00:00,qualifying_7399
7422,983,830,9,33,3,2017-09-30 07:00:00,qualifying_7400
7423,983,817,9,3,4,2017-09-30 07:00:00,qualifying_7401
7424,983,20,6,5,20,2017-09-30 07:00:00,qualifying_7402
7425,983,839,10,31,6,2017-09-30 07:00:00,qualifying_7403
7426,983,838,1,2,7,2017-09-30 07:00:00,qualifying_7404
7427,983,807,4,27,8,2017-09-30 07:00:00,qualifying_7405
7428,983,815,10,11,9,2017-09-30 07:00:00,qualifying_7406
7429,983,4,1,14,10,2017-09-30 07:00:00,qualifying_7407
7430,983,13,3,19,11,2017-09-30 07:00:00,qualifying_7408
7431,983,835,4,30,12,2017-09-30 07:00:00,qualifying_7409
7432,983,840,3,18,13,2017-09-30 07:00:00,qualifying_7410
7433,983,832,5,55,14,2017-09-30 07:00:00,qualifying_7411
7434,983,842,5,10,15,2017-09-30 07:00:00,qualifying_7412
7435,983,154,210,8,16,2017-09-30 07:00:00,qualifying_7413
7436,983,825,210,20,17,2017-09-30 07:00:00,qualifying_7414
7437,983,836,15,94,18,2017-09-30 07:00:00,qualifying_7415
7438,983,828,15,9,19,2017-09-30 07:00:00,qualifying_7416
7439,983,822,131,77,5,2017-09-30 07:00:00,qualifying_7417
7440,984,1,131,44,1,2017-10-07 05:00:00,qualifying_7418
7441,984,822,131,77,2,2017-10-07 05:00:00,qualifying_7419
7442,984,20,6,5,3,2017-10-07 05:00:00,qualifying_7420
7443,984,817,9,3,4,2017-10-07 05:00:00,qualifying_7421
7444,984,830,9,33,5,2017-10-07 05:00:00,qualifying_7422
7445,984,8,6,7,6,2017-10-07 05:00:00,qualifying_7423
7446,984,839,10,31,7,2017-10-07 05:00:00,qualifying_7424
7447,984,815,10,11,8,2017-10-07 05:00:00,qualifying_7425
7448,984,13,3,19,9,2017-10-07 05:00:00,qualifying_7426
7449,984,4,1,14,10,2017-10-07 05:00:00,qualifying_7427
7450,984,838,1,2,11,2017-10-07 05:00:00,qualifying_7428
7451,984,807,4,27,12,2017-10-07 05:00:00,qualifying_7429
7452,984,825,210,20,13,2017-10-07 05:00:00,qualifying_7430
7453,984,835,4,30,14,2017-10-07 05:00:00,qualifying_7431
7454,984,832,5,55,15,2017-10-07 05:00:00,qualifying_7432
7455,984,154,210,8,16,2017-10-07 05:00:00,qualifying_7433
7456,984,842,5,10,17,2017-10-07 05:00:00,qualifying_7434
7457,984,840,3,18,18,2017-10-07 05:00:00,qualifying_7435
7458,984,828,15,9,19,2017-10-07 05:00:00,qualifying_7436
7459,984,836,15,94,20,2017-10-07 05:00:00,qualifying_7437
7460,985,1,131,44,1,2017-10-21 19:00:00,qualifying_7438
7461,985,20,6,5,2,2017-10-21 19:00:00,qualifying_7439
7462,985,822,131,77,3,2017-10-21 19:00:00,qualifying_7440
7463,985,817,9,3,4,2017-10-21 19:00:00,qualifying_7441
7464,985,8,6,7,5,2017-10-21 19:00:00,qualifying_7442
7465,985,830,9,33,6,2017-10-21 19:00:00,qualifying_7443
7466,985,839,10,31,7,2017-10-21 19:00:00,qualifying_7444
7467,985,832,4,55,8,2017-10-21 19:00:00,qualifying_7445
7468,985,4,1,14,9,2017-10-21 19:00:00,qualifying_7446
7469,985,815,10,11,10,2017-10-21 19:00:00,qualifying_7447
7470,985,13,3,19,11,2017-10-21 19:00:00,qualifying_7448
7471,985,826,5,26,12,2017-10-21 19:00:00,qualifying_7449
7472,985,838,1,2,13,2017-10-21 19:00:00,qualifying_7450
7473,985,154,210,8,14,2017-10-21 19:00:00,qualifying_7451
7474,985,807,4,27,15,2017-10-21 19:00:00,qualifying_7452
7475,985,828,15,9,16,2017-10-21 19:00:00,qualifying_7453
7476,985,840,3,18,17,2017-10-21 19:00:00,qualifying_7454
7477,985,843,5,39,18,2017-10-21 19:00:00,qualifying_7455
7478,985,836,15,94,19,2017-10-21 19:00:00,qualifying_7456
7479,985,825,210,20,20,2017-10-21 19:00:00,qualifying_7457
7480,986,20,6,5,1,2017-10-28 19:00:00,qualifying_7458
7481,986,830,9,33,2,2017-10-28 19:00:00,qualifying_7459
7482,986,1,131,44,3,2017-10-28 19:00:00,qualifying_7460
7483,986,822,131,77,4,2017-10-28 19:00:00,qualifying_7461
7484,986,8,6,7,5,2017-10-28 19:00:00,qualifying_7462
7485,986,839,10,31,6,2017-10-28 19:00:00,qualifying_7463
7486,986,817,9,3,7,2017-10-28 19:00:00,qualifying_7464
7487,986,807,4,27,8,2017-10-28 19:00:00,qualifying_7465
7488,986,832,4,55,9,2017-10-28 19:00:00,qualifying_7466
7489,986,815,10,11,10,2017-10-28 19:00:00,qualifying_7467
7490,986,13,3,19,11,2017-10-28 19:00:00,qualifying_7468
7491,986,840,3,18,12,2017-10-28 19:00:00,qualifying_7469
7492,986,843,5,28,13,2017-10-28 19:00:00,qualifying_7470
7493,986,4,1,14,14,2017-10-28 19:00:00,qualifying_7471
7494,986,838,1,2,15,2017-10-28 19:00:00,qualifying_7472
7495,986,828,15,9,16,2017-10-28 19:00:00,qualifying_7473
7496,986,836,15,94,17,2017-10-28 19:00:00,qualifying_7474
7497,986,825,210,20,18,2017-10-28 19:00:00,qualifying_7475
7498,986,154,210,8,19,2017-10-28 19:00:00,qualifying_7476
7499,987,822,131,77,1,2017-11-11 16:00:00,qualifying_7477
7500,987,20,6,5,2,2017-11-11 16:00:00,qualifying_7478
7501,987,8,6,7,3,2017-11-11 16:00:00,qualifying_7479
7502,987,830,9,33,4,2017-11-11 16:00:00,qualifying_7480
7503,987,817,9,3,5,2017-11-11 16:00:00,qualifying_7481
7504,987,815,10,11,6,2017-11-11 16:00:00,qualifying_7482
7505,987,4,1,14,7,2017-11-11 16:00:00,qualifying_7483
7506,987,807,4,27,8,2017-11-11 16:00:00,qualifying_7484
7507,987,832,4,55,9,2017-11-11 16:00:00,qualifying_7485
7508,987,13,3,19,10,2017-11-11 16:00:00,qualifying_7486
7509,987,839,10,31,11,2017-11-11 16:00:00,qualifying_7487
7510,987,154,210,8,12,2017-11-11 16:00:00,qualifying_7488
7511,987,838,1,2,13,2017-11-11 16:00:00,qualifying_7489
7512,987,825,210,20,14,2017-11-11 16:00:00,qualifying_7490
7513,987,843,5,28,15,2017-11-11 16:00:00,qualifying_7491
7514,987,836,15,94,16,2017-11-11 16:00:00,qualifying_7492
7515,987,842,5,10,17,2017-11-11 16:00:00,qualifying_7493
7516,987,840,3,18,18,2017-11-11 16:00:00,qualifying_7494
7517,987,828,15,9,19,2017-11-11 16:00:00,qualifying_7495
7520,988,822,131,77,1,2017-11-25 13:00:00,qualifying_7496
7519,987,1,131,44,20,2017-11-11 16:00:00,qualifying_7497
7521,988,1,131,44,2,2017-11-25 13:00:00,qualifying_7498
7522,988,20,6,5,3,2017-11-25 13:00:00,qualifying_7499
7523,988,817,9,3,4,2017-11-25 13:00:00,qualifying_7500
7524,988,8,6,7,5,2017-11-25 13:00:00,qualifying_7501
7525,988,830,9,33,6,2017-11-25 13:00:00,qualifying_7502
7526,988,807,4,27,7,2017-11-25 13:00:00,qualifying_7503
7527,988,815,10,11,8,2017-11-25 13:00:00,qualifying_7504
7528,988,839,10,31,9,2017-11-25 13:00:00,qualifying_7505
7529,988,13,3,19,10,2017-11-25 13:00:00,qualifying_7506
7530,988,4,1,14,11,2017-11-25 13:00:00,qualifying_7507
7531,988,832,4,55,12,2017-11-25 13:00:00,qualifying_7508
7532,988,838,1,2,13,2017-11-25 13:00:00,qualifying_7509
7533,988,825,210,20,14,2017-11-25 13:00:00,qualifying_7510
7534,988,840,3,18,15,2017-11-25 13:00:00,qualifying_7511
7535,988,154,210,8,16,2017-11-25 13:00:00,qualifying_7512
7536,988,842,5,10,17,2017-11-25 13:00:00,qualifying_7513
7537,988,836,15,94,18,2017-11-25 13:00:00,qualifying_7514
7538,988,828,15,9,19,2017-11-25 13:00:00,qualifying_7515
7539,988,843,5,28,20,2017-11-25 13:00:00,qualifying_7516
7540,989,1,131,44,1,2018-03-24 05:10:00,qualifying_7517
7541,989,8,6,7,2,2018-03-24 05:10:00,qualifying_7518
7542,989,20,6,5,3,2018-03-24 05:10:00,qualifying_7519
7543,989,830,9,33,4,2018-03-24 05:10:00,qualifying_7520
7544,989,817,9,3,5,2018-03-24 05:10:00,qualifying_7521
7545,989,825,210,20,6,2018-03-24 05:10:00,qualifying_7522
7546,989,154,210,8,7,2018-03-24 05:10:00,qualifying_7523
7547,989,807,4,27,8,2018-03-24 05:10:00,qualifying_7524
7548,989,832,4,55,9,2018-03-24 05:10:00,qualifying_7525
7549,989,822,131,77,10,2018-03-24 05:10:00,qualifying_7526
7550,989,4,1,14,11,2018-03-24 05:10:00,qualifying_7527
7551,989,838,1,2,12,2018-03-24 05:10:00,qualifying_7528
7552,989,815,10,11,13,2018-03-24 05:10:00,qualifying_7529
7553,989,840,3,18,14,2018-03-24 05:10:00,qualifying_7530
7554,989,839,10,31,15,2018-03-24 05:10:00,qualifying_7531
7555,989,843,5,28,16,2018-03-24 05:10:00,qualifying_7532
7556,989,828,15,9,17,2018-03-24 05:10:00,qualifying_7533
7557,989,844,15,16,18,2018-03-24 05:10:00,qualifying_7534
7558,989,845,3,35,19,2018-03-24 05:10:00,qualifying_7535
7559,989,842,5,10,20,2018-03-24 05:10:00,qualifying_7536
7560,990,20,6,5,1,2018-04-07 15:10:00,qualifying_7537
7561,990,8,6,7,2,2018-04-07 15:10:00,qualifying_7538
7562,990,822,131,77,3,2018-04-07 15:10:00,qualifying_7539
7563,990,1,131,44,4,2018-04-07 15:10:00,qualifying_7540
7564,990,817,9,3,5,2018-04-07 15:10:00,qualifying_7541
7565,990,842,5,10,6,2018-04-07 15:10:00,qualifying_7542
7566,990,825,210,20,7,2018-04-07 15:10:00,qualifying_7543
7567,990,807,4,27,8,2018-04-07 15:10:00,qualifying_7544
7568,990,839,10,31,9,2018-04-07 15:10:00,qualifying_7545
7569,990,832,4,55,10,2018-04-07 15:10:00,qualifying_7546
7570,990,843,5,28,11,2018-04-07 15:10:00,qualifying_7547
7571,990,815,10,11,12,2018-04-07 15:10:00,qualifying_7548
7572,990,4,1,14,13,2018-04-07 15:10:00,qualifying_7549
7573,990,838,1,2,14,2018-04-07 15:10:00,qualifying_7550
7574,990,830,9,33,15,2018-04-07 15:10:00,qualifying_7551
7575,990,154,210,8,16,2018-04-07 15:10:00,qualifying_7552
7576,990,828,15,9,17,2018-04-07 15:10:00,qualifying_7553
7577,990,845,3,35,18,2018-04-07 15:10:00,qualifying_7554
7578,990,844,15,16,19,2018-04-07 15:10:00,qualifying_7555
7579,990,840,3,18,20,2018-04-07 15:10:00,qualifying_7556
7580,991,20,6,5,1,2018-04-14 06:10:00,qualifying_7557
7581,991,8,6,7,2,2018-04-14 06:10:00,qualifying_7558
7582,991,822,131,77,3,2018-04-14 06:10:00,qualifying_7559
7583,991,1,131,44,4,2018-04-14 06:10:00,qualifying_7560
7584,991,830,9,33,5,2018-04-14 06:10:00,qualifying_7561
7585,991,817,9,3,6,2018-04-14 06:10:00,qualifying_7562
7586,991,807,4,27,7,2018-04-14 06:10:00,qualifying_7563
7587,991,815,10,11,8,2018-04-14 06:10:00,qualifying_7564
7588,991,832,4,55,9,2018-04-14 06:10:00,qualifying_7565
7589,991,154,210,8,10,2018-04-14 06:10:00,qualifying_7566
7590,991,825,210,20,11,2018-04-14 06:10:00,qualifying_7567
7591,991,839,10,31,12,2018-04-14 06:10:00,qualifying_7568
7592,991,4,1,14,13,2018-04-14 06:10:00,qualifying_7569
7593,991,838,1,2,14,2018-04-14 06:10:00,qualifying_7570
7594,991,843,5,28,15,2018-04-14 06:10:00,qualifying_7571
7595,991,845,3,35,16,2018-04-14 06:10:00,qualifying_7572
7596,991,842,5,10,17,2018-04-14 06:10:00,qualifying_7573
7597,991,840,3,18,18,2018-04-14 06:10:00,qualifying_7574
7598,991,844,15,16,19,2018-04-14 06:10:00,qualifying_7575
7599,991,828,15,9,20,2018-04-14 06:10:00,qualifying_7576
7600,992,20,6,5,1,2018-04-28 12:10:00,qualifying_7577
7601,992,1,131,44,2,2018-04-28 12:10:00,qualifying_7578
7602,992,822,131,77,3,2018-04-28 12:10:00,qualifying_7579
7603,992,817,9,3,4,2018-04-28 12:10:00,qualifying_7580
7604,992,830,9,33,5,2018-04-28 12:10:00,qualifying_7581
7605,992,8,6,7,6,2018-04-28 12:10:00,qualifying_7582
7606,992,839,10,31,7,2018-04-28 12:10:00,qualifying_7583
7607,992,815,10,11,8,2018-04-28 12:10:00,qualifying_7584
7608,992,807,4,27,9,2018-04-28 12:10:00,qualifying_7585
7609,992,832,4,55,10,2018-04-28 12:10:00,qualifying_7586
7610,992,840,3,18,11,2018-04-28 12:10:00,qualifying_7587
7611,992,845,3,35,12,2018-04-28 12:10:00,qualifying_7588
7612,992,4,1,14,13,2018-04-28 12:10:00,qualifying_7589
7613,992,844,15,16,14,2018-04-28 12:10:00,qualifying_7590
7614,992,825,210,20,15,2018-04-28 12:10:00,qualifying_7591
7615,992,838,1,2,16,2018-04-28 12:10:00,qualifying_7592
7616,992,842,5,10,17,2018-04-28 12:10:00,qualifying_7593
7617,992,828,15,9,18,2018-04-28 12:10:00,qualifying_7594
7618,992,843,5,28,19,2018-04-28 12:10:00,qualifying_7595
7619,992,154,210,8,20,2018-04-28 12:10:00,qualifying_7596
7620,993,1,131,44,1,2018-05-12 13:10:00,qualifying_7597
7621,993,822,131,77,2,2018-05-12 13:10:00,qualifying_7598
7622,993,20,6,5,3,2018-05-12 13:10:00,qualifying_7599
7623,993,8,6,7,4,2018-05-12 13:10:00,qualifying_7600
7624,993,830,9,33,5,2018-05-12 13:10:00,qualifying_7601
7625,993,817,9,3,6,2018-05-12 13:10:00,qualifying_7602
7626,993,825,210,20,7,2018-05-12 13:10:00,qualifying_7603
7627,993,4,1,14,8,2018-05-12 13:10:00,qualifying_7604
7628,993,832,4,55,9,2018-05-12 13:10:00,qualifying_7605
7629,993,154,210,8,10,2018-05-12 13:10:00,qualifying_7606
7630,993,838,1,2,11,2018-05-12 13:10:00,qualifying_7607
7631,993,842,5,10,12,2018-05-12 13:10:00,qualifying_7608
7632,993,839,10,31,13,2018-05-12 13:10:00,qualifying_7609
7633,993,844,15,16,14,2018-05-12 13:10:00,qualifying_7610
7634,993,815,10,11,15,2018-05-12 13:10:00,qualifying_7611
7635,993,807,4,27,16,2018-05-12 13:10:00,qualifying_7612
7636,993,828,15,9,17,2018-05-12 13:10:00,qualifying_7613
7637,993,845,3,35,18,2018-05-12 13:10:00,qualifying_7614
7638,993,840,3,18,19,2018-05-12 13:10:00,qualifying_7615
7639,993,843,5,28,20,2018-05-12 13:10:00,qualifying_7616
7640,994,817,9,3,1,2018-05-26 13:10:00,qualifying_7617
7641,994,20,6,5,2,2018-05-26 13:10:00,qualifying_7618
7642,994,1,131,44,3,2018-05-26 13:10:00,qualifying_7619
7643,994,8,6,7,4,2018-05-26 13:10:00,qualifying_7620
7644,994,4,1,14,7,2018-05-26 13:10:00,qualifying_7621
7645,994,832,4,55,8,2018-05-26 13:10:00,qualifying_7622
7646,994,815,10,11,9,2018-05-26 13:10:00,qualifying_7623
7647,994,842,5,10,10,2018-05-26 13:10:00,qualifying_7624
7648,994,838,1,2,12,2018-05-26 13:10:00,qualifying_7625
7649,994,845,3,35,13,2018-05-26 13:10:00,qualifying_7626
7650,994,844,15,16,14,2018-05-26 13:10:00,qualifying_7627
7651,994,154,210,8,15,2018-05-26 13:10:00,qualifying_7628
7652,994,843,5,28,16,2018-05-26 13:10:00,qualifying_7629
7653,994,828,15,9,17,2018-05-26 13:10:00,qualifying_7630
7654,994,840,3,18,18,2018-05-26 13:10:00,qualifying_7631
7655,994,825,210,20,19,2018-05-26 13:10:00,qualifying_7632
7656,994,830,9,33,20,2018-05-26 13:10:00,qualifying_7633
7657,994,822,131,77,5,2018-05-26 13:10:00,qualifying_7634
7658,994,839,10,31,6,2018-05-26 13:10:00,qualifying_7635
7659,994,807,4,27,11,2018-05-26 13:10:00,qualifying_7636
7660,995,20,6,5,1,2018-06-09 18:10:00,qualifying_7637
7661,995,822,131,77,2,2018-06-09 18:10:00,qualifying_7638
7662,995,830,9,33,3,2018-06-09 18:10:00,qualifying_7639
7663,995,1,131,44,4,2018-06-09 18:10:00,qualifying_7640
7664,995,8,6,7,5,2018-06-09 18:10:00,qualifying_7641
7665,995,817,9,3,6,2018-06-09 18:10:00,qualifying_7642
7666,995,807,4,27,7,2018-06-09 18:10:00,qualifying_7643
7667,995,839,10,31,8,2018-06-09 18:10:00,qualifying_7644
7668,995,832,4,55,9,2018-06-09 18:10:00,qualifying_7645
7669,995,815,10,11,10,2018-06-09 18:10:00,qualifying_7646
7670,995,843,5,28,12,2018-06-09 18:10:00,qualifying_7647
7671,995,4,1,14,14,2018-06-09 18:10:00,qualifying_7648
7672,995,838,1,2,15,2018-06-09 18:10:00,qualifying_7649
7673,995,842,5,10,16,2018-06-09 18:10:00,qualifying_7650
7674,995,840,3,18,17,2018-06-09 18:10:00,qualifying_7651
7675,995,845,3,35,18,2018-06-09 18:10:00,qualifying_7652
7676,995,828,15,9,19,2018-06-09 18:10:00,qualifying_7653
7677,995,154,210,8,20,2018-06-09 18:10:00,qualifying_7654
7678,995,825,210,20,11,2018-06-09 18:10:00,qualifying_7655
7679,995,844,15,16,13,2018-06-09 18:10:00,qualifying_7656
7680,996,1,131,44,1,2018-06-23 14:10:00,qualifying_7657
7681,996,822,131,77,2,2018-06-23 14:10:00,qualifying_7658
7682,996,20,6,5,3,2018-06-23 14:10:00,qualifying_7659
7683,996,830,9,33,4,2018-06-23 14:10:00,qualifying_7660
7684,996,817,9,3,5,2018-06-23 14:10:00,qualifying_7661
7685,996,8,6,7,6,2018-06-23 14:10:00,qualifying_7662
7686,996,832,4,55,7,2018-06-23 14:10:00,qualifying_7663
7687,996,844,15,16,8,2018-06-23 14:10:00,qualifying_7664
7688,996,825,210,20,9,2018-06-23 14:10:00,qualifying_7665
7689,996,154,210,8,10,2018-06-23 14:10:00,qualifying_7666
7690,996,839,10,31,11,2018-06-23 14:10:00,qualifying_7667
7691,996,807,4,27,12,2018-06-23 14:10:00,qualifying_7668
7692,996,815,10,11,13,2018-06-23 14:10:00,qualifying_7669
7693,996,842,5,10,14,2018-06-23 14:10:00,qualifying_7670
7694,996,828,15,9,15,2018-06-23 14:10:00,qualifying_7671
7695,996,4,1,14,16,2018-06-23 14:10:00,qualifying_7672
7696,996,843,5,28,17,2018-06-23 14:10:00,qualifying_7673
7697,996,838,1,2,18,2018-06-23 14:10:00,qualifying_7674
7698,996,845,3,35,19,2018-06-23 14:10:00,qualifying_7675
7699,996,840,3,18,20,2018-06-23 14:10:00,qualifying_7676
7700,997,822,131,77,1,2018-06-30 13:10:00,qualifying_7677
7701,997,1,131,44,2,2018-06-30 13:10:00,qualifying_7678
7702,997,20,6,5,3,2018-06-30 13:10:00,qualifying_7679
7703,997,8,6,7,4,2018-06-30 13:10:00,qualifying_7680
7704,997,830,9,33,5,2018-06-30 13:10:00,qualifying_7681
7705,997,154,210,8,6,2018-06-30 13:10:00,qualifying_7682
7706,997,817,9,3,7,2018-06-30 13:10:00,qualifying_7683
7707,997,825,210,20,8,2018-06-30 13:10:00,qualifying_7684
7708,997,832,4,55,9,2018-06-30 13:10:00,qualifying_7685
7709,997,807,4,27,10,2018-06-30 13:10:00,qualifying_7686
7710,997,839,10,31,11,2018-06-30 13:10:00,qualifying_7687
7711,997,842,5,10,12,2018-06-30 13:10:00,qualifying_7688
7712,997,844,15,16,13,2018-06-30 13:10:00,qualifying_7689
7713,997,4,1,14,14,2018-06-30 13:10:00,qualifying_7690
7714,997,840,3,18,15,2018-06-30 13:10:00,qualifying_7691
7715,997,838,1,2,16,2018-06-30 13:10:00,qualifying_7692
7716,997,815,10,11,17,2018-06-30 13:10:00,qualifying_7693
7717,997,845,3,35,18,2018-06-30 13:10:00,qualifying_7694
7718,997,843,5,28,19,2018-06-30 13:10:00,qualifying_7695
7719,997,828,15,9,20,2018-06-30 13:10:00,qualifying_7696
7720,998,1,131,44,1,2018-07-07 13:10:00,qualifying_7697
7721,998,20,6,5,2,2018-07-07 13:10:00,qualifying_7698
7722,998,8,6,7,3,2018-07-07 13:10:00,qualifying_7699
7723,998,822,131,77,4,2018-07-07 13:10:00,qualifying_7700
7724,998,830,9,33,5,2018-07-07 13:10:00,qualifying_7701
7725,998,817,9,3,6,2018-07-07 13:10:00,qualifying_7702
7726,998,825,210,20,7,2018-07-07 13:10:00,qualifying_7703
7727,998,154,210,8,8,2018-07-07 13:10:00,qualifying_7704
7728,998,844,15,16,9,2018-07-07 13:10:00,qualifying_7705
7729,998,839,10,31,10,2018-07-07 13:10:00,qualifying_7706
7730,998,807,4,27,11,2018-07-07 13:10:00,qualifying_7707
7731,998,815,10,11,12,2018-07-07 13:10:00,qualifying_7708
7732,998,4,1,14,13,2018-07-07 13:10:00,qualifying_7709
7733,998,842,5,10,14,2018-07-07 13:10:00,qualifying_7710
7734,998,828,15,9,15,2018-07-07 13:10:00,qualifying_7711
7735,998,832,4,55,16,2018-07-07 13:10:00,qualifying_7712
7736,998,838,1,2,17,2018-07-07 13:10:00,qualifying_7713
7737,998,845,3,35,18,2018-07-07 13:10:00,qualifying_7714
7738,998,840,3,18,19,2018-07-07 13:10:00,qualifying_7715
7739,998,843,5,28,20,2018-07-07 13:10:00,qualifying_7716
7740,999,20,6,5,1,2018-07-21 13:10:00,qualifying_7717
7741,999,822,131,77,2,2018-07-21 13:10:00,qualifying_7718
7742,999,8,6,7,3,2018-07-21 13:10:00,qualifying_7719
7743,999,830,9,33,4,2018-07-21 13:10:00,qualifying_7720
7744,999,825,210,20,5,2018-07-21 13:10:00,qualifying_7721
7745,999,154,210,8,6,2018-07-21 13:10:00,qualifying_7722
7746,999,807,4,27,7,2018-07-21 13:10:00,qualifying_7723
7747,999,832,4,55,8,2018-07-21 13:10:00,qualifying_7724
7748,999,844,15,16,9,2018-07-21 13:10:00,qualifying_7725
7749,999,815,10,11,10,2018-07-21 13:10:00,qualifying_7726
7750,999,4,1,14,11,2018-07-21 13:10:00,qualifying_7727
7751,999,845,3,35,12,2018-07-21 13:10:00,qualifying_7728
7752,999,828,15,9,13,2018-07-21 13:10:00,qualifying_7729
7753,999,1,131,44,14,2018-07-21 13:10:00,qualifying_7730
7754,999,817,9,3,15,2018-07-21 13:10:00,qualifying_7731
7755,999,839,10,31,16,2018-07-21 13:10:00,qualifying_7732
7756,999,842,5,10,17,2018-07-21 13:10:00,qualifying_7733
7757,999,843,5,28,18,2018-07-21 13:10:00,qualifying_7734
7758,999,840,3,18,19,2018-07-21 13:10:00,qualifying_7735
7759,999,838,1,2,20,2018-07-21 13:10:00,qualifying_7736
7760,1000,8,6,7,3,2018-07-28 13:10:00,qualifying_7737
7761,1000,20,6,5,4,2018-07-28 13:10:00,qualifying_7738
7762,1000,832,4,55,5,2018-07-28 13:10:00,qualifying_7739
7763,1000,842,5,10,6,2018-07-28 13:10:00,qualifying_7740
7764,1000,830,9,33,7,2018-07-28 13:10:00,qualifying_7741
7765,1000,843,5,28,8,2018-07-28 13:10:00,qualifying_7742
7766,1000,825,210,20,9,2018-07-28 13:10:00,qualifying_7743
7767,1000,154,210,8,10,2018-07-28 13:10:00,qualifying_7744
7768,1000,4,1,14,11,2018-07-28 13:10:00,qualifying_7745
7769,1000,817,9,3,12,2018-07-28 13:10:00,qualifying_7746
7770,1000,807,4,27,13,2018-07-28 13:10:00,qualifying_7747
7771,1000,828,15,9,14,2018-07-28 13:10:00,qualifying_7748
7772,1000,840,3,18,15,2018-07-28 13:10:00,qualifying_7749
7773,1000,838,1,2,16,2018-07-28 13:10:00,qualifying_7750
7774,1000,844,15,16,17,2018-07-28 13:10:00,qualifying_7751
7775,1000,839,10,31,18,2018-07-28 13:10:00,qualifying_7752
7776,1000,815,10,11,19,2018-07-28 13:10:00,qualifying_7753
7777,1000,845,3,35,20,2018-07-28 13:10:00,qualifying_7754
7778,1000,1,131,44,1,2018-07-28 13:10:00,qualifying_7755
7779,1000,822,131,77,2,2018-07-28 13:10:00,qualifying_7756
7780,1001,1,131,44,1,2018-08-25 13:10:00,qualifying_7757
7781,1001,20,6,5,2,2018-08-25 13:10:00,qualifying_7758
7782,1001,839,10,31,3,2018-08-25 13:10:00,qualifying_7759
7783,1001,815,10,11,4,2018-08-25 13:10:00,qualifying_7760
7784,1001,154,210,8,5,2018-08-25 13:10:00,qualifying_7761
7785,1001,8,6,7,6,2018-08-25 13:10:00,qualifying_7762
7786,1001,830,9,33,7,2018-08-25 13:10:00,qualifying_7763
7787,1001,817,9,3,8,2018-08-25 13:10:00,qualifying_7764
7788,1001,825,210,20,9,2018-08-25 13:10:00,qualifying_7765
7789,1001,822,131,77,10,2018-08-25 13:10:00,qualifying_7766
7790,1001,842,5,10,11,2018-08-25 13:10:00,qualifying_7767
7791,1001,843,5,28,12,2018-08-25 13:10:00,qualifying_7768
7792,1001,844,15,16,13,2018-08-25 13:10:00,qualifying_7769
7793,1001,828,15,9,14,2018-08-25 13:10:00,qualifying_7770
7794,1001,807,4,27,15,2018-08-25 13:10:00,qualifying_7771
7795,1001,832,4,55,16,2018-08-25 13:10:00,qualifying_7772
7796,1001,4,1,14,17,2018-08-25 13:10:00,qualifying_7773
7797,1001,845,3,35,18,2018-08-25 13:10:00,qualifying_7774
7798,1001,840,3,18,19,2018-08-25 13:10:00,qualifying_7775
7799,1001,838,1,2,20,2018-08-25 13:10:00,qualifying_7776
7800,1002,8,6,7,1,2018-09-01 13:10:00,qualifying_7777
7801,1002,20,6,5,2,2018-09-01 13:10:00,qualifying_7778
7802,1002,1,131,44,3,2018-09-01 13:10:00,qualifying_7779
7803,1002,822,131,77,4,2018-09-01 13:10:00,qualifying_7780
7804,1002,830,9,33,5,2018-09-01 13:10:00,qualifying_7781
7805,1002,154,210,8,6,2018-09-01 13:10:00,qualifying_7782
7806,1002,832,4,55,7,2018-09-01 13:10:00,qualifying_7783
7807,1002,839,10,31,8,2018-09-01 13:10:00,qualifying_7784
7808,1002,842,5,10,9,2018-09-01 13:10:00,qualifying_7785
7809,1002,840,3,18,10,2018-09-01 13:10:00,qualifying_7786
7810,1002,825,210,20,11,2018-09-01 13:10:00,qualifying_7787
7811,1002,845,3,35,12,2018-09-01 13:10:00,qualifying_7788
7812,1002,4,1,14,13,2018-09-01 13:10:00,qualifying_7789
7813,1002,807,4,27,14,2018-09-01 13:10:00,qualifying_7790
7814,1002,817,9,3,15,2018-09-01 13:10:00,qualifying_7791
7815,1002,815,10,11,16,2018-09-01 13:10:00,qualifying_7792
7816,1002,844,15,16,17,2018-09-01 13:10:00,qualifying_7793
7817,1002,843,5,28,18,2018-09-01 13:10:00,qualifying_7794
7818,1002,828,15,9,19,2018-09-01 13:10:00,qualifying_7795
7819,1002,838,1,2,20,2018-09-01 13:10:00,qualifying_7796
7820,1003,1,131,44,1,2018-09-15 12:10:00,qualifying_7797
7821,1003,830,9,33,2,2018-09-15 12:10:00,qualifying_7798
7822,1003,20,6,5,3,2018-09-15 12:10:00,qualifying_7799
7823,1003,822,131,77,4,2018-09-15 12:10:00,qualifying_7800
7824,1003,8,6,7,5,2018-09-15 12:10:00,qualifying_7801
7825,1003,817,9,3,6,2018-09-15 12:10:00,qualifying_7802
7826,1003,815,10,11,7,2018-09-15 12:10:00,qualifying_7803
7827,1003,154,210,8,8,2018-09-15 12:10:00,qualifying_7804
7828,1003,839,10,31,9,2018-09-15 12:10:00,qualifying_7805
7829,1003,807,4,27,10,2018-09-15 12:10:00,qualifying_7806
7830,1003,4,1,14,11,2018-09-15 12:10:00,qualifying_7807
7831,1003,832,4,55,12,2018-09-15 12:10:00,qualifying_7808
7832,1003,844,15,16,13,2018-09-15 12:10:00,qualifying_7809
7833,1003,828,15,9,14,2018-09-15 12:10:00,qualifying_7810
7834,1003,842,5,10,15,2018-09-15 12:10:00,qualifying_7811
7835,1003,825,210,20,16,2018-09-15 12:10:00,qualifying_7812
7836,1003,843,5,28,17,2018-09-15 12:10:00,qualifying_7813
7837,1003,838,1,2,18,2018-09-15 12:10:00,qualifying_7814
7838,1003,845,3,35,19,2018-09-15 12:10:00,qualifying_7815
7839,1003,840,3,18,20,2018-09-15 12:10:00,qualifying_7816
7840,1004,822,131,77,1,2018-09-29 11:10:00,qualifying_7817
7841,1004,1,131,44,2,2018-09-29 11:10:00,qualifying_7818
7842,1004,20,6,5,3,2018-09-29 11:10:00,qualifying_7819
7843,1004,8,6,7,4,2018-09-29 11:10:00,qualifying_7820
7844,1004,825,210,20,5,2018-09-29 11:10:00,qualifying_7821
7845,1004,839,10,31,6,2018-09-29 11:10:00,qualifying_7822
7846,1004,844,15,16,7,2018-09-29 11:10:00,qualifying_7823
7847,1004,815,10,11,8,2018-09-29 11:10:00,qualifying_7824
7848,1004,154,210,8,9,2018-09-29 11:10:00,qualifying_7825
7849,1004,828,15,9,10,2018-09-29 11:10:00,qualifying_7826
7850,1004,830,9,33,11,2018-09-29 11:10:00,qualifying_7827
7851,1004,817,9,3,12,2018-09-29 11:10:00,qualifying_7828
7852,1004,842,5,10,13,2018-09-29 11:10:00,qualifying_7829
7853,1004,832,4,55,14,2018-09-29 11:10:00,qualifying_7830
7854,1004,807,4,27,15,2018-09-29 11:10:00,qualifying_7831
7855,1004,843,5,28,16,2018-09-29 11:10:00,qualifying_7832
7856,1004,4,1,14,17,2018-09-29 11:10:00,qualifying_7833
7857,1004,845,3,35,18,2018-09-29 11:10:00,qualifying_7834
7858,1004,838,1,2,19,2018-09-29 11:10:00,qualifying_7835
7859,1004,840,3,18,20,2018-09-29 11:10:00,qualifying_7836
7860,1005,1,131,44,1,2018-10-06 05:10:00,qualifying_7837
7861,1005,822,131,77,2,2018-10-06 05:10:00,qualifying_7838
7862,1005,830,9,33,3,2018-10-06 05:10:00,qualifying_7839
7863,1005,8,6,7,4,2018-10-06 05:10:00,qualifying_7840
7864,1005,154,210,8,5,2018-10-06 05:10:00,qualifying_7841
7865,1005,843,5,28,6,2018-10-06 05:10:00,qualifying_7842
7866,1005,842,5,10,7,2018-10-06 05:10:00,qualifying_7843
7867,1005,839,10,31,8,2018-10-06 05:10:00,qualifying_7844
7868,1005,20,6,5,9,2018-10-06 05:10:00,qualifying_7845
7869,1005,815,10,11,10,2018-10-06 05:10:00,qualifying_7846
7870,1005,844,15,16,11,2018-10-06 05:10:00,qualifying_7847
7871,1005,825,210,20,12,2018-10-06 05:10:00,qualifying_7848
7872,1005,832,4,55,13,2018-10-06 05:10:00,qualifying_7849
7873,1005,840,3,18,14,2018-10-06 05:10:00,qualifying_7850
7874,1005,817,9,3,15,2018-10-06 05:10:00,qualifying_7851
7875,1005,807,4,27,16,2018-10-06 05:10:00,qualifying_7852
7876,1005,845,3,35,17,2018-10-06 05:10:00,qualifying_7853
7877,1005,4,1,14,18,2018-10-06 05:10:00,qualifying_7854
7878,1005,838,1,2,19,2018-10-06 05:10:00,qualifying_7855
7879,1005,828,15,9,20,2018-10-06 05:10:00,qualifying_7856
7880,1006,1,131,44,1,2018-10-20 18:10:00,qualifying_7857
7881,1006,20,6,5,2,2018-10-20 18:10:00,qualifying_7858
7882,1006,8,6,7,3,2018-10-20 18:10:00,qualifying_7859
7883,1006,822,131,77,4,2018-10-20 18:10:00,qualifying_7860
7884,1006,817,9,3,5,2018-10-20 18:10:00,qualifying_7861
7885,1006,839,10,31,6,2018-10-20 18:10:00,qualifying_7862
7886,1006,807,4,27,7,2018-10-20 18:10:00,qualifying_7863
7887,1006,154,210,8,8,2018-10-20 18:10:00,qualifying_7864
7888,1006,844,15,16,9,2018-10-20 18:10:00,qualifying_7865
7889,1006,815,10,11,10,2018-10-20 18:10:00,qualifying_7866
7890,1006,832,4,55,11,2018-10-20 18:10:00,qualifying_7867
7891,1006,825,210,20,12,2018-10-20 18:10:00,qualifying_7868
7892,1006,842,5,10,13,2018-10-20 18:10:00,qualifying_7869
7893,1006,843,5,28,14,2018-10-20 18:10:00,qualifying_7870
7894,1006,830,9,33,15,2018-10-20 18:10:00,qualifying_7871
7895,1006,4,1,14,16,2018-10-20 18:10:00,qualifying_7872
7896,1006,845,3,35,17,2018-10-20 18:10:00,qualifying_7873
7897,1006,840,3,18,18,2018-10-20 18:10:00,qualifying_7874
7898,1006,828,15,9,19,2018-10-20 18:10:00,qualifying_7875
7899,1006,838,1,2,20,2018-10-20 18:10:00,qualifying_7876
7900,1007,817,9,3,1,2018-10-27 19:10:00,qualifying_7877
7901,1007,830,9,33,2,2018-10-27 19:10:00,qualifying_7878
7902,1007,1,131,44,3,2018-10-27 19:10:00,qualifying_7879
7903,1007,20,6,5,4,2018-10-27 19:10:00,qualifying_7880
7904,1007,822,131,77,5,2018-10-27 19:10:00,qualifying_7881
7905,1007,8,6,7,6,2018-10-27 19:10:00,qualifying_7882
7906,1007,807,4,27,7,2018-10-27 19:10:00,qualifying_7883
7907,1007,832,4,55,8,2018-10-27 19:10:00,qualifying_7884
7908,1007,844,15,16,9,2018-10-27 19:10:00,qualifying_7885
7909,1007,828,15,9,10,2018-10-27 19:10:00,qualifying_7886
7910,1007,839,10,31,11,2018-10-27 19:10:00,qualifying_7887
7911,1007,815,10,11,13,2018-10-27 19:10:00,qualifying_7888
7912,1007,843,5,28,14,2018-10-27 19:10:00,qualifying_7889
7913,1007,842,5,10,15,2018-10-27 19:10:00,qualifying_7890
7914,1007,154,210,8,16,2018-10-27 19:10:00,qualifying_7891
7915,1007,838,1,2,17,2018-10-27 19:10:00,qualifying_7892
7916,1007,825,210,20,18,2018-10-27 19:10:00,qualifying_7893
7917,1007,840,3,18,19,2018-10-27 19:10:00,qualifying_7894
7918,1007,845,3,35,20,2018-10-27 19:10:00,qualifying_7895
7919,1007,4,1,14,12,2018-10-27 19:10:00,qualifying_7896
7920,1008,1,131,44,1,2018-11-10 17:10:00,qualifying_7897
7921,1008,20,6,5,2,2018-11-10 17:10:00,qualifying_7898
7922,1008,822,131,77,3,2018-11-10 17:10:00,qualifying_7899
7923,1008,8,6,7,4,2018-11-10 17:10:00,qualifying_7900
7924,1008,830,9,33,5,2018-11-10 17:10:00,qualifying_7901
7925,1008,817,9,3,6,2018-11-10 17:10:00,qualifying_7902
7926,1008,828,15,9,7,2018-11-10 17:10:00,qualifying_7903
7927,1008,844,15,16,8,2018-11-10 17:10:00,qualifying_7904
7928,1008,154,210,8,9,2018-11-10 17:10:00,qualifying_7905
7929,1008,842,5,10,10,2018-11-10 17:10:00,qualifying_7906
7930,1008,825,210,20,11,2018-11-10 17:10:00,qualifying_7907
7931,1008,815,10,11,12,2018-11-10 17:10:00,qualifying_7908
7932,1008,839,10,31,13,2018-11-10 17:10:00,qualifying_7909
7933,1008,807,4,27,14,2018-11-10 17:10:00,qualifying_7910
7934,1008,845,3,35,15,2018-11-10 17:10:00,qualifying_7911
7935,1008,832,4,55,16,2018-11-10 17:10:00,qualifying_7912
7936,1008,843,5,28,17,2018-11-10 17:10:00,qualifying_7913
7937,1008,4,1,14,18,2018-11-10 17:10:00,qualifying_7914
7938,1008,840,3,18,19,2018-11-10 17:10:00,qualifying_7915
7939,1008,838,1,2,20,2018-11-10 17:10:00,qualifying_7916
7940,1009,1,131,44,1,2018-11-24 13:10:00,qualifying_7917
7941,1009,822,131,77,2,2018-11-24 13:10:00,qualifying_7918
7942,1009,20,6,5,3,2018-11-24 13:10:00,qualifying_7919
7943,1009,8,6,7,4,2018-11-24 13:10:00,qualifying_7920
7944,1009,817,9,3,5,2018-11-24 13:10:00,qualifying_7921
7945,1009,830,9,33,6,2018-11-24 13:10:00,qualifying_7922
7946,1009,154,210,8,7,2018-11-24 13:10:00,qualifying_7923
7947,1009,844,15,16,8,2018-11-24 13:10:00,qualifying_7924
7948,1009,839,10,31,9,2018-11-24 13:10:00,qualifying_7925
7949,1009,807,4,27,10,2018-11-24 13:10:00,qualifying_7926
7950,1009,832,4,55,11,2018-11-24 13:10:00,qualifying_7927
7951,1009,828,15,9,12,2018-11-24 13:10:00,qualifying_7928
7952,1009,825,210,20,13,2018-11-24 13:10:00,qualifying_7929
7953,1009,815,10,11,14,2018-11-24 13:10:00,qualifying_7930
7954,1009,4,1,14,15,2018-11-24 13:10:00,qualifying_7931
7955,1009,843,5,28,16,2018-11-24 13:10:00,qualifying_7932
7956,1009,842,5,10,17,2018-11-24 13:10:00,qualifying_7933
7957,1009,838,1,2,18,2018-11-24 13:10:00,qualifying_7934
7958,1009,845,3,35,19,2018-11-24 13:10:00,qualifying_7935
7959,1009,840,3,18,20,2018-11-24 13:10:00,qualifying_7936
7960,1010,1,131,44,1,2019-03-16 05:10:00,qualifying_7937
7961,1010,822,131,77,2,2019-03-16 05:10:00,qualifying_7938
7962,1010,20,6,5,3,2019-03-16 05:10:00,qualifying_7939
7963,1010,830,9,33,4,2019-03-16 05:10:00,qualifying_7940
7964,1010,844,6,16,5,2019-03-16 05:10:00,qualifying_7941
7965,1010,154,210,8,6,2019-03-16 05:10:00,qualifying_7942
7966,1010,825,210,20,7,2019-03-16 05:10:00,qualifying_7943
7967,1010,846,1,4,8,2019-03-16 05:10:00,qualifying_7944
7968,1010,8,51,7,9,2019-03-16 05:10:00,qualifying_7945
7969,1010,815,211,11,10,2019-03-16 05:10:00,qualifying_7946
7970,1010,807,4,27,11,2019-03-16 05:10:00,qualifying_7947
7971,1010,817,4,3,12,2019-03-16 05:10:00,qualifying_7948
7972,1010,848,5,23,13,2019-03-16 05:10:00,qualifying_7949
7973,1010,841,51,99,14,2019-03-16 05:10:00,qualifying_7950
7974,1010,826,5,26,15,2019-03-16 05:10:00,qualifying_7951
7975,1010,840,211,18,16,2019-03-16 05:10:00,qualifying_7952
7976,1010,842,9,10,17,2019-03-16 05:10:00,qualifying_7953
7977,1010,832,1,55,18,2019-03-16 05:10:00,qualifying_7954
7978,1010,847,3,63,19,2019-03-16 05:10:00,qualifying_7955
7979,1010,9,3,88,20,2019-03-16 05:10:00,qualifying_7956
7980,1011,844,6,16,1,2019-03-30 15:10:00,qualifying_7957
7981,1011,20,6,5,2,2019-03-30 15:10:00,qualifying_7958
7982,1011,1,131,44,3,2019-03-30 15:10:00,qualifying_7959
7983,1011,822,131,77,4,2019-03-30 15:10:00,qualifying_7960
7984,1011,830,9,33,5,2019-03-30 15:10:00,qualifying_7961
7985,1011,825,210,20,6,2019-03-30 15:10:00,qualifying_7962
7986,1011,832,1,55,7,2019-03-30 15:10:00,qualifying_7963
7987,1011,154,210,8,8,2019-03-30 15:10:00,qualifying_7964
7988,1011,8,51,7,9,2019-03-30 15:10:00,qualifying_7965
7989,1011,846,1,4,10,2019-03-30 15:10:00,qualifying_7966
7990,1011,817,4,3,11,2019-03-30 15:10:00,qualifying_7967
7991,1011,848,5,23,12,2019-03-30 15:10:00,qualifying_7968
7992,1011,842,9,10,13,2019-03-30 15:10:00,qualifying_7969
7993,1011,815,211,11,14,2019-03-30 15:10:00,qualifying_7970
7994,1011,826,5,26,15,2019-03-30 15:10:00,qualifying_7971
7995,1011,841,51,99,16,2019-03-30 15:10:00,qualifying_7972
7996,1011,807,4,27,17,2019-03-30 15:10:00,qualifying_7973
7997,1011,840,211,18,18,2019-03-30 15:10:00,qualifying_7974
7998,1011,847,3,63,19,2019-03-30 15:10:00,qualifying_7975
7999,1011,9,3,88,20,2019-03-30 15:10:00,qualifying_7976
8000,1012,822,131,77,1,2019-04-13 06:10:00,qualifying_7977
8001,1012,1,131,44,2,2019-04-13 06:10:00,qualifying_7978
8002,1012,20,6,5,3,2019-04-13 06:10:00,qualifying_7979
8003,1012,844,6,16,4,2019-04-13 06:10:00,qualifying_7980
8004,1012,830,9,33,5,2019-04-13 06:10:00,qualifying_7981
8005,1012,842,9,10,6,2019-04-13 06:10:00,qualifying_7982
8006,1012,817,4,3,7,2019-04-13 06:10:00,qualifying_7983
8007,1012,807,4,27,8,2019-04-13 06:10:00,qualifying_7984
8008,1012,825,210,20,9,2019-04-13 06:10:00,qualifying_7985
8009,1012,154,210,8,10,2019-04-13 06:10:00,qualifying_7986
8010,1012,826,5,26,11,2019-04-13 06:10:00,qualifying_7987
8011,1012,815,211,11,12,2019-04-13 06:10:00,qualifying_7988
8012,1012,8,51,7,13,2019-04-13 06:10:00,qualifying_7989
8013,1012,832,1,55,14,2019-04-13 06:10:00,qualifying_7990
8014,1012,846,1,4,15,2019-04-13 06:10:00,qualifying_7991
8015,1012,840,211,18,16,2019-04-13 06:10:00,qualifying_7992
8016,1012,847,3,63,17,2019-04-13 06:10:00,qualifying_7993
8017,1012,9,3,88,18,2019-04-13 06:10:00,qualifying_7994
8018,1013,822,131,77,1,2019-04-27 12:10:00,qualifying_7995
8019,1013,1,131,44,2,2019-04-27 12:10:00,qualifying_7996
8020,1013,20,6,5,3,2019-04-27 12:10:00,qualifying_7997
8021,1013,830,9,33,4,2019-04-27 12:10:00,qualifying_7998
8022,1013,815,211,11,5,2019-04-27 12:10:00,qualifying_7999
8023,1013,826,5,26,6,2019-04-27 12:10:00,qualifying_8000
8024,1013,846,1,4,7,2019-04-27 12:10:00,qualifying_8001
8025,1013,841,51,99,8,2019-04-27 12:10:00,qualifying_8002
8026,1013,844,6,16,9,2019-04-27 12:10:00,qualifying_8003
8027,1013,832,1,55,10,2019-04-27 12:10:00,qualifying_8004
8028,1013,817,4,3,11,2019-04-27 12:10:00,qualifying_8005
8029,1013,848,5,23,12,2019-04-27 12:10:00,qualifying_8006
8030,1013,825,210,20,13,2019-04-27 12:10:00,qualifying_8007
8031,1013,840,211,18,14,2019-04-27 12:10:00,qualifying_8008
8032,1013,154,210,8,15,2019-04-27 12:10:00,qualifying_8009
8033,1013,807,4,27,16,2019-04-27 12:10:00,qualifying_8010
8034,1013,847,3,63,17,2019-04-27 12:10:00,qualifying_8011
8035,1013,9,3,88,18,2019-04-27 12:10:00,qualifying_8012
8036,1013,8,51,7,19,2019-04-27 12:10:00,qualifying_8013
8037,1013,842,9,10,20,2019-04-27 12:10:00,qualifying_8014
8038,1014,822,131,77,1,2019-05-11 13:10:00,qualifying_8015
8039,1014,1,131,44,2,2019-05-11 13:10:00,qualifying_8016
8040,1014,20,6,5,3,2019-05-11 13:10:00,qualifying_8017
8041,1014,830,9,33,4,2019-05-11 13:10:00,qualifying_8018
8042,1014,844,6,16,5,2019-05-11 13:10:00,qualifying_8019
8043,1014,842,9,10,6,2019-05-11 13:10:00,qualifying_8020
8044,1014,154,210,8,7,2019-05-11 13:10:00,qualifying_8021
8045,1014,825,210,20,8,2019-05-11 13:10:00,qualifying_8022
8046,1014,826,5,26,9,2019-05-11 13:10:00,qualifying_8023
8047,1014,817,4,3,10,2019-05-11 13:10:00,qualifying_8024
8048,1014,846,1,4,11,2019-05-11 13:10:00,qualifying_8025
8049,1014,848,5,23,12,2019-05-11 13:10:00,qualifying_8026
8050,1014,832,1,55,13,2019-05-11 13:10:00,qualifying_8027
8051,1014,8,51,7,14,2019-05-11 13:10:00,qualifying_8028
8052,1014,815,211,11,15,2019-05-11 13:10:00,qualifying_8029
8053,1014,807,4,27,16,2019-05-11 13:10:00,qualifying_8030
8054,1014,840,211,18,17,2019-05-11 13:10:00,qualifying_8031
8055,1014,841,51,99,18,2019-05-11 13:10:00,qualifying_8032
8056,1014,847,3,63,19,2019-05-11 13:10:00,qualifying_8033
8057,1014,9,3,88,20,2019-05-11 13:10:00,qualifying_8034
8058,1015,1,131,44,1,2019-05-25 13:10:00,qualifying_8035
8059,1015,822,131,77,2,2019-05-25 13:10:00,qualifying_8036
8060,1015,830,9,33,3,2019-05-25 13:10:00,qualifying_8037
8061,1015,20,6,5,4,2019-05-25 13:10:00,qualifying_8038
8062,1015,842,9,10,5,2019-05-25 13:10:00,qualifying_8039
8063,1015,825,210,20,6,2019-05-25 13:10:00,qualifying_8040
8064,1015,817,4,3,7,2019-05-25 13:10:00,qualifying_8041
8065,1015,826,5,26,8,2019-05-25 13:10:00,qualifying_8042
8066,1015,832,1,55,9,2019-05-25 13:10:00,qualifying_8043
8067,1015,848,5,23,10,2019-05-25 13:10:00,qualifying_8044
8068,1015,807,4,27,11,2019-05-25 13:10:00,qualifying_8045
8069,1015,846,1,4,12,2019-05-25 13:10:00,qualifying_8046
8070,1015,154,210,8,13,2019-05-25 13:10:00,qualifying_8047
8071,1015,8,51,7,14,2019-05-25 13:10:00,qualifying_8048
8072,1015,841,51,99,15,2019-05-25 13:10:00,qualifying_8049
8073,1015,844,6,16,16,2019-05-25 13:10:00,qualifying_8050
8074,1015,815,211,11,17,2019-05-25 13:10:00,qualifying_8051
8075,1015,840,211,18,18,2019-05-25 13:10:00,qualifying_8052
8076,1015,847,3,63,19,2019-05-25 13:10:00,qualifying_8053
8077,1015,9,3,88,20,2019-05-25 13:10:00,qualifying_8054
8078,1016,20,6,5,1,2019-06-08 18:10:00,qualifying_8055
8079,1016,1,131,44,2,2019-06-08 18:10:00,qualifying_8056
8080,1016,844,6,16,3,2019-06-08 18:10:00,qualifying_8057
8081,1016,817,4,3,4,2019-06-08 18:10:00,qualifying_8058
8082,1016,842,9,10,5,2019-06-08 18:10:00,qualifying_8059
8083,1016,822,131,77,6,2019-06-08 18:10:00,qualifying_8060
8084,1016,807,4,27,7,2019-06-08 18:10:00,qualifying_8061
8085,1016,846,1,4,8,2019-06-08 18:10:00,qualifying_8062
8086,1016,832,1,55,9,2019-06-08 18:10:00,qualifying_8063
8087,1016,825,210,20,10,2019-06-08 18:10:00,qualifying_8064
8088,1016,830,9,33,11,2019-06-08 18:10:00,qualifying_8065
8089,1016,826,5,26,12,2019-06-08 18:10:00,qualifying_8066
8090,1016,841,51,99,13,2019-06-08 18:10:00,qualifying_8067
8091,1016,848,5,23,14,2019-06-08 18:10:00,qualifying_8068
8092,1016,154,210,8,15,2019-06-08 18:10:00,qualifying_8069
8093,1016,815,211,11,16,2019-06-08 18:10:00,qualifying_8070
8094,1016,8,51,7,17,2019-06-08 18:10:00,qualifying_8071
8095,1016,840,211,18,18,2019-06-08 18:10:00,qualifying_8072
8096,1016,847,3,63,19,2019-06-08 18:10:00,qualifying_8073
8097,1016,9,3,88,20,2019-06-08 18:10:00,qualifying_8074
8098,1017,1,131,44,1,2019-06-22 13:10:00,qualifying_8075
8099,1017,822,131,77,2,2019-06-22 13:10:00,qualifying_8076
8100,1017,844,6,16,3,2019-06-22 13:10:00,qualifying_8077
8101,1017,830,9,33,4,2019-06-22 13:10:00,qualifying_8078
8102,1017,846,1,4,5,2019-06-22 13:10:00,qualifying_8079
8103,1017,832,1,55,6,2019-06-22 13:10:00,qualifying_8080
8104,1017,20,6,5,7,2019-06-22 13:10:00,qualifying_8081
8105,1017,817,4,3,8,2019-06-22 13:10:00,qualifying_8082
8106,1017,842,9,10,9,2019-06-22 13:10:00,qualifying_8083
8107,1017,841,51,99,10,2019-06-22 13:10:00,qualifying_8084
8108,1017,848,5,23,11,2019-06-22 13:10:00,qualifying_8085
8109,1017,8,51,7,12,2019-06-22 13:10:00,qualifying_8086
8110,1017,807,4,27,13,2019-06-22 13:10:00,qualifying_8087
8111,1017,815,211,11,14,2019-06-22 13:10:00,qualifying_8088
8112,1017,825,210,20,15,2019-06-22 13:10:00,qualifying_8089
8113,1017,826,5,26,16,2019-06-22 13:10:00,qualifying_8090
8114,1017,154,210,8,17,2019-06-22 13:10:00,qualifying_8091
8115,1017,840,211,18,18,2019-06-22 13:10:00,qualifying_8092
8116,1017,847,3,63,19,2019-06-22 13:10:00,qualifying_8093
8117,1017,9,3,88,20,2019-06-22 13:10:00,qualifying_8094
8118,1018,844,6,16,1,2019-06-29 13:10:00,qualifying_8095
8119,1018,1,131,44,2,2019-06-29 13:10:00,qualifying_8096
8120,1018,830,9,33,3,2019-06-29 13:10:00,qualifying_8097
8121,1018,822,131,77,4,2019-06-29 13:10:00,qualifying_8098
8122,1018,825,210,20,5,2019-06-29 13:10:00,qualifying_8099
8123,1018,846,1,4,6,2019-06-29 13:10:00,qualifying_8100
8124,1018,8,51,7,7,2019-06-29 13:10:00,qualifying_8101
8125,1018,841,51,99,8,2019-06-29 13:10:00,qualifying_8102
8126,1018,842,9,10,9,2019-06-29 13:10:00,qualifying_8103
8127,1018,20,6,5,10,2019-06-29 13:10:00,qualifying_8104
8128,1018,154,210,8,11,2019-06-29 13:10:00,qualifying_8105
8129,1018,807,4,27,12,2019-06-29 13:10:00,qualifying_8106
8130,1018,848,5,23,13,2019-06-29 13:10:00,qualifying_8107
8131,1018,817,4,3,14,2019-06-29 13:10:00,qualifying_8108
8132,1018,832,1,55,15,2019-06-29 13:10:00,qualifying_8109
8133,1018,815,211,11,16,2019-06-29 13:10:00,qualifying_8110
8134,1018,840,211,18,17,2019-06-29 13:10:00,qualifying_8111
8135,1018,826,5,26,18,2019-06-29 13:10:00,qualifying_8112
8136,1018,847,3,63,19,2019-06-29 13:10:00,qualifying_8113
8137,1018,9,3,88,20,2019-06-29 13:10:00,qualifying_8114
8138,1019,822,131,77,1,2019-07-13 13:10:00,qualifying_8115
8139,1019,1,131,44,2,2019-07-13 13:10:00,qualifying_8116
8140,1019,844,6,16,3,2019-07-13 13:10:00,qualifying_8117
8141,1019,830,9,33,4,2019-07-13 13:10:00,qualifying_8118
8142,1019,842,9,10,5,2019-07-13 13:10:00,qualifying_8119
8143,1019,20,6,5,6,2019-07-13 13:10:00,qualifying_8120
8144,1019,817,4,3,7,2019-07-13 13:10:00,qualifying_8121
8145,1019,846,1,4,8,2019-07-13 13:10:00,qualifying_8122
8146,1019,848,5,23,9,2019-07-13 13:10:00,qualifying_8123
8147,1019,807,4,27,10,2019-07-13 13:10:00,qualifying_8124
8148,1019,841,51,99,11,2019-07-13 13:10:00,qualifying_8125
8149,1019,8,51,7,12,2019-07-13 13:10:00,qualifying_8126
8150,1019,832,1,55,13,2019-07-13 13:10:00,qualifying_8127
8151,1019,154,210,8,14,2019-07-13 13:10:00,qualifying_8128
8152,1019,815,211,11,15,2019-07-13 13:10:00,qualifying_8129
8153,1019,825,210,20,16,2019-07-13 13:10:00,qualifying_8130
8154,1019,826,5,26,17,2019-07-13 13:10:00,qualifying_8131
8155,1019,840,211,18,18,2019-07-13 13:10:00,qualifying_8132
8156,1019,847,3,63,19,2019-07-13 13:10:00,qualifying_8133
8157,1019,9,3,88,20,2019-07-13 13:10:00,qualifying_8134
8158,1020,1,131,44,1,2019-07-27 13:10:00,qualifying_8135
8159,1020,830,9,33,2,2019-07-27 13:10:00,qualifying_8136
8160,1020,822,131,77,3,2019-07-27 13:10:00,qualifying_8137
8161,1020,842,9,10,4,2019-07-27 13:10:00,qualifying_8138
8162,1020,8,51,7,5,2019-07-27 13:10:00,qualifying_8139
8163,1020,154,210,8,6,2019-07-27 13:10:00,qualifying_8140
8164,1020,832,1,55,7,2019-07-27 13:10:00,qualifying_8141
8165,1020,815,211,11,8,2019-07-27 13:10:00,qualifying_8142
8166,1020,807,4,27,9,2019-07-27 13:10:00,qualifying_8143
8167,1020,844,6,16,10,2019-07-27 13:10:00,qualifying_8144
8168,1020,841,51,99,11,2019-07-27 13:10:00,qualifying_8145
8169,1020,825,210,20,12,2019-07-27 13:10:00,qualifying_8146
8170,1020,817,4,3,13,2019-07-27 13:10:00,qualifying_8147
8171,1020,826,5,26,14,2019-07-27 13:10:00,qualifying_8148
8172,1020,840,211,18,15,2019-07-27 13:10:00,qualifying_8149
8173,1020,846,1,4,16,2019-07-27 13:10:00,qualifying_8150
8174,1020,848,5,23,17,2019-07-27 13:10:00,qualifying_8151
8175,1020,847,3,63,18,2019-07-27 13:10:00,qualifying_8152
8176,1020,9,3,88,19,2019-07-27 13:10:00,qualifying_8153
8177,1020,20,6,5,20,2019-07-27 13:10:00,qualifying_8154
8178,1021,830,9,33,1,2019-08-03 13:10:00,qualifying_8155
8179,1021,822,131,77,2,2019-08-03 13:10:00,qualifying_8156
8180,1021,1,131,44,3,2019-08-03 13:10:00,qualifying_8157
8181,1021,844,6,16,4,2019-08-03 13:10:00,qualifying_8158
8182,1021,20,6,5,5,2019-08-03 13:10:00,qualifying_8159
8183,1021,842,9,10,6,2019-08-03 13:10:00,qualifying_8160
8184,1021,846,1,4,7,2019-08-03 13:10:00,qualifying_8161
8185,1021,832,1,55,8,2019-08-03 13:10:00,qualifying_8162
8186,1021,154,210,8,9,2019-08-03 13:10:00,qualifying_8163
8187,1021,8,51,7,10,2019-08-03 13:10:00,qualifying_8164
8188,1021,807,4,27,11,2019-08-03 13:10:00,qualifying_8165
8189,1021,848,5,23,12,2019-08-03 13:10:00,qualifying_8166
8190,1021,826,5,26,13,2019-08-03 13:10:00,qualifying_8167
8191,1021,841,51,99,14,2019-08-03 13:10:00,qualifying_8168
8192,1021,825,210,20,15,2019-08-03 13:10:00,qualifying_8169
8193,1021,847,3,63,16,2019-08-03 13:10:00,qualifying_8170
8194,1021,815,211,11,17,2019-08-03 13:10:00,qualifying_8171
8195,1021,817,4,3,18,2019-08-03 13:10:00,qualifying_8172
8196,1021,840,211,18,19,2019-08-03 13:10:00,qualifying_8173
8197,1021,9,3,88,20,2019-08-03 13:10:00,qualifying_8174
8198,1022,844,6,16,1,2019-08-31 13:10:00,qualifying_8175
8199,1022,20,6,5,2,2019-08-31 13:10:00,qualifying_8176
8200,1022,1,131,44,3,2019-08-31 13:10:00,qualifying_8177
8201,1022,822,131,77,4,2019-08-31 13:10:00,qualifying_8178
8202,1022,830,9,33,5,2019-08-31 13:10:00,qualifying_8179
8203,1022,817,4,3,6,2019-08-31 13:10:00,qualifying_8180
8204,1022,807,4,27,7,2019-08-31 13:10:00,qualifying_8181
8205,1022,8,51,7,8,2019-08-31 13:10:00,qualifying_8182
8206,1022,815,211,11,9,2019-08-31 13:10:00,qualifying_8183
8207,1022,825,210,20,10,2019-08-31 13:10:00,qualifying_8184
8208,1022,154,210,8,11,2019-08-31 13:10:00,qualifying_8185
8209,1022,846,1,4,12,2019-08-31 13:10:00,qualifying_8186
8210,1022,840,211,18,13,2019-08-31 13:10:00,qualifying_8187
8211,1022,848,9,23,14,2019-08-31 13:10:00,qualifying_8188
8212,1022,841,51,99,15,2019-08-31 13:10:00,qualifying_8189
8213,1022,842,5,10,16,2019-08-31 13:10:00,qualifying_8190
8214,1022,832,1,55,17,2019-08-31 13:10:00,qualifying_8191
8215,1022,826,5,26,18,2019-08-31 13:10:00,qualifying_8192
8216,1022,847,3,63,19,2019-08-31 13:10:00,qualifying_8193
8217,1022,9,3,88,20,2019-08-31 13:10:00,qualifying_8194
8218,1023,844,6,16,1,2019-09-07 13:10:00,qualifying_8195
8219,1023,1,131,44,2,2019-09-07 13:10:00,qualifying_8196
8220,1023,822,131,77,3,2019-09-07 13:10:00,qualifying_8197
8221,1023,20,6,5,4,2019-09-07 13:10:00,qualifying_8198
8222,1023,817,4,3,5,2019-09-07 13:10:00,qualifying_8199
8223,1023,807,4,27,6,2019-09-07 13:10:00,qualifying_8200
8224,1023,832,1,55,7,2019-09-07 13:10:00,qualifying_8201
8225,1023,848,9,23,8,2019-09-07 13:10:00,qualifying_8202
8226,1023,840,211,18,9,2019-09-07 13:10:00,qualifying_8203
8227,1023,8,51,7,10,2019-09-07 13:10:00,qualifying_8204
8228,1023,841,51,99,11,2019-09-07 13:10:00,qualifying_8205
8229,1023,825,210,20,12,2019-09-07 13:10:00,qualifying_8206
8230,1023,826,5,26,13,2019-09-07 13:10:00,qualifying_8207
8231,1023,846,1,4,14,2019-09-07 13:10:00,qualifying_8208
8232,1023,842,5,10,15,2019-09-07 13:10:00,qualifying_8209
8233,1023,154,210,8,16,2019-09-07 13:10:00,qualifying_8210
8234,1023,815,211,11,17,2019-09-07 13:10:00,qualifying_8211
8235,1023,847,3,63,18,2019-09-07 13:10:00,qualifying_8212
8236,1023,9,3,88,19,2019-09-07 13:10:00,qualifying_8213
8237,1023,830,9,33,20,2019-09-07 13:10:00,qualifying_8214
8238,1024,844,6,16,1,2019-09-21 12:10:00,qualifying_8215
8239,1024,1,131,44,2,2019-09-21 12:10:00,qualifying_8216
8240,1024,20,6,5,3,2019-09-21 12:10:00,qualifying_8217
8241,1024,830,9,33,4,2019-09-21 12:10:00,qualifying_8218
8242,1024,822,131,77,5,2019-09-21 12:10:00,qualifying_8219
8243,1024,848,9,23,6,2019-09-21 12:10:00,qualifying_8220
8244,1024,832,1,55,7,2019-09-21 12:10:00,qualifying_8221
8245,1024,807,4,27,8,2019-09-21 12:10:00,qualifying_8222
8246,1024,846,1,4,9,2019-09-21 12:10:00,qualifying_8223
8247,1024,815,211,11,10,2019-09-21 12:10:00,qualifying_8224
8248,1024,841,51,99,11,2019-09-21 12:10:00,qualifying_8225
8249,1024,842,5,10,12,2019-09-21 12:10:00,qualifying_8226
8250,1024,8,51,7,13,2019-09-21 12:10:00,qualifying_8227
8251,1024,825,210,20,14,2019-09-21 12:10:00,qualifying_8228
8252,1024,826,5,26,15,2019-09-21 12:10:00,qualifying_8229
8253,1024,840,211,18,16,2019-09-21 12:10:00,qualifying_8230
8254,1024,154,210,8,17,2019-09-21 12:10:00,qualifying_8231
8255,1024,847,3,63,18,2019-09-21 12:10:00,qualifying_8232
8256,1024,9,3,88,19,2019-09-21 12:10:00,qualifying_8233
8257,1024,817,4,3,20,2019-09-21 12:10:00,qualifying_8234
8258,1025,844,6,16,1,2019-09-28 11:10:00,qualifying_8235
8259,1025,1,131,44,2,2019-09-28 11:10:00,qualifying_8236
8260,1025,20,6,5,3,2019-09-28 11:10:00,qualifying_8237
8261,1025,830,9,33,4,2019-09-28 11:10:00,qualifying_8238
8262,1025,822,131,77,5,2019-09-28 11:10:00,qualifying_8239
8263,1025,832,1,55,6,2019-09-28 11:10:00,qualifying_8240
8264,1025,807,4,27,7,2019-09-28 11:10:00,qualifying_8241
8265,1025,846,1,4,8,2019-09-28 11:10:00,qualifying_8242
8266,1025,154,210,8,9,2019-09-28 11:10:00,qualifying_8243
8267,1025,817,4,3,10,2019-09-28 11:10:00,qualifying_8244
8268,1025,842,5,10,11,2019-09-28 11:10:00,qualifying_8245
8269,1025,815,211,11,12,2019-09-28 11:10:00,qualifying_8246
8270,1025,841,51,99,13,2019-09-28 11:10:00,qualifying_8247
8271,1025,825,210,20,14,2019-09-28 11:10:00,qualifying_8248
8272,1025,840,211,18,15,2019-09-28 11:10:00,qualifying_8249
8273,1025,8,51,7,16,2019-09-28 11:10:00,qualifying_8250
8274,1025,847,3,63,17,2019-09-28 11:10:00,qualifying_8251
8275,1025,9,3,88,18,2019-09-28 11:10:00,qualifying_8252
8276,1025,848,9,23,19,2019-09-28 11:10:00,qualifying_8253
8277,1025,826,5,26,20,2019-09-28 11:10:00,qualifying_8254
8278,1026,20,6,5,1,2019-10-12 05:10:00,qualifying_8255
8279,1026,844,6,16,2,2019-10-12 05:10:00,qualifying_8256
8280,1026,822,131,77,3,2019-10-12 05:10:00,qualifying_8257
8281,1026,1,131,44,4,2019-10-12 05:10:00,qualifying_8258
8282,1026,830,9,33,5,2019-10-12 05:10:00,qualifying_8259
8283,1026,848,9,23,6,2019-10-12 05:10:00,qualifying_8260
8284,1026,832,1,55,7,2019-10-12 05:10:00,qualifying_8261
8285,1026,846,1,4,8,2019-10-12 05:10:00,qualifying_8262
8286,1026,842,5,10,9,2019-10-12 05:10:00,qualifying_8263
8287,1026,154,210,8,10,2019-10-12 05:10:00,qualifying_8264
8288,1026,841,51,99,11,2019-10-12 05:10:00,qualifying_8265
8289,1026,840,211,18,12,2019-10-12 05:10:00,qualifying_8266
8290,1026,8,51,7,13,2019-10-12 05:10:00,qualifying_8267
8291,1026,826,5,26,14,2019-10-12 05:10:00,qualifying_8268
8292,1026,807,4,27,15,2019-10-12 05:10:00,qualifying_8269
8293,1026,817,4,3,16,2019-10-12 05:10:00,qualifying_8270
8294,1026,815,211,11,17,2019-10-12 05:10:00,qualifying_8271
8295,1026,847,3,63,18,2019-10-12 05:10:00,qualifying_8272
8296,1026,825,210,20,19,2019-10-12 05:10:00,qualifying_8273
8297,1026,9,3,88,20,2019-10-12 05:10:00,qualifying_8274
8298,1027,830,9,33,1,2019-10-26 19:10:00,qualifying_8275
8299,1027,844,6,16,2,2019-10-26 19:10:00,qualifying_8276
8300,1027,20,6,5,3,2019-10-26 19:10:00,qualifying_8277
8301,1027,1,131,44,4,2019-10-26 19:10:00,qualifying_8278
8302,1027,848,9,23,5,2019-10-26 19:10:00,qualifying_8279
8303,1027,822,131,77,6,2019-10-26 19:10:00,qualifying_8280
8304,1027,832,1,55,7,2019-10-26 19:10:00,qualifying_8281
8305,1027,846,1,4,8,2019-10-26 19:10:00,qualifying_8282
8306,1027,826,5,26,9,2019-10-26 19:10:00,qualifying_8283
8307,1027,842,5,10,10,2019-10-26 19:10:00,qualifying_8284
8308,1027,815,211,11,11,2019-10-26 19:10:00,qualifying_8285
8309,1027,807,4,27,12,2019-10-26 19:10:00,qualifying_8286
8310,1027,817,4,3,13,2019-10-26 19:10:00,qualifying_8287
8311,1027,8,51,7,14,2019-10-26 19:10:00,qualifying_8288
8312,1027,841,51,99,15,2019-10-26 19:10:00,qualifying_8289
8313,1027,840,211,18,16,2019-10-26 19:10:00,qualifying_8290
8314,1027,825,210,20,17,2019-10-26 19:10:00,qualifying_8291
8315,1027,154,210,8,18,2019-10-26 19:10:00,qualifying_8292
8316,1027,847,3,63,19,2019-10-26 19:10:00,qualifying_8293
8317,1027,9,3,88,20,2019-10-26 19:10:00,qualifying_8294
8318,1028,822,131,77,1,2019-11-02 19:10:00,qualifying_8295
8319,1028,20,6,5,2,2019-11-02 19:10:00,qualifying_8296
8320,1028,830,9,33,3,2019-11-02 19:10:00,qualifying_8297
8321,1028,844,6,16,4,2019-11-02 19:10:00,qualifying_8298
8322,1028,1,131,44,5,2019-11-02 19:10:00,qualifying_8299
8323,1028,848,9,23,6,2019-11-02 19:10:00,qualifying_8300
8324,1028,832,1,55,7,2019-11-02 19:10:00,qualifying_8301
8325,1028,846,1,4,8,2019-11-02 19:10:00,qualifying_8302
8326,1028,817,4,3,9,2019-11-02 19:10:00,qualifying_8303
8327,1028,842,5,10,10,2019-11-02 19:10:00,qualifying_8304
8328,1028,807,4,27,11,2019-11-02 19:10:00,qualifying_8305
8329,1028,825,210,20,12,2019-11-02 19:10:00,qualifying_8306
8330,1028,826,5,26,13,2019-11-02 19:10:00,qualifying_8307
8331,1028,840,211,18,14,2019-11-02 19:10:00,qualifying_8308
8332,1028,154,210,8,15,2019-11-02 19:10:00,qualifying_8309
8333,1028,841,51,99,16,2019-11-02 19:10:00,qualifying_8310
8334,1028,8,51,7,17,2019-11-02 19:10:00,qualifying_8311
8335,1028,847,3,63,18,2019-11-02 19:10:00,qualifying_8312
8336,1028,815,211,11,19,2019-11-02 19:10:00,qualifying_8313
8337,1028,9,3,88,20,2019-11-02 19:10:00,qualifying_8314
8338,1029,830,9,33,1,2019-11-16 17:10:00,qualifying_8315
8339,1029,20,6,5,2,2019-11-16 17:10:00,qualifying_8316
8340,1029,1,131,44,3,2019-11-16 17:10:00,qualifying_8317
8341,1029,844,6,16,4,2019-11-16 17:10:00,qualifying_8318
8342,1029,822,131,77,5,2019-11-16 17:10:00,qualifying_8319
8343,1029,848,9,23,6,2019-11-16 17:10:00,qualifying_8320
8344,1029,842,5,10,7,2019-11-16 17:10:00,qualifying_8321
8345,1029,154,210,8,8,2019-11-16 17:10:00,qualifying_8322
8346,1029,8,51,7,9,2019-11-16 17:10:00,qualifying_8323
8347,1029,825,210,20,10,2019-11-16 17:10:00,qualifying_8324
8348,1029,846,1,4,11,2019-11-16 17:10:00,qualifying_8325
8349,1029,817,4,3,12,2019-11-16 17:10:00,qualifying_8326
8350,1029,841,51,99,13,2019-11-16 17:10:00,qualifying_8327
8351,1029,807,4,27,14,2019-11-16 17:10:00,qualifying_8328
8352,1029,815,211,11,15,2019-11-16 17:10:00,qualifying_8329
8353,1029,826,5,26,16,2019-11-16 17:10:00,qualifying_8330
8354,1029,840,211,18,17,2019-11-16 17:10:00,qualifying_8331
8355,1029,847,3,63,18,2019-11-16 17:10:00,qualifying_8332
8356,1029,9,3,88,19,2019-11-16 17:10:00,qualifying_8333
8357,1029,832,1,55,20,2019-11-16 17:10:00,qualifying_8334
8358,1030,1,131,44,1,2019-11-30 13:10:00,qualifying_8335
8359,1030,822,131,77,2,2019-11-30 13:10:00,qualifying_8336
8360,1030,830,9,33,3,2019-11-30 13:10:00,qualifying_8337
8361,1030,844,6,16,4,2019-11-30 13:10:00,qualifying_8338
8362,1030,20,6,5,5,2019-11-30 13:10:00,qualifying_8339
8363,1030,848,9,23,6,2019-11-30 13:10:00,qualifying_8340
8364,1030,846,1,4,7,2019-11-30 13:10:00,qualifying_8341
8365,1030,817,4,3,8,2019-11-30 13:10:00,qualifying_8342
8366,1030,832,1,55,9,2019-11-30 13:10:00,qualifying_8343
8367,1030,807,4,27,10,2019-11-30 13:10:00,qualifying_8344
8368,1030,815,211,11,11,2019-11-30 13:10:00,qualifying_8345
8369,1030,842,5,10,12,2019-11-30 13:10:00,qualifying_8346
8370,1030,840,211,18,13,2019-11-30 13:10:00,qualifying_8347
8371,1030,826,5,26,14,2019-11-30 13:10:00,qualifying_8348
8372,1030,825,210,20,15,2019-11-30 13:10:00,qualifying_8349
8373,1030,154,210,8,16,2019-11-30 13:10:00,qualifying_8350
8374,1030,841,51,99,17,2019-11-30 13:10:00,qualifying_8351
8375,1030,8,51,7,18,2019-11-30 13:10:00,qualifying_8352
8376,1030,847,3,63,19,2019-11-30 13:10:00,qualifying_8353
8377,1030,9,3,88,20,2019-11-30 13:10:00,qualifying_8354
8378,1031,822,131,77,1,2020-07-04 13:10:00,qualifying_8355
8379,1031,1,131,44,2,2020-07-04 13:10:00,qualifying_8356
8380,1031,830,9,33,3,2020-07-04 13:10:00,qualifying_8357
8381,1031,846,1,4,4,2020-07-04 13:10:00,qualifying_8358
8382,1031,848,9,23,5,2020-07-04 13:10:00,qualifying_8359
8383,1031,815,211,11,6,2020-07-04 13:10:00,qualifying_8360
8384,1031,844,6,16,7,2020-07-04 13:10:00,qualifying_8361
8385,1031,832,1,55,8,2020-07-04 13:10:00,qualifying_8362
8386,1031,840,211,18,9,2020-07-04 13:10:00,qualifying_8363
8387,1031,817,4,3,10,2020-07-04 13:10:00,qualifying_8364
8388,1031,20,6,5,11,2020-07-04 13:10:00,qualifying_8365
8389,1031,842,213,10,12,2020-07-04 13:10:00,qualifying_8366
8390,1031,826,213,26,13,2020-07-04 13:10:00,qualifying_8367
8391,1031,839,4,31,14,2020-07-04 13:10:00,qualifying_8368
8392,1031,154,210,8,15,2020-07-04 13:10:00,qualifying_8369
8393,1031,825,210,20,16,2020-07-04 13:10:00,qualifying_8370
8394,1031,847,3,63,17,2020-07-04 13:10:00,qualifying_8371
8395,1031,841,51,99,18,2020-07-04 13:10:00,qualifying_8372
8396,1031,8,51,7,19,2020-07-04 13:10:00,qualifying_8373
8397,1031,849,3,6,20,2020-07-04 13:10:00,qualifying_8374
8398,1032,1,131,44,1,2020-07-11 13:10:00,qualifying_8375
8399,1032,830,9,33,2,2020-07-11 13:10:00,qualifying_8376
8400,1032,832,1,55,3,2020-07-11 13:10:00,qualifying_8377
8401,1032,822,131,77,4,2020-07-11 13:10:00,qualifying_8378
8402,1032,839,4,31,5,2020-07-11 13:10:00,qualifying_8379
8403,1032,846,1,4,6,2020-07-11 13:10:00,qualifying_8380
8404,1032,848,9,23,7,2020-07-11 13:10:00,qualifying_8381
8405,1032,842,213,10,8,2020-07-11 13:10:00,qualifying_8382
8406,1032,817,4,3,9,2020-07-11 13:10:00,qualifying_8383
8407,1032,20,6,5,10,2020-07-11 13:10:00,qualifying_8384
8408,1032,844,6,16,11,2020-07-11 13:10:00,qualifying_8385
8409,1032,847,3,63,12,2020-07-11 13:10:00,qualifying_8386
8410,1032,840,211,18,13,2020-07-11 13:10:00,qualifying_8387
8411,1032,826,213,26,14,2020-07-11 13:10:00,qualifying_8388
8412,1032,825,210,20,15,2020-07-11 13:10:00,qualifying_8389
8413,1032,8,51,7,16,2020-07-11 13:10:00,qualifying_8390
8414,1032,815,211,11,17,2020-07-11 13:10:00,qualifying_8391
8415,1032,849,3,6,18,2020-07-11 13:10:00,qualifying_8392
8416,1032,841,51,99,19,2020-07-11 13:10:00,qualifying_8393
8417,1032,154,210,8,20,2020-07-11 13:10:00,qualifying_8394
8418,1033,822,131,77,2,2020-07-18 13:10:00,qualifying_8395
8419,1033,840,211,18,3,2020-07-18 13:10:00,qualifying_8396
8420,1033,815,211,11,4,2020-07-18 13:10:00,qualifying_8397
8421,1033,20,6,5,5,2020-07-18 13:10:00,qualifying_8398
8422,1033,844,6,16,6,2020-07-18 13:10:00,qualifying_8399
8423,1033,830,9,33,7,2020-07-18 13:10:00,qualifying_8400
8424,1033,846,1,4,8,2020-07-18 13:10:00,qualifying_8401
8425,1033,832,1,55,9,2020-07-18 13:10:00,qualifying_8402
8426,1033,842,213,10,10,2020-07-18 13:10:00,qualifying_8403
8427,1033,817,4,3,11,2020-07-18 13:10:00,qualifying_8404
8428,1033,847,3,63,12,2020-07-18 13:10:00,qualifying_8405
8429,1033,848,9,23,13,2020-07-18 13:10:00,qualifying_8406
8430,1033,839,4,31,14,2020-07-18 13:10:00,qualifying_8407
8431,1033,849,3,6,15,2020-07-18 13:10:00,qualifying_8408
8432,1033,825,210,20,16,2020-07-18 13:10:00,qualifying_8409
8433,1033,826,213,26,17,2020-07-18 13:10:00,qualifying_8410
8434,1033,154,210,8,18,2020-07-18 13:10:00,qualifying_8411
8435,1033,841,51,99,19,2020-07-18 13:10:00,qualifying_8412
8436,1033,8,51,7,20,2020-07-18 13:10:00,qualifying_8413
8437,1033,1,131,44,1,2020-07-18 13:10:00,qualifying_8414
8438,1034,1,131,44,1,2020-08-01 13:10:00,qualifying_8415
8439,1034,822,131,77,2,2020-08-01 13:10:00,qualifying_8416
8440,1034,830,9,33,3,2020-08-01 13:10:00,qualifying_8417
8441,1034,844,6,16,4,2020-08-01 13:10:00,qualifying_8418
8442,1034,846,1,4,5,2020-08-01 13:10:00,qualifying_8419
8443,1034,840,211,18,6,2020-08-01 13:10:00,qualifying_8420
8444,1034,832,1,55,7,2020-08-01 13:10:00,qualifying_8421
8445,1034,817,4,3,8,2020-08-01 13:10:00,qualifying_8422
8446,1034,839,4,31,9,2020-08-01 13:10:00,qualifying_8423
8447,1034,20,6,5,10,2020-08-01 13:10:00,qualifying_8424
8448,1034,842,213,10,11,2020-08-01 13:10:00,qualifying_8425
8449,1034,848,9,23,12,2020-08-01 13:10:00,qualifying_8426
8450,1034,807,211,27,13,2020-08-01 13:10:00,qualifying_8427
8451,1034,826,213,26,14,2020-08-01 13:10:00,qualifying_8428
8452,1034,847,3,63,15,2020-08-01 13:10:00,qualifying_8429
8453,1034,825,210,20,16,2020-08-01 13:10:00,qualifying_8430
8454,1034,841,51,99,17,2020-08-01 13:10:00,qualifying_8431
8455,1034,8,51,7,18,2020-08-01 13:10:00,qualifying_8432
8456,1034,154,210,8,19,2020-08-01 13:10:00,qualifying_8433
8457,1034,849,3,6,20,2020-08-01 13:10:00,qualifying_8434
8458,1035,822,131,77,1,2020-08-08 13:10:00,qualifying_8435
8459,1035,1,131,44,2,2020-08-08 13:10:00,qualifying_8436
8460,1035,807,211,27,3,2020-08-08 13:10:00,qualifying_8437
8461,1035,830,9,33,4,2020-08-08 13:10:00,qualifying_8438
8462,1035,817,4,3,5,2020-08-08 13:10:00,qualifying_8439
8463,1035,840,211,18,6,2020-08-08 13:10:00,qualifying_8440
8464,1035,842,213,10,7,2020-08-08 13:10:00,qualifying_8441
8465,1035,844,6,16,8,2020-08-08 13:10:00,qualifying_8442
8466,1035,848,9,23,9,2020-08-08 13:10:00,qualifying_8443
8467,1035,846,1,4,10,2020-08-08 13:10:00,qualifying_8444
8468,1035,839,4,31,11,2020-08-08 13:10:00,qualifying_8445
8469,1035,20,6,5,12,2020-08-08 13:10:00,qualifying_8446
8470,1035,832,1,55,13,2020-08-08 13:10:00,qualifying_8447
8471,1035,154,210,8,14,2020-08-08 13:10:00,qualifying_8448
8472,1035,847,3,63,15,2020-08-08 13:10:00,qualifying_8449
8473,1035,826,213,26,16,2020-08-08 13:10:00,qualifying_8450
8474,1035,825,210,20,17,2020-08-08 13:10:00,qualifying_8451
8475,1035,849,3,6,18,2020-08-08 13:10:00,qualifying_8452
8476,1035,841,51,99,19,2020-08-08 13:10:00,qualifying_8453
8477,1035,8,51,7,20,2020-08-08 13:10:00,qualifying_8454
8478,1036,1,131,44,1,2020-08-15 13:10:00,qualifying_8455
8479,1036,822,131,77,2,2020-08-15 13:10:00,qualifying_8456
8480,1036,830,9,33,3,2020-08-15 13:10:00,qualifying_8457
8481,1036,815,211,11,4,2020-08-15 13:10:00,qualifying_8458
8482,1036,840,211,18,5,2020-08-15 13:10:00,qualifying_8459
8483,1036,848,9,23,6,2020-08-15 13:10:00,qualifying_8460
8484,1036,832,1,55,7,2020-08-15 13:10:00,qualifying_8461
8485,1036,846,1,4,8,2020-08-15 13:10:00,qualifying_8462
8486,1036,844,6,16,9,2020-08-15 13:10:00,qualifying_8463
8487,1036,842,213,10,10,2020-08-15 13:10:00,qualifying_8464
8488,1036,20,6,5,11,2020-08-15 13:10:00,qualifying_8465
8489,1036,826,213,26,12,2020-08-15 13:10:00,qualifying_8466
8490,1036,817,4,3,13,2020-08-15 13:10:00,qualifying_8467
8491,1036,8,51,7,14,2020-08-15 13:10:00,qualifying_8468
8492,1036,839,4,31,15,2020-08-15 13:10:00,qualifying_8469
8493,1036,825,210,20,16,2020-08-15 13:10:00,qualifying_8470
8494,1036,154,210,8,17,2020-08-15 13:10:00,qualifying_8471
8495,1036,847,3,63,18,2020-08-15 13:10:00,qualifying_8472
8496,1036,849,3,6,19,2020-08-15 13:10:00,qualifying_8473
8497,1036,841,51,99,20,2020-08-15 13:10:00,qualifying_8474
8498,1037,1,131,44,1,2020-08-29 13:10:00,qualifying_8475
8499,1037,822,131,77,2,2020-08-29 13:10:00,qualifying_8476
8500,1037,830,9,33,3,2020-08-29 13:10:00,qualifying_8477
8501,1037,817,4,3,4,2020-08-29 13:10:00,qualifying_8478
8502,1037,848,9,23,5,2020-08-29 13:10:00,qualifying_8479
8503,1037,839,4,31,6,2020-08-29 13:10:00,qualifying_8480
8504,1037,832,1,55,7,2020-08-29 13:10:00,qualifying_8481
8505,1037,815,211,11,8,2020-08-29 13:10:00,qualifying_8482
8506,1037,840,211,18,9,2020-08-29 13:10:00,qualifying_8483
8507,1037,846,1,4,10,2020-08-29 13:10:00,qualifying_8484
8508,1037,826,213,26,11,2020-08-29 13:10:00,qualifying_8485
8509,1037,842,213,10,12,2020-08-29 13:10:00,qualifying_8486
8510,1037,844,6,16,13,2020-08-29 13:10:00,qualifying_8487
8511,1037,20,6,5,14,2020-08-29 13:10:00,qualifying_8488
8512,1037,847,3,63,15,2020-08-29 13:10:00,qualifying_8489
8513,1037,8,51,7,16,2020-08-29 13:10:00,qualifying_8490
8514,1037,154,210,8,17,2020-08-29 13:10:00,qualifying_8491
8515,1037,841,51,99,18,2020-08-29 13:10:00,qualifying_8492
8516,1037,849,3,6,19,2020-08-29 13:10:00,qualifying_8493
8517,1037,825,210,20,20,2020-08-29 13:10:00,qualifying_8494
8518,1038,1,131,44,1,2020-09-05 13:10:00,qualifying_8495
8519,1038,822,131,77,2,2020-09-05 13:10:00,qualifying_8496
8520,1038,832,1,55,3,2020-09-05 13:10:00,qualifying_8497
8521,1038,815,211,11,4,2020-09-05 13:10:00,qualifying_8498
8522,1038,830,9,33,5,2020-09-05 13:10:00,qualifying_8499
8523,1038,846,1,4,6,2020-09-05 13:10:00,qualifying_8500
8524,1038,817,4,3,7,2020-09-05 13:10:00,qualifying_8501
8525,1038,840,211,18,8,2020-09-05 13:10:00,qualifying_8502
8526,1038,848,9,23,9,2020-09-05 13:10:00,qualifying_8503
8527,1038,842,213,10,10,2020-09-05 13:10:00,qualifying_8504
8528,1038,826,213,26,11,2020-09-05 13:10:00,qualifying_8505
8529,1038,839,4,31,12,2020-09-05 13:10:00,qualifying_8506
8530,1038,844,6,16,13,2020-09-05 13:10:00,qualifying_8507
8531,1038,8,51,7,14,2020-09-05 13:10:00,qualifying_8508
8532,1038,825,210,20,15,2020-09-05 13:10:00,qualifying_8509
8533,1038,154,210,8,16,2020-09-05 13:10:00,qualifying_8510
8534,1038,20,6,5,17,2020-09-05 13:10:00,qualifying_8511
8535,1038,841,51,99,18,2020-09-05 13:10:00,qualifying_8512
8536,1038,847,3,63,19,2020-09-05 13:10:00,qualifying_8513
8537,1038,849,3,6,20,2020-09-05 13:10:00,qualifying_8514
8538,1039,1,131,44,1,2020-09-12 13:10:00,qualifying_8515
8539,1039,822,131,77,2,2020-09-12 13:10:00,qualifying_8516
8540,1039,830,9,33,3,2020-09-12 13:10:00,qualifying_8517
8541,1039,848,9,23,4,2020-09-12 13:10:00,qualifying_8518
8542,1039,844,6,16,5,2020-09-12 13:10:00,qualifying_8519
8543,1039,815,211,11,6,2020-09-12 13:10:00,qualifying_8520
8544,1039,840,211,18,7,2020-09-12 13:10:00,qualifying_8521
8545,1039,817,4,3,8,2020-09-12 13:10:00,qualifying_8522
8546,1039,832,1,55,9,2020-09-12 13:10:00,qualifying_8523
8547,1039,839,4,31,10,2020-09-12 13:10:00,qualifying_8524
8548,1039,846,1,4,11,2020-09-12 13:10:00,qualifying_8525
8549,1039,826,213,26,12,2020-09-12 13:10:00,qualifying_8526
8550,1039,8,51,7,13,2020-09-12 13:10:00,qualifying_8527
8551,1039,20,6,5,14,2020-09-12 13:10:00,qualifying_8528
8552,1039,154,210,8,15,2020-09-12 13:10:00,qualifying_8529
8553,1039,842,213,10,16,2020-09-12 13:10:00,qualifying_8530
8554,1039,841,51,99,17,2020-09-12 13:10:00,qualifying_8531
8555,1039,847,3,63,18,2020-09-12 13:10:00,qualifying_8532
8556,1039,849,3,6,19,2020-09-12 13:10:00,qualifying_8533
8557,1039,825,210,20,20,2020-09-12 13:10:00,qualifying_8534
8558,1040,1,131,44,1,2020-09-26 11:10:00,qualifying_8535
8559,1040,830,9,33,2,2020-09-26 11:10:00,qualifying_8536
8560,1040,822,131,77,3,2020-09-26 11:10:00,qualifying_8537
8561,1040,815,211,11,4,2020-09-26 11:10:00,qualifying_8538
8562,1040,817,4,3,5,2020-09-26 11:10:00,qualifying_8539
8563,1040,832,1,55,6,2020-09-26 11:10:00,qualifying_8540
8564,1040,839,4,31,7,2020-09-26 11:10:00,qualifying_8541
8565,1040,846,1,4,8,2020-09-26 11:10:00,qualifying_8542
8566,1040,842,213,10,9,2020-09-26 11:10:00,qualifying_8543
8567,1040,848,9,23,10,2020-09-26 11:10:00,qualifying_8544
8568,1040,844,6,16,11,2020-09-26 11:10:00,qualifying_8545
8569,1040,826,213,26,12,2020-09-26 11:10:00,qualifying_8546
8570,1040,840,211,18,13,2020-09-26 11:10:00,qualifying_8547
8571,1040,847,3,63,14,2020-09-26 11:10:00,qualifying_8548
8572,1040,20,6,5,15,2020-09-26 11:10:00,qualifying_8549
8573,1040,154,210,8,16,2020-09-26 11:10:00,qualifying_8550
8574,1040,841,51,99,17,2020-09-26 11:10:00,qualifying_8551
8575,1040,825,210,20,18,2020-09-26 11:10:00,qualifying_8552
8576,1040,849,3,6,19,2020-09-26 11:10:00,qualifying_8553
8577,1040,8,51,7,20,2020-09-26 11:10:00,qualifying_8554
8578,1041,822,131,77,1,2020-10-10 13:10:00,qualifying_8555
8579,1041,1,131,44,2,2020-10-10 13:10:00,qualifying_8556
8580,1041,830,9,33,3,2020-10-10 13:10:00,qualifying_8557
8581,1041,844,6,16,4,2020-10-10 13:10:00,qualifying_8558
8582,1041,848,9,23,5,2020-10-10 13:10:00,qualifying_8559
8583,1041,817,4,3,6,2020-10-10 13:10:00,qualifying_8560
8584,1041,839,4,31,7,2020-10-10 13:10:00,qualifying_8561
8585,1041,846,1,4,8,2020-10-10 13:10:00,qualifying_8562
8586,1041,815,211,11,9,2020-10-10 13:10:00,qualifying_8563
8587,1041,832,1,55,10,2020-10-10 13:10:00,qualifying_8564
8588,1041,20,6,5,11,2020-10-10 13:10:00,qualifying_8565
8589,1041,842,213,10,12,2020-10-10 13:10:00,qualifying_8566
8590,1041,826,213,26,13,2020-10-10 13:10:00,qualifying_8567
8591,1041,841,51,99,14,2020-10-10 13:10:00,qualifying_8568
8592,1041,825,210,20,15,2020-10-10 13:10:00,qualifying_8569
8593,1041,154,210,8,16,2020-10-10 13:10:00,qualifying_8570
8594,1041,847,3,63,17,2020-10-10 13:10:00,qualifying_8571
8595,1041,849,3,6,18,2020-10-10 13:10:00,qualifying_8572
8596,1041,8,51,7,19,2020-10-10 13:10:00,qualifying_8573
8597,1041,807,211,27,20,2020-10-10 13:10:00,qualifying_8574
8626,1042,840,211,18,12,2020-10-24 12:10:00,qualifying_8575
8625,1042,839,4,31,11,2020-10-24 12:10:00,qualifying_8576
8624,1042,817,4,3,10,2020-10-24 12:10:00,qualifying_8577
8623,1042,842,213,10,9,2020-10-24 12:10:00,qualifying_8578
8622,1042,846,1,4,8,2020-10-24 12:10:00,qualifying_8579
8621,1042,832,1,55,7,2020-10-24 12:10:00,qualifying_8580
8620,1042,848,9,23,6,2020-10-24 12:10:00,qualifying_8581
8619,1042,815,211,11,5,2020-10-24 12:10:00,qualifying_8582
8618,1042,844,6,16,4,2020-10-24 12:10:00,qualifying_8583
8617,1042,830,9,33,3,2020-10-24 12:10:00,qualifying_8584
8616,1042,822,131,77,2,2020-10-24 12:10:00,qualifying_8585
8615,1042,1,131,44,1,2020-10-24 12:10:00,qualifying_8586
8627,1042,826,213,26,13,2020-10-24 12:10:00,qualifying_8587
8628,1042,847,3,63,14,2020-10-24 12:10:00,qualifying_8588
8629,1042,20,6,5,15,2020-10-24 12:10:00,qualifying_8589
8630,1042,8,51,7,16,2020-10-24 12:10:00,qualifying_8590
8631,1042,841,51,99,17,2020-10-24 12:10:00,qualifying_8591
8632,1042,154,210,8,18,2020-10-24 12:10:00,qualifying_8592
8633,1042,825,210,20,19,2020-10-24 12:10:00,qualifying_8593
8634,1042,849,3,6,20,2020-10-24 12:10:00,qualifying_8594
8635,1043,822,131,77,1,2020-10-31 12:10:00,qualifying_8595
8636,1043,1,131,44,2,2020-10-31 12:10:00,qualifying_8596
8637,1043,830,9,33,3,2020-10-31 12:10:00,qualifying_8597
8638,1043,842,213,10,4,2020-10-31 12:10:00,qualifying_8598
8639,1043,817,4,3,5,2020-10-31 12:10:00,qualifying_8599
8640,1043,848,9,23,6,2020-10-31 12:10:00,qualifying_8600
8641,1043,844,6,16,7,2020-10-31 12:10:00,qualifying_8601
8642,1043,826,213,26,8,2020-10-31 12:10:00,qualifying_8602
8643,1043,846,1,4,9,2020-10-31 12:10:00,qualifying_8603
8644,1043,832,1,55,10,2020-10-31 12:10:00,qualifying_8604
8645,1043,815,211,11,11,2020-10-31 12:10:00,qualifying_8605
8646,1043,839,4,31,12,2020-10-31 12:10:00,qualifying_8606
8647,1043,847,3,63,13,2020-10-31 12:10:00,qualifying_8607
8648,1043,20,6,5,14,2020-10-31 12:10:00,qualifying_8608
8649,1043,840,211,18,15,2020-10-31 12:10:00,qualifying_8609
8650,1043,154,210,8,16,2020-10-31 12:10:00,qualifying_8610
8651,1043,825,210,20,17,2020-10-31 12:10:00,qualifying_8611
8652,1043,8,51,7,18,2020-10-31 12:10:00,qualifying_8612
8653,1043,849,3,6,19,2020-10-31 12:10:00,qualifying_8613
8654,1043,841,51,99,20,2020-10-31 12:10:00,qualifying_8614
8655,1044,840,211,18,1,2020-11-14 10:10:00,qualifying_8615
8656,1044,830,9,33,2,2020-11-14 10:10:00,qualifying_8616
8657,1044,815,211,11,3,2020-11-14 10:10:00,qualifying_8617
8658,1044,848,9,23,4,2020-11-14 10:10:00,qualifying_8618
8659,1044,817,4,3,5,2020-11-14 10:10:00,qualifying_8619
8660,1044,1,131,44,6,2020-11-14 10:10:00,qualifying_8620
8661,1044,839,4,31,7,2020-11-14 10:10:00,qualifying_8621
8662,1044,8,51,7,8,2020-11-14 10:10:00,qualifying_8622
8663,1044,822,131,77,9,2020-11-14 10:10:00,qualifying_8623
8664,1044,841,51,99,10,2020-11-14 10:10:00,qualifying_8624
8665,1044,846,1,4,11,2020-11-14 10:10:00,qualifying_8625
8666,1044,20,6,5,12,2020-11-14 10:10:00,qualifying_8626
8667,1044,832,1,55,13,2020-11-14 10:10:00,qualifying_8627
8668,1044,844,6,16,14,2020-11-14 10:10:00,qualifying_8628
8669,1044,842,213,10,15,2020-11-14 10:10:00,qualifying_8629
8670,1044,825,210,20,16,2020-11-14 10:10:00,qualifying_8630
8671,1044,826,213,26,17,2020-11-14 10:10:00,qualifying_8631
8672,1044,847,3,63,18,2020-11-14 10:10:00,qualifying_8632
8673,1044,154,210,8,19,2020-11-14 10:10:00,qualifying_8633
8674,1044,849,3,6,20,2020-11-14 10:10:00,qualifying_8634
8675,1045,1,131,44,1,2020-11-28 14:10:00,qualifying_8635
8676,1045,822,131,77,2,2020-11-28 14:10:00,qualifying_8636
8677,1045,830,9,33,3,2020-11-28 14:10:00,qualifying_8637
8678,1045,848,9,23,4,2020-11-28 14:10:00,qualifying_8638
8679,1045,815,211,11,5,2020-11-28 14:10:00,qualifying_8639
8680,1045,817,4,3,6,2020-11-28 14:10:00,qualifying_8640
8681,1045,839,4,31,7,2020-11-28 14:10:00,qualifying_8641
8682,1045,842,213,10,8,2020-11-28 14:10:00,qualifying_8642
8683,1045,846,1,4,9,2020-11-28 14:10:00,qualifying_8643
8684,1045,826,213,26,10,2020-11-28 14:10:00,qualifying_8644
8685,1045,20,6,5,11,2020-11-28 14:10:00,qualifying_8645
8686,1045,844,6,16,12,2020-11-28 14:10:00,qualifying_8646
8687,1045,840,211,18,13,2020-11-28 14:10:00,qualifying_8647
8688,1045,847,3,63,14,2020-11-28 14:10:00,qualifying_8648
8689,1045,832,1,55,15,2020-11-28 14:10:00,qualifying_8649
8690,1045,841,51,99,16,2020-11-28 14:10:00,qualifying_8650
8691,1045,8,51,7,17,2020-11-28 14:10:00,qualifying_8651
8692,1045,825,210,20,18,2020-11-28 14:10:00,qualifying_8652
8693,1045,154,210,8,19,2020-11-28 14:10:00,qualifying_8653
8694,1045,849,3,6,20,2020-11-28 14:10:00,qualifying_8654
8695,1046,822,131,77,1,2020-12-05 17:10:00,qualifying_8655
8696,1046,847,131,63,2,2020-12-05 17:10:00,qualifying_8656
8697,1046,830,9,33,3,2020-12-05 17:10:00,qualifying_8657
8698,1046,844,6,16,4,2020-12-05 17:10:00,qualifying_8658
8699,1046,815,211,11,5,2020-12-05 17:10:00,qualifying_8659
8700,1046,826,213,26,6,2020-12-05 17:10:00,qualifying_8660
8701,1046,817,4,3,7,2020-12-05 17:10:00,qualifying_8661
8702,1046,832,1,55,8,2020-12-05 17:10:00,qualifying_8662
8703,1046,842,213,10,9,2020-12-05 17:10:00,qualifying_8663
8704,1046,840,211,18,10,2020-12-05 17:10:00,qualifying_8664
8705,1046,839,4,31,11,2020-12-05 17:10:00,qualifying_8665
8706,1046,848,9,23,12,2020-12-05 17:10:00,qualifying_8666
8707,1046,20,6,5,13,2020-12-05 17:10:00,qualifying_8667
8708,1046,841,51,99,14,2020-12-05 17:10:00,qualifying_8668
8709,1046,846,1,4,15,2020-12-05 17:10:00,qualifying_8669
8710,1046,825,210,20,16,2020-12-05 17:10:00,qualifying_8670
8711,1046,849,3,6,17,2020-12-05 17:10:00,qualifying_8671
8712,1046,851,3,89,18,2020-12-05 17:10:00,qualifying_8672
8713,1046,8,51,7,19,2020-12-05 17:10:00,qualifying_8673
8714,1046,850,210,51,20,2020-12-05 17:10:00,qualifying_8674
8715,1047,830,9,33,1,2020-12-12 13:10:00,qualifying_8675
8716,1047,822,131,77,2,2020-12-12 13:10:00,qualifying_8676
8717,1047,1,131,44,3,2020-12-12 13:10:00,qualifying_8677
8718,1047,846,1,4,4,2020-12-12 13:10:00,qualifying_8678
8719,1047,848,9,23,5,2020-12-12 13:10:00,qualifying_8679
8720,1047,832,1,55,6,2020-12-12 13:10:00,qualifying_8680
8721,1047,826,213,26,7,2020-12-12 13:10:00,qualifying_8681
8722,1047,840,211,18,8,2020-12-12 13:10:00,qualifying_8682
8723,1047,844,6,16,9,2020-12-12 13:10:00,qualifying_8683
8724,1047,842,213,10,10,2020-12-12 13:10:00,qualifying_8684
8725,1047,839,4,31,11,2020-12-12 13:10:00,qualifying_8685
8726,1047,817,4,3,12,2020-12-12 13:10:00,qualifying_8686
8727,1047,20,6,5,13,2020-12-12 13:10:00,qualifying_8687
8728,1047,841,51,99,14,2020-12-12 13:10:00,qualifying_8688
8729,1047,815,211,11,15,2020-12-12 13:10:00,qualifying_8689
8730,1047,8,51,7,16,2020-12-12 13:10:00,qualifying_8690
8731,1047,825,210,20,17,2020-12-12 13:10:00,qualifying_8691
8732,1047,847,3,63,18,2020-12-12 13:10:00,qualifying_8692
8733,1047,850,210,51,19,2020-12-12 13:10:00,qualifying_8693
8734,1047,849,3,6,20,2020-12-12 13:10:00,qualifying_8694
8735,1052,830,9,33,1,2021-03-27 15:00:00,qualifying_8695
8736,1052,1,131,44,2,2021-03-27 15:00:00,qualifying_8696
8737,1052,822,131,77,3,2021-03-27 15:00:00,qualifying_8697
8738,1052,844,6,16,4,2021-03-27 15:00:00,qualifying_8698
8739,1052,842,213,10,5,2021-03-27 15:00:00,qualifying_8699
8740,1052,817,1,3,6,2021-03-27 15:00:00,qualifying_8700
8741,1052,846,1,4,7,2021-03-27 15:00:00,qualifying_8701
8742,1052,832,6,55,8,2021-03-27 15:00:00,qualifying_8702
8743,1052,4,214,14,9,2021-03-27 15:00:00,qualifying_8703
8744,1052,840,117,18,10,2021-03-27 15:00:00,qualifying_8704
8745,1052,815,9,11,11,2021-03-27 15:00:00,qualifying_8705
8746,1052,841,51,99,12,2021-03-27 15:00:00,qualifying_8706
8747,1052,852,213,22,13,2021-03-27 15:00:00,qualifying_8707
8748,1052,8,51,7,14,2021-03-27 15:00:00,qualifying_8708
8749,1052,847,3,63,15,2021-03-27 15:00:00,qualifying_8709
8750,1052,839,214,31,16,2021-03-27 15:00:00,qualifying_8710
8751,1052,849,3,6,17,2021-03-27 15:00:00,qualifying_8711
8752,1052,20,117,5,18,2021-03-27 15:00:00,qualifying_8712
8753,1052,854,210,47,19,2021-03-27 15:00:00,qualifying_8713
8754,1052,853,210,9,20,2021-03-27 15:00:00,qualifying_8714
8755,1053,1,131,44,1,2021-04-17 13:00:00,qualifying_8715
8756,1053,815,9,11,2,2021-04-17 13:00:00,qualifying_8716
8757,1053,830,9,33,3,2021-04-17 13:00:00,qualifying_8717
8758,1053,844,6,16,4,2021-04-17 13:00:00,qualifying_8718
8759,1053,842,213,10,5,2021-04-17 13:00:00,qualifying_8719
8760,1053,817,1,3,6,2021-04-17 13:00:00,qualifying_8720
8761,1053,846,1,4,7,2021-04-17 13:00:00,qualifying_8721
8762,1053,822,131,77,8,2021-04-17 13:00:00,qualifying_8722
8763,1053,839,214,31,9,2021-04-17 13:00:00,qualifying_8723
8764,1053,840,117,18,10,2021-04-17 13:00:00,qualifying_8724
8765,1053,832,6,55,11,2021-04-17 13:00:00,qualifying_8725
8766,1053,847,3,63,12,2021-04-17 13:00:00,qualifying_8726
8767,1053,20,117,5,13,2021-04-17 13:00:00,qualifying_8727
8768,1053,849,3,6,14,2021-04-17 13:00:00,qualifying_8728
8769,1053,4,214,14,15,2021-04-17 13:00:00,qualifying_8729
8770,1053,8,51,7,16,2021-04-17 13:00:00,qualifying_8730
8771,1053,841,51,99,17,2021-04-17 13:00:00,qualifying_8731
8772,1053,854,210,47,18,2021-04-17 13:00:00,qualifying_8732
8773,1053,853,210,9,19,2021-04-17 13:00:00,qualifying_8733
8774,1053,852,213,22,20,2021-04-17 13:00:00,qualifying_8734
8775,1054,822,131,77,1,2021-05-01 14:00:00,qualifying_8735
8776,1054,1,131,44,2,2021-05-01 14:00:00,qualifying_8736
8777,1054,830,9,33,3,2021-05-01 14:00:00,qualifying_8737
8778,1054,815,9,11,4,2021-05-01 14:00:00,qualifying_8738
8779,1054,832,6,55,5,2021-05-01 14:00:00,qualifying_8739
8780,1054,839,214,31,6,2021-05-01 14:00:00,qualifying_8740
8781,1054,846,1,4,7,2021-05-01 14:00:00,qualifying_8741
8782,1054,844,6,16,8,2021-05-01 14:00:00,qualifying_8742
8783,1054,842,213,10,9,2021-05-01 14:00:00,qualifying_8743
8784,1054,20,117,5,10,2021-05-01 14:00:00,qualifying_8744
8785,1054,847,3,63,11,2021-05-01 14:00:00,qualifying_8745
8786,1054,841,51,99,12,2021-05-01 14:00:00,qualifying_8746
8787,1054,4,214,14,13,2021-05-01 14:00:00,qualifying_8747
8788,1054,852,213,22,14,2021-05-01 14:00:00,qualifying_8748
8789,1054,8,51,7,15,2021-05-01 14:00:00,qualifying_8749
8790,1054,817,1,3,16,2021-05-01 14:00:00,qualifying_8750
8791,1054,840,117,18,17,2021-05-01 14:00:00,qualifying_8751
8792,1054,849,3,6,18,2021-05-01 14:00:00,qualifying_8752
8793,1054,854,210,47,19,2021-05-01 14:00:00,qualifying_8753
8794,1054,853,210,9,20,2021-05-01 14:00:00,qualifying_8754
8795,1055,1,131,44,1,2021-05-08 13:00:00,qualifying_8755
8796,1055,830,9,33,2,2021-05-08 13:00:00,qualifying_8756
8797,1055,822,131,77,3,2021-05-08 13:00:00,qualifying_8757
8798,1055,844,6,16,4,2021-05-08 13:00:00,qualifying_8758
8799,1055,839,214,31,5,2021-05-08 13:00:00,qualifying_8759
8800,1055,832,6,55,6,2021-05-08 13:00:00,qualifying_8760
8801,1055,817,1,3,7,2021-05-08 13:00:00,qualifying_8761
8802,1055,815,9,11,8,2021-05-08 13:00:00,qualifying_8762
8803,1055,846,1,4,9,2021-05-08 13:00:00,qualifying_8763
8804,1055,4,214,14,10,2021-05-08 13:00:00,qualifying_8764
8805,1055,840,117,18,11,2021-05-08 13:00:00,qualifying_8765
8806,1055,842,213,10,12,2021-05-08 13:00:00,qualifying_8766
8807,1055,20,117,5,13,2021-05-08 13:00:00,qualifying_8767
8808,1055,841,51,99,14,2021-05-08 13:00:00,qualifying_8768
8809,1055,847,3,63,15,2021-05-08 13:00:00,qualifying_8769
8810,1055,852,213,22,16,2021-05-08 13:00:00,qualifying_8770
8811,1055,8,51,7,17,2021-05-08 13:00:00,qualifying_8771
8812,1055,854,210,47,18,2021-05-08 13:00:00,qualifying_8772
8813,1055,849,3,6,19,2021-05-08 13:00:00,qualifying_8773
8814,1055,853,210,9,20,2021-05-08 13:00:00,qualifying_8774
8815,1056,844,6,16,1,2021-05-22 13:00:00,qualifying_8775
8816,1056,830,9,33,2,2021-05-22 13:00:00,qualifying_8776
8817,1056,822,131,77,3,2021-05-22 13:00:00,qualifying_8777
8818,1056,832,6,55,4,2021-05-22 13:00:00,qualifying_8778
8819,1056,846,1,4,5,2021-05-22 13:00:00,qualifying_8779
8820,1056,842,213,10,6,2021-05-22 13:00:00,qualifying_8780
8821,1056,1,131,44,7,2021-05-22 13:00:00,qualifying_8781
8822,1056,20,117,5,8,2021-05-22 13:00:00,qualifying_8782
8823,1056,815,9,11,9,2021-05-22 13:00:00,qualifying_8783
8824,1056,841,51,99,10,2021-05-22 13:00:00,qualifying_8784
8825,1056,839,214,31,11,2021-05-22 13:00:00,qualifying_8785
8826,1056,817,1,3,12,2021-05-22 13:00:00,qualifying_8786
8827,1056,840,117,18,13,2021-05-22 13:00:00,qualifying_8787
8828,1056,8,51,7,14,2021-05-22 13:00:00,qualifying_8788
8829,1056,847,3,63,15,2021-05-22 13:00:00,qualifying_8789
8830,1056,852,213,22,16,2021-05-22 13:00:00,qualifying_8790
8831,1056,4,214,14,17,2021-05-22 13:00:00,qualifying_8791
8832,1056,849,3,6,18,2021-05-22 13:00:00,qualifying_8792
8833,1056,853,210,9,19,2021-05-22 13:00:00,qualifying_8793
8834,1057,844,6,16,1,2021-06-05 12:00:00,qualifying_8794
8835,1057,1,131,44,2,2021-06-05 12:00:00,qualifying_8795
8836,1057,830,9,33,3,2021-06-05 12:00:00,qualifying_8796
8837,1057,842,213,10,4,2021-06-05 12:00:00,qualifying_8797
8838,1057,832,6,55,5,2021-06-05 12:00:00,qualifying_8798
8839,1057,846,1,4,6,2021-06-05 12:00:00,qualifying_8799
8840,1057,815,9,11,7,2021-06-05 12:00:00,qualifying_8800
8841,1057,852,213,22,8,2021-06-05 12:00:00,qualifying_8801
8842,1057,4,214,14,9,2021-06-05 12:00:00,qualifying_8802
8843,1057,822,131,77,10,2021-06-05 12:00:00,qualifying_8803
8844,1057,20,117,5,11,2021-06-05 12:00:00,qualifying_8804
8845,1057,839,214,31,12,2021-06-05 12:00:00,qualifying_8805
8846,1057,817,1,3,13,2021-06-05 12:00:00,qualifying_8806
8847,1057,8,51,7,14,2021-06-05 12:00:00,qualifying_8807
8848,1057,847,3,63,15,2021-06-05 12:00:00,qualifying_8808
8849,1057,849,3,6,16,2021-06-05 12:00:00,qualifying_8809
8850,1057,854,210,47,17,2021-06-05 12:00:00,qualifying_8810
8851,1057,853,210,9,18,2021-06-05 12:00:00,qualifying_8811
8852,1057,840,117,18,19,2021-06-05 12:00:00,qualifying_8812
8853,1057,841,51,99,20,2021-06-05 12:00:00,qualifying_8813
8854,1059,830,9,33,1,2021-06-19 13:00:00,qualifying_8814
8855,1059,1,131,44,2,2021-06-19 13:00:00,qualifying_8815
8856,1059,822,131,77,3,2021-06-19 13:00:00,qualifying_8816
8857,1059,815,9,11,4,2021-06-19 13:00:00,qualifying_8817
8858,1059,832,6,55,5,2021-06-19 13:00:00,qualifying_8818
8859,1059,842,213,10,6,2021-06-19 13:00:00,qualifying_8819
8860,1059,844,6,16,7,2021-06-19 13:00:00,qualifying_8820
8861,1059,846,1,4,8,2021-06-19 13:00:00,qualifying_8821
8862,1059,4,214,14,9,2021-06-19 13:00:00,qualifying_8822
8863,1059,817,1,3,10,2021-06-19 13:00:00,qualifying_8823
8864,1059,839,214,31,11,2021-06-19 13:00:00,qualifying_8824
8865,1059,20,117,5,12,2021-06-19 13:00:00,qualifying_8825
8866,1059,841,51,99,13,2021-06-19 13:00:00,qualifying_8826
8867,1059,847,3,63,14,2021-06-19 13:00:00,qualifying_8827
8868,1059,854,210,47,15,2021-06-19 13:00:00,qualifying_8828
8869,1059,849,3,6,16,2021-06-19 13:00:00,qualifying_8829
8870,1059,8,51,7,17,2021-06-19 13:00:00,qualifying_8830
8871,1059,853,210,9,18,2021-06-19 13:00:00,qualifying_8831
8872,1059,840,117,18,19,2021-06-19 13:00:00,qualifying_8832
8873,1059,852,213,22,20,2021-06-19 13:00:00,qualifying_8833
8874,1058,830,9,33,1,2021-06-26 13:00:00,qualifying_8834
8875,1058,822,131,77,2,2021-06-26 13:00:00,qualifying_8835
8876,1058,1,131,44,3,2021-06-26 13:00:00,qualifying_8836
8877,1058,846,1,4,4,2021-06-26 13:00:00,qualifying_8837
8878,1058,815,9,11,5,2021-06-26 13:00:00,qualifying_8838
8879,1058,842,213,10,6,2021-06-26 13:00:00,qualifying_8839
8880,1058,844,6,16,7,2021-06-26 13:00:00,qualifying_8840
8881,1058,852,213,22,8,2021-06-26 13:00:00,qualifying_8841
8882,1058,4,214,14,9,2021-06-26 13:00:00,qualifying_8842
8883,1058,840,117,18,10,2021-06-26 13:00:00,qualifying_8843
8884,1058,847,3,63,11,2021-06-26 13:00:00,qualifying_8844
8885,1058,832,6,55,12,2021-06-26 13:00:00,qualifying_8845
8886,1058,817,1,3,13,2021-06-26 13:00:00,qualifying_8846
8887,1058,20,117,5,14,2021-06-26 13:00:00,qualifying_8847
8888,1058,841,51,99,15,2021-06-26 13:00:00,qualifying_8848
8889,1058,849,3,6,16,2021-06-26 13:00:00,qualifying_8849
8890,1058,839,214,31,17,2021-06-26 13:00:00,qualifying_8850
8891,1058,8,51,7,18,2021-06-26 13:00:00,qualifying_8851
8892,1058,854,210,47,19,2021-06-26 13:00:00,qualifying_8852
8893,1058,853,210,9,20,2021-06-26 13:00:00,qualifying_8853
8894,1060,830,9,33,1,2021-07-03 13:00:00,qualifying_8854
8895,1060,846,1,4,2,2021-07-03 13:00:00,qualifying_8855
8896,1060,815,9,11,3,2021-07-03 13:00:00,qualifying_8856
8897,1060,1,131,44,4,2021-07-03 13:00:00,qualifying_8857
8898,1060,822,131,77,5,2021-07-03 13:00:00,qualifying_8858
8899,1060,842,213,10,6,2021-07-03 13:00:00,qualifying_8859
8900,1060,852,213,22,7,2021-07-03 13:00:00,qualifying_8860
8901,1060,20,117,5,8,2021-07-03 13:00:00,qualifying_8861
8902,1060,847,3,63,9,2021-07-03 13:00:00,qualifying_8862
8903,1060,840,117,18,10,2021-07-03 13:00:00,qualifying_8863
8904,1060,832,6,55,11,2021-07-03 13:00:00,qualifying_8864
8905,1060,844,6,16,12,2021-07-03 13:00:00,qualifying_8865
8906,1060,817,1,3,13,2021-07-03 13:00:00,qualifying_8866
8907,1060,4,214,14,14,2021-07-03 13:00:00,qualifying_8867
8908,1060,841,51,99,15,2021-07-03 13:00:00,qualifying_8868
8909,1060,8,51,7,16,2021-07-03 13:00:00,qualifying_8869
8910,1060,839,214,31,17,2021-07-03 13:00:00,qualifying_8870
8911,1060,849,3,6,18,2021-07-03 13:00:00,qualifying_8871
8912,1060,854,210,47,19,2021-07-03 13:00:00,qualifying_8872
8913,1060,853,210,9,20,2021-07-03 13:00:00,qualifying_8873
8914,1061,1,131,44,1,2021-07-17 14:00:00,qualifying_8874
8915,1061,830,9,33,2,2021-07-17 14:00:00,qualifying_8875
8916,1061,822,131,77,3,2021-07-17 14:00:00,qualifying_8876
8917,1061,844,6,16,4,2021-07-17 14:00:00,qualifying_8877
8918,1061,815,9,11,5,2021-07-17 14:00:00,qualifying_8878
8919,1061,846,1,4,6,2021-07-17 14:00:00,qualifying_8879
8920,1061,817,1,3,7,2021-07-17 14:00:00,qualifying_8880
8921,1061,847,3,63,8,2021-07-17 14:00:00,qualifying_8881
8922,1061,832,6,55,9,2021-07-17 14:00:00,qualifying_8882
8923,1061,20,117,5,10,2021-07-17 14:00:00,qualifying_8883
8924,1061,4,214,14,11,2021-07-17 14:00:00,qualifying_8884
8925,1061,842,213,10,12,2021-07-17 14:00:00,qualifying_8885
8926,1061,839,214,31,13,2021-07-17 14:00:00,qualifying_8886
8927,1061,841,51,99,14,2021-07-17 14:00:00,qualifying_8887
8928,1061,840,117,18,15,2021-07-17 14:00:00,qualifying_8888
8929,1061,852,213,22,16,2021-07-17 14:00:00,qualifying_8889
8930,1061,8,51,7,17,2021-07-17 14:00:00,qualifying_8890
8931,1061,849,3,6,18,2021-07-17 14:00:00,qualifying_8891
8932,1061,854,210,47,19,2021-07-17 14:00:00,qualifying_8892
8933,1061,853,210,9,20,2021-07-17 14:00:00,qualifying_8893
8934,1062,1,131,44,1,2021-07-31 13:00:00,qualifying_8894
8935,1062,822,131,77,2,2021-07-31 13:00:00,qualifying_8895
8936,1062,830,9,33,3,2021-07-31 13:00:00,qualifying_8896
8937,1062,815,9,11,4,2021-07-31 13:00:00,qualifying_8897
8938,1062,842,213,10,5,2021-07-31 13:00:00,qualifying_8898
8939,1062,846,1,4,6,2021-07-31 13:00:00,qualifying_8899
8940,1062,844,6,16,7,2021-07-31 13:00:00,qualifying_8900
8941,1062,839,214,31,8,2021-07-31 13:00:00,qualifying_8901
8942,1062,4,214,14,9,2021-07-31 13:00:00,qualifying_8902
8943,1062,20,117,5,10,2021-07-31 13:00:00,qualifying_8903
8944,1062,817,1,3,11,2021-07-31 13:00:00,qualifying_8904
8945,1062,840,117,18,12,2021-07-31 13:00:00,qualifying_8905
8946,1062,8,51,7,13,2021-07-31 13:00:00,qualifying_8906
8947,1062,841,51,99,14,2021-07-31 13:00:00,qualifying_8907
8948,1062,832,6,55,15,2021-07-31 13:00:00,qualifying_8908
8949,1062,852,213,22,16,2021-07-31 13:00:00,qualifying_8909
8950,1062,847,3,63,17,2021-07-31 13:00:00,qualifying_8910
8951,1062,849,3,6,18,2021-07-31 13:00:00,qualifying_8911
8952,1062,853,210,9,19,2021-07-31 13:00:00,qualifying_8912
8953,1062,854,210,47,20,2021-07-31 13:00:00,qualifying_8913
8954,1063,830,9,33,1,2021-08-28 13:00:00,qualifying_8914
8955,1063,847,3,63,2,2021-08-28 13:00:00,qualifying_8915
8956,1063,1,131,44,3,2021-08-28 13:00:00,qualifying_8916
8957,1063,817,1,3,4,2021-08-28 13:00:00,qualifying_8917
8958,1063,20,117,5,5,2021-08-28 13:00:00,qualifying_8918
8959,1063,842,213,10,6,2021-08-28 13:00:00,qualifying_8919
8960,1063,815,9,11,7,2021-08-28 13:00:00,qualifying_8920
8961,1063,822,131,77,8,2021-08-28 13:00:00,qualifying_8921
8962,1063,839,214,31,9,2021-08-28 13:00:00,qualifying_8922
8963,1063,846,1,4,10,2021-08-28 13:00:00,qualifying_8923
8964,1063,844,6,16,11,2021-08-28 13:00:00,qualifying_8924
8965,1063,849,3,6,12,2021-08-28 13:00:00,qualifying_8925
8966,1063,832,6,55,13,2021-08-28 13:00:00,qualifying_8926
8967,1063,4,214,14,14,2021-08-28 13:00:00,qualifying_8927
8968,1063,840,117,18,15,2021-08-28 13:00:00,qualifying_8928
8969,1063,841,51,99,16,2021-08-28 13:00:00,qualifying_8929
8970,1063,852,213,22,17,2021-08-28 13:00:00,qualifying_8930
8971,1063,854,210,47,18,2021-08-28 13:00:00,qualifying_8931
8972,1063,8,51,7,19,2021-08-28 13:00:00,qualifying_8932
8973,1063,853,210,9,20,2021-08-28 13:00:00,qualifying_8933
8974,1064,830,9,33,1,2021-09-04 13:00:00,qualifying_8934
8975,1064,1,131,44,2,2021-09-04 13:00:00,qualifying_8935
8976,1064,822,131,77,3,2021-09-04 13:00:00,qualifying_8936
8977,1064,842,213,10,4,2021-09-04 13:00:00,qualifying_8937
8978,1064,844,6,16,5,2021-09-04 13:00:00,qualifying_8938
8979,1064,832,6,55,6,2021-09-04 13:00:00,qualifying_8939
8980,1064,841,51,99,7,2021-09-04 13:00:00,qualifying_8940
8981,1064,839,214,31,8,2021-09-04 13:00:00,qualifying_8941
8982,1064,4,214,14,9,2021-09-04 13:00:00,qualifying_8942
8983,1064,817,1,3,10,2021-09-04 13:00:00,qualifying_8943
8984,1064,847,3,63,11,2021-09-04 13:00:00,qualifying_8944
8985,1064,840,117,18,12,2021-09-04 13:00:00,qualifying_8945
8986,1064,846,1,4,13,2021-09-04 13:00:00,qualifying_8946
8987,1064,849,3,6,14,2021-09-04 13:00:00,qualifying_8947
8988,1064,852,213,22,15,2021-09-04 13:00:00,qualifying_8948
8989,1064,815,9,11,16,2021-09-04 13:00:00,qualifying_8949
8990,1064,20,117,5,17,2021-09-04 13:00:00,qualifying_8950
8991,1064,9,51,88,18,2021-09-04 13:00:00,qualifying_8951
8992,1064,854,210,47,19,2021-09-04 13:00:00,qualifying_8952
8993,1064,853,210,9,20,2021-09-04 13:00:00,qualifying_8953
8994,1065,822,131,77,1,2021-09-11 13:00:00,qualifying_8954
8995,1065,1,131,44,2,2021-09-11 13:00:00,qualifying_8955
8996,1065,830,9,33,3,2021-09-11 13:00:00,qualifying_8956
8997,1065,846,1,4,4,2021-09-11 13:00:00,qualifying_8957
8998,1065,817,1,3,5,2021-09-11 13:00:00,qualifying_8958
8999,1065,842,213,10,6,2021-09-11 13:00:00,qualifying_8959
9000,1065,832,6,55,7,2021-09-11 13:00:00,qualifying_8960
9001,1065,844,6,16,8,2021-09-11 13:00:00,qualifying_8961
9002,1065,815,9,11,9,2021-09-11 13:00:00,qualifying_8962
9003,1065,841,51,99,10,2021-09-11 13:00:00,qualifying_8963
9004,1065,20,117,5,11,2021-09-11 13:00:00,qualifying_8964
9005,1065,840,117,18,12,2021-09-11 13:00:00,qualifying_8965
9006,1065,4,214,14,13,2021-09-11 13:00:00,qualifying_8966
9007,1065,839,214,31,14,2021-09-11 13:00:00,qualifying_8967
9008,1065,847,3,63,15,2021-09-11 13:00:00,qualifying_8968
9009,1065,849,3,6,16,2021-09-11 13:00:00,qualifying_8969
9010,1065,852,213,22,17,2021-09-11 13:00:00,qualifying_8970
9011,1065,854,210,47,18,2021-09-11 13:00:00,qualifying_8971
9012,1065,9,51,88,19,2021-09-11 13:00:00,qualifying_8972
9013,1065,853,210,9,20,2021-09-11 13:00:00,qualifying_8973
9014,1066,846,1,4,1,2021-09-25 12:00:00,qualifying_8974
9015,1066,832,6,55,2,2021-09-25 12:00:00,qualifying_8975
9016,1066,847,3,63,3,2021-09-25 12:00:00,qualifying_8976
9017,1066,1,131,44,4,2021-09-25 12:00:00,qualifying_8977
9018,1066,817,1,3,5,2021-09-25 12:00:00,qualifying_8978
9019,1066,4,214,14,6,2021-09-25 12:00:00,qualifying_8979
9020,1066,822,131,77,7,2021-09-25 12:00:00,qualifying_8980
9021,1066,840,117,18,8,2021-09-25 12:00:00,qualifying_8981
9022,1066,815,9,11,9,2021-09-25 12:00:00,qualifying_8982
9023,1066,839,214,31,10,2021-09-25 12:00:00,qualifying_8983
9024,1066,20,117,5,11,2021-09-25 12:00:00,qualifying_8984
9025,1066,842,213,10,12,2021-09-25 12:00:00,qualifying_8985
9026,1066,852,213,22,13,2021-09-25 12:00:00,qualifying_8986
9027,1066,849,3,6,14,2021-09-25 12:00:00,qualifying_8987
9028,1066,844,6,16,15,2021-09-25 12:00:00,qualifying_8988
9029,1066,8,51,7,16,2021-09-25 12:00:00,qualifying_8989
9030,1066,854,210,47,17,2021-09-25 12:00:00,qualifying_8990
9031,1066,841,51,99,18,2021-09-25 12:00:00,qualifying_8991
9032,1066,853,210,9,19,2021-09-25 12:00:00,qualifying_8992
9033,1066,830,9,33,20,2021-09-25 12:00:00,qualifying_8993
9034,228,84,17,12,12,1996-05-04 00:00:00,qualifying_8994
9035,228,85,28,23,22,1996-05-04 00:00:00,qualifying_8995
9036,1067,1,131,44,1,2021-10-09 12:00:00,qualifying_8996
9037,1067,822,131,77,2,2021-10-09 12:00:00,qualifying_8997
9038,1067,830,9,33,3,2021-10-09 12:00:00,qualifying_8998
9039,1067,844,6,16,4,2021-10-09 12:00:00,qualifying_8999
9040,1067,842,213,10,5,2021-10-09 12:00:00,qualifying_9000
9041,1067,4,214,14,6,2021-10-09 12:00:00,qualifying_9001
9042,1067,815,9,11,7,2021-10-09 12:00:00,qualifying_9002
9043,1067,846,1,4,8,2021-10-09 12:00:00,qualifying_9003
9044,1067,840,117,18,9,2021-10-09 12:00:00,qualifying_9004
9045,1067,852,213,22,10,2021-10-09 12:00:00,qualifying_9005
9046,1067,20,117,5,11,2021-10-09 12:00:00,qualifying_9006
9047,1067,839,214,31,12,2021-10-09 12:00:00,qualifying_9007
9048,1067,847,3,63,13,2021-10-09 12:00:00,qualifying_9008
9049,1067,854,210,47,14,2021-10-09 12:00:00,qualifying_9009
9050,1067,832,6,55,15,2021-10-09 12:00:00,qualifying_9010
9051,1067,817,1,3,16,2021-10-09 12:00:00,qualifying_9011
9052,1067,849,3,6,17,2021-10-09 12:00:00,qualifying_9012
9053,1067,841,51,99,18,2021-10-09 12:00:00,qualifying_9013
9054,1067,8,51,7,19,2021-10-09 12:00:00,qualifying_9014
9055,1067,853,210,9,20,2021-10-09 12:00:00,qualifying_9015
9056,1069,830,9,33,1,2021-10-23 19:00:00,qualifying_9016
9057,1069,1,131,44,2,2021-10-23 19:00:00,qualifying_9017
9058,1069,815,9,11,3,2021-10-23 19:00:00,qualifying_9018
9059,1069,822,131,77,4,2021-10-23 19:00:00,qualifying_9019
9060,1069,844,6,16,5,2021-10-23 19:00:00,qualifying_9020
9061,1069,832,6,55,6,2021-10-23 19:00:00,qualifying_9021
9062,1069,817,1,3,7,2021-10-23 19:00:00,qualifying_9022
9063,1069,846,1,4,8,2021-10-23 19:00:00,qualifying_9023
9064,1069,842,213,10,9,2021-10-23 19:00:00,qualifying_9024
9065,1069,852,213,22,10,2021-10-23 19:00:00,qualifying_9025
9066,1069,839,214,31,11,2021-10-23 19:00:00,qualifying_9026
9067,1069,20,117,5,12,2021-10-23 19:00:00,qualifying_9027
9068,1069,841,51,99,13,2021-10-23 19:00:00,qualifying_9028
9069,1069,4,214,14,14,2021-10-23 19:00:00,qualifying_9029
9070,1069,847,3,63,15,2021-10-23 19:00:00,qualifying_9030
9071,1069,840,117,18,16,2021-10-23 19:00:00,qualifying_9031
9072,1069,849,3,6,17,2021-10-23 19:00:00,qualifying_9032
9073,1069,8,51,7,18,2021-10-23 19:00:00,qualifying_9033
9074,1069,854,210,47,19,2021-10-23 19:00:00,qualifying_9034
9075,1069,853,210,9,20,2021-10-23 19:00:00,qualifying_9035
9076,1070,822,131,77,1,2021-11-06 19:00:00,qualifying_9036
9077,1070,1,131,44,2,2021-11-06 19:00:00,qualifying_9037
9078,1070,830,9,33,3,2021-11-06 19:00:00,qualifying_9038
9079,1070,815,9,11,4,2021-11-06 19:00:00,qualifying_9039
9080,1070,842,213,10,5,2021-11-06 19:00:00,qualifying_9040
9081,1070,832,6,55,6,2021-11-06 19:00:00,qualifying_9041
9082,1070,817,1,3,7,2021-11-06 19:00:00,qualifying_9042
9083,1070,844,6,16,8,2021-11-06 19:00:00,qualifying_9043
9084,1070,852,213,22,9,2021-11-06 19:00:00,qualifying_9044
9085,1070,846,1,4,10,2021-11-06 19:00:00,qualifying_9045
9086,1070,20,117,5,11,2021-11-06 19:00:00,qualifying_9046
9087,1070,8,51,7,12,2021-11-06 19:00:00,qualifying_9047
9088,1070,847,3,63,13,2021-11-06 19:00:00,qualifying_9048
9089,1070,841,51,99,14,2021-11-06 19:00:00,qualifying_9049
9090,1070,839,214,31,15,2021-11-06 19:00:00,qualifying_9050
9091,1070,4,214,14,16,2021-11-06 19:00:00,qualifying_9051
9092,1070,849,3,6,17,2021-11-06 19:00:00,qualifying_9052
9093,1070,854,210,47,18,2021-11-06 19:00:00,qualifying_9053
9094,1070,853,210,9,19,2021-11-06 19:00:00,qualifying_9054
9095,1070,840,117,18,20,2021-11-06 19:00:00,qualifying_9055
9096,1071,1,131,44,1,2021-11-13 17:00:00,qualifying_9056
9097,1071,830,9,33,2,2021-11-13 17:00:00,qualifying_9057
9098,1071,822,131,77,3,2021-11-13 17:00:00,qualifying_9058
9099,1071,815,9,11,4,2021-11-13 17:00:00,qualifying_9059
9100,1071,842,213,10,5,2021-11-13 17:00:00,qualifying_9060
9101,1071,832,6,55,6,2021-11-13 17:00:00,qualifying_9061
9102,1071,844,6,16,7,2021-11-13 17:00:00,qualifying_9062
9103,1071,846,1,4,8,2021-11-13 17:00:00,qualifying_9063
9104,1071,817,1,3,9,2021-11-13 17:00:00,qualifying_9064
9105,1071,4,214,14,10,2021-11-13 17:00:00,qualifying_9065
9106,1071,839,214,31,11,2021-11-13 17:00:00,qualifying_9066
9107,1071,20,117,5,12,2021-11-13 17:00:00,qualifying_9067
9108,1071,852,213,22,13,2021-11-13 17:00:00,qualifying_9068
9109,1071,8,51,7,14,2021-11-13 17:00:00,qualifying_9069
9110,1071,841,51,99,15,2021-11-13 17:00:00,qualifying_9070
9111,1071,840,117,18,16,2021-11-13 17:00:00,qualifying_9071
9112,1071,849,3,6,17,2021-11-13 17:00:00,qualifying_9072
9113,1071,847,3,63,18,2021-11-13 17:00:00,qualifying_9073
9114,1071,854,210,47,19,2021-11-13 17:00:00,qualifying_9074
9115,1071,853,210,9,20,2021-11-13 17:00:00,qualifying_9075
9116,1051,1,131,44,1,2021-11-20 14:00:00,qualifying_9076
9117,1051,830,9,33,2,2021-11-20 14:00:00,qualifying_9077
9118,1051,822,131,77,3,2021-11-20 14:00:00,qualifying_9078
9119,1051,842,213,10,4,2021-11-20 14:00:00,qualifying_9079
9120,1051,4,214,14,5,2021-11-20 14:00:00,qualifying_9080
9121,1051,846,1,4,6,2021-11-20 14:00:00,qualifying_9081
9122,1051,832,6,55,7,2021-11-20 14:00:00,qualifying_9082
9123,1051,852,213,22,8,2021-11-20 14:00:00,qualifying_9083
9124,1051,839,214,31,9,2021-11-20 14:00:00,qualifying_9084
9125,1051,20,117,5,10,2021-11-20 14:00:00,qualifying_9085
9126,1051,815,9,11,11,2021-11-20 14:00:00,qualifying_9086
9127,1051,840,117,18,12,2021-11-20 14:00:00,qualifying_9087
9128,1051,844,6,16,13,2021-11-20 14:00:00,qualifying_9088
9129,1051,817,1,3,14,2021-11-20 14:00:00,qualifying_9089
9130,1051,847,3,63,15,2021-11-20 14:00:00,qualifying_9090
9131,1051,8,51,7,16,2021-11-20 14:00:00,qualifying_9091
9132,1051,849,3,6,17,2021-11-20 14:00:00,qualifying_9092
9133,1051,841,51,99,18,2021-11-20 14:00:00,qualifying_9093
9134,1051,854,210,47,19,2021-11-20 14:00:00,qualifying_9094
9135,1051,853,210,9,20,2021-11-20 14:00:00,qualifying_9095
9136,1072,1,131,44,1,2021-12-04 17:30:00,qualifying_9096
9137,1072,822,131,77,2,2021-12-04 17:30:00,qualifying_9097
9138,1072,830,9,33,3,2021-12-04 17:30:00,qualifying_9098
9139,1072,844,6,16,4,2021-12-04 17:30:00,qualifying_9099
9140,1072,815,9,11,5,2021-12-04 17:30:00,qualifying_9100
9141,1072,842,213,10,6,2021-12-04 17:30:00,qualifying_9101
9142,1072,846,1,4,7,2021-12-04 17:30:00,qualifying_9102
9143,1072,852,213,22,8,2021-12-04 17:30:00,qualifying_9103
9144,1072,839,214,31,9,2021-12-04 17:30:00,qualifying_9104
9145,1072,841,51,99,10,2021-12-04 17:30:00,qualifying_9105
9146,1072,817,1,3,11,2021-12-04 17:30:00,qualifying_9106
9147,1072,8,51,7,12,2021-12-04 17:30:00,qualifying_9107
9148,1072,4,214,14,13,2021-12-04 17:30:00,qualifying_9108
9149,1072,847,3,63,14,2021-12-04 17:30:00,qualifying_9109
9150,1072,832,6,55,15,2021-12-04 17:30:00,qualifying_9110
9151,1072,849,3,6,16,2021-12-04 17:30:00,qualifying_9111
9152,1072,20,117,5,17,2021-12-04 17:30:00,qualifying_9112
9153,1072,840,117,18,18,2021-12-04 17:30:00,qualifying_9113
9154,1072,854,210,47,19,2021-12-04 17:30:00,qualifying_9114
9155,1072,853,210,9,20,2021-12-04 17:30:00,qualifying_9115
9156,1073,830,9,33,1,2021-12-11 13:00:00,qualifying_9116
9157,1073,1,131,44,2,2021-12-11 13:00:00,qualifying_9117
9158,1073,846,1,4,3,2021-12-11 13:00:00,qualifying_9118
9159,1073,815,9,11,4,2021-12-11 13:00:00,qualifying_9119
9160,1073,832,6,55,5,2021-12-11 13:00:00,qualifying_9120
9161,1073,822,131,77,6,2021-12-11 13:00:00,qualifying_9121
9162,1073,844,6,16,7,2021-12-11 13:00:00,qualifying_9122
9163,1073,852,213,22,8,2021-12-11 13:00:00,qualifying_9123
9164,1073,839,214,31,9,2021-12-11 13:00:00,qualifying_9124
9165,1073,817,1,3,10,2021-12-11 13:00:00,qualifying_9125
9166,1073,4,214,14,11,2021-12-11 13:00:00,qualifying_9126
9167,1073,842,213,10,12,2021-12-11 13:00:00,qualifying_9127
9168,1073,840,117,18,13,2021-12-11 13:00:00,qualifying_9128
9169,1073,841,51,99,14,2021-12-11 13:00:00,qualifying_9129
9170,1073,20,117,5,15,2021-12-11 13:00:00,qualifying_9130
9171,1073,849,3,6,16,2021-12-11 13:00:00,qualifying_9131
9172,1073,847,3,63,17,2021-12-11 13:00:00,qualifying_9132
9173,1073,8,51,7,18,2021-12-11 13:00:00,qualifying_9133
9174,1073,854,210,47,19,2021-12-11 13:00:00,qualifying_9134
9175,1073,853,210,9,20,2021-12-11 13:00:00,qualifying_9135
9176,1074,844,6,16,1,2022-03-19 15:00:00,qualifying_9136
9177,1074,830,9,1,2,2022-03-19 15:00:00,qualifying_9137
9178,1074,832,6,55,3,2022-03-19 15:00:00,qualifying_9138
9179,1074,815,9,11,4,2022-03-19 15:00:00,qualifying_9139
9180,1074,1,131,44,5,2022-03-19 15:00:00,qualifying_9140
9181,1074,822,51,77,6,2022-03-19 15:00:00,qualifying_9141
9182,1074,825,210,20,7,2022-03-19 15:00:00,qualifying_9142
9183,1074,4,214,14,8,2022-03-19 15:00:00,qualifying_9143
9184,1074,847,131,63,9,2022-03-19 15:00:00,qualifying_9144
9185,1074,842,213,10,10,2022-03-19 15:00:00,qualifying_9145
9186,1074,839,214,31,11,2022-03-19 15:00:00,qualifying_9146
9187,1074,854,210,47,12,2022-03-19 15:00:00,qualifying_9147
9188,1074,846,1,4,13,2022-03-19 15:00:00,qualifying_9148
9189,1074,848,3,23,14,2022-03-19 15:00:00,qualifying_9149
9190,1074,855,51,24,15,2022-03-19 15:00:00,qualifying_9150
9191,1074,852,213,22,16,2022-03-19 15:00:00,qualifying_9151
9192,1074,807,117,27,17,2022-03-19 15:00:00,qualifying_9152
9193,1074,817,1,3,18,2022-03-19 15:00:00,qualifying_9153
9194,1074,840,117,18,19,2022-03-19 15:00:00,qualifying_9154
9195,1074,849,3,6,20,2022-03-19 15:00:00,qualifying_9155
9225,1075,855,51,24,13,2022-03-26 17:00:00,qualifying_9156
9224,1075,817,1,3,12,2022-03-26 17:00:00,qualifying_9157
9223,1075,846,1,4,11,2022-03-26 17:00:00,qualifying_9158
9222,1075,825,210,20,10,2022-03-26 17:00:00,qualifying_9159
9221,1075,842,213,10,9,2022-03-26 17:00:00,qualifying_9160
9220,1075,822,51,77,8,2022-03-26 17:00:00,qualifying_9161
9219,1075,4,214,14,7,2022-03-26 17:00:00,qualifying_9162
9218,1075,847,131,63,6,2022-03-26 17:00:00,qualifying_9163
9217,1075,839,214,31,5,2022-03-26 17:00:00,qualifying_9164
9216,1075,830,9,1,4,2022-03-26 17:00:00,qualifying_9165
9215,1075,832,6,55,3,2022-03-26 17:00:00,qualifying_9166
9214,1075,844,6,16,2,2022-03-26 17:00:00,qualifying_9167
9213,1075,815,9,11,1,2022-03-26 17:00:00,qualifying_9168
9226,1075,854,210,47,14,2022-03-26 17:00:00,qualifying_9169
9227,1075,840,117,18,15,2022-03-26 17:00:00,qualifying_9170
9228,1075,1,131,44,16,2022-03-26 17:00:00,qualifying_9171
9229,1075,848,3,23,17,2022-03-26 17:00:00,qualifying_9172
9230,1075,807,117,27,18,2022-03-26 17:00:00,qualifying_9173
9231,1075,849,3,6,19,2022-03-26 17:00:00,qualifying_9174
9232,1075,852,213,22,20,2022-03-26 17:00:00,qualifying_9175
9233,1076,844,6,16,1,2022-04-09 05:00:00,qualifying_9176
9234,1076,830,9,1,2,2022-04-09 05:00:00,qualifying_9177
9235,1076,815,9,11,3,2022-04-09 05:00:00,qualifying_9178
9236,1076,846,1,4,4,2022-04-09 05:00:00,qualifying_9179
9237,1076,1,131,44,5,2022-04-09 05:00:00,qualifying_9180
9238,1076,847,131,63,6,2022-04-09 05:00:00,qualifying_9181
9239,1076,817,1,3,7,2022-04-09 05:00:00,qualifying_9182
9240,1076,839,214,31,8,2022-04-09 05:00:00,qualifying_9183
9241,1076,832,6,55,9,2022-04-09 05:00:00,qualifying_9184
9242,1076,4,214,14,10,2022-04-09 05:00:00,qualifying_9185
9243,1076,842,213,10,11,2022-04-09 05:00:00,qualifying_9186
9244,1076,822,51,77,12,2022-04-09 05:00:00,qualifying_9187
9245,1076,852,213,22,13,2022-04-09 05:00:00,qualifying_9188
9246,1076,855,51,24,14,2022-04-09 05:00:00,qualifying_9189
9247,1076,854,210,47,15,2022-04-09 05:00:00,qualifying_9190
9248,1076,848,3,23,16,2022-04-09 05:00:00,qualifying_9191
9249,1076,825,210,20,17,2022-04-09 05:00:00,qualifying_9192
9250,1076,20,117,5,18,2022-04-09 05:00:00,qualifying_9193
9251,1076,849,3,6,19,2022-04-09 05:00:00,qualifying_9194
9252,1076,840,117,18,20,2022-04-09 05:00:00,qualifying_9195
9253,1077,830,9,1,1,2022-04-23 13:00:00,qualifying_9196
9254,1077,844,6,16,2,2022-04-23 13:00:00,qualifying_9197
9255,1077,846,1,4,3,2022-04-23 13:00:00,qualifying_9198
9256,1077,825,210,20,4,2022-04-23 13:00:00,qualifying_9199
9257,1077,4,214,14,5,2022-04-23 13:00:00,qualifying_9200
9258,1077,817,1,3,6,2022-04-23 13:00:00,qualifying_9201
9259,1077,815,9,11,7,2022-04-23 13:00:00,qualifying_9202
9260,1077,822,51,77,8,2022-04-23 13:00:00,qualifying_9203
9261,1077,20,117,5,9,2022-04-23 13:00:00,qualifying_9204
9262,1077,832,6,55,10,2022-04-23 13:00:00,qualifying_9205
9263,1077,847,131,63,11,2022-04-23 13:00:00,qualifying_9206
9264,1077,854,210,47,12,2022-04-23 13:00:00,qualifying_9207
9265,1077,1,131,44,13,2022-04-23 13:00:00,qualifying_9208
9266,1077,855,51,24,14,2022-04-23 13:00:00,qualifying_9209
9267,1077,840,117,18,15,2022-04-23 13:00:00,qualifying_9210
9268,1077,852,213,22,16,2022-04-23 13:00:00,qualifying_9211
9269,1077,842,213,10,17,2022-04-23 13:00:00,qualifying_9212
9270,1077,849,3,6,18,2022-04-23 13:00:00,qualifying_9213
9271,1077,839,214,31,19,2022-04-23 13:00:00,qualifying_9214
9272,1077,848,3,23,20,2022-04-23 13:00:00,qualifying_9215
9273,1078,844,6,16,1,2022-05-07 19:30:00,qualifying_9216
9274,1078,832,6,55,2,2022-05-07 19:30:00,qualifying_9217
9275,1078,830,9,1,3,2022-05-07 19:30:00,qualifying_9218
9276,1078,815,9,11,4,2022-05-07 19:30:00,qualifying_9219
9277,1078,822,51,77,5,2022-05-07 19:30:00,qualifying_9220
9278,1078,1,131,44,6,2022-05-07 19:30:00,qualifying_9221
9279,1078,842,213,10,7,2022-05-07 19:30:00,qualifying_9222
9280,1078,846,1,4,8,2022-05-07 19:30:00,qualifying_9223
9281,1078,852,213,22,9,2022-05-07 19:30:00,qualifying_9224
9282,1078,840,117,18,10,2022-05-07 19:30:00,qualifying_9225
9283,1078,4,214,14,11,2022-05-07 19:30:00,qualifying_9226
9284,1078,847,131,63,12,2022-05-07 19:30:00,qualifying_9227
9285,1078,20,117,5,13,2022-05-07 19:30:00,qualifying_9228
9286,1078,817,1,3,14,2022-05-07 19:30:00,qualifying_9229
9287,1078,854,210,47,15,2022-05-07 19:30:00,qualifying_9230
9288,1078,825,210,20,16,2022-05-07 19:30:00,qualifying_9231
9289,1078,855,51,24,17,2022-05-07 19:30:00,qualifying_9232
9290,1078,848,3,23,18,2022-05-07 19:30:00,qualifying_9233
9291,1078,849,3,6,19,2022-05-07 19:30:00,qualifying_9234
9292,1078,839,214,31,20,2022-05-07 19:30:00,qualifying_9235
9293,1079,844,6,16,1,2022-05-21 13:00:00,qualifying_9236
9294,1079,830,9,1,2,2022-05-21 13:00:00,qualifying_9237
9295,1079,832,6,55,3,2022-05-21 13:00:00,qualifying_9238
9296,1079,847,131,63,4,2022-05-21 13:00:00,qualifying_9239
9297,1079,815,9,11,5,2022-05-21 13:00:00,qualifying_9240
9298,1079,1,131,44,6,2022-05-21 13:00:00,qualifying_9241
9299,1079,822,51,77,7,2022-05-21 13:00:00,qualifying_9242
9300,1079,825,210,20,8,2022-05-21 13:00:00,qualifying_9243
9301,1079,817,1,3,9,2022-05-21 13:00:00,qualifying_9244
9302,1079,854,210,47,10,2022-05-21 13:00:00,qualifying_9245
9303,1079,846,1,4,11,2022-05-21 13:00:00,qualifying_9246
9304,1079,839,214,31,12,2022-05-21 13:00:00,qualifying_9247
9305,1079,852,213,22,13,2022-05-21 13:00:00,qualifying_9248
9306,1079,842,213,10,14,2022-05-21 13:00:00,qualifying_9249
9307,1079,855,51,24,15,2022-05-21 13:00:00,qualifying_9250
9308,1079,20,117,5,16,2022-05-21 13:00:00,qualifying_9251
9309,1079,4,214,14,17,2022-05-21 13:00:00,qualifying_9252
9310,1079,840,117,18,18,2022-05-21 13:00:00,qualifying_9253
9311,1079,848,3,23,19,2022-05-21 13:00:00,qualifying_9254
9312,1079,849,3,6,20,2022-05-21 13:00:00,qualifying_9255
9313,1080,844,6,16,1,2022-05-28 13:00:00,qualifying_9256
9314,1080,832,6,55,2,2022-05-28 13:00:00,qualifying_9257
9315,1080,815,9,11,3,2022-05-28 13:00:00,qualifying_9258
9316,1080,830,9,1,4,2022-05-28 13:00:00,qualifying_9259
9317,1080,846,1,4,5,2022-05-28 13:00:00,qualifying_9260
9318,1080,847,131,63,6,2022-05-28 13:00:00,qualifying_9261
9319,1080,4,214,14,7,2022-05-28 13:00:00,qualifying_9262
9320,1080,1,131,44,8,2022-05-28 13:00:00,qualifying_9263
9321,1080,20,117,5,9,2022-05-28 13:00:00,qualifying_9264
9322,1080,839,214,31,10,2022-05-28 13:00:00,qualifying_9265
9323,1080,852,213,22,11,2022-05-28 13:00:00,qualifying_9266
9324,1080,822,51,77,12,2022-05-28 13:00:00,qualifying_9267
9325,1080,825,210,20,13,2022-05-28 13:00:00,qualifying_9268
9326,1080,817,1,3,14,2022-05-28 13:00:00,qualifying_9269
9327,1080,854,210,47,15,2022-05-28 13:00:00,qualifying_9270
9328,1080,848,3,23,16,2022-05-28 13:00:00,qualifying_9271
9329,1080,842,213,10,17,2022-05-28 13:00:00,qualifying_9272
9330,1080,840,117,18,18,2022-05-28 13:00:00,qualifying_9273
9331,1080,849,3,6,19,2022-05-28 13:00:00,qualifying_9274
9332,1080,855,51,24,20,2022-05-28 13:00:00,qualifying_9275
9333,1081,844,6,16,1,2022-06-11 11:00:00,qualifying_9276
9334,1081,815,9,11,2,2022-06-11 11:00:00,qualifying_9277
9335,1081,830,9,1,3,2022-06-11 11:00:00,qualifying_9278
9336,1081,832,6,55,4,2022-06-11 11:00:00,qualifying_9279
9337,1081,847,131,63,5,2022-06-11 11:00:00,qualifying_9280
9338,1081,842,213,10,6,2022-06-11 11:00:00,qualifying_9281
9339,1081,1,131,44,7,2022-06-11 11:00:00,qualifying_9282
9340,1081,852,213,22,8,2022-06-11 11:00:00,qualifying_9283
9341,1081,20,117,5,9,2022-06-11 11:00:00,qualifying_9284
9342,1081,4,214,14,10,2022-06-11 11:00:00,qualifying_9285
9343,1081,846,1,4,11,2022-06-11 11:00:00,qualifying_9286
9344,1081,817,1,3,12,2022-06-11 11:00:00,qualifying_9287
9345,1081,839,214,31,13,2022-06-11 11:00:00,qualifying_9288
9346,1081,855,51,24,14,2022-06-11 11:00:00,qualifying_9289
9347,1081,822,51,77,15,2022-06-11 11:00:00,qualifying_9290
9348,1081,825,210,20,16,2022-06-11 11:00:00,qualifying_9291
9349,1081,848,3,23,17,2022-06-11 11:00:00,qualifying_9292
9350,1081,849,3,6,18,2022-06-11 11:00:00,qualifying_9293
9351,1081,840,117,18,19,2022-06-11 11:00:00,qualifying_9294
9352,1081,854,210,47,20,2022-06-11 11:00:00,qualifying_9295
9353,1082,830,9,1,1,2022-06-18 18:00:00,qualifying_9296
9354,1082,4,214,14,2,2022-06-18 18:00:00,qualifying_9297
9355,1082,832,6,55,3,2022-06-18 18:00:00,qualifying_9298
9356,1082,1,131,44,4,2022-06-18 18:00:00,qualifying_9299
9357,1082,825,210,20,5,2022-06-18 18:00:00,qualifying_9300
9358,1082,854,210,47,6,2022-06-18 18:00:00,qualifying_9301
9359,1082,839,214,31,7,2022-06-18 18:00:00,qualifying_9302
9360,1082,847,131,63,8,2022-06-18 18:00:00,qualifying_9303
9361,1082,817,1,3,9,2022-06-18 18:00:00,qualifying_9304
9362,1082,855,51,24,10,2022-06-18 18:00:00,qualifying_9305
9363,1082,822,51,77,11,2022-06-18 18:00:00,qualifying_9306
9364,1082,848,3,23,12,2022-06-18 18:00:00,qualifying_9307
9365,1082,815,9,11,13,2022-06-18 18:00:00,qualifying_9308
9366,1082,846,1,4,14,2022-06-18 18:00:00,qualifying_9309
9367,1082,844,6,16,15,2022-06-18 18:00:00,qualifying_9310
9368,1082,842,213,10,16,2022-06-18 18:00:00,qualifying_9311
9369,1082,20,117,5,17,2022-06-18 18:00:00,qualifying_9312
9370,1082,840,117,18,18,2022-06-18 18:00:00,qualifying_9313
9371,1082,849,3,6,19,2022-06-18 18:00:00,qualifying_9314
9372,1082,852,213,22,20,2022-06-18 18:00:00,qualifying_9315
9373,1083,832,6,55,1,2022-07-02 14:00:00,qualifying_9316
9374,1083,830,9,1,2,2022-07-02 14:00:00,qualifying_9317
9375,1083,844,6,16,3,2022-07-02 14:00:00,qualifying_9318
9376,1083,815,9,11,4,2022-07-02 14:00:00,qualifying_9319
9377,1083,1,131,44,5,2022-07-02 14:00:00,qualifying_9320
9378,1083,846,1,4,6,2022-07-02 14:00:00,qualifying_9321
9379,1083,4,214,14,7,2022-07-02 14:00:00,qualifying_9322
9380,1083,847,131,63,8,2022-07-02 14:00:00,qualifying_9323
9381,1083,855,51,24,9,2022-07-02 14:00:00,qualifying_9324
9382,1083,849,3,6,10,2022-07-02 14:00:00,qualifying_9325
9383,1083,842,213,10,11,2022-07-02 14:00:00,qualifying_9326
9384,1083,822,51,77,12,2022-07-02 14:00:00,qualifying_9327
9385,1083,852,213,22,13,2022-07-02 14:00:00,qualifying_9328
9386,1083,817,1,3,14,2022-07-02 14:00:00,qualifying_9329
9387,1083,839,214,31,15,2022-07-02 14:00:00,qualifying_9330
9388,1083,848,3,23,16,2022-07-02 14:00:00,qualifying_9331
9389,1083,825,210,20,17,2022-07-02 14:00:00,qualifying_9332
9390,1083,20,117,5,18,2022-07-02 14:00:00,qualifying_9333
9391,1083,854,210,47,19,2022-07-02 14:00:00,qualifying_9334
9392,1083,840,117,18,20,2022-07-02 14:00:00,qualifying_9335
9393,1084,830,9,1,1,2022-07-09 13:00:00,qualifying_9336
9394,1084,844,6,16,2,2022-07-09 13:00:00,qualifying_9337
9395,1084,832,6,55,3,2022-07-09 13:00:00,qualifying_9338
9396,1084,847,131,63,4,2022-07-09 13:00:00,qualifying_9339
9397,1084,839,214,31,5,2022-07-09 13:00:00,qualifying_9340
9398,1084,825,210,20,6,2022-07-09 13:00:00,qualifying_9341
9399,1084,854,210,47,7,2022-07-09 13:00:00,qualifying_9342
9400,1084,4,214,14,8,2022-07-09 13:00:00,qualifying_9343
9401,1084,1,131,44,9,2022-07-09 13:00:00,qualifying_9344
9402,1084,842,213,10,10,2022-07-09 13:00:00,qualifying_9345
9403,1084,848,3,23,11,2022-07-09 13:00:00,qualifying_9346
9404,1084,822,51,77,12,2022-07-09 13:00:00,qualifying_9347
9405,1084,815,9,11,13,2022-07-09 13:00:00,qualifying_9348
9406,1084,852,213,22,14,2022-07-09 13:00:00,qualifying_9349
9407,1084,846,1,4,15,2022-07-09 13:00:00,qualifying_9350
9408,1084,817,1,3,16,2022-07-09 13:00:00,qualifying_9351
9409,1084,840,117,18,17,2022-07-09 13:00:00,qualifying_9352
9410,1084,855,51,24,18,2022-07-09 13:00:00,qualifying_9353
9411,1084,849,3,6,19,2022-07-09 13:00:00,qualifying_9354
9412,1084,20,117,5,20,2022-07-09 13:00:00,qualifying_9355
9413,1085,844,6,16,1,2022-07-23 13:00:00,qualifying_9356
9414,1085,830,9,1,2,2022-07-23 13:00:00,qualifying_9357
9415,1085,815,9,11,3,2022-07-23 13:00:00,qualifying_9358
9416,1085,1,131,44,4,2022-07-23 13:00:00,qualifying_9359
9417,1085,846,1,4,5,2022-07-23 13:00:00,qualifying_9360
9418,1085,847,131,63,6,2022-07-23 13:00:00,qualifying_9361
9419,1085,4,214,14,7,2022-07-23 13:00:00,qualifying_9362
9420,1085,852,213,22,8,2022-07-23 13:00:00,qualifying_9363
9421,1085,832,6,55,9,2022-07-23 13:00:00,qualifying_9364
9422,1085,825,210,20,10,2022-07-23 13:00:00,qualifying_9365
9423,1085,817,1,3,11,2022-07-23 13:00:00,qualifying_9366
9424,1085,839,214,31,12,2022-07-23 13:00:00,qualifying_9367
9425,1085,822,51,77,13,2022-07-23 13:00:00,qualifying_9368
9426,1085,20,117,5,14,2022-07-23 13:00:00,qualifying_9369
9427,1085,848,3,23,15,2022-07-23 13:00:00,qualifying_9370
9428,1085,842,213,10,16,2022-07-23 13:00:00,qualifying_9371
9429,1085,840,117,18,17,2022-07-23 13:00:00,qualifying_9372
9430,1085,855,51,24,18,2022-07-23 13:00:00,qualifying_9373
9431,1085,854,210,47,19,2022-07-23 13:00:00,qualifying_9374
9432,1085,849,3,6,20,2022-07-23 13:00:00,qualifying_9375
9433,1086,847,131,63,1,2022-07-30 13:00:00,qualifying_9376
9434,1086,832,6,55,2,2022-07-30 13:00:00,qualifying_9377
9435,1086,844,6,16,3,2022-07-30 13:00:00,qualifying_9378
9436,1086,846,1,4,4,2022-07-30 13:00:00,qualifying_9379
9437,1086,839,214,31,5,2022-07-30 13:00:00,qualifying_9380
9438,1086,4,214,14,6,2022-07-30 13:00:00,qualifying_9381
9439,1086,1,131,44,7,2022-07-30 13:00:00,qualifying_9382
9440,1086,822,51,77,8,2022-07-30 13:00:00,qualifying_9383
9441,1086,817,1,3,9,2022-07-30 13:00:00,qualifying_9384
9442,1086,830,9,1,10,2022-07-30 13:00:00,qualifying_9385
9443,1086,815,9,11,11,2022-07-30 13:00:00,qualifying_9386
9444,1086,855,51,24,12,2022-07-30 13:00:00,qualifying_9387
9445,1086,825,210,20,13,2022-07-30 13:00:00,qualifying_9388
9446,1086,840,117,18,14,2022-07-30 13:00:00,qualifying_9389
9447,1086,854,210,47,15,2022-07-30 13:00:00,qualifying_9390
9448,1086,852,213,22,16,2022-07-30 13:00:00,qualifying_9391
9449,1086,848,3,23,17,2022-07-30 13:00:00,qualifying_9392
9450,1086,20,117,5,18,2022-07-30 13:00:00,qualifying_9393
9451,1086,842,213,10,19,2022-07-30 13:00:00,qualifying_9394
9452,1086,849,3,6,20,2022-07-30 13:00:00,qualifying_9395
9453,1087,830,9,1,1,2022-08-27 13:00:00,qualifying_9396
9454,1087,832,6,55,2,2022-08-27 13:00:00,qualifying_9397
9455,1087,815,9,11,3,2022-08-27 13:00:00,qualifying_9398
9456,1087,844,6,16,4,2022-08-27 13:00:00,qualifying_9399
9457,1087,839,214,31,5,2022-08-27 13:00:00,qualifying_9400
9458,1087,4,214,14,6,2022-08-27 13:00:00,qualifying_9401
9459,1087,1,131,44,7,2022-08-27 13:00:00,qualifying_9402
9460,1087,847,131,63,8,2022-08-27 13:00:00,qualifying_9403
9461,1087,848,3,23,9,2022-08-27 13:00:00,qualifying_9404
9462,1087,846,1,4,10,2022-08-27 13:00:00,qualifying_9405
9463,1087,817,1,3,11,2022-08-27 13:00:00,qualifying_9406
9464,1087,842,213,10,12,2022-08-27 13:00:00,qualifying_9407
9465,1087,855,51,24,13,2022-08-27 13:00:00,qualifying_9408
9466,1087,840,117,18,14,2022-08-27 13:00:00,qualifying_9409
9467,1087,854,210,47,15,2022-08-27 13:00:00,qualifying_9410
9468,1087,20,117,5,16,2022-08-27 13:00:00,qualifying_9411
9469,1087,849,3,6,17,2022-08-27 13:00:00,qualifying_9412
9470,1087,825,210,20,18,2022-08-27 13:00:00,qualifying_9413
9471,1087,852,213,22,19,2022-08-27 13:00:00,qualifying_9414
9472,1087,822,51,77,20,2022-08-27 13:00:00,qualifying_9415
9473,1088,830,9,1,1,2022-09-03 13:00:00,qualifying_9416
9474,1088,844,6,16,2,2022-09-03 13:00:00,qualifying_9417
9475,1088,832,6,55,3,2022-09-03 13:00:00,qualifying_9418
9476,1088,1,131,44,4,2022-09-03 13:00:00,qualifying_9419
9477,1088,815,9,11,5,2022-09-03 13:00:00,qualifying_9420
9478,1088,847,131,63,6,2022-09-03 13:00:00,qualifying_9421
9479,1088,846,1,4,7,2022-09-03 13:00:00,qualifying_9422
9480,1088,854,210,47,8,2022-09-03 13:00:00,qualifying_9423
9481,1088,852,213,22,9,2022-09-03 13:00:00,qualifying_9424
9482,1088,840,117,18,10,2022-09-03 13:00:00,qualifying_9425
9483,1088,842,213,10,11,2022-09-03 13:00:00,qualifying_9426
9484,1088,839,214,31,12,2022-09-03 13:00:00,qualifying_9427
9485,1088,4,214,14,13,2022-09-03 13:00:00,qualifying_9428
9486,1088,855,51,24,14,2022-09-03 13:00:00,qualifying_9429
9487,1088,848,3,23,15,2022-09-03 13:00:00,qualifying_9430
9488,1088,822,51,77,16,2022-09-03 13:00:00,qualifying_9431
9489,1088,817,1,3,17,2022-09-03 13:00:00,qualifying_9432
9490,1088,825,210,20,18,2022-09-03 13:00:00,qualifying_9433
9491,1088,20,117,5,19,2022-09-03 13:00:00,qualifying_9434
9492,1088,849,3,6,20,2022-09-03 13:00:00,qualifying_9435
9493,1089,844,6,16,1,2022-09-10 13:00:00,qualifying_9436
9494,1089,830,9,1,2,2022-09-10 13:00:00,qualifying_9437
9495,1089,832,6,55,3,2022-09-10 13:00:00,qualifying_9438
9496,1089,815,9,11,4,2022-09-10 13:00:00,qualifying_9439
9497,1089,1,131,44,5,2022-09-10 13:00:00,qualifying_9440
9498,1089,847,131,63,6,2022-09-10 13:00:00,qualifying_9441
9499,1089,846,1,4,7,2022-09-10 13:00:00,qualifying_9442
9500,1089,817,1,3,8,2022-09-10 13:00:00,qualifying_9443
9501,1089,842,213,10,9,2022-09-10 13:00:00,qualifying_9444
9502,1089,4,214,14,10,2022-09-10 13:00:00,qualifying_9445
9503,1089,839,214,31,11,2022-09-10 13:00:00,qualifying_9446
9504,1089,822,51,77,12,2022-09-10 13:00:00,qualifying_9447
9505,1089,856,3,45,13,2022-09-10 13:00:00,qualifying_9448
9506,1089,855,51,24,14,2022-09-10 13:00:00,qualifying_9449
9507,1089,852,213,22,15,2022-09-10 13:00:00,qualifying_9450
9508,1089,849,3,6,16,2022-09-10 13:00:00,qualifying_9451
9509,1089,20,117,5,17,2022-09-10 13:00:00,qualifying_9452
9510,1089,840,117,18,18,2022-09-10 13:00:00,qualifying_9453
9511,1089,825,210,20,19,2022-09-10 13:00:00,qualifying_9454
9512,1089,854,210,47,20,2022-09-10 13:00:00,qualifying_9455
9513,1091,844,6,16,1,2022-10-01 12:00:00,qualifying_9456
9514,1091,815,9,11,2,2022-10-01 12:00:00,qualifying_9457
9515,1091,1,131,44,3,2022-10-01 12:00:00,qualifying_9458
9516,1091,832,6,55,4,2022-10-01 12:00:00,qualifying_9459
9517,1091,4,214,14,5,2022-10-01 12:00:00,qualifying_9460
9518,1091,846,1,4,6,2022-10-01 12:00:00,qualifying_9461
9519,1091,842,213,10,7,2022-10-01 12:00:00,qualifying_9462
9520,1091,830,9,1,8,2022-10-01 12:00:00,qualifying_9463
9521,1091,825,210,20,9,2022-10-01 12:00:00,qualifying_9464
9522,1091,852,213,22,10,2022-10-01 12:00:00,qualifying_9465
9523,1091,847,131,63,11,2022-10-01 12:00:00,qualifying_9466
9524,1091,840,117,18,12,2022-10-01 12:00:00,qualifying_9467
9525,1091,854,210,47,13,2022-10-01 12:00:00,qualifying_9468
9526,1091,20,117,5,14,2022-10-01 12:00:00,qualifying_9469
9527,1091,855,51,24,15,2022-10-01 12:00:00,qualifying_9470
9528,1091,822,51,77,16,2022-10-01 12:00:00,qualifying_9471
9529,1091,817,1,3,17,2022-10-01 12:00:00,qualifying_9472
9530,1091,839,214,31,18,2022-10-01 12:00:00,qualifying_9473
9531,1091,848,3,23,19,2022-10-01 12:00:00,qualifying_9474
9532,1091,849,3,6,20,2022-10-01 12:00:00,qualifying_9475
9533,1092,830,9,1,1,2022-10-08 05:00:00,qualifying_9476
9534,1092,844,6,16,2,2022-10-08 05:00:00,qualifying_9477
9535,1092,832,6,55,3,2022-10-08 05:00:00,qualifying_9478
9536,1092,815,9,11,4,2022-10-08 05:00:00,qualifying_9479
9537,1092,839,214,31,5,2022-10-08 05:00:00,qualifying_9480
9538,1092,1,131,44,6,2022-10-08 05:00:00,qualifying_9481
9539,1092,4,214,14,7,2022-10-08 05:00:00,qualifying_9482
9540,1092,847,131,63,8,2022-10-08 05:00:00,qualifying_9483
9541,1092,20,117,5,9,2022-10-08 05:00:00,qualifying_9484
9542,1092,846,1,4,10,2022-10-08 05:00:00,qualifying_9485
9543,1092,817,1,3,11,2022-10-08 05:00:00,qualifying_9486
9544,1092,822,51,77,12,2022-10-08 05:00:00,qualifying_9487
9545,1092,852,213,22,13,2022-10-08 05:00:00,qualifying_9488
9546,1092,855,51,24,14,2022-10-08 05:00:00,qualifying_9489
9547,1092,854,210,47,15,2022-10-08 05:00:00,qualifying_9490
9548,1092,848,3,23,16,2022-10-08 05:00:00,qualifying_9491
9549,1092,842,213,10,17,2022-10-08 05:00:00,qualifying_9492
9550,1092,825,210,20,18,2022-10-08 05:00:00,qualifying_9493
9551,1092,840,117,18,19,2022-10-08 05:00:00,qualifying_9494
9552,1092,849,3,6,20,2022-10-08 05:00:00,qualifying_9495
9553,1093,832,6,55,1,2022-10-22 19:00:00,qualifying_9496
9554,1093,844,6,16,2,2022-10-22 19:00:00,qualifying_9497
9555,1093,830,9,1,3,2022-10-22 19:00:00,qualifying_9498
9556,1093,815,9,11,4,2022-10-22 19:00:00,qualifying_9499
9557,1093,1,131,44,5,2022-10-22 19:00:00,qualifying_9500
9558,1093,847,131,63,6,2022-10-22 19:00:00,qualifying_9501
9559,1093,840,117,18,7,2022-10-22 19:00:00,qualifying_9502
9560,1093,846,1,4,8,2022-10-22 19:00:00,qualifying_9503
9561,1093,4,214,14,9,2022-10-22 19:00:00,qualifying_9504
9562,1093,822,51,77,10,2022-10-22 19:00:00,qualifying_9505
9563,1093,848,3,23,11,2022-10-22 19:00:00,qualifying_9506
9564,1093,20,117,5,12,2022-10-22 19:00:00,qualifying_9507
9565,1093,842,213,10,13,2022-10-22 19:00:00,qualifying_9508
9566,1093,855,51,24,14,2022-10-22 19:00:00,qualifying_9509
9567,1093,852,213,22,15,2022-10-22 19:00:00,qualifying_9510
9568,1093,825,210,20,16,2022-10-22 19:00:00,qualifying_9511
9569,1093,817,1,3,17,2022-10-22 19:00:00,qualifying_9512
9570,1093,839,214,31,18,2022-10-22 19:00:00,qualifying_9513
9571,1093,854,210,47,19,2022-10-22 19:00:00,qualifying_9514
9572,1093,849,3,6,20,2022-10-22 19:00:00,qualifying_9515
9573,1094,830,9,1,1,2022-10-29 20:00:00,qualifying_9516
9574,1094,847,131,63,2,2022-10-29 20:00:00,qualifying_9517
9575,1094,1,131,44,3,2022-10-29 20:00:00,qualifying_9518
9576,1094,815,9,11,4,2022-10-29 20:00:00,qualifying_9519
9577,1094,832,6,55,5,2022-10-29 20:00:00,qualifying_9520
9578,1094,822,51,77,6,2022-10-29 20:00:00,qualifying_9521
9579,1094,844,6,16,7,2022-10-29 20:00:00,qualifying_9522
9580,1094,846,1,4,8,2022-10-29 20:00:00,qualifying_9523
9581,1094,4,214,14,9,2022-10-29 20:00:00,qualifying_9524
9582,1094,839,214,31,10,2022-10-29 20:00:00,qualifying_9525
9583,1094,817,1,3,11,2022-10-29 20:00:00,qualifying_9526
9584,1094,855,51,24,12,2022-10-29 20:00:00,qualifying_9527
9585,1094,852,213,22,13,2022-10-29 20:00:00,qualifying_9528
9586,1094,842,213,10,14,2022-10-29 20:00:00,qualifying_9529
9587,1094,825,210,20,15,2022-10-29 20:00:00,qualifying_9530
9588,1094,854,210,47,16,2022-10-29 20:00:00,qualifying_9531
9589,1094,20,117,5,17,2022-10-29 20:00:00,qualifying_9532
9590,1094,840,117,18,18,2022-10-29 20:00:00,qualifying_9533
9591,1094,848,3,23,19,2022-10-29 20:00:00,qualifying_9534
9592,1094,849,3,6,20,2022-10-29 20:00:00,qualifying_9535
9593,1095,825,210,20,1,2022-11-12 18:00:00,qualifying_9536
9594,1095,830,9,1,2,2022-11-12 18:00:00,qualifying_9537
9595,1095,847,131,63,3,2022-11-12 18:00:00,qualifying_9538
9596,1095,846,1,4,4,2022-11-12 18:00:00,qualifying_9539
9597,1095,832,6,55,5,2022-11-12 18:00:00,qualifying_9540
9598,1095,839,214,31,6,2022-11-12 18:00:00,qualifying_9541
9599,1095,4,214,14,7,2022-11-12 18:00:00,qualifying_9542
9600,1095,1,131,44,8,2022-11-12 18:00:00,qualifying_9543
9601,1095,815,9,11,9,2022-11-12 18:00:00,qualifying_9544
9602,1095,844,6,16,10,2022-11-12 18:00:00,qualifying_9545
9603,1095,848,3,23,11,2022-11-12 18:00:00,qualifying_9546
9604,1095,842,213,10,12,2022-11-12 18:00:00,qualifying_9547
9605,1095,20,117,5,13,2022-11-12 18:00:00,qualifying_9548
9606,1095,817,1,3,14,2022-11-12 18:00:00,qualifying_9549
9607,1095,849,3,6,16,2022-11-12 18:00:00,qualifying_9550
9608,1095,855,51,24,17,2022-11-12 18:00:00,qualifying_9551
9609,1095,822,51,77,18,2022-11-12 18:00:00,qualifying_9552
9610,1095,852,213,22,19,2022-11-12 18:00:00,qualifying_9553
9611,1095,854,210,47,20,2022-11-12 18:00:00,qualifying_9554
9612,1095,840,117,18,15,2022-11-12 18:00:00,qualifying_9555
9613,1096,830,9,1,1,2022-11-19 13:00:00,qualifying_9556
9614,1096,815,9,11,2,2022-11-19 13:00:00,qualifying_9557
9615,1096,844,6,16,3,2022-11-19 13:00:00,qualifying_9558
9616,1096,832,6,55,4,2022-11-19 13:00:00,qualifying_9559
9617,1096,1,131,44,5,2022-11-19 13:00:00,qualifying_9560
9618,1096,847,131,63,6,2022-11-19 13:00:00,qualifying_9561
9619,1096,846,1,4,7,2022-11-19 13:00:00,qualifying_9562
9620,1096,839,214,31,8,2022-11-19 13:00:00,qualifying_9563
9621,1096,20,117,5,9,2022-11-19 13:00:00,qualifying_9564
9622,1096,817,1,3,10,2022-11-19 13:00:00,qualifying_9565
9623,1096,4,214,14,11,2022-11-19 13:00:00,qualifying_9566
9624,1096,852,213,22,12,2022-11-19 13:00:00,qualifying_9567
9625,1096,854,210,47,13,2022-11-19 13:00:00,qualifying_9568
9626,1096,840,117,18,14,2022-11-19 13:00:00,qualifying_9569
9627,1096,855,51,24,15,2022-11-19 13:00:00,qualifying_9570
9628,1096,825,210,20,16,2022-11-19 13:00:00,qualifying_9571
9629,1096,842,213,10,17,2022-11-19 13:00:00,qualifying_9572
9630,1096,822,51,77,18,2022-11-19 13:00:00,qualifying_9573
9631,1096,848,3,23,19,2022-11-19 13:00:00,qualifying_9574
9632,1096,849,3,6,20,2022-11-19 13:00:00,qualifying_9575
9633,1098,830,9,1,1,2023-03-04 15:00:00,qualifying_9576
9634,1098,815,9,11,2,2023-03-04 15:00:00,qualifying_9577
9635,1098,844,6,16,3,2023-03-04 15:00:00,qualifying_9578
9636,1098,832,6,55,4,2023-03-04 15:00:00,qualifying_9579
9637,1098,4,117,14,5,2023-03-04 15:00:00,qualifying_9580
9638,1098,847,131,63,6,2023-03-04 15:00:00,qualifying_9581
9639,1098,1,131,44,7,2023-03-04 15:00:00,qualifying_9582
9640,1098,840,117,18,8,2023-03-04 15:00:00,qualifying_9583
9641,1098,839,214,31,9,2023-03-04 15:00:00,qualifying_9584
9642,1098,807,210,27,10,2023-03-04 15:00:00,qualifying_9585
9643,1098,846,1,4,11,2023-03-04 15:00:00,qualifying_9586
9644,1098,822,51,77,12,2023-03-04 15:00:00,qualifying_9587
9645,1098,855,51,24,13,2023-03-04 15:00:00,qualifying_9588
9646,1098,852,213,22,14,2023-03-04 15:00:00,qualifying_9589
9647,1098,848,3,23,15,2023-03-04 15:00:00,qualifying_9590
9648,1098,858,3,2,16,2023-03-04 15:00:00,qualifying_9591
9649,1098,825,210,20,17,2023-03-04 15:00:00,qualifying_9592
9650,1098,857,1,81,18,2023-03-04 15:00:00,qualifying_9593
9651,1098,856,213,21,19,2023-03-04 15:00:00,qualifying_9594
9652,1098,842,214,10,20,2023-03-04 15:00:00,qualifying_9595
9653,1099,815,9,11,1,2023-03-18 17:00:00,qualifying_9596
9654,1099,844,6,16,2,2023-03-18 17:00:00,qualifying_9597
9655,1099,4,117,14,3,2023-03-18 17:00:00,qualifying_9598
9656,1099,847,131,63,4,2023-03-18 17:00:00,qualifying_9599
9657,1099,832,6,55,5,2023-03-18 17:00:00,qualifying_9600
9658,1099,840,117,18,6,2023-03-18 17:00:00,qualifying_9601
9659,1099,839,214,31,7,2023-03-18 17:00:00,qualifying_9602
9660,1099,1,131,44,8,2023-03-18 17:00:00,qualifying_9603
9661,1099,857,1,81,9,2023-03-18 17:00:00,qualifying_9604
9662,1099,842,214,10,10,2023-03-18 17:00:00,qualifying_9605
9663,1099,807,210,27,11,2023-03-18 17:00:00,qualifying_9606
9664,1099,855,51,24,12,2023-03-18 17:00:00,qualifying_9607
9665,1099,825,210,20,13,2023-03-18 17:00:00,qualifying_9608
9666,1099,822,51,77,14,2023-03-18 17:00:00,qualifying_9609
9667,1099,830,9,1,15,2023-03-18 17:00:00,qualifying_9610
9668,1099,852,213,22,16,2023-03-18 17:00:00,qualifying_9611
9669,1099,848,3,23,17,2023-03-18 17:00:00,qualifying_9612
9670,1099,856,213,21,18,2023-03-18 17:00:00,qualifying_9613
9671,1099,846,1,4,19,2023-03-18 17:00:00,qualifying_9614
9672,1099,858,3,2,20,2023-03-18 17:00:00,qualifying_9615
9673,1100,830,9,1,1,2023-04-01 05:00:00,qualifying_9616
9674,1100,847,131,63,2,2023-04-01 05:00:00,qualifying_9617
9675,1100,1,131,44,3,2023-04-01 05:00:00,qualifying_9618
9676,1100,4,117,14,4,2023-04-01 05:00:00,qualifying_9619
9677,1100,832,6,55,5,2023-04-01 05:00:00,qualifying_9620
9678,1100,840,117,18,6,2023-04-01 05:00:00,qualifying_9621
9679,1100,844,6,16,7,2023-04-01 05:00:00,qualifying_9622
9680,1100,848,3,23,8,2023-04-01 05:00:00,qualifying_9623
9681,1100,842,214,10,9,2023-04-01 05:00:00,qualifying_9624
9682,1100,807,210,27,10,2023-04-01 05:00:00,qualifying_9625
9683,1100,839,214,31,11,2023-04-01 05:00:00,qualifying_9626
9684,1100,852,213,22,12,2023-04-01 05:00:00,qualifying_9627
9685,1100,846,1,4,13,2023-04-01 05:00:00,qualifying_9628
9686,1100,825,210,20,14,2023-04-01 05:00:00,qualifying_9629
9687,1100,856,213,21,15,2023-04-01 05:00:00,qualifying_9630
9688,1100,857,1,81,16,2023-04-01 05:00:00,qualifying_9631
9689,1100,855,51,24,17,2023-04-01 05:00:00,qualifying_9632
9690,1100,858,3,2,18,2023-04-01 05:00:00,qualifying_9633
9691,1100,822,51,77,19,2023-04-01 05:00:00,qualifying_9634
9692,1100,815,9,11,20,2023-04-01 05:00:00,qualifying_9635
9693,1101,844,6,16,1,2023-04-29 11:00:00,qualifying_9636
9694,1101,830,9,1,2,2023-04-29 11:00:00,qualifying_9637
9695,1101,815,9,11,3,2023-04-29 11:00:00,qualifying_9638
9696,1101,832,6,55,4,2023-04-29 11:00:00,qualifying_9639
9697,1101,1,131,44,5,2023-04-29 11:00:00,qualifying_9640
9698,1101,4,117,14,6,2023-04-29 11:00:00,qualifying_9641
9699,1101,846,1,4,7,2023-04-29 11:00:00,qualifying_9642
9700,1101,852,213,22,8,2023-04-29 11:00:00,qualifying_9643
9701,1101,840,117,18,9,2023-04-29 11:00:00,qualifying_9644
9702,1101,857,1,81,10,2023-04-29 11:00:00,qualifying_9645
9703,1101,847,131,63,11,2023-04-29 11:00:00,qualifying_9646
9704,1101,839,214,31,12,2023-04-29 11:00:00,qualifying_9647
9705,1101,848,3,23,13,2023-04-29 11:00:00,qualifying_9648
9706,1101,822,51,77,14,2023-04-29 11:00:00,qualifying_9649
9707,1101,858,3,2,15,2023-04-29 11:00:00,qualifying_9650
9708,1101,855,51,24,16,2023-04-29 11:00:00,qualifying_9651
9709,1101,807,210,27,17,2023-04-29 11:00:00,qualifying_9652
9710,1101,825,210,20,18,2023-04-29 11:00:00,qualifying_9653
9711,1101,842,214,10,19,2023-04-29 11:00:00,qualifying_9654
9712,1101,856,213,21,20,2023-04-29 11:00:00,qualifying_9655
9713,1102,815,9,11,1,2023-05-06 19:30:00,qualifying_9656
9714,1102,4,117,14,2,2023-05-06 19:30:00,qualifying_9657
9715,1102,832,6,55,3,2023-05-06 19:30:00,qualifying_9658
9716,1102,825,210,20,4,2023-05-06 19:30:00,qualifying_9659
9717,1102,842,214,10,5,2023-05-06 19:30:00,qualifying_9660
9718,1102,847,131,63,6,2023-05-06 19:30:00,qualifying_9661
9719,1102,844,6,16,7,2023-05-06 19:30:00,qualifying_9662
9720,1102,839,214,31,8,2023-05-06 19:30:00,qualifying_9663
9721,1102,830,9,1,9,2023-05-06 19:30:00,qualifying_9664
9722,1102,822,51,77,10,2023-05-06 19:30:00,qualifying_9665
9723,1102,848,3,23,11,2023-05-06 19:30:00,qualifying_9666
9724,1102,807,210,27,12,2023-05-06 19:30:00,qualifying_9667
9725,1102,1,131,44,13,2023-05-06 19:30:00,qualifying_9668
9726,1102,855,51,24,14,2023-05-06 19:30:00,qualifying_9669
9727,1102,856,213,21,15,2023-05-06 19:30:00,qualifying_9670
9728,1102,846,1,4,16,2023-05-06 19:30:00,qualifying_9671
9729,1102,852,213,22,17,2023-05-06 19:30:00,qualifying_9672
9730,1102,840,117,18,18,2023-05-06 19:30:00,qualifying_9673
9731,1102,857,1,81,19,2023-05-06 19:30:00,qualifying_9674
9732,1102,858,3,2,20,2023-05-06 19:30:00,qualifying_9675
9733,1104,830,9,1,1,2023-05-27 13:00:00,qualifying_9676
9734,1104,4,117,14,2,2023-05-27 13:00:00,qualifying_9677
9735,1104,844,6,16,3,2023-05-27 13:00:00,qualifying_9678
9736,1104,839,214,31,4,2023-05-27 13:00:00,qualifying_9679
9737,1104,832,6,55,5,2023-05-27 13:00:00,qualifying_9680
9738,1104,1,131,44,6,2023-05-27 13:00:00,qualifying_9681
9739,1104,842,214,10,7,2023-05-27 13:00:00,qualifying_9682
9740,1104,847,131,63,8,2023-05-27 13:00:00,qualifying_9683
9741,1104,852,213,22,9,2023-05-27 13:00:00,qualifying_9684
9742,1104,846,1,4,10,2023-05-27 13:00:00,qualifying_9685
9743,1104,857,1,81,11,2023-05-27 13:00:00,qualifying_9686
9744,1104,856,213,21,12,2023-05-27 13:00:00,qualifying_9687
9745,1104,848,3,23,13,2023-05-27 13:00:00,qualifying_9688
9746,1104,840,117,18,14,2023-05-27 13:00:00,qualifying_9689
9747,1104,822,51,77,15,2023-05-27 13:00:00,qualifying_9690
9748,1104,858,3,2,16,2023-05-27 13:00:00,qualifying_9691
9749,1104,825,210,20,17,2023-05-27 13:00:00,qualifying_9692
9750,1104,807,210,27,18,2023-05-27 13:00:00,qualifying_9693
9751,1104,855,51,24,19,2023-05-27 13:00:00,qualifying_9694
9752,1104,815,9,11,20,2023-05-27 13:00:00,qualifying_9695
9753,1105,830,9,1,1,2023-06-03 13:00:00,qualifying_9696
9754,1105,832,6,55,2,2023-06-03 13:00:00,qualifying_9697
9755,1105,846,1,4,3,2023-06-03 13:00:00,qualifying_9698
9756,1105,842,214,10,4,2023-06-03 13:00:00,qualifying_9699
9757,1105,1,131,44,5,2023-06-03 13:00:00,qualifying_9700
9758,1105,840,117,18,6,2023-06-03 13:00:00,qualifying_9701
9759,1105,839,214,31,7,2023-06-03 13:00:00,qualifying_9702
9760,1105,807,210,27,8,2023-06-03 13:00:00,qualifying_9703
9761,1105,4,117,14,9,2023-06-03 13:00:00,qualifying_9704
9762,1105,857,1,81,10,2023-06-03 13:00:00,qualifying_9705
9763,1105,815,9,11,11,2023-06-03 13:00:00,qualifying_9706
9764,1105,847,131,63,12,2023-06-03 13:00:00,qualifying_9707
9765,1105,855,51,24,13,2023-06-03 13:00:00,qualifying_9708
9766,1105,856,213,21,14,2023-06-03 13:00:00,qualifying_9709
9767,1105,852,213,22,15,2023-06-03 13:00:00,qualifying_9710
9768,1105,822,51,77,16,2023-06-03 13:00:00,qualifying_9711
9769,1105,825,210,20,17,2023-06-03 13:00:00,qualifying_9712
9770,1105,848,3,23,18,2023-06-03 13:00:00,qualifying_9713
9771,1105,844,6,16,19,2023-06-03 13:00:00,qualifying_9714
9772,1105,858,3,2,20,2023-06-03 13:00:00,qualifying_9715
9773,1106,830,9,1,1,2023-06-17 18:00:00,qualifying_9716
9774,1106,807,210,27,2,2023-06-17 18:00:00,qualifying_9717
9775,1106,4,117,14,3,2023-06-17 18:00:00,qualifying_9718
9776,1106,1,131,44,4,2023-06-17 18:00:00,qualifying_9719
9777,1106,847,131,63,5,2023-06-17 18:00:00,qualifying_9720
9778,1106,839,214,31,6,2023-06-17 18:00:00,qualifying_9721
9779,1106,846,1,4,7,2023-06-17 18:00:00,qualifying_9722
9780,1106,832,6,55,8,2023-06-17 18:00:00,qualifying_9723
9781,1106,857,1,81,9,2023-06-17 18:00:00,qualifying_9724
9782,1106,848,3,23,10,2023-06-17 18:00:00,qualifying_9725
9783,1106,844,6,16,11,2023-06-17 18:00:00,qualifying_9726
9784,1106,815,9,11,12,2023-06-17 18:00:00,qualifying_9727
9785,1106,840,117,18,13,2023-06-17 18:00:00,qualifying_9728
9786,1106,825,210,20,14,2023-06-17 18:00:00,qualifying_9729
9787,1106,822,51,77,15,2023-06-17 18:00:00,qualifying_9730
9788,1106,852,213,22,16,2023-06-17 18:00:00,qualifying_9731
9789,1106,842,214,10,17,2023-06-17 18:00:00,qualifying_9732
9790,1106,856,213,21,18,2023-06-17 18:00:00,qualifying_9733
9791,1106,858,3,2,19,2023-06-17 18:00:00,qualifying_9734
9792,1106,855,51,24,20,2023-06-17 18:00:00,qualifying_9735
9793,1107,830,9,1,1,2023-07-01 13:00:00,qualifying_9736
9794,1107,844,6,16,2,2023-07-01 13:00:00,qualifying_9737
9795,1107,832,6,55,3,2023-07-01 13:00:00,qualifying_9738
9796,1107,846,1,4,4,2023-07-01 13:00:00,qualifying_9739
9797,1107,1,131,44,5,2023-07-01 13:00:00,qualifying_9740
9798,1107,840,117,18,6,2023-07-01 13:00:00,qualifying_9741
9799,1107,4,117,14,7,2023-07-01 13:00:00,qualifying_9742
9800,1107,807,210,27,8,2023-07-01 13:00:00,qualifying_9743
9801,1107,842,214,10,9,2023-07-01 13:00:00,qualifying_9744
9802,1107,848,3,23,10,2023-07-01 13:00:00,qualifying_9745
9803,1107,847,131,63,11,2023-07-01 13:00:00,qualifying_9746
9804,1107,839,214,31,12,2023-07-01 13:00:00,qualifying_9747
9805,1107,857,1,81,13,2023-07-01 13:00:00,qualifying_9748
9806,1107,822,51,77,14,2023-07-01 13:00:00,qualifying_9749
9807,1107,815,9,11,15,2023-07-01 13:00:00,qualifying_9750
9808,1107,852,213,22,16,2023-07-01 13:00:00,qualifying_9751
9809,1107,855,51,24,17,2023-07-01 13:00:00,qualifying_9752
9810,1107,858,3,2,18,2023-07-01 13:00:00,qualifying_9753
9811,1107,825,210,20,19,2023-07-01 13:00:00,qualifying_9754
9812,1107,856,213,21,20,2023-07-01 13:00:00,qualifying_9755
9813,1108,830,9,1,1,2023-07-08 14:00:00,qualifying_9756
9814,1108,846,1,4,2,2023-07-08 14:00:00,qualifying_9757
9815,1108,857,1,81,3,2023-07-08 14:00:00,qualifying_9758
9816,1108,844,6,16,4,2023-07-08 14:00:00,qualifying_9759
9817,1108,832,6,55,5,2023-07-08 14:00:00,qualifying_9760
9818,1108,847,131,63,6,2023-07-08 14:00:00,qualifying_9761
9819,1108,1,131,44,7,2023-07-08 14:00:00,qualifying_9762
9820,1108,848,3,23,8,2023-07-08 14:00:00,qualifying_9763
9821,1108,4,117,14,9,2023-07-08 14:00:00,qualifying_9764
9822,1108,842,214,10,10,2023-07-08 14:00:00,qualifying_9765
9823,1108,807,210,27,11,2023-07-08 14:00:00,qualifying_9766
9824,1108,840,117,18,12,2023-07-08 14:00:00,qualifying_9767
9825,1108,839,214,31,13,2023-07-08 14:00:00,qualifying_9768
9826,1108,858,3,2,14,2023-07-08 14:00:00,qualifying_9769
9827,1108,822,51,77,15,2023-07-08 14:00:00,qualifying_9770
9828,1108,815,9,11,16,2023-07-08 14:00:00,qualifying_9771
9829,1108,852,213,22,17,2023-07-08 14:00:00,qualifying_9772
9830,1108,855,51,24,18,2023-07-08 14:00:00,qualifying_9773
9831,1108,856,213,21,19,2023-07-08 14:00:00,qualifying_9774
9832,1108,825,210,20,20,2023-07-08 14:00:00,qualifying_9775
9833,1109,1,131,44,1,2023-07-22 13:00:00,qualifying_9776
9834,1109,830,9,1,2,2023-07-22 13:00:00,qualifying_9777
9835,1109,846,1,4,3,2023-07-22 13:00:00,qualifying_9778
9836,1109,857,1,81,4,2023-07-22 13:00:00,qualifying_9779
9837,1109,855,51,24,5,2023-07-22 13:00:00,qualifying_9780
9838,1109,844,6,16,6,2023-07-22 13:00:00,qualifying_9781
9839,1109,822,51,77,7,2023-07-22 13:00:00,qualifying_9782
9840,1109,4,117,14,8,2023-07-22 13:00:00,qualifying_9783
9841,1109,815,9,11,9,2023-07-22 13:00:00,qualifying_9784
9842,1109,807,210,27,10,2023-07-22 13:00:00,qualifying_9785
9843,1109,832,6,55,11,2023-07-22 13:00:00,qualifying_9786
9844,1109,839,214,31,12,2023-07-22 13:00:00,qualifying_9787
9845,1109,817,213,3,13,2023-07-22 13:00:00,qualifying_9788
9846,1109,840,117,18,14,2023-07-22 13:00:00,qualifying_9789
9847,1109,842,214,10,15,2023-07-22 13:00:00,qualifying_9790
9848,1109,848,3,23,16,2023-07-22 13:00:00,qualifying_9791
9849,1109,852,213,22,17,2023-07-22 13:00:00,qualifying_9792
9850,1109,847,131,63,18,2023-07-22 13:00:00,qualifying_9793
9851,1109,825,210,20,19,2023-07-22 13:00:00,qualifying_9794
9852,1109,858,3,2,20,2023-07-22 13:00:00,qualifying_9795
9853,1110,830,9,1,1,2023-07-29 13:00:00,qualifying_9796
9854,1110,844,6,16,2,2023-07-29 13:00:00,qualifying_9797
9855,1110,815,9,11,3,2023-07-29 13:00:00,qualifying_9798
9856,1110,1,131,44,4,2023-07-29 13:00:00,qualifying_9799
9857,1110,832,6,55,5,2023-07-29 13:00:00,qualifying_9800
9858,1110,857,1,81,6,2023-07-29 13:00:00,qualifying_9801
9859,1110,846,1,4,7,2023-07-29 13:00:00,qualifying_9802
9860,1110,847,131,63,8,2023-07-29 13:00:00,qualifying_9803
9861,1110,4,117,14,9,2023-07-29 13:00:00,qualifying_9804
9862,1110,840,117,18,10,2023-07-29 13:00:00,qualifying_9805
9863,1110,852,213,22,11,2023-07-29 13:00:00,qualifying_9806
9864,1110,842,214,10,12,2023-07-29 13:00:00,qualifying_9807
9865,1110,825,210,20,13,2023-07-29 13:00:00,qualifying_9808
9866,1110,822,51,77,14,2023-07-29 13:00:00,qualifying_9809
9867,1110,839,214,31,15,2023-07-29 13:00:00,qualifying_9810
9868,1110,848,3,23,16,2023-07-29 13:00:00,qualifying_9811
9869,1110,855,51,24,17,2023-07-29 13:00:00,qualifying_9812
9870,1110,858,3,2,18,2023-07-29 13:00:00,qualifying_9813
9871,1110,817,213,3,19,2023-07-29 13:00:00,qualifying_9814
9872,1110,807,210,27,20,2023-07-29 13:00:00,qualifying_9815
